20814

1 0.684826
2 0.73912
3 0.680492
4 0.722559
5 0.931811
6 0.939094
7 0.723972
8 0.748122
9 0.659573
10 0.814091
11 0.763929
12 0.938792
13 0.786845
14 0.896007
15 0.774277
16 0.919007
17 0.8394
18 0.763277
19 0.929047
20 0.919447
21 0.588972
22 0.835614
23 0.702306
24 0.676316
25 0.932001
26 0.925724
27 0.774289
28 0.715675
29 0.821149
30 0.59481
31 0.932332
32 0.937302
33 0.97653
34 0.929992
35 0.842251
36 0.879533
37 0.929851
38 0.872951
39 0.724306
40 0.901361
41 0.704295
42 0.696891
43 0.92634
44 0.900974
45 0.585075
46 0.958501
47 0.947254
48 0.619736
49 0.895105
50 0.785517
51 0.763974
52 0.773797
53 0.934209
54 0.835427
55 0.70283
56 0.781762
57 0.717961
58 0.60846
59 0.950822
60 0.908421
61 0.693393
62 0.975452
63 0.957288
64 0.78865
65 0.746047
66 0.665709
67 0.79535
68 0.937289
69 0.680748
70 0.62016
71 0.979838
72 0.602047
73 0.631877
74 0.732071
75 0.90445
76 0.99396
77 0.778506
78 0.918348
79 0.575773
80 0.921501
81 0.995119
82 0.912745
83 0.881151
84 0.80738
85 0.800572
86 0.939064
87 0.931091
88 0.770459
89 0.817411
90 0.726692
91 0.970809
92 0.925314
93 0.762189
94 0.898075
95 0.750376
96 0.774744
97 0.923157
98 0.71831
99 0.945524
100 0.9393
101 0.887041
102 0.927771
103 0.917888
104 0.902353
105 0.922991
106 0.76393
107 0.677922
108 0.709162
109 0.919691
110 0.942564
111 0.677263
112 0.57548
113 0.690959
114 0.951822
115 0.754163
116 0.785852
117 0.916944
118 0.745709
119 0.702046
120 0.941667
121 0.621916
122 0.720697
123 0.696093
124 0.941612
125 0.734797
126 0.745762
127 0.711393
128 0.743943
129 0.750594
130 0.732361
131 0.97907
132 0.776505
133 0.774488
134 0.708248
135 0.749916
136 0.744781
137 0.729212
138 0.7163
139 0.745721
140 0.829971
141 0.750138
142 0.709996
143 0.675379
144 0.969687
145 0.706386
146 0.661433
147 0.665564
148 0.697601
149 0.815004
150 0.898897
151 0.628497
152 0.754377
153 0.752546
154 0.703627
155 0.749356
156 0.663716
157 0.749411
158 0.773187
159 0.702381
160 0.772189
161 0.831975
162 0.925812
163 0.729074
164 0.739303
165 0.741863
166 0.619963
167 0.712779
168 0.746006
169 0.624478
170 0.72564
171 0.627354
172 0.754708
173 0.692094
174 0.657709
175 0.632199
176 0.70483
177 0.783743
178 0.635785
179 0.68247
180 0.528462
181 0.740536
182 0.72601
183 0.623262
184 0.481087
185 0.793524
186 0.699023
187 0.825217
188 0.785305
189 0.747837
190 0.604441
191 0.62773
192 0.782902
193 0.7608
194 0.659301
195 0.696073
196 0.77279
197 0.744884
198 0.747796
199 0.625382
200 0.772485
201 0.831712
202 0.627964
203 0.554596
204 0.637205
205 0.686651
206 0.798073
207 0.744152
208 0.79454
209 0.677661
210 0.762916
211 0.631784
212 0.723421
213 0.684357
214 0.682047
215 0.94612
216 0.706214
217 0.706603
218 0.951153
219 0.797643
220 0.70752
221 0.724558
222 0.739017
223 0.763962
224 0.934268
225 0.81803
226 0.723403
227 0.919448
228 0.589983
229 0.922245
230 0.634101
231 0.75355
232 0.662849
233 0.901303
234 0.665193
235 0.859557
236 0.866512
237 0.884221
238 0.917538
239 0.939463
240 0.912882
241 0.843147
242 0.57741
243 0.908718
244 0.768821
245 0.931454
246 0.883758
247 0.894525
248 0.910686
249 0.740853
250 0.79377
251 0.628967
252 0.918187
253 0.746013
254 0.740647
255 0.886905
256 0.919647
257 0.802539
258 0.941254
259 0.946691
260 0.620716
261 0.568153
262 0.713718
263 0.723979
264 0.780024
265 0.836655
266 0.671376
267 0.916092
268 0.882986
269 0.623339
270 0.583706
271 0.745068
272 0.954643
273 0.749356
274 0.932375
275 0.762249
276 0.715598
277 0.493608
278 0.823249
279 0.699094
280 0.900497
281 0.753566
282 0.699732
283 0.863496
284 0.695478
285 0.897675
286 0.98978
287 0.884528
288 0.812442
289 0.649007
290 0.947504
291 0.67699
292 0.746081
293 0.816988
294 0.915831
295 0.859918
296 0.543753
297 0.946757
298 0.673917
299 0.660894
300 0.697117
301 0.95163
302 0.973153
303 0.566114
304 0.929932
305 0.944361
306 0.672371
307 0.804006
308 0.673288
309 0.623905
310 0.917348
311 0.937009
312 0.793539
313 0.770161
314 0.715457
315 0.969839
316 0.804209
317 0.933586
318 0.922712
319 0.957789
320 0.757712
321 0.51369
322 0.94378
323 0.631339
324 0.821676
325 0.726739
326 0.693646
327 0.73018
328 0.753363
329 0.741116
330 0.73893
331 0.711562
332 0.747308
333 0.659654
334 0.745487
335 0.728377
336 0.981134
337 0.711466
338 0.721917
339 0.769286
340 0.788452
341 0.847946
342 0.716858
343 0.69385
344 0.774034
345 0.970778
346 0.805231
347 0.907052
348 0.817761
349 0.775673
350 0.90354
351 0.738234
352 0.978265
353 0.669071
354 0.940732
355 0.760012
356 0.75633
357 0.610553
358 0.694304
359 0.69158
360 0.790414
361 0.765509
362 0.686229
363 0.674101
364 0.662951
365 0.738461
366 0.78042
367 0.663161
368 0.624772
369 0.666084
370 0.744838
371 0.631448
372 0.705568
373 0.721138
374 0.734682
375 0.884128
376 0.698985
377 0.780721
378 0.953282
379 0.81609
380 0.726904
381 0.963444
382 0.88232
383 0.832233
384 0.717846
385 0.633511
386 0.657195
387 0.646911
388 0.705279
389 0.710402
390 0.767466
391 0.761066
392 0.681588
393 0.597493
394 0.74493
395 0.72708
396 0.797502
397 0.834236
398 0.848601
399 0.746483
400 0.746051
401 0.882299
402 0.915057
403 0.741084
404 0.845167
405 0.608632
406 0.869526
407 0.721547
408 0.784227
409 0.834422
410 0.813855
411 0.714231
412 0.657169
413 0.706849
414 0.587633
415 0.672573
416 0.642581
417 0.647795
418 0.913959
419 0.718359
420 0.832743
421 0.756929
422 0.789521
423 0.777644
424 0.667647
425 0.714191
426 0.554487
427 0.789957
428 0.655693
429 0.710523
430 0.770701
431 0.697255
432 0.739734
433 0.658713
434 0.717191
435 0.661244
436 0.746455
437 0.803877
438 0.875418
439 0.913866
440 0.916838
441 0.945274
442 0.715968
443 0.712726
444 0.910023
445 0.817744
446 0.785424
447 0.758919
448 0.802269
449 0.954831
450 0.684756
451 0.716166
452 0.621463
453 0.714078
454 0.942931
455 0.942886
456 0.720748
457 0.721905
458 0.655311
459 0.816707
460 0.758598
461 0.807904
462 0.734241
463 0.940875
464 0.909888
465 0.93313
466 0.895051
467 0.603368
468 0.712311
469 0.913727
470 0.805815
471 0.939677
472 0.574317
473 0.638715
474 0.921343
475 0.797152
476 0.939987
477 0.878864
478 0.751603
479 0.890411
480 0.937421
481 0.876782
482 0.761822
483 0.934615
484 0.928423
485 0.723483
486 0.946828
487 0.619541
488 0.916178
489 0.841741
490 0.594118
491 0.749805
492 0.79236
493 0.77008
494 0.764079
495 0.938127
496 0.837242
497 0.937381
498 0.915408
499 0.813775
500 0.676602
501 0.922626
502 0.951458
503 0.963775
504 0.698557
505 0.924736
506 0.9606
507 0.766991
508 0.953808
509 0.980726
510 0.900811
511 0.788414
512 0.953008
513 0.681587
514 0.967246
515 0.974087
516 0.873415
517 0.987398
518 0.902778
519 0.976863
520 0.786935
521 0.954686
522 0.836868
523 0.76628
524 0.935261
525 0.709631
526 0.964722
527 0.670992
528 0.996429
529 0.640822
530 0.916961
531 0.967541
532 0.730366
533 0.972305
534 0.667753
535 0.945869
536 0.648107
537 0.824623
538 0.744835
539 0.846958
540 0.92395
541 0.602817
542 0.647233
543 0.754391
544 0.967127
545 0.868087
546 0.987753
547 0.850235
548 0.860039
549 0.781489
550 0.831573
551 0.822561
552 0.806207
553 0.900614
554 0.92964
555 0.813517
556 0.785711
557 0.826062
558 0.948764
559 0.889863
560 0.675578
561 0.788168
562 0.869438
563 0.945806
564 0.928008
565 0.782458
566 0.655826
567 0.905655
568 0.66319
569 0.710174
570 0.775922
571 0.73054
572 0.710179
573 0.742215
574 0.751327
575 0.751393
576 0.760065
577 0.676937
578 0.725649
579 0.682851
580 0.664386
581 0.76281
582 0.739524
583 0.67526
584 0.813094
585 0.74986
586 0.723325
587 0.739511
588 0.616584
589 0.741651
590 0.631719
591 0.780146
592 0.778623
593 0.739859
594 0.665891
595 0.669072
596 0.755463
597 0.643516
598 0.705012
599 0.742835
600 0.765952
601 0.603822
602 0.724655
603 0.782604
604 0.877922
605 0.927461
606 0.900193
607 0.801578
608 0.978313
609 0.956133
610 0.866163
611 0.660994
612 0.619676
613 0.899766
614 0.736777
615 0.88887
616 0.904151
617 0.732786
618 0.879747
619 0.875022
620 0.514337
621 0.830882
622 0.482131
623 0.574567
624 0.751566
625 0.589886
626 0.665393
627 0.784398
628 0.719826
629 0.732069
630 0.724474
631 0.957231
632 0.822486
633 0.758516
634 0.752504
635 0.696398
636 0.70139
637 0.928647
638 0.735289
639 0.981081
640 0.907701
641 0.792067
642 0.79122
643 0.921607
644 0.975907
645 0.986812
646 0.675926
647 0.792758
648 0.725504
649 0.753269
650 0.817339
651 0.797728
652 0.892007
653 0.849578
654 0.798144
655 0.791693
656 0.878574
657 0.868164
658 0.876347
659 0.848373
660 0.764544
661 0.907976
662 0.937135
663 0.828673
664 0.848522
665 0.750771
666 0.870227
667 0.900567
668 0.901624
669 0.861988
670 0.811501
671 0.811363
672 0.796139
673 0.772621
674 0.508272
675 0.718341
676 0.893268
677 0.854275
678 0.857211
679 0.869575
680 0.905712
681 0.78277
682 0.818418
683 0.903503
684 0.778605
685 0.85956
686 0.880568
687 0.877194
688 0.704807
689 0.881367
690 0.65335
691 0.891152
692 0.793269
693 0.83273
694 0.909345
695 0.852749
696 0.841756
697 0.92786
698 0.908455
699 0.881717
700 0.891958
701 0.913847
702 0.891613
703 0.922634
704 0.816021
705 0.856867
706 0.806839
707 0.716633
708 0.736157
709 0.924504
710 0.896487
711 0.797335
712 0.988869
713 0.887622
714 0.543141
715 0.807497
716 0.825216
717 0.835813
718 0.651246
719 0.849258
720 0.905264
721 0.897653
722 0.847866
723 0.782819
724 0.781212
725 0.866676
726 0.826413
727 0.880993
728 0.886599
729 0.56708
730 0.845047
731 0.769355
732 0.802931
733 0.808916
734 0.882713
735 0.79821
736 0.791401
737 0.770535
738 0.775517
739 0.80973
740 0.877868
741 0.891143
742 0.891185
743 0.821763
744 0.763457
745 0.946735
746 0.896391
747 0.778053
748 0.858954
749 0.782103
750 0.824419
751 0.822972
752 0.914792
753 0.917414
754 0.862853
755 0.781155
756 0.819609
757 0.605785
758 0.813738
759 0.912936
760 0.683589
761 0.923585
762 0.849347
763 0.923276
764 0.896525
765 0.766674
766 0.856286
767 0.710978
768 0.887216
769 0.871493
770 0.90271
771 0.859776
772 0.922295
773 0.7464
774 0.889889
775 0.677764
776 0.92392
777 0.872938
778 0.872024
779 0.91025
780 0.803412
781 0.755931
782 0.893838
783 0.388747
784 0.899261
785 0.887733
786 0.647324
787 0.470141
788 0.871843
789 0.486453
790 0.844482
791 0.916555
792 0.862269
793 0.851528
794 0.899919
795 0.857629
796 0.854738
797 0.710601
798 0.84569
799 0.841587
800 0.835572
801 0.887608
802 0.890042
803 0.858695
804 0.839962
805 0.919593
806 0.827108
807 0.870427
808 0.965306
809 0.878194
810 0.800649
811 0.865214
812 0.918174
813 0.7864
814 0.923308
815 0.826349
816 0.653588
817 0.73187
818 0.917373
819 0.814628
820 0.77464
821 0.738
822 0.840717
823 0.92279
824 0.751843
825 0.814567
826 0.742584
827 0.764054
828 0.825972
829 0.871241
830 0.8902
831 0.791128
832 0.901573
833 0.851409
834 0.876702
835 0.85974
836 0.856953
837 0.817331
838 0.915382
839 0.933637
840 0.475193
841 0.823797
842 0.903626
843 0.875115
844 0.906186
845 0.750519
846 0.838903
847 0.79071
848 0.857238
849 0.771134
850 0.859075
851 0.862192
852 0.916425
853 0.9052
854 0.914286
855 0.857125
856 0.914429
857 0.899063
858 0.819369
859 0.918956
860 0.762501
861 0.873581
862 0.905171
863 0.84522
864 0.903555
865 0.860964
866 0.867016
867 0.924832
868 0.829203
869 0.910986
870 0.898004
871 0.909038
872 0.880166
873 0.928309
874 0.909037
875 0.86081
876 0.862866
877 0.896019
878 0.771932
879 0.892927
880 0.887258
881 0.787021
882 0.805108
883 0.809232
884 0.832407
885 0.789268
886 0.871863
887 0.748327
888 0.850884
889 0.868818
890 0.824795
891 0.854299
892 0.805788
893 0.869159
894 0.86068
895 0.885185
896 0.858578
897 0.484548
898 0.867223
899 0.890925
900 0.848613
901 0.858987
902 0.89867
903 0.950667
904 0.824321
905 0.908097
906 0.875676
907 0.751018
908 0.826786
909 0.821534
910 0.868868
911 0.90663
912 0.8456
913 0.870761
914 0.822622
915 0.814359
916 0.75965
917 0.781753
918 0.831291
919 0.96555
920 0.912015
921 0.833303
922 0.888999
923 0.843649
924 0.847258
925 0.928978
926 0.82777
927 0.880994
928 0.900388
929 0.481264
930 0.896547
931 0.810342
932 0.897622
933 0.881777
934 0.866542
935 0.760379
936 0.833752
937 0.833566
938 0.764121
939 0.879908
940 0.890915
941 0.705821
942 0.911771
943 0.87977
944 0.914564
945 0.800291
946 0.883435
947 0.764262
948 0.756972
949 0.858368
950 0.842603
951 0.851045
952 0.821836
953 0.891918
954 0.841197
955 0.895538
956 0.840427
957 0.800824
958 0.812026
959 0.889484
960 0.402758
961 0.848247
962 0.90041
963 0.868443
964 0.877574
965 0.76921
966 0.883724
967 0.856365
968 0.840134
969 0.888302
970 0.826683
971 0.832711
972 0.915575
973 0.852667
974 0.851353
975 0.852545
976 0.909843
977 0.814232
978 0.707196
979 0.773019
980 0.858241
981 0.852058
982 0.815859
983 0.859788
984 0.723213
985 0.860901
986 0.938284
987 0.91978
988 0.867493
989 0.924661
990 0.904372
991 0.904021
992 0.888101
993 0.870661
994 0.840133
995 0.850788
996 0.841576
997 0.87095
998 0.792742
999 0.828899
1000 0.874067
1001 0.707983
1002 0.615799
1003 0.880102
1004 0.85853
1005 0.86096
1006 0.525865
1007 0.847131
1008 0.760799
1009 0.862945
1010 0.861504
1011 0.758507
1012 0.805658
1013 0.806323
1014 0.859178
1015 0.880744
1016 0.831902
1017 0.900246
1018 0.889402
1019 0.855979
1020 0.745911
1021 0.87014
1022 0.920026
1023 0.952577
1024 0.899451
1025 0.840814
1026 0.836402
1027 0.879546
1028 0.835846
1029 0.941411
1030 0.878794
1031 0.919493
1032 0.717656
1033 0.888058
1034 0.893145
1035 0.785883
1036 0.867108
1037 0.843237
1038 0.8808
1039 0.842236
1040 0.853018
1041 0.896036
1042 0.856365
1043 0.691195
1044 0.854067
1045 0.902548
1046 0.713402
1047 0.833417
1048 0.832851
1049 0.872852
1050 0.88554
1051 0.880327
1052 0.836798
1053 0.91146
1054 0.868038
1055 0.856367
1056 0.782633
1057 0.859481
1058 0.847775
1059 0.865404
1060 0.843398
1061 0.771549
1062 0.850744
1063 0.840889
1064 0.799311
1065 0.807493
1066 0.923024
1067 0.923987
1068 0.934885
1069 0.928746
1070 0.565314
1071 0.755813
1072 0.875123
1073 0.826597
1074 0.918132
1075 0.90966
1076 0.845669
1077 0.897105
1078 0.882374
1079 0.883251
1080 0.928711
1081 0.892459
1082 0.913636
1083 0.904031
1084 0.890158
1085 0.851214
1086 0.861269
1087 0.968655
1088 0.839287
1089 0.91453
1090 0.885107
1091 0.910836
1092 0.820105
1093 0.871008
1094 0.784152
1095 0.78223
1096 0.872348
1097 0.907869
1098 0.853723
1099 0.899909
1100 0.846884
1101 0.818099
1102 0.850504
1103 0.891948
1104 0.896426
1105 0.847996
1106 0.859134
1107 0.830291
1108 0.849356
1109 0.910219
1110 0.890187
1111 0.832069
1112 0.869302
1113 0.790192
1114 0.740538
1115 0.840721
1116 0.807597
1117 0.898302
1118 0.891481
1119 0.893315
1120 0.902399
1121 0.83727
1122 0.832467
1123 0.880109
1124 0.857297
1125 0.828435
1126 0.859513
1127 0.83647
1128 0.803856
1129 0.820746
1130 0.838086
1131 0.88062
1132 0.800511
1133 0.890858
1134 0.75703
1135 0.936603
1136 0.794652
1137 0.764261
1138 0.855344
1139 0.771602
1140 0.907563
1141 0.81333
1142 0.920251
1143 0.856743
1144 0.723008
1145 0.651743
1146 0.734246
1147 0.91574
1148 0.895651
1149 0.908102
1150 0.715689
1151 0.891213
1152 0.85174
1153 0.839437
1154 0.87782
1155 0.764457
1156 0.804257
1157 0.838741
1158 0.588651
1159 0.656557
1160 0.405802
1161 0.674275
1162 0.616291
1163 0.804211
1164 0.852614
1165 0.832143
1166 0.85098
1167 0.873809
1168 0.870555
1169 0.804723
1170 0.772189
1171 0.911542
1172 0.770358
1173 0.83958
1174 0.919616
1175 0.845081
1176 0.871748
1177 0.897311
1178 0.841002
1179 0.826418
1180 0.886457
1181 0.892447
1182 0.902451
1183 0.878943
1184 0.74376
1185 0.749915
1186 0.885633
1187 0.875672
1188 0.898121
1189 0.951854
1190 0.581398
1191 0.852862
1192 0.934765
1193 0.732378
1194 0.886717
1195 0.89125
1196 0.947279
1197 0.778958
1198 0.87322
1199 0.689053
1200 0.670256
1201 0.816983
1202 0.844374
1203 0.895145
1204 0.88912
1205 0.766804
1206 0.781648
1207 0.827629
1208 0.891463
1209 0.770903
1210 0.750216
1211 0.716799
1212 0.721967
1213 0.89465
1214 0.744716
1215 0.886507
1216 0.572529
1217 0.476912
1218 0.802235
1219 0.47754
1220 0.737164
1221 0.754275
1222 0.868337
1223 0.750393
1224 0.919772
1225 0.718595
1226 0.863198
1227 0.818188
1228 0.752384
1229 0.923321
1230 0.806094
1231 0.881728
1232 0.88309
1233 0.754814
1234 0.803483
1235 0.695239
1236 0.778556
1237 0.897954
1238 0.908293
1239 0.891769
1240 0.520358
1241 0.803585
1242 0.842003
1243 0.732691
1244 0.916859
1245 0.789795
1246 0.875108
1247 0.747675
1248 0.844834
1249 0.850302
1250 0.820993
1251 0.782216
1252 0.95242
1253 0.734904
1254 0.775948
1255 0.856892
1256 0.679867
1257 0.926501
1258 0.919608
1259 0.94761
1260 0.812962
1261 0.789626
1262 0.638157
1263 0.909879
1264 0.66111
1265 0.691567
1266 0.807209
1267 0.685531
1268 0.785094
1269 0.802772
1270 0.856126
1271 0.637691
1272 0.662071
1273 0.712448
1274 0.761682
1275 0.92213
1276 0.821646
1277 0.863786
1278 0.863995
1279 0.801927
1280 0.91499
1281 0.806813
1282 0.858682
1283 0.768031
1284 0.900916
1285 0.701798
1286 0.848264
1287 0.891413
1288 0.781696
1289 0.905557
1290 0.911604
1291 0.790304
1292 0.880538
1293 0.90347
1294 0.785767
1295 0.754092
1296 0.835902
1297 0.826087
1298 0.734975
1299 0.791679
1300 0.921842
1301 0.766688
1302 0.829427
1303 0.848813
1304 0.955865
1305 0.933583
1306 0.723773
1307 0.884857
1308 0.751522
1309 0.764651
1310 0.900479
1311 0.730939
1312 0.938642
1313 0.898782
1314 0.844468
1315 0.813521
1316 0.827785
1317 0.835849
1318 0.893873
1319 0.849251
1320 0.87627
1321 0.857354
1322 0.890166
1323 0.838943
1324 0.787904
1325 0.698427
1326 0.850407
1327 0.76183
1328 0.753402
1329 0.843692
1330 0.850884
1331 0.812935
1332 0.81091
1333 0.864259
1334 0.704708
1335 0.868378
1336 0.806806
1337 0.819052
1338 0.907957
1339 0.730911
1340 0.776986
1341 0.889826
1342 0.856164
1343 0.520311
1344 0.881007
1345 0.857051
1346 0.816743
1347 0.7027
1348 0.735004
1349 0.770444
1350 0.765889
1351 0.74473
1352 0.803447
1353 0.817624
1354 0.917296
1355 0.850357
1356 0.828488
1357 0.845056
1358 0.832754
1359 0.53442
1360 0.905028
1361 0.831095
1362 0.8432
1363 0.834189
1364 0.867192
1365 0.822123
1366 0.91984
1367 0.861761
1368 0.872277
1369 0.799877
1370 0.958131
1371 0.812948
1372 0.744508
1373 0.916365
1374 0.829388
1375 0.811426
1376 0.782631
1377 0.912852
1378 0.800664
1379 0.830687
1380 0.952486
1381 0.885457
1382 0.794274
1383 0.899599
1384 0.974766
1385 0.924843
1386 0.789944
1387 0.861746
1388 0.894372
1389 0.789202
1390 0.922502
1391 0.931534
1392 0.596786
1393 0.881577
1394 0.923168
1395 0.775986
1396 0.919206
1397 0.781426
1398 0.476379
1399 0.716845
1400 0.712866
1401 0.407006
1402 0.937451
1403 0.882002
1404 0.820103
1405 0.899242
1406 0.921272
1407 0.753205
1408 0.905622
1409 0.894063
1410 0.846811
1411 0.868377
1412 0.933942
1413 0.749057
1414 0.774284
1415 0.708532
1416 0.866287
1417 0.880383
1418 0.835291
1419 0.886718
1420 0.783235
1421 0.839173
1422 0.916782
1423 0.844751
1424 0.867218
1425 0.805054
1426 0.793149
1427 0.865439
1428 0.776815
1429 0.651603
1430 0.886547
1431 0.865434
1432 0.841504
1433 0.526479
1434 0.955392
1435 0.857803
1436 0.823435
1437 0.887804
1438 0.895133
1439 0.869724
1440 0.770048
1441 0.814355
1442 0.790587
1443 0.871272
1444 0.899508
1445 0.930597
1446 0.854432
1447 0.831484
1448 0.768184
1449 0.867091
1450 0.796389
1451 0.876102
1452 0.76803
1453 0.919244
1454 0.818868
1455 0.837703
1456 0.841545
1457 0.893633
1458 0.854572
1459 0.747551
1460 0.880141
1461 0.943496
1462 0.936482
1463 0.899028
1464 0.687859
1465 0.936698
1466 0.633093
1467 0.771472
1468 0.913645
1469 0.867489
1470 0.80846
1471 0.799815
1472 0.624008
1473 0.884228
1474 0.675306
1475 0.874191
1476 0.853207
1477 0.805243
1478 0.684202
1479 0.818129
1480 0.813778
1481 0.680659
1482 0.896884
1483 0.955454
1484 0.903399
1485 0.888936
1486 0.749162
1487 0.761814
1488 0.865382
1489 0.835747
1490 0.887866
1491 0.871222
1492 0.8383
1493 0.87436
1494 0.872637
1495 0.90335
1496 0.831666
1497 0.877888
1498 0.790218
1499 0.820361
1500 0.882596
1501 0.804431
1502 0.867452
1503 0.921272
1504 0.867638
1505 0.907065
1506 0.856927
1507 0.855674
1508 0.854318
1509 0.828144
1510 0.867243
1511 0.833887
1512 0.868864
1513 0.825205
1514 0.878952
1515 0.879299
1516 0.885229
1517 0.912155
1518 0.884129
1519 0.922019
1520 0.937906
1521 0.889365
1522 0.834687
1523 0.794855
1524 0.804525
1525 0.790376
1526 0.850984
1527 0.878553
1528 0.812717
1529 0.904688
1530 0.65892
1531 0.86443
1532 0.769001
1533 0.838524
1534 0.876094
1535 0.83673
1536 0.889029
1537 0.934682
1538 0.841864
1539 0.860437
1540 0.859756
1541 0.817987
1542 0.843408
1543 0.918569
1544 0.834238
1545 0.806021
1546 0.817842
1547 0.806353
1548 0.841097
1549 0.940152
1550 0.922761
1551 0.882941
1552 0.819312
1553 0.864056
1554 0.910705
1555 0.791571
1556 0.889314
1557 0.850591
1558 0.783074
1559 0.922492
1560 0.867362
1561 0.962846
1562 0.761558
1563 0.913166
1564 0.714637
1565 0.977135
1566 0.954302
1567 0.817762
1568 0.887291
1569 0.847227
1570 0.828822
1571 0.770222
1572 0.895704
1573 0.821741
1574 0.857048
1575 0.515687
1576 0.84129
1577 0.813149
1578 0.831765
1579 0.810311
1580 0.864561
1581 0.773942
1582 0.867875
1583 0.798692
1584 0.902215
1585 0.806787
1586 0.830348
1587 0.810367
1588 0.906504
1589 0.817562
1590 0.821831
1591 0.823807
1592 0.848994
1593 0.913473
1594 0.872759
1595 0.872204
1596 0.889825
1597 0.873163
1598 0.905738
1599 0.895406
1600 0.902658
1601 0.902765
1602 0.866345
1603 0.882495
1604 0.818314
1605 0.888738
1606 0.903634
1607 0.839414
1608 0.887032
1609 0.866071
1610 0.798543
1611 0.836631
1612 0.887707
1613 0.500754
1614 0.439605
1615 0.919512
1616 0.706109
1617 0.842099
1618 0.843884
1619 0.954584
1620 0.897814
1621 0.878186
1622 0.902682
1623 0.968314
1624 0.777049
1625 0.779118
1626 0.91853
1627 0.890113
1628 0.720074
1629 0.843495
1630 0.754574
1631 0.86234
1632 0.839947
1633 0.846321
1634 0.930582
1635 0.878861
1636 0.897314
1637 0.966679
1638 0.938214
1639 0.914107
1640 0.892466
1641 0.754724
1642 0.88568
1643 0.716908
1644 0.902941
1645 0.899138
1646 0.794255
1647 0.80294
1648 0.85777
1649 0.842518
1650 0.792708
1651 0.859987
1652 0.84836
1653 0.636876
1654 0.802515
1655 0.793693
1656 0.518513
1657 0.865605
1658 0.827068
1659 0.925921
1660 0.897645
1661 0.766534
1662 0.874304
1663 0.822841
1664 0.888803
1665 0.865874
1666 0.81753
1667 0.822378
1668 0.777295
1669 0.802521
1670 0.868106
1671 0.819683
1672 0.737948
1673 0.883528
1674 0.796359
1675 0.884535
1676 0.785873
1677 0.814817
1678 0.795682
1679 0.941607
1680 0.699213
1681 0.817743
1682 0.938444
1683 0.898155
1684 0.629614
1685 0.655377
1686 0.935005
1687 0.868321
1688 0.803091
1689 0.906736
1690 0.852708
1691 0.920307
1692 0.881963
1693 0.834149
1694 0.894721
1695 0.901627
1696 0.888175
1697 0.85616
1698 0.811181
1699 0.900211
1700 0.910118
1701 0.93923
1702 0.892572
1703 0.886115
1704 0.905147
1705 0.614707
1706 0.686823
1707 0.833382
1708 0.889182
1709 0.788767
1710 0.886121
1711 0.790199
1712 0.901479
1713 0.903471
1714 0.879274
1715 0.867724
1716 0.874912
1717 0.77494
1718 0.724346
1719 0.77902
1720 0.740593
1721 0.909552
1722 0.78814
1723 0.905942
1724 0.824039
1725 0.775173
1726 0.780555
1727 0.90825
1728 0.722964
1729 0.877641
1730 0.91877
1731 0.908277
1732 0.763356
1733 0.896086
1734 0.889852
1735 0.773621
1736 0.861855
1737 0.862105
1738 0.917254
1739 0.927193
1740 0.904996
1741 0.834311
1742 0.895347
1743 0.861908
1744 0.916714
1745 0.916774
1746 0.924167
1747 0.486289
1748 0.962437
1749 0.837331
1750 0.895125
1751 0.895647
1752 0.769166
1753 0.867468
1754 0.842409
1755 0.846785
1756 0.86292
1757 0.847276
1758 0.820193
1759 0.926826
1760 0.779708
1761 0.858295
1762 0.887485
1763 0.857732
1764 0.808069
1765 0.900761
1766 0.760149
1767 0.884119
1768 0.946234
1769 0.638595
1770 0.838724
1771 0.840839
1772 0.831858
1773 0.887193
1774 0.901391
1775 0.509111
1776 0.886815
1777 0.812683
1778 0.922782
1779 0.863981
1780 0.867223
1781 0.871509
1782 0.910554
1783 0.921877
1784 0.908074
1785 0.947089
1786 0.900972
1787 0.911901
1788 0.914261
1789 0.929705
1790 0.894841
1791 0.925394
1792 0.903864
1793 0.882912
1794 0.855165
1795 0.878856
1796 0.849462
1797 0.85379
1798 0.843337
1799 0.896506
1800 0.883183
1801 0.794362
1802 0.933444
1803 0.746322
1804 0.714065
1805 0.911165
1806 0.711167
1807 0.70985
1808 0.846214
1809 0.914737
1810 0.857128
1811 0.733592
1812 0.685168
1813 0.825392
1814 0.833146
1815 0.823329
1816 0.849385
1817 0.902875
1818 0.893412
1819 0.836009
1820 0.873099
1821 0.820546
1822 0.833013
1823 0.830394
1824 0.917477
1825 0.892385
1826 0.978879
1827 0.778234
1828 0.865159
1829 0.890559
1830 0.80179
1831 0.704002
1832 0.892067
1833 0.784034
1834 0.813351
1835 0.926413
1836 0.87609
1837 0.886154
1838 0.912431
1839 0.90496
1840 0.861143
1841 0.860551
1842 0.77981
1843 0.821725
1844 0.88559
1845 0.83689
1846 0.904475
1847 0.91904
1848 0.777316
1849 0.664179
1850 0.922999
1851 0.808454
1852 0.926477
1853 0.90587
1854 0.90203
1855 0.912172
1856 0.916894
1857 0.875977
1858 0.960558
1859 0.757637
1860 0.883868
1861 0.893035
1862 0.900881
1863 0.796162
1864 0.896688
1865 0.784592
1866 0.866071
1867 0.87837
1868 0.899092
1869 0.876836
1870 0.879854
1871 0.891681
1872 0.857821
1873 0.885639
1874 0.896679
1875 0.886959
1876 0.815926
1877 0.868699
1878 0.891526
1879 0.938462
1880 0.72621
1881 0.905645
1882 0.980406
1883 0.769584
1884 0.923716
1885 0.906761
1886 0.909195
1887 0.87621
1888 0.798434
1889 0.842146
1890 0.871363
1891 0.864197
1892 0.955491
1893 0.812926
1894 0.771212
1895 0.825832
1896 0.778192
1897 0.732443
1898 0.904679
1899 0.89764
1900 0.859776
1901 0.902573
1902 0.855562
1903 0.826103
1904 0.910219
1905 0.771029
1906 0.837479
1907 0.882972
1908 0.81934
1909 0.90153
1910 0.861271
1911 0.918392
1912 0.855079
1913 0.854952
1914 0.899075
1915 0.886605
1916 0.784435
1917 0.78841
1918 0.875134
1919 0.833121
1920 0.899497
1921 0.861245
1922 0.867613
1923 0.804771
1924 0.846094
1925 0.909561
1926 0.823114
1927 0.916145
1928 0.897573
1929 0.908475
1930 0.946924
1931 0.902503
1932 0.879005
1933 0.876863
1934 0.859804
1935 0.833044
1936 0.873932
1937 0.846022
1938 0.681743
1939 0.854576
1940 0.926906
1941 0.768668
1942 0.849846
1943 0.539608
1944 0.923639
1945 0.739138
1946 0.78602
1947 0.755556
1948 0.764814
1949 0.881975
1950 0.886778
1951 0.929861
1952 0.913785
1953 0.884991
1954 0.863292
1955 0.856732
1956 0.886438
1957 0.90392
1958 0.776536
1959 0.912435
1960 0.829082
1961 0.772657
1962 0.844604
1963 0.859295
1964 0.737189
1965 0.680973
1966 0.863767
1967 0.919549
1968 0.80244
1969 0.749561
1970 0.913935
1971 0.862326
1972 0.8361
1973 0.830525
1974 0.90851
1975 0.845258
1976 0.910325
1977 0.896156
1978 0.932882
1979 0.951942
1980 0.930529
1981 0.940188
1982 0.888996
1983 0.942427
1984 0.904878
1985 0.881606
1986 0.955741
1987 0.857447
1988 0.907955
1989 0.756443
1990 0.925191
1991 0.740269
1992 0.757887
1993 0.84906
1994 0.831794
1995 0.90365
1996 0.854033
1997 0.889863
1998 0.868022
1999 0.763226
2000 0.850877
2001 0.686663
2002 0.722412
2003 0.85838
2004 0.8834
2005 0.972727
2006 0.89714
2007 0.761638
2008 0.811899
2009 0.857518
2010 0.859021
2011 0.904581
2012 0.900801
2013 0.88313
2014 0.78053
2015 0.889381
2016 0.819765
2017 0.805539
2018 0.869595
2019 0.81755
2020 0.86418
2021 0.907022
2022 0.854679
2023 0.830406
2024 0.864487
2025 0.888655
2026 0.936659
2027 0.729508
2028 0.832863
2029 0.924045
2030 0.881715
2031 0.794734
2032 0.878988
2033 0.909024
2034 0.92502
2035 0.944044
2036 0.867938
2037 0.855358
2038 0.830443
2039 0.901053
2040 0.899498
2041 0.804242
2042 0.711689
2043 0.558443
2044 0.829059
2045 0.774137
2046 0.873016
2047 0.795873
2048 0.928223
2049 0.897523
2050 0.828974
2051 0.784295
2052 0.89792
2053 0.835113
2054 0.8839
2055 0.874551
2056 0.865653
2057 0.89152
2058 0.950797
2059 0.85005
2060 0.839245
2061 0.744432
2062 0.856009
2063 0.956362
2064 0.789941
2065 0.759871
2066 0.883801
2067 0.916997
2068 0.895756
2069 0.892527
2070 0.848732
2071 0.898181
2072 0.852807
2073 0.920734
2074 0.856488
2075 0.837568
2076 0.80991
2077 0.910833
2078 0.929835
2079 0.924299
2080 0.895293
2081 0.877002
2082 0.906839
2083 0.881973
2084 0.885199
2085 0.871812
2086 0.915495
2087 0.915511
2088 0.832025
2089 0.834194
2090 0.882676
2091 0.795722
2092 0.71082
2093 0.797151
2094 0.710047
2095 0.945751
2096 0.72038
2097 0.722731
2098 0.671095
2099 0.916437
2100 0.90714
2101 0.90704
2102 0.871369
2103 0.870555
2104 0.918982
2105 0.941453
2106 0.898913
2107 0.835536
2108 0.772798
2109 0.786248
2110 0.901644
2111 0.868393
2112 0.814629
2113 0.81777
2114 0.93136
2115 0.949584
2116 0.934266
2117 0.884927
2118 0.890927
2119 0.854209
2120 0.890254
2121 0.851418
2122 0.86364
2123 0.854821
2124 0.878509
2125 0.855227
2126 0.775122
2127 0.963761
2128 0.922982
2129 0.881262
2130 0.836548
2131 0.929661
2132 0.82863
2133 0.497273
2134 0.842513
2135 0.898992
2136 0.586225
2137 0.838763
2138 0.943416
2139 0.931494
2140 0.934066
2141 0.910133
2142 0.931701
2143 0.90985
2144 0.836103
2145 0.894741
2146 0.876674
2147 0.877448
2148 0.906982
2149 0.929703
2150 0.816812
2151 0.730871
2152 0.851933
2153 0.835575
2154 0.906226
2155 0.839337
2156 0.875654
2157 0.82038
2158 0.685945
2159 0.818828
2160 0.702064
2161 0.903213
2162 0.691395
2163 0.829634
2164 0.934893
2165 0.640638
2166 0.846919
2167 0.786263
2168 0.897253
2169 0.656192
2170 0.870974
2171 0.856979
2172 0.875502
2173 0.856183
2174 0.510832
2175 0.474721
2176 0.896433
2177 0.88747
2178 0.842085
2179 0.99018
2180 0.943901
2181 0.862924
2182 0.903391
2183 0.727923
2184 0.856778
2185 0.799011
2186 0.909409
2187 0.932441
2188 0.882787
2189 0.903213
2190 0.853062
2191 0.869443
2192 0.829691
2193 0.522684
2194 0.838985
2195 0.855181
2196 0.847964
2197 0.76367
2198 0.443151
2199 0.75546
2200 0.721316
2201 0.820289
2202 0.850286
2203 0.743417
2204 0.844138
2205 0.902981
2206 0.826842
2207 0.804803
2208 0.880382
2209 0.836432
2210 0.913539
2211 0.915358
2212 0.912435
2213 0.861741
2214 0.917336
2215 0.909121
2216 0.806162
2217 0.816493
2218 0.875335
2219 0.525724
2220 0.891224
2221 0.875806
2222 0.919286
2223 0.846031
2224 0.847029
2225 0.89617
2226 0.875703
2227 0.849176
2228 0.837429
2229 0.792624
2230 0.904902
2231 0.866448
2232 0.914913
2233 0.794184
2234 0.911469
2235 0.91418
2236 0.909188
2237 0.910108
2238 0.89106
2239 0.89683
2240 0.701491
2241 0.852789
2242 0.87891
2243 0.813189
2244 0.886643
2245 0.865585
2246 0.857412
2247 0.823625
2248 0.801558
2249 0.822384
2250 0.821261
2251 0.909984
2252 0.839277
2253 0.863547
2254 0.892982
2255 0.800861
2256 0.896594
2257 0.892401
2258 0.856829
2259 0.862379
2260 0.82972
2261 0.856664
2262 0.812336
2263 0.758692
2264 0.837486
2265 0.886604
2266 0.833139
2267 0.84668
2268 0.651159
2269 0.718213
2270 0.791291
2271 0.857148
2272 0.894569
2273 0.890533
2274 0.871588
2275 0.851564
2276 0.848543
2277 0.718201
2278 0.869288
2279 0.863302
2280 0.648006
2281 0.836637
2282 0.915633
2283 0.972021
2284 0.901421
2285 0.896235
2286 0.965048
2287 0.833325
2288 0.874467
2289 0.897069
2290 0.902671
2291 0.93403
2292 0.80734
2293 0.65163
2294 0.747607
2295 0.924843
2296 0.836164
2297 0.901465
2298 0.892439
2299 0.903939
2300 0.874478
2301 0.880098
2302 0.874946
2303 0.859846
2304 0.88196
2305 0.892631
2306 0.903848
2307 0.885613
2308 0.920437
2309 0.851665
2310 0.87779
2311 0.906595
2312 0.928993
2313 0.880256
2314 0.904366
2315 0.856424
2316 0.80763
2317 0.924578
2318 0.92682
2319 0.517041
2320 0.770399
2321 0.837417
2322 0.768186
2323 0.857343
2324 0.742248
2325 0.906048
2326 0.74694
2327 0.474486
2328 0.476132
2329 0.834881
2330 0.687752
2331 0.550128
2332 0.424232
2333 0.766944
2334 0.429229
2335 0.89793
2336 0.790599
2337 0.818278
2338 0.445666
2339 0.831874
2340 0.771594
2341 0.841998
2342 0.873484
2343 0.736896
2344 0.780547
2345 0.466314
2346 0.464251
2347 0.879702
2348 0.767294
2349 0.509514
2350 0.484395
2351 0.890594
2352 0.90209
2353 0.846945
2354 0.895898
2355 0.88307
2356 0.841541
2357 0.778387
2358 0.786633
2359 0.876319
2360 0.886689
2361 0.768587
2362 0.809297
2363 0.478272
2364 0.776623
2365 0.844862
2366 0.86338
2367 0.757713
2368 0.410898
2369 0.825118
2370 0.810299
2371 0.791463
2372 0.786599
2373 0.835201
2374 0.483133
2375 0.830637
2376 0.818874
2377 0.522407
2378 0.82975
2379 0.847728
2380 0.701728
2381 0.867797
2382 0.702982
2383 0.503409
2384 0.809049
2385 0.86621
2386 0.939489
2387 0.86345
2388 0.92305
2389 0.898226
2390 0.833471
2391 0.89219
2392 0.851902
2393 0.845712
2394 0.816576
2395 0.843202
2396 0.837012
2397 0.799668
2398 0.921332
2399 0.565436
2400 0.896301
2401 0.95465
2402 0.674926
2403 0.744809
2404 0.49245
2405 0.69176
2406 0.633711
2407 0.64045
2408 0.595607
2409 0.790781
2410 0.508631
2411 0.471896
2412 0.722326
2413 0.53618
2414 0.413868
2415 0.443654
2416 0.615485
2417 0.566989
2418 0.645664
2419 0.691341
2420 0.402388
2421 0.796112
2422 0.545522
2423 0.504369
2424 0.457839
2425 0.49865
2426 0.408986
2427 0.791846
2428 0.494281
2429 0.672519
2430 0.555224
2431 0.874328
2432 0.8209
2433 0.690943
2434 0.690037
2435 0.448889
2436 0.489235
2437 0.684344
2438 0.371554
2439 0.431888
2440 0.45422
2441 0.590628
2442 0.525729
2443 0.813987
2444 0.833111
2445 0.857081
2446 0.575017
2447 0.572643
2448 0.682898
2449 0.666465
2450 0.766266
2451 0.608111
2452 0.533708
2453 0.727726
2454 0.728131
2455 0.650277
2456 0.716794
2457 0.578578
2458 0.690794
2459 0.508397
2460 0.621987
2461 0.0330549
2462 0.453129
2463 0.03441
2464 0.0350053
2465 0.786655
2466 0.128566
2467 0.0359592
2468 0.0228982
2469 0.253218
2470 0.141785
2471 0.0172822
2472 0.130555
2473 0.174868
2474 0.17191
2475 0.19045
2476 0.163764
2477 0.180034
2478 0.127623
2479 0.12182
2480 0.122507
2481 0.475738
2482 0.447651
2483 0.205481
2484 0.166077
2485 0.0566929
2486 0.137393
2487 0.0305467
2488 0.157407
2489 0.148831
2490 0.161975
2491 0.303549
2492 0.433375
2493 0.160872
2494 0.0200479
2495 0.118512
2496 0.163295
2497 0.172015
2498 0.177519
2499 0.184249
2500 0.183322
2501 0.0966363
2502 0.106181
2503 0.190089
2504 0.239796
2505 0.171731
2506 0.0789128
2507 0.543439
2508 0.156945
2509 0.777302
2510 0.151857
2511 0.035374
2512 0.180408
2513 0.0807568
2514 0.157685
2515 0.148611
2516 0.189474
2517 0.166067
2518 0.161718
2519 0.189843
2520 0.0660764
2521 0.32369
2522 0.140053
2523 0.0159561
2524 0.133631
2525 0.207965
2526 0.136969
2527 0.064849
2528 0.0909424
2529 0.16658
2530 0.0733561
2531 0.190196
2532 0.0326895
2533 0.170488
2534 0.730125
2535 0.417581
2536 0.28152
2537 0.111002
2538 0.401925
2539 0.0495412
2540 0.173017
2541 0.0402311
2542 0.187701
2543 0.0626669
2544 0.185164
2545 0.182694
2546 0.113853
2547 0.162218
2548 0.169865
2549 0.0681562
2550 0.163326
2551 0.16899
2552 0.160564
2553 0.170182
2554 0.023127
2555 0.0297651
2556 0.0350295
2557 0.18135
2558 0.476106
2559 0.718415
2560 0.0220758
2561 0.13759
2562 0.118255
2563 0.00776293
2564 0.0814043
2565 0.172365
2566 0.180752
2567 0.0818502
2568 0.155483
2569 0.331724
2570 0.052742
2571 0.776966
2572 0.446831
2573 0.397805
2574 0.377403
2575 0.0451334
2576 0.037234
2577 0.174736
2578 0.02464
2579 0.0661043
2580 0.18255
2581 0.125386
2582 0.333857
2583 0.307065
2584 0.334134
2585 0.0359817
2586 0.0374366
2587 0.296526
2588 0.346683
2589 0.305871
2590 0.0285646
2591 0.0322143
2592 0.299972
2593 0.229942
2594 0.260811
2595 0.188172
2596 0.208975
2597 0.299137
2598 0.179777
2599 0.013415
2600 0.0269329
2601 0.472287
2602 0.380818
2603 0.272499
2604 0.265509
2605 0.370512
2606 0.482669
2607 0.312583
2608 0.167937
2609 0.02602
2610 0.487196
2611 0.315982
2612 0.651289
2613 0.231055
2614 0.291697
2615 0.332687
2616 0.252452
2617 0.0671455
2618 0.358198
2619 0.277717
2620 0.176495
2621 0.608818
2622 0.279694
2623 0.0755529
2624 0.371608
2625 0.0489576
2626 0.314856
2627 0.335457
2628 0.291438
2629 0.357337
2630 0.308879
2631 0.300989
2632 0.0891506
2633 0.102528
2634 0.107979
2635 0.202274
2636 0.196021
2637 0.22882
2638 0.171499
2639 0.358953
2640 0.0382802
2641 0.17876
2642 0.0357982
2643 0.322562
2644 0.0349183
2645 0.447264
2646 0.326128
2647 0.0442016
2648 0.0915174
2649 0.0270766
2650 0.096879
2651 0.032613
2652 0.146855
2653 0.146252
2654 0.44286
2655 0.0409383
2656 0.0185562
2657 0.0169351
2658 0.203667
2659 0.152847
2660 0.079233
2661 0.0862119
2662 0.0271321
2663 0.0234799
2664 0.0732095
2665 0.30937
2666 0.279437
2667 0.136031
2668 0.126437
2669 0.0321734
2670 0.0359174
2671 0.370874
2672 0.345419
2673 0.116456
2674 0.109449
2675 0.0139462
2676 0.0163339
2677 0.344752
2678 0.381818
2679 0.0252758
2680 0.0410762
2681 0.0438341
2682 0.0234182
2683 0.0402007
2684 0.367262
2685 0.0320014
2686 0.0650855
2687 0.344833
2688 0.393403
2689 0.333842
2690 0.0169857
2691 0.31886
2692 0.0170832
2693 0.0319445
2694 0.0121874
2695 0.0121017
2696 0.0599513
2697 0.295176
2698 0.17789
2699 0.0443022
2700 0.00643133
2701 0.0500527
2702 0.0294381
2703 0.242396
2704 0.163956
2705 0.23951
2706 0.129682
2707 0.020365
2708 0.129188
2709 0.273624
2710 0.244269
2711 0.220525
2712 0.0259421
2713 0.0176842
2714 0.271338
2715 0.214188
2716 0.0147496
2717 0.0555909
2718 0.00572092
2719 0.0133107
2720 0.0320082
2721 0.0361349
2722 0.0039611
2723 0.0196373
2724 0.0154297
2725 0.0375128
2726 0.0261885
2727 0.0189763
2728 0.0621568
2729 0.0518045
2730 0.228282
2731 0.266918
2732 0.27299
2733 0.0139024
2734 0.225632
2735 0.0282912
2736 0.00626216
2737 0.0291572
2738 0.0131173
2739 0.0376712
2740 0.0288996
2741 0.166651
2742 0.300037
2743 0.0141313
2744 0.00630025
2745 0.017169
2746 0.249642
2747 0.0285434
2748 0.0424277
2749 0.0256358
2750 0.159143
2751 0.300777
2752 0.102229
2753 0.0394552
2754 0.0385979
2755 0.298096
2756 0.253666
2757 0.273412
2758 0.0499572
2759 0.0116108
2760 0.179786
2761 0.131149
2762 0.0107221
2763 0.0345268
2764 0.034242
2765 0.0298188
2766 0.0258529
2767 0.160644
2768 0.267408
2769 0.0343857
2770 0.014901
2771 0.156761
2772 0.125789
2773 0.0212706
2774 0.0221942
2775 0.0438547
2776 0.185179
2777 0.130686
2778 0.278599
2779 0.0390303
2780 0.0255194
2781 0.10712
2782 0.423834
2783 0.0262798
2784 0.310583
2785 0.0240966
2786 0.295073
2787 0.262084
2788 0.0347874
2789 0.302399
2790 0.2864
2791 0.339284
2792 0.423246
2793 0.0400066
2794 0.032306
2795 0.169275
2796 0.494881
2797 0.235548
2798 0.209499
2799 0.178916
2800 0.195407
2801 0.478068
2802 0.323419
2803 0.233905
2804 0.325012
2805 0.265504
2806 0.310119
2807 0.364695
2808 0.292933
2809 0.0935787
2810 0.203063
2811 0.0572024
2812 0.238734
2813 0.306997
2814 0.041711
2815 0.293376
2816 0.360773
2817 0.343546
2818 0.0847824
2819 0.0486291
2820 0.261131
2821 0.45514
2822 0.0991031
2823 0.282044
2824 0.389332
2825 0.302626
2826 0.0933004
2827 0.234749
2828 0.115524
2829 0.205118
2830 0.28577
2831 0.257372
2832 0.367031
2833 0.366519
2834 0.423327
2835 0.0950633
2836 0.0460677
2837 0.514469
2838 0.423531
2839 0.329903
2840 0.0554955
2841 0.439801
2842 0.350307
2843 0.438814
2844 0.0536334
2845 0.204551
2846 0.354925
2847 0.098559
2848 0.43418
2849 0.266896
2850 0.0857612
2851 0.0403185
2852 0.417158
2853 0.0946531
2854 0.075752
2855 0.360417
2856 0.011565
2857 0.384749
2858 0.758075
2859 0.0272677
2860 0.0162215
2861 0.284763
2862 0.241603
2863 0.24082
2864 0.32766
2865 0.589594
2866 0.547115
2867 0.316601
2868 0.269687
2869 0.318405
2870 0.177432
2871 0.385203
2872 0.265929
2873 0.399364
2874 0.405949
2875 0.505063
2876 0.279489
2877 0.445904
2878 0.376323
2879 0.725152
2880 0.0748464
2881 0.015125
2882 0.410654
2883 0.00768852
2884 0.0567335
2885 0.288488
2886 0.0657304
2887 0.426844
2888 0.31263
2889 0.264858
2890 0.353305
2891 0.0767704
2892 0.00447439
2893 0.753099
2894 0.148897
2895 0.100836
2896 0.00650911
2897 0.254189
2898 0.400398
2899 0.274768
2900 0.00482875
2901 0.217629
2902 0.00690169
2903 0.00260929
2904 0.409571
2905 0.00507394
2906 0.111071
2907 0.283858
2908 0.438609
2909 0.011543
2910 0.0512892
2911 0.273212
2912 0.00445717
2913 0.0172244
2914 0.00190463
2915 0.0849909
2916 0.0059905
2917 0.010003
2918 0.274656
2919 0.00645568
2920 0.409357
2921 0.311107
2922 0.00760222
2923 0.036072
2924 0.397303
2925 0.0275403
2926 0.0048707
2927 0.234996
2928 0.427717
2929 0.00285951
2930 0.0312516
2931 0.00396562
2932 0.0459083
2933 0.407211
2934 0.0176183
2935 0.141848
2936 0.00568791
2937 0.0326671
2938 0.264722
2939 0.0442
2940 0.188903
2941 0.00578102
2942 0.0171792
2943 0.00413379
2944 0.00290987
2945 0.00259442
2946 0.0164209
2947 0.037143
2948 0.558596
2949 0.0735898
2950 0.0390051
2951 0.218309
2952 0.447771
2953 0.00789764
2954 0.118826
2955 0.0697404
2956 0.00840462
2957 0.00366107
2958 0.0240049
2959 0.00140032
2960 0.0842104
2961 0.0406921
2962 0.0380613
2963 0.338793
2964 0.138652
2965 0.319867
2966 0.0164946
2967 0.0339748
2968 0.0403745
2969 0.0450179
2970 0.0436725
2971 0.0367854
2972 0.0311454
2973 0.0744909
2974 0.129629
2975 0.232763
2976 0.02443
2977 0.0764513
2978 0.205886
2979 0.00879942
2980 0.0669519
2981 0.213112
2982 0.00336044
2983 0.0593663
2984 0.0041638
2985 0.162154
2986 0.328202
2987 0.0194713
2988 0.073562
2989 0.00138009
2990 0.00705889
2991 0.0345012
2992 0.189499
2993 0.0894635
2994 0.0198155
2995 0.0445557
2996 0.0131538
2997 0.288488
2998 0.0571883
2999 0.0260971
3000 0.529696
3001 0.291974
3002 0.0507566
3003 0.031953
3004 0.0413634
3005 0.245236
3006 0.106919
3007 0.00768852
3008 0.211735
3009 0.0631751
3010 0.784612
3011 0.410526
3012 0.0353376
3013 0.0416999
3014 0.164001
3015 0.468805
3016 0.173839
3017 0.139853
3018 0.00244788
3019 0.00679478
3020 0.221847
3021 0.0486
3022 0.00923727
3023 0.256182
3024 0.260334
3025 0.272402
3026 0.290158
3027 0.0355158
3028 0.65296
3029 0.191185
3030 0.188371
3031 0.0656078
3032 0.319805
3033 0.0419359
3034 0.420363
3035 0.435807
3036 0.0420858
3037 0.0415383
3038 0.0388104
3039 0.320959
3040 0.331619
3041 0.280479
3042 0.0483539
3043 0.0647443
3044 0.0438965
3045 0.331946
3046 0.00582433
3047 0.330657
3048 0.214266
3049 0.0722575
3050 0.0180902
3051 0.297584
3052 0.0419625
3053 0.0041413
3054 0.179762
3055 0.00206793
3056 0.0535139
3057 0.176115
3058 0.00521407
3059 0.0041961
3060 0.00917401
3061 0.219912
3062 0.0130303
3063 0.0259888
3064 0.038796
3065 0.0414605
3066 0.552652
3067 0.0410726
3068 0.00474584
3069 0.00441176
3070 0.00274063
3071 0.0104822
3072 0.00395928
3073 0.00476151
3074 0.00601589
3075 0.0535592
3076 0.00274354
3077 0.191126
3078 0.0257246
3079 0.0476507
3080 0.663732
3081 0.0318787
3082 0.231301
3083 0.0650764
3084 0.142811
3085 0.199209
3086 0.0426374
3087 0.37976
3088 0.465012
3089 0.0570712
3090 0.057888
3091 0.0756892
3092 0.220118
3093 0.330033
3094 0.104477
3095 0.181759
3096 0.18618
3097 0.0256292
3098 0.0547982
3099 0.506331
3100 0.0149113
3101 0.0408535
3102 0.00255091
3103 0.149294
3104 0.314471
3105 0.799042
3106 0.0496994
3107 0.182285
3108 0.0850854
3109 0.0253487
3110 0.0275728
3111 0.0388989
3112 0.0118486
3113 0.015841
3114 0.0350094
3115 0.0687752
3116 0.298654
3117 0.0964303
3118 0.0018802
3119 0.0355533
3120 0.0450325
3121 0.0171743
3122 0.00252621
3123 0.0186137
3124 0.207141
3125 0.0985356
3126 0.062215
3127 0.00980525
3128 0.011521
3129 0.313815
3130 0.0294789
3131 0.0337639
3132 0.289729
3133 0.313936
3134 0.00574854
3135 0.374936
3136 0.0230167
3137 0.135197
3138 0.00294983
3139 0.463332
3140 0.0506535
3141 0.00258221
3142 0.0387928
3143 0.138531
3144 0.177165
3145 0.0745495
3146 0.0654076
3147 0.124192
3148 0.142824
3149 0.0763555
3150 0.245238
3151 0.0162277
3152 0.0599842
3153 0.0580287
3154 0.366364
3155 0.0260295
3156 0.0324499
3157 0.171451
3158 0.211634
3159 0.0462839
3160 0.313936
3161 0.109563
3162 0.0190573
3163 0.151143
3164 0.044017
3165 0.212406
3166 0.0412748
3167 0.0132244
3168 0.298972
3169 0.0215606
3170 0.00289155
3171 0.116605
3172 0.380279
3173 0.266594
3174 0.222709
3175 0.0586267
3176 0.00497088
3177 0.310807
3178 0.00718312
3179 0.0185921
3180 0.421639
3181 0.0792291
3182 0.00575225
3183 0.08881
3184 0.0153599
3185 0.0372279
3186 0.00207808
3187 0.119844
3188 0.025851
3189 0.00446003
3190 0.132317
3191 0.00221346
3192 0.0335406
3193 0.138136
3194 0.128258
3195 0.00467551
3196 0.00704305
3197 0.063453
3198 0.0201755
3199 0.197754
3200 0.198488
3201 0.18344
3202 0.00170571
3203 0.0070397
3204 0.319049
3205 0.188357
3206 0.00240273
3207 0.00267813
3208 0.419054
3209 0.0242567
3210 0.00212038
3211 0.332819
3212 0.193709
3213 0.181755
3214 0.00433011
3215 0.0474038
3216 0.148087
3217 0.0827641
3218 0.00763577
3219 0.129629
3220 0.00564294
3221 0.0304207
3222 0.0335951
3223 0.0219778
3224 0.0514424
3225 0.0066514
3226 0.0348375
3227 0.00347383
3228 0.00341041
3229 0.217073
3230 0.0154385
3231 0.126876
3232 0.398998
3233 0.0444067
3234 0.136293
3235 0.397206
3236 0.00296923
3237 0.239467
3238 0.27298
3239 0.182673
3240 0.314464
3241 0.175942
3242 0.330213
3243 0.0635881
3244 0.0394163
3245 0.0520575
3246 0.140779
3247 0.454286
3248 0.241347
3249 0.361478
3250 0.0806923
3251 0.0336877
3252 0.00287891
3253 0.0233177
3254 0.0392989
3255 0.0324636
3256 0.0150392
3257 0.284177
3258 0.0161293
3259 0.0021537
3260 0.00207902
3261 0.0127077
3262 0.00330186
3263 0.00435713
3264 0.00762335
3265 0.00556951
3266 0.030709
3267 0.0310654
3268 0.00201945
3269 0.0862956
3270 0.00343631
3271 0.0292434
3272 0.00191784
3273 0.0602337
3274 0.0429385
3275 0.163401
3276 0.0096579
3277 0.0351767
3278 0.00325833
3279 0.0120742
3280 0.00668927
3281 0.00395307
3282 0.00405935
3283 0.0637676
3284 0.00793572
3285 0.0412943
3286 0.0376211
3287 0.0358833
3288 0.00534896
3289 0.0570845
3290 0.0245599
3291 0.0139372
3292 0.061308
3293 0.05073
3294 0.0743351
3295 0.00438213
3296 0.0192661
3297 0.0383209
3298 0.00266003
3299 0.0713571
3300 0.0311647
3301 0.0400907
3302 0.177118
3303 0.0057031
3304 0.0117121
3305 0.0461072
3306 0.0360674
3307 0.00581135
3308 0.0139998
3309 0.00393132
3310 0.439868
3311 0.459506
3312 0.563351
3313 0.412564
3314 0.0496536
3315 0.0874271
3316 0.053618
3317 0.0449651
3318 0.182227
3319 0.159111
3320 0.0862718
3321 0.152806
3322 0.0103555
3323 0.161633
3324 0.172039
3325 0.0905231
3326 0.0744774
3327 0.140329
3328 0.0373827
3329 0.0616165
3330 0.0355748
3331 0.0967816
3332 0.463019
3333 0.67547
3334 0.179599
3335 0.56978
3336 0.274536
3337 0.0222653
3338 0.330889
3339 0.408164
3340 0.46011
3341 0.245429
3342 0.088192
3343 0.444891
3344 0.257829
3345 0.288149
3346 0.258255
3347 0.251793
3348 0.118337
3349 0.349394
3350 0.490224
3351 0.208965
3352 0.175686
3353 0.0436301
3354 0.0264249
3355 0.305256
3356 0.0249764
3357 0.486039
3358 0.064289
3359 0.0271823
3360 0.0237332
3361 0.250978
3362 0.0644922
3363 0.077791
3364 0.346889
3365 0.177962
3366 0.0600511
3367 0.266421
3368 0.391442
3369 0.289774
3370 0.0802593
3371 0.654215
3372 0.235039
3373 0.00735877
3374 0.182826
3375 0.0361668
3376 0.577597
3377 0.204994
3378 0.467711
3379 0.744217
3380 0.00970182
3381 0.00785246
3382 0.0894322
3383 0.2352
3384 0.00714784
3385 0.0926871
3386 0.0222256
3387 0.299254
3388 0.0978009
3389 0.129477
3390 0.0485339
3391 0.0430206
3392 0.00761213
3393 0.0381793
3394 0.268651
3395 0.29355
3396 0.211439
3397 0.267584
3398 0.0469172
3399 0.273391
3400 0.107729
3401 0.416156
3402 0.0572695
3403 0.116236
3404 0.306576
3405 0.150076
3406 0.195595
3407 0.649447
3408 0.574873
3409 0.0133439
3410 0.0184875
3411 0.060781
3412 0.330498
3413 0.555786
3414 0.552652
3415 0.330213
3416 0.210927
3417 0.0261544
3418 0.357746
3419 0.0289542
3420 0.328654
3421 0.0135849
3422 0.330498
3423 0.567109
3424 0.219531
3425 0.674581
3426 0.216688
3427 0.273783
3428 0.415629
3429 0.0120183
3430 0.0551779
3431 0.0449058
3432 0.328202
3433 0.0834702
3434 0.00454745
3435 0.0284028
3436 0.328654
3437 0.0344168
3438 0.00306531
3439 0.0977924
3440 0.160596
3441 0.00636248
3442 0.0290218
3443 0.051016
3444 0.90125
3445 0.330391
3446 0.0522464
3447 0.0200931
3448 0.153822
3449 0.034176
3450 0.219646
3451 0.0548126
3452 0.0999392
3453 0.661482
3454 0.067945
3455 0.118053
3456 0.0313635
3457 0.0300495
3458 0.178834
3459 0.405314
3460 0.0624518
3461 0.0697456
3462 0.197995
3463 0.681259
3464 0.528399
3465 0.0232485
3466 0.175519
3467 0.0530922
3468 0.0553076
3469 0.0339485
3470 0.0908977
3471 0.0072435
3472 0.023398
3473 0.0342597
3474 0.00939357
3475 0.0351144
3476 0.625107
3477 0.0747838
3478 0.0823401
3479 0.0318382
3480 0.751067
3481 0.710504
3482 0.484076
3483 0.0646762
3484 0.166828
3485 0.338106
3486 0.0870142
3487 0.00374351
3488 0.376131
3489 0.0937563
3490 0.0170259
3491 0.10417
3492 0.0777735
3493 0.0963469
3494 0.0452139
3495 0.115547
3496 0.725792
3497 0.441366
3498 0.232171
3499 0.0352072
3500 0.40879
3501 0.212194
3502 0.469809
3503 0.0919069
3504 0.111347
3505 0.135216
3506 0.356704
3507 0.312815
3508 0.136856
3509 0.0269759
3510 0.0915708
3511 0.0252867
3512 0.0439082
3513 0.0853831
3514 0.0327656
3515 0.0939706
3516 0.130655
3517 0.0406326
3518 0.146777
3519 0.120778
3520 0.485388
3521 0.228676
3522 0.0327742
3523 0.0650718
3524 0.0219148
3525 0.0154566
3526 0.0501288
3527 0.737865
3528 0.037333
3529 0.171642
3530 0.053773
3531 0.0569525
3532 0.0476108
3533 0.0992138
3534 0.322461
3535 0.198563
3536 0.104991
3537 0.185992
3538 0.113738
3539 0.188787
3540 0.366581
3541 0.143756
3542 0.137287
3543 0.0154385
3544 0.312725
3545 0.196676
3546 0.215825
3547 0.405575
3548 0.124303
3549 0.661858
3550 0.582164
3551 0.0845867
3552 0.293522
3553 0.640964
3554 0.267333
3555 0.150128
3556 0.058056
3557 0.0764707
3558 0.402394
3559 0.206122
3560 0.408164
3561 0.457319
3562 0.114799
3563 0.525812
3564 0.125777
3565 0.330087
3566 0.14413
3567 0.0388347
3568 0.228642
3569 0.0538403
3570 0.00585646
3571 0.123217
3572 0.0171877
3573 0.0373687
3574 0.107192
3575 0.0352864
3576 0.108081
3577 0.0146231
3578 0.069965
3579 0.470954
3580 0.157888
3581 0.0412017
3582 0.128016
3583 0.0276595
3584 0.254249
3585 0.102018
3586 0.369089
3587 0.038207
3588 0.261295
3589 0.458313
3590 0.528956
3591 0.405208
3592 0.567109
3593 0.225563
3594 0.307995
3595 0.420776
3596 0.54751
3597 0.243968
3598 0.0270281
3599 0.111328
3600 0.0277451
3601 0.0108886
3602 0.0177777
3603 0.0715757
3604 0.0848897
3605 0.228248
3606 0.440248
3607 0.205888
3608 0.348732
3609 0.350834
3610 0.0721795
3611 0.0742693
3612 0.129475
3613 0.0100938
3614 0.0897952
3615 0.0430975
3616 0.117751
3617 0.417365
3618 0.55329
3619 0.581877
3620 0.631608
3621 0.270281
3622 0.0723535
3623 0.0218171
3624 0.301232
3625 0.0744383
3626 0.0519474
3627 0.442416
3628 0.668974
3629 0.493087
3630 0.218424
3631 0.178595
3632 0.493251
3633 0.0577195
3634 0.110612
3635 0.497502
3636 0.662298
3637 0.596456
3638 0.218424
3639 0.138786
3640 0.343643
3641 0.49887
3642 0.0101464
3643 0.0310118
3644 0.0596932
3645 0.00986139
3646 0.0593642
3647 0.118059
3648 0.0121319
3649 0.106135
3650 0.0290513
3651 0.0637545
3652 0.528806
3653 0.21675
3654 0.616638
3655 0.293652
3656 0.289327
3657 0.71202
3658 0.0456256
3659 0.295981
3660 0.0880775
3661 0.00306031
3662 0.0471371
3663 0.285494
3664 0.399728
3665 0.00393017
3666 0.0182231
3667 0.492648
3668 0.698722
3669 0.213786
3670 0.427652
3671 0.283057
3672 0.175642
3673 0.226062
3674 0.495757
3675 0.292401
3676 0.498638
3677 0.693787
3678 0.464774
3679 0.138673
3680 0.0716519
3681 0.28275
3682 0.143825
3683 0.226062
3684 0.348184
3685 0.0664158
3686 0.00839437
3687 0.0233152
3688 0.156823
3689 0.252979
3690 0.142645
3691 0.0659682
3692 0.0418452
3693 0.308744
3694 0.219417
3695 0.0119026
3696 0.0324529
3697 0.0549143
3698 0.0554571
3699 0.0272871
3700 0.234888
3701 0.34608
3702 0.0634787
3703 0.0378337
3704 0.00231065
3705 0.0844737
3706 0.0189193
3707 0.012345
3708 0.0618188
3709 0.0549932
3710 0.00343166
3711 0.0104718
3712 0.00816249
3713 0.139264
3714 0.0281741
3715 0.0109403
3716 0.0597057
3717 0.164164
3718 0.050918
3719 0.0194192
3720 0.0179897
3721 0.232732
3722 0.558736
3723 0.153703
3724 0.00995631
3725 0.0616778
3726 0.062519
3727 0.131399
3728 0.0758368
3729 0.00807504
3730 0.0810206
3731 0.648153
3732 0.146463
3733 0.336009
3734 0.120464
3735 0.0564164
3736 0.0961719
3737 0.0386547
3738 0.0205338
3739 0.0649594
3740 0.00741485
3741 0.0352375
3742 0.0919185
3743 0.0637428
3744 0.00249959
3745 0.0153035
3746 0.0458556
3747 0.0895138
3748 0.0320629
3749 0.0622121
3750 0.0381046
3751 0.0426867
3752 0.0044144
3753 0.00242818
3754 0.0250794
3755 0.0430113
3756 0.00482867
3757 0.0355883
3758 0.0435327
3759 0.0679274
3760 0.00630617
3761 0.0064615
3762 0.218618
3763 0.280726
3764 0.0840134
3765 0.13847
3766 0.0274603
3767 0.342697
3768 0.0889282
3769 0.00733822
3770 0.0659269
3771 0.327435
3772 0.011911
3773 0.43376
3774 0.174595
3775 0.0831397
3776 0.0472526
3777 0.223971
3778 0.0157605
3779 0.0575004
3780 0.261748
3781 0.0108762
3782 0.0295588
3783 0.00598426
3784 0.0274444
3785 0.00971913
3786 0.035965
3787 0.146881
3788 0.40443
3789 0.133103
3790 0.251509
3791 0.535083
3792 0.178099
3793 0.0491332
3794 0.202763
3795 0.0215432
3796 0.260171
3797 0.282106
3798 0.09158
3799 0.127797
3800 0.0558324
3801 0.323546
3802 0.0399428
3803 0.0393759
3804 0.00621629
3805 0.13416
3806 0.00695297
3807 0.22654
3808 0.022123
3809 0.0425611
3810 0.0148643
3811 0.0399905
3812 0.0342459
3813 0.187997
3814 0.66393
3815 0.0384266
3816 0.0485087
3817 0.0114229
3818 0.128396
3819 0.0674226
3820 0.0143498
3821 0.0453144
3822 0.00894695
3823 0.0353848
3824 0.00776119
3825 0.0123337
3826 0.132211
3827 0.00647049
3828 0.0262238
3829 0.0400493
3830 0.0433517
3831 0.0579265
3832 0.0680802
3833 0.0336409
3834 0.0247722
3835 0.031696
3836 0.171287
3837 0.0947593
3838 0.0682983
3839 0.0139529
3840 0.0450885
3841 0.0324019
3842 0.0131661
3843 0.0183799
3844 0.0325006
3845 0.0874479
3846 0.0406718
3847 0.368786
3848 0.0656899
3849 0.549258
3850 0.0274631
3851 0.0385739
3852 0.0510981
3853 0.103098
3854 0.0405008
3855 0.0726219
3856 0.0870338
3857 0.0236028
3858 0.144962
3859 0.149935
3860 0.010947
3861 0.130336
3862 0.101299
3863 0.00823432
3864 0.135375
3865 0.0109131
3866 0.0303242
3867 0.00762592
3868 0.00763395
3869 0.0687341
3870 0.0463604
3871 0.0172404
3872 0.00230742
3873 0.0553449
3874 0.00960277
3875 0.138159
3876 0.0935468
3877 0.0150618
3878 0.0104121
3879 0.0104001
3880 0.0127665
3881 0.246523
3882 0.817101
3883 0.111839
3884 0.273075
3885 0.138884
3886 0.599335
3887 0.287923
3888 0.293876
3889 0.123438
3890 0.257546
3891 0.163483
3892 0.0179546
3893 0.335243
3894 0.781893
3895 0.239967
3896 0.540067
3897 0.269101
3898 0.14962
3899 0.0380238
3900 0.0888839
3901 0.113969
3902 0.204891
3903 0.459622
3904 0.248216
3905 0.142352
3906 0.0336169
3907 0.180556
3908 0.314118
3909 0.0520994
3910 0.216856
3911 0.175269
3912 0.32358
3913 0.259362
3914 0.340696
3915 0.371102
3916 0.50933
3917 0.364839
3918 0.0864773
3919 0.371347
3920 0.141782
3921 0.11442
3922 0.261078
3923 0.172334
3924 0.0852928
3925 0.00822613
3926 0.0139995
3927 0.0167358
3928 0.0954625
3929 0.0159651
3930 0.238487
3931 0.026028
3932 0.789805
3933 0.208405
3934 0.00954935
3935 0.00329879
3936 0.0881162
3937 0.00783303
3938 0.0134951
3939 0.0898711
3940 0.0497648
3941 0.0774995
3942 0.317012
3943 0.109819
3944 0.180302
3945 0.159792
3946 0.145179
3947 0.0242904
3948 0.156357
3949 0.0532185
3950 0.11602
3951 0.030856
3952 0.0465021
3953 0.101829
3954 0.318714
3955 0.774638
3956 0.496689
3957 0.103044
3958 0.0848051
3959 0.130864
3960 0.388786
3961 0.527329
3962 0.192183
3963 0.173315
3964 0.388601
3965 0.277874
3966 0.550665
3967 0.0649319
3968 0.0905241
3969 0.30705
3970 0.321787
3971 0.202145
3972 0.15651
3973 0.0511968
3974 0.495119
3975 0.261726
3976 0.308761
3977 0.147877
3978 0.0656623
3979 0.205629
3980 0.104239
3981 0.227351
3982 0.309216
3983 0.162846
3984 0.256307
3985 0.114139
3986 0.056477
3987 0.115973
3988 0.314121
3989 0.263066
3990 0.456405
3991 0.504624
3992 0.383177
3993 0.326184
3994 0.150571
3995 0.149482
3996 0.616303
3997 0.509493
3998 0.421278
3999 0.385275
4000 0.130428
4001 0.180502
4002 0.413004
4003 0.340101
4004 0.075468
4005 0.168916
4006 0.321428
4007 0.264653
4008 0.636619
4009 0.349374
4010 0.470721
4011 0.195526
4012 0.33441
4013 0.157051
4014 0.468597
4015 0.136281
4016 0.115082
4017 0.485551
4018 0.274228
4019 0.138331
4020 0.513368
4021 0.341418
4022 0.2004
4023 0.0767946
4024 0.0214609
4025 0.433963
4026 0.341287
4027 0.229851
4028 0.403336
4029 0.429719
4030 0.0994375
4031 0.354204
4032 0.0904206
4033 0.0274146
4034 0.209162
4035 0.0618478
4036 0.11136
4037 0.349202
4038 0.050113
4039 0.451564
4040 0.212939
4041 0.0509469
4042 0.536006
4043 0.409118
4044 0.394003
4045 0.233572
4046 0.332076
4047 0.373956
4048 0.322609
4049 0.482359
4050 0.287484
4051 0.0551608
4052 0.0872404
4053 0.279962
4054 0.148079
4055 0.14919
4056 0.469912
4057 0.329094
4058 0.734109
4059 0.118096
4060 0.0770387
4061 0.62692
4062 0.490372
4063 0.0605035
4064 0.462585
4065 0.541291
4066 0.0336313
4067 0.0276689
4068 0.432471
4069 0.0364951
4070 0.0328666
4071 0.025092
4072 0.245706
4073 0.296253
4074 0.13276
4075 0.0408715
4076 0.0557501
4077 0.0494179
4078 0.0916655
4079 0.0886498
4080 0.262436
4081 0.772279
4082 0.430084
4083 0.52415
4084 0.0898777
4085 0.0620998
4086 0.0414761
4087 0.203475
4088 0.335947
4089 0.457097
4090 0.0573122
4091 0.0956364
4092 0.450299
4093 0.544357
4094 0.277115
4095 0.132013
4096 0.105455
4097 0.0902825
4098 0.224941
4099 0.295012
4100 0.00876459
4101 0.290836
4102 0.450696
4103 0.732147
4104 0.056202
4105 0.0386494
4106 0.0830339
4107 0.0463564
4108 0.143755
4109 0.805508
4110 0.495599
4111 0.0781452
4112 0.0678815
4113 0.0343354
4114 0.174425
4115 0.0732979
4116 0.169639
4117 0.114656
4118 0.0264879
4119 0.785729
4120 0.0225684
4121 0.2437
4122 0.0263503
4123 0.0916759
4124 0.163149
4125 0.0824257
4126 0.0466719
4127 0.0445316
4128 0.0760956
4129 0.0176729
4130 0.225409
4131 0.404278
4132 0.0582023
4133 0.217469
4134 0.590246
4135 0.922325
4136 0.239499
4137 0.235448
4138 0.605034
4139 0.696237
4140 0.505495
4141 0.690555
4142 0.374523
4143 0.500959
4144 0.204645
4145 0.0314768
4146 0.257185
4147 0.116385
4148 0.434185
4149 0.0674437
4150 0.0117397
4151 0.0257458
4152 0.0203166
4153 0.189522
4154 0.0649662
4155 0.038952
4156 0.0401924
4157 0.0635722
4158 0.667123
4159 0.296073
4160 0.0670084
4161 0.153537
4162 0.0665986
4163 0.0445176
4164 0.0326956
4165 0.0158726
4166 0.173857
4167 0.0227171
4168 0.0359177
4169 0.0834059
4170 0.305691
4171 0.572541
4172 0.339897
4173 0.0656822
4174 0.670119
4175 0.32779
4176 0.075833
4177 0.0828809
4178 0.06582
4179 0.148604
4180 0.615076
4181 0.131097
4182 0.0603663
4183 0.0526336
4184 0.155843
4185 0.0328552
4186 0.279508
4187 0.457242
4188 0.191028
4189 0.585807
4190 0.220291
4191 0.0427115
4192 0.0405471
4193 0.23055
4194 0.0690126
4195 0.0252522
4196 0.0733877
4197 0.66102
4198 0.0105575
4199 0.0578024
4200 0.0271015
4201 0.0253385
4202 0.0480669
4203 0.0911906
4204 0.0460121
4205 0.367467
4206 0.173831
4207 0.112055
4208 0.306884
4209 0.0338285
4210 0.236467
4211 0.0505667
4212 0.0352649
4213 0.0283288
4214 0.385246
4215 0.202811
4216 0.276159
4217 0.016445
4218 0.0327463
4219 0.190069
4220 0.0395106
4221 0.0772346
4222 0.0548176
4223 0.0227098
4224 0.379283
4225 0.0122967
4226 0.129434
4227 0.186535
4228 0.0135463
4229 0.0157189
4230 0.0486303
4231 0.0895794
4232 0.538798
4233 0.170813
4234 0.255385
4235 0.0136341
4236 0.0147729
4237 0.364193
4238 0.485541
4239 0.0443382
4240 0.366239
4241 0.113153
4242 0.127878
4243 0.0144386
4244 0.674763
4245 0.624028
4246 0.0800069
4247 0.0338465
4248 0.038471
4249 0.100912
4250 0.11762
4251 0.240197
4252 0.489133
4253 0.0244625
4254 0.307807
4255 0.203111
4256 0.386344
4257 0.0109923
4258 0.0810284
4259 0.406678
4260 0.00525596
4261 0.401627
4262 0.192698
4263 0.0457874
4264 0.0400775
4265 0.0875248
4266 0.0161449
4267 0.373372
4268 0.0302086
4269 0.183241
4270 0.0176534
4271 0.0355554
4272 0.162776
4273 0.0814566
4274 0.296829
4275 0.194118
4276 0.293702
4277 0.0514018
4278 0.0214745
4279 0.139599
4280 0.0160024
4281 0.0184705
4282 0.0536842
4283 0.154955
4284 0.0867724
4285 0.884394
4286 0.11097
4287 0.0967364
4288 0.0297505
4289 0.844495
4290 0.00567037
4291 0.0698806
4292 0.245325
4293 0.287617
4294 0.646615
4295 0.611563
4296 0.131056
4297 0.0844767
4298 0.543225
4299 0.0833911
4300 0.688138
4301 0.190566
4302 0.202163
4303 0.120615
4304 0.0331259
4305 0.0169202
4306 0.153971
4307 0.0091644
4308 0.123251
4309 0.0419715
4310 0.00942264
4311 0.036361
4312 0.0484914
4313 0.0245086
4314 0.124957
4315 0.434408
4316 0.0117737
4317 0.0301746
4318 0.0225765
4319 0.0711904
4320 0.0339301
4321 0.387154
4322 0.457319
4323 0.25011
4324 0.172078
4325 0.243034
4326 0.130478
4327 0.182677
4328 0.261118
4329 0.0263779
4330 0.0103396
4331 0.0287865
4332 0.202397
4333 0.166964
4334 0.138917
4335 0.292884
4336 0.173001
4337 0.180873
4338 0.14954
4339 0.368751
4340 0.636538
4341 0.143501
4342 0.22337
4343 0.218942
4344 0.0845342
4345 0.169187
4346 0.0761673
4347 0.130236
4348 0.25913
4349 0.174901
4350 0.109416
4351 0.249257
4352 0.115982
4353 0.142584
4354 0.484735
4355 0.0409637
4356 0.0281459
4357 0.0223068
4358 0.741499
4359 0.273292
4360 0.637417
4361 0.467478
4362 0.65659
4363 0.18326
4364 0.0999216
4365 0.0257939
4366 0.1712
4367 0.777464
4368 0.0344891
4369 0.491766
4370 0.10928
4371 0.202179
4372 0.302592
4373 0.219639
4374 0.590486
4375 0.599682
4376 0.0389027
4377 0.328074
4378 0.362631
4379 0.0262798
4380 0.0965973
4381 0.117059
4382 0.0635659
4383 0.278125
4384 0.21898
4385 0.336271
4386 0.597043
4387 0.325535
4388 0.173773
4389 0.0240822
4390 0.00869636
4391 0.091049
4392 0.0583081
4393 0.282042
4394 0.0896776
4395 0.270741
4396 0.280122
4397 0.608892
4398 0.210075
4399 0.598586
4400 0.191546
4401 0.431267
4402 0.237573
4403 0.199574
4404 0.369429
4405 0.297953
4406 0.0139062
4407 0.030706
4408 0.0301173
4409 0.0771908
4410 0.483539
4411 0.0222646
4412 0.611381
4413 0.100613
4414 0.180232
4415 0.358739
4416 0.0186423
4417 0.244412
4418 0.0883002
4419 0.0397133
4420 0.018915
4421 0.111724
4422 0.0305184
4423 0.319088
4424 0.264047
4425 0.0142578
4426 0.343871
4427 0.500054
4428 0.479078
4429 0.371042
4430 0.0436849
4431 0.176375
4432 0.0443903
4433 0.0273318
4434 0.293907
4435 0.20966
4436 0.781792
4437 0.373308
4438 0.246064
4439 0.0857861
4440 0.725057
4441 0.251438
4442 0.32943
4443 0.0149808
4444 0.54335
4445 0.288542
4446 0.17136
4447 0.672505
4448 0.425697
4449 0.446164
4450 0.218798
4451 0.0361911
4452 0.370303
4453 0.401335
4454 0.232907
4455 0.00721296
4456 0.656417
4457 0.0936865
4458 0.62066
4459 0.19577
4460 0.0880902
4461 0.294758
4462 0.149787
4463 0.2292
4464 0.368652
4465 0.0496966
4466 0.0969702
4467 0.132803
4468 0.422096
4469 0.428453
4470 0.234234
4471 0.045269
4472 0.384738
4473 0.0116766
4474 0.0246223
4475 0.311973
4476 0.283678
4477 0.00727729
4478 0.144982
4479 0.371326
4480 0.41417
4481 0.49925
4482 0.142882
4483 0.195663
4484 0.684388
4485 0.35687
4486 0.658487
4487 0.383156
4488 0.451201
4489 0.536561
4490 0.313672
4491 0.291175
4492 0.476135
4493 0.425688
4494 0.471437
4495 0.436014
4496 0.695341
4497 0.741603
4498 0.166511
4499 0.21026
4500 0.104806
4501 0.0199146
4502 0.244288
4503 0.0825166
4504 0.236466
4505 0.0941513
4506 0.0806558
4507 0.210628
4508 0.541222
4509 0.15539
4510 0.06027
4511 0.105881
4512 0.155242
4513 0.257505
4514 0.665
4515 0.460976
4516 0.487611
4517 0.457311
4518 0.493299
4519 0.257617
4520 0.442782
4521 0.573621
4522 0.310817
4523 0.633544
4524 0.304768
4525 0.510781
4526 0.216764
4527 0.36849
4528 0.512969
4529 0.297412
4530 0.118986
4531 0.140814
4532 0.34589
4533 0.15552
4534 0.136043
4535 0.463285
4536 0.427626
4537 0.702284
4538 0.421812
4539 0.645566
4540 0.509853
4541 0.548956
4542 0.505289
4543 0.50521
4544 0.785931
4545 0.374966
4546 0.208264
4547 0.416298
4548 0.382291
4549 0.363776
4550 0.56629
4551 0.557464
4552 0.0440098
4553 0.0831124
4554 0.144554
4555 0.158545
4556 0.029697
4557 0.142863
4558 0.157165
4559 0.777505
4560 0.135203
4561 0.315805
4562 0.587949
4563 0.260648
4564 0.47642
4565 0.526143
4566 0.528567
4567 0.560249
4568 0.373344
4569 0.539937
4570 0.0448455
4571 0.217642
4572 0.0803941
4573 0.287841
4574 0.354233
4575 0.377198
4576 0.691061
4577 0.396392
4578 0.682347
4579 0.414428
4580 0.275174
4581 0.19856
4582 0.581304
4583 0.32647
4584 0.461236
4585 0.459147
4586 0.414261
4587 0.491138
4588 0.317874
4589 0.500977
4590 0.0954006
4591 0.299876
4592 0.405661
4593 0.438689
4594 0.65232
4595 0.577663
4596 0.511466
4597 0.824275
4598 0.336007
4599 0.50329
4600 0.8156
4601 0.609454
4602 0.118314
4603 0.0630714
4604 0.0425818
4605 0.42223
4606 0.390609
4607 0.88513
4608 0.174543
4609 0.503794
4610 0.831079
4611 0.529635
4612 0.329017
4613 0.42058
4614 0.422711
4615 0.531602
4616 0.393683
4617 0.402003
4618 0.545579
4619 0.0320271
4620 0.422515
4621 0.57908
4622 0.0310724
4623 0.0366937
4624 0.0902426
4625 0.0852521
4626 0.367077
4627 0.502002
4628 0.314271
4629 0.344002
4630 0.189785
4631 0.348348
4632 0.148154
4633 0.261618
4634 0.36097
4635 0.711383
4636 0.231333
4637 0.271763
4638 0.758209
4639 0.512872
4640 0.0369221
4641 0.0396607
4642 0.10473
4643 0.273019
4644 0.0573882
4645 0.42685
4646 0.202735
4647 0.241606
4648 0.321344
4649 0.0560679
4650 0.344053
4651 0.237918
4652 0.0822625
4653 0.0603799
4654 0.140949
4655 0.47589
4656 0.458446
4657 0.591845
4658 0.49468
4659 0.352324
4660 0.335801
4661 0.286338
4662 0.509507
4663 0.0607786
4664 0.599451
4665 0.303322
4666 0.499622
4667 0.51534
4668 0.337531
4669 0.158258
4670 0.074287
4671 0.551338
4672 0.395558
4673 0.428564
4674 0.291921
4675 0.41246
4676 0.413613
4677 0.722172
4678 0.503543
4679 0.576393
4680 0.272103
4681 0.0836007
4682 0.808027
4683 0.502718
4684 0.139946
4685 0.141391
4686 0.42053
4687 0.322586
4688 0.27025
4689 0.324842
4690 0.72499
4691 0.26109
4692 0.327223
4693 0.797757
4694 0.163075
4695 0.112148
4696 0.489148
4697 0.227163
4698 0.0564003
4699 0.0220238
4700 0.470097
4701 0.468111
4702 0.398974
4703 0.432409
4704 0.296816
4705 0.054323
4706 0.451297
4707 0.175255
4708 0.101776
4709 0.617353
4710 0.505505
4711 0.192056
4712 0.475959
4713 0.238308
4714 0.131685
4715 0.326317
4716 0.560593
4717 0.38522
4718 0.101767
4719 0.385347
4720 0.0196851
4721 0.204386
4722 0.499667
4723 0.549134
4724 0.163187
4725 0.320347
4726 0.275101
4727 0.533995
4728 0.380781
4729 0.623412
4730 0.216611
4731 0.0642559
4732 0.372181
4733 0.145245
4734 0.565974
4735 0.0422032
4736 0.13372
4737 0.538635
4738 0.262413
4739 0.390431
4740 0.256807
4741 0.214735
4742 0.204242
4743 0.0419574
4744 0.436966
4745 0.0511543
4746 0.171272
4747 0.105715
4748 0.660198
4749 0.247627
4750 0.203894
4751 0.397035
4752 0.0566977
4753 0.416794
4754 0.318844
4755 0.18767
4756 0.0401837
4757 0.186558
4758 0.126667
4759 0.220268
4760 0.0409163
4761 0.221755
4762 0.426063
4763 0.0712052
4764 0.403401
4765 0.424503
4766 0.0932985
4767 0.196229
4768 0.389513
4769 0.297723
4770 0.391885
4771 0.182824
4772 0.285952
4773 0.438357
4774 0.091756
4775 0.320356
4776 0.0473756
4777 0.193152
4778 0.206722
4779 0.493904
4780 0.686857
4781 0.261512
4782 0.620566
4783 0.0871349
4784 0.264647
4785 0.234415
4786 0.125211
4787 0.664235
4788 0.656565
4789 0.250291
4790 0.0842043
4791 0.486055
4792 0.0974567
4793 0.0831424
4794 0.652464
4795 0.450531
4796 0.320706
4797 0.416592
4798 0.721848
4799 0.678898
4800 0.155713
4801 0.293628
4802 0.27795
4803 0.475043
4804 0.57785
4805 0.200323
4806 0.442066
4807 0.637475
4808 0.315033
4809 0.113983
4810 0.450872
4811 0.257799
4812 0.205849
4813 0.179095
4814 0.221679
4815 0.439527
4816 0.169409
4817 0.309773
4818 0.0619422
4819 0.23188
4820 0.247051
4821 0.227037
4822 0.487528
4823 0.310344
4824 0.137419
4825 0.202708
4826 0.136904
4827 0.162038
4828 0.098949
4829 0.141363
4830 0.124075
4831 0.138899
4832 0.186694
4833 0.318997
4834 0.181746
4835 0.220461
4836 0.30599
4837 0.176464
4838 0.161441
4839 0.223703
4840 0.219757
4841 0.691867
4842 0.261929
4843 0.243859
4844 0.263738
4845 0.268276
4846 0.366816
4847 0.230674
4848 0.364816
4849 0.409829
4850 0.50401
4851 0.27367
4852 0.112569
4853 0.201951
4854 0.17656
4855 0.393785
4856 0.276893
4857 0.522003
4858 0.505241
4859 0.490479
4860 0.361906
4861 0.465028
4862 0.525635
4863 0.142408
4864 0.392778
4865 0.380627
4866 0.283176
4867 0.586131
4868 0.330012
4869 0.182485
4870 0.098902
4871 0.166547
4872 0.191741
4873 0.461248
4874 0.114214
4875 0.0913025
4876 0.291475
4877 0.217819
4878 0.565596
4879 0.588663
4880 0.542401
4881 0.608005
4882 0.211268
4883 0.25143
4884 0.440019
4885 0.0603373
4886 0.280176
4887 0.550556
4888 0.500375
4889 0.332125
4890 0.668618
4891 0.617156
4892 0.318859
4893 0.399026
4894 0.527635
4895 0.178274
4896 0.545661
4897 0.473157
4898 0.444802
4899 0.318671
4900 0.12993
4901 0.117392
4902 0.494196
4903 0.0785725
4904 0.694994
4905 0.334258
4906 0.35411
4907 0.72373
4908 0.773231
4909 0.271761
4910 0.391393
4911 0.484349
4912 0.354757
4913 0.098542
4914 0.114288
4915 0.229202
4916 0.167546
4917 0.164682
4918 0.0964931
4919 0.0212609
4920 0.0558106
4921 0.143447
4922 0.227686
4923 0.393273
4924 0.325946
4925 0.372767
4926 0.0374706
4927 0.219499
4928 0.141078
4929 0.219157
4930 0.178587
4931 0.167593
4932 0.595219
4933 0.0607701
4934 0.102309
4935 0.0360882
4936 0.0964404
4937 0.236747
4938 0.170357
4939 0.825372
4940 0.889602
4941 0.269468
4942 0.168545
4943 0.28047
4944 0.547572
4945 0.327869
4946 0.293206
4947 0.419128
4948 0.250031
4949 0.341547
4950 0.394085
4951 0.180232
4952 0.456302
4953 0.487774
4954 0.348141
4955 0.354362
4956 0.333378
4957 0.242156
4958 0.044228
4959 0.213832
4960 0.264632
4961 0.263344
4962 0.472988
4963 0.431027
4964 0.330725
4965 0.393891
4966 0.332517
4967 0.442883
4968 0.193704
4969 0.536663
4970 0.747984
4971 0.225201
4972 0.118285
4973 0.123728
4974 0.069965
4975 0.867904
4976 0.0209148
4977 0.0577689
4978 0.382107
4979 0.0832602
4980 0.158852
4981 0.0848091
4982 0.0546308
4983 0.0502029
4984 0.0252908
4985 0.0466022
4986 0.0497462
4987 0.0487549
4988 0.0393255
4989 0.210463
4990 0.237282
4991 0.752278
4992 0.794221
4993 0.783895
4994 0.845296
4995 0.949593
4996 0.853098
4997 0.814135
4998 0.796368
4999 0.770418
5000 0.716882
5001 0.629106
5002 0.658192
5003 0.477254
5004 0.699191
5005 0.728678
5006 0.337856
5007 0.572572
5008 0.394376
5009 0.901759
5010 0.690081
5011 0.338888
5012 0.449738
5013 0.572217
5014 0.534216
5015 0.669567
5016 0.597383
5017 0.455484
5018 0.379698
5019 0.317192
5020 0.280622
5021 0.466391
5022 0.325776
5023 0.318379
5024 0.459231
5025 0.583882
5026 0.26166
5027 0.0995111
5028 0.220564
5029 0.492595
5030 0.0846691
5031 0.12972
5032 0.322357
5033 0.204954
5034 0.277496
5035 0.0452062
5036 0.249961
5037 0.0387601
5038 0.348791
5039 0.12564
5040 0.167787
5041 0.0944859
5042 0.741656
5043 0.873003
5044 0.0209658
5045 0.336482
5046 0.135604
5047 0.173331
5048 0.0198926
5049 0.0496032
5050 0.21017
5051 0.152082
5052 0.154132
5053 0.254496
5054 0.184186
5055 0.175074
5056 0.0859421
5057 0.167091
5058 0.11695
5059 0.163827
5060 0.316436
5061 0.285981
5062 0.244139
5063 0.225463
5064 0.194601
5065 0.165145
5066 0.314335
5067 0.145409
5068 0.315576
5069 0.301018
5070 0.166857
5071 0.13304
5072 0.259219
5073 0.164278
5074 0.160954
5075 0.0503742
5076 0.715673
5077 0.302178
5078 0.194694
5079 0.173971
5080 0.222206
5081 0.144725
5082 0.0306168
5083 0.0998359
5084 0.378057
5085 0.137872
5086 0.380497
5087 0.376245
5088 0.304449
5089 0.37371
5090 0.356683
5091 0.365229
5092 0.37389
5093 0.379143
5094 0.209568
5095 0.101952
5096 0.352184
5097 0.210145
5098 0.173284
5099 0.10329
5100 0.194044
5101 0.194046
5102 0.247652
5103 0.30638
5104 0.263612
5105 0.109797
5106 0.117572
5107 0.0968912
5108 0.0618638
5109 0.310158
5110 0.256384
5111 0.0410879
5112 0.0598413
5113 0.155591
5114 0.158617
5115 0.029424
5116 0.0282862
5117 0.033816
5118 0.146083
5119 0.162463
5120 0.307584
5121 0.372244
5122 0.0575413
5123 0.171484
5124 0.109918
5125 0.630843
5126 0.299334
5127 0.0246198
5128 0.04166
5129 0.277356
5130 0.127195
5131 0.667047
5132 0.327492
5133 0.231564
5134 0.309047
5135 0.233559
5136 0.198989
5137 0.176783
5138 0.314737
5139 0.0262351
5140 0.501804
5141 0.207708
5142 0.237591
5143 0.0646662
5144 0.591299
5145 0.299303
5146 0.36201
5147 0.276872
5148 0.0366437
5149 0.210539
5150 0.369745
5151 0.208488
5152 0.288172
5153 0.666721
5154 0.74137
5155 0.365189
5156 0.289856
5157 0.587864
5158 0.562051
5159 0.361973
5160 0.562057
5161 0.171764
5162 0.300603
5163 0.29592
5164 0.273362
5165 0.133423
5166 0.202306
5167 0.146758
5168 0.293014
5169 0.265971
5170 0.135148
5171 0.134716
5172 0.231297
5173 0.152452
5174 0.271148
5175 0.13807
5176 0.323518
5177 0.0882727
5178 0.0480698
5179 0.352699
5180 0.1566
5181 0.0994455
5182 0.0395168
5183 0.0908503
5184 0.193814
5185 0.223977
5186 0.0468222
5187 0.0430364
5188 0.0659913
5189 0.175616
5190 0.0819628
5191 0.169556
5192 0.157089
5193 0.0688369
5194 0.175862
5195 0.50303
5196 0.16113
5197 0.127939
5198 0.193747
5199 0.180578
5200 0.414697
5201 0.190362
5202 0.138605
5203 0.0396183
5204 0.216378
5205 0.154967
5206 0.116826
5207 0.211713
5208 0.164888
5209 0.0209367
5210 0.0136232
5211 0.050942
5212 0.0110929
5213 0.328172
5214 0.498676
5215 0.364342
5216 0.867047
5217 0.443491
5218 0.230267
5219 0.268164
5220 0.00883182
5221 0.160298
5222 0.241164
5223 0.18713
5224 0.218329
5225 0.216163
5226 0.187011
5227 0.12634
5228 0.116783
5229 0.0262933
5230 0.227939
5231 0.193322
5232 0.0288738
5233 0.241836
5234 0.325462
5235 0.37763
5236 0.304513
5237 0.0672439
5238 0.292993
5239 0.32038
5240 0.296703
5241 0.29604
5242 0.345286
5243 0.281106
5244 0.312018
5245 0.376404
5246 0.35659
5247 0.316828
5248 0.347737
5249 0.373749
5250 0.371038
5251 0.357895
5252 0.380623
5253 0.380537
5254 0.296726
5255 0.370814
5256 0.356282
5257 0.309961
5258 0.375958
5259 0.0106835
5260 0.213569
5261 0.0617758
5262 0.203034
5263 0.193516
5264 0.0340707
5265 0.0087298
5266 0.166811
5267 0.097419
5268 0.0924566
5269 0.377445
5270 0.296745
5271 0.316326
5272 0.300942
5273 0.0932028
5274 0.117568
5275 0.313933
5276 0.057153
5277 0.185882
5278 0.0749593
5279 0.0454923
5280 0.0880214
5281 0.141777
5282 0.0646286
5283 0.164837
5284 0.172291
5285 0.0790334
5286 0.237784
5287 0.207168
5288 0.821102
5289 0.344989
5290 0.345972
5291 0.176741
5292 0.106594
5293 0.170036
5294 0.205974
5295 0.152584
5296 0.235488
5297 0.183343
5298 0.177795
5299 0.0804209
5300 0.284577
5301 0.109194
5302 0.0388334
5303 0.214125
5304 0.0789111
5305 0.0160065
5306 0.190694
5307 0.0853898
5308 0.0754838
5309 0.0165928
5310 0.187337
5311 0.153395
5312 0.137623
5313 0.10512
5314 0.194629
5315 0.163071
5316 0.0322065
5317 0.1516
5318 0.247026
5319 0.192593
5320 0.0694692
5321 0.334469
5322 0.202507
5323 0.462262
5324 0.225169
5325 0.0406756
5326 0.328947
5327 0.065993
5328 0.0282524
5329 0.262818
5330 0.215759
5331 0.238196
5332 0.0507163
5333 0.0600533
5334 0.301122
5335 0.0822063
5336 0.217268
5337 0.276708
5338 0.242865
5339 0.0172407
5340 0.0521995
5341 0.147636
5342 0.0891521
5343 0.0793045
5344 0.111018
5345 0.0231255
5346 0.0159345
5347 0.0368547
5348 0.0530107
5349 0.0562933
5350 0.184086
5351 0.285824
5352 0.0824902
5353 0.370373
5354 0.315723
5355 0.379319
5356 0.32555
5357 0.296674
5358 0.357757
5359 0.314264
5360 0.165144
5361 0.370909
5362 0.0646832
5363 0.0672494
5364 0.321702
5365 0.35565
5366 0.371133
5367 0.320232
5368 0.380579
5369 0.309949
5370 0.374263
5371 0.306354
5372 0.0595885
5373 0.377732
5374 0.370034
5375 0.323418
5376 0.312026
5377 0.356341
5378 0.321738
5379 0.355659
5380 0.376371
5381 0.31683
5382 0.347705
5383 0.184528
5384 0.310105
5385 0.183732
5386 0.20584
5387 0.200748
5388 0.210435
5389 0.208868
5390 0.183422
5391 0.212326
5392 0.211191
5393 0.219527
5394 0.180111
5395 0.197948
5396 0.172501
5397 0.18347
5398 0.11754
5399 0.155448
5400 0.159056
5401 0.161319
5402 0.305768
5403 0.218957
5404 0.057013
5405 0.209418
5406 0.0447104
5407 0.0592178
5408 0.0526673
5409 0.125439
5410 0.402254
5411 0.0711182
5412 0.158264
5413 0.122037
5414 0.108785
5415 0.260203
5416 0.0379056
5417 0.183055
5418 0.0464387
5419 0.0338589
5420 0.140425
5421 0.178112
5422 0.172382
5423 0.0903846
5424 0.131728
5425 0.0452018
5426 0.15977
5427 0.0472774
5428 0.0428708
5429 0.0280875
5430 0.0361622
5431 0.030404
5432 0.0467538
5433 0.105071
5434 0.0782751
5435 0.166375
5436 0.144819
5437 0.0351077
5438 0.0348596
5439 0.0365259
5440 0.0643357
5441 0.0162358
5442 0.0187067
5443 0.0561667
5444 0.534785
5445 0.0698671
5446 0.0625701
5447 0.0134005
5448 0.0867216
5449 0.0581331
5450 0.0613295
5451 0.157864
5452 0.207849
5453 0.154412
5454 0.152582
5455 0.263121
5456 0.0265691
5457 0.0666671
5458 0.03736
5459 0.0427896
5460 0.0686641
5461 0.0469204
5462 0.109745
5463 0.0446836
5464 0.104008
5465 0.25907
5466 0.0913704
5467 0.225556
5468 0.0214456
5469 0.0807605
5470 0.109458
5471 0.167383
5472 0.104738
5473 0.11324
5474 0.207714
5475 0.110908
5476 0.0719923
5477 0.0781558
5478 0.0522062
5479 0.0310939
5480 0.0426555
5481 0.239834
5482 0.01711
5483 0.213601
5484 0.0533685
5485 0.129697
5486 0.190208
5487 0.213765
5488 0.299421
5489 0.105456
5490 0.0376126
5491 0.0646566
5492 0.110261
5493 0.103545
5494 0.156814
5495 0.0589445
5496 0.0725344
5497 0.0347157
5498 0.0405625
5499 0.244325
5500 0.114945
5501 0.0793683
5502 0.283813
5503 0.0939181
5504 0.0961965
5505 0.0521137
5506 0.362814
5507 0.138626
5508 0.0166943
5509 0.286694
5510 0.795548
5511 0.457955
5512 0.276985
5513 0.682982
5514 0.0919148
5515 0.118407
5516 0.193252
5517 0.155322
5518 0.10991
5519 0.0144279
5520 0.19446
5521 0.166226
5522 0.214321
5523 0.165636
5524 0.163904
5525 0.0584014
5526 0.176901
5527 0.165974
5528 0.159296
5529 0.140231
5530 0.157384
5531 0.135801
5532 0.166602
5533 0.162656
5534 0.173461
5535 0.0810145
5536 0.17394
5537 0.0765795
5538 0.0971113
5539 0.093214
5540 0.00837207
5541 0.00990512
5542 0.157006
5543 0.191102
5544 0.193512
5545 0.182621
5546 0.0555752
5547 0.569539
5548 0.340621
5549 0.407257
5550 0.267467
5551 0.286054
5552 0.289721
5553 0.165214
5554 0.62028
5555 0.050168
5556 0.0157074
5557 0.0214814
5558 0.0262661
5559 0.0207204
5560 0.0635392
5561 0.0167549
5562 0.015787
5563 0.329914
5564 0.208451
5565 0.0510062
5566 0.195039
5567 0.0796577
5568 0.183498
5569 0.060724
5570 0.450552
5571 0.0635419
5572 0.069385
5573 0.169581
5574 0.560967
5575 0.174943
5576 0.017462
5577 0.180008
5578 0.172102
5579 0.356868
5580 0.0238977
5581 0.357409
5582 0.38025
5583 0.175505
5584 0.0581003
5585 0.0607083
5586 0.0796499
5587 0.183489
5588 0.450603
5589 0.025047
5590 0.0257459
5591 0.117406
5592 0.247467
5593 0.0661144
5594 0.146137
5595 0.179437
5596 0.065127
5597 0.339921
5598 0.150083
5599 0.310589
5600 0.194704
5601 0.0663385
5602 0.2102
5603 0.21253
5604 0.295045
5605 0.334831
5606 0.455173
5607 0.304479
5608 0.385107
5609 0.269791
5610 0.369254
5611 0.207281
5612 0.270297
5613 0.0861663
5614 0.180889
5615 0.0442973
5616 0.0135822
5617 0.347485
5618 0.145344
5619 0.113455
5620 0.228416
5621 0.302668
5622 0.0305536
5623 0.240227
5624 0.293007
5625 0.204326
5626 0.351643
5627 0.213194
5628 0.496348
5629 0.434766
5630 0.183835
5631 0.772901
5632 0.346241
5633 0.556118
5634 0.653546
5635 0.372085
5636 0.1248
5637 0.108052
5638 0.0676733
5639 0.182665
5640 0.0914838
5641 0.570846
5642 0.306566
5643 0.623438
5644 0.153719
5645 0.435156
5646 0.157324
5647 0.182561
5648 0.192068
5649 0.0262333
5650 0.406464
5651 0.0850072
5652 0.362912
5653 0.0330166
5654 0.412332
5655 0.25637
5656 0.150479
5657 0.180586
5658 0.244298
5659 0.318734
5660 0.26602
5661 0.209623
5662 0.0915408
5663 0.260996
5664 0.197606
5665 0.097233
5666 0.229961
5667 0.12271
5668 0.149887
5669 0.0308128
5670 0.213755
5671 0.0685189
5672 0.303868
5673 0.0900329
5674 0.149721
5675 0.095728
5676 0.252819
5677 0.254897
5678 0.238796
5679 0.155542
5680 0.121899
5681 0.204403
5682 0.325678
5683 0.459539
5684 0.854198
5685 0.138409
5686 0.300493
5687 0.445419
5688 0.156865
5689 0.327176
5690 0.192649
5691 0.0744401
5692 0.248777
5693 0.474387
5694 0.55565
5695 0.57448
5696 0.672837
5697 0.369507
5698 0.413661
5699 0.123384
5700 0.239468
5701 0.334248
5702 0.0900319
5703 0.363279
5704 0.0893436
5705 0.0526115
5706 0.367962
5707 0.034124
5708 0.266725
5709 0.231983
5710 0.0691346
5711 0.0737771
5712 0.310652
5713 0.11256
5714 0.454577
5715 0.0809258
5716 0.138935
5717 0.404841
5718 0.446426
5719 0.224168
5720 0.251723
5721 0.126061
5722 0.0291924
5723 0.11543
5724 0.055976
5725 0.223868
5726 0.375201
5727 0.0585463
5728 0.0291333
5729 0.028756
5730 0.106952
5731 0.44647
5732 0.0591157
5733 0.0816158
5734 0.251088
5735 0.14099
5736 0.229998
5737 0.216011
5738 0.149189
5739 0.0410978
5740 0.110136
5741 0.0409351
5742 0.301089
5743 0.428545
5744 0.199872
5745 0.247933
5746 0.298131
5747 0.0788777
5748 0.0287688
5749 0.21273
5750 0.213408
5751 0.25873
5752 0.405877
5753 0.0976227
5754 0.279316
5755 0.0852296
5756 0.608675
5757 0.126633
5758 0.308928
5759 0.48907
5760 0.321089
5761 0.0814848
5762 0.189964
5763 0.237124
5764 0.215044
5765 0.410894
5766 0.132961
5767 0.964643
5768 0.53086
5769 0.306538
5770 0.402814
5771 0.384346
5772 0.139116
5773 0.490636
5774 0.0600461
5775 0.158349
5776 0.219129
5777 0.200459
5778 0.0455161
5779 0.0290641
5780 0.115006
5781 0.401184
5782 0.0694896
5783 0.223334
5784 0.0787057
5785 0.312537
5786 0.0530806
5787 0.0939595
5788 0.127596
5789 0.221316
5790 0.192511
5791 0.0978624
5792 0.0823819
5793 0.0870116
5794 0.325127
5795 0.315448
5796 0.206191
5797 0.207704
5798 0.387778
5799 0.429783
5800 0.153277
5801 0.17067
5802 0.505622
5803 0.113923
5804 0.115094
5805 0.283635
5806 0.188353
5807 0.154763
5808 0.312409
5809 0.148171
5810 0.2692
5811 0.0542524
5812 0.182629
5813 0.130368
5814 0.249949
5815 0.132315
5816 0.261805
5817 0.475705
5818 0.309785
5819 0.149162
5820 0.325695
5821 0.648193
5822 0.164521
5823 0.0830924
5824 0.275095
5825 0.0723985
5826 0.384016
5827 0.264231
5828 0.141012
5829 0.0620882
5830 0.223629
5831 0.0965271
5832 0.261094
5833 0.395007
5834 0.205918
5835 0.746743
5836 0.257982
5837 0.373541
5838 0.173597
5839 0.314914
5840 0.0561663
5841 0.271451
5842 0.140028
5843 0.165093
5844 0.0769929
5845 0.2
5846 0.246867
5847 0.0605211
5848 0.0272672
5849 0.0743456
5850 0.0637297
5851 0.148905
5852 0.109092
5853 0.0528738
5854 0.331403
5855 0.468335
5856 0.271667
5857 0.597127
5858 0.245088
5859 0.285829
5860 0.224933
5861 0.0430461
5862 0.351533
5863 0.0843598
5864 0.297618
5865 0.216507
5866 0.33639
5867 0.239113
5868 0.0289991
5869 0.234062
5870 0.30143
5871 0.365393
5872 0.166996
5873 0.259089
5874 0.0773004
5875 0.339879
5876 0.117489
5877 0.0542366
5878 0.172523
5879 0.294584
5880 0.1145
5881 0.122763
5882 0.0666728
5883 0.0408694
5884 0.316555
5885 0.0745226
5886 0.109214
5887 0.13989
5888 0.0913643
5889 0.0549878
5890 0.0583077
5891 0.223638
5892 0.139026
5893 0.28294
5894 0.0600294
5895 0.117377
5896 0.0828129
5897 0.0789692
5898 0.116217
5899 0.190811
5900 0.103747
5901 0.207994
5902 0.120189
5903 0.0393891
5904 0.0702646
5905 0.0780879
5906 0.243263
5907 0.0326685
5908 0.256737
5909 0.207179
5910 0.409715
5911 0.21655
5912 0.813617
5913 0.211165
5914 0.0836855
5915 0.372011
5916 0.0266676
5917 0.0961609
5918 0.0250622
5919 0.177115
5920 0.0226668
5921 0.0459747
5922 0.0740246
5923 0.103886
5924 0.338716
5925 0.0441416
5926 0.0937166
5927 0.112408
5928 0.412394
5929 0.13567
5930 0.0606199
5931 0.225641
5932 0.0379152
5933 0.230906
5934 0.0688331
5935 0.0353275
5936 0.316223
5937 0.403137
5938 0.595198
5939 0.196475
5940 0.26306
5941 0.267152
5942 0.177399
5943 0.490058
5944 0.656145
5945 0.379997
5946 0.0680444
5947 0.190028
5948 0.512634
5949 0.316228
5950 0.740631
5951 0.167636
5952 0.0182736
5953 0.0122685
5954 0.0619052
5955 0.0123106
5956 0.0241635
5957 0.110473
5958 0.0221513
5959 0.025188
5960 0.363294
5961 0.223831
5962 0.692404
5963 0.685316
5964 0.482727
5965 0.782314
5966 0.311408
5967 0.488177
5968 0.527007
5969 0.394936
5970 0.6509
5971 0.164078
5972 0.640957
5973 0.806625
5974 0.263273
5975 0.578875
5976 0.738638
5977 0.772952
5978 0.272556
5979 0.439147
5980 0.136632
5981 0.243919
5982 0.693987
5983 0.62525
5984 0.639535
5985 0.283362
5986 0.511449
5987 0.824701
5988 0.501675
5989 0.763342
5990 0.281007
5991 0.067197
5992 0.572538
5993 0.226292
5994 0.676115
5995 0.62453
5996 0.289924
5997 0.51662
5998 0.255259
5999 0.521404
6000 0.892144
6001 0.832859
6002 0.885933
6003 0.324239
6004 0.7334
6005 0.333898
6006 0.132107
6007 0.646603
6008 0.785577
6009 0.290924
6010 0.118111
6011 0.573673
6012 0.556884
6013 0.770248
6014 0.339062
6015 0.693174
6016 0.588335
6017 0.320454
6018 0.143731
6019 0.43326
6020 0.357561
6021 0.292752
6022 0.13606
6023 0.625414
6024 0.140239
6025 0.513055
6026 0.629037
6027 0.0547469
6028 0.162995
6029 0.495693
6030 0.374152
6031 0.447626
6032 0.27893
6033 0.201856
6034 0.0678227
6035 0.288927
6036 0.457529
6037 0.276519
6038 0.073203
6039 0.578242
6040 0.565616
6041 0.419885
6042 0.412971
6043 0.409042
6044 0.349697
6045 0.681456
6046 0.522342
6047 0.21743
6048 0.273451
6049 0.492861
6050 0.175975
6051 0.287857
6052 0.0362511
6053 0.526263
6054 0.151559
6055 0.271336
6056 0.735328
6057 0.354774
6058 0.497477
6059 0.426242
6060 0.627606
6061 0.730527
6062 0.129002
6063 0.320724
6064 0.678415
6065 0.670215
6066 0.587126
6067 0.169268
6068 0.580117
6069 0.134468
6070 0.115725
6071 0.210721
6072 0.209251
6073 0.495677
6074 0.703066
6075 0.24157
6076 0.415725
6077 0.519751
6078 0.509305
6079 0.434522
6080 0.180059
6081 0.248635
6082 0.185259
6083 0.378385
6084 0.810394
6085 0.600958
6086 0.509457
6087 0.25667
6088 0.105961
6089 0.701232
6090 0.496098
6091 0.525098
6092 0.155084
6093 0.43662
6094 0.589361
6095 0.371228
6096 0.312908
6097 0.696195
6098 0.846918
6099 0.246772
6100 0.626248
6101 0.549451
6102 0.464247
6103 0.837004
6104 0.789821
6105 0.515191
6106 0.580919
6107 0.782342
6108 0.919398
6109 0.790047
6110 0.359412
6111 0.341278
6112 0.299155
6113 0.430457
6114 0.0946014
6115 0.39411
6116 0.704456
6117 0.756623
6118 0.148315
6119 0.382343
6120 0.352863
6121 0.59668
6122 0.167164
6123 0.437472
6124 0.259277
6125 0.7082
6126 0.396696
6127 0.314449
6128 0.320479
6129 0.372091
6130 0.833151
6131 0.68511
6132 0.357914
6133 0.37653
6134 0.763627
6135 0.475348
6136 0.684847
6137 0.319047
6138 0.468982
6139 0.698404
6140 0.826838
6141 0.396939
6142 0.879161
6143 0.54655
6144 0.492102
6145 0.432664
6146 0.575793
6147 0.522814
6148 0.77501
6149 0.79545
6150 0.786898
6151 0.546671
6152 0.408426
6153 0.788096
6154 0.459237
6155 0.446199
6156 0.636936
6157 0.220321
6158 0.525586
6159 0.0802023
6160 0.686723
6161 0.145625
6162 0.216987
6163 0.376059
6164 0.46534
6165 0.381457
6166 0.292343
6167 0.811934
6168 0.835825
6169 0.585756
6170 0.700714
6171 0.754813
6172 0.66964
6173 0.188714
6174 0.134993
6175 0.370642
6176 0.360317
6177 0.290921
6178 0.510571
6179 0.0498218
6180 0.143612
6181 0.548715
6182 0.401817
6183 0.302817
6184 0.391984
6185 0.163554
6186 0.393186
6187 0.391299
6188 0.620362
6189 0.505536
6190 0.851452
6191 0.529378
6192 0.672435
6193 0.752542
6194 0.611631
6195 0.235381
6196 0.41841
6197 0.62663
6198 0.563723
6199 0.239507
6200 0.768093
6201 0.189084
6202 0.427866
6203 0.773701
6204 0.331877
6205 0.534497
6206 0.833367
6207 0.540054
6208 0.790747
6209 0.351761
6210 0.855284
6211 0.309055
6212 0.642882
6213 0.660125
6214 0.913305
6215 0.930379
6216 0.3741
6217 0.813537
6218 0.584406
6219 0.557748
6220 0.469511
6221 0.28912
6222 0.717598
6223 0.104593
6224 0.852985
6225 0.535475
6226 0.297402
6227 0.698074
6228 0.686069
6229 0.106393
6230 0.750217
6231 0.202524
6232 0.625
6233 0.334766
6234 0.234848
6235 0.664858
6236 0.174805
6237 0.121319
6238 0.0423929
6239 0.523753
6240 0.487924
6241 0.555937
6242 0.738288
6243 0.806467
6244 0.322357
6245 0.507596
6246 0.162474
6247 0.472679
6248 0.545828
6249 0.400677
6250 0.370487
6251 0.0623868
6252 0.413909
6253 0.58623
6254 0.47419
6255 0.320394
6256 0.177407
6257 0.335984
6258 0.665913
6259 0.687461
6260 0.606666
6261 0.427129
6262 0.452409
6263 0.20714
6264 0.411182
6265 0.7599
6266 0.273906
6267 0.532397
6268 0.636749
6269 0.647468
6270 0.436785
6271 0.656916
6272 0.350804
6273 0.738302
6274 0.512267
6275 0.784028
6276 0.352264
6277 0.617774
6278 0.335943
6279 0.126819
6280 0.38399
6281 0.532063
6282 0.6506
6283 0.769338
6284 0.203662
6285 0.437748
6286 0.565154
6287 0.339909
6288 0.783287
6289 0.406763
6290 0.15168
6291 0.239069
6292 0.2043
6293 0.693066
6294 0.435046
6295 0.732969
6296 0.0994812
6297 0.43315
6298 0.491968
6299 0.670304
6300 0.520885
6301 0.319106
6302 0.347004
6303 0.800278
6304 0.198024
6305 0.126722
6306 0.406323
6307 0.132436
6308 0.328408
6309 0.731341
6310 0.485736
6311 0.430642
6312 0.446276
6313 0.210715
6314 0.495386
6315 0.335582
6316 0.200893
6317 0.137866
6318 0.194551
6319 0.449933
6320 0.344659
6321 0.516424
6322 0.643012
6323 0.251491
6324 0.199905
6325 0.743503
6326 0.737512
6327 0.524679
6328 0.913724
6329 0.641993
6330 0.928134
6331 0.71806
6332 0.808543
6333 0.626414
6334 0.952603
6335 0.573228
6336 0.853073
6337 0.819236
6338 0.789972
6339 0.720283
6340 0.685347
6341 0.80353
6342 0.714446
6343 0.162317
6344 0.617321
6345 0.783651
6346 0.875669
6347 0.713568
6348 0.681605
6349 0.895988
6350 0.570825
6351 0.553141
6352 0.833346
6353 0.628918
6354 0.940421
6355 0.891788
6356 0.53631
6357 0.673872
6358 0.369651
6359 0.893941
6360 0.613093
6361 0.779175
6362 0.791944
6363 0.761677
6364 0.570808
6365 0.786966
6366 0.804559
6367 0.592844
6368 0.769422
6369 0.777906
6370 0.706662
6371 0.466434
6372 0.524431
6373 0.647021
6374 0.325519
6375 0.18945
6376 0.385619
6377 0.628902
6378 0.328549
6379 0.784462
6380 0.803817
6381 0.695635
6382 0.702718
6383 0.731759
6384 0.68869
6385 0.906885
6386 0.418705
6387 0.894772
6388 0.770732
6389 0.937563
6390 0.765954
6391 0.490935
6392 0.517549
6393 0.677312
6394 0.572601
6395 0.280476
6396 0.500612
6397 0.255089
6398 0.566613
6399 0.170026
6400 0.863001
6401 0.707039
6402 0.803529
6403 0.774251
6404 0.428124
6405 0.245852
6406 0.589762
6407 0.679104
6408 0.373593
6409 0.434027
6410 0.275061
6411 0.840018
6412 0.738426
6413 0.82261
6414 0.914946
6415 0.951859
6416 0.398291
6417 0.416142
6418 0.782731
6419 0.79453
6420 0.944774
6421 0.428764
6422 0.723632
6423 0.891293
6424 0.858858
6425 0.462192
6426 0.628853
6427 0.335261
6428 0.320333
6429 0.716347
6430 0.596613
6431 0.782739
6432 0.622487
6433 0.861211
6434 0.870718
6435 0.844943
6436 0.901572
6437 0.50185
6438 0.561201
6439 0.790253
6440 0.855413
6441 0.619696
6442 0.739929
6443 0.744409
6444 0.419933
6445 0.727569
6446 0.872082
6447 0.770569
6448 0.828201
6449 0.619661
6450 0.891061
6451 0.776126
6452 0.656397
6453 0.783412
6454 0.844465
6455 0.64668
6456 0.94343
6457 0.842333
6458 0.757497
6459 0.837352
6460 0.791023
6461 0.615948
6462 0.691407
6463 0.670541
6464 0.903415
6465 0.693416
6466 0.852879
6467 0.86488
6468 0.522524
6469 0.52274
6470 0.616079
6471 0.545256
6472 0.568038
6473 0.613747
6474 0.92233
6475 0.837517
6476 0.811411
6477 0.796582
6478 0.745567
6479 0.798028
6480 0.848337
6481 0.537316
6482 0.605787
6483 0.692604
6484 0.492791
6485 0.374594
6486 0.558577
6487 0.375798
6488 0.567874
6489 0.204585
6490 0.712044
6491 0.841209
6492 0.582227
6493 0.341528
6494 0.340577
6495 0.289579
6496 0.88009
6497 0.878781
6498 0.754764
6499 0.813824
6500 0.812189
6501 0.730198
6502 0.714131
6503 0.794971
6504 0.879695
6505 0.540162
6506 0.431717
6507 0.811659
6508 0.705559
6509 0.517761
6510 0.826307
6511 0.410195
6512 0.931956
6513 0.482127
6514 0.641698
6515 0.634961
6516 0.672415
6517 0.902637
6518 0.568294
6519 0.540845
6520 0.643725
6521 0.47079
6522 0.830491
6523 0.66118
6524 0.853286
6525 0.558661
6526 0.807295
6527 0.852936
6528 0.658845
6529 0.872679
6530 0.4868
6531 0.889805
6532 0.795186
6533 0.369256
6534 0.887383
6535 0.434643
6536 0.732295
6537 0.816819
6538 0.757639
6539 0.880885
6540 0.625591
6541 0.317886
6542 0.307643
6543 0.422657
6544 0.387642
6545 0.625118
6546 0.703724
6547 0.654196
6548 0.823332
6549 0.787522
6550 0.72163
6551 0.89129
6552 0.58904
6553 0.599001
6554 0.701105
6555 0.892672
6556 0.754524
6557 0.87981
6558 0.379506
6559 0.825214
6560 0.50946
6561 0.664249
6562 0.613835
6563 0.828694
6564 0.802672
6565 0.803775
6566 0.81829
6567 0.741566
6568 0.631289
6569 0.827721
6570 0.809372
6571 0.524954
6572 0.97743
6573 0.575147
6574 0.97653
6575 0.767738
6576 0.659371
6577 0.714052
6578 0.578717
6579 0.80913
6580 0.756642
6581 0.773552
6582 0.450251
6583 0.76239
6584 0.542023
6585 0.750909
6586 0.682408
6587 0.754515
6588 0.874822
6589 0.867458
6590 0.659901
6591 0.392424
6592 0.718339
6593 0.759947
6594 0.648982
6595 0.608205
6596 0.791352
6597 0.688473
6598 0.496583
6599 0.642993
6600 0.653888
6601 0.545292
6602 0.828298
6603 0.828132
6604 0.65024
6605 0.718188
6606 0.7782
6607 0.841937
6608 0.648446
6609 0.769038
6610 0.7478
6611 0.349715
6612 0.704974
6613 0.849844
6614 0.445627
6615 0.397126
6616 0.70332
6617 0.706092
6618 0.758578
6619 0.850714
6620 0.737217
6621 0.78875
6622 0.438945
6623 0.434974
6624 0.725211
6625 0.718966
6626 0.572674
6627 0.750979
6628 0.539114
6629 0.612331
6630 0.838508
6631 0.816961
6632 0.486458
6633 0.640608
6634 0.431134
6635 0.600766
6636 0.544032
6637 0.324342
6638 0.547543
6639 0.555004
6640 0.638674
6641 0.549786
6642 0.854878
6643 0.684935
6644 0.689313
6645 0.775787
6646 0.659799
6647 0.577187
6648 0.558809
6649 0.687728
6650 0.314223
6651 0.7478
6652 0.416196
6653 0.734339
6654 0.7819
6655 0.311637
6656 0.747259
6657 0.530429
6658 0.644388
6659 0.695089
6660 0.83228
6661 0.740906
6662 0.882864
6663 0.614428
6664 0.916189
6665 0.858491
6666 0.63857
6667 0.991771
6668 0.792301
6669 0.619232
6670 0.858965
6671 0.93511
6672 0.845428
6673 0.894203
6674 0.772746
6675 0.708809
6676 0.936908
6677 0.891453
6678 0.868514
6679 0.846674
6680 0.716897
6681 0.897979
6682 0.86479
6683 0.657897
6684 0.961028
6685 0.746197
6686 0.797208
6687 0.619035
6688 0.645982
6689 0.889105
6690 0.692936
6691 0.624481
6692 0.930878
6693 0.657371
6694 0.738567
6695 0.924418
6696 0.871339
6697 0.941363
6698 0.707623
6699 0.77054
6700 0.791553
6701 0.703678
6702 0.90819
6703 0.842636
6704 0.953523
6705 0.724759
6706 0.799691
6707 0.867621
6708 0.741599
6709 0.61951
6710 0.757009
6711 0.695769
6712 0.834017
6713 0.721293
6714 0.836427
6715 0.696911
6716 0.815533
6717 0.7774
6718 0.70638
6719 0.610119
6720 0.604417
6721 0.906169
6722 0.878163
6723 0.824963
6724 0.624216
6725 0.861932
6726 0.732525
6727 0.794878
6728 0.744137
6729 0.593224
6730 0.725622
6731 0.767512
6732 0.588515
6733 0.972484
6734 0.687181
6735 0.698326
6736 0.896805
6737 0.480734
6738 0.959231
6739 0.570466
6740 0.770266
6741 0.78721
6742 0.714247
6743 0.789422
6744 0.832026
6745 0.149215
6746 0.718903
6747 0.696251
6748 0.731049
6749 0.611065
6750 0.632778
6751 0.727991
6752 0.467371
6753 0.38508
6754 0.104834
6755 0.157057
6756 0.77033
6757 0.604777
6758 0.770376
6759 0.482779
6760 0.247869
6761 0.57661
6762 0.248248
6763 0.873536
6764 0.22568
6765 0.247192
6766 0.205945
6767 0.194379
6768 0.463882
6769 0.357686
6770 0.113404
6771 0.227015
6772 0.0188258
6773 0.16927
6774 0.168454
6775 0.402159
6776 0.142229
6777 0.124867
6778 0.0915918
6779 0.100303
6780 0.256149
6781 0.165566
6782 0.067785
6783 0.095742
6784 0.0847099
6785 0.0781742
6786 0.176103
6787 0.42124
6788 0.159454
6789 0.272042
6790 0.242764
6791 0.156314
6792 0.471449
6793 0.0440111
6794 0.402159
6795 0.36731
6796 0.229604
6797 0.0833222
6798 0.155001
6799 0.109511
6800 0.170959
6801 0.0960965
6802 0.0724606
6803 0.145086
6804 0.265556
6805 0.125101
6806 0.16764
6807 0.259033
6808 0.507054
6809 0.101665
6810 0.206416
6811 0.175564
6812 0.0858628
6813 0.169279
6814 0.0611684
6815 0.0330215
6816 0.21571
6817 0.385691
6818 0.276376
6819 0.189819
6820 0.249562
6821 0.187035
6822 0.443464
6823 0.236578
6824 0.270381
6825 0.268508
6826 0.0742047
6827 0.0907826
6828 0.378538
6829 0.329616
6830 0.0787923
6831 0.0906026
6832 0.1279
6833 0.0708576
6834 0.212394
6835 0.117527
6836 0.184088
6837 0.0953909
6838 0.208474
6839 0.134588
6840 0.0858472
6841 0.266441
6842 0.264573
6843 0.136979
6844 0.337509
6845 0.0842712
6846 0.156314
6847 0.379932
6848 0.0680862
6849 0.1475
6850 0.217814
6851 0.195673
6852 0.155906
6853 0.20468
6854 0.0955988
6855 0.481764
6856 0.156314
6857 0.15526
6858 0.204556
6859 0.080762
6860 0.464985
6861 0.165566
6862 0.0878156
6863 0.176542
6864 0.0412903
6865 0.176543
6866 0.272195
6867 0.209989
6868 0.257515
6869 0.24734
6870 0.127376
6871 0.247339
6872 0.214527
6873 0.125252
6874 0.079139
6875 0.478229
6876 0.293307
6877 0.140794
6878 0.0690252
6879 0.428487
6880 0.108842
6881 0.0844893
6882 0.151626
6883 0.235349
6884 0.239629
6885 0.450396
6886 0.125252
6887 0.154854
6888 0.780617
6889 0.126754
6890 0.780607
6891 0.45023
6892 0.0540222
6893 0.170959
6894 0.733408
6895 0.101952
6896 0.210257
6897 0.0742584
6898 0.444482
6899 0.228533
6900 0.412449
6901 0.722217
6902 0.120094
6903 0.23693
6904 0.04728
6905 0.232644
6906 0.0840678
6907 0.456063
6908 0.319555
6909 0.32633
6910 0.245064
6911 0.262488
6912 0.15533
6913 0.170574
6914 0.362206
6915 0.240161
6916 0.104962
6917 0.114085
6918 0.133653
6919 0.322883
6920 0.120402
6921 0.32148
6922 0.316001
6923 0.780609
6924 0.0787923
6925 0.214527
6926 0.205945
6927 0.16764
6928 0.210821
6929 0.292625
6930 0.053419
6931 0.164196
6932 0.0995399
6933 0.103966
6934 0.156314
6935 0.300842
6936 0.145981
6937 0.431532
6938 0.0957655
6939 0.168454
6940 0.137077
6941 0.165243
6942 0.16927
6943 0.072072
6944 0.468863
6945 0.130664
6946 0.17207
6947 0.0914396
6948 0.207527
6949 0.0558904
6950 0.16764
6951 0.125275
6952 0.137231
6953 0.174955
6954 0.471449
6955 0.210821
6956 0.0787923
6957 0.120114
6958 0.791493
6959 0.245632
6960 0.327419
6961 0.0206821
6962 0.745487
6963 0.137057
6964 0.121141
6965 0.949477
6966 0.0304279
6967 0.384489
6968 0.163633
6969 0.13069
6970 0.443625
6971 0.237518
6972 0.283077
6973 0.260801
6974 0.307289
6975 0.437011
6976 0.155001
6977 0.074542
6978 0.186444
6979 0.262402
6980 0.123296
6981 0.107763
6982 0.177437
6983 0.105261
6984 0.528053
6985 0.636948
6986 0.810806
6987 0.542413
6988 0.431203
6989 0.14668
6990 0.300801
6991 0.38619
6992 0.335241
6993 0.323792
6994 0.328862
6995 0.412129
6996 0.304364
6997 0.442854
6998 0.125252
6999 0.191245
7000 0.584113
7001 0.0982266
7002 0.501733
7003 0.229949
7004 0.105246
7005 0.0960945
7006 0.402159
7007 0.153826
7008 0.161141
7009 0.303374
7010 0.232731
7011 0.0742584
7012 0.250321
7013 0.205945
7014 0.403412
7015 0.165769
7016 0.507811
7017 0.554559
7018 0.144189
7019 0.129084
7020 0.164213
7021 0.358083
7022 0.088219
7023 0.0923111
7024 0.134474
7025 0.253996
7026 0.594275
7027 0.315006
7028 0.16034
7029 0.179302
7030 0.125252
7031 0.255525
7032 0.45023
7033 0.16927
7034 0.154854
7035 0.442127
7036 0.494674
7037 0.165243
7038 0.471449
7039 0.188588
7040 0.251749
7041 0.154855
7042 0.471449
7043 0.402859
7044 0.162047
7045 0.120114
7046 0.179302
7047 0.105246
7048 0.139201
7049 0.132008
7050 0.0268912
7051 0.111163
7052 0.145981
7053 0.134056
7054 0.348751
7055 0.148806
7056 0.485967
7057 0.183522
7058 0.128871
7059 0.224868
7060 0.179302
7061 0.119818
7062 0.396076
7063 0.140449
7064 0.15421
7065 0.120977
7066 0.262731
7067 0.365122
7068 0.221731
7069 0.0830862
7070 0.449962
7071 0.0258418
7072 0.378774
7073 0.124824
7074 0.337375
7075 0.176636
7076 0.20637
7077 0.133175
7078 0.58856
7079 0.700289
7080 0.923917
7081 0.471715
7082 0.200191
7083 0.372069
7084 0.368936
7085 0.105559
7086 0.153016
7087 0.134395
7088 0.0638196
7089 0.12881
7090 0.380732
7091 0.0933508
7092 0.565562
7093 0.641481
7094 0.0480063
7095 0.162022
7096 0.34669
7097 0.216832
7098 0.184993
7099 0.14509
7100 0.383042
7101 0.0995292
7102 0.0104004
7103 0.214815
7104 0.134448
7105 0.235718
7106 0.1094
7107 0.193066
7108 0.0680487
7109 0.381392
7110 0.577293
7111 0.298344
7112 0.160775
7113 0.156814
7114 0.0998157
7115 0.118717
7116 0.116947
7117 0.190553
7118 0.105681
7119 0.0675188
7120 0.0875882
7121 0.0738272
7122 0.137781
7123 0.09574
7124 0.0865253
7125 0.015602
7126 0.092776
7127 0.0998979
7128 0.203048
7129 0.0705157
7130 0.180111
7131 0.080321
7132 0.187082
7133 0.298555
7134 0.130397
7135 0.315962
7136 0.198275
7137 0.191461
7138 0.0458958
7139 0.6789
7140 0.0389869
7141 0.123159
7142 0.265404
7143 0.163102
7144 0.268387
7145 0.248088
7146 0.0727628
7147 0.182668
7148 0.166614
7149 0.161486
7150 0.0902794
7151 0.335374
7152 0.103382
7153 0.148103
7154 0.335573
7155 0.248658
7156 0.114601
7157 0.120309
7158 0.236624
7159 0.116694
7160 0.0566703
7161 0.133707
7162 0.024575
7163 0.188168
7164 0.128166
7165 0.0732537
7166 0.0652922
7167 0.0121499
7168 0.118513
7169 0.291832
7170 0.1119
7171 0.122594
7172 0.350612
7173 0.0283708
7174 0.171032
7175 0.332288
7176 0.103476
7177 0.117263
7178 0.0668867
7179 0.0410816
7180 0.196862
7181 0.159397
7182 0.149272
7183 0.0451021
7184 0.0478803
7185 0.246721
7186 0.265487
7187 0.12098
7188 0.282791
7189 0.222475
7190 0.0380765
7191 0.0337097
7192 0.0167563
7193 0.228855
7194 0.371318
7195 0.170721
7196 0.277689
7197 0.259421
7198 0.0126986
7199 0.154649
7200 0.0436837
7201 0.10037
7202 0.31719
7203 0.260055
7204 0.122546
7205 0.202223
7206 0.184065
7207 0.131447
7208 0.453849
7209 0.124457
7210 0.292241
7211 0.258919
7212 0.0969557
7213 0.262152
7214 0.170393
7215 0.0910282
7216 0.317047
7217 0.294231
7218 0.175535
7219 0.0434613
7220 0.066449
7221 0.267566
7222 0.331008
7223 0.264521
7224 0.175989
7225 0.21597
7226 0.0832432
7227 0.0276648
7228 0.12897
7229 0.16375
7230 0.159241
7231 0.204694
7232 0.183432
7233 0.175922
7234 0.0507715
7235 0.266013
7236 0.160947
7237 0.246812
7238 0.172358
7239 0.493022
7240 0.259819
7241 0.180832
7242 0.166822
7243 0.236823
7244 0.02115
7245 0.564357
7246 0.357701
7247 0.473895
7248 0.117875
7249 0.137933
7250 0.303268
7251 0.377269
7252 0.364161
7253 0.208183
7254 0.491033
7255 0.3279
7256 0.256774
7257 0.117086
7258 0.0557361
7259 0.34638
7260 0.205972
7261 0.0814534
7262 0.248792
7263 0.267632
7264 0.119118
7265 0.150904
7266 0.25969
7267 0.271743
7268 0.277462
7269 0.008683
7270 0.312502
7271 0.185456
7272 0.266629
7273 0.142947
7274 0.209531
7275 0.110246
7276 0.507054
7277 0.122199
7278 0.116525
7279 0.108027
7280 0.0725469
7281 0.203095
7282 0.0383447
7283 0.2467
7284 0.241209
7285 0.111142
7286 0.462325
7287 0.118799
7288 0.164273
7289 0.471715
7290 0.402023
7291 0.153262
7292 0.0111747
7293 0.13187
7294 0.177001
7295 0.156758
7296 0.165274
7297 0.153262
7298 0.128146
7299 0.0867945
7300 0.166546
7301 0.165243
7302 0.209281
7303 0.157959
7304 0.190083
7305 0.174955
7306 0.16764
7307 0.485967
7308 0.165243
7309 0.168454
7310 0.018654
7311 0.454534
7312 0.161141
7313 0.471715
7314 0.110883
7315 0.156758
7316 0.485967
7317 0.462325
7318 0.456901
7319 0.0967596
7320 0.576691
7321 0.0499498
7322 0.220534
7323 0.411023
7324 0.100731
7325 0.507502
7326 0.50169
7327 0.713842
7328 0.343593
7329 0.1161
7330 0.0749201
7331 0.307288
7332 0.430214
7333 0.00891603
7334 0.77092
7335 0.312492
7336 0.759144
7337 0.936084
7338 0.282247
7339 0.02669
7340 0.154163
7341 0.246606
7342 0.137057
7343 0.116094
7344 0.107222
7345 0.217928
7346 0.253048
7347 0.156054
7348 0.129829
7349 0.20921
7350 0.246269
7351 0.215644
7352 0.018309
7353 0.184693
7354 0.238875
7355 0.155001
7356 0.0117863
7357 0.160755
7358 0.160251
7359 0.153262
7360 0.178795
7361 0.173873
7362 0.468316
7363 0.147741
7364 0.17446
7365 0.0794942
7366 0.183692
7367 0.103066
7368 0.10245
7369 0.114123
7370 0.15732
7371 0.117644
7372 0.202963
7373 0.112676
7374 0.171551
7375 0.262124
7376 0.159143
7377 0.174955
7378 0.462633
7379 0.373031
7380 0.176126
7381 0.0120164
7382 0.237228
7383 0.402159
7384 0.502927
7385 0.462325
7386 0.16076
7387 0.00502391
7388 0.166749
7389 0.471715
7390 0.456901
7391 0.166734
7392 0.780628
7393 0.131684
7394 0.537978
7395 0.137055
7396 0.327375
7397 0.692275
7398 0.625917
7399 0.190282
7400 0.262416
7401 0.116642
7402 0.539451
7403 0.0103368
7404 0.0946382
7405 0.0935134
7406 0.69515
7407 0.752767
7408 0.849877
7409 0.834323
7410 0.0489608
7411 0.402384
7412 0.257982
7413 0.208378
7414 0.0746806
7415 0.181974
7416 0.18871
7417 0.121208
7418 0.217946
7419 0.0720958
7420 0.154163
7421 0.158065
7422 0.277494
7423 0.137099
7424 0.430469
7425 0.0621497
7426 0.118777
7427 0.215636
7428 0.155369
7429 0.452146
7430 0.268062
7431 0.206117
7432 0.110947
7433 0.361849
7434 0.228863
7435 0.184307
7436 0.369526
7437 0.389493
7438 0.270299
7439 0.1534
7440 0.477343
7441 0.236213
7442 0.259751
7443 0.273428
7444 0.15897
7445 0.250757
7446 0.25736
7447 0.0331056
7448 0.249093
7449 0.266895
7450 0.356404
7451 0.210238
7452 0.328755
7453 0.270556
7454 0.300392
7455 0.269269
7456 0.272669
7457 0.208849
7458 0.286871
7459 0.269902
7460 0.218622
7461 0.226715
7462 0.315188
7463 0.0924809
7464 0.116282
7465 0.155517
7466 0.243068
7467 0.49437
7468 0.270522
7469 0.136192
7470 0.174689
7471 0.308284
7472 0.243628
7473 0.127153
7474 0.270666
7475 0.118889
7476 0.244228
7477 0.270723
7478 0.0580334
7479 0.106324
7480 0.162616
7481 0.100457
7482 0.190223
7483 0.258811
7484 0.232504
7485 0.262471
7486 0.296134
7487 0.235974
7488 0.235892
7489 0.327644
7490 0.320031
7491 0.318506
7492 0.0732424
7493 0.261186
7494 0.0948595
7495 0.131732
7496 0.208916
7497 0.187333
7498 0.530858
7499 0.267339
7500 0.233561
7501 0.195937
7502 0.243086
7503 0.605198
7504 0.187496
7505 0.180928
7506 0.254272
7507 0.289205
7508 0.157353
7509 0.396546
7510 0.36662
7511 0.578022
7512 0.40081
7513 0.243103
7514 0.255859
7515 0.247912
7516 0.331303
7517 0.510749
7518 0.275499
7519 0.395836
7520 0.32293
7521 0.114989
7522 0.435083
7523 0.143917
7524 0.299215
7525 0.289712
7526 0.333146
7527 0.114829
7528 0.306449
7529 0.332817
7530 0.307604
7531 0.422427
7532 0.306734
7533 0.129921
7534 0.253615
7535 0.241872
7536 0.144972
7537 0.0523856
7538 0.305511
7539 0.328574
7540 0.256097
7541 0.0954214
7542 0.202999
7543 0.311695
7544 0.156376
7545 0.217615
7546 0.387361
7547 0.170815
7548 0.296225
7549 0.408824
7550 0.335487
7551 0.257934
7552 0.424414
7553 0.0633779
7554 0.318312
7555 0.339994
7556 0.335065
7557 0.306417
7558 0.231052
7559 0.283393
7560 0.161022
7561 0.0321979
7562 0.246079
7563 0.335975
7564 0.333811
7565 0.313181
7566 0.216488
7567 0.416945
7568 0.23738
7569 0.35056
7570 0.270899
7571 0.580125
7572 0.263547
7573 0.235928
7574 0.272758
7575 0.278401
7576 0.192704
7577 0.283969
7578 0.206912
7579 0.0913263
7580 0.268703
7581 0.29251
7582 0.0441562
7583 0.15096
7584 0.174678
7585 0.241663
7586 0.0644587
7587 0.245698
7588 0.0838281
7589 0.0710154
7590 0.0484314
7591 0.171759
7592 0.402824
7593 0.235356
7594 0.162495
7595 0.0698486
7596 0.0854624
7597 0.918545
7598 0.273306
7599 0.252773
7600 0.228306
7601 0.0204197
7602 0.206052
7603 0.513928
7604 0.144252
7605 0.380268
7606 0.141981
7607 0.0793123
7608 0.239137
7609 0.177402
7610 0.393628
7611 0.0805532
7612 0.139926
7613 0.332336
7614 0.016496
7615 0.626597
7616 0.493456
7617 0.243064
7618 0.190715
7619 0.0822944
7620 0.121635
7621 0.573431
7622 0.454634
7623 0.0383131
7624 0.23279
7625 0.11924
7626 0.203341
7627 0.269286
7628 0.177916
7629 0.187258
7630 0.0251673
7631 0.366201
7632 0.0503595
7633 0.14004
7634 0.143516
7635 0.111379
7636 0.233271
7637 0.183668
7638 0.26976
7639 0.103946
7640 0.119196
7641 0.064248
7642 0.163705
7643 0.175515
7644 0.0170651
7645 0.102223
7646 0.278436
7647 0.126952
7648 0.0340533
7649 0.191081
7650 0.0615366
7651 0.283176
7652 0.19698
7653 0.266465
7654 0.300806
7655 0.337654
7656 0.206791
7657 0.367571
7658 0.258321
7659 0.0665777
7660 0.139589
7661 0.0864386
7662 0.136639
7663 0.237474
7664 0.0547282
7665 0.484419
7666 0.401534
7667 0.0744553
7668 0.0442861
7669 0.22758
7670 0.495192
7671 0.402754
7672 0.055716
7673 0.256243
7674 0.171751
7675 0.136531
7676 0.0133388
7677 0.25639
7678 0.271107
7679 0.244294
7680 0.270542
7681 0.206032
7682 0.268648
7683 0.509033
7684 0.245918
7685 0.00816117
7686 0.0515465
7687 0.288814
7688 0.183754
7689 0.323783
7690 0.0735816
7691 0.305369
7692 0.297441
7693 0.323155
7694 0.336047
7695 0.307906
7696 0.279707
7697 0.167508
7698 0.152897
7699 0.237591
7700 0.333455
7701 0.333556
7702 0.328252
7703 0.331061
7704 0.0994838
7705 0.337561
7706 0.338047
7707 0.169436
7708 0.085157
7709 0.378539
7710 0.112674
7711 0.175892
7712 0.296301
7713 0.101797
7714 0.163583
7715 0.286405
7716 0.322464
7717 0.291357
7718 0.326533
7719 0.176235
7720 0.207013
7721 0.30128
7722 0.224662
7723 0.306339
7724 0.335988
7725 0.252983
7726 0.0766
7727 0.33539
7728 0.336597
7729 0.0573156
7730 0.0691214
7731 0.23649
7732 0.335274
7733 0.336482
7734 0.148598
7735 0.346101
7736 0.168064
7737 0.298912
7738 0.093194
7739 0.173271
7740 0.307207
7741 0.0965716
7742 0.336672
7743 0.186545
7744 0.336816
7745 0.337913
7746 0.306401
7747 0.325972
7748 0.131416
7749 0.0603637
7750 0.332167
7751 0.19651
7752 0.0958848
7753 0.101363
7754 0.321444
7755 0.301208
7756 0.293939
7757 0.180547
7758 0.26384
7759 0.403555
7760 0.0358118
7761 0.214507
7762 0.1787
7763 0.254923
7764 0.260446
7765 0.36492
7766 0.24136
7767 0.17607
7768 0.423476
7769 0.1865
7770 0.164754
7771 0.477477
7772 0.266993
7773 0.0874387
7774 0.124626
7775 0.0175976
7776 0.103952
7777 0.0675786
7778 0.0248998
7779 0.205925
7780 0.484839
7781 0.19681
7782 0.185448
7783 0.108997
7784 0.210395
7785 0.0374335
7786 0.110583
7787 0.149155
7788 0.155467
7789 0.150942
7790 0.0372275
7791 0.073792
7792 0.413644
7793 0.0192082
7794 0.18368
7795 0.194553
7796 0.0669888
7797 0.29169
7798 0.0748422
7799 0.142709
7800 0.0725018
7801 0.262673
7802 0.0883512
7803 0.644469
7804 0.0853727
7805 0.094999
7806 0.513358
7807 0.0194586
7808 0.070908
7809 0.153699
7810 0.124219
7811 0.0303763
7812 0.0343045
7813 0.162511
7814 0.0436073
7815 0.334483
7816 0.487052
7817 0.056817
7818 0.0396707
7819 0.0967205
7820 0.150037
7821 0.116433
7822 0.187462
7823 0.323312
7824 0.412449
7825 0.179302
7826 0.230247
7827 0.139095
7828 0.157959
7829 0.36731
7830 0.360764
7831 0.19884
7832 0.159143
7833 0.112341
7834 0.122372
7835 0.397745
7836 0.130316
7837 0.398183
7838 0.456901
7839 0.465798
7840 0.36731
7841 0.386921
7842 0.205322
7843 0.108774
7844 0.181924
7845 0.398183
7846 0.107151
7847 0.0193406
7848 0.056976
7849 0.14064
7850 0.262149
7851 0.141981
7852 0.133489
7853 0.200436
7854 0.0877075
7855 0.222868
7856 0.162678
7857 0.090162
7858 0.18975
7859 0.106983
7860 0.235183
7861 0.19911
7862 0.0700566
7863 0.207731
7864 0.291477
7865 0.0842662
7866 0.413204
7867 0.403502
7868 0.074611
7869 0.0638961
7870 0.117886
7871 0.0786281
7872 0.135582
7873 0.171263
7874 0.137056
7875 0.462633
7876 0.507054
7877 0.499137
7878 0.173543
7879 0.17654
7880 0.167024
7881 0.0770755
7882 0.0265396
7883 0.170302
7884 0.456455
7885 0.0233156
7886 0.456455
7887 0.105932
7888 0.0160713
7889 0.1645
7890 0.168454
7891 0.170302
7892 0.121021
7893 0.221539
7894 0.15041
7895 0.36731
7896 0.161561
7897 0.360764
7898 0.485967
7899 0.161561
7900 0.462325
7901 0.14725
7902 0.462633
7903 0.0279714
7904 0.499137
7905 0.170302
7906 0.322708
7907 0.126011
7908 0.322321
7909 0.162814
7910 0.32654
7911 0.326365
7912 0.218701
7913 0.182658
7914 0.189451
7915 0.371096
7916 0.244539
7917 0.26859
7918 0.268292
7919 0.15224
7920 0.243734
7921 0.260746
7922 0.104435
7923 0.148798
7924 0.153272
7925 0.26547
7926 0.271542
7927 0.335298
7928 0.243666
7929 0.226686
7930 0.315973
7931 0.166902
7932 0.230877
7933 0.114826
7934 0.303662
7935 0.0943016
7936 0.388116
7937 0.295713
7938 0.0554338
7939 0.240137
7940 0.359411
7941 0.117811
7942 0.329134
7943 0.222191
7944 0.159099
7945 0.0786699
7946 0.721452
7947 0.0203027
7948 0.147501
7949 0.122709
7950 0.122485
7951 0.0941982
7952 0.396369
7953 0.161977
7954 0.0427519
7955 0.26867
7956 0.0854179
7957 0.0795692
7958 0.0325844
7959 0.039575
7960 0.0120235
7961 0.213079
7962 0.267309
7963 0.188408
7964 0.500235
7965 0.223414
7966 0.191165
7967 0.336156
7968 0.30256
7969 0.599716
7970 0.17705
7971 0.0505308
7972 0.0738296
7973 0.18989
7974 0.198726
7975 0.0211238
7976 0.0276641
7977 0.198
7978 0.0342056
7979 0.261528
7980 0.0493931
7981 0.219566
7982 0.196866
7983 0.297582
7984 0.188921
7985 0.108775
7986 0.0887413
7987 0.370178
7988 0.170023
7989 0.369191
7990 0.0204951
7991 0.123816
7992 0.118698
7993 0.0562408
7994 0.0707634
7995 0.268778
7996 0.12114
7997 0.336085
7998 0.0226044
7999 0.0684376
8000 0.189495
8001 0.24423
8002 0.0505031
8003 0.190956
8004 0.294799
8005 0.335487
8006 0.187719
8007 0.24743
8008 0.0625355
8009 0.481188
8010 0.0994835
8011 0.125296
8012 0.189022
8013 0.0226409
8014 0.0221665
8015 0.164542
8016 0.189118
8017 0.359739
8018 0.0128583
8019 0.348038
8020 0.268684
8021 0.545132
8022 0.245459
8023 0.190612
8024 0.112841
8025 0.198244
8026 0.13114
8027 0.104252
8028 0.0525571
8029 0.0460282
8030 0.239336
8031 0.250041
8032 0.432379
8033 0.29099
8034 0.0573403
8035 0.0751967
8036 0.0571061
8037 0.0786303
8038 0.236801
8039 0.168651
8040 0.160708
8041 0.210044
8042 0.125057
8043 0.198798
8044 0.340836
8045 0.166822
8046 0.299019
8047 0.0283431
8048 0.212182
8049 0.194262
8050 0.237185
8051 0.199341
8052 0.0509112
8053 0.0883678
8054 0.216833
8055 0.175517
8056 0.0196168
8057 0.0281947
8058 0.42492
8059 0.102181
8060 0.0345386
8061 0.0423203
8062 0.176775
8063 0.332664
8064 0.200254
8065 0.269582
8066 0.423387
8067 0.018848
8068 0.0942974
8069 0.0788772
8070 0.173049
8071 0.47556
8072 0.0742959
8073 0.0966444
8074 0.0914995
8075 0.00937302
8076 0.0749848
8077 0.522785
8078 0.170076
8079 0.196898
8080 0.26803
8081 0.12602
8082 0.109699
8083 0.098593
8084 0.404768
8085 0.546728
8086 0.59043
8087 0.125289
8088 0.0738889
8089 0.270301
8090 0.195846
8091 0.0190118
8092 0.235674
8093 0.41104
8094 0.208035
8095 0.298427
8096 0.00962088
8097 0.148111
8098 0.0637375
8099 0.432633
8100 0.189675
8101 0.175946
8102 0.250031
8103 0.125799
8104 0.0852231
8105 0.519726
8106 0.270708
8107 0.26195
8108 0.293495
8109 0.481702
8110 0.320899
8111 0.309397
8112 0.140105
8113 0.141961
8114 0.243491
8115 0.28831
8116 0.197837
8117 0.178616
8118 0.155446
8119 0.436079
8120 0.150693
8121 0.284232
8122 0.115806
8123 0.23523
8124 0.260868
8125 0.258311
8126 0.308072
8127 0.262409
8128 0.164784
8129 0.409425
8130 0.0722832
8131 0.323876
8132 0.33988
8133 0.409703
8134 0.398092
8135 0.38406
8136 0.484422
8137 0.0987005
8138 0.0859281
8139 0.242123
8140 0.269381
8141 0.265895
8142 0.752526
8143 0.180693
8144 0.26304
8145 0.452314
8146 0.335069
8147 0.595693
8148 0.251844
8149 0.384003
8150 0.445854
8151 0.249251
8152 0.27949
8153 0.253221
8154 0.41239
8155 0.590357
8156 0.355599
8157 0.223108
8158 0.270783
8159 0.269138
8160 0.311092
8161 0.264613
8162 0.164577
8163 0.187601
8164 0.263068
8165 0.395998
8166 0.0217033
8167 0.123408
8168 0.226581
8169 0.329719
8170 0.270517
8171 0.150246
8172 0.217067
8173 0.46514
8174 0.351304
8175 0.32514
8176 0.355372
8177 0.341739
8178 0.0529365
8179 0.205659
8180 0.012738
8181 0.0648124
8182 0.0494699
8183 0.0712827
8184 0.171491
8185 0.556862
8186 0.0360333
8187 0.278931
8188 0.437468
8189 0.0462741
8190 0.256473
8191 0.161253
8192 0.0253881
8193 0.153574
8194 0.185473
8195 0.0725914
8196 0.202565
8197 0.122221
8198 0.114367
8199 0.0554881
8200 0.0200703
8201 0.268518
8202 0.363897
8203 0.139188
8204 0.571684
8205 0.110814
8206 0.0125131
8207 0.129704
8208 0.259384
8209 0.223822
8210 0.225266
8211 0.342264
8212 0.257462
8213 0.0302247
8214 0.210374
8215 0.211628
8216 0.405355
8217 0.0369723
8218 0.0423392
8219 0.619628
8220 0.195822
8221 0.266861
8222 0.347403
8223 0.222303
8224 0.372369
8225 0.221582
8226 0.199039
8227 0.188412
8228 0.312498
8229 0.103681
8230 0.162745
8231 0.180133
8232 0.0774735
8233 0.156924
8234 0.199465
8235 0.369455
8236 0.191134
8237 0.750929
8238 0.281841
8239 0.107414
8240 0.0247975
8241 0.16621
8242 0.277916
8243 0.295519
8244 0.340571
8245 0.0531176
8246 0.0446754
8247 0.24324
8248 0.211126
8249 0.32739
8250 0.300252
8251 0.287059
8252 0.267683
8253 0.292331
8254 0.384473
8255 0.335232
8256 0.224639
8257 0.0613418
8258 0.0238065
8259 0.140408
8260 0.17209
8261 0.120642
8262 0.327131
8263 0.198858
8264 0.127636
8265 0.359103
8266 0.144454
8267 0.0659502
8268 0.229692
8269 0.129294
8270 0.0902609
8271 0.0434576
8272 0.145068
8273 0.0681078
8274 0.0184033
8275 0.042283
8276 0.120938
8277 0.0696549
8278 0.194817
8279 0.159896
8280 0.11194
8281 0.0503407
8282 0.289378
8283 0.147768
8284 0.671782
8285 0.712829
8286 0.580637
8287 0.478621
8288 0.546686
8289 0.0318937
8290 0.134689
8291 0.328408
8292 0.454905
8293 0.786649
8294 0.0393523
8295 0.509228
8296 0.345877
8297 0.816379
8298 0.142588
8299 0.580165
8300 0.813755
8301 0.36063
8302 0.244352
8303 0.315991
8304 0.478235
8305 0.245342
8306 0.194297
8307 0.505524
8308 0.303558
8309 0.306319
8310 0.443913
8311 0.648437
8312 0.119708
8313 0.469582
8314 0.460506
8315 0.500062
8316 0.589088
8317 0.328677
8318 0.469564
8319 0.20576
8320 0.192124
8321 0.21563
8322 0.382305
8323 0.266664
8324 0.373699
8325 0.498602
8326 0.324711
8327 0.642294
8328 0.593756
8329 0.295915
8330 0.360934
8331 0.281344
8332 0.394771
8333 0.285294
8334 0.142983
8335 0.194743
8336 0.13065
8337 0.401341
8338 0.215417
8339 0.687856
8340 0.459597
8341 0.479757
8342 0.187464
8343 0.105223
8344 0.0734326
8345 0.130649
8346 0.146763
8347 0.615656
8348 0.228527
8349 0.142528
8350 0.424014
8351 0.240442
8352 0.87872
8353 0.764039
8354 0.711541
8355 0.631726
8356 0.438736
8357 0.574533
8358 0.417559
8359 0.228527
8360 0.461518
8361 0.0679254
8362 0.148152
8363 0.323549
8364 0.535496
8365 0.816536
8366 0.781798
8367 0.759264
8368 0.935615
8369 0.620497
8370 0.320996
8371 0.36924
8372 0.126954
8373 0.888513
8374 0.228525
8375 0.148236
8376 0.195129
8377 0.130651
8378 0.182007
8379 0.479586
8380 0.313273
8381 0.119224
8382 0.685077
8383 0.858649
8384 0.372776
8385 0.140039
8386 0.525846
8387 0.130644
8388 0.202065
8389 0.833266
8390 0.453297
8391 0.860579
8392 0.319458
8393 0.371715
8394 0.241291
8395 0.636889
8396 0.431804
8397 0.872728
8398 0.713837
8399 0.207586
8400 0.76905
8401 0.171805
8402 0.337635
8403 0.167115
8404 0.648825
8405 0.827118
8406 0.914742
8407 0.637315
8408 0.560391
8409 0.740867
8410 0.811434
8411 0.852229
8412 0.372489
8413 0.75804
8414 0.879373
8415 0.618268
8416 0.666231
8417 0.445147
8418 0.431645
8419 0.325477
8420 0.126869
8421 0.154163
8422 0.153043
8423 0.274966
8424 0.38618
8425 0.153387
8426 0.836902
8427 0.472958
8428 0.386088
8429 0.180098
8430 0.445541
8431 0.12687
8432 0.105866
8433 0.210942
8434 0.242018
8435 0.745
8436 0.521926
8437 0.259146
8438 0.163408
8439 0.332342
8440 0.359396
8441 0.635132
8442 0.896633
8443 0.309168
8444 0.414356
8445 0.496215
8446 0.684948
8447 0.732045
8448 0.596377
8449 0.303141
8450 0.168103
8451 0.214506
8452 0.531858
8453 0.157332
8454 0.0921611
8455 0.622432
8456 0.420446
8457 0.458829
8458 0.718276
8459 0.752062
8460 0.894871
8461 0.777661
8462 0.884044
8463 0.597929
8464 0.57152
8465 0.803525
8466 0.437789
8467 0.631333
8468 0.517439
8469 0.620485
8470 0.680415
8471 0.864513
8472 0.64507
8473 0.632063
8474 0.263321
8475 0.740297
8476 0.622669
8477 0.520563
8478 0.367277
8479 0.317407
8480 0.446208
8481 0.899221
8482 0.134524
8483 0.359802
8484 0.453372
8485 0.363774
8486 0.122375
8487 0.0985474
8488 0.376599
8489 0.144879
8490 0.213961
8491 0.361356
8492 0.20597
8493 0.445241
8494 0.412489
8495 0.273805
8496 0.0343754
8497 0.884335
8498 0.467447
8499 0.733378
8500 0.556791
8501 0.63364
8502 0.617954
8503 0.796479
8504 0.63443
8505 0.650211
8506 0.546783
8507 0.611633
8508 0.185285
8509 0.19686
8510 0.633481
8511 0.64352
8512 0.316493
8513 0.290205
8514 0.887098
8515 0.0974267
8516 0.419865
8517 0.608391
8518 0.494356
8519 0.452978
8520 0.505444
8521 0.853388
8522 0.918628
8523 0.343151
8524 0.769518
8525 0.138965
8526 0.117427
8527 0.623861
8528 0.395849
8529 0.656139
8530 0.654418
8531 0.217991
8532 0.694275
8533 0.710206
8534 0.163335
8535 0.307511
8536 0.915989
8537 0.115124
8538 0.703281
8539 0.710019
8540 0.347913
8541 0.663526
8542 0.759762
8543 0.0950226
8544 0.842412
8545 0.824681
8546 0.193624
8547 0.206294
8548 0.139199
8549 0.526037
8550 0.789855
8551 0.91892
8552 0.672564
8553 0.319
8554 0.490524
8555 0.520633
8556 0.247677
8557 0.620916
8558 0.406462
8559 0.534078
8560 0.479009
8561 0.116698
8562 0.343563
8563 0.286094
8564 0.66226
8565 0.839577
8566 0.443946
8567 0.154386
8568 0.17017
8569 0.224415
8570 0.33393
8571 0.0226218
8572 0.170887
8573 0.15682
8574 0.030435
8575 0.174635
8576 0.31489
8577 0.376352
8578 0.353384
8579 0.210903
8580 0.118264
8581 0.101688
8582 0.274521
8583 0.14656
8584 0.285183
8585 0.103787
8586 0.113939
8587 0.503129
8588 0.324586
8589 0.46812
8590 0.626188
8591 0.21346
8592 0.175706
8593 0.0163959
8594 0.619865
8595 0.188233
8596 0.044504
8597 0.0873023
8598 0.42699
8599 0.254046
8600 0.838577
8601 0.29246
8602 0.489079
8603 0.882493
8604 0.132517
8605 0.0919045
8606 0.283639
8607 0.219221
8608 0.113245
8609 0.14148
8610 0.784331
8611 0.450647
8612 0.454015
8613 0.490705
8614 0.522715
8615 0.173323
8616 0.816474
8617 0.696977
8618 0.767013
8619 0.666446
8620 0.900613
8621 0.645594
8622 0.0901858
8623 0.508414
8624 0.334247
8625 0.18954
8626 0.265569
8627 0.401098
8628 0.379578
8629 0.446203
8630 0.47679
8631 0.231515
8632 0.22463
8633 0.322126
8634 0.0087234
8635 0.0114099
8636 0.731125
8637 0.0448285
8638 0.0674914
8639 0.342673
8640 0.0374354
8641 0.0637695
8642 0.160391
8643 0.827065
8644 0.341009
8645 0.137961
8646 0.204331
8647 0.261533
8648 0.182252
8649 0.0821174
8650 0.119298
8651 0.506941
8652 0.55909
8653 0.622847
8654 0.627632
8655 0.366904
8656 0.559635
8657 0.275038
8658 0.138584
8659 0.290165
8660 0.169954
8661 0.441134
8662 0.323792
8663 0.850082
8664 0.557456
8665 0.165757
8666 0.355694
8667 0.532613
8668 0.466582
8669 0.51739
8670 0.276806
8671 0.305201
8672 0.259558
8673 0.543642
8674 0.300945
8675 0.393107
8676 0.211641
8677 0.582235
8678 0.584169
8679 0.570311
8680 0.334849
8681 0.368704
8682 0.0771568
8683 0.427361
8684 0.207181
8685 0.613655
8686 0.133888
8687 0.197502
8688 0.172722
8689 0.139631
8690 0.564564
8691 0.646119
8692 0.64669
8693 0.54555
8694 0.318972
8695 0.342722
8696 0.252235
8697 0.252308
8698 0.190622
8699 0.557194
8700 0.344013
8701 0.30576
8702 0.179393
8703 0.188816
8704 0.413129
8705 0.289141
8706 0.313898
8707 0.0497313
8708 0.106727
8709 0.416394
8710 0.288905
8711 0.210945
8712 0.213853
8713 0.142154
8714 0.157874
8715 0.20125
8716 0.481776
8717 0.310102
8718 0.310206
8719 0.170371
8720 0.477837
8721 0.329886
8722 0.252288
8723 0.749797
8724 0.406513
8725 0.0966741
8726 0.388098
8727 0.122683
8728 0.864231
8729 0.80082
8730 0.711865
8731 0.616169
8732 0.315844
8733 0.175278
8734 0.044872
8735 0.544488
8736 0.298456
8737 0.340934
8738 0.684044
8739 0.278574
8740 0.350783
8741 0.0934081
8742 0.143239
8743 0.373449
8744 0.123681
8745 0.487538
8746 0.711155
8747 0.194187
8748 0.572114
8749 0.434625
8750 0.709008
8751 0.228929
8752 0.0280134
8753 0.0928457
8754 0.555228
8755 0.108387
8756 0.18779
8757 0.0787923
8758 0.205945
8759 0.0743052
8760 0.190873
8761 0.303224
8762 0.0609676
8763 0.268361
8764 0.153731
8765 0.106892
8766 0.239095
8767 0.107309
8768 0.295633
8769 0.25031
8770 0.311138
8771 0.205155
8772 0.581537
8773 0.636999
8774 0.48551
8775 0.32656
8776 0.373964
8777 0.233259
8778 0.0869543
8779 0.445358
8780 0.307293
8781 0.512566
8782 0.298391
8783 0.47179
8784 0.176163
8785 0.408125
8786 0.43694
8787 0.454904
8788 0.361344
8789 0.411395
8790 0.356938
8791 0.136246
8792 0.0494555
8793 0.19339
8794 0.287533
8795 0.106187
8796 0.539996
8797 0.557218
8798 0.528069
8799 0.677219
8800 0.171354
8801 0.641322
8802 0.274686
8803 0.35067
8804 0.14355
8805 0.554102
8806 0.225062
8807 0.135489
8808 0.598438
8809 0.264348
8810 0.225223
8811 0.487436
8812 0.307432
8813 0.252685
8814 0.308692
8815 0.032454
8816 0.208946
8817 0.33879
8818 0.142479
8819 0.725678
8820 0.759212
8821 0.654292
8822 0.676677
8823 0.655453
8824 0.402432
8825 0.29021
8826 0.0741033
8827 0.431664
8828 0.487187
8829 0.440974
8830 0.275516
8831 0.0147128
8832 0.83192
8833 0.477376
8834 0.622643
8835 0.0146254
8836 0.0319456
8837 0.229891
8838 0.246831
8839 0.0494377
8840 0.633945
8841 0.144633
8842 0.138052
8843 0.148789
8844 0.0188771
8845 0.0494897
8846 0.00961915
8847 0.231637
8848 0.0169812
8849 0.228996
8850 0.419495
8851 0.860162
8852 0.176764
8853 0.585798
8854 0.258979
8855 0.0492494
8856 0.270971
8857 0.131999
8858 0.104073
8859 0.169489
8860 0.779052
8861 0.490469
8862 0.328186
8863 0.00960872
8864 0.0288401
8865 0.190619
8866 0.187233
8867 0.252941
8868 0.458845
8869 0.251435
8870 0.0103914
8871 0.0732128
8872 0.12322
8873 0.0197815
8874 0.244755
8875 0.191031
8876 0.0365389
8877 0.178715
8878 0.270514
8879 0.197956
8880 0.152355
8881 0.35751
8882 0.235771
8883 0.896064
8884 0.298881
8885 0.100357
8886 0.132464
8887 0.425966
8888 0.225811
8889 0.155072
8890 0.052973
8891 0.208813
8892 0.0758921
8893 0.125615
8894 0.165995
8895 0.139543
8896 0.273781
8897 0.0799485
8898 0.304816
8899 0.171504
8900 0.474789
8901 0.206555
8902 0.300642
8903 0.335681
8904 0.0921207
8905 0.139025
8906 0.0779434
8907 0.067914
8908 0.0991216
8909 0.235908
8910 0.172664
8911 0.0866052
8912 0.315333
8913 0.345463
8914 0.372467
8915 0.287177
8916 0.591397
8917 0.537148
8918 0.66756
8919 0.541087
8920 0.252743
8921 0.748144
8922 0.620613
8923 0.15669
8924 0.64679
8925 0.165515
8926 0.301962
8927 0.405225
8928 0.29832
8929 0.176856
8930 0.401226
8931 0.234786
8932 0.698143
8933 0.220423
8934 0.188363
8935 0.258742
8936 0.273073
8937 0.287658
8938 0.204863
8939 0.301897
8940 0.398059
8941 0.311538
8942 0.551659
8943 0.257066
8944 0.499514
8945 0.252824
8946 0.449425
8947 0.935786
8948 0.500761
8949 0.615262
8950 0.528872
8951 0.2232
8952 0.766679
8953 0.465345
8954 0.492412
8955 0.375779
8956 0.204271
8957 0.0963384
8958 0.174132
8959 0.213717
8960 0.248995
8961 0.080522
8962 0.144911
8963 0.147662
8964 0.0550815
8965 0.221313
8966 0.0730748
8967 0.388453
8968 0.25824
8969 0.0552258
8970 0.339116
8971 0.263714
8972 0.356975
8973 0.339667
8974 0.101983
8975 0.344721
8976 0.0711165
8977 0.391895
8978 0.13962
8979 0.13265
8980 0.907518
8981 0.128029
8982 0.178767
8983 0.532863
8984 0.761272
8985 0.561077
8986 0.113413
8987 0.460411
8988 0.134135
8989 0.279251
8990 0.177948
8991 0.163763
8992 0.0645569
8993 0.325003
8994 0.197552
8995 0.076394
8996 0.289139
8997 0.293296
8998 0.212455
8999 0.0439275
9000 0.816371
9001 0.587603
9002 0.100459
9003 0.10697
9004 0.534353
9005 0.554269
9006 0.351215
9007 0.0867022
9008 0.73231
9009 0.129012
9010 0.226871
9011 0.267268
9012 0.822017
9013 0.683116
9014 0.589158
9015 0.550579
9016 0.277897
9017 0.464125
9018 0.217346
9019 0.737928
9020 0.137394
9021 0.676277
9022 0.119244
9023 0.252708
9024 0.123762
9025 0.100585
9026 0.0567141
9027 0.282003
9028 0.0360592
9029 0.131481
9030 0.266435
9031 0.225095
9032 0.186628
9033 0.273452
9034 0.240556
9035 0.483766
9036 0.12812
9037 0.28872
9038 0.421535
9039 0.73575
9040 0.91948
9041 0.129889
9042 0.339097
9043 0.301215
9044 0.238847
9045 0.309063
9046 0.107376
9047 0.094154
9048 0.256152
9049 0.444968
9050 0.11004
9051 0.184563
9052 0.743954
9053 0.203744
9054 0.404173
9055 0.41738
9056 0.249927
9057 0.306005
9058 0.161378
9059 0.123123
9060 0.158356
9061 0.324065
9062 0.201092
9063 0.819524
9064 0.42306
9065 0.85046
9066 0.704832
9067 0.252555
9068 0.760188
9069 0.560901
9070 0.254723
9071 0.33071
9072 0.590428
9073 0.462705
9074 0.1725
9075 0.334639
9076 0.721133
9077 0.124563
9078 0.415037
9079 0.730013
9080 0.0915215
9081 0.724636
9082 0.0682114
9083 0.0559389
9084 0.168852
9085 0.330763
9086 0.38379
9087 0.547375
9088 0.234779
9089 0.623384
9090 0.457553
9091 0.668154
9092 0.326219
9093 0.705139
9094 0.520502
9095 0.405948
9096 0.628578
9097 0.603905
9098 0.890366
9099 0.52859
9100 0.486979
9101 0.408156
9102 0.0730301
9103 0.0620779
9104 0.255702
9105 0.187184
9106 0.507371
9107 0.183995
9108 0.393221
9109 0.788162
9110 0.448049
9111 0.256425
9112 0.272885
9113 0.143476
9114 0.0654613
9115 0.291283
9116 0.0535095
9117 0.137143
9118 0.0302433
9119 0.274231
9120 0.238384
9121 0.208759
9122 0.0894046
9123 0.221553
9124 0.21398
9125 0.127296
9126 0.079195
9127 0.074442
9128 0.14691
9129 0.240772
9130 0.0743855
9131 0.0504387
9132 0.130226
9133 0.76836
9134 0.115738
9135 0.550826
9136 0.356129
9137 0.779256
9138 0.0615738
9139 0.612664
9140 0.239266
9141 0.188341
9142 0.134824
9143 0.254607
9144 0.00897014
9145 0.0568433
9146 0.0226269
9147 0.0249564
9148 0.0330681
9149 0.705046
9150 0.135444
9151 0.154222
9152 0.0979406
9153 0.149535
9154 0.118688
9155 0.216761
9156 0.155306
9157 0.141623
9158 0.179582
9159 0.318777
9160 0.0515601
9161 0.215512
9162 0.0805897
9163 0.199695
9164 0.0522991
9165 0.322772
9166 0.908129
9167 0.29133
9168 0.244075
9169 0.304174
9170 0.157415
9171 0.339978
9172 0.336739
9173 0.435555
9174 0.69812
9175 0.797091
9176 0.60925
9177 0.232755
9178 0.139087
9179 0.0888493
9180 0.128438
9181 0.643694
9182 0.105036
9183 0.28519
9184 0.868083
9185 0.780236
9186 0.531475
9187 0.0325858
9188 0.0771877
9189 0.133706
9190 0.313145
9191 0.744315
9192 0.262091
9193 0.262086
9194 0.644203
9195 0.186912
9196 0.262084
9197 0.262102
9198 0.712079
9199 0.0713815
9200 0.111585
9201 0.112987
9202 0.0974628
9203 0.690372
9204 0.661204
9205 0.89163
9206 0.0753626
9207 0.359804
9208 0.544475
9209 0.569825
9210 0.297252
9211 0.428385
9212 0.81146
9213 0.717382
9214 0.646728
9215 0.479908
9216 0.490304
9217 0.437552
9218 0.832493
9219 0.741543
9220 0.161285
9221 0.667571
9222 0.283736
9223 0.35188
9224 0.924724
9225 0.18016
9226 0.141744
9227 0.0537127
9228 0.373319
9229 0.234415
9230 0.644355
9231 0.43518
9232 0.417552
9233 0.483161
9234 0.922311
9235 0.546536
9236 0.634562
9237 0.654737
9238 0.150177
9239 0.0615891
9240 0.68899
9241 0.579971
9242 0.357666
9243 0.756231
9244 0.513069
9245 0.202603
9246 0.408726
9247 0.472727
9248 0.821924
9249 0.760933
9250 0.36851
9251 0.382902
9252 0.345662
9253 0.531253
9254 0.85036
9255 0.663248
9256 0.552403
9257 0.586999
9258 0.536104
9259 0.684866
9260 0.0891482
9261 0.480853
9262 0.651614
9263 0.680065
9264 0.287738
9265 0.166563
9266 0.0385925
9267 0.241136
9268 0.971815
9269 0.523364
9270 0.528228
9271 0.713601
9272 0.560643
9273 0.786449
9274 0.65901
9275 0.118045
9276 0.550968
9277 0.488933
9278 0.200164
9279 0.754329
9280 0.517302
9281 0.104086
9282 0.878627
9283 0.723244
9284 0.780283
9285 0.781318
9286 0.702353
9287 0.544543
9288 0.760175
9289 0.738239
9290 0.828595
9291 0.84814
9292 0.941113
9293 0.628255
9294 0.643049
9295 0.691003
9296 0.818223
9297 0.446011
9298 0.713257
9299 0.632562
9300 0.551852
9301 0.593886
9302 0.261671
9303 0.41318
9304 0.588866
9305 0.817766
9306 0.658713
9307 0.482905
9308 0.787721
9309 0.845637
9310 0.596738
9311 0.88971
9312 0.799708
9313 0.525508
9314 0.638811
9315 0.842814
9316 0.334018
9317 0.775992
9318 0.82482
9319 0.624745
9320 0.796142
9321 0.465362
9322 0.660994
9323 0.603825
9324 0.749343
9325 0.898732
9326 0.804
9327 0.377152
9328 0.718743
9329 0.739358
9330 0.571186
9331 0.709881
9332 0.754684
9333 0.769381
9334 0.825536
9335 0.863955
9336 0.834711
9337 0.907983
9338 0.603465
9339 0.451467
9340 0.669927
9341 0.900392
9342 0.3281
9343 0.824209
9344 0.629093
9345 0.524731
9346 0.633736
9347 0.821195
9348 0.916115
9349 0.452322
9350 0.443514
9351 0.154691
9352 0.964262
9353 0.698454
9354 0.679935
9355 0.693538
9356 0.803505
9357 0.381756
9358 0.73286
9359 0.889494
9360 0.579033
9361 0.628145
9362 0.789325
9363 0.556522
9364 0.678333
9365 0.748202
9366 0.767198
9367 0.493508
9368 0.648234
9369 0.291653
9370 0.76403
9371 0.740217
9372 0.911536
9373 0.438533
9374 0.59133
9375 0.835611
9376 0.921355
9377 0.737822
9378 0.876728
9379 0.637603
9380 0.584649
9381 0.512457
9382 0.56393
9383 0.740373
9384 0.672473
9385 0.639753
9386 0.829553
9387 0.756893
9388 0.909327
9389 0.492677
9390 0.835115
9391 0.552535
9392 0.488752
9393 0.755427
9394 0.705038
9395 0.765821
9396 0.573486
9397 0.804538
9398 0.411696
9399 0.856884
9400 0.663044
9401 0.961204
9402 0.507278
9403 0.865019
9404 0.609605
9405 0.728074
9406 0.881458
9407 0.600797
9408 0.640692
9409 0.529465
9410 0.633405
9411 0.572083
9412 0.668315
9413 0.893918
9414 0.715781
9415 0.732755
9416 0.632532
9417 0.925284
9418 0.437535
9419 0.93935
9420 0.871605
9421 0.588302
9422 0.819644
9423 0.73516
9424 0.646227
9425 0.889676
9426 0.818376
9427 0.749377
9428 0.759001
9429 0.833047
9430 0.73948
9431 0.636952
9432 0.409294
9433 0.788418
9434 0.364589
9435 0.758731
9436 0.542512
9437 0.378002
9438 0.609957
9439 0.484705
9440 0.47545
9441 0.732132
9442 0.884725
9443 0.468261
9444 0.776491
9445 0.836502
9446 0.725769
9447 0.0514007
9448 0.808203
9449 0.776263
9450 0.813028
9451 0.273263
9452 0.894652
9453 0.443434
9454 0.542363
9455 0.508998
9456 0.437505
9457 0.555391
9458 0.875198
9459 0.59351
9460 0.274863
9461 0.206753
9462 0.716544
9463 0.798823
9464 0.823765
9465 0.78252
9466 0.592624
9467 0.729083
9468 0.268099
9469 0.830112
9470 0.208581
9471 0.408436
9472 0.775518
9473 0.710074
9474 0.274403
9475 0.79092
9476 0.266122
9477 0.312364
9478 0.520597
9479 0.546912
9480 0.104592
9481 0.222285
9482 0.733022
9483 0.530055
9484 0.857443
9485 0.235882
9486 0.105965
9487 0.35827
9488 0.784751
9489 0.0429753
9490 0.581919
9491 0.904892
9492 0.804051
9493 0.789402
9494 0.699201
9495 0.500594
9496 0.17858
9497 0.7866
9498 0.0686518
9499 0.707812
9500 0.574827
9501 0.130343
9502 0.632835
9503 0.823446
9504 0.784463
9505 0.681729
9506 0.697294
9507 0.110221
9508 0.185183
9509 0.635408
9510 0.828416
9511 0.866514
9512 0.80743
9513 0.509347
9514 0.599102
9515 0.579218
9516 0.67681
9517 0.842994
9518 0.734652
9519 0.537823
9520 0.528133
9521 0.733226
9522 0.830485
9523 0.82624
9524 0.442533
9525 0.390731
9526 0.531735
9527 0.299218
9528 0.147939
9529 0.211682
9530 0.564969
9531 0.57718
9532 0.269007
9533 0.571835
9534 0.325958
9535 0.897469
9536 0.701707
9537 0.411948
9538 0.616181
9539 0.488397
9540 0.631847
9541 0.683949
9542 0.455246
9543 0.800319
9544 0.333635
9545 0.122351
9546 0.463162
9547 0.72993
9548 0.800332
9549 0.767599
9550 0.781364
9551 0.707395
9552 0.340871
9553 0.56978
9554 0.701443
9555 0.717787
9556 0.0953195
9557 0.2445
9558 0.466698
9559 0.350422
9560 0.593038
9561 0.392716
9562 0.698674
9563 0.700771
9564 0.130665
9565 0.201175
9566 0.532691
9567 0.426172
9568 0.46584
9569 0.303906
9570 0.795782
9571 0.432995
9572 0.49545
9573 0.304581
9574 0.508952
9575 0.503315
9576 0.455979
9577 0.25479
9578 0.121711
9579 0.482776
9580 0.15657
9581 0.243753
9582 0.0592756
9583 0.177598
9584 0.297857
9585 0.596319
9586 0.697121
9587 0.545567
9588 0.547861
9589 0.28129
9590 0.466342
9591 0.53666
9592 0.23174
9593 0.270935
9594 0.334656
9595 0.247273
9596 0.083623
9597 0.509879
9598 0.524281
9599 0.816956
9600 0.403721
9601 0.159788
9602 0.641121
9603 0.608421
9604 0.781693
9605 0.346028
9606 0.4685
9607 0.723951
9608 0.259768
9609 0.279577
9610 0.215378
9611 0.627076
9612 0.588118
9613 0.787196
9614 0.402974
9615 0.719576
9616 0.830699
9617 0.515591
9618 0.578589
9619 0.736749
9620 0.845562
9621 0.258384
9622 0.674769
9623 0.70866
9624 0.847616
9625 0.606853
9626 0.304009
9627 0.625367
9628 0.4456
9629 0.543742
9630 0.518261
9631 0.83475
9632 0.840234
9633 0.207296
9634 0.114567
9635 0.11866
9636 0.352328
9637 0.389008
9638 0.622763
9639 0.966093
9640 0.522433
9641 0.877044
9642 0.376762
9643 0.733561
9644 0.567866
9645 0.582211
9646 0.360599
9647 0.23696
9648 0.417436
9649 0.637749
9650 0.436143
9651 0.280969
9652 0.713612
9653 0.265811
9654 0.504905
9655 0.452679
9656 0.223174
9657 0.309591
9658 0.587572
9659 0.677221
9660 0.309411
9661 0.935951
9662 0.616132
9663 0.818473
9664 0.730028
9665 0.619962
9666 0.538232
9667 0.602254
9668 0.655882
9669 0.410234
9670 0.437622
9671 0.585082
9672 0.318276
9673 0.687891
9674 0.31536
9675 0.338874
9676 0.171934
9677 0.2948
9678 0.872542
9679 0.0918489
9680 0.271627
9681 0.202073
9682 0.315687
9683 0.303251
9684 0.352947
9685 0.822539
9686 0.88923
9687 0.171603
9688 0.933039
9689 0.715307
9690 0.820229
9691 0.758007
9692 0.840925
9693 0.388337
9694 0.349546
9695 0.453977
9696 0.575089
9697 0.704669
9698 0.75291
9699 0.485725
9700 0.510321
9701 0.712712
9702 0.663532
9703 0.69272
9704 0.294782
9705 0.501649
9706 0.677898
9707 0.743545
9708 0.381322
9709 0.259559
9710 0.54501
9711 0.813789
9712 0.313922
9713 0.83968
9714 0.522389
9715 0.607739
9716 0.535656
9717 0.806014
9718 0.587877
9719 0.748151
9720 0.168834
9721 0.278264
9722 0.288136
9723 0.136815
9724 0.374624
9725 0.446228
9726 0.239828
9727 0.891567
9728 0.796986
9729 0.631825
9730 0.662248
9731 0.811704
9732 0.459858
9733 0.643824
9734 0.941752
9735 0.571808
9736 0.648135
9737 0.363509
9738 0.612922
9739 0.74318
9740 0.56235
9741 0.106411
9742 0.35458
9743 0.274586
9744 0.334218
9745 0.134833
9746 0.235417
9747 0.208678
9748 0.137579
9749 0.467238
9750 0.11612
9751 0.668221
9752 0.600151
9753 0.27386
9754 0.17333
9755 0.657919
9756 0.614212
9757 0.498387
9758 0.176181
9759 0.0819468
9760 0.363909
9761 0.845471
9762 0.0481442
9763 0.29423
9764 0.754781
9765 0.721797
9766 0.513102
9767 0.506418
9768 0.552578
9769 0.59111
9770 0.72416
9771 0.51035
9772 0.450922
9773 0.253538
9774 0.359826
9775 0.125624
9776 0.587413
9777 0.472421
9778 0.535621
9779 0.455356
9780 0.58516
9781 0.611767
9782 0.779153
9783 0.511486
9784 0.840863
9785 0.654211
9786 0.564199
9787 0.826404
9788 0.758397
9789 0.670143
9790 0.693242
9791 0.71721
9792 0.794626
9793 0.572986
9794 0.622943
9795 0.764522
9796 0.846567
9797 0.313386
9798 0.632115
9799 0.843103
9800 0.745249
9801 0.277844
9802 0.610438
9803 0.851007
9804 0.394045
9805 0.6405
9806 0.735622
9807 0.492562
9808 0.758717
9809 0.965537
9810 0.794715
9811 0.843461
9812 0.760045
9813 0.894154
9814 0.934071
9815 0.612667
9816 0.429041
9817 0.617109
9818 0.637878
9819 0.834687
9820 0.615807
9821 0.451605
9822 0.6974
9823 0.802297
9824 0.293074
9825 0.799201
9826 0.82457
9827 0.619446
9828 0.611641
9829 0.818693
9830 0.860822
9831 0.63847
9832 0.445882
9833 0.824781
9834 0.752614
9835 0.898391
9836 0.745627
9837 0.798335
9838 0.800462
9839 0.777155
9840 0.313225
9841 0.275573
9842 0.665509
9843 0.619933
9844 0.596309
9845 0.605849
9846 0.938625
9847 0.729279
9848 0.660753
9849 0.711441
9850 0.596183
9851 0.433482
9852 0.64436
9853 0.732404
9854 0.205863
9855 0.405858
9856 0.598185
9857 0.389193
9858 0.471699
9859 0.667464
9860 0.700042
9861 0.899849
9862 0.679579
9863 0.698614
9864 0.434167
9865 0.645811
9866 0.82648
9867 0.726717
9868 0.754681
9869 0.869416
9870 0.5503
9871 0.717607
9872 0.755745
9873 0.696843
9874 0.916416
9875 0.332016
9876 0.159814
9877 0.652331
9878 0.78003
9879 0.363648
9880 0.784704
9881 0.856581
9882 0.0906625
9883 0.801744
9884 0.221031
9885 0.184849
9886 0.312524
9887 0.653855
9888 0.215768
9889 0.748855
9890 0.38375
9891 0.691016
9892 0.669887
9893 0.521615
9894 0.149673
9895 0.669985
9896 0.72797
9897 0.54185
9898 0.594033
9899 0.889663
9900 0.633351
9901 0.948941
9902 0.689869
9903 0.590413
9904 0.594447
9905 0.689373
9906 0.70944
9907 0.752326
9908 0.549023
9909 0.749307
9910 0.666873
9911 0.86707
9912 0.829121
9913 0.80272
9914 0.707367
9915 0.828414
9916 0.681187
9917 0.508592
9918 0.602584
9919 0.757748
9920 0.811198
9921 0.871012
9922 0.269537
9923 0.228011
9924 0.795573
9925 0.786109
9926 0.681245
9927 0.275806
9928 0.533178
9929 0.443489
9930 0.500139
9931 0.159152
9932 0.534012
9933 0.738776
9934 0.535597
9935 0.4172
9936 0.433817
9937 0.824165
9938 0.495218
9939 0.474018
9940 0.527718
9941 0.629746
9942 0.491688
9943 0.569447
9944 0.587452
9945 0.271616
9946 0.645974
9947 0.306533
9948 0.319062
9949 0.433564
9950 0.148021
9951 0.192571
9952 0.106191
9953 0.484336
9954 0.32621
9955 0.0206385
9956 0.0903399
9957 0.218795
9958 0.0423793
9959 0.893636
9960 0.0823066
9961 0.741658
9962 0.585749
9963 0.0442987
9964 0.359744
9965 0.508097
9966 0.0975513
9967 0.601459
9968 0.359
9969 0.56465
9970 0.391534
9971 0.593787
9972 0.17848
9973 0.387591
9974 0.256205
9975 0.496666
9976 0.490428
9977 0.4251
9978 0.345321
9979 0.717382
9980 0.436431
9981 0.288143
9982 0.659544
9983 0.0436846
9984 0.335356
9985 0.486071
9986 0.667852
9987 0.771807
9988 0.49029
9989 0.82508
9990 0.750442
9991 0.876
9992 0.946431
9993 0.759161
9994 0.702839
9995 0.830417
9996 0.925976
9997 0.911553
9998 0.809982
9999 0.57669
10000 0.698642
10001 0.0369406
10002 0.026538
10003 0.330588
10004 0.888964
10005 0.643893
10006 0.429782
10007 0.705017
10008 0.708871
10009 0.878376
10010 0.728553
10011 0.549209
10012 0.784353
10013 0.6335
10014 0.720876
10015 0.817013
10016 0.462043
10017 0.130904
10018 0.727404
10019 0.377196
10020 0.264634
10021 0.620934
10022 0.487713
10023 0.279928
10024 0.210493
10025 0.593687
10026 0.46341
10027 0.223294
10028 0.193476
10029 0.296344
10030 0.784929
10031 0.886689
10032 0.544029
10033 0.50206
10034 0.520801
10035 0.216551
10036 0.18632
10037 0.944899
10038 0.844395
10039 0.835987
10040 0.562992
10041 0.723043
10042 0.287587
10043 0.821424
10044 0.484818
10045 0.706645
10046 0.369028
10047 0.480229
10048 0.501994
10049 0.76589
10050 0.487008
10051 0.151033
10052 0.343168
10053 0.649053
10054 0.672734
10055 0.89982
10056 0.976612
10057 0.884481
10058 0.793745
10059 0.896612
10060 0.781789
10061 0.762318
10062 0.708726
10063 0.860146
10064 0.925215
10065 0.32475
10066 0.218437
10067 0.706468
10068 0.186052
10069 0.657297
10070 0.691431
10071 0.643291
10072 0.611367
10073 0.223411
10074 0.472765
10075 0.392836
10076 0.0356155
10077 0.450938
10078 0.884054
10079 0.772174
10080 0.778752
10081 0.738493
10082 0.68667
10083 0.719485
10084 0.597104
10085 0.662444
10086 0.389743
10087 0.828046
10088 0.849802
10089 0.675163
10090 0.565658
10091 0.657171
10092 0.426812
10093 0.448095
10094 0.687554
10095 0.847325
10096 0.288038
10097 0.709089
10098 0.614524
10099 0.723399
10100 0.853706
10101 0.950054
10102 0.652163
10103 0.919248
10104 0.781862
10105 0.646066
10106 0.85491
10107 0.734448
10108 0.773211
10109 0.816633
10110 0.683322
10111 0.849692
10112 0.753275
10113 0.546627
10114 0.649704
10115 0.877485
10116 0.685848
10117 0.856334
10118 0.885178
10119 0.767798
10120 0.696303
10121 0.864047
10122 0.910665
10123 0.935344
10124 0.504906
10125 0.781851
10126 0.918486
10127 0.715601
10128 0.731758
10129 0.977639
10130 0.728146
10131 0.817773
10132 0.769452
10133 0.926477
10134 0.75827
10135 0.763425
10136 0.782455
10137 0.872005
10138 0.300853
10139 0.834847
10140 0.312584
10141 0.880941
10142 0.352911
10143 0.723019
10144 0.615228
10145 0.461321
10146 0.920288
10147 0.584887
10148 0.616789
10149 0.447514
10150 0.591782
10151 0.21239
10152 0.328641
10153 0.578643
10154 0.663869
10155 0.594912
10156 0.818217
10157 0.635577
10158 0.383753
10159 0.630501
10160 0.642196
10161 0.690034
10162 0.574955
10163 0.444554
10164 0.614567
10165 0.147316
10166 0.838668
10167 0.634199
10168 0.674851
10169 0.700201
10170 0.638701
10171 0.878936
10172 0.777092
10173 0.465572
10174 0.675734
10175 0.423886
10176 0.635602
10177 0.511147
10178 0.641014
10179 0.577872
10180 0.699666
10181 0.760882
10182 0.840386
10183 0.560226
10184 0.732976
10185 0.591617
10186 0.728869
10187 0.878358
10188 0.776616
10189 0.782505
10190 0.796214
10191 0.744761
10192 0.484182
10193 0.683897
10194 0.494557
10195 0.696666
10196 0.697788
10197 0.865692
10198 0.813242
10199 0.847845
10200 0.725565
10201 0.530937
10202 0.811321
10203 0.774272
10204 0.446566
10205 0.785552
10206 0.665747
10207 0.747899
10208 0.772182
10209 0.733397
10210 0.81275
10211 0.765411
10212 0.792912
10213 0.786986
10214 0.936338
10215 0.719336
10216 0.670075
10217 0.72715
10218 0.756226
10219 0.399032
10220 0.407187
10221 0.646148
10222 0.722443
10223 0.834204
10224 0.678187
10225 0.711285
10226 0.767519
10227 0.949559
10228 0.749025
10229 0.778497
10230 0.615008
10231 0.718723
10232 0.651484
10233 0.713879
10234 0.801045
10235 0.427459
10236 0.898443
10237 0.913281
10238 0.640742
10239 0.643395
10240 0.656898
10241 0.577323
10242 0.691596
10243 0.687487
10244 0.357943
10245 0.413776
10246 0.952234
10247 0.49232
10248 0.810909
10249 0.505361
10250 0.678465
10251 0.939975
10252 0.51065
10253 0.684258
10254 0.0759192
10255 0.690695
10256 0.766791
10257 0.851463
10258 0.777923
10259 0.751741
10260 0.914152
10261 0.452256
10262 0.86319
10263 0.660708
10264 0.746228
10265 0.171358
10266 0.745671
10267 0.830696
10268 0.609694
10269 0.875607
10270 0.707186
10271 0.90352
10272 0.821247
10273 0.199355
10274 0.877166
10275 0.801372
10276 0.860361
10277 0.923822
10278 0.795599
10279 0.307944
10280 0.748762
10281 0.745939
10282 0.463352
10283 0.644282
10284 0.381374
10285 0.575297
10286 0.509886
10287 0.848621
10288 0.735144
10289 0.925342
10290 0.502119
10291 0.767371
10292 0.871501
10293 0.603164
10294 0.566926
10295 0.753917
10296 0.686181
10297 0.650731
10298 0.936909
10299 0.820004
10300 0.773975
10301 0.950381
10302 0.488087
10303 0.608189
10304 0.37496
10305 0.831925
10306 0.737289
10307 0.452224
10308 0.901022
10309 0.56354
10310 0.649321
10311 0.813079
10312 0.929536
10313 0.970295
10314 0.578656
10315 0.0387033
10316 0.119011
10317 0.111601
10318 0.40293
10319 0.165684
10320 0.813991
10321 0.847793
10322 0.235131
10323 0.386027
10324 0.608696
10325 0.870353
10326 0.812061
10327 0.748772
10328 0.716696
10329 0.969993
10330 0.118357
10331 0.457327
10332 0.845419
10333 0.715943
10334 0.702567
10335 0.823309
10336 0.744748
10337 0.764571
10338 0.785417
10339 0.723385
10340 0.954926
10341 0.960146
10342 0.850944
10343 0.5367
10344 0.23444
10345 0.311102
10346 0.112125
10347 0.542039
10348 0.505252
10349 0.26682
10350 0.179487
10351 0.631877
10352 0.197137
10353 0.534986
10354 0.110093
10355 0.338383
10356 0.122432
10357 0.580293
10358 0.776057
10359 0.84395
10360 0.639985
10361 0.849879
10362 0.728346
10363 0.788301
10364 0.701869
10365 0.710013
10366 0.748177
10367 0.757179
10368 0.682605
10369 0.758642
10370 0.856631
10371 0.777283
10372 0.804137
10373 0.721267
10374 0.702697
10375 0.777253
10376 0.870296
10377 0.738912
10378 0.856019
10379 0.95148
10380 0.876171
10381 0.473774
10382 0.0711388
10383 0.697905
10384 0.774728
10385 0.843645
10386 0.778909
10387 0.414621
10388 0.634264
10389 0.848472
10390 0.694537
10391 0.803476
10392 0.548765
10393 0.429919
10394 0.856041
10395 0.763563
10396 0.724641
10397 0.327012
10398 0.607018
10399 0.682918
10400 0.528156
10401 0.644917
10402 0.78057
10403 0.3501
10404 0.475456
10405 0.759468
10406 0.869326
10407 0.586174
10408 0.905397
10409 0.894181
10410 0.521504
10411 0.864303
10412 0.323867
10413 0.842389
10414 0.698153
10415 0.512883
10416 0.794358
10417 0.728358
10418 0.472578
10419 0.664418
10420 0.662839
10421 0.616268
10422 0.586343
10423 0.922994
10424 0.771767
10425 0.924992
10426 0.873228
10427 0.309313
10428 0.846333
10429 0.559453
10430 0.535374
10431 0.382542
10432 0.70029
10433 0.612297
10434 0.517177
10435 0.565494
10436 0.74945
10437 0.624453
10438 0.396842
10439 0.414536
10440 0.630074
10441 0.619005
10442 0.436971
10443 0.369692
10444 0.504015
10445 0.57034
10446 0.622215
10447 0.638275
10448 0.681425
10449 0.929084
10450 0.902588
10451 0.714515
10452 0.920881
10453 0.853393
10454 0.3246
10455 0.694885
10456 0.802985
10457 0.680106
10458 0.761513
10459 0.765099
10460 0.425302
10461 0.640708
10462 0.702374
10463 0.6568
10464 0.542579
10465 0.629794
10466 0.843573
10467 0.935816
10468 0.546365
10469 0.733967
10470 0.409498
10471 0.55067
10472 0.489572
10473 0.897983
10474 0.49271
10475 0.439921
10476 0.921569
10477 0.869632
10478 0.86882
10479 0.8025
10480 0.714019
10481 0.819964
10482 0.854774
10483 0.757916
10484 0.831085
10485 0.72373
10486 0.677867
10487 0.916279
10488 0.945329
10489 0.866405
10490 0.697043
10491 0.640359
10492 0.524435
10493 0.556156
10494 0.579567
10495 0.860028
10496 0.874697
10497 0.881081
10498 0.945052
10499 0.908107
10500 0.847784
10501 0.736864
10502 0.820591
10503 0.908384
10504 0.733445
10505 0.928983
10506 0.827141
10507 0.94163
10508 0.758372
10509 0.620704
10510 0.874778
10511 0.830796
10512 0.490279
10513 0.496323
10514 0.514563
10515 0.768991
10516 0.652976
10517 0.776449
10518 0.733961
10519 0.617558
10520 0.339467
10521 0.550628
10522 0.334845
10523 0.462016
10524 0.530878
10525 0.794267
10526 0.823919
10527 0.919402
10528 0.836631
10529 0.68847
10530 0.546059
10531 0.821956
10532 0.591353
10533 0.911633
10534 0.804324
10535 0.938061
10536 0.697105
10537 0.931919
10538 0.657825
10539 0.825919
10540 0.873592
10541 0.67212
10542 0.724582
10543 0.873238
10544 0.842384
10545 0.395976
10546 0.797644
10547 0.844941
10548 0.670752
10549 0.491928
10550 0.850783
10551 0.914808
10552 0.861619
10553 0.91848
10554 0.963047
10555 0.779514
10556 0.784556
10557 0.80724
10558 0.837979
10559 0.46765
10560 0.935659
10561 0.740077
10562 0.729352
10563 0.77502
10564 0.933522
10565 0.919652
10566 0.80517
10567 0.812304
10568 0.642617
10569 0.623653
10570 0.750825
10571 0.793474
10572 0.81826
10573 0.91152
10574 0.796367
10575 0.81726
10576 0.948626
10577 0.800336
10578 0.836195
10579 0.913367
10580 0.901304
10581 0.713963
10582 0.810679
10583 0.891471
10584 0.447436
10585 0.729235
10586 0.815351
10587 0.654032
10588 0.499937
10589 0.576574
10590 0.77156
10591 0.75733
10592 0.857889
10593 0.779882
10594 0.564461
10595 0.876891
10596 0.834479
10597 0.896675
10598 0.670324
10599 0.685876
10600 0.878837
10601 0.786007
10602 0.829816
10603 0.567723
10604 0.896329
10605 0.438751
10606 0.440407
10607 0.635881
10608 0.769209
10609 0.747223
10610 0.725435
10611 0.839872
10612 0.801597
10613 0.962218
10614 0.922216
10615 0.920634
10616 0.983164
10617 0.820584
10618 0.840348
10619 0.528434
10620 0.713692
10621 0.80598
10622 0.768795
10623 0.487333
10624 0.50624
10625 0.47232
10626 0.472801
10627 0.791744
10628 0.494877
10629 0.940026
10630 0.707043
10631 0.71764
10632 0.850159
10633 0.819126
10634 0.955569
10635 0.534297
10636 0.747514
10637 0.553511
10638 0.686872
10639 0.806153
10640 0.712948
10641 0.788693
10642 0.878441
10643 0.354368
10644 0.712156
10645 0.679526
10646 0.49408
10647 0.715826
10648 0.697837
10649 0.686927
10650 0.564594
10651 0.255926
10652 0.562633
10653 0.26877
10654 0.754675
10655 0.683197
10656 0.699136
10657 0.814754
10658 0.91238
10659 0.854863
10660 0.873108
10661 0.576989
10662 0.588334
10663 0.978434
10664 0.548309
10665 0.399503
10666 0.607076
10667 0.398137
10668 0.424259
10669 0.72464
10670 0.824286
10671 0.801442
10672 0.945625
10673 0.836472
10674 0.864022
10675 0.932796
10676 0.539153
10677 0.662271
10678 0.819059
10679 0.747722
10680 0.849962
10681 0.849451
10682 0.884846
10683 0.7092
10684 0.725559
10685 0.854531
10686 0.857605
10687 0.822438
10688 0.792273
10689 0.655482
10690 0.815439
10691 0.932302
10692 0.44518
10693 0.604463
10694 0.754231
10695 0.557021
10696 0.714725
10697 0.673555
10698 0.588446
10699 0.793009
10700 0.803793
10701 0.833299
10702 0.276022
10703 0.738635
10704 0.93083
10705 0.888181
10706 0.793106
10707 0.563483
10708 0.366318
10709 0.815429
10710 0.462863
10711 0.893052
10712 0.748917
10713 0.827691
10714 0.702186
10715 0.674497
10716 0.476746
10717 0.816923
10718 0.787213
10719 0.797795
10720 0.386013
10721 0.445039
10722 0.470747
10723 0.375746
10724 0.559173
10725 0.583812
10726 0.74021
10727 0.930307
10728 0.847255
10729 0.556068
10730 0.767697
10731 0.876832
10732 0.856942
10733 0.78839
10734 0.721917
10735 0.650464
10736 0.739974
10737 0.848038
10738 0.709002
10739 0.883281
10740 0.919702
10741 0.496183
10742 0.822853
10743 0.827173
10744 0.784056
10745 0.933498
10746 0.51299
10747 0.752734
10748 0.755127
10749 0.767758
10750 0.740224
10751 0.769494
10752 0.754308
10753 0.785513
10754 0.401509
10755 0.441357
10756 0.757138
10757 0.350419
10758 0.68706
10759 0.733795
10760 0.704367
10761 0.803598
10762 0.877833
10763 0.964136
10764 0.775538
10765 0.800807
10766 0.851792
10767 0.548233
10768 0.553705
10769 0.595178
10770 0.618811
10771 0.78863
10772 0.595049
10773 0.850661
10774 0.707082
10775 0.766072
10776 0.736269
10777 0.664267
10778 0.716651
10779 0.848273
10780 0.639189
10781 0.765142
10782 0.823154
10783 0.840124
10784 0.647205
10785 0.878863
10786 0.618586
10787 0.695679
10788 0.679514
10789 0.858899
10790 0.713804
10791 0.709976
10792 0.225432
10793 0.784362
10794 0.765526
10795 0.484496
10796 0.627298
10797 0.763651
10798 0.77267
10799 0.536309
10800 0.732379
10801 0.735577
10802 0.397877
10803 0.296948
10804 0.920685
10805 0.695692
10806 0.694341
10807 0.781988
10808 0.880814
10809 0.735664
10810 0.902698
10811 0.483219
10812 0.714695
10813 0.831647
10814 0.805667
10815 0.741335
10816 0.801567
10817 0.923182
10818 0.873283
10819 0.555509
10820 0.779682
10821 0.748059
10822 0.854555
10823 0.605141
10824 0.747127
10825 0.323704
10826 0.475234
10827 0.33937
10828 0.614183
10829 0.354291
10830 0.173624
10831 0.372263
10832 0.83215
10833 0.759887
10834 0.536401
10835 0.81842
10836 0.907785
10837 0.582463
10838 0.704793
10839 0.795277
10840 0.811584
10841 0.570912
10842 0.607087
10843 0.837133
10844 0.749558
10845 0.853993
10846 0.910041
10847 0.581671
10848 0.149511
10849 0.279827
10850 0.588821
10851 0.459086
10852 0.511832
10853 0.621021
10854 0.561243
10855 0.740832
10856 0.78561
10857 0.192206
10858 0.296458
10859 0.7316
10860 0.383212
10861 0.353062
10862 0.48125
10863 0.805114
10864 0.805494
10865 0.64555
10866 0.746817
10867 0.137961
10868 0.335397
10869 0.253502
10870 0.882594
10871 0.775618
10872 0.839453
10873 0.902707
10874 0.802917
10875 0.823067
10876 0.76742
10877 0.879357
10878 0.876642
10879 0.86362
10880 0.900676
10881 0.887556
10882 0.77738
10883 0.486563
10884 0.945217
10885 0.541703
10886 0.492139
10887 0.578839
10888 0.972548
10889 0.477349
10890 0.298549
10891 0.758302
10892 0.273132
10893 0.854404
10894 0.445646
10895 0.861085
10896 0.877564
10897 0.43072
10898 0.676209
10899 0.652664
10900 0.856081
10901 0.686385
10902 0.867951
10903 0.823177
10904 0.847332
10905 0.843993
10906 0.882017
10907 0.575709
10908 0.712372
10909 0.834518
10910 0.797451
10911 0.854864
10912 0.620524
10913 0.814909
10914 0.703897
10915 0.678233
10916 0.948514
10917 0.920105
10918 0.886841
10919 0.831456
10920 0.840939
10921 0.91516
10922 0.595064
10923 0.781831
10924 0.238056
10925 0.0764901
10926 0.556831
10927 0.696503
10928 0.477787
10929 0.769966
10930 0.513995
10931 0.43518
10932 0.856612
10933 0.692056
10934 0.77312
10935 0.675064
10936 0.561047
10937 0.766951
10938 0.759253
10939 0.405844
10940 0.715794
10941 0.824793
10942 0.669659
10943 0.875486
10944 0.710549
10945 0.825983
10946 0.626936
10947 0.785255
10948 0.851254
10949 0.789043
10950 0.908754
10951 0.837625
10952 0.696035
10953 0.73325
10954 0.715422
10955 0.904366
10956 0.511622
10957 0.687156
10958 0.690434
10959 0.941462
10960 0.434833
10961 0.689051
10962 0.678598
10963 0.547169
10964 0.592495
10965 0.794878
10966 0.668361
10967 0.805837
10968 0.668733
10969 0.806767
10970 0.805137
10971 0.519638
10972 0.582847
10973 0.504082
10974 0.648825
10975 0.847734
10976 0.715675
10977 0.446694
10978 0.73235
10979 0.706851
10980 0.601497
10981 0.880569
10982 0.884173
10983 0.988095
10984 0.868902
10985 0.346639
10986 0.776454
10987 0.762348
10988 0.482789
10989 0.652521
10990 0.583217
10991 0.792806
10992 0.783158
10993 0.847837
10994 0.900844
10995 0.773504
10996 0.846892
10997 0.42729
10998 0.893255
10999 0.649935
11000 0.557401
11001 0.810008
11002 0.716697
11003 0.774085
11004 0.403184
11005 0.80808
11006 0.760235
11007 0.837211
11008 0.857893
11009 0.393721
11010 0.837769
11011 0.479254
11012 0.887081
11013 0.840723
11014 0.865068
11015 0.798678
11016 0.758256
11017 0.638353
11018 0.650822
11019 0.870169
11020 0.813748
11021 0.819304
11022 0.686102
11023 0.492876
11024 0.580931
11025 0.660534
11026 0.705835
11027 0.876627
11028 0.834972
11029 0.555807
11030 0.816782
11031 0.750886
11032 0.921712
11033 0.728507
11034 0.771786
11035 0.563356
11036 0.83037
11037 0.768629
11038 0.626097
11039 0.956289
11040 0.665243
11041 0.785023
11042 0.881993
11043 0.777946
11044 0.665185
11045 0.805216
11046 0.592377
11047 0.67698
11048 0.78713
11049 0.854906
11050 0.721075
11051 0.76282
11052 0.692247
11053 0.824764
11054 0.7011
11055 0.77285
11056 0.594752
11057 0.916309
11058 0.781858
11059 0.543397
11060 0.911042
11061 0.787177
11062 0.887059
11063 0.833609
11064 0.855416
11065 0.562836
11066 0.85886
11067 0.589885
11068 0.834312
11069 0.630462
11070 0.859466
11071 0.770627
11072 0.803582
11073 0.671463
11074 0.412721
11075 0.668736
11076 0.557206
11077 0.805009
11078 0.70916
11079 0.631487
11080 0.471403
11081 0.586617
11082 0.902048
11083 0.537772
11084 0.843082
11085 0.570037
11086 0.926129
11087 0.826485
11088 0.878972
11089 0.769813
11090 0.69175
11091 0.597103
11092 0.691915
11093 0.614338
11094 0.961463
11095 0.899499
11096 0.378664
11097 0.622396
11098 0.669483
11099 0.620062
11100 0.725815
11101 0.87171
11102 0.884531
11103 0.652626
11104 0.964446
11105 0.840078
11106 0.758684
11107 0.146401
11108 0.561507
11109 0.592146
11110 0.547683
11111 0.787708
11112 0.569173
11113 0.869929
11114 0.843124
11115 0.8672
11116 0.972226
11117 0.924539
11118 0.191881
11119 0.635226
11120 0.951002
11121 0.42165
11122 0.966702
11123 0.735737
11124 0.283449
11125 0.641318
11126 0.470534
11127 0.524388
11128 0.550212
11129 0.824139
11130 0.876863
11131 0.717742
11132 0.654089
11133 0.73219
11134 0.650562
11135 0.864897
11136 0.666266
11137 0.944864
11138 0.711147
11139 0.759708
11140 0.69027
11141 0.695569
11142 0.636147
11143 0.598844
11144 0.834786
11145 0.716167
11146 0.755898
11147 0.672363
11148 0.847967
11149 0.86356
11150 0.823627
11151 0.881743
11152 0.885509
11153 0.761393
11154 0.636099
11155 0.583911
11156 0.828746
11157 0.717501
11158 0.499248
11159 0.584479
11160 0.767496
11161 0.778139
11162 0.665847
11163 0.770375
11164 0.800438
11165 0.835698
11166 0.81575
11167 0.866068
11168 0.773026
11169 0.914096
11170 0.910642
11171 0.820729
11172 0.811562
11173 0.824296
11174 0.735669
11175 0.814462
11176 0.740972
11177 0.630781
11178 0.77383
11179 0.782168
11180 0.90721
11181 0.924457
11182 0.916821
11183 0.883749
11184 0.924377
11185 0.785432
11186 0.582255
11187 0.782362
11188 0.962769
11189 0.954904
11190 0.734146
11191 0.865115
11192 0.919249
11193 0.89459
11194 0.637322
11195 0.749091
11196 0.482835
11197 0.438618
11198 0.607056
11199 0.658584
11200 0.587796
11201 0.730316
11202 0.58628
11203 0.853379
11204 0.802615
11205 0.739273
11206 0.29111
11207 0.624742
11208 0.398884
11209 0.485954
11210 0.789365
11211 0.680021
11212 0.909166
11213 0.702244
11214 0.758814
11215 0.592606
11216 0.603732
11217 0.548126
11218 0.70765
11219 0.418631
11220 0.458936
11221 0.679529
11222 0.648791
11223 0.68714
11224 0.623854
11225 0.860824
11226 0.746079
11227 0.648435
11228 0.803875
11229 0.671185
11230 0.75299
11231 0.70422
11232 0.689798
11233 0.511133
11234 0.566722
11235 0.577037
11236 0.739371
11237 0.932809
11238 0.910829
11239 0.774764
11240 0.800727
11241 0.716176
11242 0.919622
11243 0.893225
11244 0.76206
11245 0.741717
11246 0.736452
11247 0.684585
11248 0.687613
11249 0.448065
11250 0.761004
11251 0.63631
11252 0.66663
11253 0.769439
11254 0.706571
11255 0.619585
11256 0.72918
11257 0.72607
11258 0.469184
11259 0.666006
11260 0.519188
11261 0.679555
11262 0.778691
11263 0.920465
11264 0.730061
11265 0.850634
11266 0.864243
11267 0.708332
11268 0.584938
11269 0.659842
11270 0.667989
11271 0.618808
11272 0.596723
11273 0.578302
11274 0.388439
11275 0.73865
11276 0.771162
11277 0.623036
11278 0.790878
11279 0.687002
11280 0.619818
11281 0.527758
11282 0.685765
11283 0.67485
11284 0.524343
11285 0.718701
11286 0.51849
11287 0.455551
11288 0.742314
11289 0.590464
11290 0.479121
11291 0.748949
11292 0.675074
11293 0.667438
11294 0.877293
11295 0.712442
11296 0.676956
11297 0.55568
11298 0.730885
11299 0.865024
11300 0.551562
11301 0.571306
11302 0.256453
11303 0.492202
11304 0.564627
11305 0.639618
11306 0.722695
11307 0.633232
11308 0.528665
11309 0.456988
11310 0.605354
11311 0.711448
11312 0.787295
11313 0.723328
11314 0.579933
11315 0.708533
11316 0.852907
11317 0.688632
11318 0.522737
11319 0.682584
11320 0.786167
11321 0.82042
11322 0.538673
11323 0.528908
11324 0.66046
11325 0.504945
11326 0.704848
11327 0.768964
11328 0.584591
11329 0.786745
11330 0.487362
11331 0.771753
11332 0.805739
11333 0.559158
11334 0.586225
11335 0.881333
11336 0.708546
11337 0.854251
11338 0.626764
11339 0.951396
11340 0.704573
11341 0.801866
11342 0.605585
11343 0.985699
11344 0.975191
11345 0.554781
11346 0.552152
11347 0.643061
11348 0.5241
11349 0.291695
11350 0.6191
11351 0.619376
11352 0.598483
11353 0.70339
11354 0.750147
11355 0.71053
11356 0.199876
11357 0.908643
11358 0.330571
11359 0.72166
11360 0.896334
11361 0.72926
11362 0.785965
11363 0.818372
11364 0.575516
11365 0.823443
11366 0.642962
11367 0.844865
11368 0.595616
11369 0.515387
11370 0.705416
11371 0.575279
11372 0.432933
11373 0.499961
11374 0.401466
11375 0.756116
11376 0.686161
11377 0.535589
11378 0.248638
11379 0.552132
11380 0.588354
11381 0.576917
11382 0.714397
11383 0.567391
11384 0.503587
11385 0.756656
11386 0.540328
11387 0.738352
11388 0.526581
11389 0.669401
11390 0.874432
11391 0.733573
11392 0.357917
11393 0.661205
11394 0.742854
11395 0.690193
11396 0.779003
11397 0.741645
11398 0.763761
11399 0.85361
11400 0.587965
11401 0.457538
11402 0.8114
11403 0.792046
11404 0.646182
11405 0.741399
11406 0.836425
11407 0.789605
11408 0.885986
11409 0.683142
11410 0.651287
11411 0.533546
11412 0.826497
11413 0.606098
11414 0.83629
11415 0.799158
11416 0.0654233
11417 0.77259
11418 0.892697
11419 0.790299
11420 0.855217
11421 0.71307
11422 0.720052
11423 0.453329
11424 0.479821
11425 0.515326
11426 0.453553
11427 0.635941
11428 0.780267
11429 0.696258
11430 0.800939
11431 0.600692
11432 0.721764
11433 0.757863
11434 0.780115
11435 0.837373
11436 0.742633
11437 0.846268
11438 0.851485
11439 0.890244
11440 0.816702
11441 0.864935
11442 0.891534
11443 0.430914
11444 0.905637
11445 0.895621
11446 0.692836
11447 0.962011
11448 0.758435
11449 0.846864
11450 0.852916
11451 0.83039
11452 0.670947
11453 0.88293
11454 0.903281
11455 0.924645
11456 0.853211
11457 0.950981
11458 0.932552
11459 0.818166
11460 0.906878
11461 0.683151
11462 0.915669
11463 0.809257
11464 0.619615
11465 0.797894
11466 0.956878
11467 0.866662
11468 0.881414
11469 0.785755
11470 0.812496
11471 0.923526
11472 0.692506
11473 0.699047
11474 0.635356
11475 0.732788
11476 0.609239
11477 0.572519
11478 0.527796
11479 0.792805
11480 0.786436
11481 0.625815
11482 0.711637
11483 0.196868
11484 0.293965
11485 0.690676
11486 0.958303
11487 0.540565
11488 0.656508
11489 0.713396
11490 0.624483
11491 0.947117
11492 0.896131
11493 0.940886
11494 0.964261
11495 0.907606
11496 0.63989
11497 0.837427
11498 0.64119
11499 0.432046
11500 0.703325
11501 0.25994
11502 0.536414
11503 0.0570549
11504 0.107913
11505 0.76653
11506 0.60023
11507 0.890572
11508 0.729497
11509 0.74929
11510 0.925009
11511 0.591136
11512 0.826598
11513 0.882622
11514 0.946154
11515 0.91809
11516 0.711926
11517 0.793249
11518 0.628894
11519 0.928014
11520 0.675558
11521 0.735202
11522 0.920978
11523 0.579373
11524 0.794734
11525 0.789334
11526 0.758376
11527 0.845798
11528 0.912335
11529 0.653232
11530 0.949384
11531 0.86082
11532 0.763974
11533 0.384678
11534 0.634301
11535 0.654104
11536 0.746778
11537 0.916962
11538 0.785124
11539 0.922287
11540 0.513112
11541 0.644759
11542 0.716771
11543 0.685714
11544 0.660079
11545 0.769126
11546 0.80089
11547 0.430171
11548 0.410243
11549 0.769638
11550 0.610592
11551 0.711411
11552 0.877085
11553 0.923296
11554 0.743794
11555 0.67512
11556 0.813841
11557 0.946349
11558 0.939271
11559 0.918677
11560 0.86816
11561 0.814898
11562 0.959214
11563 0.678038
11564 0.785994
11565 0.797404
11566 0.885449
11567 0.603429
11568 0.891711
11569 0.854637
11570 0.947791
11571 0.844406
11572 0.825343
11573 0.783961
11574 0.697552
11575 0.909131
11576 0.820604
11577 0.773408
11578 0.83271
11579 0.64445
11580 0.692162
11581 0.617871
11582 0.654782
11583 0.622606
11584 0.726841
11585 0.824573
11586 0.740694
11587 0.765961
11588 0.597595
11589 0.651647
11590 0.856364
11591 0.807799
11592 0.976313
11593 0.859353
11594 0.789548
11595 0.928037
11596 0.429245
11597 0.790055
11598 0.836653
11599 0.600798
11600 0.495658
11601 0.573464
11602 0.820654
11603 0.821025
11604 0.602214
11605 0.413499
11606 0.459116
11607 0.79408
11608 0.550395
11609 0.595391
11610 0.570812
11611 0.785886
11612 0.590709
11613 0.560067
11614 0.701189
11615 0.591459
11616 0.55192
11617 0.334923
11618 0.526075
11619 0.614722
11620 0.904836
11621 0.780354
11622 0.888654
11623 0.718078
11624 0.674008
11625 0.835914
11626 0.447355
11627 0.480615
11628 0.850714
11629 0.598032
11630 0.460274
11631 0.598232
11632 0.594597
11633 0.471068
11634 0.619668
11635 0.731021
11636 0.680924
11637 0.366625
11638 0.695027
11639 0.701638
11640 0.937453
11641 0.76292
11642 0.747811
11643 0.784677
11644 0.658614
11645 0.731864
11646 0.608352
11647 0.926792
11648 0.530867
11649 0.63357
11650 0.36915
11651 0.650801
11652 0.385173
11653 0.562779
11654 0.476711
11655 0.575142
11656 0.534451
11657 0.605605
11658 0.347696
11659 0.81564
11660 0.610693
11661 0.983871
11662 0.549868
11663 0.970935
11664 0.685311
11665 0.947133
11666 0.866481
11667 0.886559
11668 0.814194
11669 0.796781
11670 0.715969
11671 0.727135
11672 0.654246
11673 0.646714
11674 0.695917
11675 0.741959
11676 0.70263
11677 0.905303
11678 0.879094
11679 0.84428
11680 0.733844
11681 0.772116
11682 0.782513
11683 0.654352
11684 0.460289
11685 0.649456
11686 0.610693
11687 0.868674
11688 0.827165
11689 0.56818
11690 0.603902
11691 0.694468
11692 0.683045
11693 0.570014
11694 0.562004
11695 0.926461
11696 0.917095
11697 0.685
11698 0.642664
11699 0.564359
11700 0.887354
11701 0.726579
11702 0.551619
11703 0.446363
11704 0.689436
11705 0.863336
11706 0.959786
11707 0.778452
11708 0.805648
11709 0.716759
11710 0.785464
11711 0.5079
11712 0.750945
11713 0.571929
11714 0.788725
11715 0.69206
11716 0.703776
11717 0.829954
11718 0.789835
11719 0.86743
11720 0.914989
11721 0.820591
11722 0.876242
11723 0.76831
11724 0.653498
11725 0.624689
11726 0.677741
11727 0.416497
11728 0.631048
11729 0.919357
11730 0.753653
11731 0.84189
11732 0.550881
11733 0.698767
11734 0.340054
11735 0.374166
11736 0.652076
11737 0.704682
11738 0.717927
11739 0.75238
11740 0.749368
11741 0.81272
11742 0.753396
11743 0.642399
11744 0.683938
11745 0.822881
11746 0.561474
11747 0.89051
11748 0.805357
11749 0.937163
11750 0.959843
11751 0.939033
11752 0.927961
11753 0.798071
11754 0.768091
11755 0.78453
11756 0.783024
11757 0.595844
11758 0.660554
11759 0.550183
11760 0.69859
11761 0.791124
11762 0.713938
11763 0.825018
11764 0.742616
11765 0.789202
11766 0.817975
11767 0.539861
11768 0.796258
11769 0.561321
11770 0.622793
11771 0.595333
11772 0.792155
11773 0.528905
11774 0.840049
11775 0.769055
11776 0.582199
11777 0.585337
11778 0.756226
11779 0.904421
11780 0.676964
11781 0.71079
11782 0.55424
11783 0.90736
11784 0.521717
11785 0.6766
11786 0.838795
11787 0.750989
11788 0.938989
11789 0.556877
11790 0.148751
11791 0.750649
11792 0.487302
11793 0.260517
11794 0.552271
11795 0.87955
11796 0.191901
11797 0.797417
11798 0.744791
11799 0.61207
11800 0.406549
11801 0.622384
11802 0.624014
11803 0.852137
11804 0.759364
11805 0.775663
11806 0.788062
11807 0.852315
11808 0.776166
11809 0.766494
11810 0.702451
11811 0.670784
11812 0.856329
11813 0.777676
11814 0.703245
11815 0.724541
11816 0.756127
11817 0.850613
11818 0.91988
11819 0.88939
11820 0.924221
11821 0.933839
11822 0.911404
11823 0.902819
11824 0.955072
11825 0.953228
11826 0.959873
11827 0.848567
11828 0.986906
11829 0.954926
11830 0.858366
11831 0.667894
11832 0.932999
11833 0.886126
11834 0.909657
11835 0.932008
11836 0.947916
11837 0.897361
11838 0.96051
11839 0.964416
11840 0.956289
11841 0.956611
11842 0.943456
11843 0.928527
11844 0.987533
11845 0.883994
11846 0.892619
11847 0.99263
11848 0.974165
11849 0.94704
11850 0.768644
11851 0.922156
11852 0.96942
11853 0.965333
11854 0.926241
11855 0.926331
11856 0.89253
11857 0.777007
11858 0.986648
11859 0.863735
11860 0.677023
11861 0.923199
11862 0.942486
11863 0.855115
11864 0.655871
11865 0.909023
11866 0.993244
11867 0.702661
11868 0.749288
11869 0.898625
11870 0.874036
11871 0.847678
11872 0.956502
11873 0.709191
11874 0.983226
11875 0.939136
11876 0.915792
11877 0.870844
11878 0.702506
11879 0.969853
11880 0.891209
11881 0.966701
11882 0.948438
11883 0.964347
11884 0.755298
11885 0.904215
11886 0.948564
11887 0.9882
11888 0.849989
11889 0.942514
11890 0.977868
11891 0.879838
11892 0.954031
11893 0.905431
11894 0.772682
11895 0.940997
11896 0.895614
11897 0.887492
11898 0.986344
11899 0.878213
11900 0.884457
11901 0.939516
11902 0.930755
11903 0.6473
11904 0.932341
11905 0.934112
11906 0.878985
11907 0.872041
11908 0.81394
11909 0.829813
11910 0.891044
11911 0.99561
11912 0.940663
11913 0.926735
11914 0.71878
11915 0.559581
11916 0.948453
11917 0.963577
11918 0.932031
11919 0.88393
11920 0.937304
11921 0.797107
11922 0.810026
11923 0.967103
11924 0.701142
11925 0.944042
11926 0.919461
11927 0.871
11928 0.941044
11929 0.928802
11930 0.87518
11931 0.850069
11932 0.968398
11933 0.981531
11934 0.951516
11935 0.951397
11936 0.789764
11937 0.805731
11938 0.926652
11939 0.928178
11940 0.955787
11941 0.913143
11942 0.985676
11943 0.827665
11944 0.928868
11945 0.741728
11946 0.863386
11947 0.936281
11948 0.952279
11949 0.945687
11950 0.867143
11951 0.720599
11952 0.937247
11953 0.689639
11954 0.885927
11955 0.925495
11956 0.805754
11957 0.92486
11958 0.784807
11959 0.92417
11960 0.850514
11961 0.923093
11962 0.722738
11963 0.652799
11964 0.970244
11965 0.895055
11966 0.932904
11967 0.829517
11968 0.936418
11969 0.846841
11970 0.647753
11971 0.93119
11972 0.79681
11973 0.858375
11974 0.933544
11975 0.949703
11976 0.883215
11977 0.977724
11978 0.605986
11979 0.87765
11980 0.907834
11981 0.993723
11982 0.932138
11983 0.91025
11984 0.835137
11985 0.988924
11986 0.95688
11987 0.920591
11988 0.703792
11989 0.792488
11990 0.984111
11991 0.938341
11992 0.975079
11993 0.898867
11994 0.987807
11995 0.842325
11996 0.78576
11997 0.972718
11998 0.933472
11999 0.731119
12000 0.988374
12001 0.958938
12002 0.818673
12003 0.803359
12004 0.966326
12005 0.901007
12006 0.896649
12007 0.943014
12008 0.91643
12009 0.804694
12010 0.911214
12011 0.908876
12012 0.976403
12013 0.987425
12014 0.984943
12015 0.838261
12016 0.932157
12017 0.984808
12018 0.96273
12019 0.948024
12020 0.664035
12021 0.96234
12022 0.935435
12023 0.994044
12024 0.975147
12025 0.818631
12026 0.933025
12027 0.905802
12028 0.931183
12029 0.935509
12030 0.873662
12031 0.899175
12032 0.657839
12033 0.823418
12034 0.884984
12035 0.966439
12036 0.976001
12037 0.803576
12038 0.810941
12039 0.993764
12040 0.959023
12041 0.930087
12042 0.914681
12043 0.965355
12044 0.925961
12045 0.913952
12046 0.799842
12047 0.949328
12048 0.718629
12049 0.881914
12050 0.868526
12051 0.861808
12052 0.895791
12053 0.968325
12054 0.976349
12055 0.954472
12056 0.959153
12057 0.976632
12058 0.883332
12059 0.873467
12060 0.92714
12061 0.917928
12062 0.871359
12063 0.934876
12064 0.857941
12065 0.919393
12066 0.980186
12067 0.98051
12068 0.988405
12069 0.979704
12070 0.718524
12071 0.885839
12072 0.897603
12073 0.741561
12074 0.946089
12075 0.992703
12076 0.990332
12077 0.911428
12078 0.837196
12079 0.998312
12080 0.950677
12081 0.919397
12082 0.997553
12083 0.889521
12084 0.951443
12085 0.843225
12086 0.929101
12087 0.977024
12088 0.899806
12089 0.979681
12090 0.946935
12091 0.818159
12092 0.92896
12093 0.972753
12094 0.919253
12095 0.975506
12096 0.829075
12097 0.92485
12098 0.994473
12099 0.982194
12100 0.96053
12101 0.895107
12102 0.852924
12103 0.895621
12104 0.951533
12105 0.725961
12106 0.964496
12107 0.774099
12108 0.868247
12109 0.955489
12110 0.942053
12111 0.984502
12112 0.96825
12113 0.906715
12114 0.843696
12115 0.943267
12116 0.797899
12117 0.952618
12118 0.873755
12119 0.924737
12120 0.865545
12121 0.763472
12122 0.923841
12123 0.966655
12124 0.733679
12125 0.882933
12126 0.957284
12127 0.993078
12128 0.956727
12129 0.942154
12130 0.887932
12131 0.86749
12132 0.788767
12133 0.834082
12134 0.789
12135 0.752418
12136 0.978059
12137 0.924821
12138 0.860066
12139 0.86444
12140 0.97507
12141 0.856879
12142 0.87093
12143 0.964689
12144 0.835521
12145 0.971979
12146 0.937142
12147 0.849736
12148 0.981653
12149 0.935137
12150 0.824425
12151 0.915454
12152 0.91072
12153 0.972213
12154 0.906651
12155 0.871967
12156 0.849329
12157 0.858095
12158 0.799352
12159 0.814555
12160 0.84077
12161 0.972009
12162 0.926494
12163 0.991278
12164 0.936025
12165 0.989377
12166 0.863143
12167 0.938322
12168 0.926421
12169 0.968573
12170 0.886971
12171 0.990531
12172 0.963907
12173 0.894009
12174 0.855519
12175 0.688899
12176 0.702396
12177 0.981325
12178 0.79601
12179 0.886239
12180 0.859947
12181 0.892902
12182 0.985612
12183 0.770358
12184 0.937272
12185 0.975902
12186 0.716095
12187 0.781742
12188 0.755437
12189 0.834022
12190 0.875792
12191 0.642469
12192 0.931924
12193 0.892928
12194 0.962271
12195 0.891644
12196 0.889283
12197 0.96059
12198 0.99473
12199 0.930452
12200 0.92313
12201 0.984659
12202 0.851334
12203 0.84003
12204 0.992489
12205 0.863488
12206 0.937596
12207 0.861539
12208 0.991756
12209 0.920564
12210 0.918087
12211 0.91614
12212 0.765486
12213 0.919215
12214 0.958354
12215 0.987809
12216 0.60044
12217 0.662632
12218 0.888029
12219 0.841367
12220 0.791516
12221 0.903103
12222 0.973561
12223 0.618593
12224 0.769856
12225 0.936923
12226 0.923217
12227 0.896756
12228 0.854614
12229 0.984611
12230 0.933181
12231 0.87664
12232 0.846411
12233 0.948031
12234 0.817792
12235 0.773086
12236 0.913795
12237 0.805709
12238 0.95743
12239 0.948832
12240 0.97722
12241 0.80494
12242 0.946613
12243 0.824088
12244 0.870648
12245 0.91443
12246 0.928715
12247 0.932362
12248 0.950261
12249 0.972893
12250 0.977581
12251 0.799444
12252 0.933916
12253 0.662256
12254 0.655764
12255 0.926294
12256 0.783852
12257 0.877832
12258 0.740802
12259 0.838075
12260 0.646373
12261 0.807115
12262 0.782936
12263 0.954745
12264 0.934419
12265 0.912037
12266 0.798526
12267 0.846438
12268 0.889984
12269 0.90655
12270 0.964353
12271 0.846735
12272 0.714648
12273 0.689783
12274 0.905485
12275 0.627899
12276 0.991366
12277 0.704744
12278 0.65358
12279 0.696728
12280 0.631685
12281 0.891008
12282 0.912359
12283 0.941708
12284 0.905136
12285 0.954908
12286 0.777688
12287 0.927833
12288 0.886114
12289 0.862731
12290 0.964769
12291 0.80757
12292 0.936672
12293 0.866882
12294 0.548072
12295 0.904539
12296 0.968104
12297 0.9166
12298 0.907132
12299 0.97436
12300 0.947674
12301 0.922124
12302 0.860479
12303 0.75568
12304 0.985502
12305 0.933711
12306 0.865821
12307 0.903646
12308 0.913033
12309 0.990709
12310 0.987935
12311 0.736057
12312 0.942461
12313 0.856426
12314 0.957603
12315 0.86932
12316 0.84398
12317 0.957921
12318 0.98801
12319 0.847624
12320 0.895215
12321 0.983964
12322 0.78967
12323 0.885101
12324 0.940511
12325 0.901436
12326 0.843797
12327 0.962624
12328 0.917944
12329 0.927098
12330 0.849214
12331 0.934938
12332 0.887786
12333 0.984774
12334 0.88161
12335 0.968199
12336 0.970692
12337 0.952128
12338 0.953247
12339 0.978148
12340 0.878658
12341 0.681515
12342 0.990724
12343 0.970148
12344 0.990314
12345 0.839402
12346 0.993278
12347 0.930671
12348 0.870676
12349 0.941244
12350 0.8929
12351 0.941597
12352 0.850139
12353 0.891845
12354 0.815698
12355 0.819241
12356 0.907824
12357 0.866492
12358 0.943055
12359 0.871326
12360 0.923735
12361 0.785726
12362 0.680838
12363 0.942563
12364 0.951227
12365 0.804422
12366 0.921159
12367 0.990128
12368 0.898987
12369 0.952372
12370 0.893918
12371 0.713602
12372 0.842832
12373 0.815115
12374 0.935948
12375 0.877566
12376 0.983842
12377 0.888464
12378 0.700659
12379 0.836584
12380 0.917633
12381 0.919621
12382 0.930019
12383 0.739637
12384 0.738666
12385 0.975436
12386 0.854471
12387 0.990785
12388 0.960046
12389 0.93884
12390 0.897152
12391 0.962912
12392 0.980021
12393 0.84919
12394 0.89322
12395 0.953134
12396 0.945829
12397 0.966053
12398 0.951519
12399 0.975891
12400 0.937431
12401 0.947187
12402 0.936176
12403 0.913743
12404 0.774829
12405 0.948652
12406 0.802118
12407 0.986166
12408 0.921896
12409 0.923891
12410 0.934922
12411 0.885723
12412 0.983959
12413 0.979627
12414 0.977857
12415 0.720883
12416 0.954663
12417 0.852158
12418 0.97627
12419 0.98101
12420 0.915712
12421 0.811961
12422 0.962688
12423 0.960877
12424 0.969321
12425 0.95983
12426 0.965752
12427 0.944057
12428 0.67159
12429 0.845634
12430 0.939494
12431 0.954171
12432 0.963938
12433 0.939447
12434 0.950208
12435 0.877594
12436 0.950753
12437 0.884541
12438 0.928093
12439 0.943175
12440 0.992381
12441 0.969019
12442 0.856786
12443 0.923767
12444 0.95141
12445 0.988626
12446 0.951923
12447 0.876637
12448 0.900815
12449 0.960603
12450 0.959628
12451 0.959489
12452 0.935974
12453 0.869825
12454 0.968482
12455 0.934297
12456 0.866038
12457 0.620064
12458 0.937348
12459 0.885853
12460 0.915435
12461 0.980375
12462 0.900055
12463 0.798249
12464 0.912914
12465 0.890542
12466 0.820177
12467 0.970547
12468 0.908054
12469 0.79334
12470 0.924992
12471 0.906842
12472 0.956905
12473 0.841781
12474 0.85554
12475 0.969255
12476 0.957756
12477 0.929743
12478 0.824688
12479 0.897732
12480 0.839027
12481 0.93752
12482 0.877544
12483 0.875473
12484 0.787554
12485 0.749685
12486 0.862585
12487 0.981254
12488 0.982341
12489 0.835403
12490 0.880292
12491 0.781735
12492 0.991067
12493 0.934676
12494 0.904549
12495 0.980033
12496 0.960481
12497 0.910937
12498 0.955334
12499 0.885902
12500 0.979812
12501 0.950864
12502 0.920147
12503 0.884614
12504 0.853441
12505 0.933335
12506 0.876956
12507 0.979026
12508 0.815127
12509 0.821258
12510 0.982837
12511 0.968537
12512 0.889841
12513 0.884135
12514 0.913445
12515 0.879778
12516 0.924552
12517 0.913742
12518 0.667069
12519 0.644947
12520 0.817351
12521 0.699933
12522 0.840244
12523 0.881524
12524 0.897432
12525 0.815877
12526 0.730438
12527 0.905191
12528 0.797263
12529 0.904425
12530 0.937306
12531 0.867747
12532 0.911537
12533 0.911442
12534 0.875166
12535 0.934678
12536 0.80272
12537 0.746197
12538 0.691742
12539 0.97265
12540 0.853463
12541 0.779825
12542 0.895871
12543 0.995116
12544 0.86225
12545 0.943074
12546 0.873745
12547 0.933307
12548 0.890643
12549 0.880888
12550 0.859067
12551 0.812708
12552 0.928815
12553 0.880398
12554 0.813398
12555 0.787613
12556 0.870666
12557 0.944409
12558 0.913167
12559 0.883368
12560 0.899517
12561 0.941709
12562 0.850503
12563 0.897001
12564 0.980488
12565 0.675727
12566 0.957357
12567 0.932183
12568 0.837715
12569 0.816113
12570 0.941107
12571 0.780248
12572 0.931084
12573 0.866107
12574 0.922409
12575 0.900976
12576 0.913433
12577 0.887092
12578 0.941879
12579 0.783546
12580 0.841169
12581 0.963356
12582 0.813738
12583 0.774866
12584 0.786369
12585 0.621212
12586 0.868191
12587 0.789924
12588 0.910672
12589 0.852828
12590 0.827522
12591 0.479209
12592 0.904421
12593 0.860932
12594 0.757113
12595 0.837416
12596 0.660245
12597 0.841542
12598 0.893959
12599 0.724115
12600 0.812589
12601 0.880598
12602 0.89789
12603 0.849419
12604 0.936173
12605 0.569521
12606 0.858465
12607 0.860822
12608 0.865058
12609 0.878983
12610 0.805444
12611 0.919187
12612 0.694423
12613 0.791404
12614 0.92612
12615 0.884032
12616 0.886901
12617 0.730949
12618 0.870842
12619 0.808157
12620 0.863076
12621 0.817056
12622 0.920692
12623 0.949485
12624 0.820907
12625 0.960513
12626 0.92533
12627 0.972814
12628 0.974347
12629 0.826684
12630 0.860322
12631 0.855311
12632 0.978993
12633 0.970967
12634 0.891191
12635 0.833218
12636 0.845802
12637 0.893348
12638 0.936779
12639 0.822481
12640 0.775034
12641 0.819266
12642 0.838279
12643 0.77772
12644 0.83544
12645 0.960844
12646 0.769008
12647 0.905762
12648 0.895958
12649 0.714947
12650 0.922479
12651 0.897805
12652 0.893562
12653 0.853688
12654 0.9145
12655 0.80542
12656 0.842577
12657 0.852497
12658 0.981828
12659 0.811465
12660 0.916317
12661 0.937918
12662 0.873502
12663 0.892358
12664 0.940446
12665 0.96589
12666 0.899642
12667 0.952696
12668 0.922165
12669 0.882785
12670 0.832064
12671 0.913589
12672 0.969997
12673 0.906914
12674 0.916726
12675 0.818403
12676 0.948832
12677 0.758818
12678 0.950331
12679 0.907413
12680 0.747075
12681 0.910581
12682 0.854788
12683 0.78416
12684 0.904972
12685 0.903026
12686 0.863178
12687 0.900504
12688 0.925412
12689 0.886982
12690 0.943016
12691 0.81858
12692 0.93256
12693 0.812867
12694 0.919375
12695 0.844664
12696 0.928245
12697 0.940191
12698 0.921982
12699 0.90902
12700 0.67664
12701 0.925232
12702 0.842736
12703 0.731087
12704 0.902463
12705 0.861297
12706 0.85331
12707 0.822354
12708 0.829672
12709 0.866195
12710 0.727248
12711 0.823456
12712 0.91288
12713 0.869711
12714 0.899211
12715 0.705049
12716 0.98147
12717 0.921262
12718 0.831185
12719 0.944262
12720 0.760544
12721 0.91986
12722 0.88074
12723 0.934266
12724 0.918947
12725 0.924885
12726 0.860796
12727 0.96691
12728 0.738579
12729 0.731697
12730 0.92273
12731 0.612273
12732 0.841141
12733 0.98567
12734 0.950141
12735 0.95426
12736 0.844843
12737 0.976432
12738 0.86769
12739 0.857445
12740 0.906261
12741 0.795824
12742 0.881414
12743 0.844958
12744 0.744914
12745 0.956609
12746 0.939888
12747 0.937026
12748 0.84242
12749 0.94032
12750 0.764192
12751 0.949199
12752 0.828943
12753 0.930634
12754 0.937401
12755 0.911357
12756 0.905693
12757 0.851085
12758 0.933621
12759 0.882883
12760 0.743551
12761 0.933857
12762 0.930151
12763 0.858935
12764 0.979565
12765 0.917185
12766 0.842703
12767 0.80454
12768 0.821529
12769 0.948858
12770 0.91638
12771 0.86828
12772 0.764719
12773 0.971865
12774 0.813885
12775 0.812495
12776 0.805491
12777 0.872209
12778 0.958118
12779 0.907614
12780 0.916876
12781 0.924967
12782 0.960717
12783 0.764257
12784 0.983388
12785 0.845466
12786 0.974898
12787 0.880769
12788 0.924666
12789 0.967813
12790 0.890273
12791 0.889531
12792 0.927106
12793 0.814389
12794 0.880986
12795 0.84329
12796 0.873652
12797 0.910474
12798 0.840599
12799 0.884323
12800 0.859433
12801 0.839451
12802 0.826384
12803 0.917753
12804 0.803343
12805 0.873528
12806 0.792265
12807 0.772591
12808 0.932148
12809 0.904373
12810 0.843904
12811 0.886815
12812 0.934588
12813 0.980441
12814 0.893009
12815 0.901937
12816 0.886749
12817 0.873728
12818 0.859291
12819 0.888709
12820 0.935894
12821 0.906471
12822 0.694582
12823 0.887738
12824 0.977711
12825 0.872516
12826 0.838835
12827 0.900421
12828 0.842607
12829 0.921223
12830 0.863758
12831 0.890311
12832 0.802706
12833 0.932166
12834 0.843758
12835 0.835604
12836 0.874255
12837 0.858005
12838 0.819724
12839 0.830674
12840 0.853006
12841 0.924795
12842 0.854648
12843 0.945441
12844 0.953242
12845 0.851975
12846 0.923844
12847 0.717313
12848 0.875123
12849 0.784911
12850 0.903799
12851 0.606055
12852 0.975631
12853 0.912555
12854 0.950653
12855 0.955499
12856 0.860312
12857 0.682138
12858 0.893686
12859 0.657593
12860 0.921431
12861 0.608501
12862 0.925372
12863 0.786803
12864 0.930558
12865 0.812433
12866 0.933991
12867 0.91899
12868 0.918489
12869 0.925445
12870 0.889672
12871 0.840146
12872 0.779837
12873 0.945055
12874 0.859387
12875 0.883889
12876 0.985157
12877 0.867552
12878 0.812521
12879 0.887133
12880 0.926041
12881 0.732584
12882 0.751538
12883 0.921839
12884 0.766366
12885 0.982988
12886 0.848168
12887 0.949651
12888 0.969471
12889 0.869749
12890 0.883963
12891 0.965126
12892 0.894804
12893 0.907673
12894 0.88593
12895 0.694089
12896 0.826475
12897 0.85601
12898 0.863106
12899 0.941705
12900 0.785061
12901 0.823301
12902 0.926719
12903 0.90929
12904 0.93817
12905 0.874167
12906 0.878496
12907 0.851282
12908 0.88621
12909 0.820877
12910 0.714212
12911 0.9051
12912 0.898816
12913 0.917798
12914 0.867447
12915 0.946761
12916 0.948732
12917 0.919836
12918 0.906584
12919 0.875601
12920 0.922227
12921 0.958313
12922 0.941573
12923 0.878606
12924 0.875181
12925 0.885396
12926 0.837385
12927 0.846042
12928 0.913611
12929 0.933851
12930 0.949317
12931 0.763058
12932 0.785223
12933 0.913085
12934 0.947451
12935 0.903126
12936 0.851517
12937 0.907598
12938 0.88341
12939 0.874524
12940 0.847509
12941 0.90518
12942 0.698743
12943 0.781887
12944 0.906999
12945 0.915747
12946 0.886445
12947 0.827797
12948 0.877618
12949 0.912308
12950 0.806306
12951 0.848784
12952 0.881377
12953 0.813958
12954 0.945068
12955 0.941618
12956 0.867154
12957 0.800433
12958 0.799914
12959 0.760154
12960 0.872337
12961 0.790129
12962 0.78158
12963 0.880969
12964 0.766347
12965 0.922977
12966 0.923243
12967 0.965961
12968 0.926726
12969 0.917875
12970 0.962594
12971 0.925343
12972 0.864884
12973 0.913548
12974 0.812561
12975 0.842994
12976 0.916001
12977 0.94975
12978 0.87425
12979 0.919061
12980 0.889157
12981 0.945552
12982 0.968293
12983 0.942134
12984 0.812437
12985 0.812222
12986 0.909949
12987 0.760195
12988 0.853494
12989 0.93612
12990 0.785661
12991 0.969553
12992 0.932702
12993 0.860327
12994 0.954433
12995 0.870741
12996 0.94381
12997 0.841618
12998 0.97636
12999 0.824683
13000 0.838093
13001 0.916307
13002 0.841301
13003 0.878929
13004 0.885417
13005 0.748391
13006 0.950338
13007 0.650949
13008 0.849077
13009 0.981388
13010 0.893984
13011 0.866232
13012 0.89123
13013 0.887028
13014 0.79071
13015 0.849492
13016 0.878166
13017 0.9343
13018 0.891703
13019 0.848118
13020 0.839476
13021 0.8368
13022 0.78729
13023 0.892686
13024 0.858072
13025 0.852841
13026 0.79947
13027 0.817716
13028 0.857644
13029 0.935497
13030 0.914673
13031 0.885257
13032 0.845857
13033 0.839534
13034 0.821854
13035 0.840925
13036 0.919691
13037 0.838583
13038 0.836879
13039 0.829823
13040 0.901026
13041 0.960116
13042 0.854042
13043 0.823693
13044 0.808946
13045 0.825046
13046 0.803942
13047 0.94191
13048 0.906545
13049 0.816955
13050 0.947063
13051 0.872296
13052 0.980437
13053 0.980102
13054 0.935042
13055 0.901612
13056 0.803887
13057 0.882949
13058 0.948528
13059 0.864403
13060 0.944559
13061 0.610688
13062 0.953654
13063 0.652364
13064 0.851666
13065 0.799405
13066 0.802211
13067 0.888434
13068 0.891588
13069 0.9383
13070 0.760618
13071 0.936117
13072 0.909363
13073 0.962115
13074 0.876865
13075 0.949878
13076 0.937053
13077 0.93341
13078 0.839463
13079 0.850236
13080 0.897356
13081 0.866935
13082 0.956106
13083 0.972946
13084 0.872273
13085 0.944005
13086 0.911869
13087 0.909653
13088 0.971694
13089 0.79697
13090 0.940848
13091 0.768334
13092 0.950122
13093 0.874966
13094 0.887722
13095 0.898068
13096 0.842419
13097 0.96079
13098 0.86626
13099 0.95136
13100 0.865614
13101 0.822047
13102 0.953207
13103 0.892055
13104 0.929636
13105 0.8113
13106 0.805597
13107 0.761785
13108 0.982695
13109 0.80594
13110 0.878294
13111 0.88958
13112 0.858896
13113 0.971448
13114 0.918573
13115 0.789957
13116 0.904082
13117 0.781111
13118 0.957191
13119 0.805318
13120 0.794757
13121 0.897718
13122 0.895196
13123 0.862535
13124 0.876735
13125 0.853677
13126 0.869851
13127 0.936537
13128 0.875925
13129 0.915354
13130 0.848526
13131 0.859149
13132 0.948449
13133 0.918251
13134 0.903408
13135 0.76979
13136 0.886091
13137 0.886313
13138 0.888025
13139 0.924241
13140 0.761612
13141 0.829076
13142 0.872087
13143 0.901433
13144 0.98133
13145 0.757409
13146 0.960316
13147 0.603333
13148 0.950436
13149 0.948829
13150 0.982555
13151 0.771289
13152 0.820701
13153 0.980318
13154 0.806725
13155 0.936751
13156 0.896183
13157 0.958417
13158 0.739043
13159 0.667967
13160 0.882013
13161 0.949017
13162 0.802892
13163 0.799558
13164 0.76525
13165 0.822027
13166 0.761396
13167 0.885238
13168 0.910324
13169 0.817756
13170 0.856798
13171 0.954902
13172 0.957844
13173 0.6797
13174 0.943784
13175 0.934926
13176 0.925906
13177 0.967798
13178 0.810269
13179 0.803516
13180 0.9278
13181 0.838352
13182 0.933956
13183 0.957886
13184 0.854523
13185 0.904385
13186 0.884849
13187 0.837864
13188 0.871288
13189 0.862956
13190 0.994214
13191 0.878897
13192 0.86886
13193 0.853714
13194 0.834474
13195 0.779246
13196 0.87948
13197 0.817854
13198 0.957374
13199 0.8427
13200 0.967515
13201 0.971618
13202 0.943172
13203 0.892269
13204 0.830611
13205 0.874627
13206 0.947594
13207 0.948499
13208 0.923655
13209 0.877675
13210 0.806556
13211 0.904897
13212 0.831881
13213 0.793272
13214 0.810333
13215 0.870858
13216 0.800432
13217 0.894579
13218 0.85575
13219 0.85662
13220 0.929714
13221 0.66442
13222 0.836599
13223 0.946037
13224 0.922822
13225 0.977311
13226 0.834382
13227 0.972812
13228 0.962381
13229 0.902254
13230 0.903763
13231 0.885407
13232 0.844564
13233 0.912283
13234 0.908888
13235 0.926927
13236 0.969989
13237 0.910521
13238 0.850456
13239 0.92053
13240 0.972696
13241 0.886243
13242 0.892501
13243 0.835563
13244 0.752687
13245 0.943498
13246 0.913552
13247 0.856062
13248 0.865531
13249 0.920215
13250 0.916767
13251 0.787984
13252 0.969573
13253 0.944826
13254 0.985852
13255 0.873734
13256 0.8411
13257 0.92871
13258 0.790625
13259 0.84582
13260 0.815888
13261 0.933886
13262 0.95905
13263 0.859679
13264 0.840483
13265 0.922149
13266 0.959322
13267 0.867424
13268 0.730496
13269 0.930598
13270 0.832074
13271 0.918048
13272 0.980604
13273 0.866456
13274 0.985516
13275 0.882176
13276 0.704175
13277 0.974744
13278 0.871479
13279 0.814044
13280 0.903414
13281 0.741608
13282 0.903038
13283 0.849207
13284 0.969027
13285 0.901919
13286 0.824186
13287 0.787966
13288 0.889353
13289 0.831956
13290 0.910354
13291 0.828651
13292 0.963288
13293 0.860167
13294 0.893858
13295 0.765239
13296 0.968192
13297 0.91624
13298 0.965502
13299 0.775688
13300 0.96438
13301 0.80303
13302 0.941062
13303 0.813595
13304 0.968562
13305 0.837419
13306 0.846952
13307 0.869651
13308 0.839729
13309 0.886414
13310 0.790122
13311 0.941753
13312 0.958562
13313 0.652535
13314 0.842567
13315 0.912467
13316 0.861205
13317 0.893783
13318 0.861964
13319 0.823484
13320 0.942521
13321 0.780591
13322 0.847158
13323 0.734259
13324 0.81609
13325 0.840003
13326 0.933015
13327 0.863682
13328 0.938497
13329 0.892237
13330 0.874861
13331 0.850129
13332 0.803888
13333 0.783791
13334 0.920625
13335 0.913469
13336 0.789038
13337 0.82061
13338 0.605629
13339 0.965671
13340 0.907641
13341 0.851383
13342 0.869093
13343 0.873233
13344 0.955502
13345 0.882782
13346 0.921774
13347 0.938417
13348 0.864122
13349 0.708241
13350 0.906701
13351 0.914573
13352 0.774201
13353 0.865617
13354 0.946413
13355 0.981667
13356 0.814258
13357 0.930945
13358 0.569916
13359 0.971195
13360 0.984456
13361 0.931033
13362 0.872242
13363 0.890404
13364 0.840629
13365 0.835422
13366 0.970501
13367 0.916604
13368 0.927335
13369 0.861737
13370 0.79896
13371 0.940139
13372 0.878004
13373 0.740899
13374 0.899538
13375 0.89268
13376 0.841237
13377 0.894319
13378 0.791196
13379 0.819132
13380 0.849559
13381 0.912599
13382 0.855296
13383 0.920588
13384 0.829689
13385 0.942336
13386 0.924816
13387 0.83091
13388 0.9718
13389 0.817403
13390 0.860402
13391 0.854089
13392 0.703294
13393 0.849709
13394 0.814695
13395 0.746602
13396 0.740652
13397 0.781122
13398 0.866481
13399 0.881903
13400 0.884104
13401 0.909294
13402 0.88718
13403 0.898358
13404 0.681071
13405 0.921456
13406 0.776244
13407 0.829614
13408 0.927041
13409 0.921927
13410 0.955957
13411 0.85293
13412 0.883599
13413 0.932923
13414 0.8309
13415 0.697866
13416 0.927957
13417 0.700731
13418 0.843572
13419 0.78041
13420 0.753144
13421 0.763641
13422 0.930887
13423 0.903767
13424 0.655447
13425 0.904022
13426 0.843399
13427 0.855629
13428 0.702789
13429 0.897071
13430 0.794162
13431 0.785901
13432 0.934402
13433 0.867265
13434 0.922341
13435 0.925918
13436 0.801286
13437 0.91148
13438 0.922138
13439 0.949492
13440 0.879945
13441 0.85074
13442 0.923658
13443 0.92076
13444 0.923147
13445 0.839913
13446 0.894466
13447 0.950709
13448 0.791904
13449 0.868813
13450 0.868074
13451 0.932734
13452 0.903328
13453 0.827737
13454 0.976995
13455 0.827625
13456 0.893309
13457 0.817111
13458 0.974839
13459 0.785675
13460 0.90771
13461 0.939229
13462 0.799056
13463 0.916517
13464 0.718734
13465 0.968038
13466 0.793837
13467 0.867557
13468 0.687292
13469 0.914538
13470 0.894781
13471 0.877307
13472 0.929289
13473 0.764151
13474 0.872906
13475 0.918224
13476 0.904482
13477 0.822402
13478 0.933394
13479 0.906353
13480 0.818381
13481 0.808139
13482 0.881455
13483 0.891389
13484 0.902179
13485 0.909081
13486 0.852674
13487 0.918183
13488 0.856664
13489 0.844084
13490 0.831843
13491 0.788804
13492 0.849115
13493 0.771139
13494 0.885748
13495 0.819449
13496 0.929762
13497 0.82832
13498 0.824883
13499 0.931418
13500 0.956152
13501 0.824363
13502 0.760403
13503 0.820822
13504 0.789137
13505 0.953384
13506 0.928589
13507 0.753799
13508 0.868756
13509 0.922347
13510 0.670282
13511 0.850942
13512 0.894468
13513 0.771237
13514 0.98692
13515 0.735354
13516 0.887693
13517 0.799751
13518 0.963805
13519 0.903702
13520 0.957352
13521 0.940516
13522 0.952137
13523 0.862407
13524 0.848171
13525 0.937501
13526 0.793219
13527 0.874136
13528 0.930664
13529 0.739788
13530 0.836028
13531 0.741859
13532 0.942011
13533 0.74644
13534 0.899618
13535 0.721001
13536 0.898931
13537 0.91184
13538 0.726997
13539 0.908728
13540 0.797449
13541 0.889096
13542 0.961518
13543 0.939025
13544 0.929907
13545 0.893441
13546 0.863399
13547 0.922034
13548 0.858062
13549 0.790357
13550 0.857138
13551 0.809652
13552 0.952642
13553 0.925156
13554 0.784705
13555 0.776109
13556 0.658239
13557 0.96646
13558 0.965352
13559 0.912601
13560 0.981027
13561 0.899108
13562 0.738403
13563 0.94808
13564 0.866118
13565 0.852914
13566 0.73929
13567 0.726966
13568 0.834808
13569 0.853769
13570 0.914875
13571 0.933733
13572 0.827313
13573 0.77257
13574 0.910321
13575 0.786553
13576 0.912652
13577 0.901508
13578 0.829743
13579 0.822694
13580 0.679095
13581 0.874701
13582 0.980464
13583 0.831116
13584 0.839433
13585 0.885977
13586 0.984985
13587 0.863495
13588 0.803462
13589 0.842775
13590 0.657141
13591 0.818013
13592 0.799172
13593 0.810001
13594 0.86199
13595 0.859314
13596 0.709872
13597 0.861622
13598 0.914113
13599 0.920255
13600 0.758009
13601 0.844743
13602 0.834708
13603 0.852497
13604 0.85456
13605 0.743271
13606 0.842985
13607 0.894363
13608 0.938102
13609 0.820953
13610 0.89095
13611 0.651935
13612 0.912092
13613 0.917611
13614 0.828286
13615 0.804146
13616 0.707377
13617 0.93572
13618 0.813039
13619 0.87072
13620 0.852623
13621 0.844721
13622 0.868306
13623 0.739216
13624 0.860915
13625 0.889192
13626 0.914501
13627 0.800876
13628 0.815221
13629 0.830405
13630 0.966438
13631 0.914661
13632 0.909592
13633 0.844969
13634 0.878654
13635 0.851405
13636 0.758655
13637 0.830701
13638 0.87363
13639 0.959157
13640 0.863231
13641 0.975539
13642 0.741461
13643 0.720037
13644 0.676842
13645 0.929706
13646 0.760895
13647 0.877679
13648 0.861574
13649 0.964041
13650 0.931467
13651 0.830703
13652 0.722004
13653 0.929389
13654 0.956778
13655 0.832313
13656 0.684004
13657 0.964105
13658 0.88682
13659 0.944396
13660 0.678787
13661 0.840842
13662 0.893975
13663 0.936182
13664 0.735537
13665 0.815114
13666 0.720107
13667 0.877613
13668 0.64322
13669 0.861091
13670 0.890115
13671 0.872483
13672 0.971265
13673 0.889489
13674 0.929116
13675 0.775842
13676 0.821563
13677 0.746429
13678 0.714836
13679 0.900557
13680 0.763036
13681 0.759614
13682 0.867459
13683 0.786094
13684 0.880143
13685 0.891772
13686 0.973546
13687 0.849527
13688 0.87203
13689 0.771731
13690 0.651576
13691 0.863292
13692 0.905252
13693 0.895557
13694 0.64322
13695 0.945447
13696 0.85244
13697 0.838172
13698 0.639854
13699 0.750736
13700 0.891556
13701 0.831729
13702 0.944103
13703 0.910973
13704 0.852332
13705 0.880293
13706 0.83396
13707 0.945974
13708 0.953156
13709 0.960179
13710 0.906299
13711 0.849809
13712 0.782704
13713 0.868036
13714 0.927002
13715 0.885786
13716 0.87252
13717 0.877148
13718 0.937888
13719 0.890519
13720 0.897662
13721 0.903455
13722 0.952622
13723 0.90417
13724 0.93948
13725 0.824304
13726 0.848382
13727 0.807938
13728 0.883589
13729 0.832856
13730 0.900311
13731 0.76794
13732 0.774829
13733 0.920613
13734 0.92451
13735 0.833277
13736 0.97264
13737 0.695499
13738 0.980625
13739 0.679983
13740 0.858196
13741 0.873129
13742 0.970572
13743 0.863752
13744 0.940055
13745 0.897543
13746 0.948245
13747 0.869434
13748 0.797431
13749 0.966229
13750 0.861662
13751 0.859803
13752 0.823362
13753 0.888644
13754 0.728985
13755 0.951794
13756 0.907932
13757 0.692873
13758 0.956587
13759 0.913927
13760 0.899634
13761 0.952637
13762 0.790219
13763 0.930807
13764 0.87759
13765 0.924771
13766 0.940632
13767 0.920594
13768 0.957152
13769 0.879774
13770 0.926785
13771 0.887693
13772 0.909277
13773 0.952854
13774 0.851514
13775 0.880618
13776 0.913799
13777 0.805604
13778 0.903005
13779 0.951961
13780 0.85835
13781 0.889737
13782 0.883535
13783 0.87615
13784 0.84406
13785 0.769687
13786 0.949643
13787 0.929093
13788 0.940284
13789 0.956937
13790 0.982732
13791 0.880291
13792 0.851578
13793 0.961198
13794 0.976192
13795 0.910459
13796 0.955727
13797 0.938195
13798 0.938274
13799 0.829036
13800 0.884669
13801 0.799985
13802 0.771649
13803 0.716495
13804 0.946956
13805 0.718096
13806 0.844953
13807 0.817394
13808 0.921511
13809 0.89759
13810 0.935797
13811 0.808549
13812 0.885419
13813 0.864115
13814 0.982326
13815 0.966132
13816 0.960201
13817 0.720103
13818 0.688538
13819 0.931954
13820 0.945987
13821 0.967097
13822 0.893401
13823 0.846837
13824 0.87388
13825 0.951559
13826 0.809655
13827 0.911711
13828 0.971651
13829 0.992409
13830 0.938913
13831 0.942988
13832 0.773703
13833 0.675379
13834 0.925668
13835 0.761744
13836 0.863715
13837 0.791322
13838 0.844616
13839 0.919513
13840 0.904259
13841 0.993622
13842 0.792421
13843 0.798942
13844 0.885123
13845 0.781009
13846 0.955557
13847 0.909285
13848 0.889162
13849 0.957613
13850 0.928087
13851 0.80406
13852 0.907642
13853 0.946771
13854 0.885458
13855 0.980309
13856 0.636016
13857 0.87586
13858 0.952356
13859 0.770643
13860 0.919133
13861 0.904221
13862 0.855872
13863 0.91897
13864 0.795068
13865 0.826907
13866 0.876339
13867 0.834517
13868 0.830816
13869 0.975334
13870 0.890063
13871 0.933582
13872 0.881158
13873 0.826229
13874 0.870218
13875 0.898093
13876 0.963457
13877 0.966601
13878 0.88541
13879 0.917393
13880 0.966849
13881 0.984232
13882 0.891224
13883 0.922674
13884 0.791313
13885 0.939496
13886 0.870966
13887 0.867155
13888 0.88359
13889 0.836488
13890 0.960708
13891 0.932964
13892 0.93664
13893 0.955792
13894 0.86756
13895 0.875509
13896 0.904683
13897 0.853613
13898 0.76824
13899 0.90325
13900 0.810042
13901 0.920554
13902 0.88829
13903 0.887722
13904 0.767727
13905 0.905828
13906 0.842642
13907 0.913912
13908 0.862594
13909 0.925722
13910 0.908971
13911 0.692348
13912 0.910205
13913 0.914264
13914 0.804714
13915 0.821659
13916 0.951282
13917 0.668749
13918 0.92951
13919 0.853906
13920 0.96449
13921 0.57177
13922 0.964233
13923 0.924611
13924 0.709089
13925 0.918616
13926 0.935162
13927 0.870456
13928 0.865052
13929 0.793052
13930 0.760658
13931 0.864606
13932 0.984935
13933 0.965995
13934 0.830499
13935 0.907748
13936 0.978481
13937 0.748659
13938 0.749253
13939 0.908995
13940 0.878481
13941 0.681704
13942 0.967096
13943 0.856307
13944 0.857767
13945 0.911472
13946 0.902208
13947 0.667098
13948 0.902075
13949 0.809774
13950 0.962444
13951 0.867743
13952 0.790194
13953 0.953022
13954 0.713401
13955 0.977194
13956 0.92979
13957 0.860171
13958 0.951924
13959 0.960424
13960 0.938005
13961 0.945475
13962 0.975179
13963 0.835076
13964 0.948931
13965 0.972646
13966 0.954804
13967 0.968643
13968 0.927943
13969 0.952493
13970 0.975364
13971 0.987928
13972 0.946716
13973 0.85124
13974 0.899867
13975 0.97986
13976 0.852074
13977 0.868262
13978 0.933373
13979 0.910767
13980 0.938426
13981 0.894094
13982 0.961084
13983 0.892055
13984 0.774211
13985 0.913107
13986 0.92287
13987 0.897255
13988 0.936296
13989 0.808732
13990 0.923679
13991 0.793762
13992 0.883405
13993 0.951441
13994 0.879755
13995 0.835357
13996 0.915626
13997 0.849597
13998 0.944502
13999 0.815993
14000 0.897898
14001 0.881863
14002 0.94904
14003 0.876724
14004 0.929479
14005 0.979981
14006 0.930897
14007 0.945347
14008 0.872506
14009 0.883843
14010 0.940418
14011 0.918371
14012 0.925921
14013 0.814435
14014 0.901289
14015 0.813405
14016 0.901386
14017 0.806638
14018 0.907866
14019 0.770789
14020 0.73534
14021 0.806386
14022 0.79521
14023 0.791924
14024 0.729666
14025 0.966997
14026 0.911214
14027 0.911726
14028 0.894205
14029 0.958226
14030 0.737644
14031 0.973748
14032 0.971843
14033 0.899609
14034 0.910212
14035 0.856279
14036 0.783117
14037 0.74365
14038 0.90553
14039 0.957581
14040 0.845384
14041 0.846538
14042 0.972918
14043 0.777075
14044 0.783023
14045 0.924203
14046 0.938162
14047 0.901067
14048 0.868797
14049 0.953034
14050 0.865964
14051 0.92668
14052 0.889259
14053 0.960885
14054 0.928456
14055 0.916287
14056 0.860858
14057 0.909628
14058 0.900295
14059 0.973502
14060 0.963129
14061 0.949415
14062 0.972923
14063 0.95968
14064 0.854872
14065 0.800892
14066 0.843846
14067 0.836457
14068 0.768747
14069 0.946447
14070 0.866512
14071 0.908384
14072 0.885242
14073 0.736721
14074 0.676433
14075 0.874368
14076 0.876204
14077 0.893167
14078 0.970305
14079 0.905892
14080 0.784222
14081 0.719855
14082 0.918876
14083 0.676631
14084 0.766376
14085 0.935716
14086 0.808688
14087 0.805799
14088 0.865089
14089 0.951441
14090 0.774011
14091 0.803641
14092 0.844897
14093 0.84247
14094 0.709082
14095 0.909952
14096 0.899583
14097 0.915649
14098 0.924928
14099 0.938886
14100 0.926743
14101 0.89175
14102 0.899541
14103 0.872002
14104 0.916056
14105 0.903255
14106 0.703235
14107 0.871836
14108 0.913589
14109 0.962991
14110 0.855842
14111 0.901236
14112 0.8911
14113 0.830141
14114 0.975469
14115 0.912832
14116 0.90774
14117 0.950042
14118 0.883594
14119 0.981749
14120 0.873079
14121 0.643723
14122 0.567064
14123 0.654534
14124 0.945796
14125 0.915793
14126 0.787026
14127 0.658904
14128 0.871411
14129 0.815847
14130 0.919591
14131 0.974162
14132 0.93489
14133 0.80888
14134 0.883912
14135 0.702772
14136 0.858817
14137 0.948312
14138 0.944012
14139 0.85634
14140 0.828527
14141 0.822599
14142 0.935626
14143 0.839789
14144 0.904058
14145 0.768945
14146 0.984848
14147 0.733299
14148 0.814697
14149 0.869209
14150 0.819478
14151 0.870468
14152 0.868632
14153 0.846478
14154 0.873975
14155 0.775193
14156 0.859965
14157 0.852102
14158 0.804056
14159 0.955243
14160 0.901869
14161 0.943948
14162 0.931472
14163 0.849689
14164 0.835338
14165 0.937332
14166 0.815411
14167 0.887864
14168 0.906545
14169 0.907133
14170 0.86861
14171 0.926498
14172 0.935826
14173 0.923647
14174 0.865254
14175 0.979397
14176 0.62335
14177 0.921004
14178 0.736224
14179 0.787838
14180 0.889305
14181 0.829651
14182 0.738051
14183 0.790288
14184 0.627206
14185 0.939757
14186 0.891472
14187 0.871172
14188 0.948392
14189 0.941041
14190 0.962777
14191 0.780957
14192 0.963006
14193 0.707575
14194 0.711531
14195 0.769795
14196 0.859754
14197 0.906124
14198 0.828348
14199 0.853496
14200 0.732587
14201 0.922478
14202 0.928861
14203 0.728357
14204 0.915136
14205 0.826156
14206 0.850766
14207 0.875793
14208 0.931573
14209 0.849787
14210 0.854077
14211 0.901824
14212 0.93949
14213 0.689909
14214 0.942731
14215 0.930588
14216 0.734691
14217 0.994668
14218 0.727549
14219 0.9111
14220 0.834277
14221 0.92468
14222 0.843054
14223 0.994313
14224 0.836924
14225 0.923265
14226 0.893264
14227 0.919806
14228 0.843791
14229 0.94144
14230 0.931385
14231 0.865056
14232 0.621041
14233 0.971139
14234 0.858815
14235 0.860649
14236 0.845443
14237 0.913281
14238 0.897055
14239 0.924736
14240 0.921263
14241 0.899482
14242 0.906264
14243 0.891936
14244 0.865275
14245 0.857946
14246 0.900001
14247 0.924519
14248 0.991993
14249 0.93353
14250 0.944512
14251 0.81429
14252 0.870672
14253 0.888299
14254 0.931136
14255 0.963242
14256 0.85169
14257 0.95502
14258 0.937849
14259 0.852753
14260 0.955065
14261 0.928387
14262 0.959224
14263 0.93677
14264 0.923425
14265 0.790023
14266 0.844789
14267 0.902763
14268 0.959722
14269 0.888617
14270 0.892192
14271 0.838844
14272 0.881064
14273 0.796502
14274 0.77494
14275 0.768206
14276 0.876146
14277 0.969876
14278 0.870253
14279 0.920272
14280 0.819405
14281 0.861759
14282 0.935982
14283 0.942797
14284 0.958486
14285 0.975129
14286 0.845849
14287 0.785641
14288 0.897634
14289 0.901742
14290 0.817018
14291 0.866021
14292 0.923976
14293 0.898372
14294 0.772202
14295 0.975697
14296 0.968371
14297 0.924855
14298 0.899179
14299 0.810313
14300 0.751034
14301 0.725313
14302 0.888117
14303 0.949694
14304 0.72863
14305 0.845262
14306 0.871966
14307 0.937926
14308 0.918672
14309 0.859381
14310 0.85189
14311 0.554853
14312 0.884756
14313 0.71757
14314 0.792918
14315 0.665746
14316 0.71903
14317 0.965616
14318 0.978808
14319 0.84579
14320 0.891685
14321 0.946627
14322 0.764373
14323 0.896791
14324 0.907254
14325 0.89569
14326 0.703504
14327 0.957105
14328 0.938384
14329 0.847135
14330 0.896899
14331 0.982251
14332 0.962926
14333 0.850453
14334 0.893365
14335 0.973036
14336 0.835575
14337 0.877904
14338 0.9674
14339 0.777612
14340 0.745378
14341 0.856507
14342 0.886836
14343 0.939925
14344 0.912075
14345 0.987683
14346 0.841952
14347 0.961895
14348 0.947436
14349 0.927825
14350 0.763593
14351 0.983201
14352 0.874737
14353 0.973078
14354 0.747001
14355 0.939414
14356 0.907687
14357 0.950833
14358 0.963461
14359 0.835583
14360 0.911745
14361 0.867218
14362 0.929947
14363 0.74754
14364 0.744096
14365 0.932891
14366 0.842286
14367 0.990614
14368 0.574884
14369 0.854604
14370 0.733251
14371 0.82262
14372 0.710239
14373 0.874136
14374 0.973377
14375 0.874991
14376 0.875557
14377 0.898114
14378 0.665333
14379 0.900955
14380 0.754963
14381 0.88464
14382 0.95328
14383 0.641189
14384 0.837112
14385 0.840943
14386 0.820145
14387 0.977226
14388 0.809964
14389 0.898934
14390 0.873588
14391 0.911487
14392 0.918466
14393 0.791919
14394 0.905466
14395 0.944233
14396 0.684889
14397 0.848345
14398 0.934153
14399 0.917948
14400 0.860971
14401 0.888051
14402 0.976372
14403 0.883649
14404 0.894101
14405 0.637557
14406 0.938246
14407 0.845472
14408 0.873768
14409 0.963951
14410 0.869371
14411 0.773068
14412 0.889821
14413 0.937526
14414 0.897047
14415 0.868082
14416 0.878281
14417 0.848785
14418 0.934756
14419 0.766387
14420 0.981674
14421 0.946342
14422 0.876129
14423 0.920393
14424 0.888807
14425 0.842092
14426 0.831327
14427 0.936623
14428 0.959319
14429 0.870487
14430 0.838555
14431 0.981548
14432 0.937903
14433 0.909007
14434 0.913216
14435 0.936292
14436 0.964428
14437 0.945322
14438 0.894971
14439 0.901525
14440 0.948825
14441 0.923582
14442 0.933715
14443 0.767444
14444 0.91189
14445 0.862817
14446 0.915248
14447 0.934878
14448 0.913717
14449 0.927287
14450 0.936663
14451 0.884663
14452 0.974612
14453 0.952591
14454 0.964047
14455 0.912425
14456 0.86664
14457 0.79273
14458 0.862147
14459 0.779613
14460 0.869254
14461 0.856927
14462 0.800755
14463 0.847548
14464 0.913546
14465 0.846
14466 0.817275
14467 0.909727
14468 0.829448
14469 0.824312
14470 0.924533
14471 0.898972
14472 0.879773
14473 0.957912
14474 0.753281
14475 0.883299
14476 0.923594
14477 0.945268
14478 0.938641
14479 0.928859
14480 0.795669
14481 0.983398
14482 0.854696
14483 0.922671
14484 0.91344
14485 0.840496
14486 0.861781
14487 0.85051
14488 0.92161
14489 0.948006
14490 0.853546
14491 0.876829
14492 0.904802
14493 0.959781
14494 0.903847
14495 0.612326
14496 0.785001
14497 0.902412
14498 0.922161
14499 0.857225
14500 0.764134
14501 0.884367
14502 0.887589
14503 0.878435
14504 0.848183
14505 0.875223
14506 0.870215
14507 0.973386
14508 0.778001
14509 0.903051
14510 0.886743
14511 0.91616
14512 0.965713
14513 0.945294
14514 0.973706
14515 0.64388
14516 0.893758
14517 0.895182
14518 0.727268
14519 0.81339
14520 0.720695
14521 0.98082
14522 0.915814
14523 0.642675
14524 0.95346
14525 0.851365
14526 0.889156
14527 0.952958
14528 0.784195
14529 0.640942
14530 0.937239
14531 0.876901
14532 0.832689
14533 0.902115
14534 0.922167
14535 0.910824
14536 0.91258
14537 0.769208
14538 0.897523
14539 0.983761
14540 0.947986
14541 0.867722
14542 0.95705
14543 0.785608
14544 0.876432
14545 0.632059
14546 0.900263
14547 0.761057
14548 0.867318
14549 0.940477
14550 0.868769
14551 0.854539
14552 0.895303
14553 0.893971
14554 0.976506
14555 0.939571
14556 0.832895
14557 0.929218
14558 0.867232
14559 0.830429
14560 0.684877
14561 0.884509
14562 0.948727
14563 0.904247
14564 0.95871
14565 0.67186
14566 0.698466
14567 0.917705
14568 0.924348
14569 0.959298
14570 0.906424
14571 0.889631
14572 0.857455
14573 0.876488
14574 0.882014
14575 0.834663
14576 0.904194
14577 0.926568
14578 0.945328
14579 0.932354
14580 0.868729
14581 0.891582
14582 0.929147
14583 0.930306
14584 0.828668
14585 0.688663
14586 0.858806
14587 0.897598
14588 0.966934
14589 0.720384
14590 0.833902
14591 0.815107
14592 0.945248
14593 0.93037
14594 0.933281
14595 0.714371
14596 0.887137
14597 0.935328
14598 0.912359
14599 0.956736
14600 0.951592
14601 0.697314
14602 0.771969
14603 0.940015
14604 0.938977
14605 0.923005
14606 0.930701
14607 0.90086
14608 0.962417
14609 0.642954
14610 0.78501
14611 0.728197
14612 0.948794
14613 0.973623
14614 0.77065
14615 0.789498
14616 0.810489
14617 0.780456
14618 0.948329
14619 0.935887
14620 0.939651
14621 0.811413
14622 0.882156
14623 0.807587
14624 0.896822
14625 0.934987
14626 0.871872
14627 0.95547
14628 0.90756
14629 0.862366
14630 0.865177
14631 0.858078
14632 0.942595
14633 0.904521
14634 0.868553
14635 0.82374
14636 0.878339
14637 0.774047
14638 0.985717
14639 0.933849
14640 0.755068
14641 0.81079
14642 0.798169
14643 0.931815
14644 0.829528
14645 0.696729
14646 0.759303
14647 0.891422
14648 0.813458
14649 0.899762
14650 0.976121
14651 0.966643
14652 0.930678
14653 0.853831
14654 0.874778
14655 0.937584
14656 0.777894
14657 0.867851
14658 0.895178
14659 0.919206
14660 0.923627
14661 0.881867
14662 0.903225
14663 0.91718
14664 0.819286
14665 0.847091
14666 0.95094
14667 0.766042
14668 0.826978
14669 0.90921
14670 0.870195
14671 0.921305
14672 0.926789
14673 0.925096
14674 0.753922
14675 0.931158
14676 0.857695
14677 0.884888
14678 0.802545
14679 0.919816
14680 0.889724
14681 0.839825
14682 0.916901
14683 0.901761
14684 0.883999
14685 0.908734
14686 0.917595
14687 0.887514
14688 0.946692
14689 0.916496
14690 0.878379
14691 0.910581
14692 0.880491
14693 0.887535
14694 0.84747
14695 0.830498
14696 0.829002
14697 0.830279
14698 0.915773
14699 0.788744
14700 0.899746
14701 0.968385
14702 0.803501
14703 0.886665
14704 0.887642
14705 0.85521
14706 0.932613
14707 0.872048
14708 0.753955
14709 0.857021
14710 0.822467
14711 0.710092
14712 0.882256
14713 0.951984
14714 0.898691
14715 0.826593
14716 0.964327
14717 0.86022
14718 0.790982
14719 0.781831
14720 0.955762
14721 0.939411
14722 0.817293
14723 0.90435
14724 0.92939
14725 0.884268
14726 0.838505
14727 0.982939
14728 0.923931
14729 0.908583
14730 0.839456
14731 0.969759
14732 0.935361
14733 0.822833
14734 0.841448
14735 0.932888
14736 0.921157
14737 0.79937
14738 0.829493
14739 0.842384
14740 0.919016
14741 0.97137
14742 0.806847
14743 0.720753
14744 0.82076
14745 0.870368
14746 0.839175
14747 0.864476
14748 0.84518
14749 0.922482
14750 0.88573
14751 0.923465
14752 0.942953
14753 0.894762
14754 0.896287
14755 0.910217
14756 0.974718
14757 0.939247
14758 0.595421
14759 0.86059
14760 0.917174
14761 0.963388
14762 0.775387
14763 0.724559
14764 0.887273
14765 0.819423
14766 0.884411
14767 0.905317
14768 0.785685
14769 0.904666
14770 0.612196
14771 0.754791
14772 0.901443
14773 0.814664
14774 0.947718
14775 0.849417
14776 0.96416
14777 0.801788
14778 0.566092
14779 0.847182
14780 0.776536
14781 0.534372
14782 0.838682
14783 0.974043
14784 0.957848
14785 0.947587
14786 0.916115
14787 0.953068
14788 0.823731
14789 0.928003
14790 0.91273
14791 0.551135
14792 0.881496
14793 0.713202
14794 0.725364
14795 0.82404
14796 0.871223
14797 0.972375
14798 0.958706
14799 0.940292
14800 0.892413
14801 0.861587
14802 0.81725
14803 0.745237
14804 0.966665
14805 0.927924
14806 0.787713
14807 0.96706
14808 0.824554
14809 0.925733
14810 0.855751
14811 0.831785
14812 0.742651
14813 0.911972
14814 0.900894
14815 0.898939
14816 0.925644
14817 0.884684
14818 0.928501
14819 0.845828
14820 0.865363
14821 0.766872
14822 0.748314
14823 0.936081
14824 0.842113
14825 0.713415
14826 0.924694
14827 0.942789
14828 0.913621
14829 0.914586
14830 0.82263
14831 0.836326
14832 0.85598
14833 0.944493
14834 0.933061
14835 0.782131
14836 0.856467
14837 0.691191
14838 0.970091
14839 0.979711
14840 0.817532
14841 0.859612
14842 0.950561
14843 0.92579
14844 0.899288
14845 0.812223
14846 0.641837
14847 0.984947
14848 0.926134
14849 0.71397
14850 0.93551
14851 0.985862
14852 0.948077
14853 0.88334
14854 0.934828
14855 0.961044
14856 0.834082
14857 0.963583
14858 0.91013
14859 0.807575
14860 0.934218
14861 0.8768
14862 0.862626
14863 0.899668
14864 0.905454
14865 0.941097
14866 0.928843
14867 0.975413
14868 0.799598
14869 0.637573
14870 0.778472
14871 0.902956
14872 0.888659
14873 0.951247
14874 0.585058
14875 0.761543
14876 0.894493
14877 0.875559
14878 0.965897
14879 0.884881
14880 0.807823
14881 0.989886
14882 0.696059
14883 0.825567
14884 0.834738
14885 0.970016
14886 0.993814
14887 0.968845
14888 0.653762
14889 0.672426
14890 0.805726
14891 0.908969
14892 0.897525
14893 0.898848
14894 0.920503
14895 0.863626
14896 0.914263
14897 0.924299
14898 0.929501
14899 0.986571
14900 0.970529
14901 0.942745
14902 0.948044
14903 0.885174
14904 0.815238
14905 0.921377
14906 0.889326
14907 0.933772
14908 0.916971
14909 0.795782
14910 0.861155
14911 0.944788
14912 0.919827
14913 0.951289
14914 0.613613
14915 0.98247
14916 0.878227
14917 0.740996
14918 0.948598
14919 0.617834
14920 0.738941
14921 0.875081
14922 0.932214
14923 0.926474
14924 0.951344
14925 0.638791
14926 0.910395
14927 0.9552
14928 0.89157
14929 0.849662
14930 0.867487
14931 0.873608
14932 0.97262
14933 0.8285
14934 0.872845
14935 0.892385
14936 0.95337
14937 0.789059
14938 0.985822
14939 0.816941
14940 0.866184
14941 0.888174
14942 0.882899
14943 0.966897
14944 0.828386
14945 0.957719
14946 0.851796
14947 0.792238
14948 0.94711
14949 0.658766
14950 0.893356
14951 0.72753
14952 0.930603
14953 0.741947
14954 0.895314
14955 0.96903
14956 0.901557
14957 0.926508
14958 0.859787
14959 0.94693
14960 0.832546
14961 0.916801
14962 0.82076
14963 0.815358
14964 0.945568
14965 0.95034
14966 0.757927
14967 0.935143
14968 0.974341
14969 0.903779
14970 0.919987
14971 0.707288
14972 0.598174
14973 0.971875
14974 0.896025
14975 0.774944
14976 0.951515
14977 0.947349
14978 0.778673
14979 0.786897
14980 0.931413
14981 0.952124
14982 0.890672
14983 0.83768
14984 0.970495
14985 0.968516
14986 0.934601
14987 0.909844
14988 0.918682
14989 0.898258
14990 0.941924
14991 0.920255
14992 0.84983
14993 0.977771
14994 0.957581
14995 0.91193
14996 0.84789
14997 0.943433
14998 0.966263
14999 0.962695
15000 0.89682
15001 0.906894
15002 0.924024
15003 0.956885
15004 0.905555
15005 0.8574
15006 0.94926
15007 0.953201
15008 0.982407
15009 0.979773
15010 0.972862
15011 0.960187
15012 0.712807
15013 0.942093
15014 0.6573
15015 0.90244
15016 0.874617
15017 0.815321
15018 0.757366
15019 0.958854
15020 0.988877
15021 0.874912
15022 0.897829
15023 0.834188
15024 0.97706
15025 0.541736
15026 0.791594
15027 0.717036
15028 0.951878
15029 0.629215
15030 0.820003
15031 0.771917
15032 0.701689
15033 0.86946
15034 0.921321
15035 0.859605
15036 0.853984
15037 0.945461
15038 0.653903
15039 0.845919
15040 0.968394
15041 0.750876
15042 0.901113
15043 0.882686
15044 0.811546
15045 0.888715
15046 0.843032
15047 0.919899
15048 0.900794
15049 0.93642
15050 0.861928
15051 0.978023
15052 0.969801
15053 0.929329
15054 0.930753
15055 0.759849
15056 0.939144
15057 0.866336
15058 0.684308
15059 0.778209
15060 0.919032
15061 0.937594
15062 0.790768
15063 0.894377
15064 0.875034
15065 0.881092
15066 0.84484
15067 0.808017
15068 0.874396
15069 0.837128
15070 0.808005
15071 0.9279
15072 0.974267
15073 0.66958
15074 0.713443
15075 0.980121
15076 0.929764
15077 0.972342
15078 0.65619
15079 0.918024
15080 0.957421
15081 0.687872
15082 0.958189
15083 0.889839
15084 0.917746
15085 0.937983
15086 0.985645
15087 0.925604
15088 0.926088
15089 0.742169
15090 0.982655
15091 0.794775
15092 0.920706
15093 0.686641
15094 0.857526
15095 0.967746
15096 0.961119
15097 0.935414
15098 0.864131
15099 0.92746
15100 0.919127
15101 0.87725
15102 0.830481
15103 0.797955
15104 0.973527
15105 0.926042
15106 0.915344
15107 0.988341
15108 0.883499
15109 0.76061
15110 0.852621
15111 0.890638
15112 0.810563
15113 0.995192
15114 0.984312
15115 0.981902
15116 0.965294
15117 0.946363
15118 0.9714
15119 0.986729
15120 0.938347
15121 0.980105
15122 0.871283
15123 0.693732
15124 0.964075
15125 0.902016
15126 0.853286
15127 0.966803
15128 0.860479
15129 0.897453
15130 0.920486
15131 0.929721
15132 0.883792
15133 0.85648
15134 0.862997
15135 0.776011
15136 0.92932
15137 0.773483
15138 0.704582
15139 0.917295
15140 0.787208
15141 0.717923
15142 0.954888
15143 0.949104
15144 0.841462
15145 0.879798
15146 0.678844
15147 0.707652
15148 0.797924
15149 0.745208
15150 0.764539
15151 0.752225
15152 0.844155
15153 0.683559
15154 0.749601
15155 0.862891
15156 0.684651
15157 0.846718
15158 0.925767
15159 0.873176
15160 0.80636
15161 0.884807
15162 0.790595
15163 0.780208
15164 0.726498
15165 0.746455
15166 0.72145
15167 0.694675
15168 0.85769
15169 0.875361
15170 0.748747
15171 0.832154
15172 0.848255
15173 0.834519
15174 0.59008
15175 0.563249
15176 0.578069
15177 0.74552
15178 0.588739
15179 0.620941
15180 0.72102
15181 0.629119
15182 0.726542
15183 0.698629
15184 0.625117
15185 0.583498
15186 0.581186
15187 0.824562
15188 0.588295
15189 0.589251
15190 0.687387
15191 0.587296
15192 0.733445
15193 0.838482
15194 0.840165
15195 0.96254
15196 0.859926
15197 0.809909
15198 0.602992
15199 0.832141
15200 0.593221
15201 0.593109
15202 0.61146
15203 0.674702
15204 0.607415
15205 0.548063
15206 0.676512
15207 0.586499
15208 0.6855
15209 0.607275
15210 0.743496
15211 0.538944
15212 0.616292
15213 0.631378
15214 0.787836
15215 0.598354
15216 0.664726
15217 0.570165
15218 0.734891
15219 0.556708
15220 0.714494
15221 0.585616
15222 0.665255
15223 0.751371
15224 0.595179
15225 0.615737
15226 0.868767
15227 0.832246
15228 0.719747
15229 0.683334
15230 0.669502
15231 0.841906
15232 0.698381
15233 0.593695
15234 0.749266
15235 0.770585
15236 0.771757
15237 0.581398
15238 0.875556
15239 0.519195
15240 0.606715
15241 0.734878
15242 0.645493
15243 0.677036
15244 0.73731
15245 0.609488
15246 0.83628
15247 0.570236
15248 0.652873
15249 0.704542
15250 0.606471
15251 0.807855
15252 0.715619
15253 0.674563
15254 0.709948
15255 0.788403
15256 0.679553
15257 0.71474
15258 0.686322
15259 0.783943
15260 0.658964
15261 0.698105
15262 0.769202
15263 0.758647
15264 0.652534
15265 0.727855
15266 0.811735
15267 0.708761
15268 0.705669
15269 0.826798
15270 0.666231
15271 0.767165
15272 0.621228
15273 0.698891
15274 0.762569
15275 0.712777
15276 0.785008
15277 0.885918
15278 0.762864
15279 0.719442
15280 0.721097
15281 0.62179
15282 0.719831
15283 0.81929
15284 0.782768
15285 0.647827
15286 0.663221
15287 0.777591
15288 0.701047
15289 0.695367
15290 0.522446
15291 0.718999
15292 0.691604
15293 0.678442
15294 0.831718
15295 0.721502
15296 0.77999
15297 0.840116
15298 0.706183
15299 0.68379
15300 0.703848
15301 0.704391
15302 0.795891
15303 0.899718
15304 0.574402
15305 0.503798
15306 0.553093
15307 0.808061
15308 0.749618
15309 0.715789
15310 0.607331
15311 0.794737
15312 0.763916
15313 0.70123
15314 0.705113
15315 0.847968
15316 0.859751
15317 0.765482
15318 0.745296
15319 0.787433
15320 0.745485
15321 0.751412
15322 0.67841
15323 0.677128
15324 0.829913
15325 0.765078
15326 0.788818
15327 0.700343
15328 0.687028
15329 0.703934
15330 0.824531
15331 0.636009
15332 0.600159
15333 0.831726
15334 0.723844
15335 0.728894
15336 0.675222
15337 0.629669
15338 0.75448
15339 0.762343
15340 0.644616
15341 0.589924
15342 0.629817
15343 0.868294
15344 0.651215
15345 0.731243
15346 0.568933
15347 0.655405
15348 0.661745
15349 0.781043
15350 0.677871
15351 0.667571
15352 0.792814
15353 0.635334
15354 0.664493
15355 0.839508
15356 0.713343
15357 0.800205
15358 0.620509
15359 0.645597
15360 0.700818
15361 0.686341
15362 0.659502
15363 0.633225
15364 0.736034
15365 0.759315
15366 0.70123
15367 0.731675
15368 0.768994
15369 0.686884
15370 0.733169
15371 0.612823
15372 0.737812
15373 0.799234
15374 0.626428
15375 0.689044
15376 0.653669
15377 0.774281
15378 0.778029
15379 0.733753
15380 0.644824
15381 0.719939
15382 0.665917
15383 0.672168
15384 0.65686
15385 0.540996
15386 0.800266
15387 0.555636
15388 0.744008
15389 0.75871
15390 0.714383
15391 0.761003
15392 0.949821
15393 0.84121
15394 0.672466
15395 0.694059
15396 0.745177
15397 0.77887
15398 0.876728
15399 0.522217
15400 0.81124
15401 0.494268
15402 0.751576
15403 0.803988
15404 0.701882
15405 0.640734
15406 0.658199
15407 0.626114
15408 0.800464
15409 0.704081
15410 0.799167
15411 0.688296
15412 0.675578
15413 0.599601
15414 0.815465
15415 0.738648
15416 0.720919
15417 0.682528
15418 0.774837
15419 0.602862
15420 0.723983
15421 0.810426
15422 0.747819
15423 0.631483
15424 0.79838
15425 0.593663
15426 0.601092
15427 0.699775
15428 0.744045
15429 0.4993
15430 0.732185
15431 0.564565
15432 0.783348
15433 0.586882
15434 0.654425
15435 0.783886
15436 0.773543
15437 0.689358
15438 0.64116
15439 0.734933
15440 0.713144
15441 0.583753
15442 0.739254
15443 0.503032
15444 0.664629
15445 0.793478
15446 0.878121
15447 0.915636
15448 0.868209
15449 0.897153
15450 0.731992
15451 0.871665
15452 0.692617
15453 0.746412
15454 0.670448
15455 0.758382
15456 0.623466
15457 0.760624
15458 0.713939
15459 0.679004
15460 0.834259
15461 0.729779
15462 0.797911
15463 0.904546
15464 0.840114
15465 0.746969
15466 0.768377
15467 0.810927
15468 0.815693
15469 0.784084
15470 0.760736
15471 0.696372
15472 0.70685
15473 0.795285
15474 0.671405
15475 0.76709
15476 0.84231
15477 0.676506
15478 0.734859
15479 0.743679
15480 0.605443
15481 0.694983
15482 0.666347
15483 0.751489
15484 0.860955
15485 0.696164
15486 0.660978
15487 0.730505
15488 0.707444
15489 0.635946
15490 0.702573
15491 0.568544
15492 0.769476
15493 0.780835
15494 0.656989
15495 0.628088
15496 0.597002
15497 0.749308
15498 0.812183
15499 0.761054
15500 0.835167
15501 0.693331
15502 0.870823
15503 0.70598
15504 0.733704
15505 0.784999
15506 0.707953
15507 0.677073
15508 0.582064
15509 0.642528
15510 0.665172
15511 0.698049
15512 0.683446
15513 0.797837
15514 0.740798
15515 0.807824
15516 0.745514
15517 0.760849
15518 0.741537
15519 0.603123
15520 0.697168
15521 0.74357
15522 0.744957
15523 0.767988
15524 0.730701
15525 0.763004
15526 0.577219
15527 0.799108
15528 0.84648
15529 0.897398
15530 0.911148
15531 0.650039
15532 0.580854
15533 0.739851
15534 0.739625
15535 0.601968
15536 0.589885
15537 0.660255
15538 0.67258
15539 0.689232
15540 0.665343
15541 0.735841
15542 0.796818
15543 0.801337
15544 0.860079
15545 0.797046
15546 0.64885
15547 0.753118
15548 0.807234
15549 0.672998
15550 0.635137
15551 0.76036
15552 0.7506
15553 0.954176
15554 0.624426
15555 0.780036
15556 0.810189
15557 0.791324
15558 0.714464
15559 0.859991
15560 0.815125
15561 0.919345
15562 0.861533
15563 0.689177
15564 0.379617
15565 0.491978
15566 0.363976
15567 0.614943
15568 0.508963
15569 0.573079
15570 0.848888
15571 0.662787
15572 0.464957
15573 0.247137
15574 0.4319
15575 0.790412
15576 0.725995
15577 0.845695
15578 0.904511
15579 0.972083
15580 0.859268
15581 0.766865
15582 0.736116
15583 0.660636
15584 0.963739
15585 0.767739
15586 0.781812
15587 0.710714
15588 0.914732
15589 0.744022
15590 0.796904
15591 0.855043
15592 0.851249
15593 0.919205
15594 0.817588
15595 0.845286
15596 0.759235
15597 0.80379
15598 0.774742
15599 0.830347
15600 0.795456
15601 0.862549
15602 0.782448
15603 0.85979
15604 0.608413
15605 0.592959
15606 0.825012
15607 0.670325
15608 0.751415
15609 0.72342
15610 0.839145
15611 0.743103
15612 0.840311
15613 0.644233
15614 0.875724
15615 0.839848
15616 0.674169
15617 0.871537
15618 0.880491
15619 0.796072
15620 0.953991
15621 0.558129
15622 0.732829
15623 0.88393
15624 0.789579
15625 0.580344
15626 0.628593
15627 0.806734
15628 0.689789
15629 0.679867
15630 0.864911
15631 0.656417
15632 0.376237
15633 0.802843
15634 0.540597
15635 0.685403
15636 0.761632
15637 0.526035
15638 0.50144
15639 0.821791
15640 0.787422
15641 0.582891
15642 0.563295
15643 0.479421
15644 0.771935
15645 0.676553
15646 0.677524
15647 0.623748
15648 0.884288
15649 0.52874
15650 0.752646
15651 0.893319
15652 0.668561
15653 0.603975
15654 0.583984
15655 0.699868
15656 0.545064
15657 0.427422
15658 0.812275
15659 0.881068
15660 0.725153
15661 0.89334
15662 0.540614
15663 0.602126
15664 0.299358
15665 0.693842
15666 0.708512
15667 0.318157
15668 0.663981
15669 0.750796
15670 0.510103
15671 0.536072
15672 0.872564
15673 0.468216
15674 0.807944
15675 0.636681
15676 0.888743
15677 0.75218
15678 0.0850711
15679 0.643159
15680 0.524438
15681 0.459954
15682 0.662317
15683 0.606883
15684 0.923061
15685 0.794348
15686 0.668225
15687 0.500718
15688 0.445655
15689 0.462097
15690 0.573404
15691 0.570379
15692 0.569731
15693 0.744678
15694 0.610046
15695 0.850406
15696 0.472958
15697 0.646432
15698 0.77292
15699 0.737657
15700 0.56069
15701 0.0689844
15702 0.389682
15703 0.677248
15704 0.217729
15705 0.440505
15706 0.514167
15707 0.262553
15708 0.485115
15709 0.486584
15710 0.749447
15711 0.545282
15712 0.408563
15713 0.542915
15714 0.557609
15715 0.440705
15716 0.0693806
15717 0.652187
15718 0.678747
15719 0.773162
15720 0.646233
15721 0.452473
15722 0.691449
15723 0.544415
15724 0.75965
15725 0.482869
15726 0.801679
15727 0.575316
15728 0.874287
15729 0.760931
15730 0.748384
15731 0.536436
15732 0.700538
15733 0.895191
15734 0.751687
15735 0.904638
15736 0.867416
15737 0.737752
15738 0.741782
15739 0.503855
15740 0.780541
15741 0.783711
15742 0.773465
15743 0.756264
15744 0.440735
15745 0.395294
15746 0.466879
15747 0.871205
15748 0.696238
15749 0.27936
15750 0.7165
15751 0.734762
15752 0.462647
15753 0.452462
15754 0.838446
15755 0.821419
15756 0.667836
15757 0.734115
15758 0.864892
15759 0.514783
15760 0.780835
15761 0.756411
15762 0.852803
15763 0.727253
15764 0.875165
15765 0.885552
15766 0.73052
15767 0.801547
15768 0.453674
15769 0.552876
15770 0.76073
15771 0.746292
15772 0.501322
15773 0.645427
15774 0.835948
15775 0.689371
15776 0.828571
15777 0.806266
15778 0.755068
15779 0.846866
15780 0.924663
15781 0.949295
15782 0.57638
15783 0.785017
15784 0.716503
15785 0.644466
15786 0.425271
15787 0.828125
15788 0.72302
15789 0.867868
15790 0.674986
15791 0.718011
15792 0.507277
15793 0.654381
15794 0.84452
15795 0.811774
15796 0.577764
15797 0.843061
15798 0.592521
15799 0.463115
15800 0.766576
15801 0.712379
15802 0.58569
15803 0.656482
15804 0.673239
15805 0.817264
15806 0.740014
15807 0.62465
15808 0.723158
15809 0.790287
15810 0.517027
15811 0.849682
15812 0.52658
15813 0.764762
15814 0.347356
15815 0.772625
15816 0.74324
15817 0.658829
15818 0.639751
15819 0.736959
15820 0.912534
15821 0.681245
15822 0.60813
15823 0.632625
15824 0.757805
15825 0.339944
15826 0.639106
15827 0.546994
15828 0.455587
15829 0.4868
15830 0.422313
15831 0.533961
15832 0.834102
15833 0.668979
15834 0.842778
15835 0.571577
15836 0.412197
15837 0.761384
15838 0.342641
15839 0.673477
15840 0.743837
15841 0.519351
15842 0.575135
15843 0.463672
15844 0.478449
15845 0.537739
15846 0.969463
15847 0.625425
15848 0.848538
15849 0.729606
15850 0.571521
15851 0.568868
15852 0.780317
15853 0.699103
15854 0.635371
15855 0.369081
15856 0.863754
15857 0.401701
15858 0.387735
15859 0.699931
15860 0.638934
15861 0.471923
15862 0.451757
15863 0.509748
15864 0.595631
15865 0.877837
15866 0.652368
15867 0.680297
15868 0.634377
15869 0.855261
15870 0.77884
15871 0.788185
15872 0.503415
15873 0.582468
15874 0.210049
15875 0.524209
15876 0.86079
15877 0.589631
15878 0.775483
15879 0.665001
15880 0.684367
15881 0.735166
15882 0.626131
15883 0.710392
15884 0.550071
15885 0.523984
15886 0.306734
15887 0.521117
15888 0.84172
15889 0.564577
15890 0.412271
15891 0.673691
15892 0.755323
15893 0.424237
15894 0.594822
15895 0.560895
15896 0.840609
15897 0.522056
15898 0.568715
15899 0.673309
15900 0.618417
15901 0.862837
15902 0.842939
15903 0.6039
15904 0.559856
15905 0.838432
15906 0.510116
15907 0.488639
15908 0.387149
15909 0.608217
15910 0.900538
15911 0.667083
15912 0.763865
15913 0.657417
15914 0.689671
15915 0.379653
15916 0.556727
15917 0.698726
15918 0.79191
15919 0.783446
15920 0.760618
15921 0.612479
15922 0.602645
15923 0.541435
15924 0.534905
15925 0.476486
15926 0.533015
15927 0.545455
15928 0.646522
15929 0.726251
15930 0.525632
15931 0.550071
15932 0.5262
15933 0.766133
15934 0.528861
15935 0.515869
15936 0.562554
15937 0.573775
15938 0.75739
15939 0.908106
15940 0.53913
15941 0.616181
15942 0.369884
15943 0.416285
15944 0.394641
15945 0.50364
15946 0.65609
15947 0.455716
15948 0.355246
15949 0.587896
15950 0.705175
15951 0.679619
15952 0.61264
15953 0.617108
15954 0.761259
15955 0.65642
15956 0.510151
15957 0.653773
15958 0.468805
15959 0.58877
15960 0.63565
15961 0.655468
15962 0.656254
15963 0.727519
15964 0.802434
15965 0.48371
15966 0.843978
15967 0.546205
15968 0.732039
15969 0.971272
15970 0.594643
15971 0.597046
15972 0.841492
15973 0.748629
15974 0.577923
15975 0.661399
15976 0.586636
15977 0.562597
15978 0.855866
15979 0.635857
15980 0.715547
15981 0.5985
15982 0.761301
15983 0.591807
15984 0.662798
15985 0.629034
15986 0.626036
15987 0.486196
15988 0.612714
15989 0.452427
15990 0.501063
15991 0.754203
15992 0.559052
15993 0.502301
15994 0.72094
15995 0.72812
15996 0.780966
15997 0.37163
15998 0.586198
15999 0.699737
16000 0.429931
16001 0.509407
16002 0.602725
16003 0.456335
16004 0.880861
16005 0.521546
16006 0.945455
16007 0.661781
16008 0.669202
16009 0.704789
16010 0.7672
16011 0.572561
16012 0.682838
16013 0.933961
16014 0.622748
16015 0.472505
16016 0.789448
16017 0.513843
16018 0.663701
16019 0.628753
16020 0.480512
16021 0.616542
16022 0.440798
16023 0.743645
16024 0.6773
16025 0.601219
16026 0.778505
16027 0.903313
16028 0.49955
16029 0.745004
16030 0.520245
16031 0.941098
16032 0.621289
16033 0.506575
16034 0.695129
16035 0.536744
16036 0.53929
16037 0.841003
16038 0.523384
16039 0.526653
16040 0.538805
16041 0.697002
16042 0.758106
16043 0.732952
16044 0.520467
16045 0.523061
16046 0.758951
16047 0.885744
16048 0.648082
16049 0.434833
16050 0.481332
16051 0.482367
16052 0.653625
16053 0.605913
16054 0.601016
16055 0.887346
16056 0.820202
16057 0.616128
16058 0.853339
16059 0.454355
16060 0.787286
16061 0.68959
16062 0.528514
16063 0.774117
16064 0.652855
16065 0.550009
16066 0.522281
16067 0.88935
16068 0.843681
16069 0.814363
16070 0.873964
16071 0.592323
16072 0.673115
16073 0.677327
16074 0.467367
16075 0.597711
16076 0.638858
16077 0.682741
16078 0.670298
16079 0.63211
16080 0.641573
16081 0.583861
16082 0.747701
16083 0.748612
16084 0.674954
16085 0.737689
16086 0.524975
16087 0.57811
16088 0.613041
16089 0.685258
16090 0.749424
16091 0.925784
16092 0.591612
16093 0.468098
16094 0.430858
16095 0.727845
16096 0.875394
16097 0.73556
16098 0.666443
16099 0.450718
16100 0.8509
16101 0.695469
16102 0.712844
16103 0.949847
16104 0.868415
16105 0.720897
16106 0.861951
16107 0.782661
16108 0.699554
16109 0.548524
16110 0.845303
16111 0.649574
16112 0.663203
16113 0.85761
16114 0.555644
16115 0.628518
16116 0.486734
16117 0.86194
16118 0.497544
16119 0.525321
16120 0.717035
16121 0.659433
16122 0.912811
16123 0.764186
16124 0.678655
16125 0.743222
16126 0.676887
16127 0.697346
16128 0.822476
16129 0.775875
16130 0.455889
16131 0.530023
16132 0.619906
16133 0.516362
16134 0.73872
16135 0.772532
16136 0.75997
16137 0.702681
16138 0.785599
16139 0.731541
16140 0.588043
16141 0.807018
16142 0.903064
16143 0.451785
16144 0.906667
16145 0.810217
16146 0.801807
16147 0.608954
16148 0.619961
16149 0.754593
16150 0.753346
16151 0.655117
16152 0.727643
16153 0.681239
16154 0.737571
16155 0.50331
16156 0.721201
16157 0.56829
16158 0.454863
16159 0.737792
16160 0.5958
16161 0.867121
16162 0.648797
16163 0.648446
16164 0.867158
16165 0.650922
16166 0.585806
16167 0.607207
16168 0.89305
16169 0.504683
16170 0.779176
16171 0.798264
16172 0.481611
16173 0.88898
16174 0.908868
16175 0.574763
16176 0.900309
16177 0.589207
16178 0.644343
16179 0.607216
16180 0.782454
16181 0.485347
16182 0.812557
16183 0.897244
16184 0.654215
16185 0.838582
16186 0.535006
16187 0.557919
16188 0.683819
16189 0.445193
16190 0.64185
16191 0.645276
16192 0.86302
16193 0.685159
16194 0.634977
16195 0.429697
16196 0.462241
16197 0.421848
16198 0.5248
16199 0.772798
16200 0.81025
16201 0.569052
16202 0.447657
16203 0.510278
16204 0.515147
16205 0.757335
16206 0.667115
16207 0.782615
16208 0.59362
16209 0.833503
16210 0.625459
16211 0.798526
16212 0.711705
16213 0.428015
16214 0.508284
16215 0.375289
16216 0.546169
16217 0.593861
16218 0.73461
16219 0.572604
16220 0.802196
16221 0.471851
16222 0.67223
16223 0.766822
16224 0.399329
16225 0.795047
16226 0.561668
16227 0.659445
16228 0.732146
16229 0.479697
16230 0.241602
16231 0.599682
16232 0.687887
16233 0.601389
16234 0.713206
16235 0.353393
16236 0.305737
16237 0.605573
16238 0.679946
16239 0.760327
16240 0.793632
16241 0.644122
16242 0.556722
16243 0.628481
16244 0.506329
16245 0.447721
16246 0.476776
16247 0.810951
16248 0.589628
16249 0.755836
16250 0.318753
16251 0.582798
16252 0.68384
16253 0.586533
16254 0.31299
16255 0.705673
16256 0.59465
16257 0.658048
16258 0.778697
16259 0.680649
16260 0.412932
16261 0.692338
16262 0.66336
16263 0.291515
16264 0.708056
16265 0.609547
16266 0.623106
16267 0.709562
16268 0.337248
16269 0.0684651
16270 0.295023
16271 0.204256
16272 0.300384
16273 0.288862
16274 0.400657
16275 0.3295
16276 0.306834
16277 0.325055
16278 0.282961
16279 0.260073
16280 0.693028
16281 0.923413
16282 0.613934
16283 0.704624
16284 0.727068
16285 0.714836
16286 0.785303
16287 0.658701
16288 0.732195
16289 0.345764
16290 0.633926
16291 0.363377
16292 0.960406
16293 0.831445
16294 0.740864
16295 0.575176
16296 0.521073
16297 0.711436
16298 0.562247
16299 0.613037
16300 0.692785
16301 0.705182
16302 0.87977
16303 0.889805
16304 0.841501
16305 0.646966
16306 0.805108
16307 0.39821
16308 0.875052
16309 0.859268
16310 0.579041
16311 0.672463
16312 0.622139
16313 0.662901
16314 0.880867
16315 0.626382
16316 0.313514
16317 0.641824
16318 0.728009
16319 0.55091
16320 0.708137
16321 0.703089
16322 0.850822
16323 0.270624
16324 0.645508
16325 0.663572
16326 0.297559
16327 0.581608
16328 0.429977
16329 0.461954
16330 0.473256
16331 0.201154
16332 0.307867
16333 0.342312
16334 0.305268
16335 0.322486
16336 0.382899
16337 0.304766
16338 0.704347
16339 0.182188
16340 0.714888
16341 0.720976
16342 0.555428
16343 0.787291
16344 0.519377
16345 0.637219
16346 0.538536
16347 0.532583
16348 0.884627
16349 0.514817
16350 0.525512
16351 0.509206
16352 0.733241
16353 0.725683
16354 0.666396
16355 0.521725
16356 0.514888
16357 0.709919
16358 0.400422
16359 0.811306
16360 0.188591
16361 0.673911
16362 0.569319
16363 0.304016
16364 0.697173
16365 0.862129
16366 0.296353
16367 0.330744
16368 0.363552
16369 0.735946
16370 0.336385
16371 0.301256
16372 0.369762
16373 0.824543
16374 0.617504
16375 0.33281
16376 0.611472
16377 0.781468
16378 0.311587
16379 0.396413
16380 0.596504
16381 0.699146
16382 0.264463
16383 0.655397
16384 0.315855
16385 0.523757
16386 0.554946
16387 0.695191
16388 0.615052
16389 0.0681597
16390 0.562975
16391 0.395714
16392 0.0854747
16393 0.521611
16394 0.307047
16395 0.532352
16396 0.745056
16397 0.306356
16398 0.79042
16399 0.525926
16400 0.529999
16401 0.832057
16402 0.528057
16403 0.539251
16404 0.54145
16405 0.553427
16406 0.885259
16407 0.524221
16408 0.53221
16409 0.453221
16410 0.664698
16411 0.829266
16412 0.664386
16413 0.219319
16414 0.199735
16415 0.759443
16416 0.33736
16417 0.315
16418 0.924723
16419 0.334329
16420 0.379859
16421 0.843752
16422 0.822991
16423 0.315763
16424 0.310275
16425 0.835222
16426 0.676312
16427 0.357844
16428 0.310176
16429 0.919723
16430 0.31018
16431 0.630438
16432 0.974066
16433 0.298172
16434 0.94965
16435 0.520552
16436 0.775929
16437 0.685787
16438 0.845671
16439 0.750256
16440 0.730446
16441 0.591422
16442 0.677326
16443 0.734393
16444 0.773381
16445 0.614232
16446 0.701501
16447 0.782791
16448 0.497572
16449 0.746724
16450 0.835766
16451 0.757373
16452 0.582925
16453 0.54186
16454 0.414115
16455 0.470831
16456 0.815564
16457 0.458873
16458 0.513156
16459 0.779492
16460 0.851217
16461 0.680815
16462 0.680648
16463 0.585884
16464 0.75906
16465 0.551097
16466 0.789444
16467 0.507922
16468 0.681589
16469 0.785715
16470 0.651168
16471 0.776353
16472 0.602189
16473 0.806275
16474 0.835287
16475 0.423573
16476 0.455373
16477 0.50277
16478 0.793793
16479 0.809336
16480 0.679027
16481 0.657577
16482 0.56638
16483 0.629624
16484 0.42826
16485 0.554153
16486 0.6901
16487 0.68173
16488 0.954148
16489 0.679929
16490 0.819324
16491 0.580388
16492 0.846668
16493 0.87613
16494 0.692782
16495 0.500526
16496 0.459522
16497 0.475527
16498 0.732922
16499 0.796928
16500 0.577292
16501 0.955936
16502 0.514789
16503 0.775898
16504 0.811898
16505 0.674159
16506 0.842344
16507 0.656162
16508 0.842699
16509 0.562627
16510 0.810701
16511 0.673414
16512 0.688976
16513 0.688179
16514 0.869454
16515 0.676255
16516 0.630073
16517 0.889617
16518 0.586445
16519 0.722691
16520 0.690138
16521 0.481157
16522 0.589599
16523 0.519884
16524 0.624507
16525 0.65837
16526 0.590076
16527 0.598308
16528 0.407434
16529 0.786853
16530 0.491521
16531 0.664321
16532 0.515635
16533 0.495394
16534 0.408621
16535 0.673264
16536 0.571166
16537 0.573825
16538 0.524589
16539 0.299573
16540 0.730435
16541 0.646526
16542 0.425772
16543 0.571219
16544 0.781624
16545 0.530449
16546 0.830284
16547 0.743418
16548 0.776783
16549 0.710311
16550 0.669701
16551 0.916092
16552 0.327138
16553 0.884065
16554 0.828985
16555 0.609431
16556 0.736063
16557 0.666106
16558 0.569871
16559 0.746606
16560 0.615601
16561 0.878526
16562 0.577514
16563 0.525758
16564 0.811471
16565 0.794357
16566 0.466847
16567 0.730234
16568 0.609863
16569 0.533564
16570 0.64416
16571 0.653371
16572 0.506732
16573 0.881371
16574 0.66309
16575 0.9047
16576 0.643716
16577 0.605699
16578 0.465349
16579 0.547553
16580 0.681597
16581 0.767911
16582 0.546562
16583 0.556357
16584 0.821569
16585 0.194044
16586 0.596617
16587 0.940814
16588 0.507319
16589 0.745321
16590 0.633004
16591 0.510956
16592 0.511785
16593 0.601167
16594 0.551103
16595 0.862661
16596 0.525557
16597 0.65793
16598 0.448186
16599 0.697997
16600 0.500685
16601 0.791136
16602 0.982856
16603 0.85696
16604 0.525235
16605 0.537464
16606 0.50505
16607 0.754196
16608 0.757984
16609 0.744327
16610 0.590425
16611 0.509217
16612 0.381289
16613 0.811031
16614 0.533068
16615 0.722006
16616 0.551239
16617 0.75882
16618 0.443268
16619 0.381226
16620 0.767748
16621 0.62077
16622 0.944313
16623 0.74207
16624 0.749283
16625 0.521622
16626 0.902849
16627 0.665996
16628 0.377802
16629 0.520976
16630 0.522182
16631 0.34534
16632 0.462671
16633 0.344343
16634 0.457588
16635 0.674337
16636 0.384833
16637 0.296784
16638 0.0806945
16639 0.262304
16640 0.847441
16641 0.5563
16642 0.422173
16643 0.657823
16644 0.541572
16645 0.39394
16646 0.629485
16647 0.524613
16648 0.634779
16649 0.397435
16650 0.576247
16651 0.474131
16652 0.779423
16653 0.741707
16654 0.415164
16655 0.491305
16656 0.916515
16657 0.645275
16658 0.522416
16659 0.412218
16660 0.627894
16661 0.658844
16662 0.802122
16663 0.5517
16664 0.798731
16665 0.605015
16666 0.549975
16667 0.488138
16668 0.772882
16669 0.483713
16670 0.733108
16671 0.74581
16672 0.845574
16673 0.645727
16674 0.938973
16675 0.469893
16676 0.499722
16677 0.874868
16678 0.938615
16679 0.683658
16680 0.551682
16681 0.507045
16682 0.549639
16683 0.582396
16684 0.692924
16685 0.451525
16686 0.480172
16687 0.468147
16688 0.898601
16689 0.638935
16690 0.779684
16691 0.377808
16692 0.372497
16693 0.451454
16694 0.451139
16695 0.724164
16696 0.791091
16697 0.58771
16698 0.571049
16699 0.541106
16700 0.840065
16701 0.591661
16702 0.84931
16703 0.627756
16704 0.70784
16705 0.661862
16706 0.735619
16707 0.669964
16708 0.646161
16709 0.767093
16710 0.697819
16711 0.504785
16712 0.789825
16713 0.485852
16714 0.405545
16715 0.660694
16716 0.482576
16717 0.729484
16718 0.906548
16719 0.384951
16720 0.443251
16721 0.552243
16722 0.593703
16723 0.653031
16724 0.790412
16725 0.652497
16726 0.889823
16727 0.592211
16728 0.889404
16729 0.468837
16730 0.407051
16731 0.693352
16732 0.487462
16733 0.493214
16734 0.818806
16735 0.774509
16736 0.875987
16737 0.562391
16738 0.407258
16739 0.62583
16740 0.585859
16741 0.648172
16742 0.836248
16743 0.467476
16744 0.903637
16745 0.578418
16746 0.552717
16747 0.582884
16748 0.675481
16749 0.486352
16750 0.576443
16751 0.568837
16752 0.804841
16753 0.907018
16754 0.600424
16755 0.881446
16756 0.558333
16757 0.558421
16758 0.685366
16759 0.662322
16760 0.905805
16761 0.812092
16762 0.798806
16763 0.858509
16764 0.47394
16765 0.612473
16766 0.625627
16767 0.670446
16768 0.744096
16769 0.695006
16770 0.894759
16771 0.370838
16772 0.64244
16773 0.711757
16774 0.466268
16775 0.794721
16776 0.418218
16777 0.602598
16778 0.833895
16779 0.888984
16780 0.685871
16781 0.542192
16782 0.635731
16783 0.793776
16784 0.599399
16785 0.807772
16786 0.911285
16787 0.635296
16788 0.743002
16789 0.832107
16790 0.778809
16791 0.536756
16792 0.728342
16793 0.702268
16794 0.83534
16795 0.785968
16796 0.877782
16797 0.539477
16798 0.848677
16799 0.628366
16800 0.977858
16801 0.742068
16802 0.697438
16803 0.63381
16804 0.651947
16805 0.678291
16806 0.696087
16807 0.586926
16808 0.335409
16809 0.807051
16810 0.739582
16811 0.4242
16812 0.837639
16813 0.496929
16814 0.897326
16815 0.424405
16816 0.524723
16817 0.481797
16818 0.761983
16819 0.43361
16820 0.511551
16821 0.583513
16822 0.925763
16823 0.786351
16824 0.622258
16825 0.805811
16826 0.547679
16827 0.749173
16828 0.600854
16829 0.758833
16830 0.659756
16831 0.738764
16832 0.635421
16833 0.425808
16834 0.61844
16835 0.662807
16836 0.67711
16837 0.76107
16838 0.782929
16839 0.750906
16840 0.496095
16841 0.689597
16842 0.599578
16843 0.727732
16844 0.821819
16845 0.557078
16846 0.561788
16847 0.686362
16848 0.516705
16849 0.881487
16850 0.673192
16851 0.783033
16852 0.691861
16853 0.819629
16854 0.751216
16855 0.739172
16856 0.770411
16857 0.325007
16858 0.82757
16859 0.669945
16860 0.418569
16861 0.504646
16862 0.832421
16863 0.713158
16864 0.706668
16865 0.817478
16866 0.76201
16867 0.724953
16868 0.529543
16869 0.736996
16870 0.384602
16871 0.708084
16872 0.783934
16873 0.558982
16874 0.642457
16875 0.560388
16876 0.556591
16877 0.838272
16878 0.706195
16879 0.816241
16880 0.662676
16881 0.627577
16882 0.476333
16883 0.558342
16884 0.837522
16885 0.72317
16886 0.639549
16887 0.590243
16888 0.591316
16889 0.831771
16890 0.743151
16891 0.851782
16892 0.714121
16893 0.802988
16894 0.7201
16895 0.756243
16896 0.616522
16897 0.85934
16898 0.560181
16899 0.689135
16900 0.665636
16901 0.754029
16902 0.512187
16903 0.783432
16904 0.537157
16905 0.586945
16906 0.736875
16907 0.489515
16908 0.698439
16909 0.817421
16910 0.831519
16911 0.83349
16912 0.517193
16913 0.587879
16914 0.706613
16915 0.429256
16916 0.649599
16917 0.740622
16918 0.801285
16919 0.697502
16920 0.648725
16921 0.585391
16922 0.623688
16923 0.444244
16924 0.478367
16925 0.31788
16926 0.663723
16927 0.881022
16928 0.70332
16929 0.433193
16930 0.407729
16931 0.578797
16932 0.786549
16933 0.659348
16934 0.653234
16935 0.665188
16936 0.840138
16937 0.701891
16938 0.846209
16939 0.669673
16940 0.925152
16941 0.688772
16942 0.398381
16943 0.677214
16944 0.531537
16945 0.485884
16946 0.836494
16947 0.922409
16948 0.8166
16949 0.719203
16950 0.661892
16951 0.766987
16952 0.255035
16953 0.652627
16954 0.7018
16955 0.856735
16956 0.937352
16957 0.6972
16958 0.613766
16959 0.723074
16960 0.472337
16961 0.387262
16962 0.750392
16963 0.414599
16964 0.634604
16965 0.419198
16966 0.543291
16967 0.691348
16968 0.5299
16969 0.617094
16970 0.443098
16971 0.380015
16972 0.624002
16973 0.672417
16974 0.481131
16975 0.634245
16976 0.570498
16977 0.490449
16978 0.484918
16979 0.694478
16980 0.685207
16981 0.555241
16982 0.441054
16983 0.593024
16984 0.720183
16985 0.946054
16986 0.77479
16987 0.788215
16988 0.784351
16989 0.364949
16990 0.642054
16991 0.635033
16992 0.947222
16993 0.443086
16994 0.664227
16995 0.82866
16996 0.581863
16997 0.812149
16998 0.704527
16999 0.688502
17000 0.83473
17001 0.729117
17002 0.497708
17003 0.510538
17004 0.61042
17005 0.624734
17006 0.632589
17007 0.441039
17008 0.520697
17009 0.732828
17010 0.663389
17011 0.741788
17012 0.674176
17013 0.500412
17014 0.520849
17015 0.416021
17016 0.875921
17017 0.864276
17018 0.623589
17019 0.619548
17020 0.837138
17021 0.617734
17022 0.831645
17023 0.709688
17024 0.615226
17025 0.766405
17026 0.427005
17027 0.71218
17028 0.620065
17029 0.876015
17030 0.655665
17031 0.77804
17032 0.572481
17033 0.856734
17034 0.626705
17035 0.85291
17036 0.743093
17037 0.600234
17038 0.762036
17039 0.641237
17040 0.491624
17041 0.650018
17042 0.770223
17043 0.729355
17044 0.661099
17045 0.559587
17046 0.698479
17047 0.84569
17048 0.826265
17049 0.431648
17050 0.694544
17051 0.759727
17052 0.509068
17053 0.602474
17054 0.735315
17055 0.504011
17056 0.371641
17057 0.641898
17058 0.536459
17059 0.54036
17060 0.688313
17061 0.638474
17062 0.452668
17063 0.521793
17064 0.608018
17065 0.756071
17066 0.905914
17067 0.719793
17068 0.475927
17069 0.28917
17070 0.626207
17071 0.563554
17072 0.76858
17073 0.764164
17074 0.638768
17075 0.887189
17076 0.793194
17077 0.728909
17078 0.722244
17079 0.681526
17080 0.671387
17081 0.460297
17082 0.738083
17083 0.56814
17084 0.600296
17085 0.710671
17086 0.638454
17087 0.726535
17088 0.617642
17089 0.643057
17090 0.598647
17091 0.459268
17092 0.385572
17093 0.804563
17094 0.635575
17095 0.650014
17096 0.889387
17097 0.482562
17098 0.643002
17099 0.737969
17100 0.621096
17101 0.721816
17102 0.564134
17103 0.468692
17104 0.461217
17105 0.309989
17106 0.55987
17107 0.757264
17108 0.534573
17109 0.854969
17110 0.614387
17111 0.832815
17112 0.773619
17113 0.602603
17114 0.745658
17115 0.389957
17116 0.433259
17117 0.711791
17118 0.62339
17119 0.704515
17120 0.749646
17121 0.536279
17122 0.555492
17123 0.882958
17124 0.629349
17125 0.550361
17126 0.64422
17127 0.398097
17128 0.331495
17129 0.74368
17130 0.514678
17131 0.448026
17132 0.589727
17133 0.704912
17134 0.79585
17135 0.752265
17136 0.526361
17137 0.607136
17138 0.871258
17139 0.768676
17140 0.77235
17141 0.473144
17142 0.680322
17143 0.516799
17144 0.657871
17145 0.5126
17146 0.444552
17147 0.703575
17148 0.662775
17149 0.68655
17150 0.472212
17151 0.8259
17152 0.515862
17153 0.840593
17154 0.835513
17155 0.659393
17156 0.546646
17157 0.641977
17158 0.519042
17159 0.706356
17160 0.924463
17161 0.588122
17162 0.738436
17163 0.641173
17164 0.593181
17165 0.402558
17166 0.767868
17167 0.568938
17168 0.471452
17169 0.639655
17170 0.751048
17171 0.587518
17172 0.519628
17173 0.641743
17174 0.685963
17175 0.587708
17176 0.679258
17177 0.432
17178 0.525856
17179 0.613693
17180 0.755037
17181 0.776676
17182 0.551066
17183 0.319583
17184 0.838754
17185 0.865461
17186 0.803438
17187 0.461087
17188 0.510531
17189 0.579967
17190 0.639181
17191 0.596681
17192 0.465047
17193 0.730945
17194 0.457509
17195 0.496001
17196 0.57868
17197 0.63689
17198 0.494129
17199 0.787284
17200 0.622023
17201 0.696199
17202 0.6813
17203 0.746138
17204 0.562558
17205 0.668842
17206 0.678159
17207 0.664967
17208 0.86475
17209 0.723624
17210 0.605045
17211 0.514716
17212 0.581783
17213 0.671689
17214 0.494882
17215 0.591202
17216 0.490164
17217 0.672624
17218 0.660387
17219 0.558444
17220 0.807557
17221 0.529429
17222 0.866835
17223 0.662963
17224 0.72546
17225 0.727022
17226 0.606186
17227 0.656276
17228 0.732316
17229 0.469674
17230 0.494342
17231 0.815182
17232 0.406906
17233 0.607409
17234 0.752447
17235 0.690626
17236 0.785976
17237 0.836617
17238 0.551115
17239 0.651956
17240 0.809916
17241 0.308877
17242 0.617571
17243 0.64794
17244 0.713033
17245 0.807338
17246 0.558428
17247 0.357574
17248 0.576282
17249 0.696016
17250 0.722409
17251 0.79911
17252 0.562598
17253 0.45208
17254 0.725113
17255 0.685529
17256 0.481119
17257 0.668171
17258 0.794267
17259 0.68875
17260 0.350217
17261 0.6882
17262 0.283201
17263 0.731199
17264 0.547471
17265 0.90461
17266 0.628676
17267 0.574223
17268 0.436928
17269 0.457866
17270 0.621773
17271 0.65656
17272 0.733343
17273 0.822533
17274 0.687131
17275 0.756982
17276 0.657807
17277 0.439886
17278 0.87557
17279 0.891204
17280 0.672722
17281 0.713132
17282 0.477042
17283 0.809258
17284 0.454289
17285 0.36215
17286 0.735928
17287 0.636053
17288 0.84052
17289 0.675961
17290 0.628323
17291 0.468987
17292 0.700219
17293 0.760658
17294 0.708609
17295 0.745027
17296 0.607396
17297 0.73011
17298 0.779661
17299 0.694287
17300 0.647662
17301 0.800609
17302 0.932126
17303 0.539214
17304 0.842458
17305 0.932582
17306 0.786525
17307 0.847816
17308 0.805922
17309 0.853155
17310 0.62452
17311 0.603328
17312 0.818658
17313 0.513955
17314 0.480113
17315 0.574665
17316 0.908122
17317 0.526006
17318 0.926067
17319 0.878124
17320 0.865047
17321 0.611446
17322 0.659732
17323 0.850699
17324 0.239977
17325 0.574494
17326 0.215143
17327 0.61941
17328 0.627982
17329 0.556245
17330 0.548975
17331 0.937279
17332 0.534573
17333 0.347419
17334 0.507577
17335 0.841903
17336 0.659876
17337 0.569726
17338 0.80753
17339 0.762944
17340 0.745517
17341 0.652495
17342 0.41913
17343 0.659723
17344 0.705599
17345 0.454852
17346 0.688138
17347 0.777965
17348 0.797478
17349 0.430908
17350 0.845864
17351 0.663947
17352 0.546122
17353 0.791958
17354 0.879774
17355 0.82411
17356 0.591935
17357 0.816122
17358 0.436581
17359 0.541973
17360 0.500948
17361 0.611037
17362 0.855765
17363 0.434677
17364 0.684098
17365 0.888111
17366 0.710408
17367 0.67835
17368 0.586515
17369 0.810056
17370 0.377356
17371 0.735489
17372 0.25258
17373 0.79683
17374 0.82626
17375 0.518962
17376 0.406298
17377 0.535544
17378 0.582215
17379 0.713334
17380 0.641834
17381 0.742579
17382 0.641119
17383 0.602021
17384 0.701749
17385 0.873336
17386 0.382738
17387 0.757811
17388 0.44799
17389 0.720842
17390 0.907811
17391 0.810712
17392 0.807494
17393 0.581167
17394 0.773052
17395 0.820247
17396 0.588092
17397 0.711978
17398 0.82263
17399 0.845687
17400 0.782963
17401 0.685836
17402 0.52568
17403 0.436397
17404 0.74268
17405 0.555262
17406 0.676226
17407 0.875666
17408 0.712942
17409 0.612721
17410 0.803663
17411 0.811374
17412 0.455988
17413 0.553923
17414 0.726687
17415 0.637274
17416 0.792125
17417 0.577591
17418 0.873525
17419 0.85982
17420 0.696247
17421 0.705175
17422 0.501696
17423 0.678717
17424 0.806832
17425 0.636551
17426 0.647647
17427 0.575106
17428 0.628387
17429 0.700441
17430 0.809174
17431 0.623593
17432 0.680006
17433 0.583885
17434 0.907235
17435 0.703895
17436 0.318211
17437 0.554034
17438 0.726798
17439 0.570705
17440 0.889862
17441 0.523213
17442 0.763053
17443 0.945728
17444 0.841465
17445 0.70074
17446 0.633903
17447 0.523872
17448 0.837585
17449 0.860206
17450 0.526493
17451 0.630404
17452 0.637703
17453 0.492679
17454 0.455635
17455 0.604794
17456 0.610016
17457 0.624752
17458 0.388752
17459 0.430375
17460 0.574541
17461 0.549098
17462 0.487156
17463 0.748332
17464 0.694214
17465 0.565863
17466 0.683088
17467 0.610583
17468 0.654861
17469 0.467638
17470 0.726765
17471 0.688282
17472 0.787556
17473 0.288525
17474 0.371354
17475 0.417198
17476 0.564946
17477 0.633085
17478 0.861095
17479 0.255038
17480 0.782966
17481 0.845385
17482 0.49145
17483 0.807244
17484 0.68264
17485 0.640427
17486 0.644876
17487 0.678409
17488 0.736249
17489 0.656655
17490 0.533771
17491 0.835309
17492 0.71304
17493 0.729649
17494 0.753082
17495 0.703556
17496 0.67666
17497 0.736154
17498 0.641751
17499 0.752436
17500 0.719805
17501 0.681957
17502 0.899933
17503 0.604771
17504 0.901471
17505 0.600075
17506 0.520369
17507 0.549756
17508 0.591602
17509 0.737931
17510 0.626794
17511 0.811798
17512 0.607957
17513 0.726711
17514 0.641734
17515 0.759258
17516 0.75417
17517 0.618208
17518 0.564719
17519 0.635121
17520 0.613673
17521 0.511075
17522 0.736427
17523 0.707976
17524 0.864296
17525 0.608629
17526 0.537995
17527 0.801914
17528 0.532192
17529 0.666599
17530 0.821652
17531 0.821551
17532 0.728655
17533 0.663205
17534 0.877466
17535 0.59723
17536 0.666715
17537 0.763606
17538 0.634043
17539 0.659382
17540 0.777864
17541 0.611032
17542 0.388062
17543 0.383369
17544 0.74291
17545 0.898198
17546 0.615534
17547 0.835025
17548 0.700753
17549 0.617166
17550 0.750353
17551 0.64046
17552 0.598266
17553 0.644473
17554 0.881811
17555 0.846988
17556 0.484887
17557 0.842853
17558 0.605866
17559 0.762358
17560 0.647085
17561 0.506129
17562 0.497439
17563 0.476655
17564 0.61129
17565 0.711127
17566 0.742151
17567 0.590832
17568 0.502459
17569 0.554691
17570 0.744103
17571 0.840524
17572 0.740422
17573 0.461777
17574 0.360329
17575 0.650785
17576 0.875681
17577 0.720916
17578 0.571385
17579 0.688007
17580 0.728836
17581 0.751341
17582 0.819296
17583 0.68014
17584 0.799358
17585 0.611195
17586 0.397057
17587 0.740199
17588 0.694787
17589 0.633154
17590 0.630871
17591 0.655886
17592 0.674026
17593 0.586872
17594 0.549857
17595 0.602729
17596 0.552059
17597 0.541287
17598 0.675141
17599 0.741186
17600 0.734236
17601 0.771838
17602 0.722603
17603 0.387383
17604 0.577778
17605 0.819783
17606 0.822589
17607 0.709272
17608 0.595892
17609 0.598223
17610 0.597814
17611 0.640306
17612 0.880932
17613 0.804452
17614 0.722119
17615 0.447137
17616 0.730337
17617 0.608522
17618 0.852011
17619 0.638992
17620 0.586383
17621 0.631615
17622 0.768295
17623 0.684705
17624 0.404889
17625 0.3877
17626 0.350367
17627 0.839084
17628 0.661871
17629 0.65389
17630 0.944757
17631 0.613994
17632 0.832652
17633 0.599674
17634 0.731397
17635 0.572851
17636 0.805027
17637 0.774961
17638 0.584084
17639 0.72715
17640 0.86264
17641 0.617932
17642 0.676545
17643 0.602553
17644 0.788257
17645 0.540019
17646 0.628104
17647 0.617423
17648 0.724932
17649 0.531783
17650 0.580787
17651 0.813656
17652 0.79818
17653 0.640508
17654 0.638685
17655 0.670153
17656 0.43334
17657 0.671086
17658 0.649842
17659 0.830024
17660 0.830989
17661 0.766111
17662 0.766884
17663 0.9292
17664 0.880181
17665 0.740597
17666 0.666823
17667 0.746464
17668 0.706021
17669 0.709031
17670 0.788868
17671 0.641609
17672 0.845787
17673 0.602843
17674 0.70602
17675 0.697499
17676 0.789881
17677 0.531357
17678 0.454282
17679 0.684796
17680 0.689554
17681 0.807981
17682 0.482312
17683 0.425696
17684 0.692504
17685 0.663566
17686 0.570269
17687 0.59788
17688 0.824653
17689 0.495747
17690 0.620908
17691 0.804205
17692 0.646972
17693 0.646765
17694 0.693376
17695 0.796063
17696 0.492991
17697 0.654024
17698 0.545967
17699 0.691565
17700 0.749612
17701 0.547635
17702 0.555629
17703 0.73641
17704 0.652499
17705 0.548679
17706 0.705253
17707 0.656848
17708 0.718863
17709 0.466794
17710 0.554456
17711 0.588819
17712 0.929773
17713 0.706071
17714 0.668018
17715 0.761124
17716 0.751405
17717 0.777935
17718 0.814316
17719 0.544904
17720 0.765926
17721 0.732112
17722 0.791577
17723 0.776397
17724 0.95151
17725 0.928415
17726 0.659897
17727 0.677621
17728 0.84877
17729 0.772075
17730 0.87614
17731 0.803027
17732 0.811787
17733 0.767542
17734 0.818979
17735 0.713864
17736 0.747435
17737 0.845288
17738 0.504373
17739 0.570607
17740 0.619436
17741 0.785524
17742 0.778307
17743 0.476056
17744 0.55902
17745 0.81533
17746 0.70795
17747 0.433087
17748 0.748314
17749 0.87351
17750 0.82115
17751 0.758884
17752 0.634637
17753 0.881147
17754 0.874304
17755 0.671002
17756 0.620015
17757 0.61652
17758 0.586538
17759 0.837423
17760 0.652719
17761 0.704394
17762 0.700272
17763 0.853784
17764 0.832029
17765 0.69631
17766 0.680724
17767 0.472513
17768 0.753072
17769 0.867443
17770 0.63802
17771 0.633248
17772 0.48825
17773 0.744863
17774 0.814795
17775 0.670546
17776 0.888587
17777 0.579747
17778 0.595212
17779 0.877838
17780 0.679335
17781 0.745533
17782 0.271632
17783 0.32914
17784 0.334639
17785 0.757731
17786 0.282581
17787 0.742127
17788 0.460841
17789 0.64724
17790 0.71748
17791 0.705002
17792 0.65498
17793 0.610741
17794 0.767123
17795 0.765439
17796 0.630765
17797 0.575795
17798 0.596196
17799 0.747121
17800 0.440692
17801 0.771741
17802 0.929062
17803 0.488406
17804 0.638256
17805 0.551645
17806 0.520219
17807 0.51265
17808 0.759059
17809 0.714881
17810 0.872316
17811 0.922114
17812 0.617111
17813 0.385876
17814 0.885892
17815 0.573207
17816 0.738202
17817 0.771679
17818 0.707209
17819 0.706
17820 0.863997
17821 0.496269
17822 0.665431
17823 0.763525
17824 0.822266
17825 0.613426
17826 0.474708
17827 0.695575
17828 0.620418
17829 0.923307
17830 0.717718
17831 0.820633
17832 0.654825
17833 0.449232
17834 0.60039
17835 0.917372
17836 0.769448
17837 0.44475
17838 0.701598
17839 0.492357
17840 0.822982
17841 0.742378
17842 0.750891
17843 0.720738
17844 0.753416
17845 0.883211
17846 0.707195
17847 0.836836
17848 0.740242
17849 0.572734
17850 0.479205
17851 0.737008
17852 0.704325
17853 0.523742
17854 0.663568
17855 0.875491
17856 0.545983
17857 0.764796
17858 0.771094
17859 0.690245
17860 0.549547
17861 0.472628
17862 0.703468
17863 0.669308
17864 0.577504
17865 0.560255
17866 0.578922
17867 0.620791
17868 0.876401
17869 0.825253
17870 0.670956
17871 0.573907
17872 0.725917
17873 0.445556
17874 0.634744
17875 0.841369
17876 0.517613
17877 0.674168
17878 0.559426
17879 0.587613
17880 0.712917
17881 0.879316
17882 0.646253
17883 0.607972
17884 0.612958
17885 0.667345
17886 0.585922
17887 0.488188
17888 0.568729
17889 0.749107
17890 0.752107
17891 0.290621
17892 0.685293
17893 0.591516
17894 0.776185
17895 0.500573
17896 0.265658
17897 0.909961
17898 0.769154
17899 0.767925
17900 0.522438
17901 0.707928
17902 0.663001
17903 0.528454
17904 0.65617
17905 0.843364
17906 0.450385
17907 0.72224
17908 0.803774
17909 0.630667
17910 0.824146
17911 0.951407
17912 0.873317
17913 0.807402
17914 0.560054
17915 0.703238
17916 0.663801
17917 0.685692
17918 0.592629
17919 0.830992
17920 0.705561
17921 0.679907
17922 0.738472
17923 0.660244
17924 0.846242
17925 0.783175
17926 0.749138
17927 0.616285
17928 0.439741
17929 0.726231
17930 0.536935
17931 0.839876
17932 0.732091
17933 0.769004
17934 0.935865
17935 0.657863
17936 0.572654
17937 0.667127
17938 0.73142
17939 0.51912
17940 0.849032
17941 0.826538
17942 0.669624
17943 0.658756
17944 0.883811
17945 0.383089
17946 0.690545
17947 0.755206
17948 0.880104
17949 0.520542
17950 0.597844
17951 0.718326
17952 0.408249
17953 0.455747
17954 0.752032
17955 0.583811
17956 0.687786
17957 0.491562
17958 0.568501
17959 0.526313
17960 0.591696
17961 0.463161
17962 0.586045
17963 0.422936
17964 0.64293
17965 0.829034
17966 0.60156
17967 0.666403
17968 0.686202
17969 0.582324
17970 0.41453
17971 0.557445
17972 0.681125
17973 0.458895
17974 0.746536
17975 0.585071
17976 0.605366
17977 0.544131
17978 0.681233
17979 0.763489
17980 0.662483
17981 0.757781
17982 0.837417
17983 0.822316
17984 0.767832
17985 0.478157
17986 0.405752
17987 0.738247
17988 0.715758
17989 0.447626
17990 0.776443
17991 0.770477
17992 0.637118
17993 0.644469
17994 0.58109
17995 0.82285
17996 0.625389
17997 0.681843
17998 0.65686
17999 0.681181
18000 0.724154
18001 0.664868
18002 0.709234
18003 0.707046
18004 0.750169
18005 0.448715
18006 0.751859
18007 0.707598
18008 0.936593
18009 0.705261
18010 0.752271
18011 0.613314
18012 0.560021
18013 0.561837
18014 0.661678
18015 0.60383
18016 0.434727
18017 0.769175
18018 0.676957
18019 0.641927
18020 0.740746
18021 0.702737
18022 0.913858
18023 0.0874257
18024 0.636335
18025 0.575915
18026 0.822048
18027 0.731133
18028 0.638052
18029 0.477496
18030 0.664546
18031 0.817173
18032 0.275518
18033 0.778824
18034 0.587656
18035 0.695434
18036 0.607534
18037 0.767125
18038 0.579662
18039 0.72988
18040 0.658176
18041 0.447148
18042 0.689932
18043 0.578148
18044 0.506246
18045 0.540812
18046 0.498338
18047 0.573869
18048 0.648734
18049 0.57656
18050 0.487629
18051 0.470668
18052 0.782004
18053 0.511639
18054 0.766502
18055 0.708219
18056 0.627631
18057 0.716146
18058 0.254042
18059 0.520638
18060 0.284153
18061 0.667446
18062 0.574456
18063 0.189584
18064 0.356887
18065 0.731036
18066 0.506113
18067 0.719385
18068 0.520893
18069 0.613993
18070 0.548451
18071 0.761674
18072 0.743186
18073 0.637148
18074 0.391585
18075 0.71874
18076 0.406804
18077 0.488345
18078 0.496409
18079 0.439148
18080 0.455908
18081 0.466988
18082 0.718117
18083 0.712505
18084 0.827001
18085 0.766108
18086 0.777442
18087 0.648679
18088 0.773489
18089 0.598582
18090 0.892057
18091 0.375412
18092 0.809547
18093 0.556148
18094 0.785681
18095 0.444378
18096 0.573202
18097 0.34268
18098 0.382913
18099 0.791774
18100 0.582974
18101 0.540913
18102 0.728629
18103 0.478339
18104 0.645167
18105 0.810928
18106 0.532198
18107 0.703708
18108 0.425108
18109 0.541711
18110 0.717384
18111 0.689305
18112 0.437791
18113 0.650373
18114 0.612167
18115 0.421565
18116 0.569714
18117 0.819198
18118 0.926398
18119 0.774381
18120 0.397508
18121 0.535123
18122 0.419368
18123 0.575177
18124 0.585528
18125 0.566141
18126 0.45689
18127 0.552975
18128 0.676099
18129 0.720732
18130 0.77157
18131 0.503207
18132 0.400131
18133 0.541048
18134 0.656302
18135 0.681759
18136 0.331784
18137 0.53335
18138 0.628227
18139 0.547611
18140 0.833685
18141 0.884493
18142 0.74717
18143 0.704441
18144 0.889522
18145 0.743785
18146 0.543507
18147 0.625289
18148 0.41262
18149 0.393052
18150 0.559471
18151 0.489883
18152 0.643797
18153 0.605597
18154 0.405074
18155 0.514118
18156 0.869384
18157 0.505451
18158 0.552683
18159 0.644905
18160 0.768487
18161 0.602492
18162 0.617546
18163 0.45524
18164 0.826591
18165 0.656791
18166 0.308775
18167 0.680451
18168 0.801026
18169 0.926216
18170 0.394923
18171 0.766993
18172 0.646567
18173 0.639106
18174 0.569014
18175 0.766036
18176 0.705769
18177 0.754074
18178 0.761336
18179 0.650442
18180 0.560378
18181 0.457634
18182 0.709987
18183 0.405505
18184 0.539346
18185 0.752225
18186 0.765069
18187 0.575659
18188 0.856706
18189 0.456952
18190 0.340405
18191 0.459816
18192 0.63655
18193 0.706961
18194 0.600036
18195 0.36846
18196 0.448932
18197 0.310658
18198 0.514697
18199 0.383811
18200 0.747756
18201 0.463668
18202 0.773791
18203 0.817022
18204 0.610907
18205 0.628939
18206 0.515075
18207 0.368382
18208 0.646097
18209 0.699845
18210 0.667961
18211 0.818979
18212 0.852126
18213 0.529256
18214 0.417518
18215 0.69424
18216 0.299736
18217 0.504576
18218 0.514339
18219 0.518816
18220 0.625097
18221 0.737376
18222 0.481915
18223 0.718372
18224 0.664499
18225 0.33204
18226 0.691915
18227 0.753716
18228 0.843107
18229 0.503833
18230 0.698723
18231 0.640827
18232 0.580515
18233 0.6164
18234 0.618691
18235 0.56389
18236 0.652725
18237 0.784291
18238 0.704594
18239 0.491635
18240 0.518164
18241 0.438232
18242 0.451972
18243 0.250896
18244 0.680995
18245 0.762587
18246 0.610345
18247 0.587201
18248 0.882773
18249 0.686232
18250 0.674096
18251 0.619263
18252 0.60825
18253 0.66272
18254 0.669857
18255 0.583083
18256 0.615793
18257 0.685871
18258 0.903985
18259 0.521747
18260 0.650837
18261 0.691842
18262 0.510166
18263 0.489107
18264 0.85088
18265 0.594893
18266 0.724088
18267 0.578763
18268 0.609087
18269 0.469366
18270 0.581267
18271 0.67284
18272 0.283596
18273 0.67959
18274 0.686783
18275 0.649213
18276 0.432929
18277 0.563378
18278 0.500766
18279 0.670249
18280 0.739966
18281 0.517525
18282 0.787198
18283 0.578536
18284 0.728877
18285 0.58149
18286 0.638618
18287 0.417306
18288 0.688789
18289 0.49258
18290 0.673412
18291 0.505581
18292 0.57261
18293 0.497904
18294 0.582191
18295 0.753346
18296 0.713448
18297 0.626078
18298 0.742501
18299 0.713533
18300 0.703448
18301 0.687604
18302 0.752512
18303 0.915985
18304 0.672364
18305 0.634948
18306 0.752759
18307 0.873813
18308 0.639572
18309 0.375493
18310 0.595854
18311 0.766691
18312 0.44254
18313 0.652299
18314 0.502012
18315 0.726237
18316 0.582983
18317 0.561451
18318 0.870729
18319 0.658007
18320 0.625292
18321 0.504642
18322 0.59353
18323 0.509246
18324 0.37127
18325 0.702111
18326 0.61995
18327 0.728047
18328 0.548105
18329 0.502515
18330 0.854981
18331 0.821115
18332 0.282498
18333 0.286656
18334 0.462242
18335 0.347258
18336 0.379498
18337 0.550682
18338 0.667724
18339 0.380807
18340 0.398432
18341 0.60919
18342 0.654727
18343 0.568911
18344 0.518057
18345 0.457315
18346 0.447752
18347 0.683644
18348 0.520805
18349 0.555388
18350 0.711995
18351 0.688796
18352 0.767661
18353 0.868291
18354 0.581803
18355 0.753966
18356 0.550162
18357 0.628894
18358 0.366411
18359 0.738502
18360 0.857076
18361 0.802622
18362 0.903265
18363 0.670077
18364 0.92841
18365 0.839629
18366 0.576951
18367 0.602973
18368 0.635616
18369 0.813873
18370 0.750489
18371 0.679886
18372 0.784474
18373 0.668644
18374 0.788837
18375 0.511387
18376 0.757817
18377 0.860276
18378 0.83274
18379 0.696201
18380 0.902426
18381 0.641097
18382 0.741575
18383 0.814323
18384 0.987713
18385 0.805121
18386 0.850825
18387 0.793591
18388 0.970043
18389 0.786929
18390 0.641567
18391 0.786704
18392 0.943566
18393 0.754149
18394 0.770031
18395 0.927616
18396 0.909687
18397 0.943176
18398 0.710294
18399 0.783219
18400 0.76256
18401 0.632135
18402 0.754002
18403 0.630309
18404 0.693413
18405 0.72002
18406 0.712891
18407 0.739784
18408 0.73687
18409 0.778565
18410 0.697254
18411 0.855072
18412 0.800112
18413 0.65233
18414 0.807819
18415 0.735433
18416 0.89115
18417 0.838252
18418 0.852219
18419 0.742312
18420 0.69841
18421 0.757816
18422 0.75058
18423 0.811695
18424 0.897549
18425 0.91506
18426 0.71158
18427 0.649004
18428 0.780556
18429 0.669363
18430 0.782075
18431 0.699659
18432 0.830763
18433 0.767001
18434 0.600985
18435 0.836352
18436 0.877703
18437 0.849722
18438 0.783438
18439 0.765114
18440 0.878238
18441 0.989543
18442 0.832625
18443 0.777272
18444 0.794248
18445 0.95024
18446 0.770737
18447 0.830139
18448 0.712696
18449 0.676872
18450 0.500892
18451 0.701066
18452 0.853013
18453 0.871023
18454 0.917822
18455 0.669691
18456 0.746857
18457 0.692942
18458 0.932343
18459 0.682046
18460 0.76429
18461 0.763192
18462 0.779327
18463 0.763931
18464 0.944696
18465 0.584333
18466 0.815833
18467 0.683068
18468 0.812008
18469 0.792229
18470 0.785718
18471 0.71158
18472 0.76977
18473 0.698625
18474 0.489654
18475 0.738268
18476 0.821273
18477 0.779592
18478 0.707018
18479 0.758996
18480 0.640046
18481 0.874028
18482 0.569296
18483 0.716556
18484 0.761069
18485 0.675374
18486 0.818955
18487 0.890445
18488 0.737257
18489 0.869018
18490 0.842689
18491 0.798575
18492 0.93209
18493 0.716152
18494 0.693805
18495 0.712841
18496 0.663948
18497 0.595171
18498 0.761772
18499 0.745235
18500 0.754321
18501 0.940934
18502 0.627035
18503 0.855472
18504 0.728745
18505 0.625061
18506 0.846298
18507 0.539722
18508 0.784415
18509 0.770591
18510 0.771165
18511 0.757841
18512 0.700501
18513 0.799181
18514 0.806649
18515 0.857807
18516 0.726732
18517 0.85655
18518 0.471041
18519 0.795667
18520 0.82164
18521 0.777101
18522 0.702042
18523 0.790672
18524 0.742759
18525 0.66277
18526 0.842308
18527 0.753037
18528 0.802397
18529 0.732305
18530 0.714884
18531 0.636534
18532 0.542456
18533 0.516369
18534 0.239547
18535 0.819411
18536 0.401153
18537 0.278075
18538 0.687813
18539 0.626855
18540 0.85956
18541 0.716084
18542 0.59469
18543 0.326021
18544 0.394277
18545 0.480412
18546 0.513449
18547 0.30806
18548 0.285538
18549 0.449121
18550 0.415853
18551 0.24184
18552 0.759478
18553 0.48273
18554 0.522328
18555 0.75661
18556 0.53783
18557 0.432465
18558 0.742602
18559 0.592973
18560 0.492318
18561 0.332968
18562 0.458921
18563 0.439016
18564 0.749991
18565 0.426314
18566 0.615445
18567 0.0358652
18568 0.427859
18569 0.785892
18570 0.475749
18571 0.553298
18572 0.375833
18573 0.47876
18574 0.533794
18575 0.447476
18576 0.717683
18577 0.754775
18578 0.640038
18579 0.857645
18580 0.763268
18581 0.252327
18582 0.722284
18583 0.69422
18584 0.347434
18585 0.191089
18586 0.609613
18587 0.595586
18588 0.264446
18589 0.187926
18590 0.196757
18591 0.535115
18592 0.349676
18593 0.210153
18594 0.269882
18595 0.518636
18596 0.288464
18597 0.260583
18598 0.25383
18599 0.665436
18600 0.127627
18601 0.423435
18602 0.847532
18603 0.305396
18604 0.25807
18605 0.41613
18606 0.674444
18607 0.505405
18608 0.164948
18609 0.740868
18610 0.0358216
18611 0.252156
18612 0.494834
18613 0.29902
18614 0.0390289
18615 0.395496
18616 0.517105
18617 0.177824
18618 0.56286
18619 0.15761
18620 0.14991
18621 0.636746
18622 0.24467
18623 0.315836
18624 0.363497
18625 0.170595
18626 0.32699
18627 0.303258
18628 0.219181
18629 0.336046
18630 0.190807
18631 0.0994977
18632 0.137883
18633 0.567259
18634 0.435105
18635 0.0489349
18636 0.443463
18637 0.568941
18638 0.179486
18639 0.248568
18640 0.558599
18641 0.259955
18642 0.184897
18643 0.189152
18644 0.483996
18645 0.220976
18646 0.233115
18647 0.494542
18648 0.198273
18649 0.502111
18650 0.415916
18651 0.785852
18652 0.686998
18653 0.519027
18654 0.526221
18655 0.644222
18656 0.625122
18657 0.72086
18658 0.641314
18659 0.697799
18660 0.404077
18661 0.582891
18662 0.704948
18663 0.411706
18664 0.659574
18665 0.350977
18666 0.847663
18667 0.496115
18668 0.449985
18669 0.687433
18670 0.261762
18671 0.701553
18672 0.240055
18673 0.530365
18674 0.549557
18675 0.498872
18676 0.245319
18677 0.639129
18678 0.481869
18679 0.587605
18680 0.554877
18681 0.900793
18682 0.842351
18683 0.765674
18684 0.556122
18685 0.670243
18686 0.614433
18687 0.835678
18688 0.595364
18689 0.630974
18690 0.560472
18691 0.925318
18692 0.775198
18693 0.241941
18694 0.470217
18695 0.260654
18696 0.27809
18697 0.45382
18698 0.319722
18699 0.830077
18700 0.242854
18701 0.926042
18702 0.779099
18703 0.397213
18704 0.207919
18705 0.636515
18706 0.759996
18707 0.846653
18708 0.723177
18709 0.724708
18710 0.479124
18711 0.526341
18712 0.739129
18713 0.808511
18714 0.897446
18715 0.665012
18716 0.621216
18717 0.500561
18718 0.387429
18719 0.537794
18720 0.790704
18721 0.496903
18722 0.586505
18723 0.576832
18724 0.740554
18725 0.551216
18726 0.756737
18727 0.843262
18728 0.751231
18729 0.779752
18730 0.436637
18731 0.407027
18732 0.515848
18733 0.708736
18734 0.667583
18735 0.751847
18736 0.477128
18737 0.571469
18738 0.381522
18739 0.522281
18740 0.345181
18741 0.368404
18742 0.153015
18743 0.262129
18744 0.327234
18745 0.579672
18746 0.211043
18747 0.605467
18748 0.187074
18749 0.258151
18750 0.424532
18751 0.599306
18752 0.58288
18753 0.552104
18754 0.381556
18755 0.148284
18756 0.353888
18757 0.374256
18758 0.492938
18759 0.148907
18760 0.7942
18761 0.336608
18762 0.286852
18763 0.624307
18764 0.613608
18765 0.535172
18766 0.474709
18767 0.733528
18768 0.419902
18769 0.624543
18770 0.451298
18771 0.613813
18772 0.374018
18773 0.698538
18774 0.430306
18775 0.688772
18776 0.567046
18777 0.289033
18778 0.408941
18779 0.339939
18780 0.532473
18781 0.651059
18782 0.443436
18783 0.525877
18784 0.347628
18785 0.192544
18786 0.261117
18787 0.0903177
18788 0.787981
18789 0.388034
18790 0.173863
18791 0.633399
18792 0.284118
18793 0.821362
18794 0.545667
18795 0.448312
18796 0.437288
18797 0.453169
18798 0.159691
18799 0.212747
18800 0.398616
18801 0.558793
18802 0.45171
18803 0.70516
18804 0.532915
18805 0.749843
18806 0.581416
18807 0.584216
18808 0.635137
18809 0.373982
18810 0.709939
18811 0.38359
18812 0.680285
18813 0.264523
18814 0.475874
18815 0.461969
18816 0.836499
18817 0.395194
18818 0.230855
18819 0.326731
18820 0.485876
18821 0.521214
18822 0.542826
18823 0.694047
18824 0.261142
18825 0.222693
18826 0.516904
18827 0.679472
18828 0.547272
18829 0.399079
18830 0.57415
18831 0.415726
18832 0.438618
18833 0.52897
18834 0.540218
18835 0.402416
18836 0.428356
18837 0.537005
18838 0.912581
18839 0.531384
18840 0.0613189
18841 0.854565
18842 0.34023
18843 0.299405
18844 0.731392
18845 0.185724
18846 0.623052
18847 0.484495
18848 0.198816
18849 0.238519
18850 0.159152
18851 0.378568
18852 0.372198
18853 0.229921
18854 0.359821
18855 0.17307
18856 0.606689
18857 0.614686
18858 0.490475
18859 0.771241
18860 0.63655
18861 0.494839
18862 0.319727
18863 0.571625
18864 0.407416
18865 0.350832
18866 0.543218
18867 0.407984
18868 0.604801
18869 0.58602
18870 0.229454
18871 0.360187
18872 0.158685
18873 0.510962
18874 0.433173
18875 0.535116
18876 0.521789
18877 0.761395
18878 0.484689
18879 0.611118
18880 0.673953
18881 0.633662
18882 0.754349
18883 0.699113
18884 0.521763
18885 0.812512
18886 0.849351
18887 0.935056
18888 0.990141
18889 0.768331
18890 0.873249
18891 0.766301
18892 0.877919
18893 0.935168
18894 0.992642
18895 0.80876
18896 0.85074
18897 0.768645
18898 0.686446
18899 0.770712
18900 0.947325
18901 0.737956
18902 0.939793
18903 0.724171
18904 0.748834
18905 0.765103
18906 0.58585
18907 0.632441
18908 0.875236
18909 0.705329
18910 0.788246
18911 0.904069
18912 0.629998
18913 0.730997
18914 0.913452
18915 0.910314
18916 0.742213
18917 0.932996
18918 0.917805
18919 0.762023
18920 0.896866
18921 0.754462
18922 0.720777
18923 0.757066
18924 0.900928
18925 0.92777
18926 0.918524
18927 0.873252
18928 0.934105
18929 0.877252
18930 0.913872
18931 0.91699
18932 0.940848
18933 0.93337
18934 0.913637
18935 0.940156
18936 0.764932
18937 0.928372
18938 0.895991
18939 0.603554
18940 0.606076
18941 0.949028
18942 0.761197
18943 0.924695
18944 0.759225
18945 0.785214
18946 0.763261
18947 0.792679
18948 0.991439
18949 0.695976
18950 0.708338
18951 0.693694
18952 0.715645
18953 0.750605
18954 0.976986
18955 0.63299
18956 0.990427
18957 0.695312
18958 0.954445
18959 0.626759
18960 0.704488
18961 0.92775
18962 0.726877
18963 0.6803
18964 0.927381
18965 0.494052
18966 0.988609
18967 0.803317
18968 0.980626
18969 0.957968
18970 0.754829
18971 0.951453
18972 0.946713
18973 0.638967
18974 0.968725
18975 0.955775
18976 0.663863
18977 0.937019
18978 0.684075
18979 0.650216
18980 0.919024
18981 0.802673
18982 0.786974
18983 0.937106
18984 0.967535
18985 0.704426
18986 0.916963
18987 0.950318
18988 0.960728
18989 0.943687
18990 0.989829
18991 0.776577
18992 0.631665
18993 0.746948
18994 0.798451
18995 0.686501
18996 0.792502
18997 0.771115
18998 0.856488
18999 0.668039
19000 0.933434
19001 0.685408
19002 0.862862
19003 0.750395
19004 0.952989
19005 0.798255
19006 0.710555
19007 0.6053
19008 0.645212
19009 0.834992
19010 0.741243
19011 0.704507
19012 0.690971
19013 0.660018
19014 0.745646
19015 0.664682
19016 0.632973
19017 0.770743
19018 0.748332
19019 0.723794
19020 0.768785
19021 0.660648
19022 0.743795
19023 0.767049
19024 0.767823
19025 0.654381
19026 0.733341
19027 0.773222
19028 0.728306
19029 0.594521
19030 0.767214
19031 0.648341
19032 0.754913
19033 0.770754
19034 0.742222
19035 0.703626
19036 0.773752
19037 0.740087
19038 0.714809
19039 0.780952
19040 0.798367
19041 0.757697
19042 0.678215
19043 0.676991
19044 0.758012
19045 0.629572
19046 0.724565
19047 0.723622
19048 0.758576
19049 0.723798
19050 0.645411
19051 0.732361
19052 0.725358
19053 0.724748
19054 0.713336
19055 0.697913
19056 0.754468
19057 0.664609
19058 0.729705
19059 0.747351
19060 0.724796
19061 0.55177
19062 0.653653
19063 0.743854
19064 0.725098
19065 0.654298
19066 0.719234
19067 0.776746
19068 0.760356
19069 0.733564
19070 0.791228
19071 0.925591
19072 0.822277
19073 0.677798
19074 0.769201
19075 0.623254
19076 0.659813
19077 0.75757
19078 0.780114
19079 0.702902
19080 0.624064
19081 0.681463
19082 0.723908
19083 0.714629
19084 0.805902
19085 0.791386
19086 0.601852
19087 0.50569
19088 0.645295
19089 0.522159
19090 0.820218
19091 0.734566
19092 0.896823
19093 0.70364
19094 0.74979
19095 0.602944
19096 0.750472
19097 0.771074
19098 0.724953
19099 0.720881
19100 0.704767
19101 0.715601
19102 0.945781
19103 0.702652
19104 0.706904
19105 0.714166
19106 0.697179
19107 0.632391
19108 0.583571
19109 0.816198
19110 0.850222
19111 0.935945
19112 0.863831
19113 0.792326
19114 0.950586
19115 0.950007
19116 0.937788
19117 0.600293
19118 0.78736
19119 0.915538
19120 0.604923
19121 0.640604
19122 0.910994
19123 0.942805
19124 0.718374
19125 0.937904
19126 0.698902
19127 0.733227
19128 0.914674
19129 0.777947
19130 0.737644
19131 0.87637
19132 0.901567
19133 0.895279
19134 0.724035
19135 0.529143
19136 0.911265
19137 0.893116
19138 0.894555
19139 0.879121
19140 0.897132
19141 0.753514
19142 0.884912
19143 0.772962
19144 0.746304
19145 0.754086
19146 0.890423
19147 0.595887
19148 0.739696
19149 0.649859
19150 0.586985
19151 0.930562
19152 0.719303
19153 0.729602
19154 0.888359
19155 0.817723
19156 0.75737
19157 0.75632
19158 0.769164
19159 0.75098
19160 0.990585
19161 0.782153
19162 0.686552
19163 0.758226
19164 0.66994
19165 0.775918
19166 0.830601
19167 0.695542
19168 0.853415
19169 0.704105
19170 0.743679
19171 0.77268
19172 0.734125
19173 0.727705
19174 0.766866
19175 0.852677
19176 0.776584
19177 0.927287
19178 0.672581
19179 0.96034
19180 0.960598
19181 0.836555
19182 0.781363
19183 0.95046
19184 0.593197
19185 0.867299
19186 0.772194
19187 0.741566
19188 0.822151
19189 0.764024
19190 0.91179
19191 0.728695
19192 0.971074
19193 0.937069
19194 0.726332
19195 0.995568
19196 0.851074
19197 0.70052
19198 0.699395
19199 0.957091
19200 0.944729
19201 0.957073
19202 0.751007
19203 0.908472
19204 0.958547
19205 0.758251
19206 0.693234
19207 0.942133
19208 0.682304
19209 0.947994
19210 0.968741
19211 0.939888
19212 0.719427
19213 0.850873
19214 0.69875
19215 0.790951
19216 0.971432
19217 0.991613
19218 0.712456
19219 0.832187
19220 0.690892
19221 0.719549
19222 0.742153
19223 0.733935
19224 0.701572
19225 0.713157
19226 0.68488
19227 0.97401
19228 0.753654
19229 0.701995
19230 0.759268
19231 0.970351
19232 0.76
19233 0.735809
19234 0.717116
19235 0.982699
19236 0.822675
19237 0.819625
19238 0.732988
19239 0.714323
19240 0.819152
19241 0.714361
19242 0.739318
19243 0.690453
19244 0.854025
19245 0.971626
19246 0.759663
19247 0.741414
19248 0.615495
19249 0.742941
19250 0.688121
19251 0.729405
19252 0.772902
19253 0.785883
19254 0.713844
19255 0.633137
19256 0.691242
19257 0.794435
19258 0.763158
19259 0.707505
19260 0.778132
19261 0.705558
19262 0.7899
19263 0.751337
19264 0.721921
19265 0.647473
19266 0.653822
19267 0.783938
19268 0.698973
19269 0.625034
19270 0.772922
19271 0.781219
19272 0.779075
19273 0.585008
19274 0.708922
19275 0.783793
19276 0.761802
19277 0.798089
19278 0.617089
19279 0.740349
19280 0.792426
19281 0.732489
19282 0.804944
19283 0.534646
19284 0.626335
19285 0.764043
19286 0.6904
19287 0.703833
19288 0.74899
19289 0.684034
19290 0.742876
19291 0.740513
19292 0.635444
19293 0.5681
19294 0.631026
19295 0.861604
19296 0.821873
19297 0.846434
19298 0.943276
19299 0.844664
19300 0.757146
19301 0.815016
19302 0.749771
19303 0.606048
19304 0.693366
19305 0.735469
19306 0.673365
19307 0.760262
19308 0.627557
19309 0.574246
19310 0.698731
19311 0.81159
19312 0.756364
19313 0.784388
19314 0.697746
19315 0.62253
19316 0.755367
19317 0.768432
19318 0.801654
19319 0.689049
19320 0.716766
19321 0.711618
19322 0.712828
19323 0.931166
19324 0.953259
19325 0.757068
19326 0.774609
19327 0.657007
19328 0.657352
19329 0.732356
19330 0.924618
19331 0.695488
19332 0.927986
19333 0.913758
19334 0.733863
19335 0.642901
19336 0.752025
19337 0.908455
19338 0.916594
19339 0.727272
19340 0.772858
19341 0.646922
19342 0.919933
19343 0.793043
19344 0.80279
19345 0.904955
19346 0.926015
19347 0.634876
19348 0.793104
19349 0.904547
19350 0.914777
19351 0.608913
19352 0.780235
19353 0.583074
19354 0.92493
19355 0.943955
19356 0.952696
19357 0.901489
19358 0.913635
19359 0.942378
19360 0.933556
19361 0.602524
19362 0.933719
19363 0.73868
19364 0.608508
19365 0.729472
19366 0.915623
19367 0.590134
19368 0.91699
19369 0.945845
19370 0.912641
19371 0.602444
19372 0.91916
19373 0.777042
19374 0.736912
19375 0.730508
19376 0.705975
19377 0.799132
19378 0.791833
19379 0.695369
19380 0.979335
19381 0.935161
19382 0.872211
19383 0.72551
19384 0.726259
19385 0.609951
19386 0.973314
19387 0.686773
19388 0.853095
19389 0.479782
19390 0.927668
19391 0.66895
19392 0.967299
19393 0.598264
19394 0.95358
19395 0.809416
19396 0.608937
19397 0.630219
19398 0.946182
19399 0.93436
19400 0.858317
19401 0.955337
19402 0.908841
19403 0.954059
19404 0.934329
19405 0.618334
19406 0.709878
19407 0.746057
19408 0.599524
19409 0.703983
19410 0.59581
19411 0.950838
19412 0.962179
19413 0.943479
19414 0.622886
19415 0.629735
19416 0.962924
19417 0.960881
19418 0.770612
19419 0.657155
19420 0.953143
19421 0.944481
19422 0.687104
19423 0.958667
19424 0.706284
19425 0.79518
19426 0.589412
19427 0.957252
19428 0.829703
19429 0.608428
19430 0.683072
19431 0.718096
19432 0.912629
19433 0.927801
19434 0.897515
19435 0.885463
19436 0.823031
19437 0.668697
19438 0.836387
19439 0.692818
19440 0.76821
19441 0.677504
19442 0.823505
19443 0.791361
19444 0.819555
19445 0.842168
19446 0.848525
19447 0.842314
19448 0.721444
19449 0.713908
19450 0.734832
19451 0.714432
19452 0.743043
19453 0.797839
19454 0.602966
19455 0.743691
19456 0.671917
19457 0.788396
19458 0.73598
19459 0.596629
19460 0.775546
19461 0.678003
19462 0.783523
19463 0.738933
19464 0.617825
19465 0.828095
19466 0.73554
19467 0.741936
19468 0.756551
19469 0.637617
19470 0.820413
19471 0.849637
19472 0.725827
19473 0.769997
19474 0.743118
19475 0.623567
19476 0.719875
19477 0.68921
19478 0.735747
19479 0.632758
19480 0.714521
19481 0.793541
19482 0.682114
19483 0.620463
19484 0.699307
19485 0.689956
19486 0.763188
19487 0.645291
19488 0.890663
19489 0.714162
19490 0.699663
19491 0.670234
19492 0.627483
19493 0.692551
19494 0.750637
19495 0.734986
19496 0.726446
19497 0.694385
19498 0.841409
19499 0.627781
19500 0.751111
19501 0.695131
19502 0.65685
19503 0.798843
19504 0.577105
19505 0.674348
19506 0.733987
19507 0.612326
19508 0.567266
19509 0.61684
19510 0.784327
19511 0.811551
19512 0.707522
19513 0.611643
19514 0.708126
19515 0.653363
19516 0.741156
19517 0.701053
19518 0.782656
19519 0.81687
19520 0.686816
19521 0.657965
19522 0.763357
19523 0.757022
19524 0.868255
19525 0.734374
19526 0.706451
19527 0.749701
19528 0.836782
19529 0.603815
19530 0.779307
19531 0.718844
19532 0.733226
19533 0.803197
19534 0.847588
19535 0.715683
19536 0.715588
19537 0.693199
19538 0.678564
19539 0.718329
19540 0.722105
19541 0.727208
19542 0.978969
19543 0.978214
19544 0.976301
19545 0.893944
19546 0.884942
19547 0.951531
19548 0.677146
19549 0.978488
19550 0.906178
19551 0.951815
19552 0.953883
19553 0.952704
19554 0.884707
19555 0.944896
19556 0.972494
19557 0.92995
19558 0.956696
19559 0.971789
19560 0.945319
19561 0.945088
19562 0.950895
19563 0.944135
19564 0.954244
19565 0.956066
19566 0.955638
19567 0.948527
19568 0.938619
19569 0.938605
19570 0.979044
19571 0.944692
19572 0.983205
19573 0.944761
19574 0.930489
19575 0.957797
19576 0.927699
19577 0.928558
19578 0.944753
19579 0.926007
19580 0.934774
19581 0.943751
19582 0.943134
19583 0.923137
19584 0.929836
19585 0.953446
19586 0.920904
19587 0.963211
19588 0.963938
19589 0.959037
19590 0.920472
19591 0.885088
19592 0.963865
19593 0.900712
19594 0.941909
19595 0.95375
19596 0.946891
19597 0.963616
19598 0.904074
19599 0.953545
19600 0.955173
19601 0.95789
19602 0.932611
19603 0.946162
19604 0.89594
19605 0.935534
19606 0.951446
19607 0.722674
19608 0.722293
19609 0.717064
19610 0.71998
19611 0.746871
19612 0.706494
19613 0.755525
19614 0.755185
19615 0.721943
19616 0.720893
19617 0.718424
19618 0.718393
19619 0.680532
19620 0.722781
19621 0.730599
19622 0.897143
19623 0.979696
19624 0.979303
19625 0.951062
19626 0.747158
19627 0.986969
19628 0.976829
19629 0.95706
19630 0.951371
19631 0.953221
19632 0.949391
19633 0.944557
19634 0.975852
19635 0.929046
19636 0.955753
19637 0.974618
19638 0.944596
19639 0.942601
19640 0.951829
19641 0.955782
19642 0.95268
19643 0.940912
19644 0.953362
19645 0.923172
19646 0.915684
19647 0.964215
19648 0.945605
19649 0.928193
19650 0.939307
19651 0.990519
19652 0.93776
19653 0.930897
19654 0.936614
19655 0.948761
19656 0.946984
19657 0.95569
19658 0.92142
19659 0.939418
19660 0.950834
19661 0.899526
19662 0.869751
19663 0.955509
19664 0.931964
19665 0.898766
19666 0.953884
19667 0.954739
19668 0.924803
19669 0.954882
19670 0.958332
19671 0.913238
19672 0.936588
19673 0.931991
19674 0.965267
19675 0.950174
19676 0.950802
19677 0.899197
19678 0.876868
19679 0.93648
19680 0.950754
19681 0.860736
19682 0.955697
19683 0.961004
19684 0.924557
19685 0.960801
19686 0.931003
19687 0.717378
19688 0.720829
19689 0.716346
19690 0.717826
19691 0.764086
19692 0.672076
19693 0.714899
19694 0.725032
19695 0.719793
19696 0.71944
19697 0.719424
19698 0.725945
19699 0.719556
19700 0.720009
19701 0.727989
19702 0.897287
19703 0.979728
19704 0.979284
19705 0.951127
19706 0.7158
19707 0.985448
19708 0.984443
19709 0.940566
19710 0.955381
19711 0.951031
19712 0.955317
19713 0.904917
19714 0.944468
19715 0.977589
19716 0.930632
19717 0.95409
19718 0.975133
19719 0.944686
19720 0.94249
19721 0.950962
19722 0.941822
19723 0.954972
19724 0.955012
19725 0.954226
19726 0.951458
19727 0.926472
19728 0.982337
19729 0.945105
19730 0.931291
19731 0.979876
19732 0.946126
19733 0.92858
19734 0.929777
19735 0.955523
19736 0.939368
19737 0.941125
19738 0.955319
19739 0.943612
19740 0.942284
19741 0.94054
19742 0.955358
19743 0.881432
19744 0.930891
19745 0.878015
19746 0.954621
19747 0.951272
19748 0.940268
19749 0.954775
19750 0.943909
19751 0.907339
19752 0.955004
19753 0.887738
19754 0.952254
19755 0.950022
19756 0.898302
19757 0.876328
19758 0.940138
19759 0.957248
19760 0.937298
19761 0.952205
19762 0.954441
19763 0.955641
19764 0.933431
19765 0.953692
19766 0.933123
19767 0.719959
19768 0.71955
19769 0.719335
19770 0.719366
19771 0.725375
19772 0.725698
19773 0.712799
19774 0.713488
19775 0.717678
19776 0.71631
19777 0.717805
19778 0.725725
19779 0.71715
19780 0.7207
19781 0.684293
19782 0.979387
19783 0.978381
19784 0.951561
19785 0.681962
19786 0.972692
19787 0.978088
19788 0.951372
19789 0.952365
19790 0.955084
19791 0.875973
19792 0.950536
19793 0.973179
19794 0.945205
19795 0.985804
19796 0.944727
19797 0.929192
19798 0.954153
19799 0.894313
19800 0.945094
19801 0.944577
19802 0.954188
19803 0.957241
19804 0.943221
19805 0.956383
19806 0.948419
19807 0.93552
19808 0.981142
19809 0.945283
19810 0.940461
19811 0.983574
19812 0.946228
19813 0.911897
19814 0.95723
19815 0.941097
19816 0.935101
19817 0.944824
19818 0.931027
19819 0.909031
19820 0.941262
19821 0.931777
19822 0.938943
19823 0.935756
19824 0.929436
19825 0.900714
19826 0.955397
19827 0.95431
19828 0.956531
19829 0.946723
19830 0.925323
19831 0.88227
19832 0.90154
19833 0.961017
19834 0.93919
19835 0.963536
19836 0.964015
19837 0.896673
19838 0.894385
19839 0.927575
19840 0.950303
19841 0.887396
19842 0.952793
19843 0.949215
19844 0.942856
19845 0.947213
19846 0.950527
19847 0.722139
19848 0.720076
19849 0.718326
19850 0.722479
19851 0.753585
19852 0.728934
19853 0.718339
19854 0.746524
19855 0.719936
19856 0.719605
19857 0.730911
19858 0.691725
19859 0.719629
19860 0.719035
19861 0.72861
19862 0.904532
19863 0.980643
19864 0.982093
19865 0.94949
19866 0.685921
19867 0.981181
19868 0.988548
19869 0.949842
19870 0.939444
19871 0.953894
19872 0.953913
19873 0.943659
19874 0.97739
19875 0.936074
19876 0.955676
19877 0.973872
19878 0.942964
19879 0.954809
19880 0.947126
19881 0.954836
19882 0.941947
19883 0.95392
19884 0.947487
19885 0.915495
19886 0.926912
19887 0.982374
19888 0.936368
19889 0.94002
19890 0.952513
19891 0.982834
19892 0.94205
19893 0.927278
19894 0.946178
19895 0.930993
19896 0.951734
19897 0.93584
19898 0.935705
19899 0.944247
19900 0.955582
19901 0.887769
19902 0.908359
19903 0.956254
19904 0.898079
19905 0.949934
19906 0.949365
19907 0.938578
19908 0.945165
19909 0.934145
19910 0.882047
19911 0.94713
19912 0.956996
19913 0.953902
19914 0.925242
19915 0.954626
19916 0.954056
19917 0.900421
19918 0.905514
19919 0.944939
19920 0.950244
19921 0.899821
19922 0.955807
19923 0.959944
19924 0.923893
19925 0.959287
19926 0.944894
19927 0.723244
19928 0.722215
19929 0.721912
19930 0.72072
19931 0.743054
19932 0.749295
19933 0.71027
19934 0.726092
19935 0.721443
19936 0.721248
19937 0.721167
19938 0.720675
19939 0.718017
19940 0.723308
19941 0.722001
19942 0.904869
19943 0.980722
19944 0.98201
19945 0.948988
19946 0.713562
19947 0.977139
19948 0.98339
19949 0.937338
19950 0.93919
19951 0.953136
19952 0.954539
19953 0.943396
19954 0.976528
19955 0.939722
19956 0.954799
19957 0.977152
19958 0.942873
19959 0.953377
19960 0.950737
19961 0.953138
19962 0.941297
19963 0.955317
19964 0.946482
19965 0.91043
19966 0.942389
19967 0.910901
19968 0.969848
19969 0.943688
19970 0.920283
19971 0.980294
19972 0.945038
19973 0.933579
19974 0.954549
19975 0.943954
19976 0.94888
19977 0.954129
19978 0.948646
19979 0.942006
19980 0.9423
19981 0.950968
19982 0.94082
19983 0.898323
19984 0.913721
19985 0.943374
19986 0.956305
19987 0.955452
19988 0.934218
19989 0.909612
19990 0.937601
19991 0.939101
19992 0.948286
19993 0.959123
19994 0.943414
19995 0.963342
19996 0.954171
19997 0.91398
19998 0.93885
19999 0.968498
20000 0.941477
20001 0.936296
20002 0.94547
20003 0.956235
20004 0.950822
20005 0.900849
20006 0.909894
20007 0.720976
20008 0.721492
20009 0.718949
20010 0.719049
20011 0.729009
20012 0.70889
20013 0.705633
20014 0.71759
20015 0.721284
20016 0.722184
20017 0.709795
20018 0.741034
20019 0.721534
20020 0.722436
20021 0.713314
20022 0.901361
20023 0.981703
20024 0.981122
20025 0.949421
20026 0.740778
20027 0.978025
20028 0.973821
20029 0.949887
20030 0.941843
20031 0.955474
20032 0.955258
20033 0.943008
20034 0.97912
20035 0.938246
20036 0.953842
20037 0.977847
20038 0.943286
20039 0.955266
20040 0.949816
20041 0.953909
20042 0.940773
20043 0.955218
20044 0.948045
20045 0.944399
20046 0.951562
20047 0.964987
20048 0.946007
20049 0.933371
20050 0.934714
20051 0.970992
20052 0.945006
20053 0.940661
20054 0.938077
20055 0.948632
20056 0.953262
20057 0.943493
20058 0.946994
20059 0.938043
20060 0.951605
20061 0.915672
20062 0.915401
20063 0.954046
20064 0.918015
20065 0.954179
20066 0.956047
20067 0.960436
20068 0.931952
20069 0.938805
20070 0.913133
20071 0.937257
20072 0.945195
20073 0.953937
20074 0.953484
20075 0.955257
20076 0.959244
20077 0.903138
20078 0.90778
20079 0.941104
20080 0.931318
20081 0.912047
20082 0.953724
20083 0.951156
20084 0.939043
20085 0.944386
20086 0.960074
20087 0.718481
20088 0.71982
20089 0.718972
20090 0.720291
20091 0.686338
20092 0.688668
20093 0.720977
20094 0.714783
20095 0.721586
20096 0.722271
20097 0.720445
20098 0.721297
20099 0.709959
20100 0.724471
20101 0.72599
20102 0.902719
20103 0.981743
20104 0.98111
20105 0.948706
20106 0.721712
20107 0.980076
20108 0.977106
20109 0.948372
20110 0.939602
20111 0.956873
20112 0.95646
20113 0.942891
20114 0.979291
20115 0.939168
20116 0.952507
20117 0.979255
20118 0.943267
20119 0.954876
20120 0.932468
20121 0.954375
20122 0.938508
20123 0.95237
20124 0.951598
20125 0.911862
20126 0.912108
20127 0.927879
20128 0.974643
20129 0.943073
20130 0.94157
20131 0.976153
20132 0.943717
20133 0.939763
20134 0.953673
20135 0.942724
20136 0.947386
20137 0.961274
20138 0.942911
20139 0.944795
20140 0.945656
20141 0.961694
20142 0.94177
20143 0.905532
20144 0.908383
20145 0.946905
20146 0.938769
20147 0.95405
20148 0.940828
20149 0.912835
20150 0.939798
20151 0.920475
20152 0.954184
20153 0.933907
20154 0.955961
20155 0.957715
20156 0.935916
20157 0.910242
20158 0.936977
20159 0.959892
20160 0.949476
20161 0.947224
20162 0.945924
20163 0.954306
20164 0.974774
20165 0.905013
20166 0.908118
20167 0.720551
20168 0.719598
20169 0.719951
20170 0.719389
20171 0.723528
20172 0.7104
20173 0.710159
20174 0.714088
20175 0.723216
20176 0.724529
20177 0.722291
20178 0.722865
20179 0.678808
20180 0.749782
20181 0.683147
20182 0.728359
20183 0.942391
20184 0.986981
20185 0.987337
20186 0.931935
20187 0.984469
20188 0.979021
20189 0.953373
20190 0.951657
20191 0.941331
20192 0.950055
20193 0.954133
20194 0.937171
20195 0.977597
20196 0.950324
20197 0.991481
20198 0.937307
20199 0.953245
20200 0.919244
20201 0.940371
20202 0.950906
20203 0.933772
20204 0.944963
20205 0.914529
20206 0.977149
20207 0.942581
20208 0.98633
20209 0.933075
20210 0.954485
20211 0.952663
20212 0.952451
20213 0.938944
20214 0.919232
20215 0.920978
20216 0.94213
20217 0.947285
20218 0.927046
20219 0.926897
20220 0.926629
20221 0.918817
20222 0.947224
20223 0.954797
20224 0.904193
20225 0.942535
20226 0.950833
20227 0.951121
20228 0.916814
20229 0.918457
20230 0.949161
20231 0.94428
20232 0.938026
20233 0.946869
20234 0.959398
20235 0.958652
20236 0.952902
20237 0.959226
20238 0.93103
20239 0.938927
20240 0.934507
20241 0.954828
20242 0.956929
20243 0.946905
20244 0.943985
20245 0.918286
20246 0.932627
20247 0.723229
20248 0.725429
20249 0.726973
20250 0.725641
20251 0.754856
20252 0.686171
20253 0.752493
20254 0.730204
20255 0.722922
20256 0.72558
20257 0.726791
20258 0.7221
20259 0.723443
20260 0.68415
20261 0.7377
20262 0.743883
20263 0.941783
20264 0.986483
20265 0.988035
20266 0.987042
20267 0.929614
20268 0.985331
20269 0.954336
20270 0.949787
20271 0.942896
20272 0.952902
20273 0.952054
20274 0.937459
20275 0.980354
20276 0.951942
20277 0.922655
20278 0.984785
20279 0.936258
20280 0.952899
20281 0.922569
20282 0.951788
20283 0.933738
20284 0.939889
20285 0.93844
20286 0.933359
20287 0.985741
20288 0.930373
20289 0.915558
20290 0.917371
20291 0.977948
20292 0.937912
20293 0.92983
20294 0.925404
20295 0.904814
20296 0.954886
20297 0.950405
20298 0.939195
20299 0.924467
20300 0.94117
20301 0.943376
20302 0.929976
20303 0.966666
20304 0.935071
20305 0.921651
20306 0.949379
20307 0.934572
20308 0.915326
20309 0.958368
20310 0.951012
20311 0.944847
20312 0.963426
20313 0.958865
20314 0.943556
20315 0.906113
20316 0.954636
20317 0.94668
20318 0.945663
20319 0.947868
20320 0.93097
20321 0.917121
20322 0.92113
20323 0.941195
20324 0.940265
20325 0.953431
20326 0.968455
20327 0.725072
20328 0.723824
20329 0.722389
20330 0.723759
20331 0.757982
20332 0.707639
20333 0.721313
20334 0.693729
20335 0.726441
20336 0.725589
20337 0.724291
20338 0.679118
20339 0.723114
20340 0.747048
20341 0.744716
20342 0.728428
20343 0.942557
20344 0.986844
20345 0.98785
20346 0.931318
20347 0.983646
20348 0.983635
20349 0.951312
20350 0.952541
20351 0.94335
20352 0.949908
20353 0.954529
20354 0.9373
20355 0.976434
20356 0.950204
20357 0.920795
20358 0.990701
20359 0.93645
20360 0.951122
20361 0.943867
20362 0.951678
20363 0.934991
20364 0.939626
20365 0.918617
20366 0.950915
20367 0.953784
20368 0.974785
20369 0.943063
20370 0.951722
20371 0.983554
20372 0.933898
20373 0.948558
20374 0.951359
20375 0.928161
20376 0.928858
20377 0.934118
20378 0.920566
20379 0.93946
20380 0.929418
20381 0.952201
20382 0.93159
20383 0.93504
20384 0.904858
20385 0.918244
20386 0.953684
20387 0.953414
20388 0.941817
20389 0.90853
20390 0.950109
20391 0.957065
20392 0.955319
20393 0.948306
20394 0.941002
20395 0.955682
20396 0.960507
20397 0.937033
20398 0.938496
20399 0.94584
20400 0.938066
20401 0.948122
20402 0.943949
20403 0.954141
20404 0.951282
20405 0.917584
20406 0.933853
20407 0.723377
20408 0.725353
20409 0.722644
20410 0.723477
20411 0.75085
20412 0.687586
20413 0.690196
20414 0.728548
20415 0.724198
20416 0.723983
20417 0.72483
20418 0.68669
20419 0.723705
20420 0.752159
20421 0.729972
20422 0.719058
20423 0.942476
20424 0.987055
20425 0.987351
20426 0.931523
20427 0.985098
20428 0.991286
20429 0.952885
20430 0.951791
20431 0.942836
20432 0.950193
20433 0.95415
20434 0.937058
20435 0.978503
20436 0.950143
20437 0.92102
20438 0.984867
20439 0.937034
20440 0.952338
20441 0.942453
20442 0.95126
20443 0.934041
20444 0.930714
20445 0.941762
20446 0.925646
20447 0.975981
20448 0.953898
20449 0.923034
20450 0.931164
20451 0.988626
20452 0.932937
20453 0.911078
20454 0.90432
20455 0.919212
20456 0.957901
20457 0.951938
20458 0.953921
20459 0.931274
20460 0.942764
20461 0.933785
20462 0.938591
20463 0.951962
20464 0.926841
20465 0.930411
20466 0.951757
20467 0.930169
20468 0.951007
20469 0.948322
20470 0.949341
20471 0.949184
20472 0.948701
20473 0.94524
20474 0.953427
20475 0.95155
20476 0.93485
20477 0.933971
20478 0.940151
20479 0.959237
20480 0.952923
20481 0.918449
20482 0.93101
20483 0.94484
20484 0.946638
20485 0.954412
20486 0.953344
20487 0.724938
20488 0.723004
20489 0.724694
20490 0.724526
20491 0.74725
20492 0.684834
20493 0.728211
20494 0.724291
20495 0.732099
20496 0.732171
20497 0.730417
20498 0.731804
20499 0.732077
20500 0.731819
20501 0.732033
20502 0.730583
20503 0.732309
20504 0.73232
20505 0.730783
20506 0.731071
20507 0.731953
20508 1
20509 0.999994
20510 0.999999
20511 0.999993
20512 0.999988
20513 0.999994
20514 0.999995
20515 0.999982
20516 0.730721
20517 0.733074
20518 0.730615
20519 0.732002
20520 0.731929
20521 0.732016
20522 0.732297
20523 0.732283
20524 0.73351
20525 0.733673
20526 0.732058
20527 0.731791
20528 0.733304
20529 0.732139
20530 0.733017
20531 0.730719
20532 0.73434
20533 0.730896
20534 0.733656
20535 0.732254
20536 0.732269
20537 0.73327
20538 0.730117
20539 0.733464
20540 0.732037
20541 0.731893
20542 0.732098
20543 0.732005
20544 0.731893
20545 0.734469
20546 0.73195
20547 0.730276
20548 1
20549 0.999992
20550 0.999996
20551 0.999996
20552 0.999993
20553 0.999995
20554 0.999987
20555 0.733074
20556 0.999982
20557 0.732326
20558 0.733471
20559 0.731847
20560 0.731832
20561 0.733969
20562 0.73063
20563 0.732065
20564 0.730825
20565 0.731989
20566 0.73209
20567 0.732201
20568 0.733803
20569 0.729625
20570 0.732119
20571 0.731155
20572 0.73019
20573 0.732637
20574 0.731634
20575 0.732029
20576 0.732177
20577 0.733431
20578 0.733381
20579 0.732168
20580 0.732063
20581 0.732042
20582 0.731953
20583 0.732009
20584 0.731596
20585 0.731933
20586 0.732104
20587 1
20588 1
20589 0.734641
20590 0.999995
20591 0.999996
20592 0.999994
20593 0.999993
20594 0.999995
20595 0.732718
20596 0.999993
20597 0.732637
20598 0.733915
20599 0.732073
20600 0.731924
20601 0.731934
20602 0.730709
20603 0.732038
20604 0.730663
20605 0.732148
20606 0.732085
20607 0.73205
20608 0.729453
20609 0.73216
20610 0.731989
20611 0.732712
20612 0.731224
20613 0.731457
20614 0.730125
20615 0.731996
20616 0.731978
20617 0.731751
20618 0.732003
20619 0.731818
20620 0.731989
20621 0.73192
20622 0.73201
20623 0.731908
20624 0.732059
20625 0.731929
20626 0.732207
20627 1
20628 1
20629 0.731726
20630 1
20631 1
20632 1
20633 1
20634 1
20635 0.999999
20636 0.73205
20637 0.731677
20638 0.731982
20639 0.732106
20640 0.732123
20641 0.732283
20642 0.732099
20643 0.732112
20644 0.732091
20645 0.73235
20646 0.732181
20647 0.732193
20648 0.732172
20649 0.732375
20650 0.731894
20651 0.732309
20652 0.731773
20653 0.732388
20654 0.732166
20655 0.731826
20656 0.733511
20657 0.730588
20658 0.734138
20659 0.731992
20660 0.731845
20661 0.732474
20662 0.732507
20663 0.73013
20664 0.732382
20665 0.730795
20666 0.730594
20667 1
20668 0.999992
20669 0.732111
20670 0.999989
20671 0.999996
20672 0.999964
20673 0.99997
20674 0.999976
20675 0.731775
20676 0.999998
20677 0.731281
20678 0.732762
20679 0.732275
20680 0.730566
20681 0.729946
20682 0.732109
20683 0.732256
20684 0.731576
20685 0.733505
20686 0.731618
20687 0.733949
20688 0.733248
20689 0.731944
20690 0.733473
20691 0.731305
20692 0.731369
20693 0.731657
20694 0.73381
20695 0.732307
20696 0.731688
20697 0.732193
20698 0.730233
20699 0.730197
20700 0.732085
20701 0.732822
20702 0.730854
20703 0.732205
20704 0.732456
20705 0.731591
20706 0.730597
20707 1
20708 0.999985
20709 0.730742
20710 0.999992
20711 0.999999
20712 0.999976
20713 0.99999
20714 0.999991
20715 0.99997
20716 0.731374
20717 0.733088
20718 0.729684
20719 0.731794
20720 0.732413
20721 0.733882
20722 0.733855
20723 0.732017
20724 0.731908
20725 0.733226
20726 0.731895
20727 0.731264
20728 0.733341
20729 0.732482
20730 0.733477
20731 0.729479
20732 0.734459
20733 0.73155
20734 0.734208
20735 0.732053
20736 0.732306
20737 0.733496
20738 0.733834
20739 0.731782
20740 0.732072
20741 0.732337
20742 0.732137
20743 0.730378
20744 0.731869
20745 0.732978
20746 0.732401
20747 0.732161
20748 1
20749 0.999992
20750 1
20751 0.99999
20752 0.999971
20753 0.999985
20754 0.999992
20755 0.731574
20756 0.999985
20757 0.734168
20758 0.731684
20759 0.732048
20760 0.731795
20761 0.730254
20762 0.732319
20763 0.732029
20764 0.730587
20765 0.731949
20766 0.733705
20767 0.731763
20768 0.73189
20769 0.731099
20770 0.731685
20771 0.733851
20772 0.730995
20773 0.731057
20774 0.731134
20775 0.731928
20776 0.730733
20777 0.730377
20778 0.731587
20779 0.733939
20780 0.732098
20781 0.733407
20782 0.732432
20783 0.731988
20784 0.732346
20785 0.729538
20786 0.73233
20787 0.731627
20788 1
20789 0.999991
20790 0.999996
20791 0.999991
20792 0.999967
20793 0.999991
20794 0.999988
20795 0.732719
20796 0.999978
20797 0.731355
20798 0.728961
20799 0.732173
20800 0.733362
20801 0.730148
20802 0.732514
20803 0.732003
20804 0.731652
20805 0.733707
20806 0.730675
20807 0.732107
20808 0.734547
20809 0.732422
20810 0.731759
20811 0.730263
20812 0.732335
20813 0.734514
20814 0.733817
