17572

1 0.821338
2 0.636655
3 0.655852
4 0.731686
5 0.742487
6 0.657016
7 0.950053
8 0.948619
9 0.746188
10 0.683611
11 0.8004
12 0.804455
13 0.946286
14 0.738376
15 0.784271
16 0.762639
17 0.937407
18 0.668078
19 0.824675
20 0.767421
21 0.698261
22 0.627499
23 0.767749
24 0.945421
25 0.869146
26 0.953472
27 0.949003
28 0.706104
29 0.928938
30 0.686853
31 0.762247
32 0.79911
33 0.797031
34 0.939064
35 0.906345
36 0.741458
37 0.957416
38 0.787356
39 0.961229
40 0.821829
41 0.733097
42 0.889814
43 0.782507
44 0.86619
45 0.912852
46 0.943325
47 0.759734
48 0.895698
49 0.903835
50 0.763581
51 0.721126
52 0.945004
53 0.965192
54 0.896602
55 0.9591
56 0.954159
57 0.722971
58 0.950636
59 0.691501
60 0.790603
61 0.916027
62 0.732199
63 0.8261
64 0.907911
65 0.908839
66 0.781474
67 0.903064
68 0.821774
69 0.755914
70 0.751044
71 0.952072
72 0.89802
73 0.955486
74 0.966007
75 0.970861
76 0.890889
77 0.919481
78 0.860292
79 0.848587
80 0.924483
81 0.73008
82 0.950203
83 0.907886
84 0.954625
85 0.839256
86 0.902308
87 0.69894
88 0.900523
89 0.949307
90 0.92891
91 0.889851
92 0.952649
93 0.746221
94 0.711161
95 0.833319
96 0.84748
97 0.721569
98 0.905749
99 0.895392
100 0.87843
101 0.840279
102 0.862221
103 0.858364
104 0.872264
105 0.849442
106 0.815726
107 0.840712
108 0.830218
109 0.819689
110 0.890654
111 0.717487
112 0.850819
113 0.91356
114 0.89861
115 0.774227
116 0.891981
117 0.934072
118 0.875903
119 0.730036
120 0.819402
121 0.773485
122 0.798087
123 0.779723
124 0.842846
125 0.663877
126 0.73425
127 0.715034
128 0.744508
129 0.897191
130 0.669801
131 0.672874
132 0.692795
133 0.819253
134 0.847289
135 0.802159
136 0.826391
137 0.711913
138 0.912385
139 0.769651
140 0.912617
141 0.773524
142 0.779323
143 0.785875
144 0.769668
145 0.788329
146 0.711628
147 0.773659
148 0.947542
149 0.87685
150 0.729163
151 0.716905
152 0.698881
153 0.812206
154 0.635209
155 0.692561
156 0.801977
157 0.77696
158 0.739988
159 0.655598
160 0.919045
161 0.882033
162 0.968379
163 0.75245
164 0.640925
165 0.679763
166 0.680356
167 0.655874
168 0.652102
169 0.650961
170 0.672167
171 0.727944
172 0.935995
173 0.947547
174 0.927684
175 0.88512
176 0.746747
177 0.881346
178 0.951447
179 0.740967
180 0.633491
181 0.668241
182 0.945923
183 0.910053
184 0.89581
185 0.957029
186 0.656991
187 0.9519
188 0.960356
189 0.944039
190 0.739777
191 0.826681
192 0.940967
193 0.654693
194 0.886399
195 0.660205
196 0.893554
197 0.83487
198 0.885801
199 0.8792
200 0.943284
201 0.938528
202 0.94741
203 0.934864
204 0.85375
205 0.813484
206 0.869484
207 0.917348
208 0.952488
209 0.867261
210 0.933167
211 0.933326
212 0.89511
213 0.867687
214 0.974471
215 0.94662
216 0.9422
217 0.901886
218 0.886907
219 0.76493
220 0.785769
221 0.667182
222 0.762877
223 0.958937
224 0.767605
225 0.931478
226 0.942329
227 0.94288
228 0.777063
229 0.890696
230 0.777185
231 0.653376
232 0.765986
233 0.763405
234 0.84228
235 0.809454
236 0.92238
237 0.857461
238 0.895049
239 0.70443
240 0.922317
241 0.917616
242 0.957577
243 0.927399
244 0.856443
245 0.953277
246 0.952856
247 0.698346
248 0.893976
249 0.768548
250 0.885921
251 0.921488
252 0.738432
253 0.925577
254 0.872371
255 0.883389
256 0.882408
257 0.925609
258 0.888211
259 0.965539
260 0.908809
261 0.931108
262 0.690001
263 0.834074
264 0.731191
265 0.916329
266 0.821884
267 0.85903
268 0.861958
269 0.80177
270 0.810459
271 0.826066
272 0.678279
273 0.717077
274 0.589266
275 0.838107
276 0.726719
277 0.651658
278 0.850773
279 0.854325
280 0.70746
281 0.660229
282 0.836675
283 0.900395
284 0.669675
285 0.60561
286 0.658003
287 0.701545
288 0.676314
289 0.682465
290 0.688622
291 0.734022
292 0.728205
293 0.942849
294 0.895425
295 0.891427
296 0.953606
297 0.914152
298 0.734708
299 0.919952
300 0.799255
301 0.669485
302 0.82039
303 0.917311
304 0.918073
305 0.643758
306 0.797457
307 0.96016
308 0.894939
309 0.947356
310 0.951485
311 0.940406
312 0.733357
313 0.628001
314 0.732997
315 0.664426
316 0.730087
317 0.75488
318 0.94245
319 0.931138
320 0.943139
321 0.946304
322 0.941906
323 0.859945
324 0.845551
325 0.87829
326 0.911016
327 0.687646
328 0.915008
329 0.919013
330 0.914888
331 0.873739
332 0.883202
333 0.942031
334 0.886228
335 0.951915
336 0.952026
337 0.950976
338 0.956898
339 0.922773
340 0.780387
341 0.801306
342 0.67441
343 0.764278
344 0.953167
345 0.754891
346 0.84988
347 0.913725
348 0.870668
349 0.863568
350 0.807698
351 0.678085
352 0.759854
353 0.763296
354 0.929993
355 0.812689
356 0.851493
357 0.955539
358 0.870989
359 0.903434
360 0.711869
361 0.891215
362 0.950792
363 0.939864
364 0.935975
365 0.804136
366 0.92163
367 0.96403
368 0.977753
369 0.755137
370 0.887359
371 0.777618
372 0.888669
373 0.730486
374 0.863914
375 0.889211
376 0.898783
377 0.866668
378 0.935215
379 0.925711
380 0.838949
381 0.872631
382 0.911937
383 0.781754
384 0.905599
385 0.851978
386 0.846941
387 0.786034
388 0.810811
389 0.862311
390 0.820818
391 0.768615
392 0.597377
393 0.834442
394 0.802561
395 0.786883
396 0.793042
397 0.704059
398 0.671332
399 0.783904
400 0.844
401 0.606575
402 0.656377
403 0.883053
404 0.823177
405 0.669049
406 0.756215
407 0.731534
408 0.811213
409 0.884676
410 0.877174
411 0.931209
412 0.937258
413 0.943109
414 0.93946
415 0.919388
416 0.749623
417 0.990074
418 0.86494
419 0.923116
420 0.923997
421 0.844988
422 0.891588
423 0.939313
424 0.93682
425 0.779843
426 0.780277
427 0.887136
428 0.833311
429 0.908444
430 0.898846
431 0.962856
432 0.956889
433 0.927228
434 0.821384
435 0.716774
436 0.97379
437 0.864955
438 0.820526
439 0.747947
440 0.930715
441 0.938989
442 0.812049
443 0.895777
444 0.951823
445 0.930584
446 0.880151
447 0.958835
448 0.961878
449 0.884821
450 0.928486
451 0.797142
452 0.790642
453 0.888709
454 0.965239
455 0.932195
456 0.962972
457 0.975649
458 0.944826
459 0.846393
460 0.920178
461 0.87152
462 0.846459
463 0.855752
464 0.996561
465 0.911019
466 0.823184
467 0.912838
468 0.927523
469 0.855812
470 0.953782
471 0.738363
472 0.891362
473 0.991802
474 0.982439
475 0.847615
476 0.964298
477 0.629364
478 0.78293
479 0.75508
480 0.908507
481 0.935204
482 0.956098
483 0.826402
484 0.912262
485 0.92867
486 0.980411
487 0.767564
488 0.888111
489 0.874669
490 0.838177
491 0.773621
492 0.798091
493 0.63925
494 0.824008
495 0.777543
496 0.983175
497 0.96933
498 0.88791
499 0.933683
500 0.626168
501 0.80581
502 0.894141
503 0.848658
504 0.817193
505 0.95467
506 0.837313
507 0.770198
508 0.87925
509 0.772074
510 0.905686
511 0.81326
512 0.958194
513 0.873687
514 0.997361
515 0.979426
516 0.833028
517 0.924459
518 0.977358
519 0.871529
520 0.984665
521 0.989794
522 0.920703
523 0.740043
524 0.932418
525 0.956581
526 0.942882
527 0.825609
528 0.86805
529 0.935258
530 0.828565
531 0.986602
532 0.861207
533 0.873868
534 0.942821
535 0.932656
536 0.87626
537 0.809953
538 0.755104
539 0.950603
540 0.801751
541 0.833798
542 0.755332
543 0.879268
544 0.846155
545 0.849089
546 0.940666
547 0.898248
548 0.907728
549 0.961748
550 0.940812
551 0.761424
552 0.895079
553 0.849658
554 0.770833
555 0.93966
556 0.94658
557 0.850683
558 0.825671
559 0.833774
560 0.938272
561 0.930113
562 0.852201
563 0.941542
564 0.891692
565 0.847308
566 0.982893
567 0.955696
568 0.891974
569 0.850321
570 0.752117
571 0.865643
572 0.810249
573 0.929063
574 0.953614
575 0.861324
576 0.987464
577 0.915347
578 0.926934
579 0.982647
580 0.963522
581 0.805795
582 0.850156
583 0.92986
584 0.835442
585 0.838174
586 0.950201
587 0.75251
588 0.915871
589 0.826356
590 0.941789
591 0.805899
592 0.895645
593 0.967074
594 0.8605
595 0.808744
596 0.875524
597 0.977252
598 0.937006
599 0.900201
600 0.942195
601 0.759493
602 0.795023
603 0.982078
604 0.939784
605 0.908025
606 0.80445
607 0.861994
608 0.834924
609 0.867498
610 0.984079
611 0.838679
612 0.758045
613 0.736584
614 0.834061
615 0.83239
616 0.788349
617 0.942835
618 0.908088
619 0.889318
620 0.963084
621 0.907589
622 0.938894
623 0.890484
624 0.95531
625 0.71898
626 0.981516
627 0.797074
628 0.781905
629 0.904794
630 0.837967
631 0.986645
632 0.942107
633 0.830625
634 0.8976
635 0.748764
636 0.920929
637 0.923781
638 0.971786
639 0.789905
640 0.947321
641 0.941955
642 0.915904
643 0.745349
644 0.983726
645 0.689847
646 0.785979
647 0.875693
648 0.782465
649 0.888402
650 0.978395
651 0.938583
652 0.716297
653 0.943059
654 0.900383
655 0.742297
656 0.930346
657 0.916114
658 0.840425
659 0.963762
660 0.968883
661 0.926341
662 0.821122
663 0.806537
664 0.932046
665 0.982153
666 0.820326
667 0.977963
668 0.818211
669 0.899636
670 0.93271
671 0.791249
672 0.955106
673 0.955311
674 0.795585
675 0.928379
676 0.781852
677 0.955301
678 0.904257
679 0.931139
680 0.992217
681 0.892932
682 0.945825
683 0.725658
684 0.840422
685 0.877933
686 0.75305
687 0.924251
688 0.838016
689 0.949571
690 0.943241
691 0.850358
692 0.886839
693 0.749649
694 0.910008
695 0.803708
696 0.780424
697 0.809912
698 0.852501
699 0.87524
700 0.86837
701 0.985017
702 0.844015
703 0.809145
704 0.967591
705 0.805777
706 0.854912
707 0.929445
708 0.790466
709 0.926119
710 0.99819
711 0.970528
712 0.927251
713 0.955165
714 0.977445
715 0.985507
716 0.955293
717 0.930636
718 0.943325
719 0.945726
720 0.794982
721 0.747095
722 0.946528
723 0.848797
724 0.860807
725 0.877164
726 0.921468
727 0.934408
728 0.940739
729 0.813793
730 0.828273
731 0.848712
732 0.887472
733 0.834376
734 0.93028
735 0.933347
736 0.897952
737 0.936229
738 0.83782
739 0.95172
740 0.808392
741 0.791326
742 0.929706
743 0.92568
744 0.931747
745 0.878966
746 0.870404
747 0.784459
748 0.894246
749 0.891064
750 0.901173
751 0.858354
752 0.921192
753 0.971644
754 0.982997
755 0.775143
756 0.914269
757 0.975745
758 0.985107
759 0.969497
760 0.964068
761 0.940349
762 0.967515
763 0.790003
764 0.809493
765 0.924677
766 0.942918
767 0.823728
768 0.804887
769 0.941499
770 0.97646
771 0.90237
772 0.797165
773 0.977336
774 0.952673
775 0.895188
776 0.889616
777 0.903425
778 0.958348
779 0.906285
780 0.867014
781 0.853572
782 0.973567
783 0.887462
784 0.812222
785 0.875419
786 0.876852
787 0.739475
788 0.831726
789 0.803154
790 0.933621
791 0.884315
792 0.833205
793 0.938693
794 0.810018
795 0.833463
796 0.720556
797 0.936095
798 0.778907
799 0.841591
800 0.934494
801 0.926175
802 0.856205
803 0.792477
804 0.737347
805 0.927807
806 0.742458
807 0.953885
808 0.87248
809 0.887707
810 0.814328
811 0.831318
812 0.804811
813 0.981529
814 0.602911
815 0.816379
816 0.731396
817 0.788147
818 0.771111
819 0.789161
820 0.933632
821 0.918802
822 0.925153
823 0.912395
824 0.867753
825 0.740623
826 0.950244
827 0.99524
828 0.862725
829 0.878754
830 0.949201
831 0.868529
832 0.902077
833 0.85524
834 0.796183
835 0.992753
836 0.89426
837 0.943576
838 0.868204
839 0.941482
840 0.92142
841 0.875563
842 0.79329
843 0.709931
844 0.959824
845 0.890535
846 0.91098
847 0.792382
848 0.784859
849 0.829335
850 0.802811
851 0.87719
852 0.816057
853 0.857347
854 0.954859
855 0.854525
856 0.910821
857 0.756476
858 0.978211
859 0.772777
860 0.926563
861 0.94069
862 0.808645
863 0.858154
864 0.920954
865 0.994084
866 0.965147
867 0.947115
868 0.945062
869 0.956929
870 0.863264
871 0.92935
872 0.813332
873 0.804745
874 0.749826
875 0.85779
876 0.77701
877 0.975987
878 0.860659
879 0.97298
880 0.939562
881 0.906871
882 0.965442
883 0.776341
884 0.926886
885 0.839476
886 0.868083
887 0.801178
888 0.831639
889 0.906435
890 0.988594
891 0.863603
892 0.690384
893 0.992278
894 0.865303
895 0.851602
896 0.84038
897 0.91438
898 0.819293
899 0.986904
900 0.974681
901 0.811979
902 0.91225
903 0.926087
904 0.984267
905 0.876866
906 0.783626
907 0.975777
908 0.950151
909 0.850824
910 0.926128
911 0.963051
912 0.896385
913 0.965052
914 0.887084
915 0.984935
916 0.91469
917 0.907622
918 0.871924
919 0.926863
920 0.965821
921 0.957662
922 0.941098
923 0.904945
924 0.90775
925 0.934671
926 0.868158
927 0.848084
928 0.92245
929 0.88251
930 0.834203
931 0.983835
932 0.986746
933 0.855656
934 0.972562
935 0.882714
936 0.85203
937 0.935368
938 0.96403
939 0.976208
940 0.974519
941 0.975388
942 0.929592
943 0.822756
944 0.959082
945 0.977457
946 0.974488
947 0.985211
948 0.800842
949 0.881441
950 0.933154
951 0.854276
952 0.843375
953 0.92258
954 0.966835
955 0.983705
956 0.975671
957 0.784673
958 0.936316
959 0.816806
960 0.95674
961 0.949544
962 0.790146
963 0.717166
964 0.852934
965 0.9026
966 0.935315
967 0.69262
968 0.902852
969 0.989864
970 0.798014
971 0.838992
972 0.923723
973 0.888665
974 0.881816
975 0.805252
976 0.836132
977 0.908181
978 0.889858
979 0.875233
980 0.940534
981 0.827069
982 0.859188
983 0.892382
984 0.797682
985 0.913157
986 0.889976
987 0.891759
988 0.891102
989 0.808028
990 0.729802
991 0.889364
992 0.76583
993 0.895727
994 0.919554
995 0.882913
996 0.942168
997 0.881286
998 0.99084
999 0.792928
1000 0.995855
1001 0.886902
1002 0.831094
1003 0.90067
1004 0.983418
1005 0.995046
1006 0.834701
1007 0.740518
1008 0.781977
1009 0.710461
1010 0.945046
1011 0.810265
1012 0.919741
1013 0.833926
1014 0.950142
1015 0.864387
1016 0.884708
1017 0.768201
1018 0.933309
1019 0.962907
1020 0.890914
1021 0.863513
1022 0.901872
1023 0.798372
1024 0.968311
1025 0.763251
1026 0.911279
1027 0.871268
1028 0.979092
1029 0.95218
1030 0.811544
1031 0.798916
1032 0.869069
1033 0.85811
1034 0.954823
1035 0.884341
1036 0.813024
1037 0.893996
1038 0.955068
1039 0.90214
1040 0.854573
1041 0.989325
1042 0.826281
1043 0.84498
1044 0.910833
1045 0.815807
1046 0.868736
1047 0.879998
1048 0.964046
1049 0.812878
1050 0.883457
1051 0.921746
1052 0.895558
1053 0.962349
1054 0.764915
1055 0.965052
1056 0.859922
1057 0.943518
1058 0.9825
1059 0.995181
1060 0.828126
1061 0.963962
1062 0.994848
1063 0.92299
1064 0.986632
1065 0.806291
1066 0.838132
1067 0.831841
1068 0.703845
1069 0.907452
1070 0.9034
1071 0.970909
1072 0.946717
1073 0.885557
1074 0.91553
1075 0.896124
1076 0.784678
1077 0.895661
1078 0.972842
1079 0.933136
1080 0.983751
1081 0.987851
1082 0.958949
1083 0.848548
1084 0.86331
1085 0.977003
1086 0.855739
1087 0.769383
1088 0.99265
1089 0.871471
1090 0.992579
1091 0.980837
1092 0.859226
1093 0.860922
1094 0.973152
1095 0.867668
1096 0.847866
1097 0.931029
1098 0.829535
1099 0.947294
1100 0.949975
1101 0.776534
1102 0.813923
1103 0.912101
1104 0.85685
1105 0.948192
1106 0.957871
1107 0.863388
1108 0.961229
1109 0.802927
1110 0.906115
1111 0.857386
1112 0.850683
1113 0.945559
1114 0.878763
1115 0.87688
1116 0.964882
1117 0.964933
1118 0.873428
1119 0.917559
1120 0.976493
1121 0.839858
1122 0.985576
1123 0.871313
1124 0.901995
1125 0.833721
1126 0.822309
1127 0.760739
1128 0.94198
1129 0.797791
1130 0.961567
1131 0.873701
1132 0.899669
1133 0.900549
1134 0.93409
1135 0.863429
1136 0.943185
1137 0.586282
1138 0.850205
1139 0.89458
1140 0.911961
1141 0.926449
1142 0.901137
1143 0.839034
1144 0.979889
1145 0.976602
1146 0.930658
1147 0.981523
1148 0.94697
1149 0.925278
1150 0.931
1151 0.917468
1152 0.967517
1153 0.946221
1154 0.888269
1155 0.944082
1156 0.823938
1157 0.916418
1158 0.892208
1159 0.977679
1160 0.892262
1161 0.92686
1162 0.878949
1163 0.79295
1164 0.961581
1165 0.796736
1166 0.866696
1167 0.897527
1168 0.908359
1169 0.942334
1170 0.969806
1171 0.845622
1172 0.891333
1173 0.953604
1174 0.920463
1175 0.885515
1176 0.903404
1177 0.831918
1178 0.982864
1179 0.874174
1180 0.844363
1181 0.955995
1182 0.884507
1183 0.876431
1184 0.964544
1185 0.893385
1186 0.937929
1187 0.750298
1188 0.876754
1189 0.860635
1190 0.792887
1191 0.907856
1192 0.81799
1193 0.677801
1194 0.957472
1195 0.894962
1196 0.860772
1197 0.880371
1198 0.874267
1199 0.909552
1200 0.925464
1201 0.886631
1202 0.919929
1203 0.914605
1204 0.914645
1205 0.913521
1206 0.820964
1207 0.86018
1208 0.895541
1209 0.720005
1210 0.769722
1211 0.777107
1212 0.836873
1213 0.758777
1214 0.866323
1215 0.944289
1216 0.78817
1217 0.890557
1218 0.952985
1219 0.907348
1220 0.934397
1221 0.744741
1222 0.871019
1223 0.871048
1224 0.929619
1225 0.92895
1226 0.862286
1227 0.789786
1228 0.706984
1229 0.911086
1230 0.901403
1231 0.829517
1232 0.818153
1233 0.930082
1234 0.91575
1235 0.938115
1236 0.818967
1237 0.803776
1238 0.803992
1239 0.845767
1240 0.938449
1241 0.708816
1242 0.832477
1243 0.826343
1244 0.840288
1245 0.812776
1246 0.880188
1247 0.865046
1248 0.771306
1249 0.850954
1250 0.958096
1251 0.833497
1252 0.685071
1253 0.942544
1254 0.865895
1255 0.856636
1256 0.855421
1257 0.876034
1258 0.966781
1259 0.877953
1260 0.809283
1261 0.855253
1262 0.840323
1263 0.931769
1264 0.783604
1265 0.872831
1266 0.993392
1267 0.820543
1268 0.947412
1269 0.883751
1270 0.823293
1271 0.683651
1272 0.785737
1273 0.867677
1274 0.819873
1275 0.88104
1276 0.915507
1277 0.833963
1278 0.90578
1279 0.930426
1280 0.900201
1281 0.875779
1282 0.749572
1283 0.815458
1284 0.854399
1285 0.890545
1286 0.975668
1287 0.854822
1288 0.880706
1289 0.895302
1290 0.920249
1291 0.811052
1292 0.916017
1293 0.857293
1294 0.877354
1295 0.791201
1296 0.965689
1297 0.933855
1298 0.794607
1299 0.945647
1300 0.81378
1301 0.895252
1302 0.84263
1303 0.789984
1304 0.947461
1305 0.908719
1306 0.948912
1307 0.895671
1308 0.828695
1309 0.926847
1310 0.893314
1311 0.813591
1312 0.966491
1313 0.954781
1314 0.864603
1315 0.836072
1316 0.791626
1317 0.90519
1318 0.932608
1319 0.843272
1320 0.798966
1321 0.870456
1322 0.929778
1323 0.922638
1324 0.811906
1325 0.76255
1326 0.7362
1327 0.899644
1328 0.910169
1329 0.920894
1330 0.905298
1331 0.947508
1332 0.887375
1333 0.939997
1334 0.89311
1335 0.684637
1336 0.937626
1337 0.71944
1338 0.792066
1339 0.735987
1340 0.682016
1341 0.88991
1342 0.844873
1343 0.85811
1344 0.925214
1345 0.777547
1346 0.936956
1347 0.917295
1348 0.871862
1349 0.85855
1350 0.941098
1351 0.715852
1352 0.993491
1353 0.962303
1354 0.959483
1355 0.881423
1356 0.923425
1357 0.918954
1358 0.889725
1359 0.965263
1360 0.952321
1361 0.846784
1362 0.791761
1363 0.88681
1364 0.8429
1365 0.658002
1366 0.88949
1367 0.877129
1368 0.742887
1369 0.914079
1370 0.949214
1371 0.89046
1372 0.781916
1373 0.822886
1374 0.789623
1375 0.96218
1376 0.727246
1377 0.771731
1378 0.930269
1379 0.880621
1380 0.981255
1381 0.899387
1382 0.954873
1383 0.869052
1384 0.921466
1385 0.941344
1386 0.824285
1387 0.944863
1388 0.902453
1389 0.814876
1390 0.965229
1391 0.781778
1392 0.882107
1393 0.921155
1394 0.993185
1395 0.937861
1396 0.967599
1397 0.911051
1398 0.916728
1399 0.840333
1400 0.886118
1401 0.923608
1402 0.900447
1403 0.899296
1404 0.858247
1405 0.832746
1406 0.888797
1407 0.983201
1408 0.965875
1409 0.909223
1410 0.974918
1411 0.827619
1412 0.783086
1413 0.90329
1414 0.816002
1415 0.745611
1416 0.784169
1417 0.904349
1418 0.895417
1419 0.810464
1420 0.985521
1421 0.912116
1422 0.927842
1423 0.74746
1424 0.817462
1425 0.874449
1426 0.918193
1427 0.936352
1428 0.88429
1429 0.816826
1430 0.956218
1431 0.813254
1432 0.908604
1433 0.873753
1434 0.754905
1435 0.896062
1436 0.876072
1437 0.879966
1438 0.814912
1439 0.837881
1440 0.792206
1441 0.734465
1442 0.813425
1443 0.904237
1444 0.816151
1445 0.803545
1446 0.853716
1447 0.63076
1448 0.698478
1449 0.820946
1450 0.906728
1451 0.866784
1452 0.983752
1453 0.92847
1454 0.927563
1455 0.979015
1456 0.871522
1457 0.906626
1458 0.822076
1459 0.86231
1460 0.905493
1461 0.986654
1462 0.887114
1463 0.908135
1464 0.820122
1465 0.890898
1466 0.854098
1467 0.893299
1468 0.730743
1469 0.834935
1470 0.912185
1471 0.859659
1472 0.777897
1473 0.791815
1474 0.894553
1475 0.882636
1476 0.791097
1477 0.922953
1478 0.937604
1479 0.859712
1480 0.892873
1481 0.797766
1482 0.912076
1483 0.892402
1484 0.765512
1485 0.917842
1486 0.85083
1487 0.870477
1488 0.874761
1489 0.877013
1490 0.890814
1491 0.940743
1492 0.93452
1493 0.834227
1494 0.894464
1495 0.879535
1496 0.818061
1497 0.809741
1498 0.730031
1499 0.729427
1500 0.837913
1501 0.932294
1502 0.864143
1503 0.894698
1504 0.925449
1505 0.96312
1506 0.830753
1507 0.737205
1508 0.748809
1509 0.809796
1510 0.959051
1511 0.846046
1512 0.935588
1513 0.955613
1514 0.840028
1515 0.811578
1516 0.801958
1517 0.895963
1518 0.93703
1519 0.92143
1520 0.952458
1521 0.890703
1522 0.887154
1523 0.86646
1524 0.758296
1525 0.852162
1526 0.920868
1527 0.860083
1528 0.758022
1529 0.956848
1530 0.928994
1531 0.86963
1532 0.858194
1533 0.889755
1534 0.775694
1535 0.916173
1536 0.888878
1537 0.857041
1538 0.881054
1539 0.873699
1540 0.958359
1541 0.86975
1542 0.965335
1543 0.944496
1544 0.841277
1545 0.865561
1546 0.949598
1547 0.894463
1548 0.892381
1549 0.96003
1550 0.923194
1551 0.90865
1552 0.793661
1553 0.920815
1554 0.851508
1555 0.928715
1556 0.853618
1557 0.843168
1558 0.974873
1559 0.783736
1560 0.882051
1561 0.915085
1562 0.865603
1563 0.901189
1564 0.892409
1565 0.903863
1566 0.966102
1567 0.89704
1568 0.859092
1569 0.819845
1570 0.961543
1571 0.904259
1572 0.856364
1573 0.913815
1574 0.822528
1575 0.796646
1576 0.864957
1577 0.801958
1578 0.940692
1579 0.892781
1580 0.911641
1581 0.91763
1582 0.805899
1583 0.844631
1584 0.876039
1585 0.853552
1586 0.903881
1587 0.849951
1588 0.839868
1589 0.862607
1590 0.873037
1591 0.913381
1592 0.956739
1593 0.851638
1594 0.933327
1595 0.769402
1596 0.927604
1597 0.83218
1598 0.867767
1599 0.795135
1600 0.854625
1601 0.885455
1602 0.890353
1603 0.805741
1604 0.852551
1605 0.900327
1606 0.842973
1607 0.942141
1608 0.830003
1609 0.828172
1610 0.967015
1611 0.8389
1612 0.924131
1613 0.854855
1614 0.956487
1615 0.869053
1616 0.869697
1617 0.849788
1618 0.93776
1619 0.977359
1620 0.86463
1621 0.797622
1622 0.853961
1623 0.960209
1624 0.905758
1625 0.798731
1626 0.956671
1627 0.767094
1628 0.851007
1629 0.771675
1630 0.89248
1631 0.862708
1632 0.924764
1633 0.751031
1634 0.904321
1635 0.91807
1636 0.842314
1637 0.849652
1638 0.938039
1639 0.852119
1640 0.863722
1641 0.879267
1642 0.917819
1643 0.701252
1644 0.92753
1645 0.839284
1646 0.821256
1647 0.884702
1648 0.877928
1649 0.899564
1650 0.863975
1651 0.913702
1652 0.851622
1653 0.908082
1654 0.79651
1655 0.870037
1656 0.913025
1657 0.848431
1658 0.804518
1659 0.896957
1660 0.67792
1661 0.931558
1662 0.848411
1663 0.896274
1664 0.796774
1665 0.746667
1666 0.856865
1667 0.838516
1668 0.820321
1669 0.810819
1670 0.955885
1671 0.882543
1672 0.903607
1673 0.705337
1674 0.845077
1675 0.83915
1676 0.995108
1677 0.891112
1678 0.775633
1679 0.799609
1680 0.943184
1681 0.818108
1682 0.911718
1683 0.796311
1684 0.942594
1685 0.782843
1686 0.916501
1687 0.77371
1688 0.886553
1689 0.905498
1690 0.955187
1691 0.884896
1692 0.833641
1693 0.962745
1694 0.88302
1695 0.852728
1696 0.923431
1697 0.912001
1698 0.779314
1699 0.849361
1700 0.902287
1701 0.887888
1702 0.922264
1703 0.760271
1704 0.869915
1705 0.824672
1706 0.903197
1707 0.874302
1708 0.930055
1709 0.880708
1710 0.858841
1711 0.879746
1712 0.8293
1713 0.861456
1714 0.919642
1715 0.839281
1716 0.872569
1717 0.987795
1718 0.796099
1719 0.884848
1720 0.846504
1721 0.847959
1722 0.811817
1723 0.973129
1724 0.945428
1725 0.898362
1726 0.83748
1727 0.907672
1728 0.971549
1729 0.938337
1730 0.867366
1731 0.936903
1732 0.90073
1733 0.888349
1734 0.884622
1735 0.800335
1736 0.865955
1737 0.970494
1738 0.935718
1739 0.905291
1740 0.882812
1741 0.893022
1742 0.814523
1743 0.722277
1744 0.81027
1745 0.930375
1746 0.863729
1747 0.940063
1748 0.943206
1749 0.775264
1750 0.871786
1751 0.955561
1752 0.964862
1753 0.929508
1754 0.845283
1755 0.980128
1756 0.889321
1757 0.865356
1758 0.882062
1759 0.864801
1760 0.932047
1761 0.956359
1762 0.906853
1763 0.885442
1764 0.777374
1765 0.814631
1766 0.773715
1767 0.757939
1768 0.860473
1769 0.954679
1770 0.826112
1771 0.871373
1772 0.961867
1773 0.84001
1774 0.782112
1775 0.839887
1776 0.870661
1777 0.939122
1778 0.906026
1779 0.876697
1780 0.853502
1781 0.905662
1782 0.903673
1783 0.91831
1784 0.878299
1785 0.904161
1786 0.791003
1787 0.758944
1788 0.822179
1789 0.944906
1790 0.950721
1791 0.866013
1792 0.955304
1793 0.762565
1794 0.844777
1795 0.839301
1796 0.937472
1797 0.844226
1798 0.929376
1799 0.707369
1800 0.807133
1801 0.713401
1802 0.856147
1803 0.804403
1804 0.752451
1805 0.852763
1806 0.852131
1807 0.915935
1808 0.771128
1809 0.911981
1810 0.820129
1811 0.916164
1812 0.827305
1813 0.879626
1814 0.91588
1815 0.723538
1816 0.848912
1817 0.835843
1818 0.863403
1819 0.8969
1820 0.732377
1821 0.683752
1822 0.876881
1823 0.835343
1824 0.744074
1825 0.851471
1826 0.802659
1827 0.971552
1828 0.960844
1829 0.865993
1830 0.758102
1831 0.862129
1832 0.890115
1833 0.88761
1834 0.875968
1835 0.816722
1836 0.76283
1837 0.748388
1838 0.909366
1839 0.848703
1840 0.822876
1841 0.62005
1842 0.859579
1843 0.714693
1844 0.857051
1845 0.812312
1846 0.824239
1847 0.91861
1848 0.809163
1849 0.971805
1850 0.856275
1851 0.89256
1852 0.914816
1853 0.77899
1854 0.95608
1855 0.807894
1856 0.869267
1857 0.97626
1858 0.957153
1859 0.87832
1860 0.84367
1861 0.9236
1862 0.894191
1863 0.742161
1864 0.935661
1865 0.860586
1866 0.932223
1867 0.946514
1868 0.843672
1869 0.883186
1870 0.670997
1871 0.988192
1872 0.889792
1873 0.858792
1874 0.875351
1875 0.860916
1876 0.885135
1877 0.736807
1878 0.928339
1879 0.811489
1880 0.991376
1881 0.800699
1882 0.825723
1883 0.890422
1884 0.885147
1885 0.905756
1886 0.851599
1887 0.745385
1888 0.790885
1889 0.918153
1890 0.899735
1891 0.893708
1892 0.824858
1893 0.803008
1894 0.805748
1895 0.827231
1896 0.948769
1897 0.968865
1898 0.878263
1899 0.861602
1900 0.820736
1901 0.894504
1902 0.96086
1903 0.897873
1904 0.832858
1905 0.889016
1906 0.959434
1907 0.697344
1908 0.905099
1909 0.989192
1910 0.856015
1911 0.798078
1912 0.960557
1913 0.977076
1914 0.972986
1915 0.970623
1916 0.930447
1917 0.844096
1918 0.95197
1919 0.870902
1920 0.93662
1921 0.9582
1922 0.984968
1923 0.957324
1924 0.940482
1925 0.920887
1926 0.790357
1927 0.949245
1928 0.935806
1929 0.705098
1930 0.880447
1931 0.87501
1932 0.974504
1933 0.907207
1934 0.94777
1935 0.793325
1936 0.972759
1937 0.749711
1938 0.849149
1939 0.88312
1940 0.777227
1941 0.884352
1942 0.852313
1943 0.88768
1944 0.919058
1945 0.928409
1946 0.774432
1947 0.895752
1948 0.945302
1949 0.80257
1950 0.965818
1951 0.931322
1952 0.809601
1953 0.781739
1954 0.864996
1955 0.923769
1956 0.991975
1957 0.810111
1958 0.911705
1959 0.946309
1960 0.839666
1961 0.948563
1962 0.930022
1963 0.886978
1964 0.815746
1965 0.830392
1966 0.934807
1967 0.88617
1968 0.79273
1969 0.764412
1970 0.948834
1971 0.866938
1972 0.879324
1973 0.902262
1974 0.863755
1975 0.888155
1976 0.881754
1977 0.907183
1978 0.924383
1979 0.747297
1980 0.823866
1981 0.820607
1982 0.819768
1983 0.952237
1984 0.886942
1985 0.912638
1986 0.95951
1987 0.785871
1988 0.79197
1989 0.876441
1990 0.961994
1991 0.985952
1992 0.900647
1993 0.778962
1994 0.652187
1995 0.92858
1996 0.934833
1997 0.947835
1998 0.895581
1999 0.794052
2000 0.888895
2001 0.839688
2002 0.849377
2003 0.885508
2004 0.851632
2005 0.901682
2006 0.878678
2007 0.979399
2008 0.971416
2009 0.93716
2010 0.81206
2011 0.77494
2012 0.952164
2013 0.884722
2014 0.821155
2015 0.846293
2016 0.816987
2017 0.881952
2018 0.853104
2019 0.818599
2020 0.991756
2021 0.919516
2022 0.861184
2023 0.867539
2024 0.873177
2025 0.877079
2026 0.920279
2027 0.909508
2028 0.945905
2029 0.814852
2030 0.949442
2031 0.856883
2032 0.885782
2033 0.856559
2034 0.868767
2035 0.8534
2036 0.817451
2037 0.823968
2038 0.804356
2039 0.920384
2040 0.944197
2041 0.906903
2042 0.76717
2043 0.928061
2044 0.814903
2045 0.848737
2046 0.76578
2047 0.78699
2048 0.870238
2049 0.873039
2050 0.813399
2051 0.789123
2052 0.929148
2053 0.941213
2054 0.796591
2055 0.797704
2056 0.906306
2057 0.957712
2058 0.904234
2059 0.785164
2060 0.866432
2061 0.743535
2062 0.859267
2063 0.859873
2064 0.830638
2065 0.808661
2066 0.891198
2067 0.823985
2068 0.933149
2069 0.985795
2070 0.768863
2071 0.975464
2072 0.957934
2073 0.833515
2074 0.950324
2075 0.831902
2076 0.780508
2077 0.74646
2078 0.730766
2079 0.975914
2080 0.94052
2081 0.927199
2082 0.817001
2083 0.903524
2084 0.85478
2085 0.893938
2086 0.97562
2087 0.918044
2088 0.930822
2089 0.799023
2090 0.870111
2091 0.836043
2092 0.870576
2093 0.888308
2094 0.883297
2095 0.86613
2096 0.894746
2097 0.84884
2098 0.810959
2099 0.878111
2100 0.898201
2101 0.920881
2102 0.894673
2103 0.914329
2104 0.970193
2105 0.840891
2106 0.870043
2107 0.851688
2108 0.857403
2109 0.790708
2110 0.837432
2111 0.872392
2112 0.955667
2113 0.897501
2114 0.803643
2115 0.97107
2116 0.885671
2117 0.779371
2118 0.854086
2119 0.965104
2120 0.884757
2121 0.922778
2122 0.803786
2123 0.918236
2124 0.934678
2125 0.915008
2126 0.788644
2127 0.795579
2128 0.728072
2129 0.847571
2130 0.936954
2131 0.756566
2132 0.90095
2133 0.950298
2134 0.946299
2135 0.596452
2136 0.899578
2137 0.83015
2138 0.922825
2139 0.802646
2140 0.877363
2141 0.912183
2142 0.864258
2143 0.74373
2144 0.850742
2145 0.921026
2146 0.953524
2147 0.913975
2148 0.918712
2149 0.858844
2150 0.795462
2151 0.841646
2152 0.830923
2153 0.964057
2154 0.920253
2155 0.801495
2156 0.877105
2157 0.934168
2158 0.886356
2159 0.906134
2160 0.645897
2161 0.931843
2162 0.866659
2163 0.889566
2164 0.880758
2165 0.912062
2166 0.90761
2167 0.961408
2168 0.8403
2169 0.882395
2170 0.834646
2171 0.892073
2172 0.895907
2173 0.902293
2174 0.942123
2175 0.789452
2176 0.835957
2177 0.958565
2178 0.897599
2179 0.905813
2180 0.791364
2181 0.649448
2182 0.913867
2183 0.86486
2184 0.853945
2185 0.845199
2186 0.91165
2187 0.88973
2188 0.907105
2189 0.767293
2190 0.866645
2191 0.853206
2192 0.787528
2193 0.923852
2194 0.844113
2195 0.875126
2196 0.884508
2197 0.857978
2198 0.737696
2199 0.916993
2200 0.959352
2201 0.922268
2202 0.92212
2203 0.762505
2204 0.978952
2205 0.857072
2206 0.956073
2207 0.919397
2208 0.80825
2209 0.849548
2210 0.872962
2211 0.897575
2212 0.93923
2213 0.855464
2214 0.93711
2215 0.935086
2216 0.760036
2217 0.703493
2218 0.651076
2219 0.818757
2220 0.864124
2221 0.707569
2222 0.839965
2223 0.755575
2224 0.768865
2225 0.877169
2226 0.939762
2227 0.880786
2228 0.929767
2229 0.757172
2230 0.882377
2231 0.92125
2232 0.733417
2233 0.734771
2234 0.711271
2235 0.747541
2236 0.798461
2237 0.855481
2238 0.883052
2239 0.772158
2240 0.764693
2241 0.918752
2242 0.841344
2243 0.963114
2244 0.960809
2245 0.778835
2246 0.885904
2247 0.781348
2248 0.8613
2249 0.910806
2250 0.913044
2251 0.921104
2252 0.903851
2253 0.938035
2254 0.861312
2255 0.890286
2256 0.810234
2257 0.941008
2258 0.74325
2259 0.846231
2260 0.790948
2261 0.908099
2262 0.864652
2263 0.878975
2264 0.925542
2265 0.805824
2266 0.886981
2267 0.905643
2268 0.759825
2269 0.884144
2270 0.99255
2271 0.81352
2272 0.905049
2273 0.867032
2274 0.8293
2275 0.819025
2276 0.947365
2277 0.76719
2278 0.985936
2279 0.803541
2280 0.730305
2281 0.749224
2282 0.959196
2283 0.955538
2284 0.857655
2285 0.937989
2286 0.788674
2287 0.881612
2288 0.89738
2289 0.787389
2290 0.919598
2291 0.73262
2292 0.689232
2293 0.814796
2294 0.975341
2295 0.659573
2296 0.749429
2297 0.841751
2298 0.786336
2299 0.953605
2300 0.891055
2301 0.850658
2302 0.950216
2303 0.88071
2304 0.925771
2305 0.795929
2306 0.950513
2307 0.840245
2308 0.934007
2309 0.906234
2310 0.885858
2311 0.79693
2312 0.919714
2313 0.795411
2314 0.889716
2315 0.882792
2316 0.821594
2317 0.82227
2318 0.863607
2319 0.873427
2320 0.815507
2321 0.821777
2322 0.98567
2323 0.761733
2324 0.970218
2325 0.952102
2326 0.827376
2327 0.806166
2328 0.845631
2329 0.884669
2330 0.824577
2331 0.72812
2332 0.964362
2333 0.986372
2334 0.921233
2335 0.898054
2336 0.90741
2337 0.889153
2338 0.967692
2339 0.932544
2340 0.958743
2341 0.969468
2342 0.946886
2343 0.883988
2344 0.910572
2345 0.967929
2346 0.813209
2347 0.971037
2348 0.910581
2349 0.929255
2350 0.957389
2351 0.895644
2352 0.813021
2353 0.931215
2354 0.96084
2355 0.935707
2356 0.811565
2357 0.926953
2358 0.880511
2359 0.935292
2360 0.989584
2361 0.931031
2362 0.944625
2363 0.952098
2364 0.932428
2365 0.896305
2366 0.848255
2367 0.93139
2368 0.980916
2369 0.874436
2370 0.857629
2371 0.919632
2372 0.90603
2373 0.960539
2374 0.990477
2375 0.961524
2376 0.77284
2377 0.908228
2378 0.74429
2379 0.900932
2380 0.949498
2381 0.935977
2382 0.865193
2383 0.818328
2384 0.845753
2385 0.883705
2386 0.931999
2387 0.689363
2388 0.968207
2389 0.852294
2390 0.924628
2391 0.969829
2392 0.913376
2393 0.928661
2394 0.765431
2395 0.96561
2396 0.971647
2397 0.938641
2398 0.983933
2399 0.911635
2400 0.962083
2401 0.958899
2402 0.92627
2403 0.964879
2404 0.807749
2405 0.832899
2406 0.954904
2407 0.953317
2408 0.941445
2409 0.983608
2410 0.880686
2411 0.860932
2412 0.865884
2413 0.968136
2414 0.888331
2415 0.777849
2416 0.978747
2417 0.899523
2418 0.872405
2419 0.982125
2420 0.918293
2421 0.940355
2422 0.754595
2423 0.945039
2424 0.854242
2425 0.977268
2426 0.790215
2427 0.931255
2428 0.864631
2429 0.945643
2430 0.835375
2431 0.804558
2432 0.750255
2433 0.920132
2434 0.904308
2435 0.959759
2436 0.904078
2437 0.903938
2438 0.845086
2439 0.849264
2440 0.872627
2441 0.982034
2442 0.877072
2443 0.777967
2444 0.849954
2445 0.743536
2446 0.956363
2447 0.90206
2448 0.930383
2449 0.858643
2450 0.854467
2451 0.923975
2452 0.869805
2453 0.950512
2454 0.898819
2455 0.872158
2456 0.858046
2457 0.890921
2458 0.942863
2459 0.840211
2460 0.961069
2461 0.898879
2462 0.849314
2463 0.930005
2464 0.919965
2465 0.804992
2466 0.709335
2467 0.880436
2468 0.861471
2469 0.848102
2470 0.89088
2471 0.716568
2472 0.828874
2473 0.917231
2474 0.890034
2475 0.874764
2476 0.989251
2477 0.844638
2478 0.832426
2479 0.834771
2480 0.908155
2481 0.939129
2482 0.854928
2483 0.770223
2484 0.898797
2485 0.883386
2486 0.895315
2487 0.807613
2488 0.867727
2489 0.843023
2490 0.903407
2491 0.94306
2492 0.889643
2493 0.985924
2494 0.901669
2495 0.825282
2496 0.883885
2497 0.857393
2498 0.816257
2499 0.915205
2500 0.895202
2501 0.85389
2502 0.912964
2503 0.964138
2504 0.813779
2505 0.765039
2506 0.963046
2507 0.890736
2508 0.847375
2509 0.772247
2510 0.82934
2511 0.938126
2512 0.935607
2513 0.919
2514 0.956215
2515 0.878793
2516 0.76548
2517 0.993455
2518 0.826302
2519 0.924547
2520 0.802727
2521 0.838996
2522 0.772446
2523 0.95985
2524 0.961064
2525 0.783495
2526 0.952413
2527 0.888004
2528 0.910408
2529 0.957316
2530 0.853834
2531 0.964523
2532 0.930145
2533 0.921066
2534 0.909314
2535 0.92442
2536 0.914779
2537 0.816736
2538 0.89114
2539 0.839622
2540 0.906255
2541 0.841686
2542 0.828874
2543 0.958363
2544 0.830042
2545 0.963629
2546 0.963637
2547 0.791645
2548 0.949107
2549 0.948548
2550 0.865803
2551 0.878116
2552 0.830549
2553 0.856671
2554 0.779055
2555 0.940539
2556 0.879521
2557 0.772558
2558 0.858651
2559 0.904493
2560 0.797441
2561 0.782506
2562 0.829938
2563 0.838723
2564 0.858861
2565 0.93839
2566 0.837617
2567 0.921926
2568 0.880734
2569 0.872638
2570 0.782168
2571 0.787972
2572 0.746952
2573 0.864772
2574 0.864567
2575 0.837686
2576 0.924928
2577 0.930896
2578 0.964288
2579 0.879901
2580 0.958806
2581 0.851576
2582 0.959082
2583 0.881417
2584 0.94879
2585 0.920689
2586 0.866048
2587 0.921699
2588 0.879086
2589 0.881265
2590 0.830793
2591 0.848494
2592 0.871206
2593 0.87544
2594 0.907954
2595 0.918227
2596 0.911106
2597 0.863143
2598 0.884204
2599 0.890148
2600 0.837479
2601 0.869986
2602 0.888931
2603 0.853169
2604 0.884123
2605 0.86269
2606 0.907823
2607 0.830868
2608 0.874344
2609 0.93183
2610 0.837908
2611 0.959516
2612 0.859835
2613 0.874565
2614 0.810746
2615 0.909088
2616 0.83877
2617 0.937524
2618 0.731795
2619 0.849131
2620 0.929635
2621 0.821065
2622 0.842873
2623 0.848326
2624 0.874037
2625 0.825689
2626 0.9402
2627 0.856511
2628 0.81354
2629 0.756082
2630 0.785922
2631 0.974123
2632 0.91507
2633 0.829551
2634 0.855629
2635 0.890282
2636 0.898948
2637 0.898474
2638 0.890735
2639 0.928143
2640 0.900471
2641 0.874459
2642 0.852301
2643 0.852566
2644 0.967973
2645 0.977242
2646 0.816384
2647 0.94086
2648 0.871936
2649 0.982391
2650 0.936976
2651 0.890599
2652 0.895786
2653 0.914418
2654 0.840674
2655 0.891462
2656 0.860405
2657 0.968604
2658 0.819281
2659 0.964805
2660 0.967297
2661 0.954241
2662 0.908626
2663 0.918786
2664 0.975406
2665 0.893155
2666 0.831556
2667 0.909106
2668 0.9163
2669 0.893627
2670 0.97926
2671 0.844208
2672 0.946062
2673 0.756873
2674 0.866758
2675 0.737363
2676 0.921844
2677 0.791826
2678 0.916558
2679 0.885186
2680 0.912185
2681 0.72969
2682 0.761224
2683 0.922096
2684 0.740243
2685 0.913023
2686 0.929437
2687 0.871138
2688 0.889101
2689 0.893055
2690 0.91801
2691 0.864897
2692 0.898137
2693 0.884289
2694 0.864203
2695 0.8891
2696 0.785824
2697 0.96767
2698 0.880265
2699 0.924079
2700 0.94858
2701 0.875218
2702 0.898233
2703 0.831855
2704 0.794987
2705 0.871129
2706 0.889078
2707 0.942818
2708 0.901486
2709 0.946853
2710 0.743114
2711 0.988458
2712 0.838718
2713 0.950224
2714 0.796595
2715 0.950151
2716 0.968935
2717 0.7642
2718 0.910715
2719 0.971328
2720 0.931871
2721 0.948906
2722 0.853135
2723 0.897122
2724 0.750939
2725 0.960617
2726 0.928079
2727 0.753702
2728 0.876286
2729 0.894704
2730 0.908295
2731 0.827978
2732 0.856154
2733 0.707369
2734 0.921466
2735 0.92406
2736 0.918537
2737 0.88233
2738 0.868372
2739 0.787961
2740 0.753449
2741 0.949044
2742 0.874264
2743 0.942042
2744 0.974098
2745 0.886394
2746 0.740132
2747 0.889071
2748 0.982872
2749 0.91263
2750 0.928555
2751 0.821194
2752 0.97454
2753 0.957046
2754 0.847591
2755 0.876556
2756 0.873269
2757 0.849299
2758 0.844559
2759 0.96755
2760 0.94549
2761 0.98015
2762 0.852675
2763 0.820215
2764 0.977469
2765 0.879061
2766 0.839985
2767 0.951596
2768 0.809593
2769 0.920209
2770 0.801847
2771 0.85861
2772 0.796455
2773 0.904584
2774 0.880048
2775 0.91219
2776 0.935934
2777 0.767865
2778 0.953951
2779 0.563859
2780 0.930422
2781 0.882167
2782 0.888199
2783 0.943878
2784 0.91788
2785 0.774076
2786 0.95209
2787 0.942881
2788 0.931644
2789 0.937452
2790 0.810379
2791 0.881529
2792 0.711355
2793 0.844669
2794 0.900395
2795 0.917109
2796 0.884892
2797 0.927529
2798 0.898238
2799 0.894192
2800 0.852967
2801 0.791889
2802 0.972987
2803 0.909218
2804 0.864706
2805 0.890624
2806 0.926538
2807 0.909552
2808 0.890709
2809 0.903774
2810 0.877047
2811 0.909371
2812 0.941004
2813 0.925306
2814 0.912052
2815 0.944409
2816 0.960879
2817 0.738235
2818 0.886172
2819 0.844342
2820 0.819569
2821 0.952123
2822 0.880977
2823 0.936084
2824 0.897647
2825 0.949101
2826 0.916649
2827 0.900339
2828 0.855791
2829 0.79025
2830 0.783917
2831 0.825329
2832 0.84829
2833 0.920592
2834 0.928877
2835 0.882349
2836 0.969346
2837 0.898056
2838 0.874434
2839 0.934092
2840 0.953793
2841 0.902061
2842 0.869486
2843 0.834428
2844 0.896074
2845 0.889636
2846 0.88574
2847 0.852676
2848 0.726604
2849 0.881887
2850 0.955919
2851 0.942227
2852 0.72171
2853 0.783732
2854 0.911102
2855 0.919
2856 0.975326
2857 0.857518
2858 0.958006
2859 0.924796
2860 0.869667
2861 0.853145
2862 0.827453
2863 0.868999
2864 0.856747
2865 0.96287
2866 0.954493
2867 0.801776
2868 0.824341
2869 0.836094
2870 0.915495
2871 0.819075
2872 0.794959
2873 0.949848
2874 0.899238
2875 0.921937
2876 0.820772
2877 0.980159
2878 0.9638
2879 0.819222
2880 0.926833
2881 0.928137
2882 0.843863
2883 0.953119
2884 0.889993
2885 0.841791
2886 0.820832
2887 0.7726
2888 0.816907
2889 0.908294
2890 0.932991
2891 0.923046
2892 0.901815
2893 0.809349
2894 0.915183
2895 0.865537
2896 0.850055
2897 0.884468
2898 0.896543
2899 0.950825
2900 0.873839
2901 0.865307
2902 0.837542
2903 0.824446
2904 0.948347
2905 0.881812
2906 0.894812
2907 0.919076
2908 0.936766
2909 0.913237
2910 0.903125
2911 0.918039
2912 0.883692
2913 0.866453
2914 0.819887
2915 0.78517
2916 0.785818
2917 0.941679
2918 0.894311
2919 0.9272
2920 0.921554
2921 0.919
2922 0.777765
2923 0.931515
2924 0.95105
2925 0.944598
2926 0.915589
2927 0.95774
2928 0.873411
2929 0.920779
2930 0.859348
2931 0.820756
2932 0.77276
2933 0.828581
2934 0.792117
2935 0.884744
2936 0.897686
2937 0.835251
2938 0.926865
2939 0.910819
2940 0.955334
2941 0.976238
2942 0.888122
2943 0.945017
2944 0.914476
2945 0.962689
2946 0.903294
2947 0.85314
2948 0.92165
2949 0.806417
2950 0.947906
2951 0.855086
2952 0.823799
2953 0.943829
2954 0.846624
2955 0.89796
2956 0.926553
2957 0.846194
2958 0.899323
2959 0.967323
2960 0.909286
2961 0.835503
2962 0.88346
2963 0.951459
2964 0.927699
2965 0.90214
2966 0.905348
2967 0.923738
2968 0.929196
2969 0.906613
2970 0.892605
2971 0.932815
2972 0.864785
2973 0.932289
2974 0.969495
2975 0.704379
2976 0.889201
2977 0.906384
2978 0.898121
2979 0.914682
2980 0.883856
2981 0.86616
2982 0.944017
2983 0.904669
2984 0.880392
2985 0.966571
2986 0.947452
2987 0.91557
2988 0.939334
2989 0.8689
2990 0.861384
2991 0.930049
2992 0.903621
2993 0.909357
2994 0.832149
2995 0.961406
2996 0.554462
2997 0.940652
2998 0.796084
2999 0.903754
3000 0.928569
3001 0.951183
3002 0.916405
3003 0.818423
3004 0.875156
3005 0.960942
3006 0.668456
3007 0.878934
3008 0.93192
3009 0.937283
3010 0.890047
3011 0.914774
3012 0.961137
3013 0.892691
3014 0.846324
3015 0.928622
3016 0.716379
3017 0.725946
3018 0.932188
3019 0.865865
3020 0.777997
3021 0.990316
3022 0.825427
3023 0.955445
3024 0.938677
3025 0.867911
3026 0.886547
3027 0.91014
3028 0.886413
3029 0.968444
3030 0.956822
3031 0.947099
3032 0.828423
3033 0.956387
3034 0.903086
3035 0.812382
3036 0.910806
3037 0.896836
3038 0.864713
3039 0.901701
3040 0.849176
3041 0.826852
3042 0.823285
3043 0.941733
3044 0.845229
3045 0.84466
3046 0.96316
3047 0.95392
3048 0.840436
3049 0.885643
3050 0.861768
3051 0.890217
3052 0.923107
3053 0.827503
3054 0.79761
3055 0.911971
3056 0.921567
3057 0.803302
3058 0.749784
3059 0.868309
3060 0.931842
3061 0.90784
3062 0.754439
3063 0.824259
3064 0.659115
3065 0.646467
3066 0.917729
3067 0.813593
3068 0.966921
3069 0.941515
3070 0.910148
3071 0.963387
3072 0.869968
3073 0.883661
3074 0.939405
3075 0.873669
3076 0.899818
3077 0.938093
3078 0.834881
3079 0.948566
3080 0.744999
3081 0.947508
3082 0.803462
3083 0.894987
3084 0.898528
3085 0.965858
3086 0.855641
3087 0.971169
3088 0.950788
3089 0.884941
3090 0.932819
3091 0.928274
3092 0.874698
3093 0.871118
3094 0.910819
3095 0.917481
3096 0.84195
3097 0.843019
3098 0.917415
3099 0.904838
3100 0.873078
3101 0.860459
3102 0.846238
3103 0.954798
3104 0.904446
3105 0.904235
3106 0.933635
3107 0.909304
3108 0.825612
3109 0.916892
3110 0.817169
3111 0.968452
3112 0.819391
3113 0.931
3114 0.873478
3115 0.910547
3116 0.806609
3117 0.891212
3118 0.980308
3119 0.673349
3120 0.826484
3121 0.611245
3122 0.969881
3123 0.910749
3124 0.772757
3125 0.896139
3126 0.920154
3127 0.942035
3128 0.810494
3129 0.962461
3130 0.926059
3131 0.93224
3132 0.88892
3133 0.935607
3134 0.873976
3135 0.918252
3136 0.921174
3137 0.935849
3138 0.922293
3139 0.814988
3140 0.953772
3141 0.850619
3142 0.981497
3143 0.639715
3144 0.917871
3145 0.904989
3146 0.858519
3147 0.906525
3148 0.945556
3149 0.917397
3150 0.819206
3151 0.89904
3152 0.822782
3153 0.981653
3154 0.849599
3155 0.804144
3156 0.815172
3157 0.850684
3158 0.884542
3159 0.935438
3160 0.73117
3161 0.853675
3162 0.955178
3163 0.941874
3164 0.956952
3165 0.910663
3166 0.950125
3167 0.8911
3168 0.915228
3169 0.961065
3170 0.879749
3171 0.94283
3172 0.880659
3173 0.929733
3174 0.849274
3175 0.922823
3176 0.805928
3177 0.852803
3178 0.751095
3179 0.948881
3180 0.856377
3181 0.841571
3182 0.879536
3183 0.891883
3184 0.925108
3185 0.92861
3186 0.918844
3187 0.843419
3188 0.965164
3189 0.949299
3190 0.836299
3191 0.93692
3192 0.868305
3193 0.696202
3194 0.878907
3195 0.913183
3196 0.830551
3197 0.895315
3198 0.787444
3199 0.926745
3200 0.693715
3201 0.924759
3202 0.750293
3203 0.904865
3204 0.888228
3205 0.958297
3206 0.94663
3207 0.782276
3208 0.958915
3209 0.942881
3210 0.936287
3211 0.813435
3212 0.891802
3213 0.715618
3214 0.838753
3215 0.940855
3216 0.971394
3217 0.950991
3218 0.811573
3219 0.82717
3220 0.943308
3221 0.661327
3222 0.839005
3223 0.915005
3224 0.816486
3225 0.831778
3226 0.884751
3227 0.939901
3228 0.943336
3229 0.806163
3230 0.909078
3231 0.621474
3232 0.850938
3233 0.910036
3234 0.911604
3235 0.770692
3236 0.898692
3237 0.983777
3238 0.884813
3239 0.766544
3240 0.857458
3241 0.950193
3242 0.717436
3243 0.799193
3244 0.855177
3245 0.852945
3246 0.884954
3247 0.916726
3248 0.825142
3249 0.916681
3250 0.877761
3251 0.986013
3252 0.851883
3253 0.836425
3254 0.790627
3255 0.940598
3256 0.955699
3257 0.933168
3258 0.806195
3259 0.931667
3260 0.922753
3261 0.953309
3262 0.825206
3263 0.793721
3264 0.89156
3265 0.701441
3266 0.896474
3267 0.95758
3268 0.902404
3269 0.90645
3270 0.882718
3271 0.721122
3272 0.904778
3273 0.931807
3274 0.934318
3275 0.906636
3276 0.750858
3277 0.893066
3278 0.955278
3279 0.906008
3280 0.923607
3281 0.888213
3282 0.938886
3283 0.95693
3284 0.814866
3285 0.812966
3286 0.755873
3287 0.706948
3288 0.900291
3289 0.936134
3290 0.731681
3291 0.848212
3292 0.88105
3293 0.895458
3294 0.587689
3295 0.87778
3296 0.857031
3297 0.92596
3298 0.909059
3299 0.893298
3300 0.866362
3301 0.919381
3302 0.897184
3303 0.953472
3304 0.956266
3305 0.942414
3306 0.836212
3307 0.835237
3308 0.901554
3309 0.801725
3310 0.579725
3311 0.726394
3312 0.750654
3313 0.915441
3314 0.924882
3315 0.786906
3316 0.937284
3317 0.905764
3318 0.863996
3319 0.847765
3320 0.742327
3321 0.896499
3322 0.939697
3323 0.874241
3324 0.810611
3325 0.884379
3326 0.976539
3327 0.878831
3328 0.808851
3329 0.876715
3330 0.787067
3331 0.913388
3332 0.887203
3333 0.884518
3334 0.898417
3335 0.798989
3336 0.79368
3337 0.898658
3338 0.823392
3339 0.805018
3340 0.835026
3341 0.841003
3342 0.797977
3343 0.813041
3344 0.695203
3345 0.896191
3346 0.787772
3347 0.817197
3348 0.774511
3349 0.952141
3350 0.882518
3351 0.941028
3352 0.950551
3353 0.918909
3354 0.840737
3355 0.863972
3356 0.898715
3357 0.851019
3358 0.946312
3359 0.960829
3360 0.777879
3361 0.847609
3362 0.859625
3363 0.804301
3364 0.946314
3365 0.905027
3366 0.887681
3367 0.845771
3368 0.864222
3369 0.924276
3370 0.855779
3371 0.948711
3372 0.953001
3373 0.946501
3374 0.682243
3375 0.966466
3376 0.877786
3377 0.871887
3378 0.809981
3379 0.891841
3380 0.855029
3381 0.945903
3382 0.890418
3383 0.832578
3384 0.872779
3385 0.874078
3386 0.871899
3387 0.93808
3388 0.861948
3389 0.913787
3390 0.731958
3391 0.776795
3392 0.810375
3393 0.8822
3394 0.707315
3395 0.948488
3396 0.778771
3397 0.688925
3398 0.625331
3399 0.647004
3400 0.614567
3401 0.775072
3402 0.614549
3403 0.8697
3404 0.513316
3405 0.447136
3406 0.511508
3407 0.400771
3408 0.439819
3409 0.494914
3410 0.425871
3411 0.328092
3412 0.361029
3413 0.500404
3414 0.270902
3415 0.843138
3416 0.45544
3417 0.518977
3418 0.583226
3419 0.566034
3420 0.492847
3421 0.568257
3422 0.439725
3423 0.480942
3424 0.427209
3425 0.203873
3426 0.430548
3427 0.505858
3428 0.458729
3429 0.409659
3430 0.452022
3431 0.530615
3432 0.553812
3433 0.422152
3434 0.490145
3435 0.530126
3436 0.476334
3437 0.502663
3438 0.396721
3439 0.700119
3440 0.501052
3441 0.294132
3442 0.484079
3443 0.51424
3444 0.494442
3445 0.488495
3446 0.523548
3447 0.152182
3448 0.0873792
3449 0.481216
3450 0.633103
3451 0.719558
3452 0.31332
3453 0.497139
3454 0.492375
3455 0.476888
3456 0.475401
3457 0.4107
3458 0.432388
3459 0.534515
3460 0.470712
3461 0.41209
3462 0.535585
3463 0.865259
3464 0.50317
3465 0.547399
3466 0.450829
3467 0.517735
3468 0.815218
3469 0.524899
3470 0.148597
3471 0.106843
3472 0.540097
3473 0.576388
3474 0.487679
3475 0.471028
3476 0.392306
3477 0.512781
3478 0.511341
3479 0.505239
3480 0.386806
3481 0.180813
3482 0.479116
3483 0.478457
3484 0.125321
3485 0.604051
3486 0.279626
3487 0.708328
3488 0.6841
3489 0.118603
3490 0.41576
3491 0.330848
3492 0.558997
3493 0.445983
3494 0.651266
3495 0.474938
3496 0.474273
3497 0.562793
3498 0.487095
3499 0.426906
3500 0.428708
3501 0.463275
3502 0.482677
3503 0.571229
3504 0.448038
3505 0.501762
3506 0.512995
3507 0.455363
3508 0.480404
3509 0.505325
3510 0.533645
3511 0.854482
3512 0.697291
3513 0.187939
3514 0.511734
3515 0.467997
3516 0.563441
3517 0.466084
3518 0.47558
3519 0.428601
3520 0.714345
3521 0.484884
3522 0.462927
3523 0.440725
3524 0.69725
3525 0.766716
3526 0.307761
3527 0.893991
3528 0.426362
3529 0.521938
3530 0.428968
3531 0.524246
3532 0.499083
3533 0.416004
3534 0.512985
3535 0.486637
3536 0.492797
3537 0.490892
3538 0.564566
3539 0.553027
3540 0.555198
3541 0.553975
3542 0.469702
3543 0.59071
3544 0.341498
3545 0.519349
3546 0.490429
3547 0.576048
3548 0.578607
3549 0.522961
3550 0.487075
3551 0.603532
3552 0.089214
3553 0.442522
3554 0.490744
3555 0.544917
3556 0.49193
3557 0.508205
3558 0.500544
3559 0.357573
3560 0.155311
3561 0.443799
3562 0.450896
3563 0.634875
3564 0.427096
3565 0.462335
3566 0.491575
3567 0.48057
3568 0.429982
3569 0.484232
3570 0.397966
3571 0.497236
3572 0.494535
3573 0.782213
3574 0.108327
3575 0.444351
3576 0.523626
3577 0.0724861
3578 0.258636
3579 0.294609
3580 0.840258
3581 0.532921
3582 0.482627
3583 0.363054
3584 0.558196
3585 0.411289
3586 0.502767
3587 0.483505
3588 0.54792
3589 0.56748
3590 0.563858
3591 0.50891
3592 0.465206
3593 0.424443
3594 0.49276
3595 0.526257
3596 0.484194
3597 0.612295
3598 0.431615
3599 0.0954689
3600 0.122253
3601 0.434081
3602 0.541542
3603 0.47105
3604 0.140775
3605 0.475799
3606 0.616934
3607 0.511634
3608 0.13612
3609 0.21403
3610 0.483866
3611 0.500754
3612 0.533783
3613 0.455814
3614 0.48768
3615 0.417636
3616 0.124089
3617 0.783742
3618 0.365135
3619 0.465235
3620 0.455031
3621 0.516179
3622 0.489642
3623 0.467784
3624 0.0828335
3625 0.532641
3626 0.399871
3627 0.493456
3628 0.46087
3629 0.12829
3630 0.136528
3631 0.135298
3632 0.60446
3633 0.115044
3634 0.134981
3635 0.463441
3636 0.563823
3637 0.589137
3638 0.557501
3639 0.108539
3640 0.168948
3641 0.572128
3642 0.520308
3643 0.607018
3644 0.156346
3645 0.498284
3646 0.15657
3647 0.481901
3648 0.608211
3649 0.783886
3650 0.678139
3651 0.453572
3652 0.644692
3653 0.804463
3654 0.602634
3655 0.739124
3656 0.574199
3657 0.384279
3658 0.462635
3659 0.799427
3660 0.644112
3661 0.153561
3662 0.342226
3663 0.126043
3664 0.284934
3665 0.634545
3666 0.126272
3667 0.655704
3668 0.201406
3669 0.318264
3670 0.631376
3671 0.667595
3672 0.660547
3673 0.625053
3674 0.519315
3675 0.826265
3676 0.619318
3677 0.142985
3678 0.543667
3679 0.766739
3680 0.878398
3681 0.66475
3682 0.457795
3683 0.734155
3684 0.525205
3685 0.589173
3686 0.322487
3687 0.730622
3688 0.749329
3689 0.491787
3690 0.573763
3691 0.495083
3692 0.789103
3693 0.343555
3694 0.379146
3695 0.370455
3696 0.680701
3697 0.530428
3698 0.742296
3699 0.74561
3700 0.510948
3701 0.729084
3702 0.657319
3703 0.259265
3704 0.599483
3705 0.445656
3706 0.560368
3707 0.793021
3708 0.833393
3709 0.400767
3710 0.779471
3711 0.306256
3712 0.346999
3713 0.932931
3714 0.636994
3715 0.453523
3716 0.245857
3717 0.235235
3718 0.689554
3719 0.683019
3720 0.433293
3721 0.68011
3722 0.689349
3723 0.220523
3724 0.962802
3725 0.368753
3726 0.869636
3727 0.507608
3728 0.471871
3729 0.459882
3730 0.44051
3731 0.488397
3732 0.328251
3733 0.53282
3734 0.471452
3735 0.598895
3736 0.605764
3737 0.820898
3738 0.107224
3739 0.371706
3740 0.453994
3741 0.463854
3742 0.560107
3743 0.631462
3744 0.383428
3745 0.331733
3746 0.497757
3747 0.506973
3748 0.472669
3749 0.819929
3750 0.209077
3751 0.39159
3752 0.140245
3753 0.444147
3754 0.559251
3755 0.691964
3756 0.511069
3757 0.216195
3758 0.511746
3759 0.242402
3760 0.458321
3761 0.367174
3762 0.541004
3763 0.648233
3764 0.419101
3765 0.209086
3766 0.588211
3767 0.335068
3768 0.790364
3769 0.618419
3770 0.348015
3771 0.790854
3772 0.153687
3773 0.547102
3774 0.65421
3775 0.771096
3776 0.569704
3777 0.947842
3778 0.670744
3779 0.746195
3780 0.338086
3781 0.581971
3782 0.672953
3783 0.945613
3784 0.487238
3785 0.836165
3786 0.915406
3787 0.388373
3788 0.158304
3789 0.806759
3790 0.853832
3791 0.200479
3792 0.334722
3793 0.756812
3794 0.395815
3795 0.508791
3796 0.149396
3797 0.412471
3798 0.653107
3799 0.600744
3800 0.591016
3801 0.32805
3802 0.820723
3803 0.257358
3804 0.414326
3805 0.159865
3806 0.34554
3807 0.44297
3808 0.261786
3809 0.629882
3810 0.288204
3811 0.699492
3812 0.420058
3813 0.523527
3814 0.410619
3815 0.268043
3816 0.344153
3817 0.33338
3818 0.21943
3819 0.563913
3820 0.215434
3821 0.818971
3822 0.401944
3823 0.693556
3824 0.515446
3825 0.524057
3826 0.773907
3827 0.719991
3828 0.680751
3829 0.644808
3830 0.72229
3831 0.656855
3832 0.65666
3833 0.816178
3834 0.290389
3835 0.42718
3836 0.710418
3837 0.7438
3838 0.5306
3839 0.796523
3840 0.815151
3841 0.816219
3842 0.644412
3843 0.763373
3844 0.675263
3845 0.534562
3846 0.458136
3847 0.753883
3848 0.447829
3849 0.538494
3850 0.405363
3851 0.791894
3852 0.57836
3853 0.628399
3854 0.467474
3855 0.414138
3856 0.617898
3857 0.720441
3858 0.375335
3859 0.59249
3860 0.663121
3861 0.395943
3862 0.399159
3863 0.347416
3864 0.0997645
3865 0.559532
3866 0.348314
3867 0.50642
3868 0.843645
3869 0.564069
3870 0.87753
3871 0.529831
3872 0.471519
3873 0.52327
3874 0.935224
3875 0.86558
3876 0.522308
3877 0.287697
3878 0.484273
3879 0.585988
3880 0.661968
3881 0.668976
3882 0.659147
3883 0.167333
3884 0.175104
3885 0.699643
3886 0.345333
3887 0.130044
3888 0.142296
3889 0.65475
3890 0.616938
3891 0.355159
3892 0.630787
3893 0.149329
3894 0.642174
3895 0.283957
3896 0.390315
3897 0.722885
3898 0.373293
3899 0.532989
3900 0.567764
3901 0.584184
3902 0.825784
3903 0.784664
3904 0.881558
3905 0.727401
3906 0.462223
3907 0.768159
3908 0.868102
3909 0.78853
3910 0.646829
3911 0.878024
3912 0.848465
3913 0.442956
3914 0.53168
3915 0.671365
3916 0.83209
3917 0.696302
3918 0.648223
3919 0.740566
3920 0.621481
3921 0.532669
3922 0.803751
3923 0.849527
3924 0.761184
3925 0.388873
3926 0.831248
3927 0.55822
3928 0.773999
3929 0.662708
3930 0.367719
3931 0.572526
3932 0.428983
3933 0.861509
3934 0.59048
3935 0.831671
3936 0.871001
3937 0.867396
3938 0.556307
3939 0.427952
3940 0.697051
3941 0.732259
3942 0.668572
3943 0.814942
3944 0.666585
3945 0.745206
3946 0.530997
3947 0.767508
3948 0.896451
3949 0.863577
3950 0.796118
3951 0.754706
3952 0.819548
3953 0.849775
3954 0.851814
3955 0.904581
3956 0.760852
3957 0.826544
3958 0.628785
3959 0.805616
3960 0.634286
3961 0.26405
3962 0.498844
3963 0.947583
3964 0.628898
3965 0.359279
3966 0.768155
3967 0.829034
3968 0.556507
3969 0.903325
3970 0.693057
3971 0.545105
3972 0.75069
3973 0.704745
3974 0.487906
3975 0.661568
3976 0.756851
3977 0.613147
3978 0.490966
3979 0.758716
3980 0.891144
3981 0.605614
3982 0.60952
3983 0.562996
3984 0.188559
3985 0.844874
3986 0.816393
3987 0.813461
3988 0.889921
3989 0.799849
3990 0.404419
3991 0.917046
3992 0.546718
3993 0.446729
3994 0.418444
3995 0.868648
3996 0.6859
3997 0.572063
3998 0.639851
3999 0.482909
4000 0.512205
4001 0.366086
4002 0.628032
4003 0.598766
4004 0.333791
4005 0.62413
4006 0.310952
4007 0.365705
4008 0.711224
4009 0.578522
4010 0.511145
4011 0.294118
4012 0.53984
4013 0.414175
4014 0.185823
4015 0.8097
4016 0.724296
4017 0.577854
4018 0.598582
4019 0.827652
4020 0.904823
4021 0.73429
4022 0.844817
4023 0.908132
4024 0.523541
4025 0.551993
4026 0.460651
4027 0.622183
4028 0.823702
4029 0.46221
4030 0.824718
4031 0.716622
4032 0.798524
4033 0.614774
4034 0.627051
4035 0.844427
4036 0.853272
4037 0.548844
4038 0.534617
4039 0.493877
4040 0.453601
4041 0.416922
4042 0.552895
4043 0.621391
4044 0.737444
4045 0.765089
4046 0.767061
4047 0.758278
4048 0.785627
4049 0.586084
4050 0.563667
4051 0.458558
4052 0.723984
4053 0.741598
4054 0.524209
4055 0.712549
4056 0.639101
4057 0.60504
4058 0.7154
4059 0.80521
4060 0.596595
4061 0.436116
4062 0.929488
4063 0.456911
4064 0.670421
4065 0.902073
4066 0.578771
4067 0.783536
4068 0.503198
4069 0.816772
4070 0.867293
4071 0.90027
4072 0.556821
4073 0.633068
4074 0.863564
4075 0.871455
4076 0.884714
4077 0.410521
4078 0.742925
4079 0.408252
4080 0.947005
4081 0.51445
4082 0.855492
4083 0.54918
4084 0.636291
4085 0.620869
4086 0.568687
4087 0.625301
4088 0.882384
4089 0.807206
4090 0.665676
4091 0.5114
4092 0.433349
4093 0.921255
4094 0.848789
4095 0.634238
4096 0.680303
4097 0.684812
4098 0.527056
4099 0.84961
4100 0.717709
4101 0.668613
4102 0.733524
4103 0.799241
4104 0.691443
4105 0.751674
4106 0.305174
4107 0.438738
4108 0.828876
4109 0.629337
4110 0.880726
4111 0.683181
4112 0.730709
4113 0.787834
4114 0.650077
4115 0.691248
4116 0.622147
4117 0.800539
4118 0.657437
4119 0.818409
4120 0.6567
4121 0.77126
4122 0.518861
4123 0.749842
4124 0.240861
4125 0.922357
4126 0.675025
4127 0.546704
4128 0.699182
4129 0.706634
4130 0.633653
4131 0.481856
4132 0.89976
4133 0.67015
4134 0.688905
4135 0.915013
4136 0.828527
4137 0.843237
4138 0.647191
4139 0.877189
4140 0.722969
4141 0.776838
4142 0.614054
4143 0.448357
4144 0.533829
4145 0.637896
4146 0.800634
4147 0.858399
4148 0.500078
4149 0.713296
4150 0.732786
4151 0.791613
4152 0.824676
4153 0.79073
4154 0.845454
4155 0.79749
4156 0.754861
4157 0.77731
4158 0.584761
4159 0.839754
4160 0.42946
4161 0.70393
4162 0.66795
4163 0.79639
4164 0.698046
4165 0.836315
4166 0.851262
4167 0.411085
4168 0.816295
4169 0.883083
4170 0.489356
4171 0.698055
4172 0.491113
4173 0.667157
4174 0.637418
4175 0.790409
4176 0.882034
4177 0.886713
4178 0.793219
4179 0.903459
4180 0.811921
4181 0.71856
4182 0.587696
4183 0.747818
4184 0.831345
4185 0.782452
4186 0.921124
4187 0.709125
4188 0.76841
4189 0.933189
4190 0.908318
4191 0.79234
4192 0.747351
4193 0.652599
4194 0.71636
4195 0.843407
4196 0.673169
4197 0.649495
4198 0.941997
4199 0.559843
4200 0.479098
4201 0.347736
4202 0.323115
4203 0.686846
4204 0.664197
4205 0.491304
4206 0.404153
4207 0.570512
4208 0.89011
4209 0.582046
4210 0.791022
4211 0.76745
4212 0.318265
4213 0.956556
4214 0.824313
4215 0.876808
4216 0.697903
4217 0.898525
4218 0.866427
4219 0.335147
4220 0.574007
4221 0.698246
4222 0.673297
4223 0.565927
4224 0.556187
4225 0.715349
4226 0.418911
4227 0.675462
4228 0.780231
4229 0.672782
4230 0.784906
4231 0.814897
4232 0.769152
4233 0.887954
4234 0.628035
4235 0.516609
4236 0.47163
4237 0.666768
4238 0.672369
4239 0.768702
4240 0.506861
4241 0.608325
4242 0.568856
4243 0.774638
4244 0.621682
4245 0.63508
4246 0.713113
4247 0.783599
4248 0.874176
4249 0.497555
4250 0.471695
4251 0.770533
4252 0.760474
4253 0.557707
4254 0.850952
4255 0.720072
4256 0.61609
4257 0.314418
4258 0.810106
4259 0.780013
4260 0.406471
4261 0.871013
4262 0.535182
4263 0.471683
4264 0.60038
4265 0.864365
4266 0.628778
4267 0.516412
4268 0.833758
4269 0.649051
4270 0.675531
4271 0.799825
4272 0.699853
4273 0.37881
4274 0.415316
4275 0.673307
4276 0.741831
4277 0.909431
4278 0.370007
4279 0.682638
4280 0.666918
4281 0.782915
4282 0.646582
4283 0.549747
4284 0.572738
4285 0.88387
4286 0.707075
4287 0.805617
4288 0.891382
4289 0.75175
4290 0.749873
4291 0.571068
4292 0.573753
4293 0.33696
4294 0.540766
4295 0.537081
4296 0.333755
4297 0.538258
4298 0.761372
4299 0.690796
4300 0.691471
4301 0.760891
4302 0.586592
4303 0.560479
4304 0.511865
4305 0.280175
4306 0.335056
4307 0.634098
4308 0.56062
4309 0.512965
4310 0.520347
4311 0.381365
4312 0.511682
4313 0.538429
4314 0.51278
4315 0.532982
4316 0.661485
4317 0.542129
4318 0.280617
4319 0.334778
4320 0.535822
4321 0.51154
4322 0.255189
4323 0.561374
4324 0.646722
4325 0.654723
4326 0.665845
4327 0.532884
4328 0.542112
4329 0.656697
4330 0.505713
4331 0.533117
4332 0.652432
4333 0.314175
4334 0.653227
4335 0.533118
4336 0.505774
4337 0.561262
4338 0.520068
4339 0.654839
4340 0.663248
4341 0.535842
4342 0.511788
4343 0.656534
4344 0.646582
4345 0.665774
4346 0.618544
4347 0.645025
4348 0.635442
4349 0.255099
4350 0.659766
4351 0.557265
4352 0.6565
4353 0.566006
4354 0.553333
4355 0.618111
4356 0.628743
4357 0.539888
4358 0.626505
4359 0.616909
4360 0.65326
4361 0.576965
4362 0.576979
4363 0.313541
4364 0.616563
4365 0.652279
4366 0.616644
4367 0.554292
4368 0.62651
4369 0.576899
4370 0.553473
4371 0.628706
4372 0.635434
4373 0.618099
4374 0.57688
4375 0.661653
4376 0.539851
4377 0.663222
4378 0.61695
4379 0.566209
4380 0.656266
4381 0.618578
4382 0.557311
4383 0.659641
4384 0.268503
4385 0.644934
4386 0.633979
4387 0.554293
4388 0.268251
4389 0.381285
4390 0.736332
4391 0.542657
4392 0.863385
4393 0.735684
4394 0.541332
4395 0.678059
4396 0.732227
4397 0.527783
4398 0.557281
4399 0.751884
4400 0.5157
4401 0.721634
4402 0.739157
4403 0.197982
4404 0.772487
4405 0.721157
4406 0.527521
4407 0.589396
4408 0.441337
4409 0.19811
4410 0.776459
4411 0.444808
4412 0.254954
4413 0.251492
4414 0.382263
4415 0.631082
4416 0.716797
4417 0.739371
4418 0.891697
4419 0.722449
4420 0.51655
4421 0.770863
4422 0.377273
4423 0.720507
4424 0.864171
4425 0.19728
4426 0.444652
4427 0.254744
4428 0.382202
4429 0.631327
4430 0.251357
4431 0.377544
4432 0.441631
4433 0.198648
4434 0.775789
4435 0.592598
4436 0.759085
4437 0.686107
4438 0.759083
4439 0.329698
4440 0.733978
4441 0.711593
4442 0.143769
4443 0.447398
4444 0.711593
4445 0.143563
4446 0.143541
4447 0.488289
4448 0.308449
4449 0.464
4450 0.136477
4451 0.471682
4452 0.494524
4453 0.498819
4454 0.490018
4455 0.458209
4456 0.502658
4457 0.506618
4458 0.483187
4459 0.431293
4460 0.495499
4461 0.496909
4462 0.455031
4463 0.499182
4464 0.491561
4465 0.466244
4466 0.476747
4467 0.498911
4468 0.494788
4469 0.442164
4470 0.465009
4471 0.48835
4472 0.486547
4473 0.330344
4474 0.458072
4475 0.480542
4476 0.463187
4477 0.499086
4478 0.45689
4479 0.489328
4480 0.493892
4481 0.472525
4482 0.486812
4483 0.479034
4484 0.474907
4485 0.494791
4486 0.485356
4487 0.491824
4488 0.497144
4489 0.132239
4490 0.143672
4491 0.495516
4492 0.488059
4493 0.455077
4494 0.48322
4495 0.474338
4496 0.486237
4497 0.514929
4498 0.475751
4499 0.48909
4500 0.516909
4501 0.477158
4502 0.479728
4503 0.491599
4504 0.464925
4505 0.486427
4506 0.157711
4507 0.474779
4508 0.490092
4509 0.480522
4510 0.479801
4511 0.458187
4512 0.479101
4513 0.477242
4514 0.493879
4515 0.481648
4516 0.456947
4517 0.473246
4518 0.485514
4519 0.470096
4520 0.488027
4521 0.33032
4522 0.157751
4523 0.474651
4524 0.489464
4525 0.149152
4526 0.463943
4527 0.440066
4528 0.47172
4529 0.439588
4530 0.479377
4531 0.308143
4532 0.308592
4533 0.308697
4534 0.344777
4535 0.145667
4536 0.333789
4537 0.138569
4538 0.681965
4539 0.331312
4540 0.344745
4541 0.145632
4542 0.333679
4543 0.138511
4544 0.681863
4545 0.678471
4546 0.725338
4547 0.136244
4548 0.132141
4549 0.329846
4550 0.149211
4551 0.685321
4552 0.331202
4553 0.677782
4554 0.415255
4555 0.703323
4556 0.692886
4557 0.396607
4558 0.726991
4559 0.68926
4560 0.442276
4561 0.359047
4562 0.726985
4563 0.0971567
4564 0.095977
4565 0.689267
4566 0.422629
4567 0.399567
4568 0.378737
4569 0.395039
4570 0.407279
4571 0.396563
4572 0.418195
4573 0.396599
4574 0.398452
4575 0.0984613
4576 0.38451
4577 0.0984617
4578 0.39128
4579 0.392888
4580 0.420165
4581 0.398433
4582 0.422622
4583 0.396626
4584 0.395056
4585 0.613509
4586 0.387882
4587 0.384349
4588 0.0932944
4589 0.418237
4590 0.371515
4591 0.434089
4592 0.407335
4593 0.396583
4594 0.364
4595 0.422892
4596 0.384502
4597 0.40446
4598 0.41217
4599 0.110201
4600 0.400655
4601 0.422905
4602 0.110202
4603 0.227062
4604 0.434075
4605 0.431166
4606 0.416089
4607 0.41349
4608 0.398186
4609 0.726874
4610 0.227557
4611 0.401984
4612 0.386802
4613 0.113843
4614 0.410154
4615 0.393897
4616 0.412053
4617 0.391684
4618 0.410055
4619 0.390475
4620 0.4208
4621 0.416009
4622 0.42023
4623 0.36399
4624 0.41623
4625 0.411252
4626 0.363915
4627 0.41873
4628 0.384051
4629 0.392959
4630 0.404551
4631 0.412197
4632 0.400736
4633 0.593543
4634 0.227089
4635 0.41491
4636 0.418654
4637 0.416112
4638 0.390454
4639 0.416267
4640 0.36393
4641 0.393877
4642 0.420801
4643 0.41031
4644 0.431172
4645 0.414467
4646 0.410298
4647 0.399238
4648 0.416111
4649 0.600621
4650 0.59793
4651 0.0987598
4652 0.383956
4653 0.411173
4654 0.104571
4655 0.245905
4656 0.23689
4657 0.0988518
4658 0.414955
4659 0.221207
4660 0.245917
4661 0.104574
4662 0.236903
4663 0.593581
4664 0.0988488
4665 0.751341
4666 0.64962
4667 0.41357
4668 0.257142
4669 0.126114
4670 0.243432
4671 0.454389
4672 0.114403
4673 0.553501
4674 0.103445
4675 0.226765
4676 0.229653
4677 0.414201
4678 0.201686
4679 0.792958
4680 0.378745
4681 0.442731
4682 0.385563
4683 0.395931
4684 0.847272
4685 0.837403
4686 0.842713
4687 0.86191
4688 0.861238
4689 0.582486
4690 0.832019
4691 0.348397
4692 0.850537
4693 0.836927
4694 0.35278
4695 0.379309
4696 0.380505
4697 0.386476
4698 0.305913
4699 0.464722
4700 0.375739
4701 0.395964
4702 0.584198
4703 0.865184
4704 0.842237
4705 0.385825
4706 0.340126
4707 0.788358
4708 0.46107
4709 0.396676
4710 0.323875
4711 0.82468
4712 0.345187
4713 0.39646
4714 0.379639
4715 0.411285
4716 0.36906
4717 0.369073
4718 0.85319
4719 0.835215
4720 0.864521
4721 0.851432
4722 0.840992
4723 0.434531
4724 0.390587
4725 0.673308
4726 0.672969
4727 0.635776
4728 0.626847
4729 0.190737
4730 0.524276
4731 0.185657
4732 0.474709
4733 0.427684
4734 0.51419
4735 0.407799
4736 0.643549
4737 0.40564
4738 0.626014
4739 0.342841
4740 0.272819
4741 0.383197
4742 0.319187
4743 0.186112
4744 0.515217
4745 0.531447
4746 0.523885
4747 0.461365
4748 0.397846
4749 0.463928
4750 0.382761
4751 0.508018
4752 0.374691
4753 0.385137
4754 0.374831
4755 0.307164
4756 0.212146
4757 0.405748
4758 0.253047
4759 0.156117
4760 0.420563
4761 0.447878
4762 0.111593
4763 0.203398
4764 0.236057
4765 0.090477
4766 0.46458
4767 0.193156
4768 0.463709
4769 0.387872
4770 0.422654
4771 0.567298
4772 0.216492
4773 0.75787
4774 0.191035
4775 0.159881
4776 0.646931
4777 0.272272
4778 0.398822
4779 0.423918
4780 0.272607
4781 0.466308
4782 0.361143
4783 0.235233
4784 0.691871
4785 0.469698
4786 0.400916
4787 0.194824
4788 0.16111
4789 0.225166
4790 0.317301
4791 0.174085
4792 0.201775
4793 0.762616
4794 0.386721
4795 0.710313
4796 0.241214
4797 0.615709
4798 0.518662
4799 0.432819
4800 0.487699
4801 0.583277
4802 0.574856
4803 0.898209
4804 0.791397
4805 0.761914
4806 0.334598
4807 0.262291
4808 0.174969
4809 0.552285
4810 0.426433
4811 0.922804
4812 0.787198
4813 0.740459
4814 0.589909
4815 0.714447
4816 0.0551321
4817 0.0695995
4818 0.305802
4819 0.550655
4820 0.357717
4821 0.559269
4822 0.141891
4823 0.123574
4824 0.179368
4825 0.205655
4826 0.070169
4827 0.0250682
4828 0.0458658
4829 0.0164901
4830 0.192119
4831 0.176839
4832 0.0828153
4833 0.894502
4834 0.108347
4835 0.022972
4836 0.139576
4837 0.289133
4838 0.075205
4839 0.524984
4840 0.0695519
4841 0.467862
4842 0.400607
4843 0.00226107
4844 0.227949
4845 0.500272
4846 0.0689589
4847 0.147587
4848 0.0360085
4849 0.0179576
4850 0.0199929
4851 0.0771873
4852 0.010004
4853 0.020047
4854 0.0198041
4855 0.558668
4856 0.0222445
4857 0.0476478
4858 0.00634201
4859 0.0219787
4860 0.0755506
4861 0.0703187
4862 0.00891363
4863 0.0524805
4864 0.0223491
4865 0.0228509
4866 0.035021
4867 0.0436754
4868 0.17746
4869 0.018091
4870 0.0718641
4871 0.0447865
4872 0.0103329
4873 0.0308572
4874 0.0159067
4875 0.0178406
4876 0.00215761
4877 0.00527564
4878 0.424388
4879 0.498914
4880 0.706622
4881 0.0609008
4882 0.0111065
4883 0.0688929
4884 0.0590328
4885 0.0800501
4886 0.0171235
4887 0.0303923
4888 0.0333442
4889 0.0356505
4890 0.0258567
4891 0.0127231
4892 0.50043
4893 0.137085
4894 0.388969
4895 0.209791
4896 0.00888283
4897 0.00869115
4898 0.498418
4899 0.836968
4900 0.0154189
4901 0.0854663
4902 0.0105262
4903 0.227732
4904 0.522548
4905 0.0246405
4906 0.0112234
4907 0.0687491
4908 0.500272
4909 0.0376947
4910 0.207631
4911 0.099634
4912 0.668512
4913 0.290995
4914 0.174745
4915 0.0651405
4916 0.449395
4917 0.131389
4918 0.0404594
4919 0.0858553
4920 0.551578
4921 0.0407352
4922 0.362613
4923 0.949788
4924 0.0344108
4925 0.0408125
4926 0.0341354
4927 0.0308175
4928 0.0874823
4929 0.414525
4930 0.0471051
4931 0.0998277
4932 0.0190338
4933 0.185402
4934 0.358383
4935 0.342102
4936 0.0306586
4937 0.0718989
4938 0.0554609
4939 0.0290668
4940 0.0414738
4941 0.143067
4942 0.303
4943 0.00707598
4944 0.0624404
4945 0.0402393
4946 0.0933931
4947 0.282026
4948 0.0574615
4949 0.0192516
4950 0.137764
4951 0.0342294
4952 0.467862
4953 0.227949
4954 0.406019
4955 0.437519
4956 0.034635
4957 0.171341
4958 0.171341
4959 0.0115691
4960 0.244481
4961 0.437519
4962 0.0043381
4963 0.250147
4964 0.227949
4965 0.424388
4966 0.0043381
4967 0.250147
4968 0.467862
4969 0.244481
4970 0.0165925
4971 0.0043381
4972 0.227949
4973 0.586147
4974 0.571786
4975 0.236002
4976 0.0599648
4977 0.283215
4978 0.442343
4979 0.436819
4980 0.510388
4981 0.0409129
4982 0.43754
4983 0.0191918
4984 0.537904
4985 0.495776
4986 0.0329
4987 0.362414
4988 0.0366269
4989 0.474707
4990 0.0342294
4991 0.487467
4992 0.02199
4993 0.418956
4994 0.0224967
4995 0.481209
4996 0.0233743
4997 0.0328864
4998 0.0452027
4999 0.0257645
5000 0.464601
5001 0.244481
5002 0.498975
5003 0.537904
5004 0.0211387
5005 0.0396805
5006 0.00441733
5007 0.100709
5008 0.0342294
5009 0.0403402
5010 0.0176061
5011 0.152634
5012 0.077712
5013 0.0341199
5014 0.0191032
5015 0.161422
5016 0.0042211
5017 0.244681
5018 0.0659693
5019 0.0162761
5020 0.115562
5021 0.0493204
5022 0.030644
5023 0.0346038
5024 0.199548
5025 0.0962748
5026 0.00361634
5027 0.215578
5028 0.0105508
5029 0.254898
5030 0.457874
5031 0.0359947
5032 0.0602564
5033 0.0103244
5034 0.250147
5035 0.388969
5036 0.020629
5037 0.00475007
5038 0.283215
5039 0.0142083
5040 0.487467
5041 0.00779696
5042 0.0107344
5043 0.0171026
5044 0.102829
5045 0.0165085
5046 0.0798057
5047 0.108524
5048 0.0463046
5049 0.254898
5050 0.199548
5051 0.0332314
5052 0.333393
5053 0.0135694
5054 0.0042209
5055 0.0609006
5056 0.250147
5057 0.132198
5058 0.171341
5059 0.00995931
5060 0.0301645
5061 0.464601
5062 0.45494
5063 0.00165355
5064 0.50043
5065 0.362613
5066 0.00825778
5067 0.254898
5068 0.00384519
5069 0.0260709
5070 0.00833985
5071 0.0305632
5072 0.024417
5073 0.0729255
5074 0.0176021
5075 0.016551
5076 0.00943632
5077 0.0513864
5078 0.033822
5079 0.524984
5080 0.00334108
5081 0.0127314
5082 0.0258401
5083 0.0734617
5084 0.256585
5085 0.135042
5086 0.0357569
5087 0.0106087
5088 0.0329222
5089 0.0324544
5090 0.0231226
5091 0.174404
5092 0.0375584
5093 0.0337439
5094 0.027437
5095 0.0152672
5096 0.0760209
5097 0.0563881
5098 0.0112065
5099 0.0723082
5100 0.21583
5101 0.00881396
5102 0.103902
5103 0.260994
5104 0.0453116
5105 0.0839152
5106 0.0162234
5107 0.0370125
5108 0.119035
5109 0.0258478
5110 0.487467
5111 0.135374
5112 0.0375576
5113 0.0525573
5114 0.0160973
5115 0.411761
5116 0.00388537
5117 0.00227858
5118 0.107292
5119 0.0362096
5120 0.357642
5121 0.0308766
5122 0.101759
5123 0.058783
5124 0.0552465
5125 0.0134575
5126 0.0502294
5127 0.0396325
5128 0.171341
5129 0.032496
5130 0.0213292
5131 0.498975
5132 0.45651
5133 0.474707
5134 0.00335124
5135 0.0597897
5136 0.0232232
5137 0.0222841
5138 0.128554
5139 0.0187222
5140 0.0946557
5141 0.087761
5142 0.0919068
5143 0.00962849
5144 0.00514634
5145 0.0702622
5146 0.0122272
5147 0.0619263
5148 0.0160749
5149 0.0361445
5150 0.00397238
5151 0.029138
5152 0.0265164
5153 0.0220616
5154 0.0212714
5155 0.0450338
5156 0.0468954
5157 0.0327689
5158 0.0979281
5159 0.00660805
5160 0.0359582
5161 0.0373089
5162 0.0648787
5163 0.0521667
5164 0.166555
5165 0.0622482
5166 0.0581273
5167 0.0255233
5168 0.0661986
5169 0.410359
5170 0.518574
5171 0.44996
5172 0.143181
5173 0.0627155
5174 0.0290796
5175 0.0188618
5176 0.110274
5177 0.0415048
5178 0.00816962
5179 0.0458388
5180 0.0268414
5181 0.0300796
5182 0.133125
5183 0.0121091
5184 0.0299586
5185 0.034993
5186 0.0367395
5187 0.19239
5188 0.100364
5189 0.0835146
5190 0.00499249
5191 0.108772
5192 0.124509
5193 0.0621865
5194 0.0727254
5195 0.0946656
5196 0.0170955
5197 0.0151893
5198 0.00871594
5199 0.0611809
5200 0.0104605
5201 0.36388
5202 0.016802
5203 0.108271
5204 0.118214
5205 0.0494647
5206 0.0871899
5207 0.0303021
5208 0.0220148
5209 0.033264
5210 0.0932729
5211 0.0140233
5212 0.0379334
5213 0.0158968
5214 0.0895765
5215 0.63803
5216 0.177362
5217 0.0324616
5218 0.0723612
5219 0.00403115
5220 0.0458452
5221 0.00409614
5222 0.0125874
5223 0.0261484
5224 0.0231795
5225 0.041091
5226 0.0607114
5227 0.0463671
5228 0.0750402
5229 0.0300643
5230 0.0809394
5231 0.0301789
5232 0.145078
5233 0.0186726
5234 0.148081
5235 0.0682248
5236 0.0312487
5237 0.0136646
5238 0.0317283
5239 0.115821
5240 0.0228009
5241 0.047255
5242 0.026805
5243 0.122079
5244 0.0552713
5245 0.0169046
5246 0.00557584
5247 0.0259782
5248 0.0039511
5249 0.0974958
5250 0.0642101
5251 0.0100402
5252 0.0384455
5253 0.0961471
5254 0.0536646
5255 0.0141998
5256 0.074211
5257 0.0258616
5258 0.0657157
5259 0.0401047
5260 0.0301755
5261 0.0421297
5262 0.120952
5263 0.0267208
5264 0.0366415
5265 0.0367959
5266 0.122063
5267 0.0366875
5268 0.0323052
5269 0.0433171
5270 0.0142894
5271 0.0682986
5272 0.0494644
5273 0.168197
5274 0.0156066
5275 0.0410665
5276 0.0428354
5277 0.0648833
5278 0.0299207
5279 0.0786205
5280 0.12632
5281 0.031361
5282 0.0553063
5283 0.101355
5284 0.220675
5285 0.0283931
5286 0.0198545
5287 0.0244362
5288 0.0506716
5289 0.0231184
5290 0.0711442
5291 0.109148
5292 0.142964
5293 0.190334
5294 0.158751
5295 0.0599619
5296 0.04901
5297 0.030258
5298 0.0546099
5299 0.111225
5300 0.145974
5301 0.052037
5302 0.0417636
5303 0.0346164
5304 0.0120082
5305 0.0653985
5306 0.0583716
5307 0.0577386
5308 0.0659826
5309 0.089744
5310 0.084158
5311 0.098455
5312 0.215713
5313 0.108004
5314 0.0262568
5315 0.0128767
5316 0.0326925
5317 0.16854
5318 0.0348097
5319 0.130754
5320 0.0432778
5321 0.0294295
5322 0.583604
5323 0.0610023
5324 0.0219077
5325 0.024616
5326 0.0733758
5327 0.0668921
5328 0.0679481
5329 0.026844
5330 0.0182186
5331 0.0683005
5332 0.031744
5333 0.0344892
5334 0.0193299
5335 0.177695
5336 0.0439483
5337 0.0431789
5338 0.109768
5339 0.0510265
5340 0.0358047
5341 0.0692931
5342 0.478627
5343 0.0127598
5344 0.075378
5345 0.204987
5346 0.159929
5347 0.024094
5348 0.0918882
5349 0.105624
5350 0.00329294
5351 0.032881
5352 0.0362866
5353 0.0592224
5354 0.414985
5355 0.260994
5356 0.786915
5357 0.0078093
5358 0.0784985
5359 0.0119577
5360 0.555369
5361 0.201548
5362 0.542039
5363 0.0853698
5364 0.0371013
5365 0.254898
5366 0.00973741
5367 0.241937
5368 0.033955
5369 0.039836
5370 0.0204986
5371 0.0722659
5372 0.0336586
5373 0.0328496
5374 0.0971867
5375 0.0461385
5376 0.0475614
5377 0.0224192
5378 0.0444501
5379 0.802666
5380 0.0157099
5381 0.397985
5382 0.0583273
5383 0.0388337
5384 0.260994
5385 0.467862
5386 0.0386514
5387 0.50043
5388 0.0339139
5389 0.105678
5390 0.495776
5391 0.079155
5392 0.457874
5393 0.0109574
5394 0.0480473
5395 0.00396944
5396 0.0486923
5397 0.101729
5398 0.520901
5399 0.0066453
5400 0.00490591
5401 0.072932
5402 0.0263266
5403 0.119364
5404 0.0337295
5405 0.115526
5406 0.550111
5407 0.0367065
5408 0.0391713
5409 0.0655824
5410 0.385236
5411 0.0335458
5412 0.025876
5413 0.0547578
5414 0.0310449
5415 0.0411977
5416 0.0220616
5417 0.0317223
5418 0.0577245
5419 0.117545
5420 0.0947747
5421 0.0499421
5422 0.0120257
5423 0.0183624
5424 0.0544191
5425 0.0715812
5426 0.055063
5427 0.0399796
5428 0.185104
5429 0.00578053
5430 0.0137615
5431 0.00599736
5432 0.0181326
5433 0.0448414
5434 0.115826
5435 0.0415974
5436 0.0169543
5437 0.0856075
5438 0.124694
5439 0.0199897
5440 0.199548
5441 0.0757022
5442 0.0405749
5443 0.00322851
5444 0.0348832
5445 0.00714924
5446 0.0124827
5447 0.0223639
5448 0.0251674
5449 0.0361077
5450 0.0861074
5451 0.0478516
5452 0.021947
5453 0.0855724
5454 0.457874
5455 0.00347085
5456 0.103894
5457 0.446384
5458 0.398423
5459 0.017965
5460 0.501987
5461 0.508921
5462 0.00289424
5463 0.0134529
5464 0.0376584
5465 0.619714
5466 0.0685511
5467 0.457874
5468 0.411761
5469 0.362414
5470 0.0019787
5471 0.479259
5472 0.398423
5473 0.00790228
5474 0.077599
5475 0.00263926
5476 0.402144
5477 0.0363597
5478 0.365427
5479 0.118266
5480 0.283215
5481 0.337937
5482 0.00991244
5483 0.175725
5484 0.0206318
5485 0.0525518
5486 0.241937
5487 0.00476408
5488 0.0479551
5489 0.01225
5490 0.0944508
5491 0.0132207
5492 0.0242365
5493 0.0324058
5494 0.868671
5495 0.0144062
5496 0.0914847
5497 0.388176
5498 0.181564
5499 0.151664
5500 0.416326
5501 0.00421721
5502 0.0376639
5503 0.0557991
5504 0.0364575
5505 0.012409
5506 0.0256312
5507 0.0534361
5508 0.0290514
5509 0.00216651
5510 0.474707
5511 0.495776
5512 0.0209703
5513 0.442292
5514 0.464601
5515 0.0415574
5516 0.0455324
5517 0.515977
5518 0.362613
5519 0.00344126
5520 0.50043
5521 0.0225347
5522 0.0311655
5523 0.0293782
5524 0.00977393
5525 0.539693
5526 0.244481
5527 0.241937
5528 0.00943075
5529 0.0946117
5530 0.028985
5531 0.0456804
5532 0.078551
5533 0.0185692
5534 0.0656518
5535 0.0468268
5536 0.0846241
5537 0.0760212
5538 0.126443
5539 0.11321
5540 0.110696
5541 0.0888023
5542 0.0433466
5543 0.284277
5544 0.10168
5545 0.0184747
5546 0.0282842
5547 0.0872562
5548 0.0715061
5549 0.00349424
5550 0.0406632
5551 0.00514434
5552 0.0861841
5553 0.0706565
5554 0.132518
5555 0.0540124
5556 0.0404612
5557 0.0381863
5558 0.0290921
5559 0.0761204
5560 0.0402783
5561 0.039129
5562 0.0781349
5563 0.0578619
5564 0.0668212
5565 0.0342404
5566 0.0377959
5567 0.0967569
5568 0.0524855
5569 0.0289322
5570 0.0470841
5571 0.0162392
5572 0.0295205
5573 0.0546226
5574 0.0380581
5575 0.0414273
5576 0.161016
5577 0.0436838
5578 0.070949
5579 0.0116099
5580 0.165779
5581 0.0215722
5582 0.0160103
5583 0.0626104
5584 0.0811341
5585 0.0218297
5586 0.0862816
5587 0.0268674
5588 0.0460211
5589 0.006203
5590 0.487467
5591 0.0845077
5592 0.00252164
5593 0.498914
5594 0.407107
5595 0.442292
5596 0.0470528
5597 0.0513076
5598 0.0158959
5599 0.424388
5600 0.0418735
5601 0.052678
5602 0.0573228
5603 0.084108
5604 0.0209112
5605 0.136525
5606 0.119272
5607 0.0192445
5608 0.00496156
5609 0.150472
5610 0.0850226
5611 0.0672526
5612 0.0215306
5613 0.0353142
5614 0.00318368
5615 0.0147988
5616 0.110184
5617 0.400607
5618 0.00711795
5619 0.0672329
5620 0.00522821
5621 0.029905
5622 0.0266798
5623 0.0202703
5624 0.0377932
5625 0.0284966
5626 0.0719103
5627 0.00322354
5628 0.0676632
5629 0.241937
5630 0.0715121
5631 0.0634615
5632 0.336846
5633 0.0196252
5634 0.0264904
5635 0.0357864
5636 0.0164885
5637 0.283215
5638 0.104622
5639 0.260994
5640 0.712254
5641 0.0311392
5642 0.0216633
5643 0.686827
5644 0.0128264
5645 0.699472
5646 0.512829
5647 0.0104734
5648 0.0486225
5649 0.0692446
5650 0.332189
5651 0.0557637
5652 0.0224302
5653 0.00649554
5654 0.139566
5655 0.0178253
5656 0.0178716
5657 0.0131072
5658 0.0965864
5659 0.531075
5660 0.108077
5661 0.00533858
5662 0.129297
5663 0.0397589
5664 0.031144
5665 0.038014
5666 0.318909
5667 0.0555652
5668 0.520901
5669 0.0352452
5670 0.0043381
5671 0.00575366
5672 0.0113284
5673 0.199548
5674 0.020304
5675 0.0687875
5676 0.0892598
5677 0.0996363
5678 0.0582117
5679 0.0153966
5680 0.0115561
5681 0.666308
5682 0.722014
5683 0.00382274
5684 0.018612
5685 0.0239625
5686 0.398423
5687 0.0479395
5688 0.00586855
5689 0.00138955
5690 0.0357418
5691 0.0431403
5692 0.0362101
5693 0.0704086
5694 0.0958274
5695 0.0228505
5696 0.0668351
5697 0.0191524
5698 0.0339775
5699 0.0708293
5700 0.00519082
5701 0.0470802
5702 0.117202
5703 0.0305309
5704 0.0487065
5705 0.302709
5706 0.0748617
5707 0.207503
5708 0.374218
5709 0.102704
5710 0.0747063
5711 0.0131602
5712 0.479259
5713 0.100961
5714 0.0670242
5715 0.0211206
5716 0.464601
5717 0.063484
5718 0.0506297
5719 0.0167066
5720 0.0231438
5721 0.0744807
5722 0.0244811
5723 0.033359
5724 0.604131
5725 0.00380769
5726 0.429664
5727 0.00990199
5728 0.00712629
5729 0.0583526
5730 0.501987
5731 0.381386
5732 0.00869689
5733 0.0414184
5734 0.256585
5735 0.381386
5736 0.0667052
5737 0.0294932
5738 0.0269399
5739 0.015236
5740 0.0361276
5741 0.00705185
5742 0.247857
5743 0.0311552
5744 0.0949767
5745 0.0496133
5746 0.169307
5747 0.105917
5748 0.0209498
5749 0.0746228
5750 0.121978
5751 0.174022
5752 0.194538
5753 0.0520205
5754 0.0288226
5755 0.0534401
5756 0.0487766
5757 0.042834
5758 0.0172587
5759 0.0868052
5760 0.0339755
5761 0.0812813
5762 0.0526975
5763 0.0879182
5764 0.0441025
5765 0.0207062
5766 0.148508
5767 0.0254213
5768 0.0321491
5769 0.0176287
5770 0.0806745
5771 0.0912669
5772 0.09627
5773 0.00451602
5774 0.0304246
5775 0.0280954
5776 0.0438695
5777 0.0664007
5778 0.0468907
5779 0.00506513
5780 0.0509663
5781 0.0212508
5782 0.0797106
5783 0.0249058
5784 0.029911
5785 0.0275324
5786 0.137027
5787 0.0548026
5788 0.00931461
5789 0.00294108
5790 0.0248686
5791 0.0510103
5792 0.0343927
5793 0.0119303
5794 0.0528906
5795 0.0424667
5796 0.0865058
5797 0.051312
5798 0.0835914
5799 0.0306274
5800 0.081711
5801 0.106894
5802 0.00741481
5803 0.0477226
5804 0.033175
5805 0.0454122
5806 0.0409224
5807 0.0424208
5808 0.106529
5809 0.0521537
5810 0.00271984
5811 0.0453791
5812 0.0158912
5813 0.0616719
5814 0.0162699
5815 0.0919238
5816 0.025578
5817 0.00440344
5818 0.0225363
5819 0.0362685
5820 0.0377235
5821 0.0145682
5822 0.0418177
5823 0.0674217
5824 0.0200359
5825 0.0336258
5826 0.0317489
5827 0.0565432
5828 0.0281148
5829 0.0389714
5830 0.0395538
5831 0.0445416
5832 0.0182666
5833 0.0427096
5834 0.00331067
5835 0.00394756
5836 0.0124938
5837 0.00363297
5838 0.0140235
5839 0.011142
5840 0.00752055
5841 0.0124479
5842 0.0183703
5843 0.0101265
5844 0.00557621
5845 0.00462965
5846 0.0501873
5847 0.0416968
5848 0.0676761
5849 0.0336362
5850 0.0258941
5851 0.0992259
5852 0.0636511
5853 0.0975886
5854 0.150046
5855 0.00301135
5856 0.00157372
5857 0.0207705
5858 0.0212566
5859 0.087106
5860 0.0932825
5861 0.016524
5862 0.00451437
5863 0.132406
5864 0.0999029
5865 0.00490002
5866 0.349303
5867 0.127645
5868 0.13991
5869 0.155078
5870 0.0639606
5871 0.0226019
5872 0.0379152
5873 0.0540232
5874 0.0839312
5875 0.374002
5876 0.0710908
5877 0.00414824
5878 0.115317
5879 0.182286
5880 0.0631246
5881 0.0556638
5882 0.0266208
5883 0.0568537
5884 0.0231307
5885 0.170184
5886 0.0352402
5887 0.031785
5888 0.034292
5889 0.0158123
5890 0.064109
5891 0.0234577
5892 0.0337831
5893 0.0162146
5894 0.0480956
5895 0.0390805
5896 0.0516243
5897 0.00544891
5898 0.142319
5899 0.0357907
5900 0.0439675
5901 0.0107434
5902 0.0152865
5903 0.0360234
5904 0.0170189
5905 0.0634573
5906 0.130989
5907 0.0125077
5908 0.0342742
5909 0.0260828
5910 0.070067
5911 0.00303314
5912 0.020818
5913 0.0424562
5914 0.0290766
5915 0.0328076
5916 0.163083
5917 0.134968
5918 0.0905914
5919 0.0497899
5920 0.00488177
5921 0.0655201
5922 0.00913889
5923 0.0604294
5924 0.0198356
5925 0.0860706
5926 0.0760539
5927 0.0250886
5928 0.0231224
5929 0.00877562
5930 0.150133
5931 0.0369616
5932 0.137789
5933 0.0344522
5934 0.0853465
5935 0.191493
5936 0.0200663
5937 0.130752
5938 0.060107
5939 0.0250353
5940 0.0077509
5941 0.00788141
5942 0.00775628
5943 0.0781107
5944 0.0648441
5945 0.00674006
5946 0.00761871
5947 0.00487428
5948 0.0160886
5949 0.235977
5950 0.00584765
5951 0.0254904
5952 0.0144461
5953 0.0257614
5954 0.0184819
5955 0.0278981
5956 0.0127699
5957 0.0117254
5958 0.00314269
5959 0.0174644
5960 0.0140817
5961 0.00862337
5962 0.306193
5963 0.0618132
5964 0.0453433
5965 0.0346418
5966 0.155
5967 0.0240972
5968 0.130625
5969 0.0179869
5970 0.0410211
5971 0.206415
5972 0.0452066
5973 0.0725174
5974 0.0977766
5975 0.139262
5976 0.071957
5977 0.0278186
5978 0.0111022
5979 0.0289386
5980 0.0132375
5981 0.0212172
5982 0.0456091
5983 0.0326501
5984 0.023795
5985 0.0248882
5986 0.0148968
5987 0.0476996
5988 0.0477802
5989 0.053852
5990 0.351984
5991 0.0495411
5992 0.216454
5993 0.254673
5994 0.584981
5995 0.459198
5996 0.0545407
5997 0.311215
5998 0.551828
5999 0.442639
6000 0.258846
6001 0.117117
6002 0.392556
6003 0.10106
6004 0.235444
6005 0.0251642
6006 0.30146
6007 0.086507
6008 0.573267
6009 0.0417754
6010 0.0388698
6011 0.0170506
6012 0.251004
6013 0.100596
6014 0.212829
6015 0.0208557
6016 0.721363
6017 0.400147
6018 0.354046
6019 0.0256665
6020 0.203323
6021 0.0315015
6022 0.143908
6023 0.0118501
6024 0.0382042
6025 0.120314
6026 0.208861
6027 0.00994579
6028 0.699201
6029 0.463168
6030 0.596005
6031 0.430684
6032 0.619558
6033 0.789131
6034 0.00352242
6035 0.657035
6036 0.369007
6037 0.605564
6038 0.02363
6039 0.335333
6040 0.180398
6041 0.00689778
6042 0.00972878
6043 0.731091
6044 0.08358
6045 0.0785748
6046 0.00237309
6047 0.138135
6048 0.0160784
6049 0.645157
6050 0.0243081
6051 0.333366
6052 0.0906682
6053 0.00300454
6054 0.0158941
6055 0.0113629
6056 0.313714
6057 0.372377
6058 0.242819
6059 0.0482589
6060 0.373299
6061 0.363975
6062 0.506949
6063 0.123332
6064 0.10362
6065 0.493053
6066 0.814028
6067 0.700858
6068 0.431664
6069 0.703541
6070 0.477025
6071 0.411561
6072 0.290005
6073 0.117543
6074 0.0976083
6075 0.186209
6076 0.0464463
6077 0.534064
6078 0.269095
6079 0.176186
6080 0.0655747
6081 0.151524
6082 0.544609
6083 0.0429904
6084 0.204783
6085 0.115423
6086 0.214498
6087 0.0855063
6088 0.0118437
6089 0.336419
6090 0.129316
6091 0.10442
6092 0.118101
6093 0.182999
6094 0.389513
6095 0.463413
6096 0.389787
6097 0.0876621
6098 0.681101
6099 0.335322
6100 0.165845
6101 0.559632
6102 0.664255
6103 0.639367
6104 0.016552
6105 0.211733
6106 0.691905
6107 0.448146
6108 0.470133
6109 0.733251
6110 0.400994
6111 0.762308
6112 0.305939
6113 0.740563
6114 0.782776
6115 0.0133514
6116 0.34702
6117 0.754948
6118 0.179726
6119 0.177427
6120 0.536792
6121 0.728951
6122 0.156587
6123 0.474855
6124 0.216007
6125 0.103317
6126 0.520576
6127 0.827536
6128 0.725915
6129 0.254325
6130 0.0284027
6131 0.261143
6132 0.110942
6133 0.82859
6134 0.168493
6135 0.0126437
6136 0.483401
6137 0.167205
6138 0.414845
6139 0.496127
6140 0.721483
6141 0.629854
6142 0.646051
6143 0.615966
6144 0.544029
6145 0.234629
6146 0.415873
6147 0.762068
6148 0.421644
6149 0.690035
6150 0.438262
6151 0.665344
6152 0.594205
6153 0.116995
6154 0.036476
6155 0.126471
6156 0.504234
6157 0.205929
6158 0.794591
6159 0.205767
6160 0.0438064
6161 0.695262
6162 0.417244
6163 0.771145
6164 0.0138555
6165 0.426058
6166 0.486261
6167 0.875603
6168 0.187202
6169 0.0104652
6170 0.121243
6171 0.107766
6172 0.036715
6173 0.178006
6174 0.137429
6175 0.111816
6176 0.0458527
6177 0.0432237
6178 0.21951
6179 0.116122
6180 0.0114565
6181 0.110683
6182 0.790874
6183 0.504589
6184 0.142907
6185 0.0452867
6186 0.0581356
6187 0.0936208
6188 0.886073
6189 0.250638
6190 0.170036
6191 0.12019
6192 0.0540094
6193 0.0366442
6194 0.561803
6195 0.118057
6196 0.204364
6197 0.101109
6198 0.0866228
6199 0.0459033
6200 0.0950987
6201 0.0581298
6202 0.208747
6203 0.246563
6204 0.760473
6205 0.510472
6206 0.236854
6207 0.0972392
6208 0.272305
6209 0.235112
6210 0.162602
6211 0.374533
6212 0.844485
6213 0.0722797
6214 0.142429
6215 0.184081
6216 0.093978
6217 0.0846187
6218 0.318039
6219 0.040971
6220 0.0449115
6221 0.064586
6222 0.76082
6223 0.572704
6224 0.0842748
6225 0.131657
6226 0.0955594
6227 0.0462829
6228 0.177586
6229 0.0445974
6230 0.507084
6231 0.0935083
6232 0.149115
6233 0.0541603
6234 0.0922675
6235 0.558327
6236 0.517788
6237 0.61144
6238 0.0406872
6239 0.0833865
6240 0.299593
6241 0.827836
6242 0.517357
6243 0.69659
6244 0.703975
6245 0.0250481
6246 0.413396
6247 0.020156
6248 0.105068
6249 0.380232
6250 0.0887389
6251 0.0454598
6252 0.20592
6253 0.00719042
6254 0.020006
6255 0.0315416
6256 0.0213349
6257 0.0320125
6258 0.0214037
6259 0.0203225
6260 0.00319698
6261 0.0340528
6262 0.158674
6263 0.696373
6264 0.0199373
6265 0.169722
6266 0.419539
6267 0.173241
6268 0.268631
6269 0.207026
6270 0.0155737
6271 0.00674539
6272 0.212561
6273 0.0220958
6274 0.317668
6275 0.00618642
6276 0.0158574
6277 0.0239286
6278 0.402145
6279 0.312839
6280 0.441388
6281 0.0938598
6282 0.670005
6283 0.399162
6284 0.0248985
6285 0.20284
6286 0.711687
6287 0.0698582
6288 0.704725
6289 0.00643495
6290 0.0195546
6291 0.396797
6292 0.0743671
6293 0.00986783
6294 0.701145
6295 0.380567
6296 0.0700516
6297 0.155978
6298 0.370159
6299 0.366918
6300 0.0226477
6301 0.105863
6302 0.0167919
6303 0.104742
6304 0.797377
6305 0.802346
6306 0.468115
6307 0.199036
6308 0.0244171
6309 0.124466
6310 0.121637
6311 0.407714
6312 0.261912
6313 0.399155
6314 0.325043
6315 0.107738
6316 0.0240388
6317 0.00806433
6318 0.0323761
6319 0.19029
6320 0.691954
6321 0.0380124
6322 0.0174062
6323 0.213741
6324 0.426132
6325 0.08956
6326 0.22342
6327 0.877025
6328 0.4583
6329 0.0574081
6330 0.147999
6331 0.320574
6332 0.0566133
6333 0.0829306
6334 0.00672991
6335 0.0103215
6336 0.208808
6337 0.0908795
6338 0.0146836
6339 0.283201
6340 0.265998
6341 0.32377
6342 0.556041
6343 0.241528
6344 0.170581
6345 0.134428
6346 0.703899
6347 0.686918
6348 0.527823
6349 0.639652
6350 0.356216
6351 0.557987
6352 0.0130121
6353 0.0165471
6354 0.0422897
6355 0.0169307
6356 0.0220758
6357 0.0538815
6358 0.0778364
6359 0.503374
6360 0.587581
6361 0.199551
6362 0.117769
6363 0.0581157
6364 0.0126324
6365 0.631675
6366 0.18268
6367 0.0692179
6368 0.791283
6369 0.12594
6370 0.0124184
6371 0.0190621
6372 0.0798046
6373 0.0960415
6374 0.143446
6375 0.0822545
6376 0.499666
6377 0.624446
6378 0.0340375
6379 0.0136089
6380 0.0200912
6381 0.0428183
6382 0.0970548
6383 0.477584
6384 0.0164836
6385 0.0431842
6386 0.0115194
6387 0.0920972
6388 0.0268755
6389 0.0139734
6390 0.0132824
6391 0.0517027
6392 0.0419518
6393 0.143618
6394 0.0976162
6395 0.0718934
6396 0.152486
6397 0.121452
6398 0.0546335
6399 0.0277274
6400 0.0577264
6401 0.255208
6402 0.142175
6403 0.0723321
6404 0.00849948
6405 0.0458146
6406 0.0158573
6407 0.0875738
6408 0.108846
6409 0.171425
6410 0.653823
6411 0.355404
6412 0.0131498
6413 0.0140484
6414 0.0169404
6415 0.0611302
6416 0.0811044
6417 0.108224
6418 0.696473
6419 0.0123698
6420 0.079069
6421 0.0831538
6422 0.055796
6423 0.126193
6424 0.0106277
6425 0.0991019
6426 0.0253005
6427 0.03238
6428 0.370159
6429 0.0730326
6430 0.034707
6431 0.134905
6432 0.074375
6433 0.199036
6434 0.0721971
6435 0.183542
6436 0.453519
6437 0.542813
6438 0.00727727
6439 0.0193177
6440 0.0800842
6441 0.0524413
6442 0.0361588
6443 0.104516
6444 0.242489
6445 0.279492
6446 0.0275215
6447 0.0679033
6448 0.171794
6449 0.01751
6450 0.0203135
6451 0.509716
6452 0.153842
6453 0.0995012
6454 0.0315453
6455 0.0295564
6456 0.105602
6457 0.0388136
6458 0.0527077
6459 0.020871
6460 0.0337345
6461 0.0201921
6462 0.0383002
6463 0.0388715
6464 0.0664618
6465 0.0788503
6466 0.168059
6467 0.0400856
6468 0.0715608
6469 0.0157078
6470 0.0153195
6471 0.00644942
6472 0.079892
6473 0.379257
6474 0.0561686
6475 0.0753977
6476 0.126423
6477 0.0830822
6478 0.181422
6479 0.639214
6480 0.0393051
6481 0.0709854
6482 0.211145
6483 0.0358118
6484 0.0501303
6485 0.0570171
6486 0.0684102
6487 0.537059
6488 0.434951
6489 0.0187358
6490 0.282324
6491 0.0492991
6492 0.477453
6493 0.0979782
6494 0.0984522
6495 0.217533
6496 0.21806
6497 0.601519
6498 0.743076
6499 0.0634207
6500 0.37516
6501 0.0633787
6502 0.183795
6503 0.0766746
6504 0.0452692
6505 0.621667
6506 0.624855
6507 0.0570313
6508 0.80749
6509 0.120825
6510 0.147498
6511 0.0106908
6512 0.107195
6513 0.00518386
6514 0.0328933
6515 0.00523356
6516 0.0158727
6517 0.0858917
6518 0.0191316
6519 0.0457156
6520 0.0591454
6521 0.0462207
6522 0.120397
6523 0.00888028
6524 0.0426634
6525 0.0671313
6526 0.0739072
6527 0.527662
6528 0.0545574
6529 0.0212739
6530 0.189396
6531 0.129199
6532 0.149602
6533 0.0204683
6534 0.0601688
6535 0.087139
6536 0.0342025
6537 0.0687265
6538 0.130069
6539 0.0552761
6540 0.0159074
6541 0.102047
6542 0.106269
6543 0.0586194
6544 0.00632689
6545 0.0294125
6546 0.00573008
6547 0.0526188
6548 0.022675
6549 0.0262171
6550 0.229222
6551 0.208406
6552 0.121607
6553 0.216665
6554 0.0649612
6555 0.0754488
6556 0.0284481
6557 0.00758355
6558 0.184105
6559 0.109489
6560 0.0229917
6561 0.0809626
6562 0.0385087
6563 0.0126225
6564 0.00856402
6565 0.221583
6566 0.162341
6567 0.00930875
6568 0.0150412
6569 0.0616712
6570 0.0160855
6571 0.0114287
6572 0.0864733
6573 0.0272605
6574 0.00814595
6575 0.00982574
6576 0.0564191
6577 0.0305805
6578 0.0661197
6579 0.705636
6580 0.10688
6581 0.228768
6582 0.0888009
6583 0.246321
6584 0.0511703
6585 0.169708
6586 0.131172
6587 0.0141625
6588 0.543095
6589 0.045321
6590 0.0181598
6591 0.0754723
6592 0.117089
6593 0.016561
6594 0.0428397
6595 0.0965829
6596 0.0134387
6597 0.0935002
6598 0.0424447
6599 0.0170664
6600 0.0142617
6601 0.0755823
6602 0.0136226
6603 0.0127137
6604 0.0146019
6605 0.144758
6606 0.0907051
6607 0.0128757
6608 0.0151363
6609 0.0598589
6610 0.0190188
6611 0.0809383
6612 0.257662
6613 0.0452966
6614 0.0651621
6615 0.284401
6616 0.0571616
6617 0.103326
6618 0.0117266
6619 0.0324673
6620 0.0121505
6621 0.151331
6622 0.0753435
6623 0.0764307
6624 0.00701084
6625 0.0541586
6626 0.0214829
6627 0.135762
6628 0.0173401
6629 0.0364641
6630 0.0159135
6631 0.341383
6632 0.0635626
6633 0.0105007
6634 0.0687211
6635 0.0570162
6636 0.0739348
6637 0.021736
6638 0.0820806
6639 0.451532
6640 0.2085
6641 0.650634
6642 0.0573417
6643 0.0188935
6644 0.0277986
6645 0.0470835
6646 0.0653913
6647 0.023801
6648 0.0734109
6649 0.0130561
6650 0.0704108
6651 0.601965
6652 0.047894
6653 0.468715
6654 0.554506
6655 0.0858987
6656 0.0130698
6657 0.008006
6658 0.0294074
6659 0.0177651
6660 0.0454296
6661 0.00919092
6662 0.0263658
6663 0.0389783
6664 0.212897
6665 0.32858
6666 0.538307
6667 0.0695125
6668 0.0941135
6669 0.195236
6670 0.0147802
6671 0.0497736
6672 0.219042
6673 0.231865
6674 0.260605
6675 0.145084
6676 0.014839
6677 0.0516043
6678 0.0430795
6679 0.354577
6680 0.32439
6681 0.834912
6682 0.208188
6683 0.0946628
6684 0.0725109
6685 0.117425
6686 0.0258343
6687 0.0170024
6688 0.0375324
6689 0.708085
6690 0.011934
6691 0.0391294
6692 0.0148308
6693 0.492536
6694 0.77804
6695 0.040867
6696 0.0699996
6697 0.666952
6698 0.18588
6699 0.458096
6700 0.202308
6701 0.215521
6702 0.0524586
6703 0.0632739
6704 0.121444
6705 0.0220331
6706 0.017444
6707 0.0291428
6708 0.198682
6709 0.0242143
6710 0.485401
6711 0.081774
6712 0.472736
6713 0.0447023
6714 0.0166964
6715 0.0904534
6716 0.0331592
6717 0.0858098
6718 0.02838
6719 0.00914514
6720 0.0304762
6721 0.152499
6722 0.13709
6723 0.0492607
6724 0.024444
6725 0.0447403
6726 0.236401
6727 0.0155402
6728 0.0146575
6729 0.157541
6730 0.0152994
6731 0.00877812
6732 0.0177223
6733 0.157838
6734 0.00833311
6735 0.0639391
6736 0.134951
6737 0.165118
6738 0.0817368
6739 0.523925
6740 0.0690289
6741 0.155211
6742 0.397913
6743 0.165114
6744 0.0213895
6745 0.0669754
6746 0.757287
6747 0.818182
6748 0.0550513
6749 0.0151984
6750 0.0659115
6751 0.101748
6752 0.177008
6753 0.0154986
6754 0.0459442
6755 0.0468014
6756 0.0199138
6757 0.0182147
6758 0.0107881
6759 0.0252989
6760 0.0135813
6761 0.126403
6762 0.0244226
6763 0.104115
6764 0.131583
6765 0.0116499
6766 0.125441
6767 0.10856
6768 0.0212755
6769 0.112999
6770 0.62857
6771 0.43731
6772 0.0815353
6773 0.588325
6774 0.0990564
6775 0.323926
6776 0.412595
6777 0.474621
6778 0.371978
6779 0.548878
6780 0.522794
6781 0.00912029
6782 0.107538
6783 0.00331867
6784 0.0201015
6785 0.0080183
6786 0.0310474
6787 0.393172
6788 0.298911
6789 0.479344
6790 0.13558
6791 0.640802
6792 0.928062
6793 0.144762
6794 0.12678
6795 0.147283
6796 0.0993426
6797 0.329413
6798 0.619513
6799 0.450689
6800 0.589204
6801 0.276353
6802 0.76783
6803 0.613783
6804 0.534564
6805 0.463131
6806 0.531658
6807 0.557594
6808 0.179246
6809 0.239308
6810 0.110815
6811 0.448214
6812 0.337246
6813 0.197602
6814 0.336343
6815 0.124871
6816 0.760178
6817 0.459385
6818 0.72474
6819 0.575076
6820 0.30507
6821 0.405773
6822 0.116989
6823 0.370356
6824 0.360954
6825 0.16374
6826 0.126136
6827 0.145903
6828 0.170878
6829 0.0622356
6830 0.881588
6831 0.254429
6832 0.0553196
6833 0.873375
6834 0.260642
6835 0.147438
6836 0.718459
6837 0.233331
6838 0.571821
6839 0.25936
6840 0.206837
6841 0.424452
6842 0.0916705
6843 0.4518
6844 0.557337
6845 0.270907
6846 0.239279
6847 0.129232
6848 0.181397
6849 0.0692429
6850 0.507876
6851 0.231263
6852 0.34874
6853 0.310025
6854 0.510266
6855 0.480485
6856 0.372198
6857 0.634447
6858 0.381064
6859 0.0890149
6860 0.257303
6861 0.418508
6862 0.69832
6863 0.41756
6864 0.394082
6865 0.348383
6866 0.727624
6867 0.277526
6868 0.055707
6869 0.095417
6870 0.776754
6871 0.515058
6872 0.69968
6873 0.525368
6874 0.376725
6875 0.68699
6876 0.666671
6877 0.597625
6878 0.178479
6879 0.677449
6880 0.343331
6881 0.582063
6882 0.277239
6883 0.120014
6884 0.368553
6885 0.231715
6886 0.181029
6887 0.472949
6888 0.521755
6889 0.0613495
6890 0.309084
6891 0.334945
6892 0.495718
6893 0.282499
6894 0.708981
6895 0.437579
6896 0.232906
6897 0.567468
6898 0.441615
6899 0.317937
6900 0.550344
6901 0.306946
6902 0.75855
6903 0.822049
6904 0.720811
6905 0.707469
6906 0.482711
6907 0.635623
6908 0.688268
6909 0.394277
6910 0.432504
6911 0.641815
6912 0.402055
6913 0.487696
6914 0.528084
6915 0.148872
6916 0.289477
6917 0.406944
6918 0.811188
6919 0.731512
6920 0.735055
6921 0.372499
6922 0.186966
6923 0.0963299
6924 0.288669
6925 0.422062
6926 0.451282
6927 0.262945
6928 0.261467
6929 0.36719
6930 0.215856
6931 0.857916
6932 0.536862
6933 0.741524
6934 0.695283
6935 0.676306
6936 0.637692
6937 0.529037
6938 0.129546
6939 0.150161
6940 0.339448
6941 0.149407
6942 0.555629
6943 0.768444
6944 0.856397
6945 0.28546
6946 0.306155
6947 0.240126
6948 0.821828
6949 0.531425
6950 0.423294
6951 0.880485
6952 0.790169
6953 0.625506
6954 0.377052
6955 0.677126
6956 0.433174
6957 0.556232
6958 0.80137
6959 0.775333
6960 0.552394
6961 0.262593
6962 0.144143
6963 0.523839
6964 0.644835
6965 0.313286
6966 0.399759
6967 0.507674
6968 0.0627157
6969 0.267577
6970 0.272297
6971 0.762802
6972 0.591386
6973 0.67737
6974 0.60203
6975 0.580637
6976 0.52495
6977 0.637612
6978 0.638333
6979 0.599302
6980 0.534382
6981 0.664116
6982 0.700581
6983 0.579804
6984 0.535244
6985 0.332668
6986 0.248584
6987 0.0458582
6988 0.193216
6989 0.25298
6990 0.644169
6991 0.21092
6992 0.88893
6993 0.528499
6994 0.742101
6995 0.559959
6996 0.781336
6997 0.460848
6998 0.774642
6999 0.889635
7000 0.714273
7001 0.0503344
7002 0.153594
7003 0.30186
7004 0.0481184
7005 0.0406551
7006 0.0474776
7007 0.229671
7008 0.149418
7009 0.340507
7010 0.0377688
7011 0.04783
7012 0.363358
7013 0.4734
7014 0.184352
7015 0.0931135
7016 0.172216
7017 0.0468192
7018 0.101712
7019 0.0724947
7020 0.124379
7021 0.442689
7022 0.115991
7023 0.110228
7024 0.509564
7025 0.31275
7026 0.341942
7027 0.142743
7028 0.27404
7029 0.404795
7030 0.136352
7031 0.110249
7032 0.439803
7033 0.0925799
7034 0.187744
7035 0.105286
7036 0.302343
7037 0.298658
7038 0.191135
7039 0.31289
7040 0.277508
7041 0.0939655
7042 0.236811
7043 0.264379
7044 0.420774
7045 0.27354
7046 0.157027
7047 0.398248
7048 0.344335
7049 0.143324
7050 0.235114
7051 0.31463
7052 0.516499
7053 0.0779223
7054 0.0920023
7055 0.103154
7056 0.405498
7057 0.153688
7058 0.492932
7059 0.323883
7060 0.12736
7061 0.301682
7062 0.225099
7063 0.0921549
7064 0.639795
7065 0.294201
7066 0.366752
7067 0.62119
7068 0.684369
7069 0.112244
7070 0.0724794
7071 0.0972825
7072 0.227595
7073 0.081702
7074 0.0854835
7075 0.0493614
7076 0.0829583
7077 0.883004
7078 0.273973
7079 0.279398
7080 0.0651637
7081 0.137327
7082 0.31894
7083 0.0486992
7084 0.0591231
7085 0.105392
7086 0.101854
7087 0.115384
7088 0.210781
7089 0.0682795
7090 0.122102
7091 0.11625
7092 0.0343759
7093 0.0374722
7094 0.554362
7095 0.312163
7096 0.760225
7097 0.316214
7098 0.196546
7099 0.401581
7100 0.13855
7101 0.293842
7102 0.595086
7103 0.32234
7104 0.30936
7105 0.555785
7106 0.662822
7107 0.732253
7108 0.176886
7109 0.513122
7110 0.688414
7111 0.395158
7112 0.74895
7113 0.254506
7114 0.687951
7115 0.348576
7116 0.485357
7117 0.0455003
7118 0.291708
7119 0.310652
7120 0.244604
7121 0.105612
7122 0.646885
7123 0.517767
7124 0.14149
7125 0.158672
7126 0.472717
7127 0.4829
7128 0.0735944
7129 0.12104
7130 0.693182
7131 0.709638
7132 0.438738
7133 0.817674
7134 0.0514282
7135 0.715893
7136 0.595402
7137 0.821151
7138 0.348513
7139 0.409021
7140 0.844147
7141 0.470791
7142 0.191993
7143 0.176514
7144 0.523471
7145 0.345978
7146 0.642036
7147 0.797956
7148 0.400312
7149 0.0793263
7150 0.107301
7151 0.231695
7152 0.390628
7153 0.34273
7154 0.389628
7155 0.479149
7156 0.306281
7157 0.408195
7158 0.310732
7159 0.140075
7160 0.640604
7161 0.439901
7162 0.724936
7163 0.611509
7164 0.196383
7165 0.388518
7166 0.142072
7167 0.460357
7168 0.438362
7169 0.463839
7170 0.250114
7171 0.230801
7172 0.236235
7173 0.0958932
7174 0.25806
7175 0.155008
7176 0.219406
7177 0.416791
7178 0.795972
7179 0.150474
7180 0.26675
7181 0.577825
7182 0.389943
7183 0.79536
7184 0.444042
7185 0.457742
7186 0.682021
7187 0.39977
7188 0.314477
7189 0.123016
7190 0.531749
7191 0.367859
7192 0.204315
7193 0.129035
7194 0.143784
7195 0.330438
7196 0.850771
7197 0.380964
7198 0.289785
7199 0.167835
7200 0.867058
7201 0.368496
7202 0.140857
7203 0.608189
7204 0.349585
7205 0.136565
7206 0.512117
7207 0.555434
7208 0.598362
7209 0.286737
7210 0.285256
7211 0.071718
7212 0.251549
7213 0.687419
7214 0.836034
7215 0.788888
7216 0.558861
7217 0.39866
7218 0.146956
7219 0.600149
7220 0.102286
7221 0.0158895
7222 0.0342773
7223 0.836732
7224 0.713517
7225 0.407189
7226 0.301248
7227 0.890291
7228 0.114033
7229 0.691355
7230 0.313433
7231 0.36813
7232 0.592926
7233 0.308896
7234 0.247217
7235 0.138609
7236 0.501289
7237 0.686641
7238 0.337675
7239 0.241944
7240 0.113488
7241 0.128337
7242 0.529679
7243 0.281775
7244 0.27902
7245 0.509946
7246 0.669703
7247 0.265906
7248 0.0867865
7249 0.675676
7250 0.420071
7251 0.570554
7252 0.600871
7253 0.16374
7254 0.947516
7255 0.925448
7256 0.570973
7257 0.483542
7258 0.340385
7259 0.797724
7260 0.190274
7261 0.123458
7262 0.248551
7263 0.149245
7264 0.0913162
7265 0.100522
7266 0.0573306
7267 0.0817989
7268 0.622452
7269 0.874138
7270 0.879525
7271 0.628615
7272 0.267355
7273 0.199321
7274 0.626777
7275 0.396544
7276 0.689649
7277 0.635448
7278 0.266683
7279 0.704199
7280 0.277094
7281 0.125111
7282 0.539066
7283 0.728168
7284 0.121913
7285 0.699806
7286 0.674254
7287 0.350777
7288 0.457044
7289 0.294212
7290 0.482348
7291 0.143528
7292 0.1511
7293 0.400548
7294 0.100641
7295 0.165919
7296 0.134487
7297 0.946817
7298 0.824289
7299 0.536973
7300 0.634489
7301 0.190007
7302 0.636132
7303 0.582111
7304 0.284136
7305 0.238087
7306 0.383786
7307 0.385084
7308 0.363336
7309 0.171967
7310 0.0888913
7311 0.235314
7312 0.316664
7313 0.266197
7314 0.416849
7315 0.289736
7316 0.378705
7317 0.643717
7318 0.772966
7319 0.832718
7320 0.191517
7321 0.69513
7322 0.180561
7323 0.147148
7324 0.619679
7325 0.319062
7326 0.287138
7327 0.12636
7328 0.164783
7329 0.577726
7330 0.387597
7331 0.533964
7332 0.563591
7333 0.835875
7334 0.951478
7335 0.533823
7336 0.206033
7337 0.523472
7338 0.0683815
7339 0.130887
7340 0.151085
7341 0.0908561
7342 0.112474
7343 0.447314
7344 0.20664
7345 0.0553377
7346 0.0967349
7347 0.323146
7348 0.093227
7349 0.378055
7350 0.256139
7351 0.0815135
7352 0.244171
7353 0.60871
7354 0.477776
7355 0.237132
7356 0.703807
7357 0.160599
7358 0.53283
7359 0.0942023
7360 0.15387
7361 0.242492
7362 0.15869
7363 0.0790049
7364 0.233138
7365 0.305921
7366 0.244965
7367 0.282671
7368 0.931779
7369 0.722658
7370 0.43577
7371 0.565309
7372 0.262518
7373 0.574982
7374 0.505691
7375 0.497854
7376 0.527555
7377 0.244796
7378 0.130164
7379 0.167849
7380 0.0462502
7381 0.0528431
7382 0.325994
7383 0.0482626
7384 0.238676
7385 0.103165
7386 0.108672
7387 0.334604
7388 0.48119
7389 0.317632
7390 0.11206
7391 0.506829
7392 0.625788
7393 0.0446195
7394 0.615742
7395 0.731859
7396 0.835099
7397 0.947135
7398 0.757716
7399 0.828573
7400 0.428568
7401 0.0367761
7402 0.524161
7403 0.4258
7404 0.125597
7405 0.638408
7406 0.067716
7407 0.0535884
7408 0.531411
7409 0.362969
7410 0.0777636
7411 0.379627
7412 0.622324
7413 0.775238
7414 0.47859
7415 0.785927
7416 0.00948535
7417 0.682396
7418 0.0398468
7419 0.145901
7420 0.18164
7421 0.0553146
7422 0.629759
7423 0.651691
7424 0.126426
7425 0.224235
7426 0.348436
7427 0.331922
7428 0.0818504
7429 0.157667
7430 0.813617
7431 0.69404
7432 0.435196
7433 0.334856
7434 0.374889
7435 0.140151
7436 0.368061
7437 0.357598
7438 0.681366
7439 0.449897
7440 0.581215
7441 0.344049
7442 0.0662075
7443 0.125927
7444 0.454325
7445 0.396127
7446 0.40386
7447 0.156397
7448 0.671516
7449 0.425345
7450 0.121749
7451 0.377957
7452 0.92094
7453 0.515392
7454 0.369473
7455 0.657408
7456 0.187555
7457 0.796954
7458 0.406453
7459 0.181075
7460 0.137533
7461 0.221188
7462 0.172719
7463 0.029316
7464 0.115594
7465 0.273218
7466 0.938808
7467 0.438647
7468 0.425085
7469 0.138371
7470 0.37356
7471 0.482289
7472 0.238155
7473 0.74072
7474 0.544895
7475 0.501562
7476 0.798569
7477 0.406058
7478 0.776579
7479 0.482569
7480 0.10921
7481 0.0996908
7482 0.571082
7483 0.0256006
7484 0.587283
7485 0.233515
7486 0.367495
7487 0.211745
7488 0.0315485
7489 0.0488679
7490 0.474075
7491 0.106704
7492 0.173843
7493 0.0817014
7494 0.180062
7495 0.309401
7496 0.344134
7497 0.0751675
7498 0.299308
7499 0.564409
7500 0.774907
7501 0.397672
7502 0.19411
7503 0.0981962
7504 0.0696694
7505 0.184956
7506 0.370254
7507 0.787121
7508 0.645947
7509 0.637858
7510 0.516115
7511 0.645637
7512 0.367238
7513 0.144476
7514 0.200041
7515 0.405387
7516 0.370814
7517 0.337673
7518 0.299035
7519 0.425259
7520 0.60577
7521 0.316369
7522 0.249429
7523 0.402929
7524 0.205796
7525 0.539794
7526 0.0209852
7527 0.0618682
7528 0.0405524
7529 0.364118
7530 0.288686
7531 0.442103
7532 0.303135
7533 0.200062
7534 0.368397
7535 0.0792561
7536 0.450248
7537 0.265113
7538 0.646651
7539 0.484228
7540 0.168433
7541 0.517594
7542 0.432133
7543 0.587463
7544 0.256902
7545 0.189559
7546 0.833211
7547 0.172012
7548 0.0665439
7549 0.16339
7550 0.6957
7551 0.237038
7552 0.504896
7553 0.195903
7554 0.539244
7555 0.221523
7556 0.187801
7557 0.754959
7558 0.0781968
7559 0.221822
7560 0.589951
7561 0.251991
7562 0.340849
7563 0.129995
7564 0.353147
7565 0.730412
7566 0.0700749
7567 0.912051
7568 0.734555
7569 0.487815
7570 0.412742
7571 0.15367
7572 0.299568
7573 0.558083
7574 0.0349439
7575 0.043078
7576 0.611244
7577 0.0915697
7578 0.0489887
7579 0.148147
7580 0.892716
7581 0.777867
7582 0.76468
7583 0.817891
7584 0.226373
7585 0.681919
7586 0.680772
7587 0.61445
7588 0.26515
7589 0.541974
7590 0.668805
7591 0.638424
7592 0.497739
7593 0.799733
7594 0.760661
7595 0.557186
7596 0.1356
7597 0.0616847
7598 0.770465
7599 0.0964492
7600 0.37596
7601 0.314449
7602 0.297234
7603 0.293612
7604 0.054931
7605 0.142552
7606 0.0797631
7607 0.194788
7608 0.678805
7609 0.211918
7610 0.726224
7611 0.735218
7612 0.373628
7613 0.436859
7614 0.669187
7615 0.336284
7616 0.0585747
7617 0.244838
7618 0.484002
7619 0.0962751
7620 0.0766312
7621 0.577599
7622 0.662891
7623 0.598343
7624 0.589994
7625 0.517526
7626 0.633317
7627 0.640544
7628 0.689203
7629 0.777242
7630 0.526231
7631 0.605137
7632 0.419463
7633 0.0883484
7634 0.248198
7635 0.0685395
7636 0.0392277
7637 0.142145
7638 0.267736
7639 0.0651768
7640 0.0946697
7641 0.374734
7642 0.638733
7643 0.626429
7644 0.789126
7645 0.545108
7646 0.243901
7647 0.141232
7648 0.822555
7649 0.543794
7650 0.613246
7651 0.286949
7652 0.0784502
7653 0.0460884
7654 0.58935
7655 0.0708138
7656 0.318656
7657 0.6712
7658 0.282086
7659 0.744991
7660 0.645674
7661 0.832504
7662 0.855624
7663 0.809723
7664 0.688108
7665 0.480223
7666 0.492136
7667 0.579692
7668 0.555773
7669 0.4131
7670 0.480993
7671 0.510581
7672 0.219604
7673 0.292252
7674 0.177082
7675 0.305047
7676 0.342372
7677 0.47772
7678 0.738556
7679 0.644486
7680 0.789682
7681 0.814483
7682 0.732535
7683 0.865876
7684 0.719672
7685 0.670969
7686 0.60078
7687 0.80508
7688 0.761486
7689 0.684673
7690 0.608522
7691 0.227799
7692 0.812505
7693 0.902943
7694 0.375373
7695 0.826331
7696 0.688822
7697 0.683474
7698 0.80931
7699 0.919984
7700 0.430714
7701 0.74215
7702 0.697573
7703 0.919921
7704 0.546921
7705 0.371132
7706 0.862415
7707 0.570592
7708 0.587741
7709 0.269968
7710 0.788977
7711 0.374266
7712 0.697744
7713 0.432437
7714 0.825783
7715 0.375002
7716 0.456841
7717 0.679096
7718 0.801882
7719 0.685481
7720 0.666169
7721 0.611283
7722 0.713712
7723 0.765707
7724 0.699261
7725 0.764279
7726 0.720514
7727 0.744722
7728 0.621581
7729 0.861394
7730 0.282488
7731 0.693023
7732 0.699897
7733 0.492674
7734 0.811522
7735 0.650425
7736 0.632505
7737 0.366585
7738 0.113927
7739 0.615275
7740 0.0673262
7741 0.481038
7742 0.221413
7743 0.286736
7744 0.727606
7745 0.230767
7746 0.386612
7747 0.521414
7748 0.534353
7749 0.544304
7750 0.689285
7751 0.723661
7752 0.636877
7753 0.858281
7754 0.358892
7755 0.685979
7756 0.276275
7757 0.42406
7758 0.82344
7759 0.488048
7760 0.610988
7761 0.373269
7762 0.260481
7763 0.777473
7764 0.706967
7765 0.702833
7766 0.80897
7767 0.882399
7768 0.459621
7769 0.410839
7770 0.673402
7771 0.467805
7772 0.628551
7773 0.654319
7774 0.574117
7775 0.409008
7776 0.609037
7777 0.633414
7778 0.419807
7779 0.594097
7780 0.728231
7781 0.181199
7782 0.768998
7783 0.666083
7784 0.931878
7785 0.901916
7786 0.477699
7787 0.874135
7788 0.710619
7789 0.711858
7790 0.788268
7791 0.621857
7792 0.824035
7793 0.272616
7794 0.685977
7795 0.513337
7796 0.112841
7797 0.227613
7798 0.959743
7799 0.691762
7800 0.273884
7801 0.665453
7802 0.481583
7803 0.818099
7804 0.861061
7805 0.854918
7806 0.59151
7807 0.227223
7808 0.0812554
7809 0.088655
7810 0.185585
7811 0.167307
7812 0.139035
7813 0.0638153
7814 0.169797
7815 0.335179
7816 0.24165
7817 0.532024
7818 0.382596
7819 0.623896
7820 0.469766
7821 0.132164
7822 0.704751
7823 0.225231
7824 0.278974
7825 0.288958
7826 0.522308
7827 0.477351
7828 0.506212
7829 0.625518
7830 0.247935
7831 0.673133
7832 0.509435
7833 0.976921
7834 0.624087
7835 0.654544
7836 0.5106
7837 0.704808
7838 0.543625
7839 0.713747
7840 0.863326
7841 0.77513
7842 0.676539
7843 0.595456
7844 0.649372
7845 0.707501
7846 0.725428
7847 0.658947
7848 0.515406
7849 0.588682
7850 0.659001
7851 0.615111
7852 0.528645
7853 0.184769
7854 0.380688
7855 0.259149
7856 0.287616
7857 0.820218
7858 0.871696
7859 0.860702
7860 0.737772
7861 0.538202
7862 0.670718
7863 0.876159
7864 0.764209
7865 0.480908
7866 0.564925
7867 0.547998
7868 0.715746
7869 0.615166
7870 0.810443
7871 0.74543
7872 0.707057
7873 0.377008
7874 0.58419
7875 0.556101
7876 0.179997
7877 0.163988
7878 0.289232
7879 0.312781
7880 0.1909
7881 0.745699
7882 0.814246
7883 0.676017
7884 0.710314
7885 0.563731
7886 0.484364
7887 0.774969
7888 0.684031
7889 0.721132
7890 0.678593
7891 0.539516
7892 0.313348
7893 0.54893
7894 0.797087
7895 0.483703
7896 0.448923
7897 0.896985
7898 0.632456
7899 0.638666
7900 0.730227
7901 0.498806
7902 0.514652
7903 0.858956
7904 0.507549
7905 0.771878
7906 0.764892
7907 0.774653
7908 0.689504
7909 0.686707
7910 0.709517
7911 0.708472
7912 0.464065
7913 0.792495
7914 0.83759
7915 0.809773
7916 0.242737
7917 0.354594
7918 0.584909
7919 0.576537
7920 0.824794
7921 0.705824
7922 0.200036
7923 0.615298
7924 0.194896
7925 0.475733
7926 0.22381
7927 0.618422
7928 0.586365
7929 0.485409
7930 0.553218
7931 0.346609
7932 0.639799
7933 0.193825
7934 0.226123
7935 0.487669
7936 0.246526
7937 0.663065
7938 0.598011
7939 0.22987
7940 0.786472
7941 0.732662
7942 0.569406
7943 0.528316
7944 0.686357
7945 0.916019
7946 0.864307
7947 0.719343
7948 0.445022
7949 0.545271
7950 0.190871
7951 0.259472
7952 0.252661
7953 0.22844
7954 0.517141
7955 0.351403
7956 0.436739
7957 0.613571
7958 0.654116
7959 0.415646
7960 0.470896
7961 0.640848
7962 0.358755
7963 0.82935
7964 0.569832
7965 0.106306
7966 0.70035
7967 0.556369
7968 0.684583
7969 0.582842
7970 0.512513
7971 0.731509
7972 0.604857
7973 0.347711
7974 0.736246
7975 0.595886
7976 0.602117
7977 0.864563
7978 0.814506
7979 0.814083
7980 0.738209
7981 0.809145
7982 0.72763
7983 0.562293
7984 0.682548
7985 0.566866
7986 0.261402
7987 0.261261
7988 0.636863
7989 0.583417
7990 0.648619
7991 0.83072
7992 0.827549
7993 0.607723
7994 0.718286
7995 0.656593
7996 0.463895
7997 0.306476
7998 0.34825
7999 0.475938
8000 0.828269
8001 0.79006
8002 0.678156
8003 0.720013
8004 0.803123
8005 0.733638
8006 0.748952
8007 0.497799
8008 0.872657
8009 0.549923
8010 0.596628
8011 0.730699
8012 0.906613
8013 0.774625
8014 0.487872
8015 0.777958
8016 0.343972
8017 0.847595
8018 0.828104
8019 0.631404
8020 0.765931
8021 0.532038
8022 0.899171
8023 0.512171
8024 0.54505
8025 0.498652
8026 0.600747
8027 0.681961
8028 0.624419
8029 0.534817
8030 0.448924
8031 0.633514
8032 0.494262
8033 0.547725
8034 0.507357
8035 0.648768
8036 0.726841
8037 0.73941
8038 0.746033
8039 0.443978
8040 0.575232
8041 0.593068
8042 0.599514
8043 0.391283
8044 0.619084
8045 0.249908
8046 0.468683
8047 0.148639
8048 0.510783
8049 0.66296
8050 0.0902605
8051 0.58492
8052 0.542105
8053 0.271516
8054 0.547521
8055 0.317328
8056 0.396954
8057 0.571955
8058 0.57496
8059 0.267528
8060 0.600257
8061 0.577555
8062 0.647111
8063 0.71249
8064 0.479094
8065 0.52779
8066 0.241798
8067 0.357369
8068 0.596204
8069 0.282899
8070 0.395164
8071 0.694592
8072 0.507155
8073 0.316391
8074 0.904643
8075 0.612953
8076 0.659499
8077 0.393532
8078 0.510897
8079 0.475166
8080 0.413711
8081 0.386506
8082 0.536962
8083 0.801147
8084 0.663196
8085 0.919927
8086 0.690611
8087 0.424775
8088 0.256286
8089 0.64176
8090 0.430379
8091 0.884581
8092 0.606737
8093 0.771072
8094 0.668678
8095 0.600757
8096 0.319125
8097 0.550503
8098 0.917764
8099 0.866658
8100 0.766534
8101 0.691904
8102 0.670957
8103 0.507341
8104 0.623118
8105 0.494981
8106 0.700095
8107 0.525644
8108 0.414347
8109 0.669125
8110 0.468531
8111 0.836392
8112 0.704284
8113 0.459995
8114 0.63866
8115 0.275452
8116 0.39004
8117 0.309669
8118 0.13631
8119 0.429399
8120 0.243617
8121 0.810783
8122 0.811226
8123 0.625641
8124 0.905374
8125 0.806213
8126 0.503899
8127 0.625659
8128 0.238171
8129 0.67698
8130 0.534899
8131 0.209196
8132 0.790068
8133 0.288161
8134 0.524361
8135 0.437774
8136 0.617466
8137 0.219526
8138 0.472491
8139 0.436845
8140 0.244892
8141 0.521719
8142 0.160999
8143 0.792023
8144 0.21173
8145 0.573595
8146 0.334985
8147 0.52786
8148 0.271207
8149 0.874176
8150 0.51936
8151 0.32218
8152 0.39267
8153 0.61758
8154 0.352374
8155 0.0895459
8156 0.326179
8157 0.408382
8158 0.418144
8159 0.467296
8160 0.565868
8161 0.306355
8162 0.326976
8163 0.293539
8164 0.400628
8165 0.480739
8166 0.386287
8167 0.666909
8168 0.30467
8169 0.515545
8170 0.716445
8171 0.260732
8172 0.525348
8173 0.186039
8174 0.432351
8175 0.484667
8176 0.243623
8177 0.847469
8178 0.554494
8179 0.356184
8180 0.424976
8181 0.423373
8182 0.3389
8183 0.559131
8184 0.622923
8185 0.888359
8186 0.772967
8187 0.353992
8188 0.298321
8189 0.603293
8190 0.185708
8191 0.448988
8192 0.810094
8193 0.496441
8194 0.638326
8195 0.674363
8196 0.519583
8197 0.669783
8198 0.0633128
8199 0.239531
8200 0.823276
8201 0.311725
8202 0.743095
8203 0.127679
8204 0.327582
8205 0.239231
8206 0.479859
8207 0.315279
8208 0.106041
8209 0.0980261
8210 0.140564
8211 0.47522
8212 0.247588
8213 0.540133
8214 0.824554
8215 0.11194
8216 0.113589
8217 0.350042
8218 0.516292
8219 0.428211
8220 0.276354
8221 0.707719
8222 0.240603
8223 0.489478
8224 0.769093
8225 0.37632
8226 0.182014
8227 0.564874
8228 0.312523
8229 0.214266
8230 0.70864
8231 0.269003
8232 0.627096
8233 0.191867
8234 0.332387
8235 0.623644
8236 0.0886008
8237 0.530813
8238 0.299592
8239 0.681967
8240 0.369431
8241 0.233081
8242 0.882889
8243 0.695768
8244 0.672855
8245 0.344157
8246 0.878751
8247 0.64305
8248 0.520976
8249 0.374837
8250 0.617307
8251 0.694383
8252 0.605506
8253 0.25508
8254 0.451522
8255 0.643772
8256 0.772127
8257 0.200674
8258 0.113383
8259 0.426575
8260 0.455106
8261 0.106678
8262 0.388712
8263 0.418196
8264 0.740142
8265 0.0789907
8266 0.237367
8267 0.735865
8268 0.247293
8269 0.762724
8270 0.455154
8271 0.0804954
8272 0.356665
8273 0.550507
8274 0.892488
8275 0.532833
8276 0.423547
8277 0.607807
8278 0.64029
8279 0.499962
8280 0.340339
8281 0.67799
8282 0.632214
8283 0.636168
8284 0.580547
8285 0.224148
8286 0.522237
8287 0.90366
8288 0.677601
8289 0.524381
8290 0.776776
8291 0.90366
8292 0.781008
8293 0.734886
8294 0.608149
8295 0.841797
8296 0.734298
8297 0.776385
8298 0.76031
8299 0.523672
8300 0.393888
8301 0.503896
8302 0.822415
8303 0.420112
8304 0.74172
8305 0.980628
8306 0.504762
8307 0.392219
8308 0.320333
8309 0.718591
8310 0.752119
8311 0.369773
8312 0.546318
8313 0.7032
8314 0.735123
8315 0.678873
8316 0.778365
8317 0.897666
8318 0.426006
8319 0.611734
8320 0.850796
8321 0.645773
8322 0.79346
8323 0.859596
8324 0.592494
8325 0.337536
8326 0.338654
8327 0.527452
8328 0.460867
8329 0.728093
8330 0.712189
8331 0.414745
8332 0.631093
8333 0.768545
8334 0.88195
8335 0.906127
8336 0.721617
8337 0.728922
8338 0.745671
8339 0.422446
8340 0.484105
8341 0.647875
8342 0.422455
8343 0.776732
8344 0.498382
8345 0.81135
8346 0.811481
8347 0.32428
8348 0.463811
8349 0.6297
8350 0.568986
8351 0.330303
8352 0.53838
8353 0.541096
8354 0.534123
8355 0.392316
8356 0.776638
8357 0.530093
8358 0.405751
8359 0.441858
8360 0.790499
8361 0.853283
8362 0.721614
8363 0.525491
8364 0.550604
8365 0.830043
8366 0.670384
8367 0.530042
8368 0.571759
8369 0.689415
8370 0.726367
8371 0.771037
8372 0.728607
8373 0.810534
8374 0.811185
8375 0.679077
8376 0.915986
8377 0.554023
8378 0.720496
8379 0.764021
8380 0.596235
8381 0.754664
8382 0.634161
8383 0.449155
8384 0.514519
8385 0.836492
8386 0.371163
8387 0.859984
8388 0.495249
8389 0.882255
8390 0.657522
8391 0.654639
8392 0.907722
8393 0.299315
8394 0.409379
8395 0.833375
8396 0.5941
8397 0.466613
8398 0.804989
8399 0.549576
8400 0.532843
8401 0.58996
8402 0.699825
8403 0.553551
8404 0.416557
8405 0.326254
8406 0.282916
8407 0.0660298
8408 0.17207
8409 0.491978
8410 0.249233
8411 0.153341
8412 0.155124
8413 0.118925
8414 0.385509
8415 0.0493049
8416 0.280606
8417 0.232109
8418 0.498034
8419 0.0580962
8420 0.083597
8421 0.330816
8422 0.225286
8423 0.189778
8424 0.488726
8425 0.305586
8426 0.522308
8427 0.507677
8428 0.295366
8429 0.416737
8430 0.467737
8431 0.405624
8432 0.38771
8433 0.482548
8434 0.441528
8435 0.506822
8436 0.240417
8437 0.312372
8438 0.468698
8439 0.466538
8440 0.801743
8441 0.574478
8442 0.318551
8443 0.322908
8444 0.486215
8445 0.618131
8446 0.428277
8447 0.442408
8448 0.299966
8449 0.580343
8450 0.189097
8451 0.745883
8452 0.627508
8453 0.565145
8454 0.487432
8455 0.434566
8456 0.390811
8457 0.320115
8458 0.499078
8459 0.721468
8460 0.291062
8461 0.37843
8462 0.608429
8463 0.695531
8464 0.825094
8465 0.701146
8466 0.539667
8467 0.381983
8468 0.26326
8469 0.211432
8470 0.752927
8471 0.306925
8472 0.330848
8473 0.491638
8474 0.371412
8475 0.477244
8476 0.861745
8477 0.380536
8478 0.476942
8479 0.461328
8480 0.523486
8481 0.370653
8482 0.706333
8483 0.655968
8484 0.679233
8485 0.678375
8486 0.389502
8487 0.369361
8488 0.563213
8489 0.463564
8490 0.120727
8491 0.738626
8492 0.639855
8493 0.428624
8494 0.792075
8495 0.135306
8496 0.274832
8497 0.273881
8498 0.718696
8499 0.106129
8500 0.481277
8501 0.26757
8502 0.498732
8503 0.317441
8504 0.708631
8505 0.434619
8506 0.114572
8507 0.257568
8508 0.370438
8509 0.928698
8510 0.547992
8511 0.719775
8512 0.342881
8513 0.15712
8514 0.148984
8515 0.664446
8516 0.568541
8517 0.600378
8518 0.62719
8519 0.456662
8520 0.193204
8521 0.422499
8522 0.814482
8523 0.607756
8524 0.605604
8525 0.389375
8526 0.590116
8527 0.27842
8528 0.69473
8529 0.712181
8530 0.54251
8531 0.360816
8532 0.605787
8533 0.74088
8534 0.33015
8535 0.893015
8536 0.663668
8537 0.707752
8538 0.849328
8539 0.0810847
8540 0.418433
8541 0.776788
8542 0.478842
8543 0.327683
8544 0.585557
8545 0.883702
8546 0.449922
8547 0.357415
8548 0.309232
8549 0.306753
8550 0.575031
8551 0.488738
8552 0.478832
8553 0.641287
8554 0.817731
8555 0.74118
8556 0.641485
8557 0.515835
8558 0.597206
8559 0.571643
8560 0.846912
8561 0.618118
8562 0.87947
8563 0.729839
8564 0.877716
8565 0.654846
8566 0.586921
8567 0.86117
8568 0.54721
8569 0.45476
8570 0.716395
8571 0.575649
8572 0.148591
8573 0.352245
8574 0.80962
8575 0.460402
8576 0.308836
8577 0.617728
8578 0.3484
8579 0.206772
8580 0.468033
8581 0.505259
8582 0.509776
8583 0.529934
8584 0.337026
8585 0.36512
8586 0.657765
8587 0.630476
8588 0.612821
8589 0.618916
8590 0.686081
8591 0.639997
8592 0.849161
8593 0.535394
8594 0.790176
8595 0.524905
8596 0.559177
8597 0.456121
8598 0.682121
8599 0.92595
8600 0.694953
8601 0.279718
8602 0.718391
8603 0.606773
8604 0.259726
8605 0.704376
8606 0.457388
8607 0.505942
8608 0.474441
8609 0.442281
8610 0.710964
8611 0.668611
8612 0.844835
8613 0.570262
8614 0.655652
8615 0.0743515
8616 0.656839
8617 0.665898
8618 0.588333
8619 0.585507
8620 0.566708
8621 0.652395
8622 0.199761
8623 0.503125
8624 0.466791
8625 0.453589
8626 0.78301
8627 0.647639
8628 0.582893
8629 0.638212
8630 0.717014
8631 0.602729
8632 0.64355
8633 0.44893
8634 0.507526
8635 0.773071
8636 0.525115
8637 0.635811
8638 0.575945
8639 0.620724
8640 0.552799
8641 0.726637
8642 0.255908
8643 0.859312
8644 0.795151
8645 0.746131
8646 0.805465
8647 0.0583119
8648 0.792412
8649 0.537797
8650 0.766682
8651 0.49494
8652 0.774682
8653 0.950495
8654 0.437354
8655 0.372772
8656 0.50583
8657 0.806103
8658 0.753367
8659 0.811735
8660 0.586827
8661 0.691501
8662 0.898443
8663 0.545542
8664 0.837164
8665 0.716685
8666 0.685357
8667 0.328078
8668 0.281976
8669 0.0999369
8670 0.3499
8671 0.593862
8672 0.252817
8673 0.599589
8674 0.542206
8675 0.0797793
8676 0.111569
8677 0.474945
8678 0.756675
8679 0.660668
8680 0.530356
8681 0.0695331
8682 0.650902
8683 0.193028
8684 0.486885
8685 0.270913
8686 0.719113
8687 0.299809
8688 0.601012
8689 0.802379
8690 0.720491
8691 0.13126
8692 0.383727
8693 0.742061
8694 0.809456
8695 0.34423
8696 0.713635
8697 0.342003
8698 0.587952
8699 0.730958
8700 0.745075
8701 0.865008
8702 0.71323
8703 0.711349
8704 0.350639
8705 0.540535
8706 0.774239
8707 0.502797
8708 0.561592
8709 0.707972
8710 0.489642
8711 0.612532
8712 0.746899
8713 0.737995
8714 0.715711
8715 0.94294
8716 0.533685
8717 0.740733
8718 0.687561
8719 0.75471
8720 0.961169
8721 0.918103
8722 0.239473
8723 0.316686
8724 0.271953
8725 0.390726
8726 0.488357
8727 0.120966
8728 0.754286
8729 0.558967
8730 0.506317
8731 0.50182
8732 0.585026
8733 0.791858
8734 0.64041
8735 0.608394
8736 0.553523
8737 0.627575
8738 0.821244
8739 0.617715
8740 0.364825
8741 0.0803389
8742 0.449948
8743 0.0709769
8744 0.826955
8745 0.481763
8746 0.486137
8747 0.790735
8748 0.655382
8749 0.684527
8750 0.437537
8751 0.777391
8752 0.448245
8753 0.602673
8754 0.334936
8755 0.351637
8756 0.506888
8757 0.295143
8758 0.779044
8759 0.465858
8760 0.576487
8761 0.554995
8762 0.731397
8763 0.91251
8764 0.751218
8765 0.602115
8766 0.543175
8767 0.437789
8768 0.473785
8769 0.658691
8770 0.438183
8771 0.709492
8772 0.820108
8773 0.713193
8774 0.566203
8775 0.921893
8776 0.400145
8777 0.409651
8778 0.484595
8779 0.389903
8780 0.398604
8781 0.398936
8782 0.0649788
8783 0.220735
8784 0.217007
8785 0.252149
8786 0.0670827
8787 0.323385
8788 0.0548482
8789 0.155023
8790 0.258901
8791 0.234225
8792 0.330081
8793 0.153367
8794 0.135617
8795 0.153769
8796 0.284047
8797 0.377811
8798 0.358631
8799 0.15714
8800 0.341804
8801 0.453245
8802 0.15197
8803 0.1693
8804 0.116132
8805 0.0564936
8806 0.528729
8807 0.574004
8808 0.269138
8809 0.364028
8810 0.240063
8811 0.157681
8812 0.173543
8813 0.170551
8814 0.147836
8815 0.156959
8816 0.0784331
8817 0.266343
8818 0.393664
8819 0.412724
8820 0.0465132
8821 0.37621
8822 0.0701234
8823 0.386548
8824 0.391174
8825 0.0769301
8826 0.284071
8827 0.504752
8828 0.162122
8829 0.144994
8830 0.285011
8831 0.249012
8832 0.117055
8833 0.24997
8834 0.351927
8835 0.101141
8836 0.147026
8837 0.161268
8838 0.444901
8839 0.274959
8840 0.124157
8841 0.0777107
8842 0.595283
8843 0.389166
8844 0.0773467
8845 0.391761
8846 0.1121
8847 0.385146
8848 0.211829
8849 0.303302
8850 0.184397
8851 0.107658
8852 0.180931
8853 0.375056
8854 0.65037
8855 0.0848406
8856 0.478715
8857 0.390175
8858 0.0177964
8859 0.490397
8860 0.382157
8861 0.149987
8862 0.165986
8863 0.063334
8864 0.468099
8865 0.0388628
8866 0.395058
8867 0.0650545
8868 0.159329
8869 0.416096
8870 0.165481
8871 0.225138
8872 0.0652528
8873 0.431692
8874 0.316768
8875 0.410558
8876 0.0885133
8877 0.433067
8878 0.0544276
8879 0.613456
8880 0.326594
8881 0.294451
8882 0.416809
8883 0.739101
8884 0.390491
8885 0.174557
8886 0.389745
8887 0.0904083
8888 0.0533419
8889 0.388722
8890 0.311051
8891 0.388978
8892 0.382943
8893 0.189516
8894 0.192914
8895 0.169674
8896 0.58043
8897 0.0744805
8898 0.331644
8899 0.408713
8900 0.144445
8901 0.0349945
8902 0.398332
8903 0.0745282
8904 0.451711
8905 0.168345
8906 0.304005
8907 0.0729511
8908 0.114243
8909 0.310874
8910 0.183638
8911 0.0240197
8912 0.231942
8913 0.0755132
8914 0.199427
8915 0.238873
8916 0.0553965
8917 0.189021
8918 0.331636
8919 0.440236
8920 0.057138
8921 0.0578667
8922 0.0277167
8923 0.0573564
8924 0.025715
8925 0.431948
8926 0.213777
8927 0.0549052
8928 0.225926
8929 0.0608111
8930 0.0493893
8931 0.0318419
8932 0.169634
8933 0.144605
8934 0.0234555
8935 0.34457
8936 0.0307871
8937 0.211678
8938 0.0276265
8939 0.117017
8940 0.0221137
8941 0.0238257
8942 0.0466951
8943 0.0470891
8944 0.435168
8945 0.0470335
8946 0.0360463
8947 0.0457953
8948 0.338665
8949 0.0132458
8950 0.257006
8951 0.0290251
8952 0.0425801
8953 0.296642
8954 0.0237235
8955 0.66338
8956 0.0525317
8957 0.403989
8958 0.354723
8959 0.111433
8960 0.271655
8961 0.303685
8962 0.254365
8963 0.0457344
8964 0.28944
8965 0.0486486
8966 0.0263329
8967 0.20353
8968 0.277202
8969 0.401438
8970 0.270057
8971 0.2474
8972 0.179505
8973 0.0660498
8974 0.101681
8975 0.544325
8976 0.0558834
8977 0.341466
8978 0.322609
8979 0.0849623
8980 0.200562
8981 0.333567
8982 0.207146
8983 0.0603293
8984 0.299299
8985 0.0376048
8986 0.0634734
8987 0.433817
8988 0.32817
8989 0.432673
8990 0.381497
8991 0.306979
8992 0.253925
8993 0.110164
8994 0.32012
8995 0.0790949
8996 0.395738
8997 0.0929001
8998 0.193856
8999 0.330933
9000 0.0585734
9001 0.315562
9002 0.296988
9003 0.0937711
9004 0.291749
9005 0.0297875
9006 0.0336235
9007 0.0753233
9008 0.416052
9009 0.265126
9010 0.204917
9011 0.360655
9012 0.337444
9013 0.185408
9014 0.30098
9015 0.108912
9016 0.305674
9017 0.371714
9018 0.141771
9019 0.408045
9020 0.267236
9021 0.751436
9022 0.477175
9023 0.603916
9024 0.402247
9025 0.12731
9026 0.288468
9027 0.657081
9028 0.382038
9029 0.737067
9030 0.638871
9031 0.52804
9032 0.295465
9033 0.632974
9034 0.626701
9035 0.838778
9036 0.585543
9037 0.516115
9038 0.770661
9039 0.588155
9040 0.626116
9041 0.760459
9042 0.824556
9043 0.609386
9044 0.660497
9045 0.769072
9046 0.565518
9047 0.796959
9048 0.652035
9049 0.278863
9050 0.200983
9051 0.621412
9052 0.331381
9053 0.914038
9054 0.550203
9055 0.373603
9056 0.374241
9057 0.703912
9058 0.354063
9059 0.601601
9060 0.110059
9061 0.411665
9062 0.0874984
9063 0.443725
9064 0.830898
9065 0.479467
9066 0.217136
9067 0.429669
9068 0.381038
9069 0.100663
9070 0.270185
9071 0.415449
9072 0.39264
9073 0.101067
9074 0.415064
9075 0.435439
9076 0.364641
9077 0.339653
9078 0.519059
9079 0.181031
9080 0.344568
9081 0.415466
9082 0.218834
9083 0.818674
9084 0.31977
9085 0.189114
9086 0.106905
9087 0.0555418
9088 0.266056
9089 0.556034
9090 0.14652
9091 0.375193
9092 0.0862294
9093 0.453723
9094 0.217295
9095 0.344692
9096 0.0485584
9097 0.446696
9098 0.300594
9099 0.0671022
9100 0.342796
9101 0.139943
9102 0.0699038
9103 0.306812
9104 0.331817
9105 0.840348
9106 0.637611
9107 0.0777008
9108 0.176609
9109 0.138592
9110 0.168935
9111 0.5657
9112 0.221919
9113 0.0198867
9114 0.0892058
9115 0.148234
9116 0.436165
9117 0.0991215
9118 0.119441
9119 0.0823288
9120 0.0398981
9121 0.0961747
9122 0.117276
9123 0.0709218
9124 0.0728071
9125 0.0295929
9126 0.0950706
9127 0.0601329
9128 0.0356332
9129 0.0197487
9130 0.0548642
9131 0.069955
9132 0.0627093
9133 0.0452671
9134 0.021076
9135 0.0583496
9136 0.0420198
9137 0.646987
9138 0.0164026
9139 0.0181928
9140 0.18405
9141 0.00454057
9142 0.495541
9143 0.637426
9144 0.110114
9145 0.386861
9146 0.00869123
9147 0.602712
9148 0.375428
9149 0.590263
9150 0.617099
9151 0.482407
9152 0.045523
9153 0.341513
9154 0.333244
9155 0.812001
9156 0.143775
9157 0.0820751
9158 0.0164432
9159 0.461978
9160 0.0127685
9161 0.172807
9162 0.434647
9163 0.0671158
9164 0.306136
9165 0.421104
9166 0.217435
9167 0.429913
9168 0.704197
9169 0.369096
9170 0.0152109
9171 0.0156209
9172 0.0802447
9173 0.245123
9174 0.202951
9175 0.0147404
9176 0.0312694
9177 0.167872
9178 0.0181521
9179 0.511656
9180 0.0254835
9181 0.0737191
9182 0.221557
9183 0.0991632
9184 0.281825
9185 0.0358616
9186 0.0622879
9187 0.0364254
9188 0.0620375
9189 0.139133
9190 0.0990639
9191 0.0936583
9192 0.174555
9193 0.128265
9194 0.104769
9195 0.0156637
9196 0.193748
9197 0.101148
9198 0.198904
9199 0.216739
9200 0.0292033
9201 0.205128
9202 0.0601443
9203 0.36635
9204 0.349873
9205 0.199224
9206 0.034261
9207 0.848066
9208 0.246378
9209 0.459812
9210 0.0155603
9211 0.144853
9212 0.00885645
9213 0.136445
9214 0.159004
9215 0.0528318
9216 0.0866267
9217 0.429647
9218 0.121681
9219 0.459515
9220 0.427281
9221 0.0955491
9222 0.0133964
9223 0.5591
9224 0.0729012
9225 0.0635862
9226 0.0315693
9227 0.222591
9228 0.0494254
9229 0.113118
9230 0.0644294
9231 0.0820689
9232 0.0654366
9233 0.102627
9234 0.0736325
9235 0.19367
9236 0.188368
9237 0.0543118
9238 0.336933
9239 0.209946
9240 0.29949
9241 0.330058
9242 0.135137
9243 0.0490892
9244 0.00843267
9245 0.295273
9246 0.377089
9247 0.207248
9248 0.0312749
9249 0.366206
9250 0.37468
9251 0.0181658
9252 0.0170809
9253 0.0642851
9254 0.557395
9255 0.0148958
9256 0.0673777
9257 0.0680288
9258 0.0341195
9259 0.028566
9260 0.205146
9261 0.0240952
9262 0.0630052
9263 0.336104
9264 0.0360437
9265 0.35185
9266 0.0556774
9267 0.019291
9268 0.36503
9269 0.652317
9270 0.901287
9271 0.546554
9272 0.0360004
9273 0.059377
9274 0.102692
9275 0.0598806
9276 0.0452191
9277 0.0417046
9278 0.0568396
9279 0.0152361
9280 0.273276
9281 0.0270073
9282 0.0142245
9283 0.344802
9284 0.0587312
9285 0.20152
9286 0.045042
9287 0.017173
9288 0.279766
9289 0.0147637
9290 0.030701
9291 0.0130833
9292 0.621067
9293 0.139233
9294 0.177834
9295 0.0984834
9296 0.342105
9297 0.0561055
9298 0.0850025
9299 0.295121
9300 0.570333
9301 0.032314
9302 0.168025
9303 0.00560436
9304 0.209426
9305 0.205525
9306 0.102102
9307 0.0120756
9308 0.115388
9309 0.0370376
9310 0.134204
9311 0.0365218
9312 0.0803084
9313 0.0155674
9314 0.106081
9315 0.138461
9316 0.273773
9317 0.0708267
9318 0.0359411
9319 0.277883
9320 0.580337
9321 0.0866709
9322 0.0658288
9323 0.0919318
9324 0.139872
9325 0.0336761
9326 0.124729
9327 0.0365784
9328 0.29004
9329 0.210793
9330 0.350192
9331 0.217802
9332 0.0458375
9333 0.0234547
9334 0.213583
9335 0.258197
9336 0.195123
9337 0.360237
9338 0.0686675
9339 0.0216853
9340 0.0757376
9341 0.0092857
9342 0.270258
9343 0.0253428
9344 0.0594185
9345 0.0745461
9346 0.034805
9347 0.0801337
9348 0.649708
9349 0.204683
9350 0.0483656
9351 0.202798
9352 0.0131184
9353 0.0777242
9354 0.0131237
9355 0.0589607
9356 0.0408083
9357 0.0278896
9358 0.0570374
9359 0.014433
9360 0.362289
9361 0.0234721
9362 0.0657027
9363 0.0662283
9364 0.374812
9365 0.147427
9366 0.00300233
9367 0.0583572
9368 0.000332618
9369 0.529328
9370 0.0421929
9371 0.0491871
9372 0.0308416
9373 0.0685475
9374 0.0500577
9375 0.0296729
9376 0.0356429
9377 0.382301
9378 0.165844
9379 0.884114
9380 0.266613
9381 0.292566
9382 0.0405664
9383 0.728655
9384 0.700888
9385 0.0695593
9386 0.188127
9387 0.34519
9388 0.436902
9389 0.105974
9390 0.125549
9391 0.0696727
9392 0.283169
9393 0.398822
9394 0.00133071
9395 0.561429
9396 0.0347075
9397 0.00431079
9398 0.00697933
9399 0.289122
9400 0.0122301
9401 0.0626865
9402 0.747743
9403 0.125289
9404 0.142782
9405 0.0935216
9406 0.0958406
9407 0.175759
9408 0.205189
9409 0.0143666
9410 0.182637
9411 0.0276871
9412 0.172537
9413 0.089141
9414 0.189868
9415 0.278667
9416 0.158474
9417 0.236418
9418 0.407561
9419 0.0347305
9420 0.0565242
9421 0.0458429
9422 0.00995371
9423 0.100398
9424 0.106207
9425 0.667389
9426 0.0865944
9427 0.0127947
9428 0.448894
9429 0.437545
9430 0.323093
9431 0.213518
9432 0.00974605
9433 0.00867302
9434 0.0513634
9435 0.0558221
9436 0.368332
9437 0.181527
9438 0.511839
9439 0.272065
9440 0.153243
9441 0.0259044
9442 0.169715
9443 0.0612201
9444 0.0551121
9445 0.0222023
9446 0.12363
9447 0.0874052
9448 0.0435833
9449 0.0268298
9450 0.304281
9451 0.365738
9452 0.196384
9453 0.876577
9454 0.181665
9455 0.569535
9456 0.865608
9457 0.365991
9458 0.178185
9459 0.324605
9460 0.163971
9461 0.617015
9462 0.217877
9463 0.00555795
9464 0.0132526
9465 0.359705
9466 0.598269
9467 0.00990519
9468 0.0487958
9469 0.539646
9470 0.158613
9471 0.350868
9472 0.314903
9473 0.139745
9474 0.0369895
9475 0.0700142
9476 0.137933
9477 0.165573
9478 0.339398
9479 0.867502
9480 0.0518273
9481 0.0750364
9482 0.607282
9483 0.651961
9484 0.0356989
9485 0.026103
9486 0.333238
9487 0.0191898
9488 0.051591
9489 0.111648
9490 0.265552
9491 0.353969
9492 0.0451111
9493 0.0256357
9494 0.0580752
9495 0.0886113
9496 0.269062
9497 0.238229
9498 0.788885
9499 0.101772
9500 0.429338
9501 0.538781
9502 0.183578
9503 0.0504191
9504 0.529415
9505 0.152529
9506 0.301831
9507 0.716906
9508 0.150843
9509 0.806099
9510 0.449501
9511 0.758394
9512 0.278231
9513 0.111904
9514 0.162478
9515 0.54875
9516 0.199211
9517 0.149449
9518 0.232647
9519 0.460732
9520 0.751831
9521 0.0707565
9522 0.146549
9523 0.658818
9524 0.754457
9525 0.66871
9526 0.0380865
9527 0.124796
9528 0.0413324
9529 0.632605
9530 0.270197
9531 0.16242
9532 0.670869
9533 0.794765
9534 0.191959
9535 0.331955
9536 0.275488
9537 0.107165
9538 0.547122
9539 0.319924
9540 0.283454
9541 0.0792588
9542 0.122534
9543 0.457057
9544 0.340296
9545 0.157586
9546 0.593552
9547 0.415934
9548 0.290033
9549 0.485384
9550 0.06463
9551 0.72
9552 0.0411326
9553 0.182061
9554 0.476287
9555 0.802734
9556 0.0768939
9557 0.169415
9558 0.396146
9559 0.421878
9560 0.293707
9561 0.461581
9562 0.112874
9563 0.626159
9564 0.100238
9565 0.558925
9566 0.121464
9567 0.447969
9568 0.136487
9569 0.168213
9570 0.110154
9571 0.0270867
9572 0.114194
9573 0.0238878
9574 0.241579
9575 0.0246133
9576 0.155267
9577 0.0237497
9578 0.086025
9579 0.0737916
9580 0.100623
9581 0.716788
9582 0.0152765
9583 0.0605457
9584 0.0932163
9585 0.0135974
9586 0.0354141
9587 0.019643
9588 0.145329
9589 0.748227
9590 0.486104
9591 0.0876591
9592 0.0130971
9593 0.0134507
9594 0.119363
9595 0.0069845
9596 0.492257
9597 0.111292
9598 0.0940042
9599 0.0921558
9600 0.0996375
9601 0.267784
9602 0.0806299
9603 0.359284
9604 0.242741
9605 0.017359
9606 0.00854918
9607 0.111257
9608 0.695583
9609 0.0856845
9610 0.446366
9611 0.665249
9612 0.00704809
9613 0.0153394
9614 0.298879
9615 0.894475
9616 0.348975
9617 0.886234
9618 0.493118
9619 0.618934
9620 0.76389
9621 0.512582
9622 0.610235
9623 0.49757
9624 0.0109616
9625 0.232524
9626 0.0320055
9627 0.0499386
9628 0.229609
9629 0.325403
9630 0.840133
9631 0.181945
9632 0.60853
9633 0.505765
9634 0.698551
9635 0.663692
9636 0.629707
9637 0.700815
9638 0.756127
9639 0.279584
9640 0.0124764
9641 0.0959897
9642 0.809717
9643 0.0127872
9644 0.00849844
9645 0.188757
9646 0.106276
9647 0.135644
9648 0.0325408
9649 0.0403813
9650 0.275117
9651 0.152087
9652 0.167882
9653 0.360359
9654 0.616317
9655 0.515248
9656 0.066137
9657 0.123012
9658 0.250842
9659 0.169354
9660 0.0606459
9661 0.306819
9662 0.0296982
9663 0.615869
9664 0.187649
9665 0.114157
9666 0.126268
9667 0.64636
9668 0.121837
9669 0.0127555
9670 0.0964888
9671 0.36239
9672 0.0266875
9673 0.101305
9674 0.062648
9675 0.0318623
9676 0.095653
9677 0.120082
9678 0.785538
9679 0.173721
9680 0.274153
9681 0.459585
9682 0.688853
9683 0.203752
9684 0.193503
9685 0.217967
9686 0.0553953
9687 0.175092
9688 0.139236
9689 0.781326
9690 0.0992917
9691 0.544846
9692 0.160876
9693 0.770094
9694 0.0588802
9695 0.0984269
9696 0.00821564
9697 0.122877
9698 0.358878
9699 0.154427
9700 0.487961
9701 0.015806
9702 0.359655
9703 0.339882
9704 0.377474
9705 0.303491
9706 0.193073
9707 0.0598976
9708 0.550782
9709 0.634313
9710 0.635683
9711 0.616379
9712 0.162112
9713 0.552072
9714 0.0612954
9715 0.167278
9716 0.146395
9717 0.751537
9718 0.407182
9719 0.615524
9720 0.174541
9721 0.35841
9722 0.287065
9723 0.112175
9724 0.0438779
9725 0.38641
9726 0.215333
9727 0.359788
9728 0.528874
9729 0.0466994
9730 0.00864616
9731 0.853307
9732 0.0534786
9733 0.760448
9734 0.139112
9735 0.00636558
9736 0.0097762
9737 0.893059
9738 0.741325
9739 0.543338
9740 0.748429
9741 0.00926012
9742 0.31345
9743 0.0180349
9744 0.211501
9745 0.157215
9746 0.0664924
9747 0.645061
9748 0.453494
9749 0.29356
9750 0.0209115
9751 0.404017
9752 0.0559951
9753 0.089936
9754 0.105007
9755 0.359216
9756 0.244315
9757 0.478973
9758 0.46891
9759 0.018372
9760 0.316702
9761 0.542777
9762 0.801254
9763 0.53922
9764 0.0794329
9765 0.405109
9766 0.379146
9767 0.154878
9768 0.369183
9769 0.271161
9770 0.801251
9771 0.54236
9772 0.326672
9773 0.14522
9774 0.285225
9775 0.57146
9776 0.396445
9777 0.290661
9778 0.371002
9779 0.392934
9780 0.0329761
9781 0.0407356
9782 0.0726079
9783 0.0609566
9784 0.19474
9785 0.0816545
9786 0.0693682
9787 0.317834
9788 0.492734
9789 0.0433153
9790 0.229939
9791 0.448569
9792 0.088891
9793 0.0396246
9794 0.128401
9795 0.240999
9796 0.79125
9797 0.143513
9798 0.267916
9799 0.677022
9800 0.486419
9801 0.303615
9802 0.265056
9803 0.0598356
9804 0.0129389
9805 0.122756
9806 0.314461
9807 0.0260061
9808 0.0640837
9809 0.0654136
9810 0.283276
9811 0.20194
9812 0.295403
9813 0.0182779
9814 0.0545421
9815 0.0411129
9816 0.153067
9817 0.356245
9818 0.501459
9819 0.0356003
9820 0.115569
9821 0.0137975
9822 0.259749
9823 0.081465
9824 0.505497
9825 0.186079
9826 0.110031
9827 0.345443
9828 0.0298712
9829 0.165003
9830 0.0890194
9831 0.0318095
9832 0.142337
9833 0.0245769
9834 0.113544
9835 0.0237261
9836 0.442697
9837 0.0299462
9838 0.0268907
9839 0.00831552
9840 0.0649584
9841 0.10816
9842 0.0297514
9843 0.0330004
9844 0.0164061
9845 0.379501
9846 0.111031
9847 0.136087
9848 0.198041
9849 0.282626
9850 0.215867
9851 0.145042
9852 0.216166
9853 0.257281
9854 0.00704056
9855 0.00750844
9856 0.132266
9857 0.171954
9858 0.0122658
9859 0.0285361
9860 0.247078
9861 0.00532415
9862 0.0101486
9863 0.322898
9864 0.022185
9865 0.0365665
9866 0.0665749
9867 0.0094013
9868 0.108574
9869 0.0761446
9870 0.421887
9871 0.0377391
9872 0.0858314
9873 0.691851
9874 0.0249939
9875 0.0334884
9876 0.277124
9877 0.266353
9878 0.0264585
9879 0.0663518
9880 0.0503766
9881 0.7149
9882 0.880554
9883 0.933193
9884 0.632343
9885 0.144303
9886 0.433254
9887 0.17262
9888 0.66278
9889 0.456322
9890 0.107069
9891 0.133909
9892 0.188347
9893 0.288704
9894 0.103645
9895 0.34296
9896 0.0423029
9897 0.143438
9898 0.613874
9899 0.691476
9900 0.634128
9901 0.119072
9902 0.0309168
9903 0.146944
9904 0.439477
9905 0.0962287
9906 0.453136
9907 0.310343
9908 0.425893
9909 0.79463
9910 0.772378
9911 0.137256
9912 0.23246
9913 0.117189
9914 0.433994
9915 0.229105
9916 0.59982
9917 0.126096
9918 0.456551
9919 0.415619
9920 0.295983
9921 0.0673867
9922 0.443992
9923 0.13229
9924 0.524112
9925 0.638262
9926 0.113716
9927 0.312333
9928 0.219251
9929 0.0851416
9930 0.53073
9931 0.303735
9932 0.894871
9933 0.569961
9934 0.252547
9935 0.703816
9936 0.727318
9937 0.752882
9938 0.842396
9939 0.698854
9940 0.523024
9941 0.191199
9942 0.453925
9943 0.675978
9944 0.625897
9945 0.587451
9946 0.246254
9947 0.705669
9948 0.2041
9949 0.423485
9950 0.493695
9951 0.27291
9952 0.066982
9953 0.550452
9954 0.360893
9955 0.780551
9956 0.607456
9957 0.709508
9958 0.3363
9959 0.682333
9960 0.341268
9961 0.60152
9962 0.320576
9963 0.317852
9964 0.399976
9965 0.569728
9966 0.805086
9967 0.458708
9968 0.533675
9969 0.419379
9970 0.127762
9971 0.586393
9972 0.663218
9973 0.614652
9974 0.768154
9975 0.688382
9976 0.684981
9977 0.575034
9978 0.506586
9979 0.430755
9980 0.93572
9981 0.430945
9982 0.448303
9983 0.875644
9984 0.0766836
9985 0.137116
9986 0.0558842
9987 0.430079
9988 0.447324
9989 0.539939
9990 0.270927
9991 0.326774
9992 0.420592
9993 0.399018
9994 0.102002
9995 0.680497
9996 0.623254
9997 0.650104
9998 0.452087
9999 0.459288
10000 0.389007
10001 0.592214
10002 0.433428
10003 0.326309
10004 0.806602
10005 0.402977
10006 0.744738
10007 0.785909
10008 0.312465
10009 0.356482
10010 0.453536
10011 0.639248
10012 0.282744
10013 0.677865
10014 0.636984
10015 0.470078
10016 0.785635
10017 0.434292
10018 0.483221
10019 0.688111
10020 0.776594
10021 0.390377
10022 0.271809
10023 0.728134
10024 0.592388
10025 0.602955
10026 0.703173
10027 0.877543
10028 0.759022
10029 0.595761
10030 0.647352
10031 0.503448
10032 0.742788
10033 0.473085
10034 0.304452
10035 0.0240408
10036 0.153636
10037 0.217884
10038 0.105231
10039 0.177808
10040 0.289055
10041 0.0796867
10042 0.143321
10043 0.128994
10044 0.137426
10045 0.243512
10046 0.0168547
10047 0.0507012
10048 0.0239931
10049 0.223852
10050 0.167037
10051 0.020804
10052 0.064048
10053 0.176527
10054 0.17355
10055 0.0164769
10056 0.0552786
10057 0.150271
10058 0.0179469
10059 0.0200837
10060 0.585798
10061 0.106935
10062 0.063679
10063 0.381891
10064 0.560261
10065 0.727391
10066 0.511307
10067 0.906325
10068 0.0432301
10069 0.123169
10070 0.414917
10071 0.0345457
10072 0.191434
10073 0.481507
10074 0.290351
10075 0.0560042
10076 0.0431706
10077 0.288044
10078 0.0854224
10079 0.258784
10080 0.255572
10081 0.164803
10082 0.422552
10083 0.0476347
10084 0.168366
10085 0.0798817
10086 0.0610233
10087 0.135154
10088 0.134882
10089 0.466083
10090 0.569222
10091 0.324099
10092 0.360671
10093 0.287
10094 0.128825
10095 0.335229
10096 0.161839
10097 0.0980347
10098 0.370787
10099 0.18158
10100 0.374031
10101 0.546691
10102 0.759505
10103 0.853442
10104 0.316043
10105 0.270966
10106 0.0374681
10107 0.140527
10108 0.160012
10109 0.426482
10110 0.161366
10111 0.0279076
10112 0.0166765
10113 0.400174
10114 0.113852
10115 0.096645
10116 0.292453
10117 0.357661
10118 0.230804
10119 0.445465
10120 0.460794
10121 0.619993
10122 0.0537179
10123 0.764219
10124 0.711582
10125 0.0421349
10126 0.0505604
10127 0.040589
10128 0.331333
10129 0.893937
10130 0.211466
10131 0.499912
10132 0.557695
10133 0.0312122
10134 0.0344595
10135 0.231699
10136 0.0921257
10137 0.103241
10138 0.122412
10139 0.0259335
10140 0.0811107
10141 0.0597255
10142 0.104483
10143 0.135881
10144 0.0925153
10145 0.0826387
10146 0.021709
10147 0.0297013
10148 0.238804
10149 0.45483
10150 0.200443
10151 0.0553563
10152 0.10935
10153 0.109033
10154 0.182891
10155 0.240399
10156 0.30221
10157 0.0995337
10158 0.0724997
10159 0.150462
10160 0.249151
10161 0.227799
10162 0.0812492
10163 0.120993
10164 0.0871648
10165 0.0583211
10166 0.123192
10167 0.150077
10168 0.083485
10169 0.103406
10170 0.103536
10171 0.0485463
10172 0.0811609
10173 0.105316
10174 0.0384232
10175 0.0415226
10176 0.112218
10177 0.069133
10178 0.0553435
10179 0.194195
10180 0.0442294
10181 0.0959471
10182 0.0552022
10183 0.296582
10184 0.15798
10185 0.635104
10186 0.375875
10187 0.79331
10188 0.0836774
10189 0.305126
10190 0.121963
10191 0.271488
10192 0.082609
10193 0.110539
10194 0.121311
10195 0.0996541
10196 0.070371
10197 0.192215
10198 0.0364785
10199 0.165512
10200 0.13491
10201 0.130792
10202 0.286989
10203 0.480865
10204 0.316103
10205 0.316729
10206 0.246302
10207 0.183952
10208 0.211862
10209 0.190166
10210 0.2515
10211 0.194224
10212 0.134937
10213 0.708752
10214 0.211475
10215 0.466666
10216 0.0816214
10217 0.347383
10218 0.596044
10219 0.697129
10220 0.186121
10221 0.437274
10222 0.120626
10223 0.132438
10224 0.180205
10225 0.0700108
10226 0.351593
10227 0.195908
10228 0.543612
10229 0.594305
10230 0.0291952
10231 0.073359
10232 0.0955122
10233 0.0925766
10234 0.138695
10235 0.186241
10236 0.191908
10237 0.386588
10238 0.210058
10239 0.333754
10240 0.170959
10241 0.0501348
10242 0.0515003
10243 0.177054
10244 0.0850512
10245 0.384945
10246 0.71645
10247 0.347637
10248 0.0985232
10249 0.25448
10250 0.11922
10251 0.162333
10252 0.368152
10253 0.49451
10254 0.634616
10255 0.209842
10256 0.272757
10257 0.313201
10258 0.104262
10259 0.284057
10260 0.0267998
10261 0.0776036
10262 0.703902
10263 0.189533
10264 0.151288
10265 0.0755369
10266 0.0991862
10267 0.615615
10268 0.307829
10269 0.61558
10270 0.116358
10271 0.142259
10272 0.0689364
10273 0.0816097
10274 0.0232816
10275 0.103376
10276 0.222823
10277 0.316524
10278 0.19897
10279 0.0366738
10280 0.209515
10281 0.101097
10282 0.434393
10283 0.625541
10284 0.160225
10285 0.558601
10286 0.365652
10287 0.0448701
10288 0.18293
10289 0.088176
10290 0.0238887
10291 0.104043
10292 0.0735502
10293 0.0386501
10294 0.129717
10295 0.402657
10296 0.0659061
10297 0.1183
10298 0.141487
10299 0.0742963
10300 0.174552
10301 0.0222696
10302 0.0454037
10303 0.376137
10304 0.340125
10305 0.697877
10306 0.0323214
10307 0.513888
10308 0.590983
10309 0.39015
10310 0.472702
10311 0.0826365
10312 0.180973
10313 0.598474
10314 0.143551
10315 0.568614
10316 0.107537
10317 0.443543
10318 0.10677
10319 0.395045
10320 0.203202
10321 0.0668653
10322 0.0223609
10323 0.0069469
10324 0.0618113
10325 0.111595
10326 0.0381744
10327 0.0383314
10328 0.111519
10329 0.0412301
10330 0.0415772
10331 0.0530594
10332 0.199436
10333 0.413808
10334 0.6371
10335 0.307187
10336 0.382518
10337 0.0889806
10338 0.724116
10339 0.0535414
10340 0.172318
10341 0.225854
10342 0.0331137
10343 0.10915
10344 0.0103748
10345 0.0414197
10346 0.270417
10347 0.0387565
10348 0.284701
10349 0.0137878
10350 0.233731
10351 0.0505042
10352 0.150285
10353 0.0963574
10354 0.177533
10355 0.232653
10356 0.606982
10357 0.260166
10358 0.155014
10359 0.0123514
10360 0.372694
10361 0.043791
10362 0.0688902
10363 0.0267986
10364 0.358945
10365 0.0125113
10366 0.0511577
10367 0.0309772
10368 0.253175
10369 0.121033
10370 0.0838924
10371 0.329435
10372 0.716273
10373 0.49861
10374 0.441242
10375 0.307204
10376 0.384026
10377 0.48307
10378 0.233974
10379 0.252121
10380 0.32868
10381 0.294047
10382 0.463168
10383 0.597007
10384 0.670062
10385 0.759514
10386 0.745844
10387 0.349217
10388 0.117481
10389 0.278435
10390 0.331544
10391 0.118776
10392 0.0792146
10393 0.146017
10394 0.327412
10395 0.0218852
10396 0.0452109
10397 0.0467941
10398 0.247166
10399 0.0119446
10400 0.371486
10401 0.531745
10402 0.799883
10403 0.448263
10404 0.717504
10405 0.130408
10406 0.0642194
10407 0.012583
10408 0.109241
10409 0.536464
10410 0.105211
10411 0.069578
10412 0.46525
10413 0.0217159
10414 0.0570636
10415 0.0543437
10416 0.241013
10417 0.703993
10418 0.801482
10419 0.73386
10420 0.521158
10421 0.323989
10422 0.0533648
10423 0.381075
10424 0.184531
10425 0.19858
10426 0.151186
10427 0.0508367
10428 0.0705452
10429 0.0525103
10430 0.0725684
10431 0.044682
10432 0.051348
10433 0.0626748
10434 0.0821393
10435 0.236235
10436 0.0167539
10437 0.141164
10438 0.00643177
10439 0.0181488
10440 0.164275
10441 0.0360639
10442 0.214551
10443 0.127103
10444 0.0612557
10445 0.086651
10446 0.0842563
10447 0.128804
10448 0.0473754
10449 0.161261
10450 0.312257
10451 0.0640624
10452 0.024039
10453 0.0942764
10454 0.107529
10455 0.0306478
10456 0.0573815
10457 0.0342599
10458 0.0959036
10459 0.383065
10460 0.0572674
10461 0.22752
10462 0.418801
10463 0.490073
10464 0.588974
10465 0.207919
10466 0.423731
10467 0.104281
10468 0.53127
10469 0.355116
10470 0.444012
10471 0.34472
10472 0.182355
10473 0.0904352
10474 0.058427
10475 0.07756
10476 0.0272834
10477 0.0888232
10478 0.0899352
10479 0.0790193
10480 0.65413
10481 0.907865
10482 0.71603
10483 0.460859
10484 0.298989
10485 0.29566
10486 0.594623
10487 0.275458
10488 0.637861
10489 0.675293
10490 0.322499
10491 0.248877
10492 0.384381
10493 0.41013
10494 0.600636
10495 0.0951885
10496 0.102588
10497 0.0275925
10498 0.102911
10499 0.0371555
10500 0.0205249
10501 0.0467328
10502 0.138924
10503 0.615015
10504 0.532667
10505 0.263179
10506 0.417922
10507 0.490502
10508 0.492585
10509 0.548003
10510 0.856829
10511 0.798631
10512 0.548665
10513 0.829141
10514 0.015714
10515 0.145168
10516 0.0329551
10517 0.0197706
10518 0.100912
10519 0.248905
10520 0.0640102
10521 0.130933
10522 0.158094
10523 0.069787
10524 0.512792
10525 0.609928
10526 0.604932
10527 0.35743
10528 0.602469
10529 0.314765
10530 0.768198
10531 0.390614
10532 0.389412
10533 0.648898
10534 0.188145
10535 0.409538
10536 0.10986
10537 0.37794
10538 0.354828
10539 0.501812
10540 0.476108
10541 0.013672
10542 0.0206265
10543 0.109013
10544 0.329151
10545 0.6517
10546 0.487764
10547 0.527439
10548 0.575272
10549 0.139553
10550 0.0862095
10551 0.129458
10552 0.215523
10553 0.0827454
10554 0.579244
10555 0.200613
10556 0.266172
10557 0.0202217
10558 0.301353
10559 0.379238
10560 0.651526
10561 0.160362
10562 0.124795
10563 0.100217
10564 0.628492
10565 0.287065
10566 0.535114
10567 0.566963
10568 0.233951
10569 0.138776
10570 0.152969
10571 0.26999
10572 0.0646812
10573 0.160275
10574 0.0661791
10575 0.644661
10576 0.0583876
10577 0.793575
10578 0.299414
10579 0.359168
10580 0.61135
10581 0.652076
10582 0.756235
10583 0.339262
10584 0.795061
10585 0.547392
10586 0.66202
10587 0.60702
10588 0.204476
10589 0.70696
10590 0.727928
10591 0.39307
10592 0.0884958
10593 0.354185
10594 0.394478
10595 0.16431
10596 0.847759
10597 0.375341
10598 0.4233
10599 0.342641
10600 0.633691
10601 0.804039
10602 0.383578
10603 0.646257
10604 0.338605
10605 0.0865427
10606 0.66671
10607 0.381501
10608 0.611898
10609 0.581259
10610 0.593091
10611 0.733247
10612 0.339055
10613 0.31651
10614 0.339359
10615 0.393441
10616 0.287899
10617 0.269315
10618 0.529042
10619 0.667118
10620 0.696348
10621 0.679744
10622 0.391936
10623 0.477666
10624 0.493192
10625 0.282095
10626 0.350943
10627 0.65782
10628 0.860694
10629 0.508562
10630 0.484668
10631 0.868435
10632 0.500688
10633 0.489829
10634 0.468882
10635 0.442327
10636 0.960362
10637 0.0924185
10638 0.0881147
10639 0.398511
10640 0.0681873
10641 0.868398
10642 0.119924
10643 0.163314
10644 0.155387
10645 0.121578
10646 0.373028
10647 0.651234
10648 0.602265
10649 0.59378
10650 0.756613
10651 0.370006
10652 0.656789
10653 0.765877
10654 0.811738
10655 0.791812
10656 0.569725
10657 0.52799
10658 0.518469
10659 0.424484
10660 0.177523
10661 0.151765
10662 0.184594
10663 0.188432
10664 0.260228
10665 0.263442
10666 0.468246
10667 0.135545
10668 0.42384
10669 0.152986
10670 0.529977
10671 0.586353
10672 0.434813
10673 0.548196
10674 0.664027
10675 0.439495
10676 0.505359
10677 0.885285
10678 0.716485
10679 0.740485
10680 0.510578
10681 0.393399
10682 0.650903
10683 0.444565
10684 0.432567
10685 0.300852
10686 0.712168
10687 0.414521
10688 0.662228
10689 0.485227
10690 0.58767
10691 0.792984
10692 0.492624
10693 0.253313
10694 0.689691
10695 0.733364
10696 0.340737
10697 0.566175
10698 0.714485
10699 0.71285
10700 0.711396
10701 0.301123
10702 0.538453
10703 0.768661
10704 0.546496
10705 0.505174
10706 0.666745
10707 0.61156
10708 0.685273
10709 0.687641
10710 0.716414
10711 0.497125
10712 0.805551
10713 0.315497
10714 0.553348
10715 0.754904
10716 0.497524
10717 0.635726
10718 0.55898
10719 0.852682
10720 0.872508
10721 0.651979
10722 0.256977
10723 0.683537
10724 0.666189
10725 0.56246
10726 0.472582
10727 0.72368
10728 0.256438
10729 0.340134
10730 0.589437
10731 0.469906
10732 0.539063
10733 0.470433
10734 0.301449
10735 0.501681
10736 0.425519
10737 0.615832
10738 0.247331
10739 0.474102
10740 0.115522
10741 0.280602
10742 0.81939
10743 0.28201
10744 0.600948
10745 0.815322
10746 0.410446
10747 0.107752
10748 0.0453765
10749 0.0755933
10750 0.0650627
10751 0.0999996
10752 0.382649
10753 0.406697
10754 0.798441
10755 0.241373
10756 0.879634
10757 0.647906
10758 0.291642
10759 0.194855
10760 0.707616
10761 0.503807
10762 0.539921
10763 0.150419
10764 0.443591
10765 0.067187
10766 0.396486
10767 0.300662
10768 0.345619
10769 0.444545
10770 0.674894
10771 0.297587
10772 0.37055
10773 0.797605
10774 0.44171
10775 0.331878
10776 0.678677
10777 0.135597
10778 0.121129
10779 0.596669
10780 0.879325
10781 0.717782
10782 0.726598
10783 0.472631
10784 0.39083
10785 0.305026
10786 0.512841
10787 0.527567
10788 0.60623
10789 0.409186
10790 0.304169
10791 0.199696
10792 0.541923
10793 0.407743
10794 0.262177
10795 0.681624
10796 0.181065
10797 0.565729
10798 0.524091
10799 0.501052
10800 0.093514
10801 0.240821
10802 0.289692
10803 0.199168
10804 0.136285
10805 0.621499
10806 0.352967
10807 0.709302
10808 0.534766
10809 0.745255
10810 0.397584
10811 0.434236
10812 0.581599
10813 0.554507
10814 0.32556
10815 0.264942
10816 0.675534
10817 0.36154
10818 0.667975
10819 0.532819
10820 0.439533
10821 0.73491
10822 0.677298
10823 0.63671
10824 0.654933
10825 0.616098
10826 0.803853
10827 0.619136
10828 0.335
10829 0.632191
10830 0.705357
10831 0.70687
10832 0.0380112
10833 0.209497
10834 0.126213
10835 0.180379
10836 0.367091
10837 0.467963
10838 0.351106
10839 0.227737
10840 0.331446
10841 0.493953
10842 0.405763
10843 0.130586
10844 0.0629974
10845 0.366584
10846 0.399694
10847 0.344427
10848 0.168254
10849 0.269868
10850 0.747107
10851 0.792822
10852 0.48391
10853 0.686155
10854 0.270011
10855 0.54061
10856 0.523216
10857 0.593384
10858 0.36377
10859 0.410575
10860 0.506452
10861 0.384048
10862 0.440995
10863 0.326071
10864 0.193201
10865 0.176298
10866 0.751755
10867 0.569577
10868 0.317206
10869 0.290415
10870 0.631617
10871 0.41773
10872 0.0735387
10873 0.519502
10874 0.318367
10875 0.33791
10876 0.0753044
10877 0.143905
10878 0.275275
10879 0.381761
10880 0.0989452
10881 0.441088
10882 0.352913
10883 0.129465
10884 0.639639
10885 0.435225
10886 0.157865
10887 0.438945
10888 0.118205
10889 0.6855
10890 0.584581
10891 0.45174
10892 0.380046
10893 0.540584
10894 0.15652
10895 0.364887
10896 0.311944
10897 0.332355
10898 0.197137
10899 0.290313
10900 0.46529
10901 0.623249
10902 0.574089
10903 0.122597
10904 0.208675
10905 0.672794
10906 0.52958
10907 0.436862
10908 0.0775389
10909 0.135705
10910 0.374781
10911 0.127987
10912 0.411465
10913 0.443658
10914 0.77171
10915 0.0841508
10916 0.171357
10917 0.613126
10918 0.356217
10919 0.476502
10920 0.600637
10921 0.179456
10922 0.731685
10923 0.303397
10924 0.196074
10925 0.194536
10926 0.415933
10927 0.904714
10928 0.309822
10929 0.251469
10930 0.669921
10931 0.149285
10932 0.292593
10933 0.648099
10934 0.35086
10935 0.886351
10936 0.387883
10937 0.225106
10938 0.737416
10939 0.365098
10940 0.494702
10941 0.64686
10942 0.921219
10943 0.481392
10944 0.396063
10945 0.87802
10946 0.460945
10947 0.205277
10948 0.344425
10949 0.60069
10950 0.466325
10951 0.760342
10952 0.310736
10953 0.52811
10954 0.531536
10955 0.371456
10956 0.278774
10957 0.551851
10958 0.195681
10959 0.546633
10960 0.827788
10961 0.833005
10962 0.388149
10963 0.31448
10964 0.717868
10965 0.465973
10966 0.257258
10967 0.179036
10968 0.658258
10969 0.362918
10970 0.650354
10971 0.184544
10972 0.665287
10973 0.609795
10974 0.242763
10975 0.779397
10976 0.224452
10977 0.620586
10978 0.379473
10979 0.267302
10980 0.638855
10981 0.269202
10982 0.563842
10983 0.576614
10984 0.487458
10985 0.467383
10986 0.445498
10987 0.64223
10988 0.799848
10989 0.711982
10990 0.323981
10991 0.324893
10992 0.565827
10993 0.691798
10994 0.170507
10995 0.0377616
10996 0.239409
10997 0.13606
10998 0.585938
10999 0.0838346
11000 0.204878
11001 0.149609
11002 0.052678
11003 0.259709
11004 0.228292
11005 0.247847
11006 0.103269
11007 0.0771004
11008 0.193051
11009 0.293179
11010 0.655028
11011 0.384178
11012 0.252037
11013 0.295552
11014 0.348172
11015 0.468797
11016 0.437377
11017 0.247522
11018 0.485261
11019 0.420776
11020 0.594573
11021 0.292556
11022 0.148722
11023 0.392414
11024 0.273554
11025 0.411885
11026 0.647294
11027 0.474052
11028 0.525053
11029 0.271183
11030 0.352163
11031 0.476921
11032 0.0860622
11033 0.536913
11034 0.594836
11035 0.356927
11036 0.654199
11037 0.310847
11038 0.568647
11039 0.200555
11040 0.535995
11041 0.268561
11042 0.22312
11043 0.613614
11044 0.318031
11045 0.685398
11046 0.819607
11047 0.568495
11048 0.292926
11049 0.359471
11050 0.384127
11051 0.715419
11052 0.659767
11053 0.484223
11054 0.192359
11055 0.185753
11056 0.424386
11057 0.608459
11058 0.179036
11059 0.44071
11060 0.147093
11061 0.256656
11062 0.526071
11063 0.652671
11064 0.259398
11065 0.382484
11066 0.291461
11067 0.314358
11068 0.620832
11069 0.667035
11070 0.345269
11071 0.377969
11072 0.212683
11073 0.485581
11074 0.582103
11075 0.482328
11076 0.317877
11077 0.341757
11078 0.29243
11079 0.587431
11080 0.56124
11081 0.833125
11082 0.660862
11083 0.307534
11084 0.237644
11085 0.515924
11086 0.641126
11087 0.512988
11088 0.615684
11089 0.263302
11090 0.665776
11091 0.461293
11092 0.592157
11093 0.538141
11094 0.521
11095 0.567168
11096 0.306089
11097 0.610071
11098 0.149123
11099 0.138744
11100 0.0452338
11101 0.719794
11102 0.348717
11103 0.740406
11104 0.614826
11105 0.561409
11106 0.330128
11107 0.519514
11108 0.794807
11109 0.316351
11110 0.286819
11111 0.7508
11112 0.420887
11113 0.770107
11114 0.837084
11115 0.416648
11116 0.179536
11117 0.748323
11118 0.622292
11119 0.524002
11120 0.320525
11121 0.648524
11122 0.216781
11123 0.106082
11124 0.119938
11125 0.123447
11126 0.0550261
11127 0.522332
11128 0.466361
11129 0.730604
11130 0.74277
11131 0.810303
11132 0.72596
11133 0.838099
11134 0.798205
11135 0.795208
11136 0.952943
11137 0.924008
11138 0.909579
11139 0.943792
11140 0.827675
11141 0.940359
11142 0.904234
11143 0.882489
11144 0.817509
11145 0.876266
11146 0.903465
11147 0.857871
11148 0.88251
11149 0.938981
11150 0.729847
11151 0.902167
11152 0.744257
11153 0.92436
11154 0.91512
11155 0.912404
11156 0.822916
11157 0.935535
11158 0.840066
11159 0.887888
11160 0.786586
11161 0.813136
11162 0.879671
11163 0.854705
11164 0.690996
11165 0.878721
11166 0.893298
11167 0.940403
11168 0.887017
11169 0.907733
11170 0.947974
11171 0.780324
11172 0.927797
11173 0.902459
11174 0.915155
11175 0.884451
11176 0.937627
11177 0.914325
11178 0.931314
11179 0.915432
11180 0.92361
11181 0.795723
11182 0.8799
11183 0.816546
11184 0.918451
11185 0.92189
11186 0.869739
11187 0.930815
11188 0.892215
11189 0.900617
11190 0.921123
11191 0.941348
11192 0.66804
11193 0.851096
11194 0.798627
11195 0.813888
11196 0.900366
11197 0.958438
11198 0.852422
11199 0.724472
11200 0.882778
11201 0.948769
11202 0.890946
11203 0.7338
11204 0.608148
11205 0.947887
11206 0.882077
11207 0.907965
11208 0.76921
11209 0.626068
11210 0.872899
11211 0.929332
11212 0.611683
11213 0.945101
11214 0.696434
11215 0.842582
11216 0.821571
11217 0.819162
11218 0.931369
11219 0.899298
11220 0.929737
11221 0.868212
11222 0.834672
11223 0.912376
11224 0.659829
11225 0.901746
11226 0.616626
11227 0.891011
11228 0.874136
11229 0.795233
11230 0.900747
11231 0.920271
11232 0.936398
11233 0.875177
11234 0.935577
11235 0.87476
11236 0.915199
11237 0.907122
11238 0.837036
11239 0.877483
11240 0.900581
11241 0.812356
11242 0.764596
11243 0.933031
11244 0.848209
11245 0.717023
11246 0.85382
11247 0.875468
11248 0.835112
11249 0.794161
11250 0.805582
11251 0.799982
11252 0.917777
11253 0.932949
11254 0.791589
11255 0.940846
11256 0.866103
11257 0.96727
11258 0.922678
11259 0.872504
11260 0.90114
11261 0.911924
11262 0.931819
11263 0.915492
11264 0.887445
11265 0.732142
11266 0.834759
11267 0.600678
11268 0.762145
11269 0.877623
11270 0.680732
11271 0.846418
11272 0.738926
11273 0.924615
11274 0.943143
11275 0.804927
11276 0.89709
11277 0.94188
11278 0.768693
11279 0.920374
11280 0.752906
11281 0.864329
11282 0.788306
11283 0.907332
11284 0.774693
11285 0.739787
11286 0.796509
11287 0.862897
11288 0.944215
11289 0.913263
11290 0.907696
11291 0.930014
11292 0.795898
11293 0.820453
11294 0.896986
11295 0.804911
11296 0.875933
11297 0.935283
11298 0.900161
11299 0.862818
11300 0.717519
11301 0.931678
11302 0.85618
11303 0.608444
11304 0.875465
11305 0.825244
11306 0.842041
11307 0.814266
11308 0.865405
11309 0.746779
11310 0.933342
11311 0.701543
11312 0.87883
11313 0.899443
11314 0.818034
11315 0.910068
11316 0.867559
11317 0.830309
11318 0.856271
11319 0.891553
11320 0.939964
11321 0.711834
11322 0.622574
11323 0.940402
11324 0.891556
11325 0.977788
11326 0.820161
11327 0.916808
11328 0.913277
11329 0.920229
11330 0.90447
11331 0.90077
11332 0.891739
11333 0.863078
11334 0.853278
11335 0.821742
11336 0.953319
11337 0.784841
11338 0.842874
11339 0.724173
11340 0.769754
11341 0.889421
11342 0.87271
11343 0.789251
11344 0.939658
11345 0.890534
11346 0.913194
11347 0.858571
11348 0.946671
11349 0.929524
11350 0.931912
11351 0.946686
11352 0.902042
11353 0.925601
11354 0.928538
11355 0.94769
11356 0.776663
11357 0.814998
11358 0.805824
11359 0.858898
11360 0.867198
11361 0.865222
11362 0.909308
11363 0.842827
11364 0.803041
11365 0.898854
11366 0.730864
11367 0.875205
11368 0.84857
11369 0.886219
11370 0.730581
11371 0.856758
11372 0.819506
11373 0.828179
11374 0.78724
11375 0.880205
11376 0.762676
11377 0.745842
11378 0.793674
11379 0.743676
11380 0.920207
11381 0.809231
11382 0.891986
11383 0.867551
11384 0.77349
11385 0.893599
11386 0.763387
11387 0.92862
11388 0.798556
11389 0.864486
11390 0.860988
11391 0.76775
11392 0.733906
11393 0.908474
11394 0.897579
11395 0.911822
11396 0.899146
11397 0.886261
11398 0.915697
11399 0.9372
11400 0.804469
11401 0.847365
11402 0.826973
11403 0.79236
11404 0.863806
11405 0.88995
11406 0.900958
11407 0.916429
11408 0.797687
11409 0.886362
11410 0.895075
11411 0.908281
11412 0.834088
11413 0.934648
11414 0.941539
11415 0.902046
11416 0.904112
11417 0.903573
11418 0.92885
11419 0.917606
11420 0.807475
11421 0.776658
11422 0.847115
11423 0.796546
11424 0.746851
11425 0.858546
11426 0.885364
11427 0.886625
11428 0.788026
11429 0.977421
11430 0.849358
11431 0.850136
11432 0.844642
11433 0.798161
11434 0.918617
11435 0.8102
11436 0.862807
11437 0.807481
11438 0.945351
11439 0.862296
11440 0.953255
11441 0.797237
11442 0.907209
11443 0.825277
11444 0.787815
11445 0.928484
11446 0.833282
11447 0.723545
11448 0.86644
11449 0.915426
11450 0.935809
11451 0.778168
11452 0.853536
11453 0.851817
11454 0.838378
11455 0.932116
11456 0.706247
11457 0.895738
11458 0.896482
11459 0.944929
11460 0.945699
11461 0.94977
11462 0.731756
11463 0.803877
11464 0.911759
11465 0.867365
11466 0.86219
11467 0.685843
11468 0.937195
11469 0.773788
11470 0.82235
11471 0.878099
11472 0.870601
11473 0.879364
11474 0.734483
11475 0.944196
11476 0.86051
11477 0.819781
11478 0.878328
11479 0.823229
11480 0.870375
11481 0.894758
11482 0.784342
11483 0.845019
11484 0.890867
11485 0.817624
11486 0.798725
11487 0.874046
11488 0.952559
11489 0.881856
11490 0.899509
11491 0.906424
11492 0.937095
11493 0.940546
11494 0.891086
11495 0.902549
11496 0.890194
11497 0.95421
11498 0.91119
11499 0.931774
11500 0.93501
11501 0.897386
11502 0.893255
11503 0.880028
11504 0.870789
11505 0.928912
11506 0.824449
11507 0.91609
11508 0.923125
11509 0.878628
11510 0.687705
11511 0.840253
11512 0.902173
11513 0.739477
11514 0.901687
11515 0.874182
11516 0.787587
11517 0.901027
11518 0.900754
11519 0.947523
11520 0.919864
11521 0.884967
11522 0.935033
11523 0.912705
11524 0.924266
11525 0.956999
11526 0.87414
11527 0.922946
11528 0.93229
11529 0.907335
11530 0.943093
11531 0.962472
11532 0.900802
11533 0.950584
11534 0.949873
11535 0.810689
11536 0.831773
11537 0.849732
11538 0.883403
11539 0.86963
11540 0.89587
11541 0.893969
11542 0.886125
11543 0.95499
11544 0.85369
11545 0.86705
11546 0.914165
11547 0.833353
11548 0.812382
11549 0.933661
11550 0.923619
11551 0.925321
11552 0.832392
11553 0.944914
11554 0.899897
11555 0.915484
11556 0.945483
11557 0.889182
11558 0.902884
11559 0.864106
11560 0.906701
11561 0.856124
11562 0.837193
11563 0.784951
11564 0.910956
11565 0.957968
11566 0.875574
11567 0.920501
11568 0.888074
11569 0.855342
11570 0.94862
11571 0.789049
11572 0.939986
11573 0.994909
11574 0.875299
11575 0.78847
11576 0.961818
11577 0.886128
11578 0.928554
11579 0.646065
11580 0.832537
11581 0.818025
11582 0.966088
11583 0.83659
11584 0.759616
11585 0.641054
11586 0.887915
11587 0.899793
11588 0.903095
11589 0.920718
11590 0.713652
11591 0.839309
11592 0.939407
11593 0.970498
11594 0.927812
11595 0.849104
11596 0.889825
11597 0.877475
11598 0.828666
11599 0.939674
11600 0.915336
11601 0.810596
11602 0.957454
11603 0.922493
11604 0.961097
11605 0.959936
11606 0.753693
11607 0.944185
11608 0.924
11609 0.930126
11610 0.834712
11611 0.918597
11612 0.729921
11613 0.93097
11614 0.97203
11615 0.965178
11616 0.879609
11617 0.860468
11618 0.897682
11619 0.940036
11620 0.780452
11621 0.778008
11622 0.915705
11623 0.811195
11624 0.772612
11625 0.889155
11626 0.84226
11627 0.879668
11628 0.813781
11629 0.94453
11630 0.784343
11631 0.827768
11632 0.929618
11633 0.589332
11634 0.911135
11635 0.808502
11636 0.758186
11637 0.882093
11638 0.901862
11639 0.855938
11640 0.896548
11641 0.896967
11642 0.871117
11643 0.8895
11644 0.81482
11645 0.927401
11646 0.849342
11647 0.902358
11648 0.803219
11649 0.935801
11650 0.929072
11651 0.87586
11652 0.896567
11653 0.896574
11654 0.876319
11655 0.835955
11656 0.942122
11657 0.862621
11658 0.839402
11659 0.925146
11660 0.905442
11661 0.864708
11662 0.622706
11663 0.876736
11664 0.746486
11665 0.87588
11666 0.688129
11667 0.94649
11668 0.908608
11669 0.968015
11670 0.848003
11671 0.923513
11672 0.942452
11673 0.730881
11674 0.866697
11675 0.948934
11676 0.859566
11677 0.921043
11678 0.802273
11679 0.840785
11680 0.911163
11681 0.940825
11682 0.713273
11683 0.957677
11684 0.921758
11685 0.922163
11686 0.92011
11687 0.9797
11688 0.928542
11689 0.908209
11690 0.80596
11691 0.923086
11692 0.811204
11693 0.608492
11694 0.743387
11695 0.886633
11696 0.762796
11697 0.893847
11698 0.818541
11699 0.738557
11700 0.816734
11701 0.930039
11702 0.887878
11703 0.883785
11704 0.918673
11705 0.801466
11706 0.835429
11707 0.936761
11708 0.940111
11709 0.86541
11710 0.942727
11711 0.882754
11712 0.974755
11713 0.883067
11714 0.910154
11715 0.790852
11716 0.989589
11717 0.848354
11718 0.904143
11719 0.934827
11720 0.779637
11721 0.963429
11722 0.789618
11723 0.783378
11724 0.930328
11725 0.85206
11726 0.821981
11727 0.836609
11728 0.721793
11729 0.827013
11730 0.754099
11731 0.891332
11732 0.911727
11733 0.882492
11734 0.856961
11735 0.866866
11736 0.82908
11737 0.582163
11738 0.509367
11739 0.933613
11740 0.855992
11741 0.837401
11742 0.875874
11743 0.787141
11744 0.896402
11745 0.760455
11746 0.65639
11747 0.724348
11748 0.926192
11749 0.736219
11750 0.806275
11751 0.784854
11752 0.784902
11753 0.915982
11754 0.887425
11755 0.761887
11756 0.774732
11757 0.734101
11758 0.607046
11759 0.880803
11760 0.913769
11761 0.970704
11762 0.857709
11763 0.897047
11764 0.806348
11765 0.890175
11766 0.60833
11767 0.556299
11768 0.883498
11769 0.922939
11770 0.913745
11771 0.886091
11772 0.755884
11773 0.828575
11774 0.744501
11775 0.864526
11776 0.59731
11777 0.813942
11778 0.900908
11779 0.953098
11780 0.780017
11781 0.944492
11782 0.898284
11783 0.90986
11784 0.899759
11785 0.891122
11786 0.843547
11787 0.604827
11788 0.727575
11789 0.839774
11790 0.934257
11791 0.90691
11792 0.86086
11793 0.854743
11794 0.811905
11795 0.814585
11796 0.818275
11797 0.647578
11798 0.822516
11799 0.810969
11800 0.793389
11801 0.959608
11802 0.729221
11803 0.938155
11804 0.856326
11805 0.819053
11806 0.787071
11807 0.975244
11808 0.957681
11809 0.824354
11810 0.88165
11811 0.95009
11812 0.944798
11813 0.736344
11814 0.814784
11815 0.908547
11816 0.716091
11817 0.839248
11818 0.896248
11819 0.649413
11820 0.624504
11821 0.885862
11822 0.779994
11823 0.933471
11824 0.911149
11825 0.915924
11826 0.947217
11827 0.935622
11828 0.922835
11829 0.657579
11830 0.931774
11831 0.953009
11832 0.847724
11833 0.933787
11834 0.952191
11835 0.901751
11836 0.900374
11837 0.908102
11838 0.834602
11839 0.903573
11840 0.936312
11841 0.883848
11842 0.900237
11843 0.904499
11844 0.888789
11845 0.916665
11846 0.895102
11847 0.887154
11848 0.917849
11849 0.856517
11850 0.864303
11851 0.907512
11852 0.914873
11853 0.878792
11854 0.863044
11855 0.83573
11856 0.756213
11857 0.85906
11858 0.893565
11859 0.832686
11860 0.886055
11861 0.894836
11862 0.908169
11863 0.888022
11864 0.885967
11865 0.879915
11866 0.8754
11867 0.924839
11868 0.86344
11869 0.878595
11870 0.917271
11871 0.867084
11872 0.930015
11873 0.90251
11874 0.93867
11875 0.890966
11876 0.883296
11877 0.865783
11878 0.929016
11879 0.930025
11880 0.907877
11881 0.851375
11882 0.884667
11883 0.905791
11884 0.924834
11885 0.889691
11886 0.864483
11887 0.868517
11888 0.853284
11889 0.833555
11890 0.904505
11891 0.809064
11892 0.901765
11893 0.900181
11894 0.869508
11895 0.874194
11896 0.814133
11897 0.84434
11898 0.875326
11899 0.885847
11900 0.814817
11901 0.85314
11902 0.732565
11903 0.886048
11904 0.855755
11905 0.868233
11906 0.901373
11907 0.904534
11908 0.959382
11909 0.827055
11910 0.887946
11911 0.96808
11912 0.903617
11913 0.906605
11914 0.917963
11915 0.930657
11916 0.944326
11917 0.889683
11918 0.91541
11919 0.906053
11920 0.909573
11921 0.882963
11922 0.888064
11923 0.763971
11924 0.88105
11925 0.802409
11926 0.780349
11927 0.833123
11928 0.933605
11929 0.936628
11930 0.827895
11931 0.801283
11932 0.9682
11933 0.993956
11934 0.917769
11935 0.858157
11936 0.914463
11937 0.803034
11938 0.910473
11939 0.948872
11940 0.888232
11941 0.893899
11942 0.933973
11943 0.962599
11944 0.926414
11945 0.887183
11946 0.86921
11947 0.775914
11948 0.891329
11949 0.946338
11950 0.866449
11951 0.843944
11952 0.888522
11953 0.875825
11954 0.833282
11955 0.909958
11956 0.932028
11957 0.955774
11958 0.931149
11959 0.884987
11960 0.913459
11961 0.870397
11962 0.884512
11963 0.964488
11964 0.935013
11965 0.829512
11966 0.930799
11967 0.743158
11968 0.881132
11969 0.864963
11970 0.920355
11971 0.88843
11972 0.863207
11973 0.908035
11974 0.931964
11975 0.902636
11976 0.906374
11977 0.878465
11978 0.904257
11979 0.898114
11980 0.90912
11981 0.910461
11982 0.935508
11983 0.939769
11984 0.944521
11985 0.92879
11986 0.83209
11987 0.930329
11988 0.89615
11989 0.898791
11990 0.899145
11991 0.914998
11992 0.906988
11993 0.88525
11994 0.887707
11995 0.915235
11996 0.953566
11997 0.910351
11998 0.897856
11999 0.940213
12000 0.951966
12001 0.899084
12002 0.921178
12003 0.90459
12004 0.861447
12005 0.892412
12006 0.918232
12007 0.83384
12008 0.90367
12009 0.94502
12010 0.929221
12011 0.919902
12012 0.890889
12013 0.899607
12014 0.865264
12015 0.93414
12016 0.922633
12017 0.925964
12018 0.95491
12019 0.928219
12020 0.956202
12021 0.905561
12022 0.921358
12023 0.920635
12024 0.935171
12025 0.893174
12026 0.920604
12027 0.925002
12028 0.89348
12029 0.92833
12030 0.878689
12031 0.738384
12032 0.775489
12033 0.940338
12034 0.943808
12035 0.938264
12036 0.894247
12037 0.942843
12038 0.772382
12039 0.918066
12040 0.939039
12041 0.891579
12042 0.834384
12043 0.922227
12044 0.938507
12045 0.868025
12046 0.795869
12047 0.928388
12048 0.905775
12049 0.85173
12050 0.92521
12051 0.958031
12052 0.882062
12053 0.849887
12054 0.932853
12055 0.867853
12056 0.95673
12057 0.955765
12058 0.960646
12059 0.878991
12060 0.913937
12061 0.947052
12062 0.933271
12063 0.90852
12064 0.90965
12065 0.881326
12066 0.914903
12067 0.904745
12068 0.914381
12069 0.878317
12070 0.857713
12071 0.949634
12072 0.93322
12073 0.920481
12074 0.877997
12075 0.802974
12076 0.954758
12077 0.937526
12078 0.835743
12079 0.896623
12080 0.886699
12081 0.857875
12082 0.856964
12083 0.863363
12084 0.778818
12085 0.803306
12086 0.806347
12087 0.829246
12088 0.919562
12089 0.904231
12090 0.85864
12091 0.906925
12092 0.971768
12093 0.83786
12094 0.891614
12095 0.953969
12096 0.942102
12097 0.954616
12098 0.948751
12099 0.930445
12100 0.918342
12101 0.886623
12102 0.952295
12103 0.883518
12104 0.807575
12105 0.897404
12106 0.948628
12107 0.934305
12108 0.927288
12109 0.911208
12110 0.830105
12111 0.754059
12112 0.787379
12113 0.885427
12114 0.919408
12115 0.899346
12116 0.905253
12117 0.891937
12118 0.862042
12119 0.875384
12120 0.863701
12121 0.897254
12122 0.890031
12123 0.767358
12124 0.834939
12125 0.88524
12126 0.967161
12127 0.859312
12128 0.864474
12129 0.823691
12130 0.940001
12131 0.909185
12132 0.886549
12133 0.947625
12134 0.899259
12135 0.874025
12136 0.984961
12137 0.924913
12138 0.923911
12139 0.830246
12140 0.939094
12141 0.802957
12142 0.948524
12143 0.950545
12144 0.9125
12145 0.932932
12146 0.956533
12147 0.881849
12148 0.841836
12149 0.810135
12150 0.8247
12151 0.907427
12152 0.899293
12153 0.804319
12154 0.758651
12155 0.808221
12156 0.909285
12157 0.825529
12158 0.844022
12159 0.890684
12160 0.935566
12161 0.834034
12162 0.86479
12163 0.855856
12164 0.906655
12165 0.859597
12166 0.956915
12167 0.759698
12168 0.930968
12169 0.974543
12170 0.901526
12171 0.806558
12172 0.961743
12173 0.841457
12174 0.923047
12175 0.894858
12176 0.927768
12177 0.875358
12178 0.975857
12179 0.864999
12180 0.862336
12181 0.901483
12182 0.868423
12183 0.886899
12184 0.888795
12185 0.898812
12186 0.974396
12187 0.930461
12188 0.859474
12189 0.889874
12190 0.943785
12191 0.830961
12192 0.919401
12193 0.934137
12194 0.921283
12195 0.798074
12196 0.808394
12197 0.976557
12198 0.957506
12199 0.94047
12200 0.903566
12201 0.925987
12202 0.919754
12203 0.951704
12204 0.859069
12205 0.896192
12206 0.840884
12207 0.882414
12208 0.865973
12209 0.864652
12210 0.813633
12211 0.886282
12212 0.800211
12213 0.800609
12214 0.916659
12215 0.945396
12216 0.897294
12217 0.938337
12218 0.904962
12219 0.910375
12220 0.912847
12221 0.903499
12222 0.90719
12223 0.961703
12224 0.93276
12225 0.921069
12226 0.967699
12227 0.911961
12228 0.942531
12229 0.93284
12230 0.921507
12231 0.890522
12232 0.937883
12233 0.944825
12234 0.924731
12235 0.956138
12236 0.905522
12237 0.961125
12238 0.944021
12239 0.900548
12240 0.884082
12241 0.936034
12242 0.937044
12243 0.972431
12244 0.955276
12245 0.954212
12246 0.932706
12247 0.947025
12248 0.879533
12249 0.803121
12250 0.880635
12251 0.884797
12252 0.763861
12253 0.863304
12254 0.900765
12255 0.855014
12256 0.916234
12257 0.876934
12258 0.892413
12259 0.547832
12260 0.712136
12261 0.83073
12262 0.854491
12263 0.911943
12264 0.887792
12265 0.865019
12266 0.661816
12267 0.852186
12268 0.807766
12269 0.818144
12270 0.91092
12271 0.846824
12272 0.958446
12273 0.791908
12274 0.824464
12275 0.961971
12276 0.573833
12277 0.539349
12278 0.571395
12279 0.918099
12280 0.946888
12281 0.895114
12282 0.939848
12283 0.971786
12284 0.874294
12285 0.95199
12286 0.639766
12287 0.948304
12288 0.692984
12289 0.847939
12290 0.726516
12291 0.925416
12292 0.610126
12293 0.786809
12294 0.789022
12295 0.785257
12296 0.812076
12297 0.835071
12298 0.863025
12299 0.899205
12300 0.882727
12301 0.84827
12302 0.90098
12303 0.89224
12304 0.767485
12305 0.895531
12306 0.933071
12307 0.789851
12308 0.628402
12309 0.826827
12310 0.908708
12311 0.929733
12312 0.924889
12313 0.847593
12314 0.870226
12315 0.904215
12316 0.739126
12317 0.88057
12318 0.899728
12319 0.895854
12320 0.862401
12321 0.867383
12322 0.921085
12323 0.790599
12324 0.810048
12325 0.887541
12326 0.760345
12327 0.910362
12328 0.757285
12329 0.733301
12330 0.855321
12331 0.809498
12332 0.802951
12333 0.886475
12334 0.658194
12335 0.741542
12336 0.761778
12337 0.890644
12338 0.912904
12339 0.838195
12340 0.973136
12341 0.980538
12342 0.828666
12343 0.946291
12344 0.886996
12345 0.820188
12346 0.852441
12347 0.846038
12348 0.826726
12349 0.880623
12350 0.789539
12351 0.890214
12352 0.741427
12353 0.83116
12354 0.956729
12355 0.757156
12356 0.76271
12357 0.850625
12358 0.867367
12359 0.747703
12360 0.667727
12361 0.620552
12362 0.86884
12363 0.914321
12364 0.849917
12365 0.905105
12366 0.890422
12367 0.686329
12368 0.929911
12369 0.675554
12370 0.657481
12371 0.76483
12372 0.864215
12373 0.827755
12374 0.846433
12375 0.906392
12376 0.706542
12377 0.935379
12378 0.656981
12379 0.832288
12380 0.936495
12381 0.887703
12382 0.886497
12383 0.985121
12384 0.746836
12385 0.881564
12386 0.733451
12387 0.850376
12388 0.775137
12389 0.853227
12390 0.887311
12391 0.856165
12392 0.906972
12393 0.843127
12394 0.884774
12395 0.69185
12396 0.851859
12397 0.953301
12398 0.892253
12399 0.904304
12400 0.903824
12401 0.914476
12402 0.813253
12403 0.855771
12404 0.840571
12405 0.95972
12406 0.84009
12407 0.919844
12408 0.883912
12409 0.891324
12410 0.874709
12411 0.855283
12412 0.834781
12413 0.908284
12414 0.879171
12415 0.924952
12416 0.897445
12417 0.912749
12418 0.90739
12419 0.93994
12420 0.943178
12421 0.904675
12422 0.91194
12423 0.894702
12424 0.926249
12425 0.944074
12426 0.899424
12427 0.925021
12428 0.911076
12429 0.895989
12430 0.953063
12431 0.897942
12432 0.940643
12433 0.921356
12434 0.585213
12435 0.87189
12436 0.62252
12437 0.618503
12438 0.862754
12439 0.657767
12440 0.70361
12441 0.842203
12442 0.643436
12443 0.666565
12444 0.738446
12445 0.757435
12446 0.848034
12447 0.831156
12448 0.856539
12449 0.96867
12450 0.688261
12451 0.697623
12452 0.81568
12453 0.83982
12454 0.531546
12455 0.797301
12456 0.614212
12457 0.610816
12458 0.624325
12459 0.777685
12460 0.551573
12461 0.653599
12462 0.945337
12463 0.614531
12464 0.619803
12465 0.671051
12466 0.801652
12467 0.695587
12468 0.911286
12469 0.931419
12470 0.567205
12471 0.745717
12472 0.907019
12473 0.944788
12474 0.819596
12475 0.8456
12476 0.386657
12477 0.70668
12478 0.711894
12479 0.754848
12480 0.483527
12481 0.64
12482 0.760013
12483 0.447502
12484 0.616671
12485 0.413197
12486 0.803453
12487 0.787865
12488 0.766695
12489 0.428979
12490 0.482127
12491 0.738917
12492 0.820324
12493 0.612432
12494 0.503001
12495 0.550234
12496 0.78398
12497 0.399724
12498 0.477337
12499 0.391216
12500 0.674101
12501 0.615426
12502 0.550524
12503 0.321421
12504 0.549628
12505 0.517325
12506 0.556315
12507 0.522526
12508 0.584991
12509 0.938234
12510 0.570094
12511 0.815185
12512 0.896425
12513 0.913647
12514 0.88876
12515 0.493899
12516 0.45321
12517 0.712222
12518 0.822112
12519 0.415423
12520 0.768967
12521 0.459079
12522 0.94696
12523 0.781109
12524 0.722917
12525 0.84032
12526 0.480734
12527 0.450872
12528 0.519519
12529 0.322653
12530 0.507782
12531 0.173197
12532 0.477809
12533 0.247294
12534 0.377503
12535 0.549621
12536 0.498046
12537 0.550327
12538 0.438027
12539 0.457964
12540 0.791191
12541 0.668418
12542 0.857787
12543 0.626986
12544 0.607914
12545 0.499141
12546 0.952165
12547 0.893906
12548 0.709307
12549 0.573073
12550 0.897709
12551 0.633796
12552 0.897368
12553 0.518061
12554 0.548078
12555 0.54431
12556 0.521272
12557 0.674581
12558 0.657123
12559 0.803187
12560 0.777459
12561 0.195888
12562 0.837566
12563 0.92053
12564 0.834674
12565 0.660529
12566 0.484701
12567 0.471158
12568 0.651171
12569 0.791732
12570 0.315697
12571 0.635152
12572 0.870574
12573 0.57377
12574 0.531201
12575 0.687746
12576 0.681855
12577 0.667094
12578 0.314217
12579 0.514465
12580 0.87422
12581 0.416718
12582 0.82179
12583 0.637759
12584 0.904247
12585 0.290737
12586 0.77573
12587 0.658191
12588 0.773923
12589 0.580484
12590 0.511923
12591 0.732015
12592 0.559921
12593 0.698377
12594 0.489266
12595 0.882147
12596 0.639132
12597 0.537404
12598 0.492853
12599 0.431175
12600 0.566188
12601 0.538348
12602 0.284972
12603 0.605284
12604 0.616121
12605 0.774562
12606 0.675259
12607 0.361716
12608 0.439684
12609 0.543253
12610 0.782834
12611 0.780133
12612 0.455799
12613 0.61505
12614 0.608345
12615 0.496853
12616 0.812315
12617 0.788797
12618 0.796798
12619 0.634957
12620 0.530666
12621 0.631686
12622 0.933199
12623 0.691558
12624 0.832048
12625 0.737459
12626 0.144176
12627 0.841935
12628 0.814061
12629 0.692608
12630 0.476417
12631 0.676026
12632 0.729523
12633 0.308288
12634 0.609594
12635 0.39994
12636 0.378475
12637 0.529407
12638 0.496282
12639 0.57105
12640 0.602397
12641 0.733094
12642 0.931579
12643 0.935815
12644 0.703929
12645 0.429334
12646 0.711288
12647 0.834114
12648 0.756284
12649 0.667215
12650 0.778691
12651 0.946502
12652 0.500601
12653 0.772054
12654 0.927351
12655 0.790715
12656 0.780197
12657 0.788563
12658 0.838501
12659 0.490181
12660 0.832277
12661 0.785867
12662 0.661076
12663 0.776875
12664 0.691557
12665 0.785117
12666 0.74488
12667 0.949419
12668 0.673089
12669 0.89202
12670 0.350656
12671 0.559578
12672 0.822649
12673 0.569912
12674 0.607326
12675 0.551394
12676 0.622501
12677 0.767446
12678 0.922586
12679 0.598721
12680 0.719392
12681 0.603783
12682 0.725174
12683 0.651145
12684 0.751115
12685 0.725812
12686 0.71609
12687 0.684131
12688 0.470098
12689 0.606362
12690 0.734527
12691 0.627553
12692 0.840073
12693 0.619421
12694 0.934752
12695 0.829052
12696 0.813139
12697 0.952976
12698 0.717179
12699 0.795879
12700 0.552456
12701 0.831665
12702 0.369059
12703 0.791342
12704 0.703538
12705 0.749126
12706 0.955078
12707 0.638315
12708 0.542344
12709 0.706307
12710 0.957552
12711 0.795874
12712 0.577986
12713 0.683242
12714 0.575509
12715 0.417494
12716 0.560363
12717 0.635275
12718 0.543137
12719 0.77352
12720 0.836522
12721 0.625266
12722 0.952595
12723 0.843787
12724 0.743922
12725 0.753699
12726 0.941575
12727 0.67262
12728 0.578629
12729 0.750582
12730 0.336814
12731 0.559084
12732 0.667726
12733 0.615669
12734 0.876677
12735 0.646823
12736 0.782913
12737 0.64086
12738 0.606966
12739 0.476494
12740 0.818012
12741 0.737063
12742 0.341486
12743 0.401522
12744 0.595904
12745 0.956911
12746 0.530954
12747 0.677696
12748 0.831848
12749 0.674148
12750 0.650241
12751 0.786232
12752 0.787112
12753 0.58724
12754 0.952089
12755 0.463223
12756 0.608558
12757 0.681362
12758 0.858674
12759 0.392956
12760 0.6239
12761 0.631095
12762 0.680466
12763 0.603048
12764 0.776808
12765 0.714827
12766 0.747509
12767 0.624359
12768 0.646982
12769 0.738589
12770 0.549091
12771 0.546308
12772 0.723162
12773 0.910067
12774 0.695873
12775 0.570178
12776 0.514343
12777 0.550668
12778 0.695634
12779 0.641709
12780 0.858381
12781 0.564157
12782 0.94511
12783 0.417455
12784 0.547848
12785 0.477959
12786 0.581127
12787 0.629568
12788 0.818306
12789 0.62811
12790 0.384722
12791 0.741786
12792 0.725769
12793 0.705077
12794 0.648585
12795 0.485913
12796 0.707329
12797 0.820596
12798 0.77349
12799 0.62885
12800 0.707258
12801 0.9688
12802 0.687265
12803 0.525607
12804 0.433974
12805 0.613871
12806 0.729313
12807 0.767884
12808 0.532485
12809 0.67599
12810 0.774681
12811 0.682597
12812 0.461773
12813 0.511308
12814 0.877347
12815 0.593306
12816 0.554124
12817 0.59401
12818 0.742771
12819 0.645979
12820 0.73473
12821 0.785232
12822 0.66036
12823 0.792948
12824 0.386308
12825 0.739556
12826 0.555441
12827 0.435051
12828 0.66617
12829 0.46315
12830 0.652188
12831 0.616296
12832 0.810862
12833 0.482452
12834 0.74836
12835 0.460192
12836 0.753574
12837 0.488313
12838 0.705505
12839 0.877675
12840 0.498758
12841 0.828885
12842 0.600287
12843 0.646341
12844 0.723369
12845 0.401465
12846 0.5625
12847 0.451624
12848 0.921729
12849 0.665865
12850 0.581401
12851 0.835139
12852 0.596058
12853 0.702496
12854 0.63017
12855 0.477968
12856 0.85432
12857 0.414866
12858 0.809775
12859 0.580447
12860 0.678261
12861 0.71193
12862 0.658389
12863 0.487474
12864 0.849502
12865 0.802982
12866 0.81169
12867 0.60696
12868 0.815744
12869 0.384494
12870 0.51587
12871 0.633954
12872 0.709476
12873 0.973701
12874 0.710607
12875 0.537801
12876 0.81268
12877 0.455474
12878 0.542418
12879 0.608876
12880 0.505237
12881 0.756829
12882 0.562778
12883 0.435244
12884 0.957582
12885 0.555088
12886 0.501131
12887 0.790796
12888 0.695778
12889 0.749787
12890 0.644843
12891 0.60418
12892 0.635846
12893 0.801007
12894 0.553351
12895 0.647664
12896 0.409605
12897 0.623646
12898 0.59957
12899 0.51501
12900 0.790614
12901 0.820116
12902 0.686639
12903 0.434481
12904 0.647295
12905 0.672016
12906 0.856733
12907 0.587498
12908 0.719788
12909 0.814158
12910 0.937825
12911 0.660952
12912 0.834523
12913 0.522013
12914 0.555723
12915 0.560739
12916 0.525893
12917 0.625728
12918 0.329386
12919 0.641537
12920 0.85259
12921 0.552228
12922 0.36777
12923 0.848849
12924 0.6076
12925 0.815326
12926 0.57757
12927 0.543958
12928 0.408051
12929 0.415884
12930 0.482784
12931 0.580445
12932 0.535693
12933 0.64868
12934 0.503949
12935 0.726704
12936 0.851518
12937 0.598626
12938 0.507665
12939 0.659139
12940 0.543514
12941 0.62174
12942 0.645696
12943 0.762045
12944 0.57452
12945 0.736601
12946 0.63262
12947 0.578351
12948 0.483039
12949 0.717676
12950 0.384976
12951 0.493262
12952 0.671886
12953 0.632234
12954 0.53996
12955 0.596898
12956 0.448539
12957 0.617771
12958 0.485639
12959 0.803805
12960 0.735734
12961 0.838209
12962 0.608612
12963 0.544869
12964 0.587927
12965 0.909474
12966 0.405683
12967 0.594547
12968 0.563194
12969 0.434665
12970 0.877305
12971 0.757449
12972 0.645238
12973 0.466999
12974 0.444343
12975 0.721739
12976 0.580178
12977 0.32413
12978 0.903068
12979 0.45934
12980 0.687357
12981 0.904891
12982 0.405757
12983 0.416501
12984 0.702159
12985 0.590093
12986 0.803508
12987 0.557948
12988 0.289902
12989 0.518529
12990 0.618455
12991 0.360879
12992 0.486137
12993 0.550435
12994 0.631298
12995 0.649354
12996 0.605409
12997 0.580952
12998 0.588641
12999 0.335897
13000 0.760451
13001 0.50112
13002 0.559838
13003 0.749418
13004 0.646295
13005 0.847435
13006 0.727862
13007 0.832729
13008 0.740515
13009 0.892267
13010 0.475668
13011 0.826708
13012 0.566438
13013 0.579823
13014 0.814955
13015 0.616931
13016 0.828941
13017 0.44042
13018 0.738059
13019 0.894787
13020 0.638463
13021 0.721171
13022 0.414954
13023 0.847648
13024 0.369079
13025 0.432634
13026 0.539602
13027 0.812407
13028 0.365195
13029 0.715717
13030 0.69542
13031 0.420495
13032 0.85422
13033 0.485003
13034 0.707389
13035 0.87098
13036 0.537173
13037 0.728867
13038 0.585876
13039 0.540789
13040 0.568137
13041 0.569094
13042 0.599471
13043 0.583166
13044 0.450532
13045 0.53029
13046 0.550018
13047 0.713082
13048 0.907034
13049 0.567923
13050 0.609742
13051 0.568227
13052 0.742395
13053 0.575772
13054 0.411877
13055 0.387773
13056 0.477735
13057 0.561783
13058 0.718148
13059 0.872211
13060 0.370403
13061 0.714547
13062 0.768785
13063 0.672823
13064 0.479602
13065 0.753375
13066 0.660831
13067 0.760396
13068 0.702966
13069 0.670496
13070 0.713799
13071 0.976064
13072 0.528328
13073 0.778928
13074 0.735811
13075 0.771826
13076 0.862232
13077 0.705775
13078 0.736613
13079 0.7698
13080 0.750665
13081 0.455584
13082 0.575383
13083 0.644917
13084 0.469923
13085 0.643146
13086 0.38388
13087 0.838591
13088 0.564516
13089 0.815375
13090 0.731476
13091 0.572196
13092 0.408519
13093 0.589598
13094 0.517189
13095 0.632723
13096 0.670505
13097 0.637545
13098 0.605529
13099 0.391849
13100 0.251335
13101 0.534412
13102 0.63199
13103 0.592575
13104 0.538342
13105 0.574842
13106 0.766246
13107 0.559331
13108 0.332486
13109 0.576558
13110 0.836774
13111 0.424086
13112 0.482484
13113 0.693675
13114 0.930979
13115 0.5036
13116 0.704072
13117 0.640096
13118 0.589237
13119 0.719384
13120 0.643039
13121 0.835615
13122 0.429716
13123 0.700044
13124 0.553334
13125 0.740587
13126 0.56358
13127 0.649881
13128 0.695206
13129 0.635191
13130 0.511441
13131 0.86634
13132 0.559842
13133 0.77922
13134 0.867604
13135 0.605683
13136 0.558889
13137 0.755653
13138 0.63295
13139 0.889487
13140 0.844265
13141 0.592826
13142 0.908727
13143 0.471332
13144 0.686051
13145 0.592882
13146 0.819478
13147 0.805571
13148 0.893475
13149 0.774936
13150 0.683256
13151 0.878189
13152 0.691484
13153 0.569923
13154 0.790521
13155 0.662428
13156 0.83089
13157 0.71437
13158 0.784239
13159 0.769033
13160 0.793653
13161 0.739342
13162 0.682862
13163 0.566411
13164 0.872123
13165 0.770446
13166 0.559614
13167 0.580231
13168 0.63599
13169 0.789744
13170 0.616057
13171 0.741774
13172 0.690108
13173 0.474228
13174 0.81642
13175 0.586259
13176 0.75556
13177 0.572716
13178 0.593651
13179 0.847876
13180 0.646462
13181 0.635595
13182 0.65758
13183 0.663835
13184 0.480997
13185 0.727982
13186 0.654338
13187 0.724006
13188 0.534493
13189 0.854052
13190 0.895521
13191 0.608758
13192 0.591203
13193 0.806154
13194 0.790156
13195 0.952463
13196 0.664628
13197 0.591411
13198 0.400215
13199 0.869052
13200 0.711862
13201 0.762127
13202 0.659318
13203 0.838664
13204 0.526836
13205 0.830938
13206 0.814965
13207 0.793409
13208 0.421095
13209 0.674768
13210 0.837241
13211 0.402797
13212 0.728653
13213 0.675994
13214 0.700823
13215 0.493242
13216 0.758128
13217 0.770165
13218 0.753162
13219 0.696504
13220 0.49114
13221 0.52992
13222 0.513171
13223 0.596705
13224 0.681811
13225 0.649366
13226 0.571785
13227 0.754044
13228 0.570056
13229 0.669681
13230 0.548749
13231 0.584991
13232 0.750005
13233 0.728557
13234 0.723239
13235 0.722633
13236 0.616358
13237 0.797684
13238 0.614474
13239 0.678347
13240 0.8792
13241 0.457678
13242 0.445659
13243 0.749747
13244 0.375794
13245 0.552123
13246 0.574234
13247 0.773051
13248 0.582711
13249 0.746801
13250 0.362499
13251 0.514046
13252 0.619138
13253 0.67735
13254 0.802436
13255 0.809835
13256 0.881157
13257 0.540582
13258 0.742758
13259 0.412235
13260 0.426882
13261 0.761198
13262 0.420521
13263 0.907776
13264 0.411866
13265 0.578117
13266 0.746693
13267 0.060523
13268 0.46285
13269 0.156795
13270 0.431837
13271 0.417616
13272 0.840482
13273 0.684779
13274 0.879519
13275 0.884546
13276 0.985293
13277 0.395369
13278 0.593969
13279 0.446371
13280 0.643245
13281 0.609784
13282 0.653198
13283 0.489295
13284 0.312943
13285 0.53812
13286 0.31692
13287 0.395903
13288 0.589848
13289 0.603648
13290 0.283235
13291 0.274468
13292 0.211073
13293 0.456134
13294 0.46678
13295 0.349781
13296 0.780881
13297 0.866102
13298 0.523923
13299 0.559586
13300 0.769848
13301 0.603902
13302 0.712305
13303 0.221817
13304 0.775993
13305 0.832142
13306 0.588145
13307 0.603964
13308 0.574737
13309 0.54746
13310 0.725018
13311 0.578828
13312 0.842521
13313 0.621926
13314 0.579849
13315 0.817871
13316 0.358547
13317 0.141422
13318 0.653942
13319 0.419722
13320 0.470027
13321 0.5177
13322 0.425774
13323 0.885528
13324 0.454659
13325 0.534157
13326 0.0572272
13327 0.76058
13328 0.576688
13329 0.611421
13330 0.637997
13331 0.51438
13332 0.425827
13333 0.394249
13334 0.746166
13335 0.46555
13336 0.471445
13337 0.632391
13338 0.367092
13339 0.710936
13340 0.733138
13341 0.734255
13342 0.380707
13343 0.383908
13344 0.770364
13345 0.74586
13346 0.654078
13347 0.487382
13348 0.829456
13349 0.735432
13350 0.439509
13351 0.291709
13352 0.718312
13353 0.559974
13354 0.568164
13355 0.376945
13356 0.571882
13357 0.799638
13358 0.822263
13359 0.860042
13360 0.406808
13361 0.581737
13362 0.679906
13363 0.569595
13364 0.705128
13365 0.556491
13366 0.427998
13367 0.521941
13368 0.312592
13369 0.816447
13370 0.558665
13371 0.761795
13372 0.499407
13373 0.582423
13374 0.81802
13375 0.413631
13376 0.804187
13377 0.582582
13378 0.493845
13379 0.0433855
13380 0.622563
13381 0.515853
13382 0.809143
13383 0.371892
13384 0.661487
13385 0.37436
13386 0.294967
13387 0.469782
13388 0.416685
13389 0.595491
13390 0.40289
13391 0.801152
13392 0.511752
13393 0.617013
13394 0.788116
13395 0.704312
13396 0.537702
13397 0.619804
13398 0.545654
13399 0.763299
13400 0.287764
13401 0.397151
13402 0.934246
13403 0.543182
13404 0.902842
13405 0.898224
13406 0.412142
13407 0.763962
13408 0.881802
13409 0.571312
13410 0.542653
13411 0.413531
13412 0.71466
13413 0.820868
13414 0.817968
13415 0.941462
13416 0.7371
13417 0.618852
13418 0.537356
13419 0.818777
13420 0.577847
13421 0.797889
13422 0.58309
13423 0.610507
13424 0.739437
13425 0.603407
13426 0.400626
13427 0.500888
13428 0.71331
13429 0.481486
13430 0.567483
13431 0.54465
13432 0.566679
13433 0.824463
13434 0.845503
13435 0.715671
13436 0.64427
13437 0.845401
13438 0.624521
13439 0.635783
13440 0.565317
13441 0.620314
13442 0.63075
13443 0.729553
13444 0.525435
13445 0.591499
13446 0.70731
13447 0.74825
13448 0.742505
13449 0.787565
13450 0.646986
13451 0.817002
13452 0.738033
13453 0.652278
13454 0.516015
13455 0.710524
13456 0.70849
13457 0.778013
13458 0.664777
13459 0.623007
13460 0.660897
13461 0.795922
13462 0.507805
13463 0.592138
13464 0.71461
13465 0.70299
13466 0.47457
13467 0.427068
13468 0.568941
13469 0.675645
13470 0.525304
13471 0.776623
13472 0.466013
13473 0.609239
13474 0.83548
13475 0.702019
13476 0.658107
13477 0.664353
13478 0.153589
13479 0.883077
13480 0.495099
13481 0.666643
13482 0.565384
13483 0.596478
13484 0.83157
13485 0.855648
13486 0.534023
13487 0.721206
13488 0.485899
13489 0.618788
13490 0.484331
13491 0.577893
13492 0.708067
13493 0.815704
13494 0.495312
13495 0.751722
13496 0.796998
13497 0.889706
13498 0.648597
13499 0.737164
13500 0.786782
13501 0.65011
13502 0.824117
13503 0.674281
13504 0.615802
13505 0.579351
13506 0.716428
13507 0.569552
13508 0.65974
13509 0.593152
13510 0.773326
13511 0.85907
13512 0.706916
13513 0.452964
13514 0.674804
13515 0.73842
13516 0.598328
13517 0.729729
13518 0.52758
13519 0.69627
13520 0.514427
13521 0.656355
13522 0.561678
13523 0.890413
13524 0.646853
13525 0.54958
13526 0.611348
13527 0.345084
13528 0.602606
13529 0.696498
13530 0.562322
13531 0.626495
13532 0.627112
13533 0.692055
13534 0.549317
13535 0.517973
13536 0.695556
13537 0.612967
13538 0.930545
13539 0.422148
13540 0.893478
13541 0.496484
13542 0.508184
13543 0.85948
13544 0.882019
13545 0.43296
13546 0.467113
13547 0.631956
13548 0.576795
13549 0.697852
13550 0.73832
13551 0.481863
13552 0.868123
13553 0.659408
13554 0.702257
13555 0.554131
13556 0.778414
13557 0.831774
13558 0.795552
13559 0.744924
13560 0.463419
13561 0.454111
13562 0.384883
13563 0.656197
13564 0.669561
13565 0.805507
13566 0.681312
13567 0.273181
13568 0.780709
13569 0.649466
13570 0.71267
13571 0.530741
13572 0.781691
13573 0.613943
13574 0.744797
13575 0.785664
13576 0.787872
13577 0.925319
13578 0.400932
13579 0.491947
13580 0.554163
13581 0.530735
13582 0.591302
13583 0.685385
13584 0.711258
13585 0.611782
13586 0.734197
13587 0.613505
13588 0.768231
13589 0.738702
13590 0.578532
13591 0.648225
13592 0.521334
13593 0.632288
13594 0.452624
13595 0.736554
13596 0.79693
13597 0.750714
13598 0.493453
13599 0.760376
13600 0.674166
13601 0.731039
13602 0.713258
13603 0.651674
13604 0.301168
13605 0.420944
13606 0.659063
13607 0.628202
13608 0.631542
13609 0.581452
13610 0.652676
13611 0.879124
13612 0.524291
13613 0.689161
13614 0.473768
13615 0.581603
13616 0.629693
13617 0.583131
13618 0.635003
13619 0.768928
13620 0.742428
13621 0.613398
13622 0.546653
13623 0.753151
13624 0.456038
13625 0.833886
13626 0.670258
13627 0.574259
13628 0.67737
13629 0.255871
13630 0.374815
13631 0.749018
13632 0.65599
13633 0.748709
13634 0.637822
13635 0.779479
13636 0.707549
13637 0.762417
13638 0.740285
13639 0.445786
13640 0.335606
13641 0.844773
13642 0.698535
13643 0.740566
13644 0.749378
13645 0.738481
13646 0.553464
13647 0.495589
13648 0.832164
13649 0.686044
13650 0.370419
13651 0.664378
13652 0.584537
13653 0.614466
13654 0.736534
13655 0.668211
13656 0.499816
13657 0.679773
13658 0.666922
13659 0.468146
13660 0.515656
13661 0.517461
13662 0.486892
13663 0.575059
13664 0.542594
13665 0.552701
13666 0.661378
13667 0.778663
13668 0.69095
13669 0.693405
13670 0.828268
13671 0.730531
13672 0.701407
13673 0.53912
13674 0.675664
13675 0.668506
13676 0.683309
13677 0.719059
13678 0.838556
13679 0.36243
13680 0.458402
13681 0.61314
13682 0.672285
13683 0.413784
13684 0.42153
13685 0.550382
13686 0.553537
13687 0.790265
13688 0.442032
13689 0.620538
13690 0.920378
13691 0.642872
13692 0.483912
13693 0.552642
13694 0.646698
13695 0.444867
13696 0.563188
13697 0.590701
13698 0.71064
13699 0.448016
13700 0.710457
13701 0.907585
13702 0.645147
13703 0.842145
13704 0.8279
13705 0.475284
13706 0.85988
13707 0.707552
13708 0.625925
13709 0.749537
13710 0.654897
13711 0.784531
13712 0.690853
13713 0.86269
13714 0.74649
13715 0.639247
13716 0.899057
13717 0.707676
13718 0.91681
13719 0.739879
13720 0.567704
13721 0.568832
13722 0.553163
13723 0.781844
13724 0.624705
13725 0.423679
13726 0.746739
13727 0.721335
13728 0.747908
13729 0.520458
13730 0.731455
13731 0.717205
13732 0.551968
13733 0.67208
13734 0.848886
13735 0.747564
13736 0.863518
13737 0.393004
13738 0.952945
13739 0.560074
13740 0.803213
13741 0.420688
13742 0.571354
13743 0.638744
13744 0.695297
13745 0.731981
13746 0.967605
13747 0.371639
13748 0.481483
13749 0.675422
13750 0.600789
13751 0.858238
13752 0.595043
13753 0.748116
13754 0.610383
13755 0.641361
13756 0.753702
13757 0.610379
13758 0.582415
13759 0.747709
13760 0.622532
13761 0.590329
13762 0.703454
13763 0.649006
13764 0.844404
13765 0.780864
13766 0.591256
13767 0.55479
13768 0.543914
13769 0.631433
13770 0.730072
13771 0.525518
13772 0.729923
13773 0.71282
13774 0.470773
13775 0.805592
13776 0.681344
13777 0.647084
13778 0.537357
13779 0.422424
13780 0.515979
13781 0.636687
13782 0.559053
13783 0.647185
13784 0.676905
13785 0.858886
13786 0.565124
13787 0.792335
13788 0.738636
13789 0.772921
13790 0.714524
13791 0.323257
13792 0.703827
13793 0.601389
13794 0.704319
13795 0.573101
13796 0.621557
13797 0.67836
13798 0.479657
13799 0.604981
13800 0.511281
13801 0.490282
13802 0.206926
13803 0.63955
13804 0.657193
13805 0.547964
13806 0.771717
13807 0.39547
13808 0.869173
13809 0.813775
13810 0.697531
13811 0.627536
13812 0.243891
13813 0.280562
13814 0.539727
13815 0.553933
13816 0.618125
13817 0.614314
13818 0.823399
13819 0.7343
13820 0.429713
13821 0.463465
13822 0.592279
13823 0.537408
13824 0.345664
13825 0.371498
13826 0.720975
13827 0.622514
13828 0.723014
13829 0.741216
13830 0.601752
13831 0.627261
13832 0.618918
13833 0.731383
13834 0.595724
13835 0.762495
13836 0.785777
13837 0.695676
13838 0.787292
13839 0.632164
13840 0.427457
13841 0.810555
13842 0.449087
13843 0.727392
13844 0.750065
13845 0.34402
13846 0.483362
13847 0.416891
13848 0.604041
13849 0.492873
13850 0.788229
13851 0.626646
13852 0.290459
13853 0.623644
13854 0.328879
13855 0.729
13856 0.54665
13857 0.274109
13858 0.647686
13859 0.64177
13860 0.857553
13861 0.407621
13862 0.605264
13863 0.702016
13864 0.402038
13865 0.795529
13866 0.529248
13867 0.781648
13868 0.806988
13869 0.53341
13870 0.369529
13871 0.708496
13872 0.634072
13873 0.471585
13874 0.256056
13875 0.717194
13876 0.779356
13877 0.491659
13878 0.319118
13879 0.761483
13880 0.621159
13881 0.808649
13882 0.522081
13883 0.514619
13884 0.680147
13885 0.698693
13886 0.403086
13887 0.709715
13888 0.766252
13889 0.738497
13890 0.856083
13891 0.36071
13892 0.937595
13893 0.698594
13894 0.571862
13895 0.679208
13896 0.694388
13897 0.710398
13898 0.777385
13899 0.551869
13900 0.613971
13901 0.546647
13902 0.828803
13903 0.46946
13904 0.557928
13905 0.407097
13906 0.434471
13907 0.499118
13908 0.676722
13909 0.758731
13910 0.747539
13911 0.629837
13912 0.502007
13913 0.281319
13914 0.720227
13915 0.749781
13916 0.599123
13917 0.719726
13918 0.613257
13919 0.568726
13920 0.57362
13921 0.823351
13922 0.804281
13923 0.625249
13924 0.829479
13925 0.66426
13926 0.607147
13927 0.554398
13928 0.832344
13929 0.605177
13930 0.455116
13931 0.586383
13932 0.803505
13933 0.551349
13934 0.668863
13935 0.922776
13936 0.771402
13937 0.756467
13938 0.767531
13939 0.585985
13940 0.573787
13941 0.656497
13942 0.929825
13943 0.666724
13944 0.885976
13945 0.589676
13946 0.75667
13947 0.794919
13948 0.891982
13949 0.820596
13950 0.715585
13951 0.497501
13952 0.684928
13953 0.483254
13954 0.670307
13955 0.818694
13956 0.350535
13957 0.69022
13958 0.553326
13959 0.732473
13960 0.901727
13961 0.380013
13962 0.590238
13963 0.386375
13964 0.732409
13965 0.754735
13966 0.800968
13967 0.703738
13968 0.735852
13969 0.758472
13970 0.738905
13971 0.833701
13972 0.641639
13973 0.53354
13974 0.604057
13975 0.66278
13976 0.55523
13977 0.702844
13978 0.500937
13979 0.454071
13980 0.548145
13981 0.718292
13982 0.441287
13983 0.568839
13984 0.851349
13985 0.520806
13986 0.641273
13987 0.453939
13988 0.553632
13989 0.575818
13990 0.550161
13991 0.726467
13992 0.585982
13993 0.575774
13994 0.761807
13995 0.610359
13996 0.79886
13997 0.766225
13998 0.694415
13999 0.800934
14000 0.340099
14001 0.415349
14002 0.6847
14003 0.672528
14004 0.758312
14005 0.516517
14006 0.477135
14007 0.641889
14008 0.621675
14009 0.652282
14010 0.787228
14011 0.63569
14012 0.650293
14013 0.802449
14014 0.428837
14015 0.577279
14016 0.439644
14017 0.773164
14018 0.541271
14019 0.818759
14020 0.598013
14021 0.739795
14022 0.390972
14023 0.539033
14024 0.798321
14025 0.629028
14026 0.659937
14027 0.832491
14028 0.421218
14029 0.463666
14030 0.709721
14031 0.898049
14032 0.770429
14033 0.782981
14034 0.654315
14035 0.77833
14036 0.7305
14037 0.633903
14038 0.686285
14039 0.809089
14040 0.534698
14041 0.750878
14042 0.795844
14043 0.778983
14044 0.738004
14045 0.759993
14046 0.744668
14047 0.407596
14048 0.909285
14049 0.34512
14050 0.530179
14051 0.810275
14052 0.466644
14053 0.906828
14054 0.766728
14055 0.430233
14056 0.479914
14057 0.468161
14058 0.548171
14059 0.551258
14060 0.510805
14061 0.955869
14062 0.708308
14063 0.562318
14064 0.792477
14065 0.511484
14066 0.6099
14067 0.557626
14068 0.422083
14069 0.398452
14070 0.478021
14071 0.877143
14072 0.787556
14073 0.910358
14074 0.769314
14075 0.495148
14076 0.750659
14077 0.818161
14078 0.805894
14079 0.830544
14080 0.638656
14081 0.448146
14082 0.595982
14083 0.926433
14084 0.693245
14085 0.7482
14086 0.756009
14087 0.72257
14088 0.835709
14089 0.406555
14090 0.534622
14091 0.646417
14092 0.836002
14093 0.639129
14094 0.470822
14095 0.743837
14096 0.729864
14097 0.538162
14098 0.631073
14099 0.485962
14100 0.812142
14101 0.846145
14102 0.719293
14103 0.705948
14104 0.786371
14105 0.594427
14106 0.737905
14107 0.538857
14108 0.190362
14109 0.570838
14110 0.651769
14111 0.701508
14112 0.654253
14113 0.490725
14114 0.433334
14115 0.658996
14116 0.615711
14117 0.669326
14118 0.451154
14119 0.72053
14120 0.546903
14121 0.841886
14122 0.937855
14123 0.457275
14124 0.52408
14125 0.872966
14126 0.509116
14127 0.511201
14128 0.780852
14129 0.681477
14130 0.642221
14131 0.754101
14132 0.702319
14133 0.79312
14134 0.696769
14135 0.791361
14136 0.556676
14137 0.43761
14138 0.439309
14139 0.738941
14140 0.528407
14141 0.642023
14142 0.620785
14143 0.673634
14144 0.523452
14145 0.562787
14146 0.772624
14147 0.899559
14148 0.64967
14149 0.656918
14150 0.761197
14151 0.748294
14152 0.6861
14153 0.535192
14154 0.55806
14155 0.66055
14156 0.662299
14157 0.764265
14158 0.862012
14159 0.754256
14160 0.486426
14161 0.841023
14162 0.754454
14163 0.437814
14164 0.533243
14165 0.683931
14166 0.609395
14167 0.596002
14168 0.682909
14169 0.672272
14170 0.505026
14171 0.46004
14172 0.599471
14173 0.277423
14174 0.224421
14175 0.723079
14176 0.892986
14177 0.523205
14178 0.701968
14179 0.582928
14180 0.421582
14181 0.665103
14182 0.516261
14183 0.647073
14184 0.748407
14185 0.533268
14186 0.759286
14187 0.719441
14188 0.667505
14189 0.692621
14190 0.63593
14191 0.732579
14192 0.734797
14193 0.594243
14194 0.623902
14195 0.560723
14196 0.688955
14197 0.777347
14198 0.910356
14199 0.630876
14200 0.799437
14201 0.519854
14202 0.512249
14203 0.785603
14204 0.643951
14205 0.652142
14206 0.761098
14207 0.639343
14208 0.696763
14209 0.586565
14210 0.736561
14211 0.643559
14212 0.608777
14213 0.434503
14214 0.625135
14215 0.63477
14216 0.668318
14217 0.79132
14218 0.450363
14219 0.752716
14220 0.628181
14221 0.804196
14222 0.677964
14223 0.901787
14224 0.742685
14225 0.823213
14226 0.565864
14227 0.588059
14228 0.74358
14229 0.556761
14230 0.423749
14231 0.504062
14232 0.549309
14233 0.477482
14234 0.70461
14235 0.624557
14236 0.632101
14237 0.582121
14238 0.785121
14239 0.891016
14240 0.584482
14241 0.736098
14242 0.467269
14243 0.618932
14244 0.517388
14245 0.774432
14246 0.662003
14247 0.788137
14248 0.684748
14249 0.439714
14250 0.670418
14251 0.760959
14252 0.621939
14253 0.747051
14254 0.800708
14255 0.670641
14256 0.421346
14257 0.675202
14258 0.463577
14259 0.672686
14260 0.624713
14261 0.714727
14262 0.485355
14263 0.583379
14264 0.640604
14265 0.687843
14266 0.497379
14267 0.676475
14268 0.427138
14269 0.488028
14270 0.608994
14271 0.652009
14272 0.753124
14273 0.687249
14274 0.54444
14275 0.745555
14276 0.714371
14277 0.766692
14278 0.942083
14279 0.769695
14280 0.565765
14281 0.660016
14282 0.550809
14283 0.85999
14284 0.562546
14285 0.60485
14286 0.775347
14287 0.602503
14288 0.521039
14289 0.531343
14290 0.44153
14291 0.435743
14292 0.485577
14293 0.599791
14294 0.93068
14295 0.846933
14296 0.77566
14297 0.392844
14298 0.708383
14299 0.6121
14300 0.708679
14301 0.526572
14302 0.717808
14303 0.752263
14304 0.418691
14305 0.874804
14306 0.759489
14307 0.863816
14308 0.498066
14309 0.725954
14310 0.516704
14311 0.668249
14312 0.619588
14313 0.915719
14314 0.725093
14315 0.769479
14316 0.802752
14317 0.628302
14318 0.51851
14319 0.453288
14320 0.785623
14321 0.687449
14322 0.70908
14323 0.445968
14324 0.374411
14325 0.588185
14326 0.527548
14327 0.680477
14328 0.621482
14329 0.84706
14330 0.531189
14331 0.729603
14332 0.767687
14333 0.730442
14334 0.63033
14335 0.5173
14336 0.269232
14337 0.371888
14338 0.319664
14339 0.574638
14340 0.689274
14341 0.655549
14342 0.750843
14343 0.698836
14344 0.699619
14345 0.835125
14346 0.626493
14347 0.967456
14348 0.617539
14349 0.540724
14350 0.629094
14351 0.479215
14352 0.692731
14353 0.652859
14354 0.521595
14355 0.612453
14356 0.655656
14357 0.87032
14358 0.47577
14359 0.473603
14360 0.527141
14361 0.813883
14362 0.81284
14363 0.686418
14364 0.652151
14365 0.917506
14366 0.536479
14367 0.468397
14368 0.718144
14369 0.849456
14370 0.807071
14371 0.685134
14372 0.794598
14373 0.702796
14374 0.897891
14375 0.782583
14376 0.788847
14377 0.463888
14378 0.632815
14379 0.469
14380 0.813559
14381 0.480438
14382 0.702031
14383 0.725687
14384 0.673118
14385 0.770945
14386 0.589057
14387 0.678154
14388 0.613016
14389 0.632604
14390 0.67657
14391 0.797139
14392 0.433145
14393 0.356809
14394 0.657929
14395 0.590801
14396 0.733318
14397 0.84985
14398 0.875879
14399 0.59382
14400 0.660044
14401 0.9093
14402 0.640471
14403 0.816031
14404 0.612356
14405 0.423066
14406 0.789445
14407 0.524229
14408 0.751217
14409 0.683225
14410 0.639598
14411 0.7857
14412 0.712381
14413 0.685402
14414 0.642615
14415 0.728744
14416 0.80279
14417 0.665709
14418 0.823052
14419 0.601811
14420 0.90654
14421 0.656853
14422 0.796405
14423 0.533839
14424 0.62828
14425 0.551467
14426 0.638881
14427 0.683525
14428 0.718902
14429 0.555066
14430 0.788157
14431 0.736483
14432 0.631404
14433 0.650921
14434 0.726996
14435 0.617133
14436 0.738809
14437 0.841712
14438 0.699907
14439 0.719593
14440 0.922876
14441 0.740633
14442 0.920005
14443 0.685761
14444 0.610566
14445 0.7712
14446 0.521411
14447 0.704646
14448 0.717592
14449 0.694585
14450 0.709321
14451 0.772384
14452 0.453815
14453 0.693571
14454 0.83196
14455 0.694289
14456 0.771515
14457 0.758738
14458 0.589962
14459 0.764192
14460 0.569202
14461 0.846306
14462 0.675249
14463 0.969442
14464 0.54802
14465 0.855047
14466 0.666287
14467 0.839702
14468 0.48807
14469 0.565191
14470 0.420777
14471 0.655133
14472 0.492548
14473 0.642155
14474 0.631216
14475 0.530609
14476 0.480693
14477 0.583357
14478 0.743951
14479 0.855432
14480 0.811948
14481 0.63886
14482 0.707519
14483 0.498845
14484 0.671885
14485 0.904993
14486 0.323018
14487 0.20853
14488 0.444604
14489 0.613447
14490 0.590568
14491 0.684144
14492 0.598286
14493 0.933611
14494 0.863443
14495 0.603357
14496 0.702913
14497 0.508042
14498 0.668634
14499 0.384635
14500 0.277587
14501 0.813851
14502 0.333463
14503 0.499788
14504 0.63355
14505 0.835087
14506 0.714131
14507 0.53016
14508 0.73181
14509 0.509364
14510 0.745151
14511 0.688981
14512 0.61173
14513 0.470895
14514 0.549966
14515 0.767991
14516 0.725357
14517 0.519493
14518 0.794392
14519 0.509151
14520 0.69848
14521 0.289911
14522 0.467994
14523 0.417498
14524 0.521572
14525 0.451396
14526 0.410786
14527 0.476891
14528 0.484436
14529 0.467033
14530 0.426529
14531 0.635714
14532 0.581268
14533 0.878907
14534 0.553619
14535 0.695715
14536 0.828359
14537 0.68097
14538 0.549334
14539 0.418191
14540 0.640684
14541 0.465638
14542 0.362399
14543 0.543076
14544 0.590826
14545 0.83218
14546 0.499689
14547 0.732895
14548 0.632498
14549 0.417768
14550 0.433301
14551 0.596412
14552 0.782036
14553 0.75876
14554 0.762418
14555 0.636645
14556 0.540145
14557 0.588599
14558 0.839544
14559 0.709158
14560 0.68413
14561 0.484862
14562 0.487768
14563 0.649305
14564 0.931587
14565 0.732048
14566 0.609039
14567 0.76113
14568 0.771624
14569 0.667983
14570 0.620534
14571 0.669395
14572 0.774526
14573 0.665815
14574 0.656716
14575 0.589029
14576 0.526169
14577 0.70196
14578 0.805788
14579 0.84186
14580 0.718393
14581 0.325402
14582 0.59131
14583 0.917138
14584 0.499739
14585 0.916587
14586 0.832949
14587 0.706926
14588 0.379037
14589 0.640041
14590 0.386675
14591 0.683448
14592 0.491759
14593 0.444159
14594 0.744475
14595 0.449401
14596 0.454429
14597 0.731901
14598 0.450847
14599 0.784278
14600 0.463118
14601 0.762244
14602 0.626305
14603 0.525158
14604 0.519201
14605 0.734291
14606 0.406356
14607 0.652438
14608 0.792401
14609 0.747524
14610 0.441694
14611 0.508969
14612 0.637017
14613 0.427053
14614 0.44344
14615 0.420344
14616 0.340798
14617 0.506912
14618 0.534455
14619 0.536881
14620 0.488135
14621 0.542855
14622 0.586897
14623 0.452397
14624 0.49826
14625 0.328851
14626 0.423932
14627 0.871646
14628 0.422814
14629 0.397398
14630 0.247027
14631 0.467942
14632 0.549444
14633 0.763166
14634 0.673907
14635 0.807595
14636 0.51524
14637 0.36612
14638 0.68248
14639 0.429045
14640 0.719053
14641 0.66123
14642 0.413444
14643 0.729687
14644 0.533095
14645 0.336226
14646 0.515357
14647 0.461873
14648 0.380668
14649 0.645484
14650 0.610438
14651 0.473218
14652 0.610889
14653 0.422032
14654 0.404421
14655 0.473954
14656 0.698913
14657 0.698759
14658 0.549749
14659 0.395565
14660 0.359489
14661 0.758776
14662 0.733233
14663 0.820559
14664 0.662708
14665 0.336918
14666 0.725596
14667 0.408579
14668 0.509159
14669 0.484673
14670 0.497088
14671 0.906413
14672 0.471459
14673 0.555714
14674 0.771464
14675 0.271743
14676 0.509689
14677 0.698713
14678 0.766027
14679 0.648814
14680 0.72143
14681 0.667576
14682 0.732788
14683 0.65745
14684 0.707072
14685 0.701356
14686 0.535094
14687 0.365278
14688 0.516903
14689 0.560666
14690 0.574935
14691 0.605795
14692 0.513632
14693 0.702202
14694 0.708402
14695 0.639858
14696 0.604732
14697 0.268333
14698 0.587355
14699 0.408842
14700 0.746469
14701 0.763468
14702 0.653215
14703 0.630581
14704 0.656912
14705 0.416129
14706 0.808167
14707 0.428469
14708 0.6825
14709 0.706263
14710 0.802323
14711 0.727185
14712 0.552013
14713 0.525256
14714 0.462552
14715 0.461605
14716 0.401632
14717 0.335211
14718 0.503148
14719 0.560863
14720 0.71055
14721 0.663852
14722 0.397264
14723 0.663341
14724 0.651287
14725 0.643721
14726 0.588372
14727 0.809426
14728 0.614278
14729 0.53737
14730 0.621393
14731 0.813051
14732 0.833968
14733 0.738888
14734 0.734892
14735 0.798132
14736 0.707321
14737 0.690448
14738 0.901104
14739 0.64942
14740 0.692483
14741 0.748624
14742 0.726553
14743 0.881919
14744 0.249442
14745 0.662101
14746 0.184048
14747 0.524484
14748 0.756023
14749 0.740107
14750 0.702198
14751 0.804894
14752 0.738773
14753 0.635968
14754 0.407682
14755 0.622001
14756 0.861262
14757 0.425956
14758 0.462506
14759 0.740659
14760 0.689725
14761 0.649191
14762 0.64124
14763 0.646367
14764 0.654386
14765 0.668074
14766 0.623508
14767 0.597353
14768 0.7092
14769 0.640033
14770 0.392597
14771 0.74026
14772 0.698489
14773 0.481793
14774 0.75276
14775 0.459764
14776 0.634822
14777 0.663833
14778 0.455835
14779 0.623592
14780 0.808064
14781 0.602394
14782 0.887806
14783 0.561644
14784 0.810321
14785 0.74425
14786 0.841217
14787 0.846056
14788 0.708086
14789 0.687893
14790 0.762816
14791 0.739827
14792 0.629668
14793 0.667867
14794 0.655153
14795 0.55276
14796 0.651837
14797 0.901971
14798 0.710008
14799 0.697683
14800 0.722823
14801 0.784514
14802 0.845964
14803 0.750507
14804 0.847041
14805 0.706922
14806 0.656206
14807 0.533394
14808 0.723884
14809 0.356292
14810 0.454988
14811 0.630447
14812 0.815918
14813 0.780583
14814 0.660255
14815 0.733714
14816 0.427813
14817 0.518289
14818 0.904349
14819 0.479313
14820 0.791109
14821 0.606284
14822 0.617898
14823 0.739278
14824 0.590684
14825 0.905554
14826 0.777059
14827 0.725181
14828 0.62798
14829 0.681762
14830 0.724563
14831 0.786954
14832 0.57402
14833 0.858492
14834 0.434989
14835 0.562583
14836 0.753229
14837 0.703113
14838 0.376206
14839 0.568048
14840 0.692035
14841 0.382542
14842 0.757974
14843 0.504312
14844 0.667852
14845 0.817092
14846 0.638037
14847 0.554015
14848 0.506754
14849 0.66353
14850 0.605109
14851 0.879542
14852 0.544081
14853 0.786214
14854 0.938483
14855 0.240503
14856 0.853729
14857 0.72001
14858 0.822613
14859 0.565201
14860 0.269103
14861 0.84989
14862 0.591601
14863 0.369749
14864 0.543949
14865 0.315236
14866 0.785099
14867 0.59622
14868 0.811447
14869 0.421786
14870 0.599968
14871 0.870147
14872 0.492813
14873 0.661859
14874 0.617304
14875 0.41532
14876 0.333408
14877 0.824552
14878 0.765961
14879 0.599722
14880 0.886132
14881 0.896312
14882 0.790737
14883 0.711404
14884 0.640035
14885 0.705279
14886 0.485844
14887 0.739952
14888 0.638011
14889 0.91498
14890 0.366669
14891 0.580555
14892 0.640384
14893 0.691593
14894 0.505585
14895 0.615857
14896 0.635861
14897 0.410105
14898 0.656333
14899 0.625569
14900 0.785883
14901 0.734957
14902 0.374014
14903 0.706688
14904 0.683135
14905 0.696212
14906 0.622889
14907 0.865164
14908 0.868397
14909 0.762371
14910 0.71169
14911 0.840212
14912 0.71684
14913 0.728303
14914 0.64495
14915 0.776474
14916 0.744761
14917 0.518469
14918 0.514064
14919 0.771744
14920 0.771454
14921 0.637947
14922 0.531712
14923 0.581489
14924 0.609514
14925 0.7716
14926 0.659564
14927 0.815121
14928 0.444675
14929 0.3637
14930 0.652384
14931 0.257297
14932 0.430983
14933 0.328357
14934 0.505376
14935 0.715835
14936 0.740076
14937 0.551156
14938 0.695315
14939 0.698529
14940 0.419607
14941 0.664665
14942 0.721595
14943 0.538459
14944 0.52254
14945 0.829035
14946 0.569515
14947 0.616449
14948 0.803217
14949 0.506593
14950 0.512511
14951 0.60573
14952 0.590709
14953 0.469619
14954 0.564991
14955 0.487119
14956 0.735684
14957 0.752355
14958 0.622134
14959 0.608818
14960 0.850029
14961 0.730078
14962 0.721846
14963 0.778487
14964 0.661966
14965 0.660532
14966 0.864786
14967 0.647465
14968 0.856826
14969 0.756941
14970 0.876631
14971 0.972371
14972 0.853162
14973 0.799809
14974 0.859463
14975 0.840467
14976 0.930588
14977 0.805756
14978 0.941778
14979 0.888774
14980 0.946886
14981 0.836764
14982 0.753316
14983 0.834236
14984 0.701613
14985 0.829696
14986 0.773624
14987 0.846847
14988 0.618484
14989 0.572308
14990 0.658769
14991 0.317033
14992 0.281499
14993 0.439357
14994 0.511574
14995 0.826236
14996 0.806703
14997 0.859348
14998 0.902413
14999 0.773691
15000 0.908974
15001 0.793747
15002 0.898503
15003 0.878514
15004 0.793943
15005 0.430656
15006 0.628195
15007 0.487416
15008 0.58813
15009 0.624079
15010 0.566173
15011 0.582016
15012 0.630115
15013 0.476419
15014 0.562237
15015 0.511107
15016 0.621916
15017 0.609848
15018 0.781183
15019 0.462569
15020 0.618244
15021 0.805395
15022 0.906547
15023 0.872146
15024 0.766621
15025 0.889878
15026 0.849079
15027 0.803045
15028 0.882043
15029 0.839513
15030 0.79783
15031 0.789875
15032 0.631706
15033 0.738716
15034 0.649417
15035 0.695721
15036 0.646812
15037 0.808411
15038 0.35632
15039 0.269488
15040 0.914009
15041 0.647308
15042 0.274668
15043 0.370864
15044 0.712296
15045 0.730426
15046 0.256286
15047 0.837554
15048 0.562078
15049 0.54909
15050 0.298748
15051 0.363681
15052 0.443394
15053 0.062777
15054 0.794566
15055 0.495061
15056 0.749631
15057 0.644974
15058 0.758219
15059 0.490771
15060 0.643682
15061 0.459222
15062 0.62481
15063 0.658143
15064 0.802788
15065 0.519645
15066 0.495058
15067 0.434149
15068 0.402301
15069 0.572593
15070 0.224413
15071 0.409392
15072 0.267594
15073 0.467612
15074 0.594305
15075 0.39249
15076 0.243796
15077 0.49901
15078 0.489879
15079 0.624659
15080 0.725027
15081 0.590247
15082 0.607001
15083 0.771821
15084 0.883439
15085 0.702969
15086 0.426592
15087 0.768236
15088 0.259849
15089 0.632672
15090 0.380241
15091 0.213148
15092 0.0905801
15093 0.124885
15094 0.17809
15095 0.222361
15096 0.466926
15097 0.209846
15098 0.362522
15099 0.423481
15100 0.282751
15101 0.233011
15102 0.700561
15103 0.285035
15104 0.243904
15105 0.148705
15106 0.193877
15107 0.266846
15108 0.0621434
15109 0.520692
15110 0.179283
15111 0.143497
15112 0.449921
15113 0.305688
15114 0.134012
15115 0.142554
15116 0.578747
15117 0.169103
15118 0.203663
15119 0.285725
15120 0.617465
15121 0.423748
15122 0.322936
15123 0.304266
15124 0.150743
15125 0.636288
15126 0.03903
15127 0.451774
15128 0.304367
15129 0.556148
15130 0.222214
15131 0.541058
15132 0.487395
15133 0.379552
15134 0.388987
15135 0.267497
15136 0.418467
15137 0.491446
15138 0.613651
15139 0.282644
15140 0.599786
15141 0.408738
15142 0.273175
15143 0.384521
15144 0.274537
15145 0.433243
15146 0.0477945
15147 0.183054
15148 0.298894
15149 0.2435
15150 0.587327
15151 0.282069
15152 0.569963
15153 0.372311
15154 0.263519
15155 0.68665
15156 0.512918
15157 0.465502
15158 0.625895
15159 0.380013
15160 0.375583
15161 0.236501
15162 0.492408
15163 0.296847
15164 0.543402
15165 0.463107
15166 0.211573
15167 0.574422
15168 0.461093
15169 0.552781
15170 0.636022
15171 0.883661
15172 0.931655
15173 0.964441
15174 0.517298
15175 0.48661
15176 0.293713
15177 0.759832
15178 0.356266
15179 0.417434
15180 0.563624
15181 0.412129
15182 0.734562
15183 0.550982
15184 0.476113
15185 0.57951
15186 0.436074
15187 0.640087
15188 0.605425
15189 0.596216
15190 0.549028
15191 0.613444
15192 0.796496
15193 0.852896
15194 0.719337
15195 0.807122
15196 0.814467
15197 0.787651
15198 0.871252
15199 0.952981
15200 0.551402
15201 0.596003
15202 0.866159
15203 0.834316
15204 0.736532
15205 0.26055
15206 0.77301
15207 0.33439
15208 0.562462
15209 0.587891
15210 0.467757
15211 0.738218
15212 0.734603
15213 0.645043
15214 0.309655
15215 0.694659
15216 0.235097
15217 0.642958
15218 0.874456
15219 0.370814
15220 0.198456
15221 0.328429
15222 0.281123
15223 0.224301
15224 0.333577
15225 0.505205
15226 0.37443
15227 0.0671746
15228 0.65173
15229 0.220698
15230 0.466992
15231 0.737803
15232 0.162295
15233 0.181662
15234 0.273003
15235 0.237035
15236 0.254317
15237 0.440704
15238 0.603666
15239 0.106274
15240 0.397074
15241 0.444855
15242 0.585798
15243 0.467849
15244 0.674922
15245 0.353907
15246 0.231708
15247 0.336253
15248 0.482676
15249 0.240793
15250 0.314036
15251 0.295666
15252 0.450433
15253 0.1464
15254 0.844949
15255 0.664313
15256 0.333432
15257 0.231896
15258 0.249211
15259 0.732897
15260 0.1476
15261 0.272846
15262 0.297846
15263 0.341921
15264 0.608168
15265 0.720544
15266 0.199841
15267 0.508666
15268 0.26545
15269 0.303236
15270 0.239693
15271 0.503564
15272 0.169632
15273 0.483604
15274 0.775981
15275 0.573206
15276 0.380372
15277 0.294002
15278 0.223497
15279 0.528272
15280 0.222744
15281 0.427657
15282 0.534408
15283 0.570804
15284 0.363399
15285 0.277506
15286 0.443033
15287 0.408638
15288 0.550192
15289 0.417222
15290 0.679282
15291 0.663964
15292 0.668627
15293 0.662959
15294 0.721807
15295 0.663486
15296 0.703624
15297 0.713474
15298 0.953926
15299 0.929704
15300 0.891737
15301 0.941152
15302 0.888829
15303 0.755381
15304 0.938085
15305 0.926768
15306 0.931914
15307 0.922977
15308 0.845603
15309 0.663664
15310 0.617925
15311 0.632983
15312 0.955515
15313 0.889727
15314 0.93201
15315 0.951588
15316 0.944673
15317 0.704689
15318 0.94904
15319 0.647631
15320 0.733488
15321 0.779238
15322 0.707787
15323 0.896738
15324 0.858752
15325 0.899845
15326 0.952349
15327 0.941995
15328 0.955978
15329 0.944677
15330 0.943929
15331 0.863792
15332 0.8408
15333 0.87981
15334 0.939944
15335 0.938187
15336 0.920795
15337 0.872088
15338 0.855597
15339 0.897146
15340 0.951736
15341 0.92669
15342 0.954097
15343 0.853075
15344 0.879675
15345 0.882333
15346 0.729655
15347 0.799758
15348 0.675379
15349 0.756713
15350 0.954972
15351 0.761695
15352 0.921257
15353 0.937566
15354 0.940259
15355 0.774893
15356 0.872597
15357 0.801306
15358 0.669232
15359 0.750234
15360 0.752366
15361 0.944541
15362 0.921379
15363 0.801557
15364 0.905414
15365 0.890523
15366 0.759741
15367 0.868886
15368 0.755453
15369 0.944928
15370 0.930214
15371 0.890083
15372 0.955156
15373 0.897777
15374 0.929283
15375 0.789786
15376 0.844887
15377 0.880234
15378 0.708515
15379 0.967208
15380 0.889047
15381 0.884434
15382 0.90744
15383 0.932931
15384 0.898946
15385 0.922778
15386 0.892918
15387 0.871089
15388 0.630708
15389 0.70639
15390 0.897554
15391 0.845698
15392 0.588197
15393 0.662487
15394 0.800025
15395 0.936442
15396 0.814257
15397 0.811843
15398 0.870124
15399 0.833065
15400 0.803329
15401 0.80174
15402 0.805815
15403 0.855827
15404 0.575284
15405 0.784216
15406 0.778839
15407 0.778577
15408 0.698463
15409 0.687889
15410 0.835054
15411 0.884055
15412 0.652969
15413 0.768127
15414 0.657697
15415 0.720579
15416 0.722152
15417 0.655018
15418 0.942758
15419 0.945351
15420 0.925572
15421 0.88438
15422 0.886412
15423 0.942979
15424 0.953771
15425 0.687681
15426 0.630832
15427 0.631945
15428 0.858754
15429 0.942527
15430 0.855744
15431 0.720242
15432 0.952903
15433 0.930737
15434 0.944459
15435 0.952413
15436 0.71169
15437 0.743104
15438 0.695308
15439 0.875855
15440 0.685136
15441 0.879288
15442 0.840721
15443 0.893736
15444 0.94694
15445 0.935229
15446 0.971949
15447 0.971055
15448 0.940148
15449 0.932772
15450 0.885993
15451 0.939795
15452 0.947884
15453 0.867932
15454 0.821109
15455 0.846954
15456 0.870997
15457 0.943594
15458 0.939105
15459 0.924826
15460 0.916295
15461 0.922869
15462 0.908097
15463 0.887434
15464 0.746197
15465 0.788004
15466 0.667152
15467 0.759064
15468 0.952509
15469 0.762663
15470 0.954811
15471 0.930652
15472 0.936637
15473 0.818643
15474 0.8973
15475 0.783842
15476 0.669001
15477 0.760433
15478 0.766517
15479 0.938927
15480 0.928055
15481 0.823953
15482 0.753863
15483 0.892185
15484 0.697671
15485 0.945849
15486 0.959562
15487 0.911261
15488 0.913075
15489 0.89894
15490 0.910989
15491 0.815799
15492 0.822099
15493 0.863953
15494 0.934283
15495 0.694995
15496 0.868994
15497 0.874919
15498 0.884086
15499 0.922652
15500 0.889681
15501 0.93813
15502 0.860759
15503 0.97322
15504 0.598838
15505 0.648928
15506 0.900336
15507 0.846138
15508 0.64895
15509 0.693178
15510 0.641396
15511 0.682454
15512 0.902121
15513 0.844437
15514 0.606148
15515 0.631556
15516 0.90233
15517 0.776286
15518 0.70102
15519 0.918413
15520 0.800316
15521 0.817303
15522 0.780113
15523 0.815905
15524 0.792815
15525 0.592595
15526 0.834848
15527 0.584417
15528 0.809532
15529 0.849505
15530 0.742042
15531 0.627355
15532 0.875679
15533 0.859237
15534 0.697077
15535 0.658689
15536 0.805272
15537 0.86758
15538 0.632673
15539 0.845036
15540 0.752762
15541 0.673864
15542 0.595487
15543 0.788612
15544 0.950807
15545 0.748133
15546 0.70115
15547 0.94995
15548 0.762699
15549 0.768475
15550 0.939292
15551 0.726682
15552 0.762172
15553 0.960948
15554 0.762416
15555 0.930499
15556 0.639626
15557 0.79408
15558 0.727474
15559 0.717057
15560 0.750232
15561 0.737785
15562 0.949046
15563 0.953253
15564 0.667088
15565 0.938071
15566 0.804485
15567 0.919243
15568 0.646484
15569 0.935368
15570 0.910069
15571 0.778448
15572 0.957841
15573 0.738767
15574 0.940827
15575 0.802266
15576 0.811099
15577 0.700406
15578 0.820263
15579 0.834481
15580 0.860151
15581 0.837884
15582 0.910024
15583 0.928317
15584 0.716229
15585 0.962203
15586 0.877867
15587 0.780163
15588 0.946121
15589 0.888065
15590 0.966961
15591 0.859251
15592 0.963007
15593 0.96637
15594 0.74045
15595 0.95215
15596 0.80062
15597 0.773762
15598 0.896532
15599 0.71121
15600 0.889219
15601 0.839423
15602 0.895338
15603 0.860952
15604 0.894266
15605 0.90601
15606 0.793069
15607 0.876034
15608 0.910442
15609 0.954803
15610 0.960159
15611 0.946542
15612 0.740696
15613 0.757506
15614 0.824792
15615 0.856449
15616 0.728721
15617 0.905036
15618 0.918078
15619 0.889376
15620 0.877777
15621 0.95722
15622 0.913252
15623 0.844359
15624 0.896663
15625 0.765503
15626 0.728264
15627 0.964111
15628 0.933435
15629 0.939448
15630 0.97534
15631 0.825073
15632 0.962466
15633 0.959946
15634 0.839672
15635 0.698338
15636 0.755002
15637 0.959952
15638 0.881624
15639 0.938653
15640 0.740016
15641 0.848946
15642 0.865981
15643 0.844911
15644 0.868054
15645 0.857027
15646 0.857773
15647 0.884458
15648 0.798264
15649 0.808843
15650 0.831551
15651 0.834291
15652 0.827483
15653 0.717076
15654 0.768243
15655 0.949355
15656 0.94091
15657 0.843281
15658 0.703252
15659 0.860069
15660 0.892975
15661 0.862031
15662 0.7447
15663 0.844514
15664 0.769672
15665 0.864494
15666 0.784848
15667 0.822467
15668 0.716106
15669 0.706091
15670 0.737339
15671 0.748189
15672 0.895519
15673 0.660172
15674 0.685447
15675 0.696086
15676 0.80538
15677 0.875973
15678 0.774752
15679 0.810682
15680 0.906592
15681 0.74387
15682 0.759659
15683 0.93629
15684 0.791008
15685 0.773922
15686 0.858954
15687 0.788619
15688 0.784547
15689 0.748044
15690 0.692042
15691 0.949209
15692 0.880362
15693 0.927031
15694 0.717563
15695 0.755095
15696 0.823406
15697 0.747842
15698 0.750777
15699 0.7081
15700 0.804026
15701 0.954081
15702 0.713246
15703 0.704954
15704 0.453428
15705 0.734366
15706 0.675405
15707 0.758529
15708 0.967933
15709 0.80084
15710 0.645267
15711 0.69569
15712 0.791856
15713 0.805012
15714 0.689867
15715 0.878463
15716 0.633369
15717 0.94971
15718 0.951486
15719 0.75927
15720 0.90544
15721 0.686111
15722 0.709941
15723 0.937755
15724 0.645202
15725 0.952307
15726 0.689203
15727 0.78759
15728 0.926596
15729 0.886731
15730 0.923867
15731 0.934261
15732 0.931909
15733 0.959587
15734 0.953117
15735 0.740287
15736 0.864796
15737 0.68481
15738 0.791383
15739 0.340376
15740 0.93681
15741 0.765197
15742 0.702013
15743 0.870642
15744 0.661279
15745 0.659563
15746 0.634821
15747 0.868864
15748 0.83109
15749 0.940854
15750 0.917432
15751 0.798951
15752 0.639574
15753 0.979163
15754 0.783086
15755 0.934945
15756 0.767769
15757 0.901956
15758 0.873586
15759 0.892916
15760 0.750368
15761 0.917214
15762 0.914877
15763 0.90383
15764 0.962162
15765 0.846798
15766 0.724805
15767 0.9378
15768 0.892535
15769 0.679577
15770 0.864716
15771 0.934361
15772 0.910154
15773 0.804848
15774 0.818844
15775 0.535096
15776 0.621053
15777 0.588221
15778 0.888006
15779 0.42673
15780 0.653398
15781 0.687058
15782 0.749011
15783 0.744985
15784 0.983539
15785 0.796331
15786 0.910718
15787 0.799888
15788 0.881954
15789 0.788859
15790 0.808138
15791 0.826269
15792 0.785108
15793 0.82659
15794 0.852075
15795 0.729711
15796 0.742669
15797 0.745311
15798 0.739935
15799 0.623834
15800 0.782327
15801 0.704825
15802 0.695446
15803 0.726538
15804 0.732892
15805 0.708478
15806 0.86751
15807 0.64442
15808 0.535991
15809 0.819415
15810 0.776751
15811 0.682898
15812 0.746695
15813 0.846048
15814 0.888946
15815 0.665904
15816 0.91064
15817 0.602315
15818 0.95271
15819 0.952014
15820 0.673437
15821 0.911458
15822 0.949976
15823 0.928023
15824 0.776718
15825 0.952561
15826 0.595628
15827 0.760589
15828 0.908168
15829 0.801307
15830 0.942994
15831 0.927593
15832 0.944393
15833 0.657768
15834 0.951379
15835 0.597079
15836 0.919541
15837 0.636922
15838 0.943843
15839 0.935934
15840 0.666113
15841 0.680437
15842 0.760468
15843 0.688115
15844 0.689981
15845 0.663568
15846 0.676953
15847 0.836851
15848 0.901346
15849 0.879303
15850 0.716228
15851 0.744209
15852 0.636762
15853 0.731459
15854 0.733126
15855 0.786118
15856 0.81813
15857 0.857576
15858 0.841869
15859 0.924847
15860 0.871171
15861 0.900889
15862 0.78689
15863 0.836401
15864 0.829702
15865 0.830995
15866 0.872335
15867 0.883905
15868 0.793481
15869 0.865784
15870 0.877176
15871 0.847331
15872 0.922803
15873 0.654944
15874 0.769041
15875 0.979004
15876 0.803497
15877 0.781784
15878 0.741806
15879 0.687395
15880 0.930627
15881 0.949744
15882 0.682766
15883 0.645833
15884 0.714491
15885 0.752978
15886 0.862284
15887 0.677755
15888 0.682448
15889 0.837229
15890 0.791593
15891 0.649716
15892 0.756508
15893 0.89348
15894 0.708696
15895 0.747373
15896 0.985277
15897 0.857202
15898 0.764314
15899 0.816372
15900 0.680607
15901 0.728372
15902 0.603964
15903 0.683469
15904 0.791678
15905 0.716987
15906 0.674963
15907 0.788012
15908 0.693719
15909 0.665576
15910 0.675535
15911 0.660838
15912 0.539632
15913 0.882309
15914 0.896124
15915 0.889675
15916 0.789219
15917 0.645495
15918 0.666436
15919 0.784858
15920 0.78459
15921 0.832019
15922 0.862854
15923 0.547063
15924 0.943659
15925 0.944549
15926 0.651527
15927 0.892479
15928 0.778021
15929 0.953224
15930 0.76529
15931 0.953499
15932 0.689529
15933 0.758727
15934 0.831627
15935 0.932759
15936 0.885877
15937 0.913232
15938 0.960817
15939 0.784475
15940 0.947103
15941 0.667432
15942 0.945772
15943 0.675146
15944 0.854174
15945 0.876664
15946 0.785051
15947 0.8643
15948 0.714536
15949 0.862248
15950 0.705993
15951 0.678387
15952 0.872916
15953 0.682884
15954 0.900195
15955 0.951414
15956 0.714172
15957 0.660722
15958 0.684716
15959 0.819682
15960 0.674876
15961 0.733012
15962 0.717451
15963 0.849259
15964 0.948559
15965 0.862845
15966 0.946631
15967 0.857581
15968 0.830559
15969 0.832377
15970 0.693215
15971 0.911238
15972 0.706418
15973 0.846751
15974 0.918328
15975 0.80778
15976 0.861982
15977 0.81773
15978 0.610222
15979 0.888822
15980 0.608433
15981 0.809215
15982 0.895724
15983 0.685889
15984 0.906805
15985 0.581431
15986 0.930468
15987 0.889989
15988 0.66863
15989 0.661471
15990 0.63657
15991 0.85742
15992 0.682557
15993 0.923477
15994 0.829766
15995 0.689399
15996 0.979601
15997 0.672242
15998 0.923722
15999 0.725812
16000 0.875684
16001 0.791831
16002 0.924637
16003 0.983856
16004 0.66585
16005 0.750561
16006 0.914864
16007 0.94345
16008 0.972245
16009 0.702467
16010 0.772922
16011 0.813197
16012 0.810784
16013 0.667112
16014 0.619124
16015 0.841776
16016 0.789743
16017 0.768925
16018 0.923729
16019 0.844091
16020 0.972476
16021 0.762728
16022 0.853698
16023 0.917263
16024 0.846909
16025 0.874537
16026 0.924765
16027 0.85218
16028 0.772002
16029 0.95388
16030 0.822203
16031 0.940049
16032 0.659562
16033 0.598336
16034 0.789002
16035 0.932324
16036 0.843084
16037 0.944475
16038 0.95172
16039 0.814704
16040 0.809859
16041 0.941653
16042 0.98495
16043 0.618776
16044 0.906181
16045 0.876693
16046 0.870219
16047 0.887934
16048 0.782462
16049 0.891333
16050 0.937868
16051 0.830063
16052 0.884973
16053 0.743727
16054 0.825048
16055 0.722893
16056 0.853151
16057 0.844212
16058 0.941762
16059 0.835257
16060 0.875063
16061 0.941407
16062 0.876722
16063 0.910712
16064 0.688174
16065 0.966786
16066 0.659023
16067 0.701134
16068 0.671278
16069 0.693451
16070 0.724225
16071 0.811081
16072 0.81239
16073 0.879499
16074 0.718096
16075 0.779047
16076 0.810644
16077 0.926033
16078 0.912421
16079 0.861955
16080 0.706089
16081 0.923047
16082 0.959807
16083 0.914348
16084 0.811918
16085 0.807154
16086 0.778326
16087 0.676404
16088 0.771496
16089 0.769624
16090 0.735534
16091 0.727953
16092 0.805186
16093 0.774333
16094 0.614758
16095 0.839638
16096 0.742778
16097 0.794667
16098 0.840903
16099 0.603524
16100 0.804558
16101 0.842315
16102 0.866242
16103 0.669533
16104 0.813053
16105 0.784696
16106 0.665179
16107 0.68664
16108 0.855538
16109 0.647707
16110 0.705099
16111 0.931988
16112 0.684404
16113 0.699234
16114 0.930793
16115 0.980201
16116 0.935255
16117 0.805676
16118 0.841875
16119 0.735735
16120 0.765219
16121 0.746629
16122 0.668515
16123 0.753979
16124 0.703973
16125 0.858229
16126 0.667077
16127 0.881628
16128 0.718653
16129 0.814849
16130 0.659352
16131 0.728493
16132 0.775018
16133 0.765933
16134 0.751912
16135 0.672624
16136 0.928383
16137 0.62903
16138 0.953559
16139 0.916592
16140 0.817416
16141 0.686296
16142 0.68849
16143 0.94613
16144 0.802134
16145 0.95362
16146 0.638274
16147 0.953066
16148 0.745924
16149 0.804959
16150 0.939888
16151 0.918588
16152 0.749681
16153 0.920419
16154 0.950369
16155 0.954973
16156 0.602136
16157 0.92284
16158 0.818219
16159 0.952593
16160 0.671899
16161 0.898104
16162 0.621034
16163 0.669408
16164 0.723892
16165 0.770038
16166 0.636844
16167 0.66926
16168 0.706617
16169 0.907052
16170 0.918499
16171 0.715154
16172 0.669564
16173 0.732204
16174 0.653946
16175 0.768373
16176 0.67209
16177 0.826763
16178 0.843416
16179 0.943439
16180 0.88834
16181 0.857335
16182 0.843979
16183 0.94566
16184 0.887103
16185 0.873831
16186 0.836
16187 0.842378
16188 0.861491
16189 0.815464
16190 0.900595
16191 0.926656
16192 0.850693
16193 0.672681
16194 0.769649
16195 0.711975
16196 0.878522
16197 0.703123
16198 0.703833
16199 0.772316
16200 0.818585
16201 0.667612
16202 0.918933
16203 0.706053
16204 0.665377
16205 0.953061
16206 0.702834
16207 0.734151
16208 0.977503
16209 0.820619
16210 0.699632
16211 0.865888
16212 0.849944
16213 0.680666
16214 0.700833
16215 0.730155
16216 0.86444
16217 0.732829
16218 0.711699
16219 0.667071
16220 0.848968
16221 0.788458
16222 0.74951
16223 0.752359
16224 0.947717
16225 0.689399
16226 0.899187
16227 0.663032
16228 0.607536
16229 0.780551
16230 0.816292
16231 0.707904
16232 0.71428
16233 0.953047
16234 0.807627
16235 0.797058
16236 0.65843
16237 0.725134
16238 0.80959
16239 0.671865
16240 0.908556
16241 0.655795
16242 0.952816
16243 0.908491
16244 0.929158
16245 0.717026
16246 0.755466
16247 0.951512
16248 0.696214
16249 0.953919
16250 0.767955
16251 0.939025
16252 0.934925
16253 0.890602
16254 0.963084
16255 0.943545
16256 0.898709
16257 0.953948
16258 0.694879
16259 0.896131
16260 0.780051
16261 0.917294
16262 0.9372
16263 0.740674
16264 0.722614
16265 0.979827
16266 0.722065
16267 0.682734
16268 0.820109
16269 0.669319
16270 0.656783
16271 0.956196
16272 0.948411
16273 0.803587
16274 0.644201
16275 0.960988
16276 0.806426
16277 0.938652
16278 0.795902
16279 0.884043
16280 0.769517
16281 0.803398
16282 0.830003
16283 0.841045
16284 0.940196
16285 0.879307
16286 0.901761
16287 0.958616
16288 0.914816
16289 0.918169
16290 0.881503
16291 0.87134
16292 0.825968
16293 0.948389
16294 0.901965
16295 0.949251
16296 0.934907
16297 0.896143
16298 0.81515
16299 0.781716
16300 0.823879
16301 0.683136
16302 0.824296
16303 0.813301
16304 0.626461
16305 0.736529
16306 0.981229
16307 0.809095
16308 0.912183
16309 0.789503
16310 0.712763
16311 0.717358
16312 0.89894
16313 0.696164
16314 0.904636
16315 0.759361
16316 0.844294
16317 0.731312
16318 0.826718
16319 0.750057
16320 0.681077
16321 0.934913
16322 0.980799
16323 0.934545
16324 0.815241
16325 0.669917
16326 0.722147
16327 0.751957
16328 0.746372
16329 0.667603
16330 0.749045
16331 0.701457
16332 0.88024
16333 0.669188
16334 0.857761
16335 0.728033
16336 0.83366
16337 0.670473
16338 0.752786
16339 0.750672
16340 0.617669
16341 0.924787
16342 0.618589
16343 0.953558
16344 0.915399
16345 0.823057
16346 0.683526
16347 0.678013
16348 0.945908
16349 0.807876
16350 0.954107
16351 0.614412
16352 0.95376
16353 0.773427
16354 0.806614
16355 0.943542
16356 0.919894
16357 0.656591
16358 0.918322
16359 0.952496
16360 0.954408
16361 0.924793
16362 0.82309
16363 0.9526
16364 0.675467
16365 0.900798
16366 0.711944
16367 0.682798
16368 0.723652
16369 0.768779
16370 0.640772
16371 0.667437
16372 0.703585
16373 0.90196
16374 0.920739
16375 0.723879
16376 0.665454
16377 0.709187
16378 0.746017
16379 0.774188
16380 0.639634
16381 0.829135
16382 0.845449
16383 0.945162
16384 0.883224
16385 0.859004
16386 0.842801
16387 0.944619
16388 0.88574
16389 0.857236
16390 0.842113
16391 0.838313
16392 0.860897
16393 0.843133
16394 0.928008
16395 0.926725
16396 0.840697
16397 0.697069
16398 0.780002
16399 0.87776
16400 0.704799
16401 0.705275
16402 0.702776
16403 0.70683
16404 0.719338
16405 0.663581
16406 0.786443
16407 0.610479
16408 0.736452
16409 0.84603
16410 0.704665
16411 0.869202
16412 0.910374
16413 0.981143
16414 0.919461
16415 0.822694
16416 0.851703
16417 0.719935
16418 0.705291
16419 0.736545
16420 0.841684
16421 0.817826
16422 0.77849
16423 0.894855
16424 0.797658
16425 0.927386
16426 0.674851
16427 0.625576
16428 0.587395
16429 0.783539
16430 0.917886
16431 0.727262
16432 0.739378
16433 0.802185
16434 0.612496
16435 0.6821
16436 0.853631
16437 0.634538
16438 0.916916
16439 0.617751
16440 0.953172
16441 0.912667
16442 0.685921
16443 0.946737
16444 0.665728
16445 0.734962
16446 0.952733
16447 0.753054
16448 0.954383
16449 0.787517
16450 0.925244
16451 0.949282
16452 0.92675
16453 0.941076
16454 0.9591
16455 0.914463
16456 0.954258
16457 0.674589
16458 0.930184
16459 0.926706
16460 0.895658
16461 0.973421
16462 0.809574
16463 0.713609
16464 0.684873
16465 0.832753
16466 0.661595
16467 0.81993
16468 0.928698
16469 0.953688
16470 0.838253
16471 0.748685
16472 0.950493
16473 0.747775
16474 0.772217
16475 0.940721
16476 0.752984
16477 0.934796
16478 0.836571
16479 0.84302
16480 0.979997
16481 0.649576
16482 0.733899
16483 0.824383
16484 0.836777
16485 0.976416
16486 0.819715
16487 0.86367
16488 0.958967
16489 0.855142
16490 0.948122
16491 0.916995
16492 0.905761
16493 0.913239
16494 0.918481
16495 0.842428
16496 0.914603
16497 0.909721
16498 0.942617
16499 0.936542
16500 0.935482
16501 0.839919
16502 0.768073
16503 0.693213
16504 0.824863
16505 0.77237
16506 0.603053
16507 0.734744
16508 0.813193
16509 0.943562
16510 0.732884
16511 0.855225
16512 0.786853
16513 0.758838
16514 0.63302
16515 0.711946
16516 0.698605
16517 0.74508
16518 0.806852
16519 0.750237
16520 0.988761
16521 0.938207
16522 0.849825
16523 0.667626
16524 0.738829
16525 0.804636
16526 0.361744
16527 0.730901
16528 0.730901
16529 0.730901
16530 0.639818
16531 0.701285
16532 0.704495
16533 0.804378
16534 0.857461
16535 0.902316
16536 0.756008
16537 0.730901
16538 0.941457
16539 0.732634
16540 0.78686
16541 0.865907
16542 0.946157
16543 0.924971
16544 0.849325
16545 0.805683
16546 0.899833
16547 0.927549
16548 0.773167
16549 0.738235
16550 0.877026
16551 0.823735
16552 0.813294
16553 0.878837
16554 0.897558
16555 0.934314
16556 0.886056
16557 0.889562
16558 0.901012
16559 0.766381
16560 0.886046
16561 0.920469
16562 0.757003
16563 0.713572
16564 0.936957
16565 0.730901
16566 0.653637
16567 0.672158
16568 0.981954
16569 0.759176
16570 0.82973
16571 0.71213
16572 0.670386
16573 0.72502
16574 0.670401
16575 0.988762
16576 0.725017
16577 0.859268
16578 0.913492
16579 0.669406
16580 0.617493
16581 0.63336
16582 0.883742
16583 0.665243
16584 0.677915
16585 0.694696
16586 0.520558
16587 0.517132
16588 0.535762
16589 0.642594
16590 0.786288
16591 0.612505
16592 0.555595
16593 0.717064
16594 0.728936
16595 0.68365
16596 0.537713
16597 0.675081
16598 0.5936
16599 0.438647
16600 0.630337
16601 0.703332
16602 0.735844
16603 0.721203
16604 0.859838
16605 0.800532
16606 0.603349
16607 0.730341
16608 0.77853
16609 0.72352
16610 0.730901
16611 0.730901
16612 0.987549
16613 0.628102
16614 0.732554
16615 0.730901
16616 0.780433
16617 0.840656
16618 0.923069
16619 0.770478
16620 0.730901
16621 0.939385
16622 0.720981
16623 0.733416
16624 0.987752
16625 0.926565
16626 0.916565
16627 0.795926
16628 0.799516
16629 0.899581
16630 0.92803
16631 0.858411
16632 0.780273
16633 0.882862
16634 0.837786
16635 0.819621
16636 0.893903
16637 0.930003
16638 0.85948
16639 0.906497
16640 0.884053
16641 0.783053
16642 0.75941
16643 0.846939
16644 0.873234
16645 0.931045
16646 0.745665
16647 0.700267
16648 0.921932
16649 0.654858
16650 0.619118
16651 0.677313
16652 0.871201
16653 0.983108
16654 0.741994
16655 0.739642
16656 0.730901
16657 0.696696
16658 0.991928
16659 0.697786
16660 0.864216
16661 0.925891
16662 0.654584
16663 0.587473
16664 0.605491
16665 0.886335
16666 0.636976
16667 0.66315
16668 0.684173
16669 0.496751
16670 0.497639
16671 0.365788
16672 0.643277
16673 0.799564
16674 0.568529
16675 0.644155
16676 0.710601
16677 0.568556
16678 0.687362
16679 0.65484
16680 0.565354
16681 0.689077
16682 0.592633
16683 0.447218
16684 0.615894
16685 0.730533
16686 0.989027
16687 0.933217
16688 0.8992
16689 0.631162
16690 0.734223
16691 0.809565
16692 0.672971
16693 0.730901
16694 0.51996
16695 0.730901
16696 0.57682
16697 0.73531
16698 0.988524
16699 0.781412
16700 0.852328
16701 0.927406
16702 0.770522
16703 0.730901
16704 0.943718
16705 0.72673
16706 0.828164
16707 0.858013
16708 0.927298
16709 0.916084
16710 0.874135
16711 0.808338
16712 0.904765
16713 0.925645
16714 0.718881
16715 0.751381
16716 0.872023
16717 0.830464
16718 0.827909
16719 0.889139
16720 0.884098
16721 0.93425
16722 0.93032
16723 0.870651
16724 0.916444
16725 0.820464
16726 0.904022
16727 0.921864
16728 0.739832
16729 0.717701
16730 0.951202
16731 0.730901
16732 0.665995
16733 0.68806
16734 0.994498
16735 0.829934
16736 0.852794
16737 0.757964
16738 0.730901
16739 0.692743
16740 0.99274
16741 0.695532
16742 0.864033
16743 0.919971
16744 0.656292
16745 0.603855
16746 0.618402
16747 0.864885
16748 0.645301
16749 0.666695
16750 0.681019
16751 0.500477
16752 0.517735
16753 0.663819
16754 0.523656
16755 0.600429
16756 0.794699
16757 0.613926
16758 0.563479
16759 0.71643
16760 0.706186
16761 0.690716
16762 0.692875
16763 0.582798
16764 0.686214
16765 0.598615
16766 0.463716
16767 0.642441
16768 0.668278
16769 0.759693
16770 0.945678
16771 0.913819
16772 0.65313
16773 0.691696
16774 0.812546
16775 0.669539
16776 0.730901
16777 0.508754
16778 0.684492
16779 0.585837
16780 0.686164
16781 0.730901
16782 0.793305
16783 0.863387
16784 0.941547
16785 0.839973
16786 0.424408
16787 0.941583
16788 0.748589
16789 0.839152
16790 0.989968
16791 0.916811
16792 0.628766
16793 0.886411
16794 0.819403
16795 0.894948
16796 0.915149
16797 0.870528
16798 0.718667
16799 0.872579
16800 0.835628
16801 0.798076
16802 0.922748
16803 0.914572
16804 0.863804
16805 0.800049
16806 0.81523
16807 0.921258
16808 0.93513
16809 0.941283
16810 0.59261
16811 0.955652
16812 0.754741
16813 0.721938
16814 0.919373
16815 0.730901
16816 0.66156
16817 0.812754
16818 0.990858
16819 0.729064
16820 0.65274
16821 0.672492
16822 0.669936
16823 0.36921
16824 0.715119
16825 0.876172
16826 0.911575
16827 0.687068
16828 0.594156
16829 0.610465
16830 0.85718
16831 0.67159
16832 0.671351
16833 0.678494
16834 0.514655
16835 0.520534
16836 0.665296
16837 0.602568
16838 0.81729
16839 0.516978
16840 0.617232
16841 0.733849
16842 0.588651
16843 0.724125
16844 0.703873
16845 0.71074
16846 0.572866
16847 0.676697
16848 0.592156
16849 0.458
16850 0.651485
16851 0.879727
16852 0.81184
16853 0.653618
16854 0.618166
16855 0.607577
16856 0.700997
16857 0.634059
16858 0.829698
16859 0.569656
16860 0.597975
16861 0.690875
16862 0.586632
16863 0.66215
16864 0.696856
16865 0.765499
16866 0.720735
16867 0.651877
16868 0.566946
16869 0.893639
16870 0.543646
16871 0.851922
16872 0.645875
16873 0.574772
16874 0.733116
16875 0.76152
16876 0.690178
16877 0.743013
16878 0.861674
16879 0.639183
16880 0.294169
16881 0.648754
16882 0.575688
16883 0.73939
16884 0.616072
16885 0.776082
16886 0.757534
16887 0.595069
16888 0.686748
16889 0.600137
16890 0.529305
16891 0.542739
16892 0.597175
16893 0.596099
16894 0.661349
16895 0.638943
16896 0.726288
16897 0.598222
16898 0.706554
16899 0.704601
16900 0.612967
16901 0.593791
16902 0.853816
16903 0.753114
16904 0.757688
16905 0.872968
16906 0.70819
16907 0.579959
16908 0.724453
16909 0.958659
16910 0.822925
16911 0.650708
16912 0.610167
16913 0.38922
16914 0.621106
16915 0.739874
16916 0.726528
16917 0.955144
16918 0.606765
16919 0.831204
16920 0.709171
16921 0.693107
16922 0.717557
16923 0.405515
16924 0.605079
16925 0.613988
16926 0.69948
16927 0.682711
16928 0.574017
16929 0.55981
16930 0.451339
16931 0.691799
16932 0.694965
16933 0.440398
16934 0.695903
16935 0.720376
16936 0.657096
16937 0.711592
16938 0.753415
16939 0.744277
16940 0.715893
16941 0.766576
16942 0.7308
16943 0.702286
16944 0.859156
16945 0.943643
16946 0.93146
16947 0.916128
16948 0.732051
16949 0.636691
16950 0.744709
16951 0.642471
16952 0.606981
16953 0.593076
16954 0.634109
16955 0.58623
16956 0.668003
16957 0.748822
16958 0.614714
16959 0.574426
16960 0.759368
16961 0.651306
16962 0.791347
16963 0.39907
16964 0.564922
16965 0.548594
16966 0.733315
16967 0.776328
16968 0.567612
16969 0.732051
16970 0.663092
16971 0.571671
16972 0.573211
16973 0.997806
16974 0.361401
16975 0.611922
16976 0.356227
16977 0.60056
16978 0.774909
16979 0.706165
16980 0.564812
16981 0.787103
16982 0.691492
16983 0.702692
16984 0.578277
16985 0.579946
16986 0.737445
16987 0.586441
16988 0.754654
16989 0.772996
16990 0.731959
16991 0.576514
16992 0.59983
16993 0.623409
16994 0.547264
16995 0.751719
16996 0.608743
16997 0.659989
16998 0.398395
16999 0.629759
17000 0.683774
17001 0.689389
17002 0.630638
17003 0.57477
17004 0.673442
17005 0.394181
17006 0.595456
17007 0.653035
17008 0.398869
17009 0.685367
17010 0.714137
17011 0.673332
17012 0.671265
17013 0.657044
17014 0.69466
17015 0.695789
17016 0.912667
17017 0.949775
17018 0.966701
17019 0.937714
17020 0.765834
17021 0.651848
17022 0.674087
17023 0.63501
17024 0.629686
17025 0.633772
17026 0.624384
17027 0.698666
17028 0.671313
17029 0.680087
17030 0.699954
17031 0.913323
17032 0.899788
17033 0.722049
17034 0.718235
17035 0.697115
17036 0.7167
17037 0.750012
17038 0.611491
17039 0.822055
17040 0.785725
17041 0.824225
17042 0.655254
17043 0.637632
17044 0.909915
17045 0.870736
17046 0.922751
17047 0.904258
17048 0.657814
17049 0.731178
17050 0.732051
17051 0.593225
17052 0.684883
17053 0.611532
17054 0.677976
17055 0.529085
17056 0.583317
17057 0.87785
17058 0.599121
17059 0.563083
17060 0.757711
17061 0.732051
17062 0.646214
17063 0.521716
17064 0.541175
17065 0.77488
17066 0.573319
17067 0.571059
17068 0.963314
17069 0.823506
17070 0.677523
17071 0.710692
17072 0.751134
17073 0.975973
17074 0.52746
17075 0.681908
17076 0.499327
17077 0.739634
17078 0.875963
17079 0.913385
17080 0.657967
17081 0.617375
17082 0.857427
17083 0.887861
17084 0.704047
17085 0.767425
17086 0.693308
17087 0.487798
17088 0.692904
17089 0.6757
17090 0.649772
17091 0.667888
17092 0.67474
17093 0.628735
17094 0.673992
17095 0.658084
17096 0.624113
17097 0.689175
17098 0.782519
17099 0.649086
17100 0.747874
17101 0.715893
17102 0.335608
17103 0.542088
17104 0.733405
17105 0.726166
17106 0.682892
17107 0.316379
17108 0.504948
17109 0.802482
17110 0.768091
17111 0.912841
17112 0.913396
17113 0.918133
17114 0.904638
17115 0.891386
17116 0.795848
17117 0.896125
17118 0.792414
17119 0.753655
17120 0.708688
17121 0.710164
17122 0.784995
17123 0.579352
17124 0.745407
17125 0.732051
17126 0.518754
17127 0.480924
17128 0.63704
17129 0.580386
17130 0.90813
17131 0.566951
17132 0.73369
17133 0.662384
17134 0.659239
17135 0.512735
17136 0.749932
17137 0.709526
17138 0.659429
17139 0.543293
17140 0.753821
17141 0.785927
17142 0.495357
17143 0.506713
17144 0.677947
17145 0.739288
17146 0.673697
17147 0.599407
17148 0.712241
17149 0.750709
17150 0.883533
17151 0.572614
17152 0.796705
17153 0.691335
17154 0.496934
17155 0.574911
17156 0.719151
17157 0.476544
17158 0.856656
17159 0.762829
17160 0.66233
17161 0.69846
17162 0.658788
17163 0.716892
17164 0.725943
17165 0.516135
17166 0.677535
17167 0.72847
17168 0.92841
17169 0.710584
17170 0.790151
17171 0.694722
17172 0.834621
17173 0.85283
17174 0.945778
17175 0.645405
17176 0.692405
17177 0.743398
17178 0.957071
17179 0.814525
17180 0.923957
17181 0.962469
17182 0.895808
17183 0.87488
17184 0.954697
17185 0.941921
17186 0.878168
17187 0.952958
17188 0.92294
17189 0.856271
17190 0.85244
17191 0.85137
17192 0.946852
17193 0.928698
17194 0.605727
17195 0.742799
17196 0.886129
17197 0.954567
17198 0.936208
17199 0.842147
17200 0.78454
17201 0.943084
17202 0.952856
17203 0.874407
17204 0.874288
17205 0.930175
17206 0.778479
17207 0.623942
17208 0.933461
17209 0.877545
17210 0.904619
17211 0.9339
17212 0.731412
17213 0.903729
17214 0.906852
17215 0.910528
17216 0.909667
17217 0.866481
17218 0.921845
17219 0.720468
17220 0.637307
17221 0.686768
17222 0.627945
17223 0.93091
17224 0.596667
17225 0.607164
17226 0.703417
17227 0.964511
17228 0.584327
17229 0.954671
17230 0.541874
17231 0.728762
17232 0.584522
17233 0.741692
17234 0.749794
17235 0.88867
17236 0.838105
17237 0.682135
17238 0.573186
17239 0.612428
17240 0.583178
17241 0.596453
17242 0.638034
17243 0.604941
17244 0.618567
17245 0.607798
17246 0.619715
17247 0.707212
17248 0.917347
17249 0.750349
17250 0.568364
17251 0.778365
17252 0.960751
17253 0.75872
17254 0.6355
17255 0.572701
17256 0.956782
17257 0.920984
17258 0.868092
17259 0.703199
17260 0.93375
17261 0.865552
17262 0.932348
17263 0.814233
17264 0.65655
17265 0.971542
17266 0.853318
17267 0.70658
17268 0.706521
17269 0.657829
17270 0.624048
17271 0.884071
17272 0.932902
17273 0.696878
17274 0.693046
17275 0.94577
17276 0.935253
17277 0.655469
17278 0.622911
17279 0.680484
17280 0.718639
17281 0.762001
17282 0.719151
17283 0.925337
17284 0.879875
17285 0.87516
17286 0.623216
17287 0.669891
17288 0.656111
17289 0.710649
17290 0.872332
17291 0.907708
17292 0.744458
17293 0.68916
17294 0.923137
17295 0.690526
17296 0.710296
17297 0.94625
17298 0.917447
17299 0.925247
17300 0.835143
17301 0.753378
17302 0.906634
17303 0.918248
17304 0.900787
17305 0.978708
17306 0.777237
17307 0.644133
17308 0.663018
17309 0.662406
17310 0.731314
17311 0.638037
17312 0.800806
17313 0.865294
17314 0.963125
17315 0.919544
17316 0.930934
17317 0.939546
17318 0.903683
17319 0.943713
17320 0.912871
17321 0.734325
17322 0.647345
17323 0.743489
17324 0.630389
17325 0.631623
17326 0.323988
17327 0.670625
17328 0.586014
17329 0.779452
17330 0.590221
17331 0.605254
17332 0.629099
17333 0.660663
17334 0.722513
17335 0.549308
17336 0.601403
17337 0.770662
17338 0.583627
17339 0.611756
17340 0.614859
17341 0.706944
17342 0.590462
17343 0.680421
17344 0.713531
17345 0.711575
17346 0.672984
17347 0.567035
17348 0.627715
17349 0.525577
17350 0.822631
17351 0.675396
17352 0.529409
17353 0.713499
17354 0.743251
17355 0.721347
17356 0.774772
17357 0.584922
17358 0.6064
17359 0.666166
17360 0.708902
17361 0.725633
17362 0.736774
17363 0.756146
17364 0.58965
17365 0.517517
17366 0.776149
17367 0.715197
17368 0.756974
17369 0.889389
17370 0.83283
17371 0.717564
17372 0.887712
17373 0.614037
17374 0.646076
17375 0.599211
17376 0.68313
17377 0.658576
17378 0.756938
17379 0.941379
17380 0.721084
17381 0.909923
17382 0.633912
17383 0.68579
17384 0.344458
17385 0.5314
17386 0.649081
17387 0.622297
17388 0.794206
17389 0.949515
17390 0.959241
17391 0.906878
17392 0.903256
17393 0.932678
17394 0.934004
17395 0.858778
17396 0.946228
17397 0.669452
17398 0.707996
17399 0.779259
17400 0.622502
17401 0.542449
17402 0.684108
17403 0.707818
17404 0.561971
17405 0.708792
17406 0.674506
17407 0.710501
17408 0.666133
17409 0.501606
17410 0.493787
17411 0.49344
17412 0.581029
17413 0.604955
17414 0.621439
17415 0.706373
17416 0.626257
17417 0.685946
17418 0.556842
17419 0.52044
17420 0.574697
17421 0.720827
17422 0.594009
17423 0.662443
17424 0.761737
17425 0.304056
17426 0.602896
17427 0.668304
17428 0.669168
17429 0.855221
17430 0.728617
17431 0.917202
17432 0.873718
17433 0.961092
17434 0.95576
17435 0.889623
17436 0.698398
17437 0.701063
17438 0.720213
17439 0.753184
17440 0.728916
17441 0.834387
17442 0.794994
17443 0.593834
17444 0.789396
17445 0.926704
17446 0.910849
17447 0.919772
17448 0.93982
17449 0.835444
17450 0.786165
17451 0.710899
17452 0.748257
17453 0.661428
17454 0.830823
17455 0.698976
17456 0.727993
17457 0.703229
17458 0.884027
17459 0.937191
17460 0.940621
17461 0.972563
17462 0.619772
17463 0.711152
17464 0.477156
17465 0.61489
17466 0.597615
17467 0.612477
17468 0.5906
17469 0.744021
17470 0.577959
17471 0.771076
17472 0.384936
17473 0.756813
17474 0.683725
17475 0.720892
17476 0.734749
17477 0.692755
17478 0.666087
17479 0.734029
17480 0.646761
17481 0.69604
17482 0.9047
17483 0.913688
17484 0.855294
17485 0.886084
17486 0.918003
17487 0.926824
17488 0.941143
17489 0.80664
17490 0.941282
17491 0.833546
17492 0.892685
17493 0.905812
17494 0.913432
17495 0.674852
17496 0.730006
17497 0.904323
17498 0.925237
17499 0.901348
17500 0.932026
17501 0.698834
17502 0.765995
17503 0.831083
17504 0.884871
17505 0.952614
17506 0.942273
17507 0.706712
17508 0.707607
17509 0.711083
17510 0.776073
17511 0.936806
17512 0.971064
17513 0.926082
17514 0.862185
17515 0.975633
17516 0.871408
17517 0.914138
17518 0.820467
17519 0.931306
17520 0.592819
17521 0.698351
17522 0.560806
17523 0.697973
17524 0.943433
17525 0.864503
17526 0.641487
17527 0.4915
17528 0.640512
17529 0.902988
17530 0.732743
17531 0.562693
17532 0.72775
17533 0.836716
17534 0.670895
17535 0.683083
17536 0.497133
17537 0.551164
17538 0.732051
17539 0.653776
17540 0.649019
17541 0.674332
17542 0.67058
17543 0.469819
17544 0.464768
17545 0.474872
17546 0.565498
17547 0.855955
17548 0.698208
17549 0.857445
17550 0.704508
17551 0.701777
17552 0.79361
17553 0.832534
17554 0.721143
17555 0.727378
17556 0.932237
17557 0.672914
17558 0.698253
17559 0.961921
17560 0.859982
17561 0.741504
17562 0.6886
17563 0.707433
17564 0.583873
17565 0.611554
17566 0.712036
17567 0.508221
17568 0.659335
17569 0.793158
17570 0.701975
17571 0.684651
17572 0.753741
