20910

1 0.713779
2 0.719817
3 0.714243
4 0.715941
5 0.936156
6 0.943826
7 0.762076
8 0.756529
9 0.651486
10 0.655267
11 0.753139
12 0.941846
13 0.665017
14 0.915108
15 0.782253
16 0.894739
17 0.609194
18 0.758596
19 0.917786
20 0.908479
21 0.745875
22 0.759506
23 0.617253
24 0.926978
25 0.819489
26 0.754508
27 0.90596
28 0.93512
29 0.633648
30 0.795679
31 0.906666
32 0.909723
33 0.618703
34 0.759402
35 0.59423
36 0.918139
37 0.906944
38 0.949975
39 0.895478
40 0.910125
41 0.930156
42 0.75671
43 0.669213
44 0.908117
45 0.738684
46 0.599603
47 0.756309
48 0.917127
49 0.951579
50 0.62032
51 0.932338
52 0.76462
53 0.611655
54 0.809578
55 0.71279
56 0.59998
57 0.919986
58 0.923626
59 0.952591
60 0.709229
61 0.696898
62 0.653503
63 0.72909
64 0.674991
65 0.685376
66 0.747058
67 0.979345
68 0.973216
69 0.776586
70 0.690602
71 0.748328
72 0.946375
73 0.89833
74 0.626488
75 0.619155
76 0.956279
77 0.955443
78 0.792222
79 0.952965
80 0.888824
81 0.949563
82 0.948771
83 0.663871
84 0.720239
85 0.747118
86 0.762003
87 0.706555
88 0.612143
89 0.961481
90 0.964964
91 0.954498
92 0.94238
93 0.984742
94 0.628162
95 0.711427
96 0.801221
97 0.759096
98 0.608508
99 0.959065
100 0.954364
101 0.943945
102 0.742483
103 0.95379
104 0.683119
105 0.7848
106 0.727102
107 0.933574
108 0.932103
109 0.786587
110 0.807749
111 0.979293
112 0.984711
113 0.743897
114 0.641282
115 0.781472
116 0.721722
117 0.673493
118 0.724216
119 0.988143
120 0.715553
121 0.716208
122 0.715119
123 0.734396
124 0.744739
125 0.974785
126 0.746407
127 0.740969
128 0.752948
129 0.80493
130 0.800329
131 0.714374
132 0.710256
133 0.715883
134 0.976994
135 0.739343
136 0.817129
137 0.612356
138 0.769824
139 0.639021
140 0.800466
141 0.738563
142 0.605834
143 0.783223
144 0.678663
145 0.799696
146 0.738394
147 0.601637
148 0.779099
149 0.665887
150 0.801351
151 0.902088
152 0.71976
153 0.686698
154 0.752821
155 0.634021
156 0.716324
157 0.771486
158 0.682757
159 0.629601
160 0.718432
161 0.689176
162 0.776642
163 0.627236
164 0.809542
165 0.770399
166 0.690241
167 0.631938
168 0.696432
169 0.668271
170 0.754288
171 0.614765
172 0.702458
173 0.743414
174 0.620687
175 0.745001
176 0.684851
177 0.649906
178 0.791179
179 0.657768
180 0.766867
181 0.740077
182 0.623922
183 0.580685
184 0.608969
185 0.752954
186 0.781826
187 0.698945
188 0.617376
189 0.719297
190 0.677739
191 0.768642
192 0.814981
193 0.753632
194 0.675077
195 0.784352
196 0.735151
197 0.73115
198 0.765801
199 0.766132
200 0.760779
201 0.708247
202 0.695399
203 0.779961
204 0.704648
205 0.782276
206 0.637554
207 0.765726
208 0.755416
209 0.654151
210 0.673885
211 0.803869
212 0.757056
213 0.758363
214 0.792548
215 0.641179
216 0.759264
217 0.79574
218 0.735886
219 0.739521
220 0.700448
221 0.940174
222 0.772307
223 0.89677
224 0.949183
225 0.868667
226 0.902413
227 0.890427
228 0.908143
229 0.557099
230 0.964044
231 0.761351
232 0.894725
233 0.778645
234 0.785586
235 0.620671
236 0.903597
237 0.945216
238 0.934103
239 0.803004
240 0.785718
241 0.702572
242 0.776817
243 0.895497
244 0.75614
245 0.908024
246 0.782916
247 0.888903
248 0.501987
249 0.924435
250 0.918238
251 0.72537
252 0.929491
253 0.829577
254 0.902384
255 0.588753
256 0.91778
257 0.701241
258 0.858348
259 0.949954
260 0.942993
261 0.736572
262 0.920838
263 0.790061
264 0.644807
265 0.57768
266 0.8743
267 0.832662
268 0.985844
269 0.954252
270 0.818179
271 0.965201
272 0.985256
273 0.851378
274 0.912373
275 0.930658
276 0.984679
277 0.568827
278 0.804764
279 0.919262
280 0.930658
281 0.970607
282 0.946733
283 0.671385
284 0.632081
285 0.899135
286 0.887199
287 0.609376
288 0.874927
289 0.9009
290 0.915939
291 0.916044
292 0.717071
293 0.82729
294 0.870602
295 0.682975
296 0.933188
297 0.734453
298 0.84259
299 0.73741
300 0.969451
301 0.979953
302 0.96694
303 0.733634
304 0.816586
305 0.735937
306 0.646977
307 0.94222
308 0.844129
309 0.800149
310 0.886348
311 0.952985
312 0.876497
313 0.936693
314 0.86453
315 0.736525
316 0.739428
317 0.920773
318 0.924407
319 0.911648
320 0.932284
321 0.990325
322 0.633794
323 0.818333
324 0.7305
325 0.891915
326 0.847686
327 0.951024
328 0.836473
329 0.617755
330 0.970361
331 0.489423
332 0.873678
333 0.918678
334 0.78398
335 0.829462
336 0.910935
337 0.936701
338 0.899492
339 0.90671
340 0.848874
341 0.781908
342 0.793031
343 0.992256
344 0.933081
345 0.93433
346 0.712626
347 0.717943
348 0.786478
349 0.87145
350 0.862413
351 0.797594
352 0.73559
353 0.833344
354 0.722645
355 0.811029
356 0.847288
357 0.953153
358 0.6581
359 0.698712
360 0.728684
361 0.695652
362 0.696547
363 0.975368
364 0.775691
365 0.768749
366 0.735099
367 0.865635
368 0.739299
369 0.758389
370 0.655834
371 0.766979
372 0.818022
373 0.723746
374 0.718293
375 0.755274
376 0.983439
377 0.579232
378 0.773703
379 0.772182
380 0.774656
381 0.686649
382 0.807808
383 0.726318
384 0.81683
385 0.642392
386 0.625508
387 0.719884
388 0.74851
389 0.712053
390 0.721321
391 0.686272
392 0.757068
393 0.893854
394 0.74473
395 0.830656
396 0.90683
397 0.94747
398 0.806902
399 0.725731
400 0.89823
401 0.923618
402 0.812759
403 0.582976
404 0.646572
405 0.750034
406 0.720927
407 0.713766
408 0.712748
409 0.831474
410 0.861528
411 0.80121
412 0.885978
413 0.918294
414 0.74574
415 0.82537
416 0.89281
417 0.912562
418 0.72944
419 0.761065
420 0.652321
421 0.707602
422 0.588941
423 0.798759
424 0.784434
425 0.792892
426 0.739584
427 0.557052
428 0.767502
429 0.645237
430 0.772516
431 0.742792
432 0.663617
433 0.821053
434 0.682468
435 0.862312
436 0.744065
437 0.747532
438 0.736133
439 0.687619
440 0.688553
441 0.930364
442 0.946638
443 0.69814
444 0.790056
445 0.712274
446 0.685658
447 0.619811
448 0.546651
449 0.707722
450 0.895851
451 0.589528
452 0.808487
453 0.661986
454 0.86617
455 0.713067
456 0.591492
457 0.748291
458 0.926255
459 0.652023
460 0.785317
461 0.894549
462 0.703306
463 0.776717
464 0.661272
465 0.725721
466 0.697368
467 0.872081
468 0.94479
469 0.843734
470 0.885315
471 0.935445
472 0.835815
473 0.880815
474 0.931738
475 0.795001
476 0.851124
477 0.621506
478 0.860608
479 0.771601
480 0.9124
481 0.569215
482 0.77185
483 0.794526
484 0.911045
485 0.941329
486 0.666619
487 0.906816
488 0.89873
489 0.946265
490 0.810041
491 0.818623
492 0.618876
493 0.595581
494 0.579675
495 0.797221
496 0.746993
497 0.740316
498 0.718861
499 0.855724
500 0.632216
501 0.75623
502 0.773357
503 0.835691
504 0.894485
505 0.739361
506 0.895887
507 0.720117
508 0.628051
509 0.854657
510 0.840362
511 0.750993
512 0.962306
513 0.704472
514 0.814751
515 0.791005
516 0.968049
517 0.985325
518 0.97748
519 0.707246
520 0.69349
521 0.743843
522 0.785168
523 0.815019
524 0.68686
525 0.959708
526 0.692843
527 0.575076
528 0.647009
529 0.730501
530 0.718998
531 0.929935
532 0.97328
533 0.701244
534 0.791192
535 0.81783
536 0.933297
537 0.602055
538 0.881448
539 0.610945
540 0.519562
541 0.900061
542 0.806588
543 0.630449
544 0.631169
545 0.782285
546 0.704461
547 0.963156
548 0.812761
549 0.845281
550 0.72632
551 0.71834
552 0.798277
553 0.77145
554 0.696089
555 0.615024
556 0.95699
557 0.737381
558 0.733385
559 0.689106
560 0.667195
561 0.778457
562 0.739852
563 0.764731
564 0.692829
565 0.777095
566 0.741903
567 0.689459
568 0.772441
569 0.783297
570 0.703011
571 0.823161
572 0.787943
573 0.741315
574 0.717556
575 0.66423
576 0.684591
577 0.566678
578 0.805022
579 0.719737
580 0.665369
581 0.805569
582 0.721663
583 0.714667
584 0.638497
585 0.829946
586 0.804945
587 0.853424
588 0.678359
589 0.644877
590 0.748744
591 0.59951
592 0.792337
593 0.756704
594 0.611124
595 0.761155
596 0.786058
597 0.745491
598 0.706738
599 0.644821
600 0.777256
601 0.746615
602 0.844729
603 0.88383
604 0.742007
605 0.693999
606 0.659881
607 0.776349
608 0.716826
609 0.634238
610 0.836364
611 0.712803
612 0.649182
613 0.658609
614 0.650664
615 0.840864
616 0.755074
617 0.739712
618 0.836192
619 0.80926
620 0.755345
621 0.678242
622 0.711465
623 0.608406
624 0.759425
625 0.844759
626 0.855627
627 0.682603
628 0.711533
629 0.585311
630 0.815915
631 0.7383
632 0.765372
633 0.784559
634 0.766153
635 0.85979
636 0.67051
637 0.518431
638 0.794605
639 0.899453
640 0.830565
641 0.808148
642 0.823957
643 0.775455
644 0.850107
645 0.686226
646 0.895154
647 0.837852
648 0.73014
649 0.769248
650 0.918468
651 0.767139
652 0.631439
653 0.598594
654 0.826313
655 0.945202
656 0.864866
657 0.779852
658 0.772681
659 0.862257
660 0.69938
661 0.611517
662 0.796533
663 0.785443
664 0.838206
665 0.894173
666 0.694763
667 0.563844
668 0.700828
669 0.716477
670 0.711187
671 0.723834
672 0.768973
673 0.70582
674 0.679951
675 0.932298
676 0.904447
677 0.839797
678 0.697519
679 0.704643
680 0.904851
681 0.696759
682 0.680725
683 0.780103
684 0.769986
685 0.772533
686 0.819844
687 0.832587
688 0.797742
689 0.776519
690 0.691018
691 0.798884
692 0.771675
693 0.420431
694 0.57625
695 0.710715
696 0.613676
697 0.335995
698 0.344785
699 0.496054
700 0.430447
701 0.325506
702 0.302703
703 0.184247
704 0.317244
705 0.304786
706 0.340552
707 0.273673
708 0.106204
709 0.406892
710 0.51853
711 0.209677
712 0.134704
713 0.509353
714 0.785807
715 0.410596
716 0.501246
717 0.298499
718 0.233714
719 0.301945
720 0.341946
721 0.175228
722 0.497337
723 0.134353
724 0.275532
725 0.313857
726 0.333207
727 0.179352
728 0.199984
729 0.305032
730 0.244613
731 0.898743
732 0.0907813
733 0.390207
734 0.0899487
735 0.39392
736 0.390618
737 0.411637
738 0.624827
739 0.508923
740 0.0762381
741 0.525685
742 0.34267
743 0.495048
744 0.581846
745 0.362479
746 0.113899
747 0.0605543
748 0.152734
749 0.635076
750 0.547871
751 0.44641
752 0.142832
753 0.130036
754 0.57627
755 0.402149
756 0.223704
757 0.306162
758 0.402981
759 0.166149
760 0.343206
761 0.391111
762 0.470736
763 0.290107
764 0.416958
765 0.251459
766 0.256064
767 0.383039
768 0.312495
769 0.284292
770 0.233149
771 0.057888
772 0.198544
773 0.137564
774 0.124358
775 0.13762
776 0.372611
777 0.492438
778 0.641199
779 0.264522
780 0.0863641
781 0.304479
782 0.208974
783 0.227504
784 0.342541
785 0.34333
786 0.313626
787 0.325141
788 0.218296
789 0.471211
790 0.163875
791 0.169539
792 0.349683
793 0.316508
794 0.77437
795 0.529213
796 0.2934
797 0.747179
798 0.838121
799 0.190215
800 0.0721337
801 0.455835
802 0.326688
803 0.573613
804 0.253986
805 0.370254
806 0.26297
807 0.763366
808 0.186376
809 0.145065
810 0.405343
811 0.722352
812 0.308234
813 0.430861
814 0.439293
815 0.378408
816 0.912018
817 0.780762
818 0.781727
819 0.718605
820 0.484978
821 0.514792
822 0.676581
823 0.49466
824 0.482625
825 0.493934
826 0.495066
827 0.250417
828 0.225323
829 0.285807
830 0.44987
831 0.513841
832 0.507751
833 0.459395
834 0.477211
835 0.497431
836 0.296132
837 0.26746
838 0.416883
839 0.498745
840 0.498653
841 0.226138
842 0.345941
843 0.18878
844 0.237884
845 0.203336
846 0.280662
847 0.30713
848 0.295472
849 0.30605
850 0.295896
851 0.340573
852 0.29705
853 0.340042
854 0.336747
855 0.288411
856 0.330241
857 0.0314424
858 0.299542
859 0.332921
860 0.301443
861 0.368681
862 0.30814
863 0.317348
864 0.312167
865 0.0337704
866 0.345505
867 0.722643
868 0.0313677
869 0.708661
870 0.567782
871 0.375549
872 0.505427
873 0.522788
874 0.225508
875 0.445834
876 0.382216
877 0.490908
878 0.255247
879 0.414056
880 0.498569
881 0.155587
882 0.383817
883 0.518752
884 0.0868349
885 0.346677
886 0.401501
887 0.26578
888 0.323568
889 0.496457
890 0.35847
891 0.489335
892 0.308775
893 0.377891
894 0.538886
895 0.475068
896 0.457816
897 0.525629
898 0.485649
899 0.482905
900 0.318019
901 0.448814
902 0.582235
903 0.520819
904 0.623601
905 0.47709
906 0.631657
907 0.575301
908 0.570894
909 0.609972
910 0.60009
911 0.604149
912 0.634226
913 0.633177
914 0.47989
915 0.595339
916 0.596512
917 0.361672
918 0.616045
919 0.494746
920 0.507415
921 0.0560531
922 0.308684
923 0.349348
924 0.340666
925 0.337742
926 0.135075
927 0.036884
928 0.0386035
929 0.319608
930 0.306898
931 0.634992
932 0.368771
933 0.217393
934 0.640844
935 0.604711
936 0.615415
937 0.526807
938 0.606151
939 0.0686908
940 0.427107
941 0.194844
942 0.300804
943 0.375154
944 0.302232
945 0.123012
946 0.27956
947 0.248924
948 0.3293
949 0.209278
950 0.313824
951 0.342313
952 0.476873
953 0.245244
954 0.828594
955 0.116571
956 0.369158
957 0.443651
958 0.463543
959 0.503237
960 0.183693
961 0.205569
962 0.336423
963 0.762714
964 0.34556
965 0.252564
966 0.368173
967 0.291864
968 0.308565
969 0.244104
970 0.754617
971 0.359223
972 0.706691
973 0.205355
974 0.100424
975 0.344493
976 0.359266
977 0.0329246
978 0.518979
979 0.534208
980 0.318968
981 0.196815
982 0.266802
983 0.287391
984 0.430568
985 0.359574
986 0.288169
987 0.335219
988 0.446085
989 0.445476
990 0.409366
991 0.508336
992 0.326202
993 0.474745
994 0.150933
995 0.329211
996 0.174128
997 0.309059
998 0.143622
999 0.265386
1000 0.187969
1001 0.41105
1002 0.150907
1003 0.674098
1004 0.122219
1005 0.209831
1006 0.466259
1007 0.184545
1008 0.170867
1009 0.536169
1010 0.331105
1011 0.869378
1012 0.594395
1013 0.284846
1014 0.665392
1015 0.199968
1016 0.180157
1017 0.434721
1018 0.212613
1019 0.459334
1020 0.186016
1021 0.310968
1022 0.762476
1023 0.139118
1024 0.123799
1025 0.409947
1026 0.185186
1027 0.43124
1028 0.420613
1029 0.338235
1030 0.263675
1031 0.387671
1032 0.133512
1033 0.862654
1034 0.172676
1035 0.226901
1036 0.617769
1037 0.489359
1038 0.482292
1039 0.446542
1040 0.198556
1041 0.321046
1042 0.605391
1043 0.155587
1044 0.25913
1045 0.534186
1046 0.642361
1047 0.539088
1048 0.642555
1049 0.519684
1050 0.581395
1051 0.614512
1052 0.472027
1053 0.316856
1054 0.622808
1055 0.527267
1056 0.605377
1057 0.340631
1058 0.627139
1059 0.59463
1060 0.629565
1061 0.525138
1062 0.599264
1063 0.622907
1064 0.502619
1065 0.573763
1066 0.552779
1067 0.341157
1068 0.330212
1069 0.331747
1070 0.340543
1071 0.369088
1072 0.656957
1073 0.407321
1074 0.655646
1075 0.237246
1076 0.355387
1077 0.293865
1078 0.316455
1079 0.523521
1080 0.297078
1081 0.246593
1082 0.298104
1083 0.524659
1084 0.211893
1085 0.195063
1086 0.381386
1087 0.565632
1088 0.158572
1089 0.17968
1090 0.453688
1091 0.252086
1092 0.465936
1093 0.396772
1094 0.418965
1095 0.202386
1096 0.106157
1097 0.239393
1098 0.204481
1099 0.310141
1100 0.458369
1101 0.312324
1102 0.224991
1103 0.575797
1104 0.16325
1105 0.261879
1106 0.384454
1107 0.336594
1108 0.29382
1109 0.385761
1110 0.23957
1111 0.237099
1112 0.23259
1113 0.156388
1114 0.331065
1115 0.269833
1116 0.119108
1117 0.325471
1118 0.239208
1119 0.34285
1120 0.252734
1121 0.414051
1122 0.28644
1123 0.302544
1124 0.345955
1125 0.0456051
1126 0.294537
1127 0.338584
1128 0.0753098
1129 0.0839815
1130 0.179923
1131 0.180221
1132 0.377108
1133 0.173805
1134 0.205866
1135 0.305078
1136 0.228906
1137 0.480653
1138 0.164478
1139 0.297646
1140 0.305378
1141 0.471091
1142 0.383429
1143 0.21304
1144 0.466566
1145 0.240932
1146 0.1928
1147 0.342441
1148 0.164375
1149 0.25064
1150 0.423329
1151 0.233445
1152 0.160602
1153 0.0465402
1154 0.152002
1155 0.410293
1156 0.467285
1157 0.172297
1158 0.448391
1159 0.0862949
1160 0.183851
1161 0.13602
1162 0.317653
1163 0.0815463
1164 0.467682
1165 0.141052
1166 0.104156
1167 0.187277
1168 0.261017
1169 0.503584
1170 0.317939
1171 0.158742
1172 0.14484
1173 0.308001
1174 0.372465
1175 0.258686
1176 0.132926
1177 0.150506
1178 0.426948
1179 0.284462
1180 0.321727
1181 0.223081
1182 0.713277
1183 0.266233
1184 0.257381
1185 0.763089
1186 0.23326
1187 0.182806
1188 0.376981
1189 0.102284
1190 0.520029
1191 0.217156
1192 0.172737
1193 0.260939
1194 0.399029
1195 0.850559
1196 0.725979
1197 0.797765
1198 0.266939
1199 0.437294
1200 0.427173
1201 0.318285
1202 0.92945
1203 0.553541
1204 0.321945
1205 0.335057
1206 0.138795
1207 0.377908
1208 0.214763
1209 0.0403247
1210 0.118396
1211 0.0406213
1212 0.321068
1213 0.257984
1214 0.275763
1215 0.345496
1216 0.336586
1217 0.179862
1218 0.268825
1219 0.314152
1220 0.337835
1221 0.383425
1222 0.259226
1223 0.11838
1224 0.388782
1225 0.336717
1226 0.211647
1227 0.19643
1228 0.429828
1229 0.429143
1230 0.44331
1231 0.420837
1232 0.4498
1233 0.845888
1234 0.20049
1235 0.401555
1236 0.783505
1237 0.100011
1238 0.468736
1239 0.100915
1240 0.409831
1241 0.188774
1242 0.225394
1243 0.117731
1244 0.321383
1245 0.314593
1246 0.29328
1247 0.106828
1248 0.188037
1249 0.0563461
1250 0.479304
1251 0.681934
1252 0.20136
1253 0.341343
1254 0.0406702
1255 0.277083
1256 0.341835
1257 0.412931
1258 0.0444019
1259 0.0446561
1260 0.0306872
1261 0.352146
1262 0.305718
1263 0.349251
1264 0.28253
1265 0.420167
1266 0.0402534
1267 0.0398602
1268 0.346412
1269 0.589885
1270 0.404013
1271 0.259042
1272 0.504245
1273 0.539878
1274 0.48731
1275 0.37089
1276 0.462028
1277 0.379406
1278 0.417692
1279 0.502413
1280 0.542092
1281 0.770594
1282 0.618139
1283 0.596702
1284 0.445287
1285 0.429916
1286 0.322731
1287 0.349979
1288 0.639392
1289 0.549635
1290 0.241997
1291 0.136243
1292 0.589411
1293 0.802765
1294 0.63549
1295 0.699069
1296 0.617474
1297 0.771438
1298 0.123755
1299 0.337944
1300 0.521869
1301 0.114095
1302 0.630685
1303 0.891769
1304 0.557015
1305 0.644393
1306 0.602533
1307 0.457376
1308 0.584348
1309 0.108045
1310 0.133161
1311 0.299015
1312 0.62708
1313 0.525583
1314 0.773899
1315 0.496463
1316 0.73707
1317 0.344213
1318 0.13663
1319 0.37984
1320 0.433209
1321 0.885422
1322 0.871199
1323 0.415701
1324 0.248025
1325 0.904577
1326 0.722528
1327 0.258165
1328 0.557231
1329 0.859925
1330 0.283686
1331 0.0922197
1332 0.303378
1333 0.223565
1334 0.409497
1335 0.0893345
1336 0.837806
1337 0.302038
1338 0.716034
1339 0.680693
1340 0.627521
1341 0.540114
1342 0.699961
1343 0.801047
1344 0.423205
1345 0.448469
1346 0.795245
1347 0.332042
1348 0.0889814
1349 0.464854
1350 0.61737
1351 0.183389
1352 0.430381
1353 0.357446
1354 0.292982
1355 0.342106
1356 0.758103
1357 0.297247
1358 0.286266
1359 0.47815
1360 0.430297
1361 0.600931
1362 0.841266
1363 0.317227
1364 0.0926307
1365 0.677242
1366 0.307507
1367 0.22774
1368 0.222524
1369 0.598159
1370 0.285251
1371 0.547897
1372 0.331505
1373 0.329631
1374 0.259251
1375 0.0471032
1376 0.205312
1377 0.530281
1378 0.734729
1379 0.307703
1380 0.265988
1381 0.520298
1382 0.226425
1383 0.484649
1384 0.635706
1385 0.351731
1386 0.532806
1387 0.55542
1388 0.579079
1389 0.762419
1390 0.391562
1391 0.495157
1392 0.435247
1393 0.100699
1394 0.582521
1395 0.192377
1396 0.49769
1397 0.476644
1398 0.531741
1399 0.465633
1400 0.303266
1401 0.0973235
1402 0.277034
1403 0.501019
1404 0.330051
1405 0.17885
1406 0.408412
1407 0.578676
1408 0.43263
1409 0.209326
1410 0.312548
1411 0.527374
1412 0.538752
1413 0.731018
1414 0.166121
1415 0.662236
1416 0.592505
1417 0.742648
1418 0.212382
1419 0.745346
1420 0.515725
1421 0.701558
1422 0.625685
1423 0.338716
1424 0.179105
1425 0.153159
1426 0.678076
1427 0.355561
1428 0.416917
1429 0.339667
1430 0.365082
1431 0.459068
1432 0.281614
1433 0.141066
1434 0.499763
1435 0.202369
1436 0.260066
1437 0.430819
1438 0.136499
1439 0.398147
1440 0.769646
1441 0.623583
1442 0.817134
1443 0.262339
1444 0.560574
1445 0.683938
1446 0.591634
1447 0.538872
1448 0.396306
1449 0.465801
1450 0.400705
1451 0.692133
1452 0.224189
1453 0.292195
1454 0.449271
1455 0.473736
1456 0.340118
1457 0.31261
1458 0.406154
1459 0.536083
1460 0.336975
1461 0.416787
1462 0.584309
1463 0.357857
1464 0.763845
1465 0.703456
1466 0.816003
1467 0.247925
1468 0.171597
1469 0.620313
1470 0.402916
1471 0.28447
1472 0.466822
1473 0.784578
1474 0.80674
1475 0.278063
1476 0.185542
1477 0.365052
1478 0.444278
1479 0.452528
1480 0.391779
1481 0.650859
1482 0.433434
1483 0.231672
1484 0.69532
1485 0.687107
1486 0.346735
1487 0.802084
1488 0.506724
1489 0.17899
1490 0.471016
1491 0.475081
1492 0.629701
1493 0.162257
1494 0.585568
1495 0.606642
1496 0.691948
1497 0.242081
1498 0.39377
1499 0.265742
1500 0.668229
1501 0.333001
1502 0.410452
1503 0.355598
1504 0.350605
1505 0.477145
1506 0.774226
1507 0.5061
1508 0.539903
1509 0.781481
1510 0.656373
1511 0.67304
1512 0.251126
1513 0.659206
1514 0.429409
1515 0.841432
1516 0.581844
1517 0.737574
1518 0.73586
1519 0.665216
1520 0.738244
1521 0.827834
1522 0.627452
1523 0.738789
1524 0.718662
1525 0.315954
1526 0.283748
1527 0.723042
1528 0.582993
1529 0.747586
1530 0.267185
1531 0.346631
1532 0.686868
1533 0.679334
1534 0.30659
1535 0.541036
1536 0.270797
1537 0.372596
1538 0.410238
1539 0.541427
1540 0.117199
1541 0.38829
1542 0.536518
1543 0.443247
1544 0.623982
1545 0.231088
1546 0.456706
1547 0.417351
1548 0.121224
1549 0.206963
1550 0.27202
1551 0.283815
1552 0.215023
1553 0.238241
1554 0.569353
1555 0.440721
1556 0.37091
1557 0.364971
1558 0.488401
1559 0.290265
1560 0.3783
1561 0.119127
1562 0.721619
1563 0.365731
1564 0.207535
1565 0.18522
1566 0.502245
1567 0.27874
1568 0.282519
1569 0.277753
1570 0.852858
1571 0.334217
1572 0.314399
1573 0.432881
1574 0.150954
1575 0.224277
1576 0.138357
1577 0.341225
1578 0.211857
1579 0.259955
1580 0.317264
1581 0.586794
1582 0.769174
1583 0.61658
1584 0.833046
1585 0.282026
1586 0.888344
1587 0.372237
1588 0.575505
1589 0.147711
1590 0.849495
1591 0.826564
1592 0.449808
1593 0.508346
1594 0.592761
1595 0.544839
1596 0.302769
1597 0.334762
1598 0.15184
1599 0.0818397
1600 0.349369
1601 0.122735
1602 0.051342
1603 0.22557
1604 0.191109
1605 0.142371
1606 0.469656
1607 0.619381
1608 0.809075
1609 0.574097
1610 0.169918
1611 0.138311
1612 0.437492
1613 0.75193
1614 0.3361
1615 0.257217
1616 0.87802
1617 0.265405
1618 0.554749
1619 0.197191
1620 0.77131
1621 0.545499
1622 0.266505
1623 0.203414
1624 0.675834
1625 0.344557
1626 0.390301
1627 0.058364
1628 0.0583083
1629 0.112364
1630 0.148044
1631 0.195855
1632 0.175552
1633 0.257043
1634 0.309636
1635 0.289011
1636 0.288985
1637 0.62103
1638 0.19548
1639 0.257028
1640 0.62182
1641 0.309069
1642 0.330419
1643 0.178692
1644 0.437447
1645 0.260944
1646 0.42687
1647 0.655429
1648 0.24987
1649 0.655843
1650 0.587813
1651 0.732848
1652 0.770337
1653 0.450003
1654 0.520208
1655 0.794267
1656 0.534689
1657 0.848286
1658 0.702254
1659 0.946717
1660 0.440828
1661 0.737134
1662 0.572298
1663 0.748762
1664 0.630619
1665 0.833056
1666 0.724089
1667 0.515267
1668 0.732541
1669 0.956642
1670 0.742611
1671 0.763443
1672 0.593528
1673 0.735212
1674 0.373749
1675 0.833962
1676 0.671388
1677 0.686964
1678 0.746561
1679 0.599139
1680 0.795587
1681 0.51863
1682 0.296163
1683 0.615361
1684 0.470614
1685 0.636248
1686 0.83493
1687 0.671784
1688 0.514376
1689 0.775548
1690 0.704108
1691 0.792271
1692 0.631156
1693 0.635314
1694 0.702953
1695 0.808911
1696 0.913896
1697 0.856688
1698 0.737834
1699 0.870107
1700 0.752095
1701 0.823164
1702 0.79977
1703 0.505491
1704 0.630253
1705 0.652352
1706 0.709673
1707 0.557864
1708 0.759836
1709 0.616428
1710 0.69137
1711 0.53712
1712 0.613381
1713 0.79032
1714 0.546912
1715 0.741948
1716 0.511719
1717 0.767951
1718 0.50331
1719 0.902945
1720 0.472425
1721 0.873022
1722 0.740375
1723 0.530564
1724 0.843637
1725 0.292123
1726 0.270294
1727 0.341261
1728 0.442766
1729 0.913311
1730 0.525466
1731 0.572183
1732 0.313916
1733 0.802015
1734 0.894912
1735 0.738572
1736 0.713605
1737 0.78857
1738 0.70359
1739 0.563236
1740 0.85226
1741 0.736232
1742 0.571463
1743 0.266855
1744 0.425407
1745 0.573849
1746 0.649069
1747 0.682192
1748 0.636252
1749 0.503626
1750 0.741204
1751 0.390672
1752 0.637093
1753 0.49143
1754 0.714209
1755 0.462493
1756 0.504074
1757 0.715287
1758 0.715758
1759 0.700236
1760 0.742509
1761 0.787038
1762 0.659125
1763 0.728445
1764 0.74449
1765 0.839776
1766 0.722112
1767 0.663371
1768 0.677891
1769 0.448698
1770 0.882271
1771 0.576045
1772 0.501401
1773 0.731762
1774 0.705277
1775 0.765314
1776 0.52157
1777 0.523559
1778 0.611479
1779 0.566579
1780 0.681793
1781 0.832643
1782 0.896798
1783 0.773352
1784 0.774707
1785 0.504367
1786 0.802825
1787 0.756583
1788 0.608955
1789 0.813949
1790 0.780015
1791 0.564874
1792 0.858373
1793 0.832107
1794 0.701329
1795 0.645248
1796 0.758755
1797 0.80789
1798 0.878687
1799 0.785151
1800 0.513122
1801 0.765476
1802 0.892061
1803 0.895365
1804 0.476377
1805 0.625788
1806 0.930061
1807 0.726038
1808 0.689193
1809 0.835326
1810 0.815141
1811 0.522893
1812 0.622507
1813 0.798482
1814 0.261152
1815 0.297187
1816 0.674228
1817 0.850734
1818 0.694773
1819 0.658394
1820 0.260301
1821 0.623357
1822 0.521881
1823 0.763786
1824 0.371798
1825 0.626516
1826 0.701379
1827 0.805941
1828 0.304248
1829 0.327739
1830 0.53313
1831 0.577465
1832 0.563865
1833 0.744268
1834 0.390267
1835 0.817398
1836 0.678225
1837 0.586762
1838 0.77365
1839 0.627809
1840 0.623542
1841 0.688478
1842 0.549175
1843 0.938569
1844 0.647931
1845 0.866889
1846 0.631223
1847 0.650163
1848 0.691711
1849 0.536748
1850 0.928095
1851 0.697013
1852 0.812542
1853 0.844094
1854 0.817951
1855 0.731021
1856 0.503161
1857 0.864081
1858 0.286743
1859 0.788796
1860 0.797493
1861 0.340366
1862 0.688162
1863 0.518529
1864 0.724627
1865 0.611435
1866 0.735189
1867 0.707625
1868 0.820158
1869 0.606553
1870 0.798478
1871 0.612537
1872 0.273197
1873 0.61913
1874 0.489442
1875 0.702775
1876 0.79655
1877 0.775677
1878 0.600842
1879 0.710541
1880 0.700504
1881 0.429375
1882 0.595827
1883 0.668264
1884 0.687084
1885 0.37498
1886 0.391944
1887 0.693651
1888 0.574405
1889 0.538575
1890 0.544209
1891 0.364866
1892 0.609214
1893 0.928388
1894 0.896937
1895 0.671893
1896 0.868207
1897 0.620279
1898 0.681383
1899 0.524275
1900 0.684249
1901 0.913104
1902 0.640214
1903 0.750723
1904 0.74394
1905 0.437995
1906 0.754358
1907 0.509734
1908 0.650082
1909 0.333136
1910 0.540189
1911 0.35478
1912 0.604862
1913 0.644392
1914 0.529782
1915 0.659851
1916 0.656761
1917 0.652362
1918 0.72248
1919 0.325558
1920 0.591997
1921 0.694882
1922 0.711213
1923 0.645892
1924 0.742351
1925 0.208086
1926 0.573379
1927 0.794044
1928 0.641248
1929 0.649198
1930 0.309362
1931 0.679685
1932 0.309233
1933 0.742991
1934 0.624522
1935 0.719428
1936 0.961109
1937 0.853266
1938 0.376852
1939 0.717139
1940 0.78795
1941 0.764783
1942 0.794878
1943 0.443219
1944 0.563388
1945 0.898158
1946 0.622928
1947 0.710908
1948 0.658343
1949 0.929261
1950 0.734727
1951 0.785549
1952 0.329184
1953 0.829552
1954 0.641966
1955 0.400018
1956 0.236661
1957 0.687401
1958 0.916061
1959 0.695855
1960 0.414272
1961 0.717742
1962 0.444636
1963 0.813784
1964 0.538279
1965 0.785749
1966 0.52756
1967 0.733781
1968 0.483481
1969 0.752639
1970 0.499147
1971 0.639238
1972 0.1569
1973 0.496035
1974 0.288194
1975 0.495737
1976 0.448976
1977 0.851921
1978 0.44785
1979 0.557276
1980 0.250208
1981 0.473078
1982 0.634252
1983 0.315484
1984 0.58167
1985 0.85482
1986 0.595039
1987 0.712999
1988 0.793368
1989 0.818687
1990 0.724928
1991 0.637949
1992 0.630036
1993 0.677597
1994 0.702945
1995 0.346545
1996 0.618686
1997 0.829
1998 0.736119
1999 0.348728
2000 0.85113
2001 0.334078
2002 0.262262
2003 0.551849
2004 0.447487
2005 0.602156
2006 0.520001
2007 0.760039
2008 0.352894
2009 0.860237
2010 0.554315
2011 0.70904
2012 0.659716
2013 0.482153
2014 0.844242
2015 0.455604
2016 0.680284
2017 0.426036
2018 0.636463
2019 0.155976
2020 0.171765
2021 0.674407
2022 0.567527
2023 0.26517
2024 0.479074
2025 0.543322
2026 0.40029
2027 0.27442
2028 0.515613
2029 0.705272
2030 0.866508
2031 0.780161
2032 0.226154
2033 0.687087
2034 0.662512
2035 0.658617
2036 0.808691
2037 0.345865
2038 0.733583
2039 0.857343
2040 0.707045
2041 0.481484
2042 0.543542
2043 0.52481
2044 0.486604
2045 0.763114
2046 0.399597
2047 0.661973
2048 0.452472
2049 0.324522
2050 0.540153
2051 0.596017
2052 0.734945
2053 0.477838
2054 0.753137
2055 0.449476
2056 0.592472
2057 0.77824
2058 0.792295
2059 0.853641
2060 0.744726
2061 0.896822
2062 0.778547
2063 0.759165
2064 0.60714
2065 0.776589
2066 0.703568
2067 0.93981
2068 0.708283
2069 0.677806
2070 0.771556
2071 0.840403
2072 0.651222
2073 0.881865
2074 0.775764
2075 0.770522
2076 0.759892
2077 0.766391
2078 0.728855
2079 0.853856
2080 0.799798
2081 0.894578
2082 0.850907
2083 0.731036
2084 0.74634
2085 0.89229
2086 0.797738
2087 0.895611
2088 0.586123
2089 0.943228
2090 0.869282
2091 0.747625
2092 0.862974
2093 0.78164
2094 0.657249
2095 0.633497
2096 0.659469
2097 0.612159
2098 0.689242
2099 0.77568
2100 0.922671
2101 0.852242
2102 0.690942
2103 0.789849
2104 0.784475
2105 0.819942
2106 0.769671
2107 0.651466
2108 0.686355
2109 0.605312
2110 0.709668
2111 0.606408
2112 0.82826
2113 0.726282
2114 0.840229
2115 0.803829
2116 0.500608
2117 0.767218
2118 0.525915
2119 0.542215
2120 0.606187
2121 0.709616
2122 0.603871
2123 0.786709
2124 0.537432
2125 0.658194
2126 0.603135
2127 0.596714
2128 0.469933
2129 0.611876
2130 0.650897
2131 0.472258
2132 0.710857
2133 0.582439
2134 0.906921
2135 0.595035
2136 0.630997
2137 0.862288
2138 0.742343
2139 0.712726
2140 0.873226
2141 0.649796
2142 0.799646
2143 0.387537
2144 0.500231
2145 0.63511
2146 0.565644
2147 0.793679
2148 0.74513
2149 0.730651
2150 0.745793
2151 0.646347
2152 0.455747
2153 0.790378
2154 0.880081
2155 0.748116
2156 0.603527
2157 0.843788
2158 0.946441
2159 0.890752
2160 0.730506
2161 0.809119
2162 0.848577
2163 0.69768
2164 0.784611
2165 0.764931
2166 0.780414
2167 0.690878
2168 0.752616
2169 0.831003
2170 0.933462
2171 0.681192
2172 0.66853
2173 0.714651
2174 0.598264
2175 0.868549
2176 0.703616
2177 0.970557
2178 0.796933
2179 0.842347
2180 0.724051
2181 0.768991
2182 0.777894
2183 0.881176
2184 0.743413
2185 0.765232
2186 0.716018
2187 0.785818
2188 0.584901
2189 0.650628
2190 0.881955
2191 0.857889
2192 0.752941
2193 0.880111
2194 0.969476
2195 0.859847
2196 0.604088
2197 0.395519
2198 0.416377
2199 0.675276
2200 0.859526
2201 0.660104
2202 0.709483
2203 0.571858
2204 0.970455
2205 0.648237
2206 0.516873
2207 0.83775
2208 0.789551
2209 0.788517
2210 0.816604
2211 0.719365
2212 0.914421
2213 0.94651
2214 0.873022
2215 0.671454
2216 0.523263
2217 0.743947
2218 0.770794
2219 0.853135
2220 0.911115
2221 0.570738
2222 0.964182
2223 0.752402
2224 0.879542
2225 0.931325
2226 0.791083
2227 0.675117
2228 0.749001
2229 0.756606
2230 0.610697
2231 0.770438
2232 0.292734
2233 0.322
2234 0.641472
2235 0.739633
2236 0.695093
2237 0.65409
2238 0.658456
2239 0.739036
2240 0.59621
2241 0.638952
2242 0.637226
2243 0.713217
2244 0.699515
2245 0.836312
2246 0.812984
2247 0.703871
2248 0.90573
2249 0.733894
2250 0.678881
2251 0.570582
2252 0.710536
2253 0.659173
2254 0.622299
2255 0.659233
2256 0.609457
2257 0.700405
2258 0.58412
2259 0.609408
2260 0.576655
2261 0.803232
2262 0.95236
2263 0.808958
2264 0.72177
2265 0.664198
2266 0.648509
2267 0.932078
2268 0.906669
2269 0.594185
2270 0.587858
2271 0.656537
2272 0.979199
2273 0.809574
2274 0.547129
2275 0.810672
2276 0.906746
2277 0.991758
2278 0.849016
2279 0.74094
2280 0.604469
2281 0.701572
2282 0.856582
2283 0.759054
2284 0.375711
2285 0.748858
2286 0.597442
2287 0.810733
2288 0.417321
2289 0.592065
2290 0.590036
2291 0.770446
2292 0.559386
2293 0.6727
2294 0.665238
2295 0.959201
2296 0.819702
2297 0.727046
2298 0.893843
2299 0.891146
2300 0.679459
2301 0.83115
2302 0.503006
2303 0.385962
2304 0.609418
2305 0.879897
2306 0.639554
2307 0.638479
2308 0.754839
2309 0.668033
2310 0.631339
2311 0.589731
2312 0.556127
2313 0.608198
2314 0.752424
2315 0.711605
2316 0.638023
2317 0.935735
2318 0.549019
2319 0.623754
2320 0.693962
2321 0.59219
2322 0.63235
2323 0.804342
2324 0.676436
2325 0.775895
2326 0.724153
2327 0.4681
2328 0.698469
2329 0.625164
2330 0.671917
2331 0.844466
2332 0.976767
2333 0.63318
2334 0.892852
2335 0.73481
2336 0.684765
2337 0.491218
2338 0.582369
2339 0.588099
2340 0.66206
2341 0.668419
2342 0.776078
2343 0.615697
2344 0.74895
2345 0.820358
2346 0.882401
2347 0.889816
2348 0.879854
2349 0.606605
2350 0.859462
2351 0.868071
2352 0.882582
2353 0.898866
2354 0.732675
2355 0.805485
2356 0.566873
2357 0.627054
2358 0.811633
2359 0.574887
2360 0.720636
2361 0.887064
2362 0.700415
2363 0.846936
2364 0.601341
2365 0.631626
2366 0.931381
2367 0.707414
2368 0.933053
2369 0.865385
2370 0.580584
2371 0.717088
2372 0.68723
2373 0.778403
2374 0.902829
2375 0.851709
2376 0.76786
2377 0.467544
2378 0.389916
2379 0.819138
2380 0.457927
2381 0.809482
2382 0.683089
2383 0.70032
2384 0.84402
2385 0.58843
2386 0.765587
2387 0.773791
2388 0.694604
2389 0.648464
2390 0.647108
2391 0.621787
2392 0.662745
2393 0.657325
2394 0.610893
2395 0.846823
2396 0.871477
2397 0.766688
2398 0.763221
2399 0.75901
2400 0.522322
2401 0.505755
2402 0.68385
2403 0.826742
2404 0.543337
2405 0.76625
2406 0.653056
2407 0.742106
2408 0.890504
2409 0.640845
2410 0.536364
2411 0.796692
2412 0.820588
2413 0.664475
2414 0.968155
2415 0.799353
2416 0.811561
2417 0.84359
2418 0.706011
2419 0.587959
2420 0.764682
2421 0.621679
2422 0.802953
2423 0.896701
2424 0.809865
2425 0.770463
2426 0.697157
2427 0.811687
2428 0.646635
2429 0.469055
2430 0.632811
2431 0.818615
2432 0.716631
2433 0.63126
2434 0.586237
2435 0.400339
2436 0.494343
2437 0.644384
2438 0.793493
2439 0.530125
2440 0.630103
2441 0.52294
2442 0.821722
2443 0.401924
2444 0.400972
2445 0.573455
2446 0.545401
2447 0.743009
2448 0.523353
2449 0.543537
2450 0.782756
2451 0.74675
2452 0.713967
2453 0.869647
2454 0.351725
2455 0.336544
2456 0.453195
2457 0.85984
2458 0.701109
2459 0.366393
2460 0.704153
2461 0.215657
2462 0.733648
2463 0.705335
2464 0.720217
2465 0.681799
2466 0.624444
2467 0.933332
2468 0.616277
2469 0.563412
2470 0.473589
2471 0.605678
2472 0.85518
2473 0.669382
2474 0.564777
2475 0.604855
2476 0.840329
2477 0.569453
2478 0.601454
2479 0.676483
2480 0.839849
2481 0.566861
2482 0.428778
2483 0.509896
2484 0.77589
2485 0.196162
2486 0.500004
2487 0.793889
2488 0.571371
2489 0.68139
2490 0.224053
2491 0.691629
2492 0.727027
2493 0.309287
2494 0.531296
2495 0.0412891
2496 0.268573
2497 0.652487
2498 0.115194
2499 0.173831
2500 0.174966
2501 0.251794
2502 0.258361
2503 0.179176
2504 0.174546
2505 0.154961
2506 0.15908
2507 0.163361
2508 0.163075
2509 0.198546
2510 0.0860077
2511 0.201468
2512 0.156831
2513 0.178254
2514 0.152934
2515 0.156446
2516 0.156341
2517 0.142398
2518 0.180456
2519 0.266463
2520 0.18282
2521 0.164189
2522 0.26457
2523 0.031894
2524 0.184775
2525 0.284007
2526 0.136721
2527 0.174209
2528 0.178798
2529 0.153317
2530 0.174136
2531 0.161733
2532 0.147016
2533 0.150297
2534 0.177624
2535 0.172108
2536 0.164267
2537 0.178129
2538 0.263229
2539 0.0165836
2540 0.217287
2541 0.0776699
2542 0.767222
2543 0.178344
2544 0.157714
2545 0.016192
2546 0.0118542
2547 0.252182
2548 0.1803
2549 0.201352
2550 0.19937
2551 0.265926
2552 0.151299
2553 0.154122
2554 0.164008
2555 0.154124
2556 0.156821
2557 0.0823376
2558 0.325721
2559 0.2255
2560 0.316735
2561 0.19824
2562 0.0991108
2563 0.330823
2564 0.177572
2565 0.333572
2566 0.320009
2567 0.331584
2568 0.181032
2569 0.182055
2570 0.175635
2571 0.250168
2572 0.175802
2573 0.261861
2574 0.0117832
2575 0.189628
2576 0.327371
2577 0.180309
2578 0.173017
2579 0.178545
2580 0.174657
2581 0.171055
2582 0.0118989
2583 0.172704
2584 0.179426
2585 0.33895
2586 0.0593908
2587 0.123887
2588 0.0552198
2589 0.119091
2590 0.149764
2591 0.326402
2592 0.182294
2593 0.0165634
2594 0.180981
2595 0.340739
2596 0.30534
2597 0.511435
2598 0.0510366
2599 0.19375
2600 0.0861803
2601 0.176291
2602 0.17171
2603 0.181024
2604 0.268462
2605 0.0162731
2606 0.173794
2607 0.177854
2608 0.187387
2609 0.390943
2610 0.680314
2611 0.0815065
2612 0.289531
2613 0.128157
2614 0.557546
2615 0.0683117
2616 0.225178
2617 0.0123096
2618 0.260116
2619 0.035955
2620 0.418209
2621 0.141936
2622 0.496762
2623 0.346372
2624 0.921515
2625 0.405551
2626 0.316703
2627 0.0296122
2628 0.021855
2629 0.31838
2630 0.0963414
2631 0.138219
2632 0.104924
2633 0.227583
2634 0.29812
2635 0.131134
2636 0.0206356
2637 0.133509
2638 0.404119
2639 0.214207
2640 0.209146
2641 0.499627
2642 0.222177
2643 0.309438
2644 0.0931366
2645 0.182127
2646 0.181833
2647 0.185892
2648 0.373713
2649 0.322726
2650 0.204706
2651 0.0269852
2652 0.0119118
2653 0.0255271
2654 0.178454
2655 0.496215
2656 0.496756
2657 0.299917
2658 0.317217
2659 0.0605928
2660 0.406409
2661 0.0292039
2662 0.034088
2663 0.0316948
2664 0.114659
2665 0.258985
2666 0.272671
2667 0.313342
2668 0.371508
2669 0.0117366
2670 0.0143881
2671 0.179008
2672 0.162831
2673 0.215359
2674 0.140843
2675 0.605367
2676 0.301355
2677 0.16662
2678 0.232757
2679 0.0140194
2680 0.0520495
2681 0.0126399
2682 0.0117801
2683 0.0193314
2684 0.0586571
2685 0.179711
2686 0.0158645
2687 0.197167
2688 0.0115976
2689 0.106742
2690 0.0222206
2691 0.103031
2692 0.209632
2693 0.0134524
2694 0.203943
2695 0.313082
2696 0.100559
2697 0.0551197
2698 0.448158
2699 0.231559
2700 0.0428802
2701 0.108239
2702 0.576124
2703 0.220023
2704 0.823666
2705 0.0783276
2706 0.456441
2707 0.811494
2708 0.163077
2709 0.25425
2710 0.213226
2711 0.377449
2712 0.550868
2713 0.318396
2714 0.30522
2715 0.913869
2716 0.117085
2717 0.530847
2718 0.412589
2719 0.0156538
2720 0.544889
2721 0.172013
2722 0.503258
2723 0.298131
2724 0.112694
2725 0.26588
2726 0.105948
2727 0.0319342
2728 0.212946
2729 0.166664
2730 0.310755
2731 0.21521
2732 0.162469
2733 0.229161
2734 0.180099
2735 0.20101
2736 0.0108798
2737 0.136016
2738 0.129462
2739 0.168546
2740 0.102733
2741 0.157023
2742 0.125741
2743 0.0158483
2744 0.143275
2745 0.024577
2746 0.00337843
2747 0.0394859
2748 0.0475575
2749 0.237605
2750 0.073601
2751 0.0167287
2752 0.00949978
2753 0.00955146
2754 0.00886889
2755 0.00182434
2756 0.0130488
2757 0.171716
2758 0.00994312
2759 0.218658
2760 0.340667
2761 0.00208893
2762 0.181087
2763 0.0102799
2764 0.0255025
2765 0.0215891
2766 0.020705
2767 0.0323695
2768 0.0120523
2769 0.0249104
2770 0.277647
2771 0.130609
2772 0.0147784
2773 0.311712
2774 0.0477972
2775 0.466039
2776 0.0233878
2777 0.175158
2778 0.241997
2779 0.0118259
2780 0.0426891
2781 0.122291
2782 0.11299
2783 0.156183
2784 0.00850051
2785 0.0863172
2786 0.259945
2787 0.275987
2788 0.258841
2789 0.261639
2790 0.422018
2791 0.211904
2792 0.0722837
2793 0.017456
2794 0.418057
2795 0.0156117
2796 0.151283
2797 0.0157521
2798 0.0101274
2799 0.530621
2800 0.134634
2801 0.0582122
2802 0.0235818
2803 0.0165074
2804 0.104755
2805 0.209021
2806 0.331219
2807 0.00125802
2808 0.0290284
2809 0.0471023
2810 0.131876
2811 0.0243616
2812 0.0797562
2813 0.0327738
2814 0.103488
2815 0.0962631
2816 0.250178
2817 0.154789
2818 0.0303601
2819 0.220025
2820 0.226378
2821 0.0269955
2822 0.0248402
2823 0.265004
2824 0.158086
2825 0.147064
2826 0.0641233
2827 0.0995827
2828 0.0120484
2829 0.00939832
2830 0.256484
2831 0.104627
2832 0.00116012
2833 0.0793797
2834 0.212933
2835 0.0116208
2836 0.0555276
2837 0.759652
2838 0.0120145
2839 0.026078
2840 0.0272335
2841 0.00782843
2842 0.0532004
2843 0.0640687
2844 0.0165438
2845 0.220791
2846 0.120154
2847 0.0474942
2848 0.0261812
2849 0.148205
2850 0.319466
2851 0.0272005
2852 0.0640669
2853 0.257884
2854 0.0639525
2855 0.088633
2856 0.182587
2857 0.106477
2858 0.0576834
2859 0.0496731
2860 0.0726185
2861 0.0107581
2862 0.176489
2863 0.261463
2864 0.0128016
2865 0.118572
2866 0.103292
2867 0.206062
2868 0.174359
2869 0.0491921
2870 0.0104698
2871 0.0127531
2872 0.014813
2873 0.157384
2874 0.0124343
2875 0.00952973
2876 0.00988956
2877 0.0106837
2878 0.176575
2879 0.0237712
2880 0.25995
2881 0.0124449
2882 0.0328049
2883 0.111234
2884 0.0111191
2885 0.0121397
2886 0.1323
2887 0.0521799
2888 0.0130176
2889 0.0542042
2890 0.0521038
2891 0.446727
2892 0.665902
2893 0.514572
2894 0.160193
2895 0.110748
2896 0.165107
2897 0.0249102
2898 0.509993
2899 0.109021
2900 0.263051
2901 0.0440227
2902 0.537799
2903 0.169154
2904 0.209568
2905 0.0477651
2906 0.0145359
2907 0.0532067
2908 0.0572702
2909 0.147957
2910 0.0260851
2911 0.200038
2912 0.0941057
2913 0.208991
2914 0.00133923
2915 0.00190498
2916 0.446371
2917 0.158086
2918 0.164237
2919 0.116985
2920 0.0524697
2921 0.23052
2922 0.0108865
2923 0.0263762
2924 0.0277926
2925 0.0969586
2926 0.267246
2927 0.466039
2928 0.0637348
2929 0.410344
2930 0.00456291
2931 0.536788
2932 0.123323
2933 0.164237
2934 0.17648
2935 0.0327307
2936 0.021978
2937 0.00142891
2938 0.0999089
2939 0.0143155
2940 0.184433
2941 0.00778565
2942 0.471376
2943 0.100047
2944 0.0237344
2945 0.0128716
2946 0.0523719
2947 0.0516651
2948 0.118508
2949 0.116595
2950 0.108962
2951 0.115459
2952 0.055799
2953 0.238353
2954 0.0660907
2955 0.0363563
2956 0.0298826
2957 0.147131
2958 0.46489
2959 0.0461349
2960 0.0123905
2961 0.0504889
2962 0.196735
2963 0.020909
2964 0.219869
2965 0.147723
2966 0.484098
2967 0.173227
2968 0.411742
2969 0.027185
2970 0.0226453
2971 0.21348
2972 0.12614
2973 0.0471343
2974 0.0726171
2975 0.0300618
2976 0.00973767
2977 0.0197255
2978 0.026234
2979 0.155926
2980 0.0367573
2981 0.154379
2982 0.238353
2983 0.113865
2984 0.0138194
2985 0.011013
2986 0.4316
2987 0.00135536
2988 0.00808269
2989 0.0263485
2990 0.0208212
2991 0.0520061
2992 0.0238005
2993 0.0367155
2994 0.00676948
2995 0.0473676
2996 0.118395
2997 0.265023
2998 0.0577646
2999 0.00184269
3000 0.0137563
3001 0.00116807
3002 0.177603
3003 0.0130368
3004 0.030522
3005 0.145555
3006 0.0163142
3007 0.00771536
3008 0.0381967
3009 0.0467885
3010 0.0466213
3011 0.00807355
3012 0.0068541
3013 0.0493141
3014 0.0348609
3015 0.101156
3016 0.0754967
3017 0.350096
3018 0.0909458
3019 0.444102
3020 0.265458
3021 0.0440082
3022 0.26279
3023 0.0516509
3024 0.227497
3025 0.573997
3026 0.257884
3027 0.108433
3028 0.221462
3029 0.0864236
3030 0.0222624
3031 0.033997
3032 0.122864
3033 0.436919
3034 0.0160577
3035 0.0071321
3036 0.343835
3037 0.328367
3038 0.009406
3039 0.113477
3040 0.548216
3041 0.438446
3042 0.196664
3043 0.0205137
3044 0.177207
3045 0.111945
3046 0.578016
3047 0.129282
3048 0.0316958
3049 0.0601335
3050 0.105457
3051 0.641882
3052 0.124866
3053 0.648227
3054 0.451112
3055 0.00893365
3056 0.252497
3057 0.0162971
3058 0.03725
3059 0.0496352
3060 0.462014
3061 0.170591
3062 0.263019
3063 0.0456828
3064 0.0380448
3065 0.228432
3066 0.0284272
3067 0.0313655
3068 0.144337
3069 0.0387512
3070 0.0136922
3071 0.107985
3072 0.0093562
3073 0.0387278
3074 0.0072952
3075 0.264007
3076 0.0161062
3077 0.374263
3078 0.447029
3079 0.0637352
3080 0.0584512
3081 0.471474
3082 0.143725
3083 0.0674667
3084 0.0484904
3085 0.173326
3086 0.286129
3087 0.0460017
3088 0.0331369
3089 0.368211
3090 0.00174156
3091 0.0708847
3092 0.244139
3093 0.00525197
3094 0.101298
3095 0.448027
3096 0.112407
3097 0.623655
3098 0.39002
3099 0.263048
3100 0.385192
3101 0.68277
3102 0.0680184
3103 0.0277394
3104 0.461478
3105 0.641882
3106 0.446371
3107 0.055431
3108 0.050641
3109 0.0714622
3110 0.45195
3111 0.259375
3112 0.00183217
3113 0.132616
3114 0.0344093
3115 0.00180427
3116 0.0274984
3117 0.0295516
3118 0.00539772
3119 0.461478
3120 0.261639
3121 0.726512
3122 0.580668
3123 0.0213012
3124 0.786638
3125 0.0434302
3126 0.0667631
3127 0.0387625
3128 0.720941
3129 0.0060856
3130 0.921658
3131 0.0233467
3132 0.0724042
3133 0.0186813
3134 0.148297
3135 0.0547571
3136 0.0385129
3137 0.26588
3138 0.150759
3139 0.0497394
3140 0.038883
3141 0.030304
3142 0.0103968
3143 0.182175
3144 0.119362
3145 0.155926
3146 0.0113099
3147 0.261463
3148 0.0298951
3149 0.256421
3150 0.151727
3151 0.0176459
3152 0.0191773
3153 0.0641022
3154 0.260184
3155 0.0519583
3156 0.275705
3157 0.283627
3158 0.175762
3159 0.15779
3160 0.21521
3161 0.455663
3162 0.044718
3163 0.381694
3164 0.158215
3165 0.379407
3166 0.363267
3167 0.212461
3168 0.606838
3169 0.599295
3170 0.657622
3171 0.315377
3172 0.0957965
3173 0.419308
3174 0.244304
3175 0.798023
3176 0.0865077
3177 0.308798
3178 0.00258299
3179 0.0256756
3180 0.0261424
3181 0.0229084
3182 0.0214092
3183 0.10591
3184 0.0229537
3185 0.169603
3186 0.054618
3187 0.0698303
3188 0.158418
3189 0.189211
3190 0.215083
3191 0.0190203
3192 0.200639
3193 0.22772
3194 0.367484
3195 0.517311
3196 0.921701
3197 0.250228
3198 0.552051
3199 0.550077
3200 0.669693
3201 0.600627
3202 0.0660567
3203 0.594466
3204 0.102934
3205 0.0193605
3206 0.171416
3207 0.401057
3208 0.127588
3209 0.151623
3210 0.275924
3211 0.7514
3212 0.580606
3213 0.844377
3214 0.522061
3215 0.691775
3216 0.0216055
3217 0.00786858
3218 0.0430556
3219 0.21872
3220 0.420808
3221 0.00631795
3222 0.258511
3223 0.830281
3224 0.106744
3225 0.117927
3226 0.0811416
3227 0.0632037
3228 0.335022
3229 0.237932
3230 0.725438
3231 0.166012
3232 0.066395
3233 0.0650122
3234 0.19341
3235 0.0762482
3236 0.0225874
3237 0.548715
3238 0.396091
3239 0.373038
3240 0.13738
3241 0.0785581
3242 0.13141
3243 0.111476
3244 0.733432
3245 0.759574
3246 0.0104252
3247 0.0773107
3248 0.11743
3249 0.528186
3250 0.239201
3251 0.80532
3252 0.0141744
3253 0.0104656
3254 0.512535
3255 0.275477
3256 0.158618
3257 0.214518
3258 0.941708
3259 0.468505
3260 0.0120994
3261 0.00616701
3262 0.0347974
3263 0.184964
3264 0.00120959
3265 0.0837097
3266 0.249748
3267 0.0103097
3268 0.0107006
3269 0.00345815
3270 0.00794153
3271 0.00695853
3272 0.191314
3273 0.764636
3274 0.665938
3275 0.464837
3276 0.137848
3277 0.257111
3278 0.229961
3279 0.226795
3280 0.0265353
3281 0.309804
3282 0.228815
3283 0.21373
3284 0.140115
3285 0.60802
3286 0.806691
3287 0.394663
3288 0.066601
3289 0.362249
3290 0.0278466
3291 0.00979037
3292 0.111149
3293 0.0752409
3294 0.0210318
3295 0.0804323
3296 0.212068
3297 0.273595
3298 0.101328
3299 0.0677698
3300 0.0457171
3301 0.125171
3302 0.0867218
3303 0.181166
3304 0.479348
3305 0.11408
3306 0.266753
3307 0.536401
3308 0.0588827
3309 0.0981037
3310 0.0213765
3311 0.534464
3312 0.0736739
3313 0.490845
3314 0.315774
3315 0.0341512
3316 0.0940446
3317 0.266753
3318 0.0609292
3319 0.203308
3320 0.240803
3321 0.15722
3322 0.025665
3323 0.164784
3324 0.259927
3325 0.190498
3326 0.204523
3327 0.0564872
3328 0.326516
3329 0.643103
3330 0.930364
3331 0.00189445
3332 0.0113647
3333 0.0259104
3334 0.00382896
3335 0.0169811
3336 0.0188488
3337 0.0113327
3338 0.00320298
3339 0.0680074
3340 0.203687
3341 0.0700603
3342 0.239405
3343 0.0144356
3344 0.101665
3345 0.0276269
3346 0.12698
3347 0.103086
3348 0.0451098
3349 0.0173206
3350 0.129921
3351 0.428321
3352 0.141147
3353 0.0891508
3354 0.348233
3355 0.0864256
3356 0.0066581
3357 0.0671668
3358 0.0488693
3359 0.116546
3360 0.153771
3361 0.23982
3362 0.254422
3363 0.699902
3364 0.195983
3365 0.00283827
3366 0.282382
3367 0.234654
3368 0.226888
3369 0.0267168
3370 0.363827
3371 0.40717
3372 0.281754
3373 0.418517
3374 0.0465556
3375 0.325929
3376 0.483736
3377 0.512862
3378 0.376156
3379 0.180917
3380 0.126501
3381 0.158987
3382 0.131632
3383 0.054458
3384 0.0976001
3385 0.163287
3386 0.077555
3387 0.284095
3388 0.250178
3389 0.00559723
3390 0.526273
3391 0.00876034
3392 0.0056681
3393 0.346264
3394 0.00256641
3395 0.1281
3396 0.0723092
3397 0.347714
3398 0.226093
3399 0.263764
3400 0.175757
3401 0.354151
3402 0.0878101
3403 0.374416
3404 0.0894197
3405 0.0489909
3406 0.0141763
3407 0.0100845
3408 0.0214851
3409 0.00621386
3410 0.120993
3411 0.0740922
3412 0.222657
3413 0.023131
3414 0.028614
3415 0.126356
3416 0.190521
3417 0.0774165
3418 0.34077
3419 0.104487
3420 0.0822112
3421 0.0885382
3422 0.123907
3423 0.466351
3424 0.0229016
3425 0.0220686
3426 0.0739551
3427 0.0458334
3428 0.0158514
3429 0.0201807
3430 0.465199
3431 0.56289
3432 0.710875
3433 0.488594
3434 0.400399
3435 0.311186
3436 0.353292
3437 0.0461904
3438 0.0432511
3439 0.144547
3440 0.278886
3441 0.143914
3442 0.403013
3443 0.045856
3444 0.15565
3445 0.377926
3446 0.0323803
3447 0.0581882
3448 0.0120002
3449 0.00859991
3450 0.040811
3451 0.546227
3452 0.547391
3453 0.385085
3454 0.18236
3455 0.475139
3456 0.793742
3457 0.797782
3458 0.68702
3459 0.528323
3460 0.0751779
3461 0.129369
3462 0.401977
3463 0.0535456
3464 0.535268
3465 0.156175
3466 0.0163544
3467 0.066458
3468 0.275117
3469 0.369989
3470 0.0709696
3471 0.455138
3472 0.149661
3473 0.055123
3474 0.0462387
3475 0.0120491
3476 0.011326
3477 0.383253
3478 0.00693316
3479 0.189489
3480 0.86219
3481 0.058344
3482 0.505397
3483 0.0622768
3484 0.518346
3485 0.161167
3486 0.0706803
3487 0.630553
3488 0.354077
3489 0.152346
3490 0.221916
3491 0.166388
3492 0.379665
3493 0.45756
3494 0.179691
3495 0.286112
3496 0.669505
3497 0.596684
3498 0.0193066
3499 0.379042
3500 0.769987
3501 0.0993569
3502 0.0681095
3503 0.0748697
3504 0.559862
3505 0.641017
3506 0.386993
3507 0.10591
3508 0.145447
3509 0.12359
3510 0.135126
3511 0.258764
3512 0.981296
3513 0.123345
3514 0.608211
3515 0.0155282
3516 0.146221
3517 0.0242854
3518 0.571183
3519 0.422886
3520 0.191276
3521 0.0429315
3522 0.0609087
3523 0.0223769
3524 0.0605348
3525 0.362847
3526 0.265648
3527 0.577418
3528 0.00642439
3529 0.591039
3530 0.909939
3531 0.470006
3532 0.326443
3533 0.797608
3534 0.00726746
3535 0.352426
3536 0.0570572
3537 0.0344884
3538 0.0235817
3539 0.290354
3540 0.177743
3541 0.0828619
3542 0.270371
3543 0.264411
3544 0.098355
3545 0.124526
3546 0.709943
3547 0.512128
3548 0.480948
3549 0.77066
3550 0.531394
3551 0.665446
3552 0.163008
3553 0.223099
3554 0.332435
3555 0.0678218
3556 0.336738
3557 0.13451
3558 0.172088
3559 0.354832
3560 0.121571
3561 0.104985
3562 0.630369
3563 0.532434
3564 0.312167
3565 0.372406
3566 0.582292
3567 0.263147
3568 0.342238
3569 0.0160759
3570 0.0152531
3571 0.622392
3572 0.0853547
3573 0.340653
3574 0.0448689
3575 0.0415655
3576 0.0537568
3577 0.141855
3578 0.111726
3579 0.381226
3580 0.113738
3581 0.0641599
3582 0.0782722
3583 0.0255087
3584 0.0617297
3585 0.0238139
3586 0.0592899
3587 0.0423653
3588 0.0580393
3589 0.0774259
3590 0.254389
3591 0.659165
3592 0.0348698
3593 0.0565351
3594 0.0504948
3595 0.889914
3596 0.0549316
3597 0.256298
3598 0.221543
3599 0.0504169
3600 0.0579126
3601 0.180801
3602 0.769374
3603 0.586522
3604 0.481753
3605 0.688022
3606 0.790559
3607 0.601837
3608 0.144612
3609 0.785023
3610 0.0299863
3611 0.558331
3612 0.141237
3613 0.0516452
3614 0.0368088
3615 0.163371
3616 0.379796
3617 0.293701
3618 0.209225
3619 0.0158066
3620 0.735845
3621 0.368033
3622 0.351924
3623 0.596924
3624 0.948808
3625 0.402446
3626 0.823822
3627 0.404613
3628 0.911601
3629 0.0453978
3630 0.104319
3631 0.458181
3632 0.584951
3633 0.471498
3634 0.0481508
3635 0.447272
3636 0.103465
3637 0.223192
3638 0.0191565
3639 0.0251074
3640 0.01091
3641 0.392245
3642 0.165787
3643 0.0625324
3644 0.0733789
3645 0.0499538
3646 0.149618
3647 0.19448
3648 0.0868255
3649 0.709347
3650 0.495793
3651 0.137364
3652 0.0125798
3653 0.131302
3654 0.628728
3655 0.200258
3656 0.864042
3657 0.419544
3658 0.190593
3659 0.137712
3660 0.594705
3661 0.335797
3662 0.112398
3663 0.146982
3664 0.102193
3665 0.124138
3666 0.602695
3667 0.0215922
3668 0.523384
3669 0.322817
3670 0.375634
3671 0.162651
3672 0.337795
3673 0.089293
3674 0.0508834
3675 0.0398432
3676 0.086749
3677 0.0220989
3678 0.0508026
3679 0.0151294
3680 0.540072
3681 0.774309
3682 0.41892
3683 0.100896
3684 0.351912
3685 0.197065
3686 0.158113
3687 0.030415
3688 0.0127079
3689 0.528822
3690 0.662241
3691 0.827622
3692 0.871902
3693 0.481146
3694 0.360628
3695 0.910603
3696 0.351249
3697 0.896733
3698 0.505838
3699 0.681574
3700 0.835419
3701 0.76594
3702 0.541625
3703 0.249248
3704 0.698558
3705 0.552958
3706 0.276185
3707 0.247067
3708 0.0648529
3709 0.0310744
3710 0.00989148
3711 0.325537
3712 0.486417
3713 0.0465252
3714 0.397002
3715 0.482094
3716 0.406171
3717 0.464413
3718 0.482868
3719 0.0291966
3720 0.715833
3721 0.078707
3722 0.070245
3723 0.433818
3724 0.238264
3725 0.362083
3726 0.322346
3727 0.175469
3728 0.615337
3729 0.473691
3730 0.303528
3731 0.419246
3732 0.482332
3733 0.511828
3734 0.0128977
3735 0.768229
3736 0.00338828
3737 0.0128936
3738 0.192265
3739 0.807127
3740 0.720412
3741 0.803622
3742 0.140115
3743 0.337131
3744 0.255089
3745 0.290943
3746 0.543545
3747 0.114398
3748 0.157464
3749 0.493119
3750 0.456528
3751 0.125638
3752 0.0189521
3753 0.0697061
3754 0.402949
3755 0.018603
3756 0.585795
3757 0.00600259
3758 0.0362369
3759 0.109368
3760 0.0661894
3761 0.344275
3762 0.115897
3763 0.0763131
3764 0.0591308
3765 0.0635712
3766 0.127105
3767 0.18621
3768 0.374964
3769 0.187738
3770 0.366473
3771 0.742058
3772 0.692388
3773 0.676517
3774 0.827642
3775 0.0253473
3776 0.436681
3777 0.207141
3778 0.824721
3779 0.558801
3780 0.491557
3781 0.819798
3782 0.445424
3783 0.508229
3784 0.393674
3785 0.338088
3786 0.513962
3787 0.163195
3788 0.791745
3789 0.163526
3790 0.0503689
3791 0.0191498
3792 0.39535
3793 0.694909
3794 0.346585
3795 0.166901
3796 0.0572973
3797 0.411376
3798 0.542947
3799 0.0339619
3800 0.456355
3801 0.0499665
3802 0.109343
3803 0.52863
3804 0.414373
3805 0.492943
3806 0.653448
3807 0.641817
3808 0.912194
3809 0.918812
3810 0.868366
3811 0.895075
3812 0.946591
3813 0.790495
3814 0.971853
3815 0.805898
3816 0.935474
3817 0.713573
3818 0.652196
3819 0.704025
3820 0.678547
3821 0.85063
3822 0.806836
3823 0.794888
3824 0.6984
3825 0.938484
3826 0.750862
3827 0.938702
3828 0.901861
3829 0.854273
3830 0.911783
3831 0.9102
3832 0.634654
3833 0.824716
3834 0.690534
3835 0.557108
3836 0.722444
3837 0.905481
3838 0.763423
3839 0.938486
3840 0.67487
3841 0.801835
3842 0.896535
3843 0.733394
3844 0.93194
3845 0.521561
3846 0.831317
3847 0.646361
3848 0.522588
3849 0.43704
3850 0.803512
3851 0.947894
3852 0.644334
3853 0.810363
3854 0.821669
3855 0.725825
3856 0.964619
3857 0.670302
3858 0.791177
3859 0.776506
3860 0.817286
3861 0.9583
3862 0.772818
3863 0.864555
3864 0.831161
3865 0.826776
3866 0.741038
3867 0.767792
3868 0.843212
3869 0.77185
3870 0.841673
3871 0.645456
3872 0.725808
3873 0.658015
3874 0.793417
3875 0.631232
3876 0.754504
3877 0.453401
3878 0.851622
3879 0.808362
3880 0.901924
3881 0.778507
3882 0.962249
3883 0.758036
3884 0.954002
3885 0.862857
3886 0.486026
3887 0.690652
3888 0.704147
3889 0.729813
3890 0.981807
3891 0.326079
3892 0.502029
3893 0.419022
3894 0.582216
3895 0.592542
3896 0.624712
3897 0.879736
3898 0.781459
3899 0.512326
3900 0.851654
3901 0.81513
3902 0.936592
3903 0.847409
3904 0.478909
3905 0.262909
3906 0.467522
3907 0.447477
3908 0.795669
3909 0.503242
3910 0.431208
3911 0.721244
3912 0.598436
3913 0.375042
3914 0.471529
3915 0.218116
3916 0.163751
3917 0.373681
3918 0.539028
3919 0.177822
3920 0.554058
3921 0.703386
3922 0.540297
3923 0.361624
3924 0.29084
3925 0.535681
3926 0.600131
3927 0.704461
3928 0.64176
3929 0.552835
3930 0.506054
3931 0.680617
3932 0.253196
3933 0.244952
3934 0.623973
3935 0.186671
3936 0.221611
3937 0.534563
3938 0.23986
3939 0.380276
3940 0.268034
3941 0.387178
3942 0.689743
3943 0.134171
3944 0.409427
3945 0.337684
3946 0.148109
3947 0.616936
3948 0.384324
3949 0.60261
3950 0.388609
3951 0.635325
3952 0.267476
3953 0.118485
3954 0.49736
3955 0.442773
3956 0.66695
3957 0.321916
3958 0.344687
3959 0.433749
3960 0.433302
3961 0.513385
3962 0.584282
3963 0.747496
3964 0.628798
3965 0.308179
3966 0.802685
3967 0.804608
3968 0.5072
3969 0.405626
3970 0.408929
3971 0.26872
3972 0.074538
3973 0.667413
3974 0.381606
3975 0.459882
3976 0.146322
3977 0.494469
3978 0.586833
3979 0.677014
3980 0.296567
3981 0.656955
3982 0.298012
3983 0.471153
3984 0.690615
3985 0.308642
3986 0.48701
3987 0.507361
3988 0.166075
3989 0.375042
3990 0.635947
3991 0.533022
3992 0.275272
3993 0.236008
3994 0.22607
3995 0.364619
3996 0.167208
3997 0.190265
3998 0.427563
3999 0.394823
4000 0.313193
4001 0.262604
4002 0.470541
4003 0.283812
4004 0.478811
4005 0.581943
4006 0.538958
4007 0.302723
4008 0.417927
4009 0.478833
4010 0.0874034
4011 0.189182
4012 0.238502
4013 0.535356
4014 0.176543
4015 0.0559356
4016 0.407411
4017 0.801552
4018 0.771797
4019 0.0735328
4020 0.145391
4021 0.514276
4022 0.633684
4023 0.109999
4024 0.350043
4025 0.798965
4026 0.414106
4027 0.266827
4028 0.565004
4029 0.621884
4030 0.614805
4031 0.286494
4032 0.540431
4033 0.359277
4034 0.427805
4035 0.236609
4036 0.43868
4037 0.263869
4038 0.343152
4039 0.11933
4040 0.532687
4041 0.496613
4042 0.798193
4043 0.783894
4044 0.771282
4045 0.459828
4046 0.66721
4047 0.367569
4048 0.38616
4049 0.44365
4050 0.670167
4051 0.367542
4052 0.101556
4053 0.445455
4054 0.298153
4055 0.26501
4056 0.464474
4057 0.61083
4058 0.44704
4059 0.740694
4060 0.122945
4061 0.768819
4062 0.126534
4063 0.192173
4064 0.363069
4065 0.37761
4066 0.420981
4067 0.445435
4068 0.239623
4069 0.441659
4070 0.328414
4071 0.723108
4072 0.440776
4073 0.264353
4074 0.254302
4075 0.326668
4076 0.568532
4077 0.911636
4078 0.431942
4079 0.1045
4080 0.568701
4081 0.426016
4082 0.228241
4083 0.293443
4084 0.674735
4085 0.471003
4086 0.143147
4087 0.555482
4088 0.112797
4089 0.477217
4090 0.465541
4091 0.0776612
4092 0.517031
4093 0.295422
4094 0.260897
4095 0.61574
4096 0.429109
4097 0.713556
4098 0.343865
4099 0.587709
4100 0.524658
4101 0.445708
4102 0.495606
4103 0.557082
4104 0.727532
4105 0.328029
4106 0.45681
4107 0.623657
4108 0.538018
4109 0.531292
4110 0.388073
4111 0.395549
4112 0.747253
4113 0.553231
4114 0.572081
4115 0.511334
4116 0.112652
4117 0.647846
4118 0.21409
4119 0.444113
4120 0.385363
4121 0.470574
4122 0.114959
4123 0.258996
4124 0.59851
4125 0.373584
4126 0.323088
4127 0.547191
4128 0.466095
4129 0.26554
4130 0.64647
4131 0.469942
4132 0.501755
4133 0.650117
4134 0.351294
4135 0.540711
4136 0.333937
4137 0.0765243
4138 0.306579
4139 0.324564
4140 0.330921
4141 0.452811
4142 0.570737
4143 0.683065
4144 0.284529
4145 0.429826
4146 0.594885
4147 0.552732
4148 0.552837
4149 0.420253
4150 0.464103
4151 0.635935
4152 0.219793
4153 0.119924
4154 0.518121
4155 0.619622
4156 0.213595
4157 0.613713
4158 0.373126
4159 0.120788
4160 0.507817
4161 0.59391
4162 0.420227
4163 0.500451
4164 0.517761
4165 0.449333
4166 0.447079
4167 0.527485
4168 0.462301
4169 0.484835
4170 0.602608
4171 0.52869
4172 0.772513
4173 0.635098
4174 0.610593
4175 0.354457
4176 0.563318
4177 0.116255
4178 0.545303
4179 0.265177
4180 0.264623
4181 0.316311
4182 0.235278
4183 0.388058
4184 0.691237
4185 0.0407991
4186 0.637746
4187 0.40954
4188 0.543879
4189 0.751032
4190 0.427691
4191 0.521167
4192 0.844386
4193 0.773608
4194 0.86283
4195 0.72125
4196 0.218116
4197 0.492061
4198 0.652691
4199 0.509536
4200 0.442418
4201 0.440851
4202 0.229258
4203 0.478796
4204 0.127798
4205 0.195986
4206 0.243122
4207 0.211785
4208 0.59499
4209 0.683571
4210 0.146136
4211 0.329267
4212 0.543746
4213 0.263869
4214 0.428903
4215 0.445679
4216 0.449024
4217 0.43423
4218 0.593171
4219 0.761882
4220 0.202025
4221 0.536543
4222 0.369847
4223 0.539368
4224 0.60748
4225 0.132478
4226 0.497869
4227 0.418189
4228 0.459077
4229 0.497282
4230 0.236611
4231 0.116074
4232 0.319308
4233 0.247888
4234 0.433299
4235 0.559562
4236 0.383437
4237 0.535666
4238 0.39008
4239 0.557109
4240 0.594684
4241 0.585871
4242 0.534969
4243 0.248161
4244 0.18864
4245 0.599112
4246 0.444749
4247 0.459517
4248 0.631831
4249 0.630841
4250 0.594469
4251 0.24926
4252 0.282425
4253 0.199354
4254 0.585907
4255 0.20955
4256 0.808648
4257 0.339664
4258 0.552658
4259 0.595986
4260 0.36001
4261 0.616131
4262 0.311166
4263 0.0902807
4264 0.592029
4265 0.474077
4266 0.40803
4267 0.129228
4268 0.541259
4269 0.601019
4270 0.61752
4271 0.148986
4272 0.360797
4273 0.420902
4274 0.343971
4275 0.398421
4276 0.56925
4277 0.499517
4278 0.645968
4279 0.617923
4280 0.525579
4281 0.378018
4282 0.327555
4283 0.502758
4284 0.507822
4285 0.598761
4286 0.328094
4287 0.388913
4288 0.364407
4289 0.371371
4290 0.266082
4291 0.53168
4292 0.636707
4293 0.510705
4294 0.357601
4295 0.622516
4296 0.166705
4297 0.387657
4298 0.370969
4299 0.736232
4300 0.471875
4301 0.385861
4302 0.472023
4303 0.529589
4304 0.377024
4305 0.377433
4306 0.677569
4307 0.407259
4308 0.400012
4309 0.681212
4310 0.568193
4311 0.333083
4312 0.442418
4313 0.431155
4314 0.631348
4315 0.523358
4316 0.63615
4317 0.444749
4318 0.265104
4319 0.698115
4320 0.267028
4321 0.397915
4322 0.691113
4323 0.447124
4324 0.45254
4325 0.416556
4326 0.546031
4327 0.233128
4328 0.630744
4329 0.449267
4330 0.410316
4331 0.251624
4332 0.497507
4333 0.600729
4334 0.534969
4335 0.619082
4336 0.615429
4337 0.450445
4338 0.226927
4339 0.631799
4340 0.331577
4341 0.262819
4342 0.36846
4343 0.0928099
4344 0.521367
4345 0.825913
4346 0.591246
4347 0.277038
4348 0.229258
4349 0.264449
4350 0.262101
4351 0.620589
4352 0.599912
4353 0.680855
4354 0.267638
4355 0.114221
4356 0.235366
4357 0.418076
4358 0.363967
4359 0.615795
4360 0.532309
4361 0.496263
4362 0.435301
4363 0.497657
4364 0.698115
4365 0.246261
4366 0.267638
4367 0.254498
4368 0.449267
4369 0.447298
4370 0.663345
4371 0.484374
4372 0.193784
4373 0.395129
4374 0.528237
4375 0.253149
4376 0.638358
4377 0.254897
4378 0.521969
4379 0.484835
4380 0.517761
4381 0.450359
4382 0.702375
4383 0.272415
4384 0.527485
4385 0.728837
4386 0.242104
4387 0.232377
4388 0.546031
4389 0.273188
4390 0.538217
4391 0.265405
4392 0.402411
4393 0.611992
4394 0.219321
4395 0.262819
4396 0.558793
4397 0.602608
4398 0.564038
4399 0.615429
4400 0.487031
4401 0.20952
4402 0.623974
4403 0.361226
4404 0.24926
4405 0.623997
4406 0.585905
4407 0.813016
4408 0.621339
4409 0.421718
4410 0.897526
4411 0.592855
4412 0.487345
4413 0.766051
4414 0.510569
4415 0.780945
4416 0.532687
4417 0.177859
4418 0.834477
4419 0.754651
4420 0.783688
4421 0.839987
4422 0.883193
4423 0.676381
4424 0.798385
4425 0.780942
4426 0.884255
4427 0.480895
4428 0.693493
4429 0.529802
4430 0.755809
4431 0.488514
4432 0.51346
4433 0.328707
4434 0.495904
4435 0.159048
4436 0.668364
4437 0.588313
4438 0.448256
4439 0.257744
4440 0.32329
4441 0.540433
4442 0.604442
4443 0.675381
4444 0.63788
4445 0.619079
4446 0.590171
4447 0.478296
4448 0.501642
4449 0.373774
4450 0.358217
4451 0.615004
4452 0.382358
4453 0.378716
4454 0.650219
4455 0.2333
4456 0.294805
4457 0.635057
4458 0.458664
4459 0.33347
4460 0.388609
4461 0.568081
4462 0.423221
4463 0.351807
4464 0.380364
4465 0.414424
4466 0.401851
4467 0.498188
4468 0.447287
4469 0.403575
4470 0.375732
4471 0.420272
4472 0.271035
4473 0.302976
4474 0.584162
4475 0.359005
4476 0.508482
4477 0.410615
4478 0.299509
4479 0.165133
4480 0.406879
4481 0.681062
4482 0.350123
4483 0.354601
4484 0.483854
4485 0.380546
4486 0.401948
4487 0.42969
4488 0.391567
4489 0.406243
4490 0.557019
4491 0.390921
4492 0.383109
4493 0.133625
4494 0.256864
4495 0.403708
4496 0.405853
4497 0.357818
4498 0.223117
4499 0.345644
4500 0.405012
4501 0.411944
4502 0.339673
4503 0.410679
4504 0.377526
4505 0.371787
4506 0.412146
4507 0.412442
4508 0.373743
4509 0.371359
4510 0.385919
4511 0.37142
4512 0.405565
4513 0.411889
4514 0.179046
4515 0.356671
4516 0.371497
4517 0.374779
4518 0.408351
4519 0.263822
4520 0.410087
4521 0.107715
4522 0.638009
4523 0.364119
4524 0.641923
4525 0.32096
4526 0.313095
4527 0.40893
4528 0.635949
4529 0.655042
4530 0.332134
4531 0.359045
4532 0.328381
4533 0.422467
4534 0.0732484
4535 0.365453
4536 0.558597
4537 0.415356
4538 0.144532
4539 0.647396
4540 0.441639
4541 0.691626
4542 0.495388
4543 0.53997
4544 0.472212
4545 0.475109
4546 0.461516
4547 0.607346
4548 0.511806
4549 0.552719
4550 0.834143
4551 0.449159
4552 0.207229
4553 0.488406
4554 0.650565
4555 0.459992
4556 0.711976
4557 0.686377
4558 0.309928
4559 0.725488
4560 0.539578
4561 0.518759
4562 0.565256
4563 0.476159
4564 0.292767
4565 0.490409
4566 0.276159
4567 0.499816
4568 0.53535
4569 0.276538
4570 0.698678
4571 0.501344
4572 0.518571
4573 0.370924
4574 0.277319
4575 0.52417
4576 0.613079
4577 0.304225
4578 0.492343
4579 0.29128
4580 0.457756
4581 0.672863
4582 0.377709
4583 0.69947
4584 0.469999
4585 0.122391
4586 0.482713
4587 0.154768
4588 0.500203
4589 0.463467
4590 0.501969
4591 0.517851
4592 0.431871
4593 0.229056
4594 0.483579
4595 0.699343
4596 0.657531
4597 0.467235
4598 0.511776
4599 0.208869
4600 0.445437
4601 0.687405
4602 0.499409
4603 0.481843
4604 0.264828
4605 0.223183
4606 0.492374
4607 0.537316
4608 0.429781
4609 0.373568
4610 0.403918
4611 0.404837
4612 0.704963
4613 0.60062
4614 0.63786
4615 0.380356
4616 0.418811
4617 0.340087
4618 0.409181
4619 0.420513
4620 0.399918
4621 0.500026
4622 0.405511
4623 0.406082
4624 0.574602
4625 0.712512
4626 0.549883
4627 0.37449
4628 0.459758
4629 0.496232
4630 0.663759
4631 0.578716
4632 0.377952
4633 0.577984
4634 0.48359
4635 0.322852
4636 0.655773
4637 0.496889
4638 0.421166
4639 0.458896
4640 0.612024
4641 0.750657
4642 0.679476
4643 0.497005
4644 0.595502
4645 0.587716
4646 0.396851
4647 0.819551
4648 0.648731
4649 0.358492
4650 0.517925
4651 0.496033
4652 0.455175
4653 0.586777
4654 0.525484
4655 0.289791
4656 0.348813
4657 0.361733
4658 0.346261
4659 0.389934
4660 0.71664
4661 0.810871
4662 0.6641
4663 0.931839
4664 0.769233
4665 0.438748
4666 0.598729
4667 0.311761
4668 0.477007
4669 0.645382
4670 0.609012
4671 0.659826
4672 0.287405
4673 0.752631
4674 0.368369
4675 0.87335
4676 0.717477
4677 0.590963
4678 0.82128
4679 0.563682
4680 0.328308
4681 0.383721
4682 0.644772
4683 0.431256
4684 0.686104
4685 0.520336
4686 0.346121
4687 0.440766
4688 0.527602
4689 0.255084
4690 0.300829
4691 0.481679
4692 0.482037
4693 0.439359
4694 0.49649
4695 0.526954
4696 0.332638
4697 0.418455
4698 0.460816
4699 0.283774
4700 0.439044
4701 0.616181
4702 0.444244
4703 0.616749
4704 0.639156
4705 0.617091
4706 0.681396
4707 0.39491
4708 0.382283
4709 0.40206
4710 0.488864
4711 0.298451
4712 0.534637
4713 0.562808
4714 0.413805
4715 0.643753
4716 0.675224
4717 0.43416
4718 0.826972
4719 0.844939
4720 0.613374
4721 0.603069
4722 0.131221
4723 0.261833
4724 0.709928
4725 0.591131
4726 0.290742
4727 0.652894
4728 0.484167
4729 0.217611
4730 0.45099
4731 0.301314
4732 0.628331
4733 0.65393
4734 0.610171
4735 0.52747
4736 0.485169
4737 0.541318
4738 0.326608
4739 0.645288
4740 0.536832
4741 0.546427
4742 0.662047
4743 0.619778
4744 0.560464
4745 0.594758
4746 0.520912
4747 0.771602
4748 0.458823
4749 0.642725
4750 0.547415
4751 0.215527
4752 0.259609
4753 0.697676
4754 0.55702
4755 0.545867
4756 0.711433
4757 0.613547
4758 0.437499
4759 0.342716
4760 0.694713
4761 0.388935
4762 0.371518
4763 0.264804
4764 0.385387
4765 0.351124
4766 0.313089
4767 0.385092
4768 0.384797
4769 0.371306
4770 0.314029
4771 0.387841
4772 0.405201
4773 0.329318
4774 0.389131
4775 0.187475
4776 0.403994
4777 0.416273
4778 0.356539
4779 0.332426
4780 0.39129
4781 0.182206
4782 0.317931
4783 0.477375
4784 0.467792
4785 0.389085
4786 0.474883
4787 0.453766
4788 0.310096
4789 0.186549
4790 0.446188
4791 0.49288
4792 0.560036
4793 0.512632
4794 0.493508
4795 0.494725
4796 0.246439
4797 0.448599
4798 0.388371
4799 0.392408
4800 0.715495
4801 0.480843
4802 0.176736
4803 0.337363
4804 0.170542
4805 0.616606
4806 0.499475
4807 0.491668
4808 0.466609
4809 0.177749
4810 0.471309
4811 0.483464
4812 0.692641
4813 0.516373
4814 0.49327
4815 0.341392
4816 0.402218
4817 0.0255589
4818 0.50391
4819 0.150189
4820 0.412023
4821 0.443961
4822 0.459132
4823 0.458376
4824 0.421014
4825 0.390365
4826 0.47778
4827 0.463642
4828 0.439194
4829 0.301119
4830 0.469027
4831 0.136842
4832 0.497961
4833 0.455024
4834 0.197415
4835 0.494719
4836 0.226943
4837 0.286592
4838 0.218612
4839 0.336687
4840 0.444478
4841 0.496295
4842 0.481963
4843 0.563008
4844 0.45967
4845 0.437749
4846 0.330519
4847 0.625018
4848 0.493367
4849 0.524527
4850 0.511144
4851 0.509579
4852 0.480424
4853 0.461654
4854 0.406126
4855 0.478816
4856 0.42155
4857 0.522931
4858 0.279463
4859 0.398415
4860 0.492597
4861 0.506516
4862 0.480808
4863 0.304333
4864 0.449825
4865 0.44747
4866 0.323169
4867 0.631596
4868 0.281739
4869 0.260624
4870 0.68625
4871 0.340138
4872 0.571444
4873 0.269919
4874 0.439853
4875 0.22564
4876 0.197272
4877 0.54758
4878 0.308073
4879 0.236755
4880 0.320728
4881 0.194717
4882 0.546286
4883 0.399308
4884 0.357365
4885 0.359072
4886 0.288058
4887 0.247056
4888 0.613704
4889 0.0962689
4890 0.109517
4891 0.437443
4892 0.525124
4893 0.0411452
4894 0.0884729
4895 0.230285
4896 0.331745
4897 0.266495
4898 0.443908
4899 0.251803
4900 0.287673
4901 0.551533
4902 0.286199
4903 0.286353
4904 0.188212
4905 0.466354
4906 0.553135
4907 0.281948
4908 0.241209
4909 0.309992
4910 0.443523
4911 0.223458
4912 0.402893
4913 0.325645
4914 0.287763
4915 0.174776
4916 0.199701
4917 0.217366
4918 0.175764
4919 0.126054
4920 0.153765
4921 0.20485
4922 0.170574
4923 0.447106
4924 0.246418
4925 0.377871
4926 0.0699316
4927 0.417356
4928 0.293541
4929 0.364531
4930 0.225312
4931 0.291037
4932 0.270317
4933 0.0959163
4934 0.27114
4935 0.274843
4936 0.241998
4937 0.213973
4938 0.318221
4939 0.256113
4940 0.206094
4941 0.333028
4942 0.202055
4943 0.359227
4944 0.0910468
4945 0.311303
4946 0.274923
4947 0.301001
4948 0.288495
4949 0.523273
4950 0.717997
4951 0.217317
4952 0.325441
4953 0.214916
4954 0.415053
4955 0.306652
4956 0.18262
4957 0.407308
4958 0.219047
4959 0.405516
4960 0.374861
4961 0.345435
4962 0.175617
4963 0.286347
4964 0.302279
4965 0.240986
4966 0.286259
4967 0.411977
4968 0.304728
4969 0.456952
4970 0.103085
4971 0.630038
4972 0.417411
4973 0.324028
4974 0.415801
4975 0.339855
4976 0.215023
4977 0.372098
4978 0.238606
4979 0.123923
4980 0.358763
4981 0.200435
4982 0.202121
4983 0.472965
4984 0.0681567
4985 0.346783
4986 0.308929
4987 0.333945
4988 0.319216
4989 0.196909
4990 0.191866
4991 0.464818
4992 0.375832
4993 0.313323
4994 0.30908
4995 0.47862
4996 0.372267
4997 0.3271
4998 0.356293
4999 0.288457
5000 0.30539
5001 0.321439
5002 0.296694
5003 0.420542
5004 0.376229
5005 0.243837
5006 0.38836
5007 0.319967
5008 0.473474
5009 0.506961
5010 0.539028
5011 0.498933
5012 0.504171
5013 0.598084
5014 0.435348
5015 0.456903
5016 0.241164
5017 0.665307
5018 0.344866
5019 0.492238
5020 0.539043
5021 0.673156
5022 0.722279
5023 0.0906249
5024 0.356425
5025 0.609029
5026 0.560092
5027 0.225365
5028 0.0777395
5029 0.702375
5030 0.219397
5031 0.537042
5032 0.273188
5033 0.230453
5034 0.227148
5035 0.262
5036 0.195986
5037 0.219321
5038 0.110841
5039 0.0346813
5040 0.135187
5041 0.564038
5042 0.38548
5043 0.52659
5044 0.891158
5045 0.582468
5046 0.655081
5047 0.413543
5048 0.0871595
5049 0.68754
5050 0.802055
5051 0.450445
5052 0.487353
5053 0.419818
5054 0.236755
5055 0.236837
5056 0.47955
5057 0.506054
5058 0.245791
5059 0.225365
5060 0.265676
5061 0.274949
5062 0.445708
5063 0.14549
5064 0.177822
5065 0.443888
5066 0.704461
5067 0.235951
5068 0.265676
5069 0.43732
5070 0.255439
5071 0.631612
5072 0.173654
5073 0.243853
5074 0.317516
5075 0.396603
5076 0.310296
5077 0.0931558
5078 0.265405
5079 0.443691
5080 0.243122
5081 0.414828
5082 0.0860588
5083 0.211785
5084 0.624591
5085 0.61127
5086 0.149273
5087 0.294391
5088 0.0976585
5089 0.408731
5090 0.25554
5091 0.25554
5092 0.400586
5093 0.834618
5094 0.221611
5095 0.255439
5096 0.258996
5097 0.232979
5098 0.226072
5099 0.223287
5100 0.458417
5101 0.414437
5102 0.493402
5103 0.502515
5104 0.672188
5105 0.285791
5106 0.3105
5107 0.500154
5108 0.434237
5109 0.260873
5110 0.314328
5111 0.690951
5112 0.641171
5113 0.246443
5114 0.275773
5115 0.233273
5116 0.106353
5117 0.317387
5118 0.465925
5119 0.309099
5120 0.32687
5121 0.290994
5122 0.319593
5123 0.207173
5124 0.331377
5125 0.189406
5126 0.122643
5127 0.354456
5128 0.160685
5129 0.336725
5130 0.146743
5131 0.221521
5132 0.182792
5133 0.321941
5134 0.13369
5135 0.228319
5136 0.28847
5137 0.449541
5138 0.318178
5139 0.185811
5140 0.0876113
5141 0.228093
5142 0.24688
5143 0.308397
5144 0.518693
5145 0.117748
5146 0.272948
5147 0.241473
5148 0.195194
5149 0.362284
5150 0.215105
5151 0.291124
5152 0.106695
5153 0.159611
5154 0.206971
5155 0.332866
5156 0.146347
5157 0.10031
5158 0.304489
5159 0.162611
5160 0.558926
5161 0.459556
5162 0.18315
5163 0.682781
5164 0.523263
5165 0.228858
5166 0.594417
5167 0.644477
5168 0.548157
5169 0.347085
5170 0.0990878
5171 0.714627
5172 0.267739
5173 0.445704
5174 0.455434
5175 0.107853
5176 0.31507
5177 0.426064
5178 0.147017
5179 0.191259
5180 0.249776
5181 0.436902
5182 0.146948
5183 0.487462
5184 0.248338
5185 0.403643
5186 0.443354
5187 0.312341
5188 0.282691
5189 0.292846
5190 0.245018
5191 0.0894291
5192 0.235511
5193 0.104353
5194 0.250361
5195 0.493333
5196 0.102343
5197 0.165954
5198 0.265235
5199 0.223549
5200 0.327909
5201 0.0809692
5202 0.189274
5203 0.0804359
5204 0.0756363
5205 0.0875316
5206 0.0738826
5207 0.172733
5208 0.265403
5209 0.223383
5210 0.320554
5211 0.190355
5212 0.185253
5213 0.17649
5214 0.386766
5215 0.803386
5216 0.292531
5217 0.194329
5218 0.412949
5219 0.196307
5220 0.141539
5221 0.160175
5222 0.132993
5223 0.0992946
5224 0.325476
5225 0.19922
5226 0.23074
5227 0.268168
5228 0.353988
5229 0.272057
5230 0.514958
5231 0.308563
5232 0.2279
5233 0.21032
5234 0.353251
5235 0.275264
5236 0.393305
5237 0.213414
5238 0.320642
5239 0.490019
5240 0.221204
5241 0.313859
5242 0.363364
5243 0.42233
5244 0.359803
5245 0.424687
5246 0.173068
5247 0.181428
5248 0.126779
5249 0.243135
5250 0.298125
5251 0.224988
5252 0.0237988
5253 0.315609
5254 0.216696
5255 0.590675
5256 0.37559
5257 0.561631
5258 0.404585
5259 0.275422
5260 0.633413
5261 0.350297
5262 0.111855
5263 0.228188
5264 0.334293
5265 0.687418
5266 0.12248
5267 0.328957
5268 0.637671
5269 0.469585
5270 0.26513
5271 0.606445
5272 0.516918
5273 0.485919
5274 0.483497
5275 0.382005
5276 0.446305
5277 0.533535
5278 0.501072
5279 0.090133
5280 0.674964
5281 0.679073
5282 0.597967
5283 0.13123
5284 0.421947
5285 0.766897
5286 0.130836
5287 0.196785
5288 0.269148
5289 0.650049
5290 0.648036
5291 0.36229
5292 0.361544
5293 0.223181
5294 0.501619
5295 0.377751
5296 0.199344
5297 0.384875
5298 0.392713
5299 0.290237
5300 0.25652
5301 0.243013
5302 0.520695
5303 0.363857
5304 0.137153
5305 0.18697
5306 0.272719
5307 0.103645
5308 0.115718
5309 0.133566
5310 0.371465
5311 0.312364
5312 0.481781
5313 0.444641
5314 0.161437
5315 0.28874
5316 0.37993
5317 0.32838
5318 0.420352
5319 0.260369
5320 0.493294
5321 0.634334
5322 0.543011
5323 0.468432
5324 0.590044
5325 0.666217
5326 0.366577
5327 0.531354
5328 0.375824
5329 0.430621
5330 0.529122
5331 0.392923
5332 0.319865
5333 0.325174
5334 0.794481
5335 0.508498
5336 0.563526
5337 0.401033
5338 0.360996
5339 0.627224
5340 0.620896
5341 0.598881
5342 0.52706
5343 0.601129
5344 0.346625
5345 0.538211
5346 0.430744
5347 0.143654
5348 0.318289
5349 0.0822263
5350 0.351678
5351 0.624239
5352 0.300875
5353 0.337888
5354 0.587992
5355 0.313963
5356 0.241231
5357 0.295005
5358 0.0406767
5359 0.322341
5360 0.41383
5361 0.380297
5362 0.219694
5363 0.263713
5364 0.206207
5365 0.695871
5366 0.649431
5367 0.184041
5368 0.586648
5369 0.493255
5370 0.525154
5371 0.703489
5372 0.281842
5373 0.496518
5374 0.613
5375 0.706635
5376 0.554134
5377 0.19754
5378 0.7136
5379 0.774159
5380 0.875194
5381 0.429716
5382 0.500498
5383 0.663056
5384 0.788091
5385 0.26768
5386 0.320813
5387 0.516849
5388 0.121273
5389 0.358568
5390 0.523868
5391 0.677763
5392 0.746411
5393 0.412566
5394 0.592892
5395 0.664033
5396 0.794558
5397 0.529836
5398 0.473859
5399 0.556558
5400 0.728301
5401 0.476608
5402 0.439516
5403 0.305054
5404 0.674996
5405 0.898758
5406 0.534611
5407 0.421919
5408 0.252032
5409 0.369014
5410 0.658045
5411 0.25147
5412 0.464204
5413 0.0998649
5414 0.352011
5415 0.0660793
5416 0.342208
5417 0.107608
5418 0.470352
5419 0.487004
5420 0.0783523
5421 0.328125
5422 0.378465
5423 0.561423
5424 0.564704
5425 0.314335
5426 0.283343
5427 0.447251
5428 0.544417
5429 0.0592081
5430 0.0541149
5431 0.300892
5432 0.365817
5433 0.354346
5434 0.286954
5435 0.507502
5436 0.244427
5437 0.351602
5438 0.366574
5439 0.353877
5440 0.264353
5441 0.352818
5442 0.248651
5443 0.355991
5444 0.362176
5445 0.320157
5446 0.660641
5447 0.512714
5448 0.498635
5449 0.755051
5450 0.122963
5451 0.549554
5452 0.101524
5453 0.0688062
5454 0.141351
5455 0.699878
5456 0.16545
5457 0.288872
5458 0.75766
5459 0.763196
5460 0.698338
5461 0.819903
5462 0.423931
5463 0.245741
5464 0.672441
5465 0.580016
5466 0.896839
5467 0.320456
5468 0.692571
5469 0.697118
5470 0.626154
5471 0.874899
5472 0.495875
5473 0.272959
5474 0.76223
5475 0.318911
5476 0.794766
5477 0.704433
5478 0.290021
5479 0.339601
5480 0.831091
5481 0.831024
5482 0.431162
5483 0.748265
5484 0.246953
5485 0.53538
5486 0.818017
5487 0.766349
5488 0.322404
5489 0.847362
5490 0.665391
5491 0.322698
5492 0.28563
5493 0.431386
5494 0.075031
5495 0.603233
5496 0.786737
5497 0.721393
5498 0.640924
5499 0.512207
5500 0.601495
5501 0.465153
5502 0.391241
5503 0.222767
5504 0.423773
5505 0.844777
5506 0.846814
5507 0.864256
5508 0.207044
5509 0.338372
5510 0.423056
5511 0.676629
5512 0.885003
5513 0.831753
5514 0.485636
5515 0.233227
5516 0.390411
5517 0.724038
5518 0.270656
5519 0.473349
5520 0.664945
5521 0.250729
5522 0.450516
5523 0.492732
5524 0.319845
5525 0.702587
5526 0.418747
5527 0.651217
5528 0.658634
5529 0.819762
5530 0.534162
5531 0.186983
5532 0.854584
5533 0.628542
5534 0.473925
5535 0.13826
5536 0.755986
5537 0.71146
5538 0.534851
5539 0.142154
5540 0.314529
5541 0.636477
5542 0.918736
5543 0.405404
5544 0.604405
5545 0.767199
5546 0.423509
5547 0.84605
5548 0.758679
5549 0.560721
5550 0.189833
5551 0.323749
5552 0.620606
5553 0.581195
5554 0.798929
5555 0.757346
5556 0.879888
5557 0.561791
5558 0.569003
5559 0.676254
5560 0.700826
5561 0.657603
5562 0.629131
5563 0.518578
5564 0.940732
5565 0.879093
5566 0.932236
5567 0.600247
5568 0.746638
5569 0.700562
5570 0.685313
5571 0.695188
5572 0.0840142
5573 0.852018
5574 0.377647
5575 0.728628
5576 0.330102
5577 0.610165
5578 0.878031
5579 0.619625
5580 0.717166
5581 0.652748
5582 0.62492
5583 0.720595
5584 0.9246
5585 0.220813
5586 0.316237
5587 0.310515
5588 0.723966
5589 0.924695
5590 0.841901
5591 0.48816
5592 0.315457
5593 0.889242
5594 0.621618
5595 0.305591
5596 0.689552
5597 0.40505
5598 0.663756
5599 0.624971
5600 0.423565
5601 0.558455
5602 0.749176
5603 0.699035
5604 0.869699
5605 0.475254
5606 0.630725
5607 0.746482
5608 0.672187
5609 0.893693
5610 0.750296
5611 0.927694
5612 0.699033
5613 0.786237
5614 0.930352
5615 0.309257
5616 0.318947
5617 0.672789
5618 0.812146
5619 0.394472
5620 0.973166
5621 0.776972
5622 0.58001
5623 0.126023
5624 0.0947041
5625 0.758332
5626 0.505196
5627 0.514835
5628 0.817745
5629 0.424012
5630 0.440516
5631 0.43228
5632 0.530542
5633 0.789296
5634 0.834169
5635 0.656005
5636 0.871221
5637 0.249071
5638 0.879105
5639 0.755119
5640 0.508822
5641 0.923759
5642 0.690392
5643 0.704066
5644 0.916321
5645 0.648172
5646 0.701896
5647 0.886181
5648 0.802149
5649 0.633242
5650 0.668746
5651 0.714396
5652 0.720323
5653 0.486558
5654 0.617892
5655 0.869246
5656 0.819576
5657 0.439229
5658 0.866579
5659 0.773697
5660 0.530001
5661 0.81464
5662 0.933221
5663 0.718709
5664 0.470686
5665 0.341649
5666 0.766238
5667 0.45335
5668 0.416841
5669 0.530495
5670 0.685436
5671 0.752012
5672 0.766403
5673 0.715707
5674 0.79844
5675 0.453438
5676 0.590122
5677 0.652454
5678 0.79854
5679 0.871196
5680 0.502569
5681 0.546951
5682 0.362294
5683 0.382508
5684 0.786455
5685 0.814742
5686 0.0885311
5687 0.867764
5688 0.726216
5689 0.639534
5690 0.759849
5691 0.575626
5692 0.692661
5693 0.833769
5694 0.759194
5695 0.542163
5696 0.8159
5697 0.940981
5698 0.800485
5699 0.655986
5700 0.688587
5701 0.649286
5702 0.527649
5703 0.494033
5704 0.874299
5705 0.590732
5706 0.765246
5707 0.632534
5708 0.481169
5709 0.746038
5710 0.556956
5711 0.574536
5712 0.828061
5713 0.525392
5714 0.42422
5715 0.71619
5716 0.805582
5717 0.820232
5718 0.760846
5719 0.801818
5720 0.702152
5721 0.811543
5722 0.969845
5723 0.739368
5724 0.545617
5725 0.740303
5726 0.520047
5727 0.852712
5728 0.867345
5729 0.627378
5730 0.745857
5731 0.55699
5732 0.743562
5733 0.736994
5734 0.622076
5735 0.796206
5736 0.712526
5737 0.543673
5738 0.765556
5739 0.834549
5740 0.408047
5741 0.431308
5742 0.311934
5743 0.400135
5744 0.536928
5745 0.398571
5746 0.849159
5747 0.749503
5748 0.520816
5749 0.473472
5750 0.552803
5751 0.50385
5752 0.609129
5753 0.705801
5754 0.592983
5755 0.596228
5756 0.898436
5757 0.295797
5758 0.914527
5759 0.778716
5760 0.67559
5761 0.332991
5762 0.713752
5763 0.844221
5764 0.906138
5765 0.386022
5766 0.815705
5767 0.838573
5768 0.714485
5769 0.728488
5770 0.548125
5771 0.727155
5772 0.727896
5773 0.464337
5774 0.801424
5775 0.852642
5776 0.759146
5777 0.519594
5778 0.554626
5779 0.482736
5780 0.690818
5781 0.238509
5782 0.400188
5783 0.815712
5784 0.816677
5785 0.347903
5786 0.466466
5787 0.766489
5788 0.399532
5789 0.71568
5790 0.719594
5791 0.523074
5792 0.721393
5793 0.884149
5794 0.668212
5795 0.695723
5796 0.770226
5797 0.57061
5798 0.758635
5799 0.29442
5800 0.722906
5801 0.862331
5802 0.723187
5803 0.91932
5804 0.758134
5805 0.736208
5806 0.183976
5807 0.759212
5808 0.778346
5809 0.384101
5810 0.942817
5811 0.881737
5812 0.40701
5813 0.585074
5814 0.456759
5815 0.479597
5816 0.370948
5817 0.723684
5818 0.168637
5819 0.45973
5820 0.565644
5821 0.516341
5822 0.457229
5823 0.673912
5824 0.737837
5825 0.514185
5826 0.803018
5827 0.639416
5828 0.663037
5829 0.64905
5830 0.765322
5831 0.108672
5832 0.293604
5833 0.720146
5834 0.488952
5835 0.498122
5836 0.728363
5837 0.68629
5838 0.632854
5839 0.349626
5840 0.39213
5841 0.443077
5842 0.453594
5843 0.634921
5844 0.631762
5845 0.57883
5846 0.503345
5847 0.593685
5848 0.614741
5849 0.708639
5850 0.250912
5851 0.521401
5852 0.486205
5853 0.570354
5854 0.408129
5855 0.949035
5856 0.703589
5857 0.748532
5858 0.236706
5859 0.259852
5860 0.328559
5861 0.422764
5862 0.492286
5863 0.255667
5864 0.373298
5865 0.295579
5866 0.479274
5867 0.251001
5868 0.482112
5869 0.713304
5870 0.730528
5871 0.795809
5872 0.306257
5873 0.61831
5874 0.686778
5875 0.175218
5876 0.166991
5877 0.449128
5878 0.536468
5879 0.569782
5880 0.797801
5881 0.867229
5882 0.817539
5883 0.715051
5884 0.627032
5885 0.444956
5886 0.387616
5887 0.5813
5888 0.411268
5889 0.592692
5890 0.580831
5891 0.467725
5892 0.250223
5893 0.300446
5894 0.65288
5895 0.916361
5896 0.522517
5897 0.580507
5898 0.627026
5899 0.183565
5900 0.261221
5901 0.708917
5902 0.268055
5903 0.430242
5904 0.71824
5905 0.687872
5906 0.613784
5907 0.375945
5908 0.554812
5909 0.747005
5910 0.324283
5911 0.857117
5912 0.8651
5913 0.550505
5914 0.763833
5915 0.607343
5916 0.7219
5917 0.728102
5918 0.766808
5919 0.599055
5920 0.81943
5921 0.589784
5922 0.714588
5923 0.666925
5924 0.433982
5925 0.615936
5926 0.817603
5927 0.761744
5928 0.446751
5929 0.911703
5930 0.497025
5931 0.635507
5932 0.441246
5933 0.582288
5934 0.456942
5935 0.933545
5936 0.609831
5937 0.631524
5938 0.404018
5939 0.557201
5940 0.624446
5941 0.681981
5942 0.492724
5943 0.699209
5944 0.602697
5945 0.521985
5946 0.64856
5947 0.643771
5948 0.527827
5949 0.836118
5950 0.698695
5951 0.760522
5952 0.440146
5953 0.484376
5954 0.733886
5955 0.259152
5956 0.586927
5957 0.677594
5958 0.411915
5959 0.781968
5960 0.271889
5961 0.0786063
5962 0.52424
5963 0.661079
5964 0.334736
5965 0.468358
5966 0.841361
5967 0.765409
5968 0.509059
5969 0.612388
5970 0.76837
5971 0.742905
5972 0.684325
5973 0.789058
5974 0.421677
5975 0.569679
5976 0.474058
5977 0.580279
5978 0.629585
5979 0.760193
5980 0.425293
5981 0.446598
5982 0.558632
5983 0.510866
5984 0.411686
5985 0.608982
5986 0.654306
5987 0.785224
5988 0.634033
5989 0.668632
5990 0.6414
5991 0.632939
5992 0.604773
5993 0.62763
5994 0.827024
5995 0.853896
5996 0.0847569
5997 0.378539
5998 0.46961
5999 0.621791
6000 0.512756
6001 0.0865316
6002 0.55944
6003 0.706293
6004 0.842391
6005 0.601715
6006 0.695785
6007 0.464655
6008 0.79595
6009 0.503015
6010 0.669892
6011 0.72378
6012 0.205813
6013 0.604888
6014 0.386741
6015 0.196529
6016 0.782067
6017 0.818611
6018 0.924599
6019 0.783675
6020 0.664382
6021 0.478924
6022 0.723548
6023 0.715212
6024 0.75107
6025 0.590413
6026 0.705161
6027 0.695958
6028 0.828821
6029 0.915352
6030 0.781887
6031 0.732593
6032 0.763397
6033 0.917491
6034 0.222708
6035 0.555894
6036 0.560712
6037 0.534827
6038 0.415189
6039 0.388428
6040 0.114784
6041 0.0404826
6042 0.701478
6043 0.0746585
6044 0.295015
6045 0.962053
6046 0.78349
6047 0.459383
6048 0.314051
6049 0.764118
6050 0.597134
6051 0.600288
6052 0.626631
6053 0.524498
6054 0.812728
6055 0.871576
6056 0.834219
6057 0.26348
6058 0.293179
6059 0.558877
6060 0.547679
6061 0.658767
6062 0.591117
6063 0.622469
6064 0.836687
6065 0.466083
6066 0.595885
6067 0.859626
6068 0.640422
6069 0.818559
6070 0.601923
6071 0.711152
6072 0.606671
6073 0.301765
6074 0.203781
6075 0.3764
6076 0.17322
6077 0.348469
6078 0.168404
6079 0.544617
6080 0.550765
6081 0.114755
6082 0.133285
6083 0.345363
6084 0.276507
6085 0.221968
6086 0.806654
6087 0.266803
6088 0.322326
6089 0.793912
6090 0.640844
6091 0.387303
6092 0.131322
6093 0.139654
6094 0.484949
6095 0.0639942
6096 0.268046
6097 0.210565
6098 0.648723
6099 0.148088
6100 0.528088
6101 0.208837
6102 0.573711
6103 0.892351
6104 0.794512
6105 0.771239
6106 0.588451
6107 0.793909
6108 0.837627
6109 0.650399
6110 0.821178
6111 0.802964
6112 0.267074
6113 0.666516
6114 0.583319
6115 0.5881
6116 0.611889
6117 0.610298
6118 0.466135
6119 0.0634315
6120 0.52732
6121 0.497713
6122 0.577889
6123 0.82029
6124 0.763822
6125 0.453417
6126 0.805593
6127 0.543457
6128 0.465435
6129 0.287146
6130 0.232867
6131 0.818471
6132 0.732879
6133 0.442602
6134 0.517908
6135 0.750563
6136 0.749384
6137 0.803923
6138 0.730092
6139 0.633889
6140 0.933504
6141 0.746277
6142 0.747222
6143 0.747098
6144 0.312753
6145 0.414026
6146 0.258475
6147 0.0548753
6148 0.782269
6149 0.731706
6150 0.793198
6151 0.519074
6152 0.837445
6153 0.649809
6154 0.854568
6155 0.836354
6156 0.631688
6157 0.415225
6158 0.473432
6159 0.526012
6160 0.329337
6161 0.849176
6162 0.208193
6163 0.77207
6164 0.206386
6165 0.34736
6166 0.33943
6167 0.49433
6168 0.433776
6169 0.409063
6170 0.44032
6171 0.177105
6172 0.49886
6173 0.53717
6174 0.289041
6175 0.25444
6176 0.441319
6177 0.403299
6178 0.517609
6179 0.213403
6180 0.510351
6181 0.695304
6182 0.192241
6183 0.442438
6184 0.245333
6185 0.255571
6186 0.619145
6187 0.658502
6188 0.514161
6189 0.141332
6190 0.794503
6191 0.600593
6192 0.523619
6193 0.510897
6194 0.432279
6195 0.629803
6196 0.197961
6197 0.11854
6198 0.300369
6199 0.637035
6200 0.303676
6201 0.600106
6202 0.226343
6203 0.27493
6204 0.227368
6205 0.235264
6206 0.3178
6207 0.333189
6208 0.316096
6209 0.297696
6210 0.0719864
6211 0.325639
6212 0.476282
6213 0.311227
6214 0.312419
6215 0.152939
6216 0.133934
6217 0.260554
6218 0.609067
6219 0.177343
6220 0.12336
6221 0.112821
6222 0.255641
6223 0.72019
6224 0.261383
6225 0.612283
6226 0.62479
6227 0.189116
6228 0.731474
6229 0.432926
6230 0.39983
6231 0.633961
6232 0.203386
6233 0.601606
6234 0.523532
6235 0.299654
6236 0.303536
6237 0.532753
6238 0.194211
6239 0.438573
6240 0.356711
6241 0.374994
6242 0.116882
6243 0.409425
6244 0.370568
6245 0.0901034
6246 0.269979
6247 0.514493
6248 0.653455
6249 0.281011
6250 0.132673
6251 0.595969
6252 0.308562
6253 0.15334
6254 0.580833
6255 0.321588
6256 0.524151
6257 0.374255
6258 0.367525
6259 0.481026
6260 0.0955258
6261 0.662904
6262 0.0747936
6263 0.481211
6264 0.568119
6265 0.820689
6266 0.815975
6267 0.271732
6268 0.182221
6269 0.422103
6270 0.711713
6271 0.4065
6272 0.631375
6273 0.800922
6274 0.807126
6275 0.756882
6276 0.642301
6277 0.59482
6278 0.885681
6279 0.5841
6280 0.106391
6281 0.384503
6282 0.407957
6283 0.150726
6284 0.224985
6285 0.159199
6286 0.0325317
6287 0.141382
6288 0.0760784
6289 0.401915
6290 0.118127
6291 0.726236
6292 0.666285
6293 0.109814
6294 0.598417
6295 0.86772
6296 0.9547
6297 0.647081
6298 0.135814
6299 0.0312886
6300 0.0620836
6301 0.202573
6302 0.0860072
6303 0.292189
6304 0.47846
6305 0.140346
6306 0.690901
6307 0.259368
6308 0.531608
6309 0.134257
6310 0.386444
6311 0.194442
6312 0.66207
6313 0.0678459
6314 0.693932
6315 0.136402
6316 0.0990925
6317 0.151807
6318 0.637154
6319 0.134118
6320 0.186343
6321 0.126167
6322 0.392157
6323 0.155868
6324 0.23265
6325 0.414465
6326 0.725051
6327 0.806262
6328 0.205663
6329 0.574875
6330 0.426351
6331 0.363787
6332 0.558876
6333 0.868865
6334 0.33404
6335 0.787793
6336 0.873518
6337 0.777588
6338 0.586677
6339 0.695675
6340 0.713732
6341 0.675142
6342 0.793205
6343 0.762222
6344 0.814101
6345 0.783054
6346 0.79499
6347 0.890216
6348 0.78216
6349 0.40051
6350 0.242869
6351 0.547159
6352 0.162685
6353 0.153069
6354 0.768353
6355 0.746117
6356 0.162792
6357 0.774314
6358 0.15099
6359 0.725105
6360 0.576884
6361 0.174059
6362 0.676333
6363 0.173696
6364 0.810371
6365 0.556911
6366 0.896167
6367 0.535482
6368 0.673582
6369 0.789988
6370 0.881024
6371 0.794015
6372 0.824492
6373 0.769478
6374 0.909162
6375 0.777934
6376 0.758076
6377 0.928271
6378 0.836059
6379 0.929825
6380 0.765912
6381 0.75757
6382 0.563612
6383 0.687495
6384 0.744577
6385 0.823525
6386 0.877003
6387 0.726805
6388 0.895907
6389 0.848726
6390 0.734386
6391 0.448453
6392 0.52793
6393 0.806341
6394 0.822474
6395 0.626095
6396 0.87145
6397 0.510234
6398 0.845127
6399 0.671802
6400 0.864867
6401 0.786568
6402 0.607679
6403 0.844975
6404 0.67274
6405 0.711499
6406 0.742165
6407 0.754869
6408 0.755885
6409 0.604869
6410 0.710728
6411 0.746095
6412 0.655128
6413 0.790112
6414 0.756632
6415 0.631442
6416 0.91706
6417 0.8568
6418 0.964651
6419 0.926048
6420 0.769747
6421 0.94396
6422 0.727704
6423 0.906573
6424 0.702928
6425 0.528399
6426 0.759666
6427 0.78369
6428 0.59395
6429 0.854692
6430 0.575672
6431 0.770329
6432 0.784167
6433 0.761916
6434 0.757095
6435 0.463353
6436 0.871374
6437 0.330003
6438 0.842929
6439 0.7919
6440 0.777485
6441 0.788516
6442 0.833972
6443 0.37911
6444 0.861314
6445 0.215623
6446 0.974084
6447 0.949915
6448 0.876446
6449 0.864739
6450 0.915279
6451 0.863712
6452 0.564309
6453 0.774712
6454 0.959104
6455 0.548781
6456 0.867278
6457 0.803557
6458 0.906333
6459 0.52499
6460 0.702238
6461 0.872112
6462 0.941744
6463 0.773387
6464 0.622752
6465 0.681306
6466 0.604722
6467 0.809102
6468 0.645961
6469 0.806304
6470 0.731927
6471 0.904375
6472 0.868634
6473 0.804698
6474 0.612633
6475 0.752096
6476 0.851879
6477 0.915181
6478 0.919323
6479 0.790457
6480 0.876742
6481 0.781596
6482 0.648691
6483 0.686828
6484 0.696393
6485 0.7855
6486 0.844715
6487 0.692517
6488 0.888993
6489 0.90927
6490 0.855218
6491 0.855702
6492 0.718188
6493 0.745207
6494 0.822271
6495 0.866742
6496 0.84831
6497 0.746946
6498 0.737137
6499 0.839865
6500 0.96075
6501 0.946663
6502 0.801937
6503 0.657455
6504 0.742481
6505 0.676631
6506 0.500868
6507 0.658404
6508 0.804433
6509 0.826125
6510 0.648493
6511 0.69369
6512 0.884028
6513 0.773057
6514 0.574515
6515 0.707458
6516 0.46378
6517 0.670481
6518 0.607651
6519 0.902667
6520 0.901682
6521 0.80882
6522 0.703135
6523 0.733314
6524 0.664321
6525 0.816215
6526 0.663358
6527 0.715663
6528 0.732676
6529 0.640518
6530 0.590053
6531 0.679687
6532 0.789692
6533 0.747582
6534 0.750672
6535 0.739478
6536 0.858235
6537 0.738511
6538 0.849668
6539 0.698595
6540 0.875103
6541 0.616137
6542 0.748177
6543 0.743089
6544 0.518299
6545 0.819513
6546 0.67639
6547 0.853798
6548 0.724981
6549 0.944156
6550 0.861137
6551 0.565078
6552 0.67305
6553 0.963293
6554 0.934991
6555 0.865834
6556 0.95076
6557 0.967982
6558 0.800387
6559 0.897554
6560 0.806781
6561 0.880406
6562 0.670991
6563 0.703874
6564 0.706544
6565 0.789412
6566 0.474757
6567 0.841847
6568 0.766378
6569 0.770122
6570 0.747711
6571 0.613123
6572 0.90993
6573 0.753357
6574 0.649943
6575 0.861164
6576 0.476074
6577 0.637908
6578 0.824759
6579 0.653319
6580 0.846543
6581 0.638943
6582 0.785553
6583 0.540556
6584 0.790488
6585 0.78963
6586 0.67505
6587 0.718019
6588 0.561844
6589 0.757422
6590 0.738642
6591 0.771304
6592 0.748599
6593 0.841746
6594 0.87324
6595 0.8071
6596 0.829823
6597 0.734671
6598 0.51137
6599 0.87096
6600 0.687373
6601 0.611445
6602 0.619841
6603 0.747863
6604 0.872081
6605 0.71801
6606 0.604725
6607 0.906862
6608 0.772698
6609 0.719231
6610 0.691993
6611 0.974798
6612 0.838342
6613 0.654265
6614 0.881766
6615 0.89787
6616 0.614466
6617 0.846815
6618 0.855198
6619 0.853889
6620 0.810641
6621 0.961889
6622 0.884534
6623 0.435625
6624 0.883949
6625 0.262568
6626 0.423185
6627 0.661327
6628 0.915094
6629 0.604533
6630 0.642605
6631 0.572957
6632 0.63705
6633 0.705972
6634 0.604943
6635 0.520797
6636 0.587928
6637 0.366487
6638 0.562456
6639 0.532098
6640 0.757448
6641 0.643806
6642 0.697342
6643 0.849884
6644 0.695237
6645 0.873173
6646 0.669506
6647 0.804187
6648 0.720559
6649 0.677185
6650 0.801059
6651 0.879391
6652 0.542278
6653 0.80825
6654 0.778846
6655 0.908417
6656 0.714583
6657 0.815347
6658 0.607665
6659 0.878006
6660 0.565624
6661 0.802518
6662 0.896585
6663 0.546517
6664 0.557563
6665 0.507328
6666 0.6846
6667 0.361034
6668 0.922773
6669 0.648165
6670 0.838728
6671 0.875985
6672 0.872122
6673 0.650003
6674 0.551198
6675 0.911794
6676 0.60495
6677 0.803806
6678 0.708256
6679 0.302565
6680 0.541456
6681 0.831933
6682 0.875905
6683 0.846759
6684 0.64799
6685 0.650505
6686 0.580808
6687 0.52245
6688 0.649982
6689 0.810539
6690 0.656068
6691 0.576027
6692 0.725969
6693 0.721324
6694 0.712378
6695 0.682315
6696 0.719247
6697 0.767265
6698 0.515847
6699 0.744001
6700 0.861916
6701 0.632218
6702 0.924253
6703 0.617307
6704 0.603038
6705 0.681312
6706 0.853645
6707 0.822018
6708 0.530179
6709 0.774311
6710 0.695483
6711 0.786063
6712 0.683678
6713 0.936156
6714 0.937335
6715 0.694124
6716 0.805952
6717 0.719907
6718 0.707271
6719 0.824724
6720 0.760889
6721 0.873231
6722 0.683552
6723 0.438565
6724 0.696986
6725 0.911868
6726 0.612162
6727 0.634365
6728 0.899759
6729 0.684893
6730 0.444619
6731 0.628542
6732 0.696327
6733 0.534215
6734 0.641113
6735 0.80398
6736 0.872284
6737 0.817193
6738 0.746185
6739 0.708827
6740 0.527217
6741 0.917909
6742 0.692596
6743 0.815533
6744 0.606254
6745 0.602922
6746 0.718032
6747 0.904192
6748 0.792571
6749 0.880208
6750 0.829758
6751 0.660546
6752 0.803028
6753 0.846408
6754 0.775824
6755 0.580937
6756 0.73879
6757 0.642478
6758 0.673515
6759 0.940411
6760 0.705059
6761 0.532345
6762 0.756143
6763 0.826752
6764 0.778196
6765 0.784911
6766 0.86594
6767 0.485097
6768 0.839365
6769 0.889563
6770 0.494757
6771 0.674481
6772 0.805158
6773 0.822455
6774 0.71266
6775 0.802553
6776 0.793351
6777 0.719288
6778 0.822661
6779 0.775828
6780 0.735592
6781 0.437197
6782 0.786249
6783 0.664076
6784 0.538489
6785 0.53064
6786 0.693696
6787 0.895258
6788 0.678343
6789 0.485253
6790 0.632896
6791 0.654643
6792 0.820486
6793 0.738979
6794 0.881682
6795 0.661402
6796 0.665301
6797 0.56516
6798 0.410448
6799 0.856651
6800 0.630471
6801 0.695323
6802 0.663712
6803 0.469109
6804 0.921249
6805 0.733449
6806 0.754663
6807 0.755994
6808 0.872875
6809 0.751955
6810 0.855111
6811 0.852723
6812 0.859775
6813 0.537743
6814 0.497208
6815 0.698097
6816 0.688841
6817 0.687427
6818 0.745307
6819 0.559336
6820 0.851792
6821 0.758726
6822 0.813743
6823 0.87899
6824 0.255913
6825 0.916687
6826 0.726703
6827 0.506573
6828 0.644471
6829 0.839139
6830 0.794918
6831 0.587845
6832 0.721749
6833 0.84817
6834 0.814941
6835 0.51613
6836 0.339771
6837 0.823367
6838 0.726216
6839 0.882116
6840 0.705407
6841 0.557703
6842 0.919172
6843 0.58911
6844 0.572145
6845 0.910216
6846 0.746631
6847 0.923916
6848 0.555507
6849 0.66315
6850 0.595942
6851 0.879226
6852 0.908453
6853 0.705307
6854 0.655443
6855 0.299912
6856 0.458636
6857 0.5164
6858 0.432887
6859 0.515677
6860 0.767956
6861 0.835702
6862 0.887176
6863 0.389999
6864 0.52147
6865 0.438173
6866 0.915734
6867 0.684498
6868 0.42634
6869 0.759683
6870 0.579119
6871 0.760287
6872 0.764824
6873 0.62733
6874 0.818443
6875 0.769722
6876 0.693247
6877 0.528691
6878 0.894633
6879 0.791259
6880 0.76497
6881 0.616054
6882 0.694707
6883 0.922333
6884 0.901761
6885 0.795509
6886 0.684094
6887 0.637996
6888 0.398053
6889 0.907259
6890 0.679679
6891 0.817643
6892 0.949327
6893 0.592423
6894 0.792998
6895 0.810863
6896 0.752729
6897 0.708868
6898 0.773806
6899 0.617434
6900 0.746111
6901 0.767114
6902 0.725069
6903 0.821669
6904 0.289101
6905 0.726069
6906 0.83534
6907 0.774106
6908 0.723732
6909 0.833868
6910 0.507028
6911 0.636119
6912 0.770564
6913 0.773796
6914 0.90548
6915 0.735265
6916 0.842304
6917 0.678501
6918 0.732353
6919 0.699789
6920 0.697201
6921 0.516468
6922 0.652284
6923 0.506165
6924 0.765334
6925 0.811733
6926 0.792608
6927 0.722961
6928 0.620197
6929 0.439737
6930 0.633271
6931 0.876946
6932 0.642026
6933 0.656283
6934 0.76931
6935 0.711996
6936 0.786902
6937 0.524942
6938 0.422137
6939 0.417796
6940 0.376304
6941 0.673048
6942 0.876802
6943 0.738882
6944 0.641189
6945 0.603226
6946 0.419997
6947 0.546293
6948 0.908495
6949 0.809874
6950 0.75531
6951 0.728485
6952 0.793021
6953 0.566466
6954 0.304756
6955 0.590938
6956 0.713824
6957 0.228899
6958 0.757206
6959 0.759331
6960 0.35125
6961 0.884347
6962 0.754826
6963 0.808657
6964 0.434942
6965 0.902173
6966 0.841995
6967 0.924784
6968 0.898769
6969 0.783669
6970 0.871186
6971 0.792982
6972 0.548273
6973 0.955441
6974 0.483528
6975 0.758801
6976 0.769514
6977 0.539507
6978 0.673661
6979 0.633414
6980 0.363254
6981 0.608115
6982 0.861274
6983 0.704695
6984 0.847709
6985 0.885442
6986 0.674919
6987 0.925197
6988 0.870116
6989 0.608973
6990 0.813044
6991 0.707924
6992 0.644098
6993 0.742704
6994 0.735155
6995 0.950572
6996 0.781891
6997 0.93129
6998 0.833345
6999 0.772472
7000 0.835411
7001 0.434934
7002 0.667311
7003 0.967937
7004 0.758203
7005 0.773851
7006 0.805798
7007 0.602945
7008 0.659931
7009 0.856266
7010 0.693778
7011 0.653587
7012 0.934684
7013 0.854356
7014 0.81859
7015 0.866078
7016 0.948454
7017 0.754065
7018 0.855191
7019 0.806451
7020 0.70939
7021 0.913059
7022 0.99113
7023 0.954944
7024 0.795677
7025 0.86163
7026 0.829147
7027 0.261067
7028 0.694625
7029 0.547166
7030 0.49482
7031 0.875384
7032 0.824534
7033 0.779929
7034 0.620601
7035 0.789347
7036 0.724209
7037 0.65163
7038 0.808635
7039 0.717006
7040 0.71996
7041 0.467205
7042 0.86203
7043 0.888913
7044 0.817774
7045 0.602849
7046 0.669722
7047 0.7625
7048 0.763315
7049 0.39223
7050 0.66126
7051 0.813633
7052 0.879384
7053 0.674595
7054 0.739624
7055 0.854373
7056 0.455476
7057 0.724559
7058 0.673995
7059 0.9199
7060 0.560094
7061 0.809511
7062 0.88478
7063 0.729376
7064 0.52943
7065 0.832959
7066 0.467875
7067 0.48431
7068 0.803472
7069 0.84352
7070 0.805401
7071 0.77597
7072 0.883599
7073 0.7366
7074 0.719902
7075 0.710015
7076 0.61537
7077 0.743364
7078 0.594679
7079 0.740472
7080 0.914615
7081 0.87544
7082 0.812022
7083 0.867718
7084 0.602812
7085 0.67552
7086 0.65627
7087 0.765153
7088 0.754463
7089 0.735946
7090 0.881986
7091 0.81662
7092 0.891704
7093 0.96045
7094 0.730836
7095 0.842294
7096 0.647094
7097 0.695414
7098 0.689043
7099 0.776217
7100 0.771636
7101 0.839136
7102 0.80477
7103 0.768153
7104 0.789777
7105 0.751392
7106 0.771072
7107 0.831437
7108 0.485082
7109 0.565075
7110 0.746103
7111 0.478748
7112 0.788199
7113 0.751918
7114 0.665916
7115 0.63637
7116 0.814687
7117 0.746372
7118 0.694025
7119 0.568714
7120 0.592658
7121 0.869167
7122 0.913786
7123 0.73161
7124 0.747722
7125 0.872601
7126 0.48401
7127 0.830279
7128 0.496064
7129 0.850815
7130 0.787972
7131 0.834515
7132 0.669061
7133 0.736626
7134 0.591674
7135 0.796748
7136 0.698109
7137 0.616414
7138 0.6603
7139 0.601096
7140 0.678853
7141 0.561588
7142 0.378294
7143 0.640797
7144 0.981579
7145 0.685978
7146 0.614383
7147 0.558026
7148 0.641247
7149 0.531485
7150 0.745001
7151 0.865279
7152 0.616104
7153 0.790789
7154 0.955752
7155 0.566041
7156 0.991949
7157 0.87808
7158 0.750206
7159 0.761826
7160 0.848051
7161 0.581096
7162 0.711926
7163 0.660577
7164 0.622475
7165 0.714565
7166 0.556307
7167 0.544585
7168 0.634501
7169 0.633689
7170 0.69769
7171 0.746538
7172 0.657964
7173 0.882931
7174 0.820771
7175 0.803457
7176 0.694055
7177 0.959286
7178 0.688338
7179 0.562817
7180 0.563207
7181 0.694822
7182 0.681008
7183 0.674353
7184 0.625507
7185 0.809055
7186 0.496467
7187 0.575951
7188 0.643263
7189 0.717497
7190 0.891622
7191 0.808359
7192 0.809416
7193 0.309002
7194 0.482033
7195 0.67706
7196 0.740604
7197 0.654742
7198 0.708964
7199 0.620475
7200 0.630123
7201 0.849342
7202 0.690348
7203 0.695397
7204 0.934164
7205 0.655813
7206 0.722483
7207 0.744469
7208 0.659008
7209 0.457528
7210 0.755803
7211 0.748717
7212 0.723409
7213 0.785768
7214 0.730992
7215 0.850934
7216 0.855703
7217 0.622321
7218 0.590712
7219 0.474063
7220 0.51743
7221 0.577141
7222 0.55725
7223 0.684308
7224 0.562414
7225 0.704268
7226 0.712527
7227 0.93177
7228 0.902549
7229 0.827991
7230 0.905813
7231 0.673553
7232 0.715886
7233 0.935389
7234 0.795827
7235 0.734765
7236 0.867427
7237 0.648971
7238 0.854422
7239 0.710087
7240 0.748671
7241 0.93195
7242 0.745632
7243 0.670976
7244 0.929286
7245 0.648686
7246 0.817242
7247 0.357989
7248 0.45202
7249 0.832238
7250 0.961554
7251 0.944267
7252 0.537508
7253 0.473413
7254 0.76222
7255 0.536465
7256 0.710563
7257 0.868628
7258 0.769248
7259 0.687087
7260 0.651352
7261 0.740124
7262 0.730934
7263 0.816032
7264 0.909365
7265 0.757353
7266 0.70026
7267 0.778499
7268 0.781199
7269 0.85334
7270 0.633675
7271 0.545051
7272 0.801019
7273 0.874545
7274 0.559624
7275 0.886601
7276 0.553405
7277 0.848331
7278 0.676466
7279 0.815885
7280 0.876754
7281 0.920788
7282 0.848345
7283 0.924942
7284 0.85939
7285 0.912814
7286 0.597974
7287 0.741172
7288 0.662634
7289 0.839833
7290 0.925672
7291 0.661581
7292 0.811973
7293 0.883203
7294 0.681443
7295 0.806817
7296 0.791649
7297 0.792394
7298 0.751995
7299 0.805794
7300 0.565455
7301 0.926605
7302 0.752715
7303 0.760807
7304 0.79355
7305 0.860932
7306 0.932362
7307 0.878069
7308 0.66977
7309 0.800602
7310 0.987323
7311 0.933906
7312 0.847428
7313 0.909378
7314 0.461194
7315 0.618641
7316 0.888882
7317 0.454905
7318 0.930973
7319 0.602122
7320 0.839856
7321 0.501093
7322 0.712742
7323 0.616007
7324 0.603232
7325 0.74122
7326 0.788907
7327 0.863837
7328 0.833125
7329 0.737
7330 0.892121
7331 0.754742
7332 0.760222
7333 0.81984
7334 0.73838
7335 0.602351
7336 0.775558
7337 0.889374
7338 0.718622
7339 0.684272
7340 0.661807
7341 0.456203
7342 0.499069
7343 0.616394
7344 0.70919
7345 0.856047
7346 0.852876
7347 0.899445
7348 0.77714
7349 0.935131
7350 0.829358
7351 0.744875
7352 0.808299
7353 0.996717
7354 0.861773
7355 0.803343
7356 0.648839
7357 0.845858
7358 0.717304
7359 0.753308
7360 0.81141
7361 0.856026
7362 0.676502
7363 0.863413
7364 0.424847
7365 0.685175
7366 0.723398
7367 0.88291
7368 0.645543
7369 0.928688
7370 0.93156
7371 0.705719
7372 0.680276
7373 0.878039
7374 0.943885
7375 0.646515
7376 0.751274
7377 0.705289
7378 0.918513
7379 0.604828
7380 0.689859
7381 0.858009
7382 0.834801
7383 0.711822
7384 0.461173
7385 0.39386
7386 0.336477
7387 0.539974
7388 0.886768
7389 0.563236
7390 0.424401
7391 0.530963
7392 0.845589
7393 0.721997
7394 0.868289
7395 0.89741
7396 0.569665
7397 0.7069
7398 0.699569
7399 0.718465
7400 0.354064
7401 0.755926
7402 0.620167
7403 0.821438
7404 0.557195
7405 0.590771
7406 0.706644
7407 0.719683
7408 0.815236
7409 0.744489
7410 0.782591
7411 0.731384
7412 0.728562
7413 0.62959
7414 0.761767
7415 0.626263
7416 0.696763
7417 0.475049
7418 0.628825
7419 0.682919
7420 0.326331
7421 0.763011
7422 0.925018
7423 0.637311
7424 0.605618
7425 0.526645
7426 0.633561
7427 0.687426
7428 0.452039
7429 0.684218
7430 0.727561
7431 0.74505
7432 0.679234
7433 0.510151
7434 0.63939
7435 0.683907
7436 0.685341
7437 0.614654
7438 0.571743
7439 0.644305
7440 0.689196
7441 0.331111
7442 0.570744
7443 0.676172
7444 0.621329
7445 0.8805
7446 0.899927
7447 0.920926
7448 0.71636
7449 0.859758
7450 0.828727
7451 0.600082
7452 0.604596
7453 0.695667
7454 0.486439
7455 0.809612
7456 0.73418
7457 0.611258
7458 0.789646
7459 0.82594
7460 0.652324
7461 0.912198
7462 0.655157
7463 0.476239
7464 0.919653
7465 0.724046
7466 0.554486
7467 0.478629
7468 0.739632
7469 0.663291
7470 0.665642
7471 0.466635
7472 0.967703
7473 0.935683
7474 0.883181
7475 0.87833
7476 0.48808
7477 0.727218
7478 0.591855
7479 0.696364
7480 0.729735
7481 0.638144
7482 0.820114
7483 0.472596
7484 0.881956
7485 0.759617
7486 0.359679
7487 0.534133
7488 0.446097
7489 0.642158
7490 0.754687
7491 0.759141
7492 0.833098
7493 0.928174
7494 0.872945
7495 0.772364
7496 0.889354
7497 0.697357
7498 0.992159
7499 0.52747
7500 0.934451
7501 0.743859
7502 0.995084
7503 0.888575
7504 0.775761
7505 0.849438
7506 0.816733
7507 0.597294
7508 0.662915
7509 0.930964
7510 0.8084
7511 0.655914
7512 0.853117
7513 0.850787
7514 0.713524
7515 0.721955
7516 0.93725
7517 0.886947
7518 0.880851
7519 0.893702
7520 0.768422
7521 0.69274
7522 0.728256
7523 0.905055
7524 0.779873
7525 0.801318
7526 0.746948
7527 0.797769
7528 0.487793
7529 0.664735
7530 0.847341
7531 0.731726
7532 0.920741
7533 0.773818
7534 0.531927
7535 0.596772
7536 0.912033
7537 0.842632
7538 0.536172
7539 0.785878
7540 0.754184
7541 0.589219
7542 0.742759
7543 0.8741
7544 0.896392
7545 0.610897
7546 0.871004
7547 0.914231
7548 0.901796
7549 0.751367
7550 0.570249
7551 0.817966
7552 0.913848
7553 0.914589
7554 0.543882
7555 0.844633
7556 0.96729
7557 0.904755
7558 0.285574
7559 0.845918
7560 0.466171
7561 0.57008
7562 0.534428
7563 0.630676
7564 0.784534
7565 0.764224
7566 0.512874
7567 0.934991
7568 0.536271
7569 0.915612
7570 0.641388
7571 0.525656
7572 0.491612
7573 0.806263
7574 0.729843
7575 0.759676
7576 0.823655
7577 0.766739
7578 0.659274
7579 0.770472
7580 0.579624
7581 0.852247
7582 0.829315
7583 0.758245
7584 0.772755
7585 0.19032
7586 0.721813
7587 0.549142
7588 0.880677
7589 0.810933
7590 0.626733
7591 0.609375
7592 0.701539
7593 0.951652
7594 0.920598
7595 0.754402
7596 0.76768
7597 0.982186
7598 0.904341
7599 0.763346
7600 0.68484
7601 0.844852
7602 0.723354
7603 0.73256
7604 0.829589
7605 0.851918
7606 0.501041
7607 0.716765
7608 0.840519
7609 0.38228
7610 0.746165
7611 0.958727
7612 0.89869
7613 0.967993
7614 0.764635
7615 0.813606
7616 0.974545
7617 0.920827
7618 0.866431
7619 0.706669
7620 0.674091
7621 0.854257
7622 0.92279
7623 0.749549
7624 0.715075
7625 0.820379
7626 0.879161
7627 0.429593
7628 0.436294
7629 0.830828
7630 0.929847
7631 0.741065
7632 0.888208
7633 0.606598
7634 0.88928
7635 0.611127
7636 0.721315
7637 0.8943
7638 0.794261
7639 0.737993
7640 0.819648
7641 0.76368
7642 0.417882
7643 0.886862
7644 0.634836
7645 0.864745
7646 0.421071
7647 0.418637
7648 0.691993
7649 0.542812
7650 0.896494
7651 0.888052
7652 0.791771
7653 0.850624
7654 0.64304
7655 0.624384
7656 0.715398
7657 0.892521
7658 0.869618
7659 0.839396
7660 0.646568
7661 0.774325
7662 0.836201
7663 0.73142
7664 0.722256
7665 0.728778
7666 0.513596
7667 0.705194
7668 0.347905
7669 0.95065
7670 0.710316
7671 0.684948
7672 0.562874
7673 0.304443
7674 0.63707
7675 0.870015
7676 0.819469
7677 0.777421
7678 0.538023
7679 0.70476
7680 0.727899
7681 0.677708
7682 0.554014
7683 0.750945
7684 0.567593
7685 0.885045
7686 0.817433
7687 0.596885
7688 0.851324
7689 0.666434
7690 0.711249
7691 0.669826
7692 0.741337
7693 0.877987
7694 0.751257
7695 0.691679
7696 0.694474
7697 0.799348
7698 0.753275
7699 0.558215
7700 0.722164
7701 0.475375
7702 0.827569
7703 0.728674
7704 0.933675
7705 0.609885
7706 0.769382
7707 0.608419
7708 0.603207
7709 0.744449
7710 0.886457
7711 0.720884
7712 0.694485
7713 0.921865
7714 0.87396
7715 0.721628
7716 0.859075
7717 0.685319
7718 0.645735
7719 0.52957
7720 0.758481
7721 0.656876
7722 0.89827
7723 0.742437
7724 0.446144
7725 0.689387
7726 0.716638
7727 0.713346
7728 0.703388
7729 0.71299
7730 0.327599
7731 0.879374
7732 0.578773
7733 0.822173
7734 0.575567
7735 0.837839
7736 0.749541
7737 0.95109
7738 0.894226
7739 0.86518
7740 0.922138
7741 0.724484
7742 0.687299
7743 0.57813
7744 0.709433
7745 0.813253
7746 0.746076
7747 0.85396
7748 0.7071
7749 0.717293
7750 0.7895
7751 0.849147
7752 0.55104
7753 0.935095
7754 0.809877
7755 0.685379
7756 0.587505
7757 0.740541
7758 0.912535
7759 0.939109
7760 0.649398
7761 0.902669
7762 0.753221
7763 0.704264
7764 0.954377
7765 0.93414
7766 0.853849
7767 0.668573
7768 0.874356
7769 0.632843
7770 0.723392
7771 0.942572
7772 0.907746
7773 0.941564
7774 0.765168
7775 0.758201
7776 0.67256
7777 0.639013
7778 0.634671
7779 0.681703
7780 0.719952
7781 0.675748
7782 0.597366
7783 0.89835
7784 0.719264
7785 0.814161
7786 0.936587
7787 0.553999
7788 0.603334
7789 0.901996
7790 0.901174
7791 0.892698
7792 0.811394
7793 0.760872
7794 0.581577
7795 0.925615
7796 0.809281
7797 0.637944
7798 0.865016
7799 0.51955
7800 0.851231
7801 0.563178
7802 0.537939
7803 0.715551
7804 0.744204
7805 0.7971
7806 0.973038
7807 0.898734
7808 0.86145
7809 0.718406
7810 0.889158
7811 0.705424
7812 0.831138
7813 0.920298
7814 0.786423
7815 0.786777
7816 0.76207
7817 0.940337
7818 0.634026
7819 0.70969
7820 0.827188
7821 0.782333
7822 0.902059
7823 0.86708
7824 0.81557
7825 0.672693
7826 0.959987
7827 0.531314
7828 0.707483
7829 0.76225
7830 0.797842
7831 0.664977
7832 0.764624
7833 0.897809
7834 0.773446
7835 0.625622
7836 0.861798
7837 0.648766
7838 0.680367
7839 0.86025
7840 0.877756
7841 0.832984
7842 0.677388
7843 0.969991
7844 0.546015
7845 0.619266
7846 0.616769
7847 0.606106
7848 0.61265
7849 0.826391
7850 0.77191
7851 0.66857
7852 0.692659
7853 0.757307
7854 0.657009
7855 0.681674
7856 0.621657
7857 0.44874
7858 0.706177
7859 0.781476
7860 0.707197
7861 0.496648
7862 0.700715
7863 0.660885
7864 0.883424
7865 0.864592
7866 0.830351
7867 0.815911
7868 0.676944
7869 0.598591
7870 0.537895
7871 0.513633
7872 0.679123
7873 0.830908
7874 0.899763
7875 0.95022
7876 0.647011
7877 0.548736
7878 0.929633
7879 0.561638
7880 0.687207
7881 0.655433
7882 0.75485
7883 0.75636
7884 0.822989
7885 0.745036
7886 0.709347
7887 0.683031
7888 0.85076
7889 0.619951
7890 0.805923
7891 0.584993
7892 0.694083
7893 0.680131
7894 0.815079
7895 0.746337
7896 0.575167
7897 0.76025
7898 0.716095
7899 0.911386
7900 0.903495
7901 0.970218
7902 0.763347
7903 0.953392
7904 0.738854
7905 0.686008
7906 0.802847
7907 0.775403
7908 0.822898
7909 0.803581
7910 0.74546
7911 0.717617
7912 0.699213
7913 0.48085
7914 0.721955
7915 0.645746
7916 0.645616
7917 0.760703
7918 0.732481
7919 0.81153
7920 0.789626
7921 0.878839
7922 0.807889
7923 0.723877
7924 0.661596
7925 0.857668
7926 0.73066
7927 0.920943
7928 0.805358
7929 0.875037
7930 0.940006
7931 0.701335
7932 0.935221
7933 0.980254
7934 0.776321
7935 0.832623
7936 0.772495
7937 0.9045
7938 0.900511
7939 0.821788
7940 0.971949
7941 0.578104
7942 0.765979
7943 0.752107
7944 0.696105
7945 0.66405
7946 0.781191
7947 0.694519
7948 0.706444
7949 0.861249
7950 0.436583
7951 0.773824
7952 0.709474
7953 0.50506
7954 0.583851
7955 0.768572
7956 0.92909
7957 0.835546
7958 0.524079
7959 0.55847
7960 0.837699
7961 0.599813
7962 0.869428
7963 0.910711
7964 0.802635
7965 0.603003
7966 0.492959
7967 0.724022
7968 0.926015
7969 0.772852
7970 0.529763
7971 0.654284
7972 0.606149
7973 0.877861
7974 0.783805
7975 0.834078
7976 0.899354
7977 0.834785
7978 0.8815
7979 0.858461
7980 0.772206
7981 0.877749
7982 0.665822
7983 0.785959
7984 0.648077
7985 0.59025
7986 0.692079
7987 0.536913
7988 0.781005
7989 0.823949
7990 0.878126
7991 0.722583
7992 0.656107
7993 0.773933
7994 0.681222
7995 0.76137
7996 0.71169
7997 0.78025
7998 0.591806
7999 0.895361
8000 0.540676
8001 0.584086
8002 0.631716
8003 0.867856
8004 0.794313
8005 0.886366
8006 0.863727
8007 0.689126
8008 0.81948
8009 0.848903
8010 0.821672
8011 0.475545
8012 0.612012
8013 0.887126
8014 0.876223
8015 0.909068
8016 0.689604
8017 0.634025
8018 0.675659
8019 0.730603
8020 0.640348
8021 0.616868
8022 0.6009
8023 0.803226
8024 0.843688
8025 0.45942
8026 0.456383
8027 0.645798
8028 0.609473
8029 0.620433
8030 0.918327
8031 0.638178
8032 0.605129
8033 0.792588
8034 0.870769
8035 0.798757
8036 0.973386
8037 0.8284
8038 0.610641
8039 0.82848
8040 0.722797
8041 0.897734
8042 0.79427
8043 0.825506
8044 0.833339
8045 0.816997
8046 0.717718
8047 0.797964
8048 0.802092
8049 0.892149
8050 0.806057
8051 0.631691
8052 0.810083
8053 0.758364
8054 0.854875
8055 0.791386
8056 0.607809
8057 0.76014
8058 0.886839
8059 0.841078
8060 0.468933
8061 0.837266
8062 0.715555
8063 0.684213
8064 0.737119
8065 0.801728
8066 0.958091
8067 0.674416
8068 0.855797
8069 0.829732
8070 0.862004
8071 0.856114
8072 0.795334
8073 0.632202
8074 0.792563
8075 0.804512
8076 0.734876
8077 0.7183
8078 0.750903
8079 0.715086
8080 0.813586
8081 0.680616
8082 0.805953
8083 0.644609
8084 0.777244
8085 0.717003
8086 0.418931
8087 0.489671
8088 0.882123
8089 0.844936
8090 0.898458
8091 0.468958
8092 0.577647
8093 0.374931
8094 0.744876
8095 0.883063
8096 0.707214
8097 0.614957
8098 0.756044
8099 0.776705
8100 0.518163
8101 0.869948
8102 0.838546
8103 0.74158
8104 0.686878
8105 0.883864
8106 0.890572
8107 0.549038
8108 0.604826
8109 0.84583
8110 0.700766
8111 0.812674
8112 0.847223
8113 0.858895
8114 0.739807
8115 0.808925
8116 0.595669
8117 0.965635
8118 0.828937
8119 0.775708
8120 0.498313
8121 0.758534
8122 0.867555
8123 0.618935
8124 0.782422
8125 0.821772
8126 0.867917
8127 0.793473
8128 0.757093
8129 0.642067
8130 0.850026
8131 0.834831
8132 0.784633
8133 0.763082
8134 0.810426
8135 0.289198
8136 0.525261
8137 0.777526
8138 0.801336
8139 0.810271
8140 0.896769
8141 0.806955
8142 0.878552
8143 0.837435
8144 0.846075
8145 0.464948
8146 0.790516
8147 0.747052
8148 0.401272
8149 0.720116
8150 0.61766
8151 0.479994
8152 0.52677
8153 0.93865
8154 0.549564
8155 0.844774
8156 0.848969
8157 0.849076
8158 0.863559
8159 0.801028
8160 0.676868
8161 0.537415
8162 0.506105
8163 0.739711
8164 0.695959
8165 0.779942
8166 0.741699
8167 0.833405
8168 0.682919
8169 0.734884
8170 0.811677
8171 0.832946
8172 0.709918
8173 0.445275
8174 0.558678
8175 0.528116
8176 0.807224
8177 0.821916
8178 0.428828
8179 0.495793
8180 0.404999
8181 0.493893
8182 0.665146
8183 0.405381
8184 0.630059
8185 0.605096
8186 0.750819
8187 0.765913
8188 0.781906
8189 0.651228
8190 0.461679
8191 0.686619
8192 0.310844
8193 0.582265
8194 0.771104
8195 0.748866
8196 0.694205
8197 0.700985
8198 0.520382
8199 0.665577
8200 0.595697
8201 0.59021
8202 0.582257
8203 0.681261
8204 0.897428
8205 0.674366
8206 0.794131
8207 0.874411
8208 0.69609
8209 0.74688
8210 0.750931
8211 0.790415
8212 0.699988
8213 0.811312
8214 0.837887
8215 0.653815
8216 0.921035
8217 0.852533
8218 0.670668
8219 0.778308
8220 0.852122
8221 0.728799
8222 0.836605
8223 0.777743
8224 0.642921
8225 0.856964
8226 0.659968
8227 0.737636
8228 0.830768
8229 0.913506
8230 0.843723
8231 0.864241
8232 0.851635
8233 0.744206
8234 0.966493
8235 0.815219
8236 0.485715
8237 0.545935
8238 0.567497
8239 0.855123
8240 0.683018
8241 0.905465
8242 0.917395
8243 0.928764
8244 0.733972
8245 0.75305
8246 0.841944
8247 0.832729
8248 0.80557
8249 0.766694
8250 0.874788
8251 0.698044
8252 0.922676
8253 0.735157
8254 0.817384
8255 0.762691
8256 0.636438
8257 0.890103
8258 0.894091
8259 0.680199
8260 0.893656
8261 0.711889
8262 0.609441
8263 0.700571
8264 0.782878
8265 0.563354
8266 0.372677
8267 0.582419
8268 0.765201
8269 0.469808
8270 0.576196
8271 0.890563
8272 0.847239
8273 0.701921
8274 0.813392
8275 0.671024
8276 0.824071
8277 0.712676
8278 0.734469
8279 0.903417
8280 0.943061
8281 0.92482
8282 0.889621
8283 0.680784
8284 0.751588
8285 0.921415
8286 0.822772
8287 0.805826
8288 0.485626
8289 0.875193
8290 0.878798
8291 0.515168
8292 0.637147
8293 0.917188
8294 0.57203
8295 0.878622
8296 0.862448
8297 0.659484
8298 0.705476
8299 0.736972
8300 0.612526
8301 0.397718
8302 0.602193
8303 0.756071
8304 0.843945
8305 0.844152
8306 0.587904
8307 0.525072
8308 0.845185
8309 0.851057
8310 0.885022
8311 0.707211
8312 0.611325
8313 0.518726
8314 0.663148
8315 0.798145
8316 0.870243
8317 0.725341
8318 0.764957
8319 0.741516
8320 0.738288
8321 0.912797
8322 0.884373
8323 0.960098
8324 0.873055
8325 0.845612
8326 0.720896
8327 0.91785
8328 0.531316
8329 0.856348
8330 0.873414
8331 0.828426
8332 0.799138
8333 0.843238
8334 0.8571
8335 0.778149
8336 0.866393
8337 0.879648
8338 0.833555
8339 0.931156
8340 0.804413
8341 0.502232
8342 0.521007
8343 0.659976
8344 0.784224
8345 0.603745
8346 0.768873
8347 0.735104
8348 0.71564
8349 0.903973
8350 0.827396
8351 0.688943
8352 0.713731
8353 0.740605
8354 0.626609
8355 0.406543
8356 0.760853
8357 0.925591
8358 0.676922
8359 0.59585
8360 0.750221
8361 0.809338
8362 0.804521
8363 0.775263
8364 0.593063
8365 0.832839
8366 0.661624
8367 0.713043
8368 0.670629
8369 0.754929
8370 0.654911
8371 0.53611
8372 0.673999
8373 0.596579
8374 0.609685
8375 0.88007
8376 0.563391
8377 0.719437
8378 0.887
8379 0.498325
8380 0.655033
8381 0.638619
8382 0.536256
8383 0.464118
8384 0.493274
8385 0.617644
8386 0.629164
8387 0.643312
8388 0.847035
8389 0.749906
8390 0.606652
8391 0.62612
8392 0.764198
8393 0.787627
8394 0.733161
8395 0.822175
8396 0.666685
8397 0.631657
8398 0.74118
8399 0.650811
8400 0.675511
8401 0.752132
8402 0.864211
8403 0.893275
8404 0.905485
8405 0.880938
8406 0.960792
8407 0.848267
8408 0.752338
8409 0.759841
8410 0.726975
8411 0.941787
8412 0.782858
8413 0.615188
8414 0.72975
8415 0.88865
8416 0.865665
8417 0.620404
8418 0.499415
8419 0.649018
8420 0.734981
8421 0.660511
8422 0.657654
8423 0.663802
8424 0.745953
8425 0.591221
8426 0.686125
8427 0.689246
8428 0.740749
8429 0.672032
8430 0.757872
8431 0.840852
8432 0.73354
8433 0.748577
8434 0.663965
8435 0.672033
8436 0.714165
8437 0.817218
8438 0.852541
8439 0.726108
8440 0.797323
8441 0.599189
8442 0.620587
8443 0.627893
8444 0.62657
8445 0.614336
8446 0.695064
8447 0.945718
8448 0.63624
8449 0.877009
8450 0.434533
8451 0.472521
8452 0.509139
8453 0.317065
8454 0.841145
8455 0.922672
8456 0.772219
8457 0.834491
8458 0.308149
8459 0.843631
8460 0.828214
8461 0.75012
8462 0.880131
8463 0.908721
8464 0.584062
8465 0.863744
8466 0.486494
8467 0.894835
8468 0.822158
8469 0.773627
8470 0.879889
8471 0.718138
8472 0.595604
8473 0.606319
8474 0.557917
8475 0.681012
8476 0.701728
8477 0.620134
8478 0.713788
8479 0.732202
8480 0.688028
8481 0.733999
8482 0.613117
8483 0.52622
8484 0.642744
8485 0.566574
8486 0.725206
8487 0.914439
8488 0.60695
8489 0.852198
8490 0.806439
8491 0.841272
8492 0.731853
8493 0.732919
8494 0.636317
8495 0.542709
8496 0.716291
8497 0.499515
8498 0.704495
8499 0.63094
8500 0.874059
8501 0.787095
8502 0.717784
8503 0.759388
8504 0.67705
8505 0.884857
8506 0.613903
8507 0.84577
8508 0.720772
8509 0.67749
8510 0.803304
8511 0.875526
8512 0.667734
8513 0.692797
8514 0.900456
8515 0.888138
8516 0.732432
8517 0.867806
8518 0.55399
8519 0.617022
8520 0.619612
8521 0.72883
8522 0.779036
8523 0.851624
8524 0.603142
8525 0.774955
8526 0.864193
8527 0.660477
8528 0.534652
8529 0.550938
8530 0.831569
8531 0.61629
8532 0.686735
8533 0.445148
8534 0.644837
8535 0.641003
8536 0.60992
8537 0.716396
8538 0.62313
8539 0.804115
8540 0.760701
8541 0.805804
8542 0.58245
8543 0.795146
8544 0.690147
8545 0.784168
8546 0.793142
8547 0.802591
8548 0.672638
8549 0.678457
8550 0.731141
8551 0.841129
8552 0.721239
8553 0.884511
8554 0.67655
8555 0.71432
8556 0.806639
8557 0.787767
8558 0.74282
8559 0.942756
8560 0.511886
8561 0.920842
8562 0.619182
8563 0.585347
8564 0.779058
8565 0.619942
8566 0.778573
8567 0.813781
8568 0.733109
8569 0.665983
8570 0.861217
8571 0.852789
8572 0.773473
8573 0.538954
8574 0.968405
8575 0.599713
8576 0.7973
8577 0.861474
8578 0.718525
8579 0.696315
8580 0.881313
8581 0.901444
8582 0.804725
8583 0.612039
8584 0.808435
8585 0.86486
8586 0.698363
8587 0.84406
8588 0.883239
8589 0.672974
8590 0.923192
8591 0.825673
8592 0.815453
8593 0.801617
8594 0.953753
8595 0.786388
8596 0.875034
8597 0.777596
8598 0.727784
8599 0.965858
8600 0.88411
8601 0.743609
8602 0.798288
8603 0.659963
8604 0.739067
8605 0.620199
8606 0.722742
8607 0.882563
8608 0.916417
8609 0.8921
8610 0.799408
8611 0.679846
8612 0.762124
8613 0.852945
8614 0.822441
8615 0.873217
8616 0.948388
8617 0.981562
8618 0.884873
8619 0.67707
8620 0.850913
8621 0.779156
8622 0.890351
8623 0.584694
8624 0.540545
8625 0.842198
8626 0.637128
8627 0.801685
8628 0.750079
8629 0.777844
8630 0.737031
8631 0.755718
8632 0.715743
8633 0.841218
8634 0.593769
8635 0.709254
8636 0.734621
8637 0.821283
8638 0.804672
8639 0.569805
8640 0.638381
8641 0.56124
8642 0.636121
8643 0.686402
8644 0.632208
8645 0.865723
8646 0.712098
8647 0.665162
8648 0.59546
8649 0.8011
8650 0.596068
8651 0.750962
8652 0.868761
8653 0.742036
8654 0.750839
8655 0.780208
8656 0.914866
8657 0.606331
8658 0.683648
8659 0.67753
8660 0.665106
8661 0.651964
8662 0.723633
8663 0.694823
8664 0.696767
8665 0.651758
8666 0.730385
8667 0.629687
8668 0.744792
8669 0.774517
8670 0.791592
8671 0.873127
8672 0.911303
8673 0.805457
8674 0.906529
8675 0.545135
8676 0.618879
8677 0.496801
8678 0.841374
8679 0.707681
8680 0.625144
8681 0.80058
8682 0.725709
8683 0.770653
8684 0.768316
8685 0.707887
8686 0.780677
8687 0.895971
8688 0.846893
8689 0.723938
8690 0.89923
8691 0.674652
8692 0.630796
8693 0.923421
8694 0.730903
8695 0.853435
8696 0.743477
8697 0.696458
8698 0.575807
8699 0.73578
8700 0.661713
8701 0.646455
8702 0.620066
8703 0.568505
8704 0.676614
8705 0.604932
8706 0.949897
8707 0.882545
8708 0.778707
8709 0.645301
8710 0.850702
8711 0.926546
8712 0.595044
8713 0.72604
8714 0.721625
8715 0.895452
8716 0.882919
8717 0.779683
8718 0.681259
8719 0.907086
8720 0.717796
8721 0.862174
8722 0.659789
8723 0.90906
8724 0.724304
8725 0.90854
8726 0.840644
8727 0.78421
8728 0.911836
8729 0.891912
8730 0.661298
8731 0.812755
8732 0.645772
8733 0.950271
8734 0.781352
8735 0.845444
8736 0.78235
8737 0.855037
8738 0.662366
8739 0.798304
8740 0.788605
8741 0.787409
8742 0.762973
8743 0.774247
8744 0.752237
8745 0.89004
8746 0.841845
8747 0.604063
8748 0.609813
8749 0.871247
8750 0.853791
8751 0.955022
8752 0.749354
8753 0.601194
8754 0.826799
8755 0.639418
8756 0.538583
8757 0.754126
8758 0.572517
8759 0.554606
8760 0.77984
8761 0.755735
8762 0.604798
8763 0.782134
8764 0.924661
8765 0.55635
8766 0.668471
8767 0.683801
8768 0.465328
8769 0.721308
8770 0.738841
8771 0.664933
8772 0.716167
8773 0.78815
8774 0.541248
8775 0.674712
8776 0.888813
8777 0.648594
8778 0.730455
8779 0.45476
8780 0.688594
8781 0.63017
8782 0.645069
8783 0.60624
8784 0.962468
8785 0.875978
8786 0.40593
8787 0.720778
8788 0.60525
8789 0.882884
8790 0.816103
8791 0.819048
8792 0.897706
8793 0.630204
8794 0.471267
8795 0.618078
8796 0.823411
8797 0.844519
8798 0.767158
8799 0.768717
8800 0.832029
8801 0.558453
8802 0.708261
8803 0.658429
8804 0.587846
8805 0.835329
8806 0.598847
8807 0.548693
8808 0.609134
8809 0.597368
8810 0.788868
8811 0.516099
8812 0.526945
8813 0.634647
8814 0.683652
8815 0.376581
8816 0.815274
8817 0.826741
8818 0.867189
8819 0.649828
8820 0.755483
8821 0.72859
8822 0.689797
8823 0.70342
8824 0.706751
8825 0.632267
8826 0.763322
8827 0.894651
8828 0.910193
8829 0.743177
8830 0.902053
8831 0.796023
8832 0.765154
8833 0.925858
8834 0.986733
8835 0.635492
8836 0.689133
8837 0.742702
8838 0.675128
8839 0.624265
8840 0.664157
8841 0.922036
8842 0.588808
8843 0.667819
8844 0.389858
8845 0.390305
8846 0.644332
8847 0.869093
8848 0.825039
8849 0.467446
8850 0.433905
8851 0.892935
8852 0.809941
8853 0.861554
8854 0.752531
8855 0.836752
8856 0.57094
8857 0.951374
8858 0.623575
8859 0.679839
8860 0.800828
8861 0.706845
8862 0.692297
8863 0.68101
8864 0.514245
8865 0.485882
8866 0.609969
8867 0.658914
8868 0.7942
8869 0.894595
8870 0.621675
8871 0.976446
8872 0.937267
8873 0.797079
8874 0.757188
8875 0.609603
8876 0.738267
8877 0.897312
8878 0.72621
8879 0.729248
8880 0.785039
8881 0.743272
8882 0.947729
8883 0.835812
8884 0.669412
8885 0.619753
8886 0.697229
8887 0.495313
8888 0.941712
8889 0.606698
8890 0.77986
8891 0.774513
8892 0.647077
8893 0.96965
8894 0.931034
8895 0.650341
8896 0.522845
8897 0.910207
8898 0.765964
8899 0.810866
8900 0.789237
8901 0.869566
8902 0.900755
8903 0.755481
8904 0.603772
8905 0.820419
8906 0.64152
8907 0.854619
8908 0.839185
8909 0.958931
8910 0.872783
8911 0.591033
8912 0.677271
8913 0.824917
8914 0.75888
8915 0.93355
8916 0.706255
8917 0.360343
8918 0.743483
8919 0.749966
8920 0.625315
8921 0.66996
8922 0.806718
8923 0.830959
8924 0.665847
8925 0.490367
8926 0.5781
8927 0.642397
8928 0.461257
8929 0.429595
8930 0.376793
8931 0.846435
8932 0.673885
8933 0.511423
8934 0.900772
8935 0.687471
8936 0.710146
8937 0.530442
8938 0.621586
8939 0.67959
8940 0.604517
8941 0.483461
8942 0.80363
8943 0.62111
8944 0.609087
8945 0.63735
8946 0.752285
8947 0.666856
8948 0.723441
8949 0.589805
8950 0.638593
8951 0.836872
8952 0.737909
8953 0.722862
8954 0.935265
8955 0.874209
8956 0.81729
8957 0.639555
8958 0.619942
8959 0.931834
8960 0.894024
8961 0.695926
8962 0.619471
8963 0.928875
8964 0.833527
8965 0.943633
8966 0.793441
8967 0.896945
8968 0.856328
8969 0.757469
8970 0.986266
8971 0.763353
8972 0.820312
8973 0.921832
8974 0.760656
8975 0.639424
8976 0.91805
8977 0.660531
8978 0.711203
8979 0.723843
8980 0.80291
8981 0.542419
8982 0.638766
8983 0.524769
8984 0.859261
8985 0.85661
8986 0.673013
8987 0.770325
8988 0.779458
8989 0.935407
8990 0.760304
8991 0.695191
8992 0.65231
8993 0.941348
8994 0.699449
8995 0.699786
8996 0.628285
8997 0.66357
8998 0.919502
8999 0.948013
9000 0.737403
9001 0.909764
9002 0.573757
9003 0.685472
9004 0.803212
9005 0.565638
9006 0.93138
9007 0.731708
9008 0.656892
9009 0.697471
9010 0.889628
9011 0.756291
9012 0.478302
9013 0.913169
9014 0.547209
9015 0.724834
9016 0.899158
9017 0.706718
9018 0.551792
9019 0.793888
9020 0.685736
9021 0.693715
9022 0.541528
9023 0.746611
9024 0.67495
9025 0.737362
9026 0.692952
9027 0.846979
9028 0.605409
9029 0.728891
9030 0.956536
9031 0.967686
9032 0.870579
9033 0.920817
9034 0.857977
9035 0.670355
9036 0.761344
9037 0.776034
9038 0.661682
9039 0.667087
9040 0.760096
9041 0.747649
9042 0.679252
9043 0.666883
9044 0.691658
9045 0.90217
9046 0.762699
9047 0.758226
9048 0.823029
9049 0.665921
9050 0.872259
9051 0.722234
9052 0.620713
9053 0.831659
9054 0.752638
9055 0.629708
9056 0.722679
9057 0.891214
9058 0.786545
9059 0.848752
9060 0.683789
9061 0.385582
9062 0.666396
9063 0.699831
9064 0.681557
9065 0.841343
9066 0.712593
9067 0.47887
9068 0.668552
9069 0.877188
9070 0.901575
9071 0.894278
9072 0.956306
9073 0.843325
9074 0.86678
9075 0.847676
9076 0.898606
9077 0.824467
9078 0.861506
9079 0.831282
9080 0.783261
9081 0.90529
9082 0.877101
9083 0.875636
9084 0.781784
9085 0.857843
9086 0.870871
9087 0.732464
9088 0.802691
9089 0.653464
9090 0.873064
9091 0.905605
9092 0.902378
9093 0.719133
9094 0.947969
9095 0.904364
9096 0.805558
9097 0.863522
9098 0.827688
9099 0.759655
9100 0.908143
9101 0.830416
9102 0.76216
9103 0.745451
9104 0.784145
9105 0.848461
9106 0.970549
9107 0.861335
9108 0.885098
9109 0.91926
9110 0.805914
9111 0.915708
9112 0.887594
9113 0.865769
9114 0.856779
9115 0.831682
9116 0.915023
9117 0.782312
9118 0.816784
9119 0.794651
9120 0.851626
9121 0.921706
9122 0.903639
9123 0.870763
9124 0.802096
9125 0.848459
9126 0.891475
9127 0.929329
9128 0.819258
9129 0.890423
9130 0.668188
9131 0.887518
9132 0.826569
9133 0.922056
9134 0.805802
9135 0.851165
9136 0.875293
9137 0.773855
9138 0.742362
9139 0.892556
9140 0.829319
9141 0.816895
9142 0.908954
9143 0.811245
9144 0.878911
9145 0.872006
9146 0.886718
9147 0.93261
9148 0.960239
9149 0.76716
9150 0.694499
9151 0.836636
9152 0.882149
9153 0.940865
9154 0.908481
9155 0.86104
9156 0.818966
9157 0.850737
9158 0.443035
9159 0.843045
9160 0.837322
9161 0.888949
9162 0.654806
9163 0.738389
9164 0.915187
9165 0.899398
9166 0.720739
9167 0.827342
9168 0.729619
9169 0.809617
9170 0.886455
9171 0.646725
9172 0.660532
9173 0.714647
9174 0.641182
9175 0.801281
9176 0.920065
9177 0.92552
9178 0.853602
9179 0.923729
9180 0.803691
9181 0.846751
9182 0.924317
9183 0.815425
9184 0.837321
9185 0.862524
9186 0.909355
9187 0.92101
9188 0.789811
9189 0.873487
9190 0.864493
9191 0.885325
9192 0.47403
9193 0.827832
9194 0.804616
9195 0.798708
9196 0.847094
9197 0.77238
9198 0.863822
9199 0.910024
9200 0.890013
9201 0.891754
9202 0.801661
9203 0.889937
9204 0.837561
9205 0.874291
9206 0.794275
9207 0.900414
9208 0.788337
9209 0.900872
9210 0.951864
9211 0.789064
9212 0.91318
9213 0.869672
9214 0.803895
9215 0.829602
9216 0.831434
9217 0.911078
9218 0.837504
9219 0.850542
9220 0.804836
9221 0.897321
9222 0.864353
9223 0.796652
9224 0.85857
9225 0.84172
9226 0.874141
9227 0.817013
9228 0.786158
9229 0.691304
9230 0.835048
9231 0.747988
9232 0.774749
9233 0.868883
9234 0.729128
9235 0.875863
9236 0.926156
9237 0.908631
9238 0.858875
9239 0.894738
9240 0.796566
9241 0.823068
9242 0.845365
9243 0.861938
9244 0.791752
9245 0.784176
9246 0.841941
9247 0.797144
9248 0.763255
9249 0.880499
9250 0.859239
9251 0.906905
9252 0.847605
9253 0.864781
9254 0.868421
9255 0.702358
9256 0.865625
9257 0.920147
9258 0.859382
9259 0.793565
9260 0.894244
9261 0.893274
9262 0.900523
9263 0.789235
9264 0.822663
9265 0.890249
9266 0.862355
9267 0.801962
9268 0.810884
9269 0.854226
9270 0.893495
9271 0.833011
9272 0.854647
9273 0.844975
9274 0.834678
9275 0.81533
9276 0.834442
9277 0.90686
9278 0.825185
9279 0.853383
9280 0.903314
9281 0.916559
9282 0.904089
9283 0.884778
9284 0.761406
9285 0.894328
9286 0.873785
9287 0.529694
9288 0.978461
9289 0.958536
9290 0.864867
9291 0.866384
9292 0.866136
9293 0.838558
9294 0.835743
9295 0.906029
9296 0.747164
9297 0.906709
9298 0.842119
9299 0.858294
9300 0.824815
9301 0.851526
9302 0.821368
9303 0.741693
9304 0.9405
9305 0.916727
9306 0.777746
9307 0.923098
9308 0.882343
9309 0.747074
9310 0.919764
9311 0.879367
9312 0.625276
9313 0.787994
9314 0.869946
9315 0.742197
9316 0.873377
9317 0.793564
9318 0.835138
9319 0.91587
9320 0.914518
9321 0.851332
9322 0.835587
9323 0.883784
9324 0.801264
9325 0.846102
9326 0.847946
9327 0.852877
9328 0.90864
9329 0.876497
9330 0.903732
9331 0.91443
9332 0.841718
9333 0.883564
9334 0.848816
9335 0.920182
9336 0.896698
9337 0.811351
9338 0.85151
9339 0.83593
9340 0.907201
9341 0.81028
9342 0.80021
9343 0.771515
9344 0.736589
9345 0.774532
9346 0.823404
9347 0.851674
9348 0.860857
9349 0.781533
9350 0.775012
9351 0.786944
9352 0.881823
9353 0.918285
9354 0.929581
9355 0.76128
9356 0.720265
9357 0.831729
9358 0.848305
9359 0.879239
9360 0.841934
9361 0.851994
9362 0.845529
9363 0.853796
9364 0.840164
9365 0.80062
9366 0.963448
9367 0.95279
9368 0.933973
9369 0.90411
9370 0.841106
9371 0.882266
9372 0.636208
9373 0.743088
9374 0.7513
9375 0.877107
9376 0.805009
9377 0.818468
9378 0.846938
9379 0.877022
9380 0.911006
9381 0.819134
9382 0.80248
9383 0.925165
9384 0.868701
9385 0.783923
9386 0.93643
9387 0.76055
9388 0.842144
9389 0.851091
9390 0.883533
9391 0.87434
9392 0.820466
9393 0.871685
9394 0.916969
9395 0.853569
9396 0.834216
9397 0.839787
9398 0.801109
9399 0.856317
9400 0.858532
9401 0.886011
9402 0.888408
9403 0.814761
9404 0.841434
9405 0.861263
9406 0.918823
9407 0.939737
9408 0.916511
9409 0.837206
9410 0.794564
9411 0.886077
9412 0.852703
9413 0.830288
9414 0.838898
9415 0.825391
9416 0.714352
9417 0.695153
9418 0.857993
9419 0.931875
9420 0.906096
9421 0.865222
9422 0.88212
9423 0.852493
9424 0.840114
9425 0.816154
9426 0.8014
9427 0.935848
9428 0.755238
9429 0.820152
9430 0.926959
9431 0.851171
9432 0.499731
9433 0.840154
9434 0.811602
9435 0.853471
9436 0.841748
9437 0.836613
9438 0.986582
9439 0.818311
9440 0.749391
9441 0.697816
9442 0.913957
9443 0.783226
9444 0.949971
9445 0.879311
9446 0.840954
9447 0.845815
9448 0.808697
9449 0.87541
9450 0.779434
9451 0.868005
9452 0.810359
9453 0.866156
9454 0.840822
9455 0.83547
9456 0.925523
9457 0.827601
9458 0.828208
9459 0.873294
9460 0.748164
9461 0.76658
9462 0.88629
9463 0.916877
9464 0.813249
9465 0.858612
9466 0.776054
9467 0.822734
9468 0.868057
9469 0.904977
9470 0.899273
9471 0.877574
9472 0.88894
9473 0.881378
9474 0.916016
9475 0.834415
9476 0.837323
9477 0.82217
9478 0.771704
9479 0.857429
9480 0.836947
9481 0.855553
9482 0.796715
9483 0.742185
9484 0.772649
9485 0.857355
9486 0.868951
9487 0.844783
9488 0.817693
9489 0.875668
9490 0.855492
9491 0.917218
9492 0.868164
9493 0.895804
9494 0.740561
9495 0.883884
9496 0.829408
9497 0.85533
9498 0.904763
9499 0.839498
9500 0.832986
9501 0.859849
9502 0.872913
9503 0.834919
9504 0.853117
9505 0.79175
9506 0.875901
9507 0.77713
9508 0.829375
9509 0.890013
9510 0.78068
9511 0.867299
9512 0.825901
9513 0.934413
9514 0.851223
9515 0.89155
9516 0.88829
9517 0.741559
9518 0.831933
9519 0.838108
9520 0.470651
9521 0.866691
9522 0.849756
9523 0.876643
9524 0.799047
9525 0.763715
9526 0.763592
9527 0.848311
9528 0.811241
9529 0.820123
9530 0.857825
9531 0.880101
9532 0.734083
9533 0.865315
9534 0.86426
9535 0.830073
9536 0.935479
9537 0.836388
9538 0.909812
9539 0.791399
9540 0.880906
9541 0.903597
9542 0.867428
9543 0.688693
9544 0.65276
9545 0.866372
9546 0.90769
9547 0.874744
9548 0.852984
9549 0.804277
9550 0.669549
9551 0.675484
9552 0.854056
9553 0.803784
9554 0.679923
9555 0.859391
9556 0.873934
9557 0.87069
9558 0.908417
9559 0.864898
9560 0.88895
9561 0.89851
9562 0.875841
9563 0.828301
9564 0.897711
9565 0.893209
9566 0.888891
9567 0.753533
9568 0.953502
9569 0.923334
9570 0.881709
9571 0.83015
9572 0.594441
9573 0.833816
9574 0.744838
9575 0.893215
9576 0.869192
9577 0.908956
9578 0.879824
9579 0.808339
9580 0.885482
9581 0.784603
9582 0.756372
9583 0.873857
9584 0.8963
9585 0.833855
9586 0.932869
9587 0.839534
9588 0.640544
9589 0.89757
9590 0.77025
9591 0.775258
9592 0.683378
9593 0.710066
9594 0.949304
9595 0.875084
9596 0.874556
9597 0.801932
9598 0.872211
9599 0.869542
9600 0.848213
9601 0.901726
9602 0.571889
9603 0.863829
9604 0.82398
9605 0.721732
9606 0.620488
9607 0.848143
9608 0.775008
9609 0.924414
9610 0.883658
9611 0.747712
9612 0.8471
9613 0.740525
9614 0.818038
9615 0.875274
9616 0.916573
9617 0.894555
9618 0.793806
9619 0.772961
9620 0.86418
9621 0.746254
9622 0.801731
9623 0.866362
9624 0.643458
9625 0.80559
9626 0.939615
9627 0.879495
9628 0.68025
9629 0.832653
9630 0.585592
9631 0.946473
9632 0.927616
9633 0.863937
9634 0.895963
9635 0.699184
9636 0.831763
9637 0.62562
9638 0.81502
9639 0.941385
9640 0.748766
9641 0.917683
9642 0.899447
9643 0.720258
9644 0.671342
9645 0.627983
9646 0.981887
9647 0.644554
9648 0.897487
9649 0.780375
9650 0.65163
9651 0.859528
9652 0.882584
9653 0.64535
9654 0.908244
9655 0.697511
9656 0.60761
9657 0.886231
9658 0.925425
9659 0.89327
9660 0.799904
9661 0.879465
9662 0.796151
9663 0.609818
9664 0.7602
9665 0.730049
9666 0.873725
9667 0.507064
9668 0.803828
9669 0.704007
9670 0.890876
9671 0.786987
9672 0.708212
9673 0.918371
9674 0.835123
9675 0.735867
9676 0.820911
9677 0.75297
9678 0.875509
9679 0.874207
9680 0.837299
9681 0.906347
9682 0.829268
9683 0.859768
9684 0.913711
9685 0.853709
9686 0.864634
9687 0.749564
9688 0.82827
9689 0.835987
9690 0.925021
9691 0.897934
9692 0.835196
9693 0.862719
9694 0.823589
9695 0.863733
9696 0.831411
9697 0.849013
9698 0.825552
9699 0.924159
9700 0.827685
9701 0.765507
9702 0.748197
9703 0.848019
9704 0.920438
9705 0.908209
9706 0.903156
9707 0.853998
9708 0.929335
9709 0.913997
9710 0.865511
9711 0.868668
9712 0.877119
9713 0.838782
9714 0.900824
9715 0.782999
9716 0.875657
9717 0.858867
9718 0.890788
9719 0.866231
9720 0.810249
9721 0.77486
9722 0.796946
9723 0.879303
9724 0.896771
9725 0.771021
9726 0.908238
9727 0.821904
9728 0.825688
9729 0.961857
9730 0.884378
9731 0.783917
9732 0.906373
9733 0.798429
9734 0.855745
9735 0.906422
9736 0.831867
9737 0.767026
9738 0.585835
9739 0.86379
9740 0.926963
9741 0.923383
9742 0.899658
9743 0.886423
9744 0.876155
9745 0.855602
9746 0.815416
9747 0.952768
9748 0.868884
9749 0.901007
9750 0.844073
9751 0.882675
9752 0.797909
9753 0.793649
9754 0.801107
9755 0.721242
9756 0.871418
9757 0.918177
9758 0.983464
9759 0.927031
9760 0.961058
9761 0.809932
9762 0.755873
9763 0.861402
9764 0.742476
9765 0.925137
9766 0.841851
9767 0.895274
9768 0.8177
9769 0.872762
9770 0.759576
9771 0.900351
9772 0.898452
9773 0.863574
9774 0.857897
9775 0.786116
9776 0.881914
9777 0.920937
9778 0.965886
9779 0.891129
9780 0.938755
9781 0.881377
9782 0.765998
9783 0.808053
9784 0.946725
9785 0.840141
9786 0.821349
9787 0.868528
9788 0.46691
9789 0.939263
9790 0.742658
9791 0.847916
9792 0.774282
9793 0.896269
9794 0.910198
9795 0.730328
9796 0.874457
9797 0.85797
9798 0.860059
9799 0.899443
9800 0.873987
9801 0.638574
9802 0.991382
9803 0.85042
9804 0.793139
9805 0.910425
9806 0.932767
9807 0.780061
9808 0.916715
9809 0.744953
9810 0.880436
9811 0.849246
9812 0.79808
9813 0.83166
9814 0.873532
9815 0.841387
9816 0.935996
9817 0.795685
9818 0.766632
9819 0.914976
9820 0.737255
9821 0.811024
9822 0.884236
9823 0.958367
9824 0.844539
9825 0.899343
9826 0.803557
9827 0.897071
9828 0.719625
9829 0.861275
9830 0.908742
9831 0.829631
9832 0.886773
9833 0.911364
9834 0.854529
9835 0.869485
9836 0.779564
9837 0.897547
9838 0.881849
9839 0.795888
9840 0.83654
9841 0.854459
9842 0.82271
9843 0.791228
9844 0.8582
9845 0.850343
9846 0.781513
9847 0.806217
9848 0.872752
9849 0.803831
9850 0.797176
9851 0.845433
9852 0.872658
9853 0.832632
9854 0.778974
9855 0.885719
9856 0.843993
9857 0.837465
9858 0.836305
9859 0.848775
9860 0.845388
9861 0.788568
9862 0.917168
9863 0.789188
9864 0.912699
9865 0.880785
9866 0.859377
9867 0.776409
9868 0.825954
9869 0.871976
9870 0.919191
9871 0.75809
9872 0.949653
9873 0.73941
9874 0.865722
9875 0.818274
9876 0.710043
9877 0.894423
9878 0.790945
9879 0.794336
9880 0.770812
9881 0.614095
9882 0.886604
9883 0.907742
9884 0.988406
9885 0.875537
9886 0.897889
9887 0.898488
9888 0.693606
9889 0.875119
9890 0.871723
9891 0.882894
9892 0.901279
9893 0.936741
9894 0.861046
9895 0.857352
9896 0.929347
9897 0.956096
9898 0.746075
9899 0.881181
9900 0.853633
9901 0.800494
9902 0.912079
9903 0.905605
9904 0.852342
9905 0.872358
9906 0.809739
9907 0.813498
9908 0.811789
9909 0.854393
9910 0.710363
9911 0.81391
9912 0.842327
9913 0.836067
9914 0.8195
9915 0.916401
9916 0.820944
9917 0.744201
9918 0.798611
9919 0.877501
9920 0.785258
9921 0.888172
9922 0.910133
9923 0.83735
9924 0.824616
9925 0.8463
9926 0.869089
9927 0.893649
9928 0.828557
9929 0.86705
9930 0.814259
9931 0.93501
9932 0.584401
9933 0.83337
9934 0.890694
9935 0.631653
9936 0.886011
9937 0.838325
9938 0.917522
9939 0.871675
9940 0.930546
9941 0.886098
9942 0.934931
9943 0.766985
9944 0.823869
9945 0.890377
9946 0.796696
9947 0.912583
9948 0.876426
9949 0.851987
9950 0.897309
9951 0.861154
9952 0.880494
9953 0.857694
9954 0.819202
9955 0.821413
9956 0.93747
9957 0.839857
9958 0.876778
9959 0.86121
9960 0.913658
9961 0.916713
9962 0.881161
9963 0.940785
9964 0.840514
9965 0.852666
9966 0.889158
9967 0.85683
9968 0.866665
9969 0.817717
9970 0.773155
9971 0.834381
9972 0.826792
9973 0.855889
9974 0.868027
9975 0.845271
9976 0.87115
9977 0.831187
9978 0.885157
9979 0.928911
9980 0.935781
9981 0.901137
9982 0.466255
9983 0.882502
9984 0.868872
9985 0.833622
9986 0.811813
9987 0.871644
9988 0.910093
9989 0.901944
9990 0.881694
9991 0.90677
9992 0.921217
9993 0.866026
9994 0.83909
9995 0.910806
9996 0.78039
9997 0.787048
9998 0.76117
9999 0.881005
10000 0.917672
10001 0.864693
10002 0.847562
10003 0.706531
10004 0.878849
10005 0.787326
10006 0.686845
10007 0.737213
10008 0.778478
10009 0.859693
10010 0.861857
10011 0.886662
10012 0.850681
10013 0.695618
10014 0.844281
10015 0.915456
10016 0.700813
10017 0.888744
10018 0.841416
10019 0.92812
10020 0.85147
10021 0.877856
10022 0.754766
10023 0.926911
10024 0.963659
10025 0.903348
10026 0.953137
10027 0.495258
10028 0.840662
10029 0.876772
10030 0.87739
10031 0.832609
10032 0.864105
10033 0.831975
10034 0.77678
10035 0.815952
10036 0.832249
10037 0.658207
10038 0.737168
10039 0.861127
10040 0.904944
10041 0.582437
10042 0.838906
10043 0.735806
10044 0.896613
10045 0.872069
10046 0.896358
10047 0.838134
10048 0.84709
10049 0.875102
10050 0.945668
10051 0.758506
10052 0.797797
10053 0.891059
10054 0.927339
10055 0.893658
10056 0.847071
10057 0.894064
10058 0.903356
10059 0.957593
10060 0.874108
10061 0.852866
10062 0.843691
10063 0.893061
10064 0.926386
10065 0.893488
10066 0.85842
10067 0.856604
10068 0.924113
10069 0.985039
10070 0.719476
10071 0.693547
10072 0.670607
10073 0.885109
10074 0.808918
10075 0.909889
10076 0.888783
10077 0.776816
10078 0.622829
10079 0.745248
10080 0.867995
10081 0.844145
10082 0.849902
10083 0.855225
10084 0.907058
10085 0.891414
10086 0.944587
10087 0.891495
10088 0.905442
10089 0.92517
10090 0.864387
10091 0.914187
10092 0.90563
10093 0.946304
10094 0.891623
10095 0.909081
10096 0.936516
10097 0.858448
10098 0.84639
10099 0.832448
10100 0.787565
10101 0.86973
10102 0.863392
10103 0.819437
10104 0.914217
10105 0.902906
10106 0.860665
10107 0.898815
10108 0.886756
10109 0.897262
10110 0.935182
10111 0.816053
10112 0.969895
10113 0.943023
10114 0.932162
10115 0.806628
10116 0.914354
10117 0.912717
10118 0.868513
10119 0.889306
10120 0.833979
10121 0.881614
10122 0.882059
10123 0.86683
10124 0.876953
10125 0.919275
10126 0.897418
10127 0.953209
10128 0.827862
10129 0.853871
10130 0.810446
10131 0.858819
10132 0.887069
10133 0.909032
10134 0.921906
10135 0.935777
10136 0.861317
10137 0.8656
10138 0.834023
10139 0.778102
10140 0.777833
10141 0.893042
10142 0.897394
10143 0.781429
10144 0.809597
10145 0.874621
10146 0.875638
10147 0.924972
10148 0.516432
10149 0.830177
10150 0.892001
10151 0.939052
10152 0.842117
10153 0.911217
10154 0.86855
10155 0.933913
10156 0.926066
10157 0.889512
10158 0.928831
10159 0.938734
10160 0.918404
10161 0.928551
10162 0.937705
10163 0.672229
10164 0.820511
10165 0.899612
10166 0.879807
10167 0.890707
10168 0.868614
10169 0.917812
10170 0.7724
10171 0.734081
10172 0.951215
10173 0.803864
10174 0.908242
10175 0.959143
10176 0.941068
10177 0.881467
10178 0.907064
10179 0.795757
10180 0.883926
10181 0.915091
10182 0.963435
10183 0.590629
10184 0.906331
10185 0.918982
10186 0.889844
10187 0.873629
10188 0.809411
10189 0.80452
10190 0.86576
10191 0.897236
10192 0.7578
10193 0.838843
10194 0.833502
10195 0.865409
10196 0.886379
10197 0.898426
10198 0.836599
10199 0.84323
10200 0.842145
10201 0.853537
10202 0.840346
10203 0.852147
10204 0.72966
10205 0.955964
10206 0.815509
10207 0.864273
10208 0.908474
10209 0.907922
10210 0.837868
10211 0.872646
10212 0.822462
10213 0.909081
10214 0.886548
10215 0.928314
10216 0.936285
10217 0.904336
10218 0.808472
10219 0.796449
10220 0.873257
10221 0.941634
10222 0.89484
10223 0.901665
10224 0.837796
10225 0.824006
10226 0.833343
10227 0.795879
10228 0.779748
10229 0.811762
10230 0.974578
10231 0.844313
10232 0.910362
10233 0.920558
10234 0.790099
10235 0.932404
10236 0.907755
10237 0.938654
10238 0.848381
10239 0.810704
10240 0.903212
10241 0.899978
10242 0.844619
10243 0.875135
10244 0.810624
10245 0.916071
10246 0.90972
10247 0.902451
10248 0.911419
10249 0.878734
10250 0.820976
10251 0.935736
10252 0.860876
10253 0.924342
10254 0.865824
10255 0.899372
10256 0.912764
10257 0.849741
10258 0.887039
10259 0.696335
10260 0.925937
10261 0.860529
10262 0.837783
10263 0.845413
10264 0.901946
10265 0.678341
10266 0.751366
10267 0.750131
10268 0.752747
10269 0.878485
10270 0.83064
10271 0.889629
10272 0.884015
10273 0.704715
10274 0.733422
10275 0.89395
10276 0.8844
10277 0.809675
10278 0.785573
10279 0.912993
10280 0.84924
10281 0.650101
10282 0.942919
10283 0.576932
10284 0.901712
10285 0.798863
10286 0.910593
10287 0.793854
10288 0.964282
10289 0.863264
10290 0.897503
10291 0.852419
10292 0.910668
10293 0.987069
10294 0.892966
10295 0.767443
10296 0.893528
10297 0.809806
10298 0.826575
10299 0.934584
10300 0.901872
10301 0.906597
10302 0.891717
10303 0.916127
10304 0.831369
10305 0.80945
10306 0.705068
10307 0.826314
10308 0.852827
10309 0.808685
10310 0.926008
10311 0.612624
10312 0.988526
10313 0.830714
10314 0.890413
10315 0.889081
10316 0.82964
10317 0.93268
10318 0.771487
10319 0.844274
10320 0.899609
10321 0.851543
10322 0.919335
10323 0.904555
10324 0.661717
10325 0.956702
10326 0.881268
10327 0.691158
10328 0.911709
10329 0.814174
10330 0.89453
10331 0.864283
10332 0.938226
10333 0.950688
10334 0.977399
10335 0.891539
10336 0.809288
10337 0.829546
10338 0.827228
10339 0.931626
10340 0.886567
10341 0.98195
10342 0.790592
10343 0.960015
10344 0.964688
10345 0.730353
10346 0.855442
10347 0.731138
10348 0.844244
10349 0.840201
10350 0.844544
10351 0.817617
10352 0.839126
10353 0.811374
10354 0.858986
10355 0.862726
10356 0.871372
10357 0.738038
10358 0.843346
10359 0.821792
10360 0.835435
10361 0.802914
10362 0.8282
10363 0.846425
10364 0.838968
10365 0.886158
10366 0.840242
10367 0.836091
10368 0.869347
10369 0.812795
10370 0.648789
10371 0.90834
10372 0.72759
10373 0.706489
10374 0.867425
10375 0.779115
10376 0.888722
10377 0.711158
10378 0.865604
10379 0.673633
10380 0.848202
10381 0.880531
10382 0.972014
10383 0.883147
10384 0.877678
10385 0.601611
10386 0.918307
10387 0.74007
10388 0.724334
10389 0.765422
10390 0.843422
10391 0.630731
10392 0.886316
10393 0.811195
10394 0.890314
10395 0.716008
10396 0.739007
10397 0.90419
10398 0.865197
10399 0.588562
10400 0.784347
10401 0.920886
10402 0.755028
10403 0.816745
10404 0.924421
10405 0.886857
10406 0.906525
10407 0.866065
10408 0.922206
10409 0.920152
10410 0.85499
10411 0.805359
10412 0.821108
10413 0.856964
10414 0.87044
10415 0.799736
10416 0.864611
10417 0.824072
10418 0.834518
10419 0.793026
10420 0.775295
10421 0.879503
10422 0.863433
10423 0.859157
10424 0.836555
10425 0.905826
10426 0.92433
10427 0.920246
10428 0.855252
10429 0.879065
10430 0.829604
10431 0.921918
10432 0.866116
10433 0.886087
10434 0.873751
10435 0.875948
10436 0.8889
10437 0.862229
10438 0.940527
10439 0.83271
10440 0.769164
10441 0.786848
10442 0.762054
10443 0.86143
10444 0.862139
10445 0.868646
10446 0.896586
10447 0.873976
10448 0.881356
10449 0.880524
10450 0.913264
10451 0.81683
10452 0.847327
10453 0.842336
10454 0.767853
10455 0.879444
10456 0.873061
10457 0.918945
10458 0.830346
10459 0.897221
10460 0.880179
10461 0.915777
10462 0.395985
10463 0.790366
10464 0.962999
10465 0.51176
10466 0.635462
10467 0.9307
10468 0.744885
10469 0.882509
10470 0.923905
10471 0.855141
10472 0.928742
10473 0.948437
10474 0.869064
10475 0.822519
10476 0.897374
10477 0.888318
10478 0.875621
10479 0.913633
10480 0.849625
10481 0.877103
10482 0.817194
10483 0.919551
10484 0.845177
10485 0.919115
10486 0.839851
10487 0.890998
10488 0.973997
10489 0.825825
10490 0.917113
10491 0.855301
10492 0.769242
10493 0.92539
10494 0.907208
10495 0.884828
10496 0.844926
10497 0.904954
10498 0.861685
10499 0.876041
10500 0.918693
10501 0.922918
10502 0.886385
10503 0.876625
10504 0.913091
10505 0.866112
10506 0.857491
10507 0.891135
10508 0.826449
10509 0.842937
10510 0.84191
10511 0.809206
10512 0.87953
10513 0.828749
10514 0.850414
10515 0.907411
10516 0.918294
10517 0.916948
10518 0.927579
10519 0.895936
10520 0.76109
10521 0.753565
10522 0.786926
10523 0.805909
10524 0.655525
10525 0.789244
10526 0.635738
10527 0.821447
10528 0.786587
10529 0.831006
10530 0.916163
10531 0.899232
10532 0.873841
10533 0.919623
10534 0.890765
10535 0.945632
10536 0.968638
10537 0.826338
10538 0.91975
10539 0.833071
10540 0.899615
10541 0.760891
10542 0.820625
10543 0.923901
10544 0.804402
10545 0.712663
10546 0.932354
10547 0.850354
10548 0.689002
10549 0.910328
10550 0.841138
10551 0.95554
10552 0.90978
10553 0.923483
10554 0.91005
10555 0.832367
10556 0.903658
10557 0.876524
10558 0.914784
10559 0.893771
10560 0.755121
10561 0.674982
10562 0.872269
10563 0.877305
10564 0.859012
10565 0.836259
10566 0.822839
10567 0.780216
10568 0.824153
10569 0.843708
10570 0.847628
10571 0.800129
10572 0.811547
10573 0.849944
10574 0.782324
10575 0.877385
10576 0.795721
10577 0.862214
10578 0.866473
10579 0.899594
10580 0.862603
10581 0.874845
10582 0.887827
10583 0.860209
10584 0.903851
10585 0.878474
10586 0.907721
10587 0.904374
10588 0.795507
10589 0.899431
10590 0.836116
10591 0.762223
10592 0.807117
10593 0.693805
10594 0.869047
10595 0.864053
10596 0.838812
10597 0.914862
10598 0.72722
10599 0.907893
10600 0.764971
10601 0.88327
10602 0.923864
10603 0.845915
10604 0.892853
10605 0.922713
10606 0.865711
10607 0.850643
10608 0.868732
10609 0.910458
10610 0.87095
10611 0.869138
10612 0.796059
10613 0.908412
10614 0.882388
10615 0.866159
10616 0.838705
10617 0.87664
10618 0.892874
10619 0.839552
10620 0.89669
10621 0.91714
10622 0.892407
10623 0.879616
10624 0.906047
10625 0.846105
10626 0.820787
10627 0.879487
10628 0.875394
10629 0.714097
10630 0.802285
10631 0.89923
10632 0.925553
10633 0.893527
10634 0.909605
10635 0.913886
10636 0.928259
10637 0.883798
10638 0.788304
10639 0.831516
10640 0.909194
10641 0.849966
10642 0.695318
10643 0.82578
10644 0.815232
10645 0.844537
10646 0.897355
10647 0.916232
10648 0.891281
10649 0.912271
10650 0.902733
10651 0.836711
10652 0.860619
10653 0.835329
10654 0.752427
10655 0.868286
10656 0.760137
10657 0.799163
10658 0.929119
10659 0.875143
10660 0.926711
10661 0.90324
10662 0.899231
10663 0.832311
10664 0.91492
10665 0.917641
10666 0.899371
10667 0.881546
10668 0.904683
10669 0.894074
10670 0.901233
10671 0.813411
10672 0.808985
10673 0.770704
10674 0.883306
10675 0.888957
10676 0.88797
10677 0.846802
10678 0.903985
10679 0.885861
10680 0.827656
10681 0.969912
10682 0.944129
10683 0.884191
10684 0.874407
10685 0.781047
10686 0.895866
10687 0.454321
10688 0.93208
10689 0.98844
10690 0.972824
10691 0.896975
10692 0.700529
10693 0.839953
10694 0.939569
10695 0.836685
10696 0.816908
10697 0.934946
10698 0.926823
10699 0.758089
10700 0.715364
10701 0.917506
10702 0.834186
10703 0.90222
10704 0.947291
10705 0.904797
10706 0.74722
10707 0.924726
10708 0.795061
10709 0.932027
10710 0.906793
10711 0.893803
10712 0.913612
10713 0.886236
10714 0.861243
10715 0.894445
10716 0.877144
10717 0.908214
10718 0.885194
10719 0.737577
10720 0.809561
10721 0.910049
10722 0.956791
10723 0.777214
10724 0.900344
10725 0.918688
10726 0.775341
10727 0.837561
10728 0.768496
10729 0.912609
10730 0.850147
10731 0.873692
10732 0.928423
10733 0.870251
10734 0.768799
10735 0.843132
10736 0.964366
10737 0.896318
10738 0.884397
10739 0.866631
10740 0.932518
10741 0.855114
10742 0.55312
10743 0.790939
10744 0.696861
10745 0.907175
10746 0.918488
10747 0.894918
10748 0.919305
10749 0.912463
10750 0.937676
10751 0.934335
10752 0.901905
10753 0.866324
10754 0.851421
10755 0.476817
10756 0.85332
10757 0.856943
10758 0.784819
10759 0.536157
10760 0.45234
10761 0.870113
10762 0.454014
10763 0.854053
10764 0.84193
10765 0.79693
10766 0.831649
10767 0.457804
10768 0.5059
10769 0.853367
10770 0.86688
10771 0.492703
10772 0.494383
10773 0.497793
10774 0.728479
10775 0.844592
10776 0.847646
10777 0.440555
10778 0.53723
10779 0.887705
10780 0.551483
10781 0.856773
10782 0.786285
10783 0.811867
10784 0.459721
10785 0.454276
10786 0.879824
10787 0.838324
10788 0.803165
10789 0.891189
10790 0.815697
10791 0.836026
10792 0.808499
10793 0.879023
10794 0.857015
10795 0.837219
10796 0.90486
10797 0.69045
10798 0.887371
10799 0.951408
10800 0.882694
10801 0.880112
10802 0.940138
10803 0.941916
10804 0.900329
10805 0.926245
10806 0.633251
10807 0.747838
10808 0.463405
10809 0.692417
10810 0.678189
10811 0.691723
10812 0.867859
10813 0.723571
10814 0.585743
10815 0.517571
10816 0.582214
10817 0.529994
10818 0.605616
10819 0.646435
10820 0.845878
10821 0.843908
10822 0.811005
10823 0.556616
10824 0.670521
10825 0.716247
10826 0.537191
10827 0.642744
10828 0.498308
10829 0.624297
10830 0.62051
10831 0.903176
10832 0.881587
10833 0.887697
10834 0.721275
10835 0.701207
10836 0.492106
10837 0.852955
10838 0.742468
10839 0.529366
10840 0.595517
10841 0.720959
10842 0.533646
10843 0.454417
10844 0.444823
10845 0.587244
10846 0.824635
10847 0.715526
10848 0.844146
10849 0.583642
10850 0.918241
10851 0.504359
10852 0.628953
10853 0.799636
10854 0.659878
10855 0.555431
10856 0.552704
10857 0.844124
10858 0.667622
10859 0.709294
10860 0.866906
10861 0.851998
10862 0.798272
10863 0.573084
10864 0.714402
10865 0.507128
10866 0.76648
10867 0.874652
10868 0.610004
10869 0.786434
10870 0.623327
10871 0.791915
10872 0.639309
10873 0.606537
10874 0.609717
10875 0.679726
10876 0.871162
10877 0.765508
10878 0.948282
10879 0.930318
10880 0.932035
10881 0.937584
10882 0.876309
10883 0.933167
10884 0.897651
10885 0.989293
10886 0.985444
10887 0.928597
10888 0.931696
10889 0.950792
10890 0.932311
10891 0.959965
10892 0.978799
10893 0.985833
10894 0.930718
10895 0.80694
10896 0.980797
10897 0.913726
10898 0.862323
10899 0.74356
10900 0.941539
10901 0.687675
10902 0.889556
10903 0.896509
10904 0.877864
10905 0.728321
10906 0.809628
10907 0.97746
10908 0.956289
10909 0.978352
10910 0.977539
10911 0.750423
10912 0.974072
10913 0.900442
10914 0.933673
10915 0.994583
10916 0.996079
10917 0.991086
10918 0.885517
10919 0.934492
10920 0.917072
10921 0.916929
10922 0.890465
10923 0.961473
10924 0.967667
10925 0.924401
10926 0.934
10927 0.811634
10928 0.987686
10929 0.929167
10930 0.921595
10931 0.862081
10932 0.830456
10933 0.879507
10934 0.940524
10935 0.756151
10936 0.935903
10937 0.942497
10938 0.939221
10939 0.887548
10940 0.973249
10941 0.965802
10942 0.948022
10943 0.810417
10944 0.941953
10945 0.933647
10946 0.746178
10947 0.910674
10948 0.910132
10949 0.863998
10950 0.922053
10951 0.939305
10952 0.956596
10953 0.934151
10954 0.756999
10955 0.880765
10956 0.692995
10957 0.938767
10958 0.934785
10959 0.798173
10960 0.906507
10961 0.933269
10962 0.749593
10963 0.964819
10964 0.752595
10965 0.93867
10966 0.933061
10967 0.714012
10968 0.995013
10969 0.905942
10970 0.931755
10971 0.92532
10972 0.970943
10973 0.621377
10974 0.966139
10975 0.877856
10976 0.95568
10977 0.700496
10978 0.913447
10979 0.885341
10980 0.904273
10981 0.862286
10982 0.974017
10983 0.993807
10984 0.876228
10985 0.887028
10986 0.943219
10987 0.899735
10988 0.987155
10989 0.756988
10990 0.997504
10991 0.974916
10992 0.989173
10993 0.979098
10994 0.769207
10995 0.856741
10996 0.949605
10997 0.963093
10998 0.944486
10999 0.842541
11000 0.908068
11001 0.962229
11002 0.748679
11003 0.925202
11004 0.876631
11005 0.888213
11006 0.9622
11007 0.746011
11008 0.869426
11009 0.885021
11010 0.973245
11011 0.992146
11012 0.936815
11013 0.837839
11014 0.959985
11015 0.794888
11016 0.96458
11017 0.919856
11018 0.978425
11019 0.785773
11020 0.851281
11021 0.959708
11022 0.964528
11023 0.921307
11024 0.721139
11025 0.90288
11026 0.868119
11027 0.752629
11028 0.987274
11029 0.975073
11030 0.869468
11031 0.732052
11032 0.841197
11033 0.886777
11034 0.980713
11035 0.894516
11036 0.968062
11037 0.901565
11038 0.963137
11039 0.787036
11040 0.967781
11041 0.951294
11042 0.959208
11043 0.979911
11044 0.878331
11045 0.952118
11046 0.952015
11047 0.895103
11048 0.975101
11049 0.744696
11050 0.773254
11051 0.892192
11052 0.946231
11053 0.963573
11054 0.979099
11055 0.96884
11056 0.9031
11057 0.85608
11058 0.957446
11059 0.92039
11060 0.889779
11061 0.810209
11062 0.951317
11063 0.869975
11064 0.983991
11065 0.891062
11066 0.93679
11067 0.814502
11068 0.948705
11069 0.937795
11070 0.822584
11071 0.926604
11072 0.906305
11073 0.983684
11074 0.977767
11075 0.969463
11076 0.785152
11077 0.913236
11078 0.985951
11079 0.779621
11080 0.928636
11081 0.947569
11082 0.895347
11083 0.994631
11084 0.834663
11085 0.947882
11086 0.929465
11087 0.988602
11088 0.871392
11089 0.961401
11090 0.884462
11091 0.920564
11092 0.938069
11093 0.974167
11094 0.917092
11095 0.910648
11096 0.976072
11097 0.929663
11098 0.912741
11099 0.98101
11100 0.977723
11101 0.830846
11102 0.989342
11103 0.805198
11104 0.903973
11105 0.851589
11106 0.779988
11107 0.889469
11108 0.916719
11109 0.97502
11110 0.957636
11111 0.903791
11112 0.836588
11113 0.958381
11114 0.810634
11115 0.818185
11116 0.933983
11117 0.884354
11118 0.981544
11119 0.850782
11120 0.941801
11121 0.960168
11122 0.931161
11123 0.94153
11124 0.971702
11125 0.602966
11126 0.860189
11127 0.912813
11128 0.593822
11129 0.930979
11130 0.904865
11131 0.967526
11132 0.939474
11133 0.8737
11134 0.95111
11135 0.924891
11136 0.93922
11137 0.987741
11138 0.934648
11139 0.806802
11140 0.950672
11141 0.90348
11142 0.821415
11143 0.781945
11144 0.939315
11145 0.679969
11146 0.695354
11147 0.717223
11148 0.895338
11149 0.959514
11150 0.881088
11151 0.974
11152 0.671456
11153 0.666901
11154 0.86417
11155 0.903927
11156 0.751986
11157 0.923894
11158 0.935362
11159 0.825972
11160 0.938748
11161 0.867555
11162 0.966652
11163 0.928412
11164 0.90894
11165 0.716681
11166 0.947397
11167 0.816362
11168 0.864466
11169 0.906964
11170 0.905175
11171 0.966458
11172 0.919931
11173 0.862465
11174 0.972261
11175 0.991651
11176 0.929503
11177 0.914125
11178 0.636078
11179 0.787808
11180 0.928516
11181 0.905635
11182 0.619451
11183 0.760475
11184 0.866297
11185 0.897974
11186 0.993139
11187 0.928656
11188 0.731632
11189 0.991082
11190 0.735944
11191 0.794878
11192 0.907237
11193 0.790627
11194 0.731461
11195 0.668118
11196 0.965548
11197 0.768783
11198 0.644991
11199 0.615813
11200 0.634466
11201 0.985317
11202 0.939988
11203 0.923548
11204 0.880157
11205 0.957719
11206 0.73648
11207 0.83309
11208 0.989741
11209 0.963409
11210 0.988453
11211 0.872064
11212 0.967082
11213 0.980084
11214 0.982947
11215 0.989279
11216 0.974595
11217 0.991256
11218 0.984128
11219 0.97483
11220 0.979841
11221 0.914529
11222 0.894675
11223 0.922247
11224 0.939005
11225 0.936664
11226 0.89817
11227 0.70277
11228 0.821694
11229 0.706234
11230 0.93023
11231 0.707671
11232 0.859275
11233 0.792549
11234 0.831997
11235 0.778367
11236 0.740778
11237 0.904847
11238 0.862024
11239 0.900057
11240 0.975178
11241 0.839608
11242 0.862686
11243 0.600142
11244 0.968564
11245 0.980115
11246 0.947503
11247 0.974894
11248 0.952554
11249 0.818933
11250 0.989275
11251 0.66042
11252 0.943433
11253 0.872845
11254 0.984443
11255 0.889271
11256 0.976991
11257 0.965245
11258 0.992473
11259 0.658789
11260 0.698558
11261 0.985524
11262 0.896303
11263 0.839658
11264 0.83462
11265 0.914798
11266 0.963834
11267 0.786368
11268 0.910807
11269 0.87415
11270 0.785497
11271 0.681579
11272 0.932655
11273 0.778228
11274 0.879978
11275 0.914677
11276 0.990238
11277 0.819323
11278 0.925945
11279 0.84623
11280 0.9251
11281 0.954387
11282 0.894155
11283 0.649449
11284 0.679128
11285 0.846627
11286 0.671062
11287 0.516673
11288 0.652988
11289 0.775451
11290 0.917343
11291 0.886928
11292 0.905749
11293 0.918438
11294 0.641166
11295 0.626271
11296 0.720539
11297 0.864368
11298 0.759665
11299 0.98217
11300 0.857644
11301 0.986001
11302 0.923309
11303 0.834912
11304 0.891363
11305 0.683547
11306 0.764416
11307 0.937788
11308 0.889641
11309 0.994164
11310 0.740138
11311 0.763581
11312 0.712849
11313 0.930882
11314 0.860565
11315 0.725009
11316 0.876846
11317 0.464241
11318 0.93944
11319 0.950979
11320 0.804435
11321 0.834968
11322 0.826256
11323 0.932316
11324 0.694483
11325 0.566318
11326 0.95971
11327 0.781378
11328 0.857505
11329 0.89785
11330 0.886747
11331 0.973452
11332 0.841406
11333 0.736248
11334 0.839363
11335 0.895781
11336 0.938722
11337 0.888153
11338 0.878406
11339 0.987527
11340 0.846517
11341 0.870314
11342 0.985746
11343 0.871487
11344 0.986269
11345 0.894424
11346 0.83606
11347 0.806522
11348 0.916617
11349 0.881543
11350 0.863932
11351 0.966387
11352 0.699319
11353 0.832131
11354 0.966254
11355 0.823243
11356 0.652839
11357 0.644015
11358 0.761953
11359 0.994089
11360 0.91228
11361 0.835206
11362 0.992105
11363 0.884799
11364 0.957255
11365 0.853836
11366 0.92365
11367 0.736456
11368 0.937176
11369 0.982513
11370 0.598657
11371 0.631534
11372 0.912644
11373 0.634819
11374 0.695765
11375 0.940838
11376 0.888797
11377 0.87068
11378 0.848998
11379 0.891734
11380 0.933371
11381 0.864936
11382 0.972022
11383 0.940684
11384 0.983649
11385 0.703764
11386 0.993896
11387 0.957835
11388 0.733406
11389 0.747531
11390 0.905188
11391 0.684595
11392 0.633257
11393 0.879818
11394 0.651283
11395 0.760589
11396 0.901179
11397 0.791342
11398 0.863345
11399 0.936734
11400 0.769756
11401 0.922628
11402 0.806632
11403 0.968011
11404 0.712209
11405 0.682912
11406 0.650063
11407 0.942927
11408 0.962836
11409 0.977266
11410 0.964821
11411 0.988999
11412 0.92255
11413 0.853695
11414 0.857335
11415 0.907507
11416 0.827621
11417 0.913682
11418 0.913489
11419 0.884288
11420 0.844201
11421 0.884757
11422 0.891008
11423 0.867769
11424 0.853498
11425 0.986625
11426 0.635992
11427 0.798746
11428 0.913395
11429 0.71951
11430 0.915078
11431 0.738983
11432 0.802778
11433 0.701779
11434 0.888112
11435 0.928476
11436 0.850794
11437 0.926531
11438 0.926034
11439 0.969393
11440 0.935205
11441 0.939823
11442 0.951234
11443 0.924873
11444 0.93708
11445 0.944494
11446 0.974316
11447 0.845483
11448 0.980808
11449 0.943973
11450 0.982784
11451 0.912488
11452 0.975076
11453 0.98698
11454 0.661723
11455 0.765351
11456 0.88026
11457 0.882875
11458 0.93928
11459 0.95577
11460 0.955096
11461 0.906628
11462 0.727859
11463 0.895376
11464 0.947244
11465 0.878926
11466 0.977197
11467 0.967295
11468 0.994375
11469 0.989399
11470 0.998638
11471 0.865641
11472 0.884679
11473 0.940242
11474 0.958235
11475 0.937321
11476 0.898754
11477 0.858172
11478 0.898544
11479 0.859281
11480 0.983128
11481 0.773885
11482 0.813029
11483 0.799535
11484 0.760811
11485 0.90525
11486 0.927501
11487 0.939077
11488 0.659483
11489 0.796462
11490 0.925111
11491 0.953225
11492 0.830676
11493 0.982217
11494 0.791671
11495 0.963426
11496 0.907972
11497 0.924063
11498 0.870651
11499 0.955613
11500 0.896752
11501 0.84573
11502 0.933978
11503 0.945219
11504 0.961441
11505 0.923148
11506 0.926193
11507 0.979416
11508 0.929614
11509 0.98267
11510 0.958959
11511 0.985441
11512 0.792333
11513 0.91412
11514 0.927848
11515 0.846023
11516 0.948438
11517 0.90074
11518 0.927345
11519 0.953988
11520 0.819481
11521 0.94286
11522 0.909531
11523 0.983792
11524 0.790493
11525 0.950353
11526 0.959457
11527 0.910008
11528 0.840879
11529 0.865217
11530 0.910605
11531 0.922206
11532 0.847003
11533 0.746812
11534 0.954265
11535 0.97654
11536 0.869305
11537 0.971995
11538 0.915315
11539 0.92149
11540 0.980142
11541 0.510077
11542 0.977233
11543 0.975383
11544 0.992901
11545 0.977853
11546 0.985572
11547 0.964198
11548 0.996405
11549 0.983829
11550 0.981293
11551 0.931427
11552 0.928637
11553 0.868851
11554 0.872758
11555 0.894925
11556 0.856696
11557 0.838675
11558 0.965613
11559 0.929435
11560 0.944087
11561 0.74817
11562 0.858746
11563 0.908895
11564 0.954464
11565 0.974057
11566 0.933267
11567 0.982061
11568 0.890921
11569 0.91352
11570 0.920981
11571 0.889276
11572 0.832576
11573 0.685587
11574 0.820728
11575 0.841078
11576 0.930422
11577 0.934856
11578 0.823143
11579 0.90809
11580 0.621494
11581 0.897162
11582 0.89867
11583 0.963883
11584 0.928945
11585 0.80164
11586 0.967084
11587 0.884786
11588 0.956013
11589 0.934426
11590 0.926237
11591 0.671888
11592 0.896463
11593 0.707909
11594 0.879748
11595 0.866154
11596 0.864932
11597 0.938877
11598 0.986578
11599 0.935039
11600 0.861158
11601 0.754988
11602 0.889917
11603 0.95693
11604 0.883373
11605 0.809333
11606 0.980628
11607 0.898801
11608 0.890528
11609 0.87485
11610 0.838015
11611 0.766487
11612 0.750105
11613 0.825333
11614 0.951849
11615 0.853901
11616 0.837265
11617 0.98415
11618 0.944072
11619 0.874122
11620 0.971367
11621 0.919122
11622 0.756125
11623 0.800711
11624 0.892475
11625 0.645644
11626 0.914611
11627 0.917943
11628 0.90426
11629 0.866298
11630 0.927766
11631 0.933347
11632 0.911124
11633 0.668032
11634 0.920741
11635 0.936766
11636 0.918496
11637 0.770473
11638 0.885659
11639 0.928598
11640 0.847051
11641 0.921711
11642 0.864876
11643 0.846589
11644 0.980716
11645 0.826404
11646 0.674189
11647 0.842306
11648 0.871087
11649 0.878676
11650 0.808739
11651 0.920928
11652 0.770347
11653 0.912782
11654 0.843412
11655 0.853441
11656 0.922522
11657 0.719614
11658 0.815953
11659 0.885327
11660 0.93151
11661 0.876495
11662 0.974456
11663 0.894344
11664 0.858297
11665 0.835149
11666 0.912919
11667 0.832366
11668 0.752151
11669 0.893215
11670 0.797313
11671 0.762392
11672 0.790658
11673 0.844131
11674 0.70917
11675 0.707668
11676 0.921423
11677 0.925161
11678 0.914558
11679 0.885001
11680 0.831467
11681 0.827352
11682 0.867888
11683 0.885603
11684 0.920271
11685 0.913656
11686 0.927531
11687 0.948198
11688 0.933803
11689 0.927151
11690 0.81802
11691 0.891623
11692 0.832899
11693 0.883013
11694 0.812913
11695 0.902674
11696 0.841489
11697 0.964092
11698 0.898322
11699 0.746601
11700 0.94304
11701 0.746582
11702 0.851525
11703 0.826644
11704 0.924629
11705 0.751831
11706 0.869833
11707 0.757813
11708 0.668807
11709 0.914607
11710 0.936599
11711 0.968531
11712 0.851128
11713 0.894304
11714 0.813092
11715 0.851938
11716 0.838037
11717 0.820649
11718 0.834836
11719 0.895693
11720 0.910141
11721 0.935018
11722 0.890049
11723 0.784406
11724 0.827692
11725 0.953836
11726 0.824385
11727 0.922105
11728 0.936841
11729 0.720145
11730 0.883291
11731 0.868546
11732 0.877095
11733 0.945097
11734 0.963856
11735 0.880294
11736 0.810419
11737 0.916031
11738 0.935732
11739 0.875952
11740 0.622855
11741 0.915966
11742 0.935623
11743 0.880206
11744 0.89309
11745 0.767812
11746 0.836022
11747 0.866495
11748 0.925155
11749 0.951258
11750 0.929461
11751 0.872183
11752 0.896651
11753 0.848651
11754 0.954205
11755 0.894045
11756 0.668464
11757 0.894349
11758 0.935994
11759 0.911128
11760 0.748836
11761 0.899941
11762 0.930588
11763 0.881205
11764 0.908533
11765 0.936523
11766 0.89077
11767 0.909452
11768 0.798681
11769 0.938626
11770 0.934989
11771 0.722547
11772 0.90621
11773 0.90115
11774 0.901526
11775 0.950936
11776 0.921081
11777 0.88661
11778 0.91672
11779 0.932244
11780 0.871429
11781 0.93303
11782 0.625794
11783 0.952512
11784 0.907244
11785 0.951031
11786 0.89275
11787 0.788128
11788 0.780786
11789 0.92795
11790 0.92159
11791 0.737792
11792 0.963444
11793 0.852339
11794 0.849896
11795 0.909901
11796 0.599429
11797 0.925436
11798 0.950814
11799 0.861022
11800 0.785189
11801 0.975918
11802 0.837959
11803 0.674509
11804 0.882622
11805 0.786457
11806 0.820218
11807 0.898606
11808 0.821104
11809 0.918388
11810 0.874507
11811 0.924518
11812 0.831268
11813 0.673735
11814 0.893339
11815 0.736718
11816 0.615143
11817 0.92271
11818 0.852697
11819 0.942946
11820 0.890943
11821 0.891095
11822 0.845773
11823 0.844014
11824 0.871778
11825 0.575183
11826 0.928882
11827 0.847232
11828 0.985261
11829 0.858561
11830 0.795338
11831 0.967144
11832 0.932131
11833 0.930471
11834 0.792499
11835 0.862887
11836 0.792133
11837 0.944536
11838 0.793811
11839 0.884831
11840 0.93162
11841 0.917863
11842 0.975963
11843 0.918654
11844 0.838127
11845 0.858799
11846 0.909612
11847 0.915486
11848 0.856586
11849 0.946639
11850 0.941505
11851 0.814462
11852 0.79851
11853 0.928723
11854 0.914966
11855 0.692981
11856 0.950326
11857 0.90681
11858 0.888407
11859 0.901063
11860 0.918211
11861 0.811291
11862 0.939311
11863 0.844053
11864 0.956966
11865 0.936005
11866 0.736017
11867 0.977667
11868 0.93924
11869 0.762689
11870 0.827092
11871 0.873839
11872 0.8733
11873 0.791395
11874 0.93652
11875 0.876159
11876 0.843506
11877 0.927769
11878 0.907756
11879 0.893168
11880 0.925047
11881 0.807676
11882 0.734527
11883 0.750524
11884 0.973622
11885 0.85805
11886 0.922966
11887 0.859337
11888 0.818456
11889 0.849455
11890 0.872317
11891 0.842948
11892 0.931689
11893 0.889719
11894 0.808855
11895 0.871802
11896 0.951112
11897 0.80891
11898 0.81277
11899 0.922316
11900 0.884839
11901 0.700299
11902 0.877335
11903 0.843592
11904 0.854144
11905 0.898682
11906 0.820364
11907 0.881653
11908 0.872077
11909 0.959137
11910 0.914621
11911 0.866349
11912 0.789002
11913 0.82352
11914 0.943895
11915 0.827807
11916 0.897565
11917 0.979582
11918 0.888416
11919 0.854095
11920 0.959486
11921 0.832321
11922 0.930132
11923 0.88465
11924 0.841506
11925 0.860484
11926 0.8479
11927 0.887046
11928 0.973387
11929 0.866517
11930 0.88798
11931 0.959512
11932 0.882185
11933 0.956903
11934 0.815871
11935 0.875621
11936 0.889538
11937 0.817539
11938 0.889695
11939 0.882283
11940 0.966691
11941 0.923588
11942 0.819609
11943 0.923807
11944 0.798021
11945 0.925994
11946 0.893959
11947 0.92629
11948 0.809269
11949 0.92913
11950 0.866901
11951 0.858241
11952 0.830078
11953 0.910121
11954 0.974853
11955 0.859761
11956 0.915485
11957 0.819816
11958 0.686002
11959 0.964662
11960 0.880777
11961 0.880113
11962 0.923811
11963 0.917095
11964 0.909205
11965 0.913414
11966 0.883175
11967 0.977716
11968 0.89849
11969 0.879789
11970 0.937467
11971 0.868696
11972 0.934883
11973 0.780245
11974 0.942996
11975 0.80889
11976 0.910445
11977 0.875992
11978 0.875637
11979 0.869665
11980 0.888223
11981 0.950833
11982 0.936409
11983 0.903891
11984 0.975022
11985 0.846199
11986 0.968754
11987 0.895645
11988 0.910577
11989 0.909106
11990 0.761462
11991 0.92314
11992 0.921359
11993 0.915909
11994 0.679623
11995 0.728196
11996 0.885161
11997 0.902007
11998 0.821432
11999 0.851814
12000 0.911207
12001 0.844179
12002 0.937811
12003 0.832887
12004 0.888994
12005 0.964086
12006 0.88278
12007 0.946676
12008 0.859564
12009 0.868018
12010 0.884381
12011 0.965615
12012 0.944245
12013 0.87562
12014 0.956364
12015 0.913026
12016 0.781374
12017 0.829007
12018 0.838788
12019 0.77391
12020 0.886503
12021 0.886009
12022 0.92817
12023 0.922363
12024 0.804114
12025 0.968274
12026 0.877786
12027 0.721509
12028 0.940904
12029 0.982993
12030 0.906482
12031 0.871299
12032 0.962466
12033 0.956978
12034 0.917071
12035 0.617879
12036 0.811589
12037 0.910942
12038 0.886312
12039 0.953854
12040 0.906534
12041 0.956175
12042 0.894618
12043 0.920782
12044 0.959778
12045 0.857036
12046 0.855846
12047 0.937289
12048 0.948676
12049 0.984357
12050 0.962217
12051 0.895051
12052 0.940304
12053 0.850727
12054 0.854832
12055 0.979757
12056 0.846303
12057 0.91402
12058 0.918462
12059 0.902742
12060 0.840542
12061 0.866519
12062 0.910719
12063 0.818199
12064 0.857383
12065 0.791583
12066 0.767571
12067 0.949637
12068 0.816227
12069 0.858089
12070 0.763364
12071 0.936311
12072 0.962145
12073 0.821665
12074 0.952156
12075 0.892737
12076 0.917482
12077 0.876053
12078 0.893495
12079 0.934816
12080 0.842788
12081 0.895725
12082 0.865636
12083 0.707126
12084 0.901799
12085 0.852116
12086 0.910036
12087 0.936676
12088 0.922314
12089 0.886422
12090 0.936205
12091 0.929564
12092 0.762441
12093 0.817797
12094 0.924577
12095 0.937738
12096 0.942287
12097 0.798782
12098 0.936683
12099 0.782619
12100 0.940501
12101 0.918969
12102 0.933418
12103 0.898182
12104 0.833171
12105 0.643541
12106 0.753098
12107 0.91984
12108 0.923361
12109 0.813133
12110 0.854868
12111 0.89885
12112 0.97156
12113 0.827453
12114 0.856845
12115 0.936026
12116 0.964856
12117 0.867309
12118 0.825514
12119 0.788517
12120 0.979306
12121 0.818628
12122 0.878504
12123 0.915718
12124 0.871089
12125 0.805693
12126 0.898631
12127 0.977957
12128 0.897286
12129 0.87819
12130 0.96466
12131 0.833685
12132 0.821516
12133 0.971017
12134 0.780907
12135 0.946707
12136 0.861854
12137 0.77734
12138 0.863553
12139 0.796329
12140 0.853774
12141 0.954379
12142 0.906427
12143 0.966977
12144 0.894145
12145 0.959073
12146 0.946838
12147 0.929363
12148 0.928021
12149 0.815734
12150 0.924637
12151 0.702164
12152 0.937243
12153 0.834329
12154 0.869751
12155 0.912617
12156 0.966151
12157 0.942262
12158 0.886834
12159 0.930686
12160 0.897914
12161 0.882917
12162 0.936352
12163 0.899211
12164 0.936078
12165 0.960862
12166 0.882098
12167 0.945798
12168 0.811921
12169 0.905416
12170 0.960353
12171 0.851555
12172 0.848759
12173 0.693174
12174 0.853188
12175 0.928786
12176 0.848745
12177 0.970323
12178 0.859109
12179 0.954509
12180 0.870412
12181 0.88606
12182 0.942691
12183 0.921189
12184 0.924808
12185 0.847898
12186 0.841374
12187 0.601005
12188 0.898976
12189 0.968001
12190 0.92681
12191 0.895514
12192 0.862159
12193 0.785461
12194 0.756499
12195 0.961328
12196 0.922394
12197 0.951062
12198 0.833388
12199 0.864087
12200 0.848139
12201 0.955901
12202 0.842056
12203 0.822721
12204 0.868486
12205 0.834205
12206 0.856438
12207 0.870648
12208 0.897907
12209 0.838728
12210 0.861193
12211 0.914242
12212 0.820134
12213 0.79574
12214 0.765003
12215 0.914748
12216 0.938853
12217 0.955846
12218 0.889827
12219 0.87653
12220 0.801854
12221 0.865448
12222 0.763122
12223 0.917098
12224 0.955598
12225 0.795944
12226 0.851529
12227 0.829025
12228 0.881726
12229 0.888002
12230 0.898573
12231 0.916932
12232 0.832231
12233 0.920367
12234 0.95037
12235 0.965645
12236 0.915306
12237 0.933579
12238 0.842817
12239 0.867193
12240 0.859611
12241 0.773475
12242 0.889436
12243 0.961961
12244 0.834102
12245 0.812542
12246 0.884735
12247 0.929222
12248 0.963751
12249 0.939825
12250 0.939331
12251 0.841151
12252 0.860806
12253 0.860325
12254 0.970333
12255 0.899282
12256 0.896192
12257 0.759477
12258 0.95988
12259 0.955789
12260 0.948382
12261 0.77926
12262 0.92842
12263 0.956418
12264 0.897463
12265 0.873773
12266 0.834737
12267 0.775706
12268 0.944264
12269 0.849667
12270 0.842426
12271 0.823045
12272 0.86113
12273 0.914004
12274 0.856671
12275 0.968167
12276 0.854571
12277 0.844067
12278 0.892918
12279 0.958005
12280 0.975307
12281 0.906822
12282 0.893469
12283 0.856136
12284 0.883127
12285 0.968629
12286 0.981309
12287 0.907593
12288 0.826803
12289 0.985413
12290 0.911681
12291 0.874161
12292 0.727142
12293 0.844457
12294 0.96675
12295 0.874251
12296 0.791021
12297 0.724518
12298 0.752946
12299 0.898208
12300 0.962066
12301 0.827535
12302 0.882473
12303 0.91183
12304 0.903719
12305 0.916721
12306 0.840075
12307 0.896194
12308 0.825819
12309 0.954523
12310 0.648505
12311 0.845019
12312 0.783159
12313 0.926267
12314 0.811623
12315 0.619806
12316 0.882584
12317 0.930086
12318 0.825968
12319 0.780309
12320 0.951479
12321 0.940252
12322 0.936785
12323 0.901248
12324 0.846288
12325 0.894454
12326 0.913476
12327 0.838971
12328 0.695413
12329 0.711939
12330 0.734714
12331 0.765296
12332 0.755905
12333 0.90387
12334 0.950461
12335 0.767345
12336 0.858866
12337 0.935637
12338 0.856106
12339 0.933371
12340 0.842782
12341 0.949199
12342 0.886798
12343 0.938104
12344 0.866585
12345 0.913741
12346 0.896091
12347 0.883492
12348 0.833888
12349 0.911168
12350 0.707809
12351 0.701243
12352 0.872165
12353 0.900095
12354 0.839627
12355 0.934894
12356 0.786693
12357 0.725175
12358 0.845074
12359 0.908672
12360 0.797997
12361 0.669482
12362 0.894211
12363 0.867157
12364 0.637914
12365 0.865732
12366 0.866102
12367 0.89318
12368 0.879903
12369 0.927537
12370 0.874441
12371 0.941124
12372 0.802111
12373 0.903923
12374 0.813871
12375 0.909824
12376 0.929669
12377 0.858637
12378 0.94063
12379 0.901958
12380 0.919657
12381 0.93993
12382 0.945819
12383 0.867682
12384 0.791545
12385 0.917449
12386 0.939246
12387 0.783888
12388 0.904546
12389 0.973763
12390 0.898016
12391 0.654151
12392 0.918294
12393 0.95343
12394 0.934575
12395 0.799367
12396 0.631114
12397 0.879763
12398 0.831062
12399 0.874211
12400 0.853039
12401 0.946268
12402 0.922202
12403 0.621757
12404 0.870365
12405 0.707275
12406 0.880736
12407 0.659121
12408 0.87112
12409 0.892478
12410 0.915099
12411 0.949266
12412 0.905391
12413 0.887146
12414 0.852457
12415 0.956247
12416 0.883148
12417 0.899257
12418 0.791956
12419 0.935618
12420 0.871655
12421 0.936618
12422 0.833639
12423 0.812802
12424 0.828
12425 0.949937
12426 0.882313
12427 0.640872
12428 0.914508
12429 0.846527
12430 0.799144
12431 0.908884
12432 0.953691
12433 0.896008
12434 0.904973
12435 0.889815
12436 0.886668
12437 0.819244
12438 0.801366
12439 0.817718
12440 0.931077
12441 0.819795
12442 0.889317
12443 0.840969
12444 0.864366
12445 0.779876
12446 0.809224
12447 0.652085
12448 0.82206
12449 0.777036
12450 0.897684
12451 0.805873
12452 0.936607
12453 0.784864
12454 0.804892
12455 0.94038
12456 0.87986
12457 0.866499
12458 0.939561
12459 0.845317
12460 0.970597
12461 0.865809
12462 0.873088
12463 0.876444
12464 0.892939
12465 0.863749
12466 0.92281
12467 0.858508
12468 0.767493
12469 0.667526
12470 0.804713
12471 0.875271
12472 0.763462
12473 0.907142
12474 0.921266
12475 0.719029
12476 0.853434
12477 0.703927
12478 0.768574
12479 0.785122
12480 0.725126
12481 0.835626
12482 0.85372
12483 0.952587
12484 0.867397
12485 0.951113
12486 0.798808
12487 0.932074
12488 0.879587
12489 0.891593
12490 0.904051
12491 0.895835
12492 0.895942
12493 0.850567
12494 0.873395
12495 0.932209
12496 0.920449
12497 0.80977
12498 0.836025
12499 0.925788
12500 0.871075
12501 0.903412
12502 0.798189
12503 0.950252
12504 0.827123
12505 0.932805
12506 0.8594
12507 0.903425
12508 0.79793
12509 0.970506
12510 0.824828
12511 0.96762
12512 0.877153
12513 0.868971
12514 0.882856
12515 0.903942
12516 0.987149
12517 0.90073
12518 0.822982
12519 0.944969
12520 0.941169
12521 0.944122
12522 0.921548
12523 0.902615
12524 0.756844
12525 0.941136
12526 0.734538
12527 0.6673
12528 0.94321
12529 0.894489
12530 0.915224
12531 0.97196
12532 0.862558
12533 0.832836
12534 0.921636
12535 0.696001
12536 0.884418
12537 0.899428
12538 0.748407
12539 0.845288
12540 0.759918
12541 0.960811
12542 0.78656
12543 0.908596
12544 0.914167
12545 0.898378
12546 0.669848
12547 0.858529
12548 0.77247
12549 0.928751
12550 0.95263
12551 0.925441
12552 0.788367
12553 0.982705
12554 0.853438
12555 0.858276
12556 0.908987
12557 0.855955
12558 0.934366
12559 0.833302
12560 0.963511
12561 0.869655
12562 0.786977
12563 0.903555
12564 0.931702
12565 0.933013
12566 0.893189
12567 0.862869
12568 0.896832
12569 0.8028
12570 0.910171
12571 0.895206
12572 0.860941
12573 0.861738
12574 0.896878
12575 0.677934
12576 0.873545
12577 0.849627
12578 0.96657
12579 0.830079
12580 0.876694
12581 0.850535
12582 0.890791
12583 0.900747
12584 0.870829
12585 0.869728
12586 0.745072
12587 0.965403
12588 0.82118
12589 0.923713
12590 0.850617
12591 0.650055
12592 0.855971
12593 0.860529
12594 0.900596
12595 0.831314
12596 0.916441
12597 0.788642
12598 0.808704
12599 0.904687
12600 0.901955
12601 0.797874
12602 0.929695
12603 0.934436
12604 0.810779
12605 0.962239
12606 0.9548
12607 0.808453
12608 0.780052
12609 0.910859
12610 0.894941
12611 0.745219
12612 0.929938
12613 0.815917
12614 0.819509
12615 0.777055
12616 0.661528
12617 0.627794
12618 0.829259
12619 0.911391
12620 0.955353
12621 0.525607
12622 0.881969
12623 0.656925
12624 0.762542
12625 0.930416
12626 0.830857
12627 0.742786
12628 0.731488
12629 0.862659
12630 0.961827
12631 0.763371
12632 0.895036
12633 0.822384
12634 0.95377
12635 0.812395
12636 0.829918
12637 0.94423
12638 0.887213
12639 0.82686
12640 0.927372
12641 0.858842
12642 0.890781
12643 0.792052
12644 0.855562
12645 0.967205
12646 0.600064
12647 0.941244
12648 0.864775
12649 0.910242
12650 0.860079
12651 0.701101
12652 0.59856
12653 0.723456
12654 0.875633
12655 0.90068
12656 0.687456
12657 0.815489
12658 0.834707
12659 0.842617
12660 0.832379
12661 0.805928
12662 0.763435
12663 0.934408
12664 0.903566
12665 0.842836
12666 0.857207
12667 0.893936
12668 0.906188
12669 0.716297
12670 0.680279
12671 0.936435
12672 0.931215
12673 0.751603
12674 0.825135
12675 0.904165
12676 0.751709
12677 0.834073
12678 0.864564
12679 0.846414
12680 0.877506
12681 0.95847
12682 0.953323
12683 0.674331
12684 0.73971
12685 0.830078
12686 0.98515
12687 0.764735
12688 0.848615
12689 0.915565
12690 0.909531
12691 0.866761
12692 0.876971
12693 0.877587
12694 0.804353
12695 0.903138
12696 0.945085
12697 0.919225
12698 0.858949
12699 0.664251
12700 0.921342
12701 0.795126
12702 0.932999
12703 0.906538
12704 0.879877
12705 0.736592
12706 0.774615
12707 0.806884
12708 0.898121
12709 0.826764
12710 0.918272
12711 0.864021
12712 0.889259
12713 0.851121
12714 0.890826
12715 0.852953
12716 0.753199
12717 0.853426
12718 0.834991
12719 0.771569
12720 0.836574
12721 0.865339
12722 0.882322
12723 0.709359
12724 0.881292
12725 0.880322
12726 0.841458
12727 0.977991
12728 0.853635
12729 0.855386
12730 0.915888
12731 0.882943
12732 0.591692
12733 0.828357
12734 0.919068
12735 0.830758
12736 0.882768
12737 0.903602
12738 0.64353
12739 0.709943
12740 0.783481
12741 0.815632
12742 0.683156
12743 0.71523
12744 0.945677
12745 0.786526
12746 0.948225
12747 0.728089
12748 0.828146
12749 0.788046
12750 0.738168
12751 0.903617
12752 0.957122
12753 0.916803
12754 0.87964
12755 0.939153
12756 0.939868
12757 0.894835
12758 0.860447
12759 0.892946
12760 0.972192
12761 0.919175
12762 0.918917
12763 0.864957
12764 0.841081
12765 0.857224
12766 0.930355
12767 0.856298
12768 0.86834
12769 0.800428
12770 0.872222
12771 0.925537
12772 0.765845
12773 0.871275
12774 0.770937
12775 0.768424
12776 0.77944
12777 0.786123
12778 0.913035
12779 0.949249
12780 0.961075
12781 0.797793
12782 0.829782
12783 0.95553
12784 0.896218
12785 0.948515
12786 0.764236
12787 0.753796
12788 0.871424
12789 0.943433
12790 0.679981
12791 0.905921
12792 0.889099
12793 0.826071
12794 0.811637
12795 0.935646
12796 0.89674
12797 0.801679
12798 0.924214
12799 0.953733
12800 0.91059
12801 0.965059
12802 0.969565
12803 0.758545
12804 0.925289
12805 0.978016
12806 0.626224
12807 0.932272
12808 0.879571
12809 0.878991
12810 0.771169
12811 0.71567
12812 0.725871
12813 0.890081
12814 0.899075
12815 0.819379
12816 0.913931
12817 0.907235
12818 0.799851
12819 0.8293
12820 0.807167
12821 0.84588
12822 0.745582
12823 0.624834
12824 0.903777
12825 0.858254
12826 0.817832
12827 0.728571
12828 0.799122
12829 0.750454
12830 0.893221
12831 0.800272
12832 0.948258
12833 0.745806
12834 0.851511
12835 0.881366
12836 0.860851
12837 0.878047
12838 0.976495
12839 0.890422
12840 0.683042
12841 0.758291
12842 0.635673
12843 0.854009
12844 0.873685
12845 0.920511
12846 0.86185
12847 0.776824
12848 0.865444
12849 0.833669
12850 0.748563
12851 0.603733
12852 0.931891
12853 0.692398
12854 0.94028
12855 0.800687
12856 0.980569
12857 0.817495
12858 0.894351
12859 0.641091
12860 0.847418
12861 0.836078
12862 0.915316
12863 0.9109
12864 0.938851
12865 0.921384
12866 0.696753
12867 0.540499
12868 0.807003
12869 0.812305
12870 0.878314
12871 0.909951
12872 0.973537
12873 0.88204
12874 0.916564
12875 0.64385
12876 0.819439
12877 0.850864
12878 0.828855
12879 0.71401
12880 0.773098
12881 0.65657
12882 0.782333
12883 0.73955
12884 0.934441
12885 0.927613
12886 0.847169
12887 0.887507
12888 0.885417
12889 0.868365
12890 0.822151
12891 0.569776
12892 0.902873
12893 0.873695
12894 0.868509
12895 0.855034
12896 0.809577
12897 0.880008
12898 0.94145
12899 0.697532
12900 0.863355
12901 0.704731
12902 0.594833
12903 0.862038
12904 0.923665
12905 0.873251
12906 0.879452
12907 0.924792
12908 0.865529
12909 0.894804
12910 0.918441
12911 0.819806
12912 0.710056
12913 0.868156
12914 0.876519
12915 0.827917
12916 0.923995
12917 0.941752
12918 0.781749
12919 0.953331
12920 0.758735
12921 0.886632
12922 0.822393
12923 0.817712
12924 0.879053
12925 0.964451
12926 0.839774
12927 0.930713
12928 0.814327
12929 0.90882
12930 0.927672
12931 0.89216
12932 0.781546
12933 0.878697
12934 0.937926
12935 0.818501
12936 0.774931
12937 0.864737
12938 0.868749
12939 0.891079
12940 0.937658
12941 0.774966
12942 0.921583
12943 0.937027
12944 0.926794
12945 0.93982
12946 0.916672
12947 0.858487
12948 0.935454
12949 0.904886
12950 0.965624
12951 0.870738
12952 0.957201
12953 0.860037
12954 0.95863
12955 0.869138
12956 0.897428
12957 0.935186
12958 0.912534
12959 0.844126
12960 0.943845
12961 0.917004
12962 0.829166
12963 0.841454
12964 0.873484
12965 0.9492
12966 0.85689
12967 0.910292
12968 0.903665
12969 0.870614
12970 0.892214
12971 0.923186
12972 0.8916
12973 0.831117
12974 0.783472
12975 0.90846
12976 0.909093
12977 0.924063
12978 0.917088
12979 0.931865
12980 0.782368
12981 0.847589
12982 0.881955
12983 0.86774
12984 0.872593
12985 0.917711
12986 0.891753
12987 0.808717
12988 0.953771
12989 0.86345
12990 0.986732
12991 0.945081
12992 0.826658
12993 0.634479
12994 0.892962
12995 0.695221
12996 0.843191
12997 0.977332
12998 0.864829
12999 0.809816
13000 0.904854
13001 0.817237
13002 0.795949
13003 0.808502
13004 0.959102
13005 0.935011
13006 0.918644
13007 0.863259
13008 0.941766
13009 0.802923
13010 0.78998
13011 0.936057
13012 0.92745
13013 0.849062
13014 0.891351
13015 0.925212
13016 0.906828
13017 0.9172
13018 0.985683
13019 0.808183
13020 0.869932
13021 0.716577
13022 0.801179
13023 0.914983
13024 0.964256
13025 0.893758
13026 0.893429
13027 0.888179
13028 0.832426
13029 0.945237
13030 0.965564
13031 0.881986
13032 0.929303
13033 0.915874
13034 0.894961
13035 0.939047
13036 0.890177
13037 0.925558
13038 0.809794
13039 0.752861
13040 0.900697
13041 0.842064
13042 0.716155
13043 0.868668
13044 0.970645
13045 0.854431
13046 0.755456
13047 0.647685
13048 0.823768
13049 0.861844
13050 0.796243
13051 0.842841
13052 0.847111
13053 0.93025
13054 0.950323
13055 0.896921
13056 0.938395
13057 0.963679
13058 0.897087
13059 0.922085
13060 0.904461
13061 0.853707
13062 0.906296
13063 0.854304
13064 0.93126
13065 0.931775
13066 0.945936
13067 0.979593
13068 0.907089
13069 0.905769
13070 0.904435
13071 0.640479
13072 0.940761
13073 0.906816
13074 0.901405
13075 0.953821
13076 0.936674
13077 0.868826
13078 0.869781
13079 0.973473
13080 0.955645
13081 0.957288
13082 0.851417
13083 0.827359
13084 0.546602
13085 0.76033
13086 0.835846
13087 0.925047
13088 0.915986
13089 0.827257
13090 0.888535
13091 0.854045
13092 0.698034
13093 0.939789
13094 0.865062
13095 0.914396
13096 0.936851
13097 0.882338
13098 0.774275
13099 0.850109
13100 0.871333
13101 0.822882
13102 0.924206
13103 0.779849
13104 0.804592
13105 0.931099
13106 0.82517
13107 0.872607
13108 0.789391
13109 0.817997
13110 0.955482
13111 0.877605
13112 0.931848
13113 0.62861
13114 0.636988
13115 0.900531
13116 0.88254
13117 0.863304
13118 0.829377
13119 0.943034
13120 0.856719
13121 0.645014
13122 0.718827
13123 0.715384
13124 0.76575
13125 0.911457
13126 0.7756
13127 0.747788
13128 0.917215
13129 0.927455
13130 0.924908
13131 0.924216
13132 0.865072
13133 0.891283
13134 0.786871
13135 0.968522
13136 0.720914
13137 0.833724
13138 0.820835
13139 0.722004
13140 0.817476
13141 0.915053
13142 0.923632
13143 0.976672
13144 0.966309
13145 0.904335
13146 0.788671
13147 0.791014
13148 0.970795
13149 0.875769
13150 0.932942
13151 0.899884
13152 0.941283
13153 0.935293
13154 0.965442
13155 0.930063
13156 0.86612
13157 0.845841
13158 0.702051
13159 0.867528
13160 0.903179
13161 0.927043
13162 0.641811
13163 0.86493
13164 0.92086
13165 0.850811
13166 0.943553
13167 0.679134
13168 0.936454
13169 0.894983
13170 0.977197
13171 0.972749
13172 0.851062
13173 0.809151
13174 0.930764
13175 0.770041
13176 0.970234
13177 0.872153
13178 0.955964
13179 0.890622
13180 0.764632
13181 0.929598
13182 0.916603
13183 0.824398
13184 0.819642
13185 0.863972
13186 0.853081
13187 0.893164
13188 0.948379
13189 0.797232
13190 0.930382
13191 0.919228
13192 0.932066
13193 0.784797
13194 0.868421
13195 0.809146
13196 0.945303
13197 0.807175
13198 0.767948
13199 0.76565
13200 0.881342
13201 0.655622
13202 0.652997
13203 0.811687
13204 0.827437
13205 0.754564
13206 0.943807
13207 0.840662
13208 0.885037
13209 0.919103
13210 0.624233
13211 0.881437
13212 0.744581
13213 0.872401
13214 0.85696
13215 0.876674
13216 0.970442
13217 0.91224
13218 0.971242
13219 0.984994
13220 0.766313
13221 0.907936
13222 0.91865
13223 0.789342
13224 0.970553
13225 0.874875
13226 0.810077
13227 0.925347
13228 0.946196
13229 0.852176
13230 0.905552
13231 0.887255
13232 0.757698
13233 0.940252
13234 0.824851
13235 0.930771
13236 0.856749
13237 0.885303
13238 0.884472
13239 0.841666
13240 0.723971
13241 0.810621
13242 0.926716
13243 0.7337
13244 0.958569
13245 0.940388
13246 0.945486
13247 0.869541
13248 0.938763
13249 0.929026
13250 0.870663
13251 0.94173
13252 0.958863
13253 0.986931
13254 0.927277
13255 0.800304
13256 0.9197
13257 0.696717
13258 0.944324
13259 0.926177
13260 0.857132
13261 0.921136
13262 0.888947
13263 0.898632
13264 0.671359
13265 0.855715
13266 0.949532
13267 0.990997
13268 0.701769
13269 0.892433
13270 0.979321
13271 0.896703
13272 0.98368
13273 0.723539
13274 0.957646
13275 0.630815
13276 0.908903
13277 0.81631
13278 0.604592
13279 0.766153
13280 0.735075
13281 0.806326
13282 0.639415
13283 0.78051
13284 0.854497
13285 0.926616
13286 0.74542
13287 0.704211
13288 0.879317
13289 0.654251
13290 0.961638
13291 0.918492
13292 0.900907
13293 0.914418
13294 0.940925
13295 0.989728
13296 0.917263
13297 0.860039
13298 0.924272
13299 0.942877
13300 0.937524
13301 0.891943
13302 0.83141
13303 0.746304
13304 0.800423
13305 0.821774
13306 0.926058
13307 0.735708
13308 0.84176
13309 0.946737
13310 0.947395
13311 0.787053
13312 0.869015
13313 0.836566
13314 0.967958
13315 0.939429
13316 0.946243
13317 0.755918
13318 0.842586
13319 0.916322
13320 0.87959
13321 0.931255
13322 0.834471
13323 0.837838
13324 0.774349
13325 0.930358
13326 0.821269
13327 0.904634
13328 0.818279
13329 0.811461
13330 0.860771
13331 0.919989
13332 0.935641
13333 0.919412
13334 0.727447
13335 0.890885
13336 0.971895
13337 0.8268
13338 0.940028
13339 0.903841
13340 0.976548
13341 0.936947
13342 0.871298
13343 0.860283
13344 0.893851
13345 0.876852
13346 0.950832
13347 0.958336
13348 0.746413
13349 0.975436
13350 0.870582
13351 0.776208
13352 0.928086
13353 0.849873
13354 0.787141
13355 0.845789
13356 0.937286
13357 0.83029
13358 0.745744
13359 0.617675
13360 0.880269
13361 0.942218
13362 0.902145
13363 0.847792
13364 0.93842
13365 0.749832
13366 0.866556
13367 0.909482
13368 0.935358
13369 0.580072
13370 0.914948
13371 0.966177
13372 0.504822
13373 0.860161
13374 0.812904
13375 0.81988
13376 0.83379
13377 0.919379
13378 0.910015
13379 0.85036
13380 0.87222
13381 0.697971
13382 0.921533
13383 0.786216
13384 0.901095
13385 0.954142
13386 0.932278
13387 0.798466
13388 0.895569
13389 0.917659
13390 0.939136
13391 0.827655
13392 0.890879
13393 0.931875
13394 0.711423
13395 0.97548
13396 0.979919
13397 0.706883
13398 0.80113
13399 0.838347
13400 0.918478
13401 0.770837
13402 0.84803
13403 0.931687
13404 0.934708
13405 0.886135
13406 0.968894
13407 0.878847
13408 0.850646
13409 0.690518
13410 0.902506
13411 0.97243
13412 0.884769
13413 0.8896
13414 0.890253
13415 0.909095
13416 0.974637
13417 0.938801
13418 0.706924
13419 0.905125
13420 0.939783
13421 0.928144
13422 0.890753
13423 0.840383
13424 0.805522
13425 0.859954
13426 0.941181
13427 0.779731
13428 0.606018
13429 0.916073
13430 0.698145
13431 0.736033
13432 0.906681
13433 0.82795
13434 0.939693
13435 0.835328
13436 0.858639
13437 0.816758
13438 0.906307
13439 0.900766
13440 0.896466
13441 0.764872
13442 0.886883
13443 0.948541
13444 0.912941
13445 0.678905
13446 0.905388
13447 0.825235
13448 0.820376
13449 0.92113
13450 0.884597
13451 0.984665
13452 0.89907
13453 0.90113
13454 0.802227
13455 0.701139
13456 0.69079
13457 0.829122
13458 0.815414
13459 0.877681
13460 0.942046
13461 0.874853
13462 0.91043
13463 0.896744
13464 0.990411
13465 0.979772
13466 0.892873
13467 0.827943
13468 0.835403
13469 0.772259
13470 0.915939
13471 0.888436
13472 0.890148
13473 0.914842
13474 0.941053
13475 0.850027
13476 0.880925
13477 0.863456
13478 0.962874
13479 0.821781
13480 0.866517
13481 0.911893
13482 0.932016
13483 0.926628
13484 0.964881
13485 0.956895
13486 0.892838
13487 0.899345
13488 0.951307
13489 0.947763
13490 0.965996
13491 0.907944
13492 0.769809
13493 0.956748
13494 0.922174
13495 0.924776
13496 0.837187
13497 0.921257
13498 0.857924
13499 0.947853
13500 0.847772
13501 0.932904
13502 0.848561
13503 0.930007
13504 0.989177
13505 0.844152
13506 0.691165
13507 0.898923
13508 0.989211
13509 0.8745
13510 0.851817
13511 0.897124
13512 0.934769
13513 0.85225
13514 0.981839
13515 0.914189
13516 0.847363
13517 0.890694
13518 0.927432
13519 0.899198
13520 0.842653
13521 0.943735
13522 0.920208
13523 0.943501
13524 0.906553
13525 0.980295
13526 0.984572
13527 0.862825
13528 0.900242
13529 0.803734
13530 0.730273
13531 0.843926
13532 0.915951
13533 0.916407
13534 0.962153
13535 0.926749
13536 0.736943
13537 0.960925
13538 0.958522
13539 0.756817
13540 0.63821
13541 0.939715
13542 0.953757
13543 0.921947
13544 0.929336
13545 0.770153
13546 0.634447
13547 0.869931
13548 0.788576
13549 0.917839
13550 0.878721
13551 0.880781
13552 0.902128
13553 0.925391
13554 0.938783
13555 0.892626
13556 0.891498
13557 0.897485
13558 0.875182
13559 0.899829
13560 0.888153
13561 0.803614
13562 0.992473
13563 0.877757
13564 0.916871
13565 0.904435
13566 0.873962
13567 0.747396
13568 0.945652
13569 0.906134
13570 0.904774
13571 0.853189
13572 0.943885
13573 0.71844
13574 0.879963
13575 0.944951
13576 0.994543
13577 0.930917
13578 0.673043
13579 0.780503
13580 0.734234
13581 0.733046
13582 0.974937
13583 0.745299
13584 0.839432
13585 0.773909
13586 0.893804
13587 0.809739
13588 0.878454
13589 0.758828
13590 0.915986
13591 0.957431
13592 0.878884
13593 0.938688
13594 0.870742
13595 0.872941
13596 0.703882
13597 0.865284
13598 0.912705
13599 0.825947
13600 0.961085
13601 0.906061
13602 0.736161
13603 0.857298
13604 0.901317
13605 0.897952
13606 0.843781
13607 0.938979
13608 0.692576
13609 0.765344
13610 0.890419
13611 0.878522
13612 0.8049
13613 0.934371
13614 0.949669
13615 0.938635
13616 0.84454
13617 0.964043
13618 0.878409
13619 0.882416
13620 0.912884
13621 0.794728
13622 0.757252
13623 0.953768
13624 0.930405
13625 0.876461
13626 0.883556
13627 0.932654
13628 0.91493
13629 0.85837
13630 0.946329
13631 0.910117
13632 0.985761
13633 0.950349
13634 0.868407
13635 0.837003
13636 0.778298
13637 0.792549
13638 0.879065
13639 0.875578
13640 0.949537
13641 0.869734
13642 0.843496
13643 0.710427
13644 0.793069
13645 0.868249
13646 0.938786
13647 0.718215
13648 0.840109
13649 0.862789
13650 0.918924
13651 0.881564
13652 0.897766
13653 0.85316
13654 0.945827
13655 0.561533
13656 0.96973
13657 0.947682
13658 0.971859
13659 0.690988
13660 0.87124
13661 0.928805
13662 0.973276
13663 0.954745
13664 0.945109
13665 0.914025
13666 0.826496
13667 0.892108
13668 0.843722
13669 0.950967
13670 0.881895
13671 0.854615
13672 0.859783
13673 0.874935
13674 0.854275
13675 0.835749
13676 0.870602
13677 0.786131
13678 0.973617
13679 0.964766
13680 0.921531
13681 0.890485
13682 0.594659
13683 0.914879
13684 0.831737
13685 0.935038
13686 0.712404
13687 0.935218
13688 0.923775
13689 0.904088
13690 0.893993
13691 0.950303
13692 0.881313
13693 0.904571
13694 0.912821
13695 0.928954
13696 0.90728
13697 0.961218
13698 0.852736
13699 0.796956
13700 0.936145
13701 0.861206
13702 0.829576
13703 0.915117
13704 0.914019
13705 0.963266
13706 0.839526
13707 0.928348
13708 0.848957
13709 0.931379
13710 0.939707
13711 0.819159
13712 0.94096
13713 0.958898
13714 0.918804
13715 0.864636
13716 0.940872
13717 0.885439
13718 0.894706
13719 0.926183
13720 0.892759
13721 0.903948
13722 0.968156
13723 0.919709
13724 0.909118
13725 0.673707
13726 0.918154
13727 0.906244
13728 0.870648
13729 0.908475
13730 0.792589
13731 0.834184
13732 0.950148
13733 0.800724
13734 0.953146
13735 0.908531
13736 0.917642
13737 0.773716
13738 0.96775
13739 0.904842
13740 0.933326
13741 0.878152
13742 0.818237
13743 0.967248
13744 0.904935
13745 0.859451
13746 0.782187
13747 0.93656
13748 0.970905
13749 0.864105
13750 0.866499
13751 0.831391
13752 0.958176
13753 0.912046
13754 0.897698
13755 0.970685
13756 0.841399
13757 0.917234
13758 0.869367
13759 0.934528
13760 0.934262
13761 0.984734
13762 0.968082
13763 0.866332
13764 0.935961
13765 0.83157
13766 0.972417
13767 0.98521
13768 0.920436
13769 0.961627
13770 0.923141
13771 0.876345
13772 0.911685
13773 0.871001
13774 0.920788
13775 0.919532
13776 0.633699
13777 0.825723
13778 0.823401
13779 0.723112
13780 0.942861
13781 0.793988
13782 0.771368
13783 0.729292
13784 0.863
13785 0.853264
13786 0.77924
13787 0.765675
13788 0.708066
13789 0.786855
13790 0.853532
13791 0.904639
13792 0.867748
13793 0.781114
13794 0.926147
13795 0.832769
13796 0.723482
13797 0.941149
13798 0.934889
13799 0.971026
13800 0.879742
13801 0.839613
13802 0.742197
13803 0.959164
13804 0.890757
13805 0.865607
13806 0.880189
13807 0.934308
13808 0.722858
13809 0.807342
13810 0.928257
13811 0.910185
13812 0.96237
13813 0.785734
13814 0.865762
13815 0.879245
13816 0.887982
13817 0.896788
13818 0.951459
13819 0.926363
13820 0.96038
13821 0.963391
13822 0.772602
13823 0.773661
13824 0.892846
13825 0.985256
13826 0.875651
13827 0.912657
13828 0.944021
13829 0.84876
13830 0.896837
13831 0.985794
13832 0.89654
13833 0.948996
13834 0.887083
13835 0.9824
13836 0.890901
13837 0.793345
13838 0.843028
13839 0.764624
13840 0.965177
13841 0.902455
13842 0.894248
13843 0.877241
13844 0.902028
13845 0.891788
13846 0.709355
13847 0.690928
13848 0.884807
13849 0.901874
13850 0.593362
13851 0.783431
13852 0.590232
13853 0.933856
13854 0.974747
13855 0.873315
13856 0.982396
13857 0.930093
13858 0.916645
13859 0.935783
13860 0.911209
13861 0.832482
13862 0.927932
13863 0.963185
13864 0.95614
13865 0.918009
13866 0.914121
13867 0.77204
13868 0.825887
13869 0.647893
13870 0.822267
13871 0.823868
13872 0.94251
13873 0.980151
13874 0.933661
13875 0.842047
13876 0.97305
13877 0.74001
13878 0.741775
13879 0.726166
13880 0.911311
13881 0.695862
13882 0.881412
13883 0.798872
13884 0.685148
13885 0.90614
13886 0.908547
13887 0.955779
13888 0.695475
13889 0.919344
13890 0.724762
13891 0.882485
13892 0.942455
13893 0.925387
13894 0.982349
13895 0.921605
13896 0.794168
13897 0.794356
13898 0.910175
13899 0.878909
13900 0.935085
13901 0.89068
13902 0.770434
13903 0.836261
13904 0.879322
13905 0.926807
13906 0.74211
13907 0.824737
13908 0.796957
13909 0.902539
13910 0.959747
13911 0.960502
13912 0.864527
13913 0.946568
13914 0.771389
13915 0.914875
13916 0.904365
13917 0.884311
13918 0.853741
13919 0.818497
13920 0.978076
13921 0.881154
13922 0.916531
13923 0.889678
13924 0.894888
13925 0.860261
13926 0.897079
13927 0.985974
13928 0.695015
13929 0.858666
13930 0.899265
13931 0.786266
13932 0.965264
13933 0.789412
13934 0.958766
13935 0.759546
13936 0.843716
13937 0.892842
13938 0.791472
13939 0.838106
13940 0.939929
13941 0.906168
13942 0.966713
13943 0.940753
13944 0.730885
13945 0.924041
13946 0.921729
13947 0.859726
13948 0.956868
13949 0.876953
13950 0.85065
13951 0.699181
13952 0.968942
13953 0.830442
13954 0.719845
13955 0.425824
13956 0.881658
13957 0.787806
13958 0.943572
13959 0.837934
13960 0.95319
13961 0.643648
13962 0.81962
13963 0.96317
13964 0.86212
13965 0.942747
13966 0.832424
13967 0.591821
13968 0.890112
13969 0.788351
13970 0.662863
13971 0.84982
13972 0.822853
13973 0.896227
13974 0.946877
13975 0.782528
13976 0.982932
13977 0.599062
13978 0.796606
13979 0.8956
13980 0.895706
13981 0.662067
13982 0.870448
13983 0.791505
13984 0.828485
13985 0.897334
13986 0.93106
13987 0.902523
13988 0.738968
13989 0.926027
13990 0.926313
13991 0.89764
13992 0.929039
13993 0.978828
13994 0.945422
13995 0.957896
13996 0.847079
13997 0.958341
13998 0.98528
13999 0.924335
14000 0.680424
14001 0.916981
14002 0.775134
14003 0.792182
14004 0.947008
14005 0.910715
14006 0.795469
14007 0.731294
14008 0.920175
14009 0.82927
14010 0.826815
14011 0.927205
14012 0.801124
14013 0.878037
14014 0.909437
14015 0.919835
14016 0.793982
14017 0.950575
14018 0.892509
14019 0.917951
14020 0.866456
14021 0.668223
14022 0.626748
14023 0.672918
14024 0.664883
14025 0.874658
14026 0.872877
14027 0.915651
14028 0.798546
14029 0.816265
14030 0.962579
14031 0.970077
14032 0.927782
14033 0.898903
14034 0.876962
14035 0.795076
14036 0.967837
14037 0.89396
14038 0.813445
14039 0.824309
14040 0.954835
14041 0.883776
14042 0.773137
14043 0.847368
14044 0.908784
14045 0.839741
14046 0.905732
14047 0.897739
14048 0.975027
14049 0.578159
14050 0.893691
14051 0.93325
14052 0.631201
14053 0.82369
14054 0.852822
14055 0.898268
14056 0.815165
14057 0.966297
14058 0.908149
14059 0.829067
14060 0.885735
14061 0.898044
14062 0.967913
14063 0.767772
14064 0.921754
14065 0.907831
14066 0.920809
14067 0.716302
14068 0.761257
14069 0.655653
14070 0.796782
14071 0.932343
14072 0.938344
14073 0.935562
14074 0.962558
14075 0.909449
14076 0.826699
14077 0.912683
14078 0.957511
14079 0.758516
14080 0.962629
14081 0.883429
14082 0.838779
14083 0.610322
14084 0.861056
14085 0.859106
14086 0.87861
14087 0.881633
14088 0.917807
14089 0.89914
14090 0.965491
14091 0.944443
14092 0.579537
14093 0.604348
14094 0.988214
14095 0.941059
14096 0.882261
14097 0.933864
14098 0.887495
14099 0.914457
14100 0.942713
14101 0.642273
14102 0.804992
14103 0.825606
14104 0.92958
14105 0.888019
14106 0.774157
14107 0.884596
14108 0.875369
14109 0.854746
14110 0.916408
14111 0.980749
14112 0.874279
14113 0.907276
14114 0.859844
14115 0.920795
14116 0.805308
14117 0.965188
14118 0.911653
14119 0.904504
14120 0.834245
14121 0.772255
14122 0.900241
14123 0.889448
14124 0.924449
14125 0.959855
14126 0.941387
14127 0.674256
14128 0.914815
14129 0.8569
14130 0.839326
14131 0.828633
14132 0.840508
14133 0.735195
14134 0.882585
14135 0.850407
14136 0.903789
14137 0.935838
14138 0.804993
14139 0.933984
14140 0.914819
14141 0.860061
14142 0.901296
14143 0.869333
14144 0.8032
14145 0.941375
14146 0.916718
14147 0.905372
14148 0.905528
14149 0.957321
14150 0.876363
14151 0.911164
14152 0.71086
14153 0.952616
14154 0.876439
14155 0.872842
14156 0.908562
14157 0.65605
14158 0.722657
14159 0.827487
14160 0.886069
14161 0.866203
14162 0.689226
14163 0.979078
14164 0.954054
14165 0.66071
14166 0.970788
14167 0.923523
14168 0.974839
14169 0.948874
14170 0.958205
14171 0.916539
14172 0.900817
14173 0.917454
14174 0.95166
14175 0.832873
14176 0.846353
14177 0.863069
14178 0.887275
14179 0.907078
14180 0.895023
14181 0.885675
14182 0.847391
14183 0.90272
14184 0.766724
14185 0.918137
14186 0.880679
14187 0.890634
14188 0.89994
14189 0.729274
14190 0.787163
14191 0.874225
14192 0.787186
14193 0.960912
14194 0.933313
14195 0.886316
14196 0.84758
14197 0.780617
14198 0.855626
14199 0.926282
14200 0.925404
14201 0.873135
14202 0.898516
14203 0.826134
14204 0.967145
14205 0.912635
14206 0.717461
14207 0.887084
14208 0.820574
14209 0.813604
14210 0.945625
14211 0.729531
14212 0.80214
14213 0.952886
14214 0.696058
14215 0.754347
14216 0.83889
14217 0.708476
14218 0.756921
14219 0.674573
14220 0.609848
14221 0.592966
14222 0.657767
14223 0.753483
14224 0.575076
14225 0.628092
14226 0.651815
14227 0.567634
14228 0.807503
14229 0.561191
14230 0.631562
14231 0.554653
14232 0.589917
14233 0.824343
14234 0.550106
14235 0.634609
14236 0.660197
14237 0.751599
14238 0.563288
14239 0.808749
14240 0.60168
14241 0.541276
14242 0.601907
14243 0.847453
14244 0.476596
14245 0.858288
14246 0.892212
14247 0.780339
14248 0.637034
14249 0.764089
14250 0.561429
14251 0.603637
14252 0.578594
14253 0.616515
14254 0.727731
14255 0.589139
14256 0.585289
14257 0.590305
14258 0.580941
14259 0.730122
14260 0.532184
14261 0.681018
14262 0.5681
14263 0.645844
14264 0.602446
14265 0.766486
14266 0.591989
14267 0.615979
14268 0.603321
14269 0.564111
14270 0.688759
14271 0.607814
14272 0.695661
14273 0.688969
14274 0.581817
14275 0.777619
14276 0.623333
14277 0.786153
14278 0.532795
14279 0.634917
14280 0.596998
14281 0.587232
14282 0.670523
14283 0.769685
14284 0.554439
14285 0.713429
14286 0.526356
14287 0.624246
14288 0.574968
14289 0.57164
14290 0.69595
14291 0.527168
14292 0.690722
14293 0.583594
14294 0.712566
14295 0.738151
14296 0.649553
14297 0.643039
14298 0.650018
14299 0.70501
14300 0.572773
14301 0.818931
14302 0.897871
14303 0.702604
14304 0.861051
14305 0.720313
14306 0.769865
14307 0.578121
14308 0.68174
14309 0.735777
14310 0.610539
14311 0.601024
14312 0.59869
14313 0.825019
14314 0.556826
14315 0.762544
14316 0.575702
14317 0.606917
14318 0.625774
14319 0.584754
14320 0.762514
14321 0.680271
14322 0.615991
14323 0.552406
14324 0.828488
14325 0.56879
14326 0.585047
14327 0.815605
14328 0.559554
14329 0.641115
14330 0.566111
14331 0.649474
14332 0.602648
14333 0.57551
14334 0.79144
14335 0.690405
14336 0.67761
14337 0.743665
14338 0.745003
14339 0.765066
14340 0.757227
14341 0.78293
14342 0.736018
14343 0.806269
14344 0.70012
14345 0.768801
14346 0.614786
14347 0.732928
14348 0.678411
14349 0.767137
14350 0.737528
14351 0.673248
14352 0.733441
14353 0.742615
14354 0.658136
14355 0.682183
14356 0.821653
14357 0.712786
14358 0.714883
14359 0.710562
14360 0.715661
14361 0.815438
14362 0.673332
14363 0.890201
14364 0.573676
14365 0.587493
14366 0.576178
14367 0.957138
14368 0.750836
14369 0.731151
14370 0.630755
14371 0.685928
14372 0.700206
14373 0.722172
14374 0.635733
14375 0.693537
14376 0.844595
14377 0.613727
14378 0.627364
14379 0.668441
14380 0.701261
14381 0.669455
14382 0.482697
14383 0.761924
14384 0.854971
14385 0.574123
14386 0.543579
14387 0.673507
14388 0.892566
14389 0.768415
14390 0.579202
14391 0.787555
14392 0.723408
14393 0.776677
14394 0.776702
14395 0.792689
14396 0.671184
14397 0.809394
14398 0.57502
14399 0.592496
14400 0.593385
14401 0.670245
14402 0.80254
14403 0.644764
14404 0.72409
14405 0.79521
14406 0.691365
14407 0.607326
14408 0.646943
14409 0.797443
14410 0.673352
14411 0.934376
14412 0.713777
14413 0.596864
14414 0.610996
14415 0.666983
14416 0.806634
14417 0.745841
14418 0.741522
14419 0.81518
14420 0.822513
14421 0.893488
14422 0.949617
14423 0.872306
14424 0.798354
14425 0.89129
14426 0.812436
14427 0.54896
14428 0.774266
14429 0.685298
14430 0.651485
14431 0.777702
14432 0.793508
14433 0.776947
14434 0.726138
14435 0.668572
14436 0.663091
14437 0.66357
14438 0.684788
14439 0.656818
14440 0.736611
14441 0.653801
14442 0.74508
14443 0.783921
14444 0.747794
14445 0.68636
14446 0.77688
14447 0.692687
14448 0.733375
14449 0.667403
14450 0.649546
14451 0.721159
14452 0.728851
14453 0.714901
14454 0.740112
14455 0.847063
14456 0.740736
14457 0.733316
14458 0.687227
14459 0.733775
14460 0.762757
14461 0.783174
14462 0.587337
14463 0.808487
14464 0.673433
14465 0.726734
14466 0.746554
14467 0.599478
14468 0.602672
14469 0.734833
14470 0.796369
14471 0.764269
14472 0.824014
14473 0.683932
14474 0.775083
14475 0.687248
14476 0.507065
14477 0.782851
14478 0.77539
14479 0.737434
14480 0.647138
14481 0.746933
14482 0.763801
14483 0.690559
14484 0.643589
14485 0.615589
14486 0.632054
14487 0.655327
14488 0.623322
14489 0.739328
14490 0.660713
14491 0.70505
14492 0.721654
14493 0.792233
14494 0.657878
14495 0.727309
14496 0.645744
14497 0.771522
14498 0.935816
14499 0.701228
14500 0.692576
14501 0.768257
14502 0.717058
14503 0.679311
14504 0.766255
14505 0.750612
14506 0.740205
14507 0.756254
14508 0.56329
14509 0.597081
14510 0.737512
14511 0.674361
14512 0.81241
14513 0.628467
14514 0.735344
14515 0.625801
14516 0.69595
14517 0.647669
14518 0.701495
14519 0.692067
14520 0.718262
14521 0.570341
14522 0.728957
14523 0.769752
14524 0.518087
14525 0.666567
14526 0.695415
14527 0.716891
14528 0.736157
14529 0.668527
14530 0.615293
14531 0.725745
14532 0.647153
14533 0.695691
14534 0.748491
14535 0.696925
14536 0.785588
14537 0.742044
14538 0.739314
14539 0.740328
14540 0.63424
14541 0.799887
14542 0.657971
14543 0.656541
14544 0.792776
14545 0.877806
14546 0.812863
14547 0.803728
14548 0.700848
14549 0.887589
14550 0.566986
14551 0.624947
14552 0.752407
14553 0.653718
14554 0.677726
14555 0.774148
14556 0.821975
14557 0.80535
14558 0.772132
14559 0.652913
14560 0.75635
14561 0.931956
14562 0.760866
14563 0.748857
14564 0.913132
14565 0.666007
14566 0.642226
14567 0.627363
14568 0.730118
14569 0.95384
14570 0.915447
14571 0.909608
14572 0.772837
14573 0.695191
14574 0.835918
14575 0.514509
14576 0.61789
14577 0.557835
14578 0.882147
14579 0.833837
14580 0.741746
14581 0.712548
14582 0.794702
14583 0.742135
14584 0.661167
14585 0.752209
14586 0.714266
14587 0.690091
14588 0.68407
14589 0.824311
14590 0.524926
14591 0.817017
14592 0.853006
14593 0.829076
14594 0.683258
14595 0.713499
14596 0.722551
14597 0.84457
14598 0.790355
14599 0.812178
14600 0.790201
14601 0.803733
14602 0.775912
14603 0.78855
14604 0.768452
14605 0.832737
14606 0.746418
14607 0.798987
14608 0.806398
14609 0.920226
14610 0.767852
14611 0.715052
14612 0.74965
14613 0.723703
14614 0.781609
14615 0.729512
14616 0.786058
14617 0.62241
14618 0.80901
14619 0.621705
14620 0.712453
14621 0.758961
14622 0.569522
14623 0.848164
14624 0.641992
14625 0.716565
14626 0.685051
14627 0.844783
14628 0.770156
14629 0.672593
14630 0.861396
14631 0.7107
14632 0.780108
14633 0.737775
14634 0.540192
14635 0.648857
14636 0.676284
14637 0.675584
14638 0.745886
14639 0.673391
14640 0.802314
14641 0.707833
14642 0.660351
14643 0.765647
14644 0.644721
14645 0.607117
14646 0.575429
14647 0.613122
14648 0.596803
14649 0.759116
14650 0.872104
14651 0.8226
14652 0.693822
14653 0.717228
14654 0.747461
14655 0.647998
14656 0.65636
14657 0.651027
14658 0.739951
14659 0.735889
14660 0.76554
14661 0.753333
14662 0.697151
14663 0.619819
14664 0.753872
14665 0.570578
14666 0.63913
14667 0.641491
14668 0.717636
14669 0.617421
14670 0.62797
14671 0.79117
14672 0.726721
14673 0.723801
14674 0.632886
14675 0.766639
14676 0.683039
14677 0.67807
14678 0.647845
14679 0.656571
14680 0.679643
14681 0.631113
14682 0.635753
14683 0.674473
14684 0.754696
14685 0.82483
14686 0.78943
14687 0.755812
14688 0.786325
14689 0.731117
14690 0.786381
14691 0.716242
14692 0.724981
14693 0.748608
14694 0.66015
14695 0.761071
14696 0.763749
14697 0.891982
14698 0.882473
14699 0.811291
14700 0.851836
14701 0.902379
14702 0.743819
14703 0.670896
14704 0.716986
14705 0.753947
14706 0.699501
14707 0.698579
14708 0.728138
14709 0.796487
14710 0.744084
14711 0.777849
14712 0.709126
14713 0.749699
14714 0.699556
14715 0.68508
14716 0.69134
14717 0.726562
14718 0.67618
14719 0.713568
14720 0.591126
14721 0.593355
14722 0.766686
14723 0.71488
14724 0.649439
14725 0.621161
14726 0.803302
14727 0.724679
14728 0.689022
14729 0.826016
14730 0.684871
14731 0.723099
14732 0.784148
14733 0.668813
14734 0.471946
14735 0.617622
14736 0.702921
14737 0.541622
14738 0.620324
14739 0.533062
14740 0.576618
14741 0.60625
14742 0.778621
14743 0.708017
14744 0.599154
14745 0.530403
14746 0.936955
14747 0.543682
14748 0.748177
14749 0.747539
14750 0.669751
14751 0.587291
14752 0.575693
14753 0.861399
14754 0.880374
14755 0.608232
14756 0.72093
14757 0.660291
14758 0.728679
14759 0.4948
14760 0.92303
14761 0.54361
14762 0.910897
14763 0.77096
14764 0.676789
14765 0.772515
14766 0.888262
14767 0.814366
14768 0.769998
14769 0.759529
14770 0.719348
14771 0.629192
14772 0.841252
14773 0.814857
14774 0.815662
14775 0.861947
14776 0.726926
14777 0.824084
14778 0.881457
14779 0.826367
14780 0.834434
14781 0.608837
14782 0.893621
14783 0.750489
14784 0.886433
14785 0.865888
14786 0.950334
14787 0.873863
14788 0.689455
14789 0.466229
14790 0.33053
14791 0.426278
14792 0.748937
14793 0.872979
14794 0.833013
14795 0.744038
14796 0.317314
14797 0.85651
14798 0.450477
14799 0.911293
14800 0.614106
14801 0.664926
14802 0.740075
14803 0.841676
14804 0.613658
14805 0.76032
14806 0.475386
14807 0.53441
14808 0.51669
14809 0.656174
14810 0.871504
14811 0.443849
14812 0.315659
14813 0.751068
14814 0.850912
14815 0.808287
14816 0.792188
14817 0.870115
14818 0.600289
14819 0.860602
14820 0.886374
14821 0.683493
14822 0.454223
14823 0.619724
14824 0.428265
14825 0.357103
14826 0.48372
14827 0.365187
14828 0.528001
14829 0.685136
14830 0.346451
14831 0.516845
14832 0.770658
14833 0.901538
14834 0.495593
14835 0.373825
14836 0.896983
14837 0.590083
14838 0.625333
14839 0.779552
14840 0.737829
14841 0.660937
14842 0.676085
14843 0.701596
14844 0.647858
14845 0.660752
14846 0.797196
14847 0.661098
14848 0.807234
14849 0.707982
14850 0.547204
14851 0.723349
14852 0.901471
14853 0.70064
14854 0.750347
14855 0.880335
14856 0.765902
14857 0.757819
14858 0.49935
14859 0.602616
14860 0.728004
14861 0.242063
14862 0.649947
14863 0.330813
14864 0.442631
14865 0.592329
14866 0.434784
14867 0.341727
14868 0.629745
14869 0.676392
14870 0.641385
14871 0.612031
14872 0.340675
14873 0.75084
14874 0.715924
14875 0.779495
14876 0.430066
14877 0.74124
14878 0.687489
14879 0.587794
14880 0.806992
14881 0.602436
14882 0.849385
14883 0.823477
14884 0.693699
14885 0.438145
14886 0.631683
14887 0.773718
14888 0.743783
14889 0.518129
14890 0.677103
14891 0.540192
14892 0.371008
14893 0.826575
14894 0.417428
14895 0.721725
14896 0.271208
14897 0.348439
14898 0.739613
14899 0.29099
14900 0.637317
14901 0.883483
14902 0.499861
14903 0.635706
14904 0.360025
14905 0.651791
14906 0.700471
14907 0.580599
14908 0.413472
14909 0.892338
14910 0.646896
14911 0.747223
14912 0.872364
14913 0.320449
14914 0.433026
14915 0.674395
14916 0.6612
14917 0.708092
14918 0.773762
14919 0.5115
14920 0.558171
14921 0.760314
14922 0.611761
14923 0.840435
14924 0.84176
14925 0.613136
14926 0.574997
14927 0.904686
14928 0.584289
14929 0.755289
14930 0.916583
14931 0.835237
14932 0.523855
14933 0.918428
14934 0.896147
14935 0.779
14936 0.728698
14937 0.646092
14938 0.977456
14939 0.67846
14940 0.622189
14941 0.635284
14942 0.322042
14943 0.795006
14944 0.798431
14945 0.829024
14946 0.833269
14947 0.818366
14948 0.37947
14949 0.851719
14950 0.740454
14951 0.655279
14952 0.616559
14953 0.81231
14954 0.759869
14955 0.325265
14956 0.830063
14957 0.82155
14958 0.745019
14959 0.819273
14960 0.395568
14961 0.657669
14962 0.783523
14963 0.326614
14964 0.807702
14965 0.710799
14966 0.796064
14967 0.442522
14968 0.815301
14969 0.921362
14970 0.663906
14971 0.804997
14972 0.964081
14973 0.732129
14974 0.576447
14975 0.584724
14976 0.829339
14977 0.59465
14978 0.711028
14979 0.796656
14980 0.472068
14981 0.577227
14982 0.333808
14983 0.553558
14984 0.700072
14985 0.674829
14986 0.116694
14987 0.734493
14988 0.690677
14989 0.287687
14990 0.613664
14991 0.81971
14992 0.542134
14993 0.594933
14994 0.797349
14995 0.687824
14996 0.536492
14997 0.810673
14998 0.380752
14999 0.356267
15000 0.390471
15001 0.671316
15002 0.334767
15003 0.476674
15004 0.64916
15005 0.752169
15006 0.610829
15007 0.731544
15008 0.781878
15009 0.350263
15010 0.343166
15011 0.873437
15012 0.691121
15013 0.545048
15014 0.742877
15015 0.518655
15016 0.765549
15017 0.862908
15018 0.561474
15019 0.48748
15020 0.732582
15021 0.23103
15022 0.593425
15023 0.359875
15024 0.364303
15025 0.776996
15026 0.861717
15027 0.762428
15028 0.628526
15029 0.86394
15030 0.520882
15031 0.345785
15032 0.774329
15033 0.757377
15034 0.659501
15035 0.735388
15036 0.710385
15037 0.865301
15038 0.357391
15039 0.332947
15040 0.598281
15041 0.757827
15042 0.798079
15043 0.749678
15044 0.340228
15045 0.884636
15046 0.543405
15047 0.815367
15048 0.690292
15049 0.384328
15050 0.808648
15051 0.595608
15052 0.952818
15053 0.744748
15054 0.868712
15055 0.638991
15056 0.530444
15057 0.686005
15058 0.723139
15059 0.299972
15060 0.400749
15061 0.819169
15062 0.375724
15063 0.551387
15064 0.204736
15065 0.611053
15066 0.331561
15067 0.277286
15068 0.489072
15069 0.356102
15070 0.821615
15071 0.685783
15072 0.724083
15073 0.718952
15074 0.334563
15075 0.704113
15076 0.717959
15077 0.612361
15078 0.730133
15079 0.805084
15080 0.505155
15081 0.023481
15082 0.743251
15083 0.776625
15084 0.436226
15085 0.6359
15086 0.74926
15087 0.728481
15088 0.679202
15089 0.745779
15090 0.716838
15091 0.89606
15092 0.781379
15093 0.51612
15094 0.0669331
15095 0.67048
15096 0.755882
15097 0.836162
15098 0.870213
15099 0.83417
15100 0.676687
15101 0.74987
15102 0.745803
15103 0.688172
15104 0.730369
15105 0.698986
15106 0.793061
15107 0.575264
15108 0.710053
15109 0.530548
15110 0.784045
15111 0.256995
15112 0.840507
15113 0.412652
15114 0.477057
15115 0.616994
15116 0.507433
15117 0.78433
15118 0.312741
15119 0.699054
15120 0.697561
15121 0.361416
15122 0.375094
15123 0.845356
15124 0.403912
15125 0.778899
15126 0.615749
15127 0.364458
15128 0.620495
15129 0.732381
15130 0.799841
15131 0.576152
15132 0.359541
15133 0.813843
15134 0.722027
15135 0.684859
15136 0.771479
15137 0.628582
15138 0.587438
15139 0.436547
15140 0.225644
15141 0.796885
15142 0.546203
15143 0.882488
15144 0.338786
15145 0.464727
15146 0.821794
15147 0.625516
15148 0.393844
15149 0.352863
15150 0.71723
15151 0.416438
15152 0.413813
15153 0.68066
15154 0.372905
15155 0.367573
15156 0.902504
15157 0.767428
15158 0.655459
15159 0.397011
15160 0.549297
15161 0.328511
15162 0.635791
15163 0.349961
15164 0.371471
15165 0.329567
15166 0.668922
15167 0.550639
15168 0.532823
15169 0.510876
15170 0.758979
15171 0.336691
15172 0.382437
15173 0.254434
15174 0.350593
15175 0.674281
15176 0.741096
15177 0.325323
15178 0.38411
15179 0.75854
15180 0.740146
15181 0.345369
15182 0.543168
15183 0.888028
15184 0.382771
15185 0.371448
15186 0.405526
15187 0.519367
15188 0.391208
15189 0.629661
15190 0.334415
15191 0.807822
15192 0.762348
15193 0.347247
15194 0.335143
15195 0.678847
15196 0.383126
15197 0.366376
15198 0.374478
15199 0.680417
15200 0.647055
15201 0.378901
15202 0.547181
15203 0.316941
15204 0.581935
15205 0.743117
15206 0.595339
15207 0.880815
15208 0.536987
15209 0.428773
15210 0.553153
15211 0.681311
15212 0.582938
15213 0.688747
15214 0.666118
15215 0.780067
15216 0.927388
15217 0.296723
15218 0.299738
15219 0.388252
15220 0.515501
15221 0.571401
15222 0.466399
15223 0.72471
15224 0.483729
15225 0.650183
15226 0.716078
15227 0.519013
15228 0.341486
15229 0.554964
15230 0.758402
15231 0.56139
15232 0.641698
15233 0.752106
15234 0.606102
15235 0.726631
15236 0.778387
15237 0.841938
15238 0.684349
15239 0.553823
15240 0.839409
15241 0.757876
15242 0.788677
15243 0.784398
15244 0.654877
15245 0.665255
15246 0.479602
15247 0.741536
15248 0.393719
15249 0.891515
15250 0.671992
15251 0.610403
15252 0.84152
15253 0.629222
15254 0.398532
15255 0.691058
15256 0.746175
15257 0.724934
15258 0.560825
15259 0.85753
15260 0.689564
15261 0.545064
15262 0.470228
15263 0.415679
15264 0.683778
15265 0.465309
15266 0.807083
15267 0.883038
15268 0.869756
15269 0.616102
15270 0.880032
15271 0.742866
15272 0.729407
15273 0.623118
15274 0.801718
15275 0.623224
15276 0.34426
15277 0.540854
15278 0.600487
15279 0.713839
15280 0.708504
15281 0.687811
15282 0.664202
15283 0.554942
15284 0.39663
15285 0.221045
15286 0.663607
15287 0.779837
15288 0.745289
15289 0.416243
15290 0.669851
15291 0.71189
15292 0.915726
15293 0.71352
15294 0.616389
15295 0.356986
15296 0.694214
15297 0.960461
15298 0.478991
15299 0.725035
15300 0.741336
15301 0.919666
15302 0.733073
15303 0.677216
15304 0.81555
15305 0.600207
15306 0.888928
15307 0.682901
15308 0.726676
15309 0.720563
15310 0.729684
15311 0.507
15312 0.835058
15313 0.717746
15314 0.570988
15315 0.375976
15316 0.732556
15317 0.579674
15318 0.861936
15319 0.652814
15320 0.653769
15321 0.747432
15322 0.556095
15323 0.726762
15324 0.563089
15325 0.571754
15326 0.668998
15327 0.483991
15328 0.476254
15329 0.509297
15330 0.399655
15331 0.569863
15332 0.712633
15333 0.6042
15334 0.625914
15335 0.5574
15336 0.270539
15337 0.792673
15338 0.63029
15339 0.583118
15340 0.892659
15341 0.560281
15342 0.744862
15343 0.844459
15344 0.727977
15345 0.625094
15346 0.430032
15347 0.517498
15348 0.619978
15349 0.694304
15350 0.55095
15351 0.712285
15352 0.710748
15353 0.688326
15354 0.589233
15355 0.542986
15356 0.639455
15357 0.745235
15358 0.680283
15359 0.615197
15360 0.796862
15361 0.695535
15362 0.585348
15363 0.644353
15364 0.472403
15365 0.515568
15366 0.723553
15367 0.568233
15368 0.822087
15369 0.63379
15370 0.759174
15371 0.675588
15372 0.58431
15373 0.581982
15374 0.481416
15375 0.834865
15376 0.684053
15377 0.873221
15378 0.523614
15379 0.485886
15380 0.744748
15381 0.873536
15382 0.54501
15383 0.6549
15384 0.641755
15385 0.722135
15386 0.591399
15387 0.655436
15388 0.527633
15389 0.759781
15390 0.597944
15391 0.774877
15392 0.500496
15393 0.527093
15394 0.670153
15395 0.622048
15396 0.719687
15397 0.703525
15398 0.72414
15399 0.674498
15400 0.723534
15401 0.682872
15402 0.843041
15403 0.625969
15404 0.728003
15405 0.723513
15406 0.918833
15407 0.666382
15408 0.703894
15409 0.703268
15410 0.698993
15411 0.75067
15412 0.718663
15413 0.705226
15414 0.675191
15415 0.749368
15416 0.688183
15417 0.694159
15418 0.511862
15419 0.775218
15420 0.727909
15421 0.910219
15422 0.718592
15423 0.54383
15424 0.595479
15425 0.613057
15426 0.690221
15427 0.70867
15428 0.605496
15429 0.864138
15430 0.488432
15431 0.65281
15432 0.915264
15433 0.744633
15434 0.660325
15435 0.859667
15436 0.607583
15437 0.66753
15438 0.794112
15439 0.609196
15440 0.707136
15441 0.669408
15442 0.762806
15443 0.799137
15444 0.591175
15445 0.504386
15446 0.562942
15447 0.535843
15448 0.701561
15449 0.772054
15450 0.492581
15451 0.737191
15452 0.702375
15453 0.375649
15454 0.601258
15455 0.642917
15456 0.605164
15457 0.841665
15458 0.600524
15459 0.824176
15460 0.746244
15461 0.835323
15462 0.586656
15463 0.510973
15464 0.497348
15465 0.612501
15466 0.653767
15467 0.66244
15468 0.784838
15469 0.588543
15470 0.412625
15471 0.928706
15472 0.767479
15473 0.749629
15474 0.607284
15475 0.831667
15476 0.444268
15477 0.754981
15478 0.751872
15479 0.772736
15480 0.722914
15481 0.655106
15482 0.768381
15483 0.702218
15484 0.427253
15485 0.809735
15486 0.806196
15487 0.528558
15488 0.552965
15489 0.690459
15490 0.398007
15491 0.634021
15492 0.61354
15493 0.814524
15494 0.559393
15495 0.708913
15496 0.739933
15497 0.687441
15498 0.899141
15499 0.637709
15500 0.773785
15501 0.422036
15502 0.370964
15503 0.400198
15504 0.582346
15505 0.6409
15506 0.866085
15507 0.766877
15508 0.694591
15509 0.749477
15510 0.646459
15511 0.676702
15512 0.601859
15513 0.809917
15514 0.873047
15515 0.75546
15516 0.505477
15517 0.665983
15518 0.784404
15519 0.640409
15520 0.53791
15521 0.403392
15522 0.616767
15523 0.761673
15524 0.557433
15525 0.689882
15526 0.614027
15527 0.848959
15528 0.534323
15529 0.583769
15530 0.658755
15531 0.75877
15532 0.523151
15533 0.686516
15534 0.403035
15535 0.89355
15536 0.782047
15537 0.504884
15538 0.798781
15539 0.577938
15540 0.804851
15541 0.495572
15542 0.65882
15543 0.536021
15544 0.559831
15545 0.880904
15546 0.814337
15547 0.702733
15548 0.829994
15549 0.72954
15550 0.511963
15551 0.75154
15552 0.74671
15553 0.669135
15554 0.754247
15555 0.83654
15556 0.709307
15557 0.763928
15558 0.677489
15559 0.668748
15560 0.465313
15561 0.699326
15562 0.636428
15563 0.812629
15564 0.810069
15565 0.551923
15566 0.756252
15567 0.830188
15568 0.653262
15569 0.668882
15570 0.648092
15571 0.542566
15572 0.745638
15573 0.689003
15574 0.525942
15575 0.750572
15576 0.753817
15577 0.697982
15578 0.858175
15579 0.643508
15580 0.392036
15581 0.700127
15582 0.7718
15583 0.512058
15584 0.725673
15585 0.858732
15586 0.500418
15587 0.776677
15588 0.733649
15589 0.683781
15590 0.818053
15591 0.666185
15592 0.715799
15593 0.592038
15594 0.647072
15595 0.66874
15596 0.303723
15597 0.556129
15598 0.464156
15599 0.260992
15600 0.379462
15601 0.398328
15602 0.376919
15603 0.495837
15604 0.461595
15605 0.395212
15606 0.411171
15607 0.487117
15608 0.742135
15609 0.173525
15610 0.650215
15611 0.623142
15612 0.676015
15613 0.521307
15614 0.528531
15615 0.732945
15616 0.767211
15617 0.795088
15618 0.659249
15619 0.707233
15620 0.474778
15621 0.612407
15622 0.662905
15623 0.576038
15624 0.63194
15625 0.678969
15626 0.397244
15627 0.548127
15628 0.577042
15629 0.339135
15630 0.400842
15631 0.705318
15632 0.476163
15633 0.640002
15634 0.704647
15635 0.404465
15636 0.681466
15637 0.423169
15638 0.704752
15639 0.887807
15640 0.504911
15641 0.605272
15642 0.407389
15643 0.559389
15644 0.704047
15645 0.739022
15646 0.322558
15647 0.421306
15648 0.464585
15649 0.371617
15650 0.460156
15651 0.426573
15652 0.367962
15653 0.450953
15654 0.623015
15655 0.446783
15656 0.537469
15657 0.404589
15658 0.651593
15659 0.491987
15660 0.353767
15661 0.527489
15662 0.690254
15663 0.477749
15664 0.520864
15665 0.284103
15666 0.396503
15667 0.621868
15668 0.657689
15669 0.513526
15670 0.379953
15671 0.777399
15672 0.472844
15673 0.335355
15674 0.76538
15675 0.485342
15676 0.885572
15677 0.633959
15678 0.597279
15679 0.505732
15680 0.564431
15681 0.555885
15682 0.747734
15683 0.394346
15684 0.612069
15685 0.526084
15686 0.362293
15687 0.314185
15688 0.421345
15689 0.47038
15690 0.42724
15691 0.778239
15692 0.382302
15693 0.452851
15694 0.521337
15695 0.672916
15696 0.269937
15697 0.633909
15698 0.392648
15699 0.717174
15700 0.812599
15701 0.854874
15702 0.57178
15703 0.766996
15704 0.704388
15705 0.836945
15706 0.534597
15707 0.62745
15708 0.851632
15709 0.830768
15710 0.860848
15711 0.454489
15712 0.782555
15713 0.758175
15714 0.839456
15715 0.61281
15716 0.581227
15717 0.40205
15718 0.664391
15719 0.471307
15720 0.697483
15721 0.874755
15722 0.764879
15723 0.884117
15724 0.450176
15725 0.803372
15726 0.403187
15727 0.592698
15728 0.48505
15729 0.837474
15730 0.640532
15731 0.88052
15732 0.697418
15733 0.854066
15734 0.874373
15735 0.691978
15736 0.674745
15737 0.789988
15738 0.577517
15739 0.800715
15740 0.592888
15741 0.637208
15742 0.938311
15743 0.831262
15744 0.520999
15745 0.527054
15746 0.450523
15747 0.84878
15748 0.572727
15749 0.711708
15750 0.603917
15751 0.628966
15752 0.517666
15753 0.433281
15754 0.317364
15755 0.749878
15756 0.74039
15757 0.665031
15758 0.989401
15759 0.580587
15760 0.714579
15761 0.84824
15762 0.599526
15763 0.634476
15764 0.697091
15765 0.784724
15766 0.858902
15767 0.706677
15768 0.799115
15769 0.740185
15770 0.511252
15771 0.545851
15772 0.53684
15773 0.604725
15774 0.602694
15775 0.675368
15776 0.556509
15777 0.71846
15778 0.590359
15779 0.848326
15780 0.8848
15781 0.401882
15782 0.766867
15783 0.35484
15784 0.665807
15785 0.845862
15786 0.492988
15787 0.519007
15788 0.93672
15789 0.716328
15790 0.648939
15791 0.628814
15792 0.834651
15793 0.743942
15794 0.634968
15795 0.503983
15796 0.0847276
15797 0.56258
15798 0.717357
15799 0.730549
15800 0.745964
15801 0.483104
15802 0.67742
15803 0.744607
15804 0.524596
15805 0.743158
15806 0.737436
15807 0.72798
15808 0.744988
15809 0.746153
15810 0.795267
15811 0.710048
15812 0.678521
15813 0.562542
15814 0.840012
15815 0.393542
15816 0.428153
15817 0.282442
15818 0.714352
15819 0.561137
15820 0.414011
15821 0.33406
15822 0.635738
15823 0.788937
15824 0.718948
15825 0.888294
15826 0.706284
15827 0.903864
15828 0.642518
15829 0.728522
15830 0.872589
15831 0.873069
15832 0.686702
15833 0.372998
15834 0.520837
15835 0.802924
15836 0.635011
15837 0.708828
15838 0.405181
15839 0.801933
15840 0.879323
15841 0.74148
15842 0.390902
15843 0.723259
15844 0.695745
15845 0.932809
15846 0.612624
15847 0.448415
15848 0.257901
15849 0.415046
15850 0.672961
15851 0.466884
15852 0.609371
15853 0.64423
15854 0.590611
15855 0.614772
15856 0.543264
15857 0.594558
15858 0.645795
15859 0.430072
15860 0.768469
15861 0.547016
15862 0.65749
15863 0.663979
15864 0.675487
15865 0.775154
15866 0.745508
15867 0.719963
15868 0.367945
15869 0.752418
15870 0.59808
15871 0.940415
15872 0.874854
15873 0.32296
15874 0.729757
15875 0.289681
15876 0.495608
15877 0.628436
15878 0.695089
15879 0.734907
15880 0.71038
15881 0.870371
15882 0.757009
15883 0.826342
15884 0.837239
15885 0.838518
15886 0.633668
15887 0.671392
15888 0.593402
15889 0.616184
15890 0.461079
15891 0.751946
15892 0.477429
15893 0.55217
15894 0.900746
15895 0.655408
15896 0.642928
15897 0.541688
15898 0.570062
15899 0.607382
15900 0.702559
15901 0.725367
15902 0.850915
15903 0.846821
15904 0.92781
15905 0.880515
15906 0.389965
15907 0.807306
15908 0.752262
15909 0.687705
15910 0.668362
15911 0.697056
15912 0.733307
15913 0.696412
15914 0.848544
15915 0.633366
15916 0.449531
15917 0.420012
15918 0.484882
15919 0.326739
15920 0.742938
15921 0.595723
15922 0.749235
15923 0.85101
15924 0.483147
15925 0.90622
15926 0.50601
15927 0.381251
15928 0.846207
15929 0.557765
15930 0.789843
15931 0.398985
15932 0.395002
15933 0.485141
15934 0.591389
15935 0.801804
15936 0.807095
15937 0.773995
15938 0.490298
15939 0.738206
15940 0.598028
15941 0.811946
15942 0.526839
15943 0.678267
15944 0.818124
15945 0.524425
15946 0.573075
15947 0.772833
15948 0.589085
15949 0.591042
15950 0.840567
15951 0.80751
15952 0.481734
15953 0.85635
15954 0.831056
15955 0.469571
15956 0.867525
15957 0.686737
15958 0.847243
15959 0.742832
15960 0.607794
15961 0.630794
15962 0.796005
15963 0.784957
15964 0.262969
15965 0.694534
15966 0.567305
15967 0.736738
15968 0.488836
15969 0.640198
15970 0.724288
15971 0.63641
15972 0.946336
15973 0.62811
15974 0.446957
15975 0.624478
15976 0.726511
15977 0.73742
15978 0.848197
15979 0.460362
15980 0.825683
15981 0.891498
15982 0.726557
15983 0.848889
15984 0.624807
15985 0.576989
15986 0.464931
15987 0.727143
15988 0.358964
15989 0.345893
15990 0.692682
15991 0.590663
15992 0.344229
15993 0.507819
15994 0.67329
15995 0.81382
15996 0.710358
15997 0.613939
15998 0.530634
15999 0.527302
16000 0.408394
16001 0.375713
16002 0.374356
16003 0.618248
16004 0.820533
16005 0.697538
16006 0.311994
16007 0.757803
16008 0.536275
16009 0.646616
16010 0.754428
16011 0.736126
16012 0.495749
16013 0.772233
16014 0.611014
16015 0.818974
16016 0.789441
16017 0.787759
16018 0.71419
16019 0.70026
16020 0.625479
16021 0.591967
16022 0.852907
16023 0.770407
16024 0.730887
16025 0.611384
16026 0.498045
16027 0.607244
16028 0.520044
16029 0.35379
16030 0.855589
16031 0.321806
16032 0.424835
16033 0.302601
16034 0.519956
16035 0.561577
16036 0.473532
16037 0.540361
16038 0.667043
16039 0.374954
16040 0.405631
16041 0.569231
16042 0.688661
16043 0.611215
16044 0.804525
16045 0.551705
16046 0.614291
16047 0.641645
16048 0.409239
16049 0.770937
16050 0.848646
16051 0.774647
16052 0.783809
16053 0.748709
16054 0.758678
16055 0.813253
16056 0.756238
16057 0.685779
16058 0.591828
16059 0.73451
16060 0.738646
16061 0.577694
16062 0.520056
16063 0.588197
16064 0.673716
16065 0.720886
16066 0.809831
16067 0.914925
16068 0.777099
16069 0.788138
16070 0.748047
16071 0.616134
16072 0.59759
16073 0.805822
16074 0.730978
16075 0.665291
16076 0.542808
16077 0.845773
16078 0.861307
16079 0.820083
16080 0.850903
16081 0.717005
16082 0.499504
16083 0.409492
16084 0.294918
16085 0.3983
16086 0.561172
16087 0.875904
16088 0.914453
16089 0.910422
16090 0.802767
16091 0.705555
16092 0.613441
16093 0.682863
16094 0.49269
16095 0.670752
16096 0.688834
16097 0.50467
16098 0.708046
16099 0.697897
16100 0.845286
16101 0.703132
16102 0.757937
16103 0.787144
16104 0.368657
16105 0.606414
16106 0.823094
16107 0.770526
16108 0.851643
16109 0.686542
16110 0.772843
16111 0.581754
16112 0.757454
16113 0.723241
16114 0.513856
16115 0.81508
16116 0.760551
16117 0.71591
16118 0.7194
16119 0.77166
16120 0.62637
16121 0.586906
16122 0.765761
16123 0.595243
16124 0.647845
16125 0.557604
16126 0.638582
16127 0.746509
16128 0.620307
16129 0.765596
16130 0.442433
16131 0.896079
16132 0.737734
16133 0.492051
16134 0.863262
16135 0.757963
16136 0.637485
16137 0.746989
16138 0.871212
16139 0.604032
16140 0.819363
16141 0.704167
16142 0.613714
16143 0.518731
16144 0.37653
16145 0.543191
16146 0.627341
16147 0.499521
16148 0.755261
16149 0.680664
16150 0.848404
16151 0.788942
16152 0.741405
16153 0.698974
16154 0.437061
16155 0.775895
16156 0.856003
16157 0.442253
16158 0.456622
16159 0.551581
16160 0.586578
16161 0.736465
16162 0.747338
16163 0.67501
16164 0.788177
16165 0.563297
16166 0.682466
16167 0.689323
16168 0.851638
16169 0.713888
16170 0.544928
16171 0.649641
16172 0.716665
16173 0.800602
16174 0.529692
16175 0.877639
16176 0.798491
16177 0.810824
16178 0.552104
16179 0.68989
16180 0.492986
16181 0.452671
16182 0.555444
16183 0.580191
16184 0.566218
16185 0.769875
16186 0.425082
16187 0.602577
16188 0.652609
16189 0.465477
16190 0.602147
16191 0.479626
16192 0.820447
16193 0.650418
16194 0.571818
16195 0.443646
16196 0.649709
16197 0.642405
16198 0.681873
16199 0.80681
16200 0.549315
16201 0.858508
16202 0.810478
16203 0.848663
16204 0.747926
16205 0.738791
16206 0.56471
16207 0.752878
16208 0.620227
16209 0.654352
16210 0.536103
16211 0.746199
16212 0.789586
16213 0.680644
16214 0.709207
16215 0.594543
16216 0.48559
16217 0.462376
16218 0.517059
16219 0.640857
16220 0.726589
16221 0.775842
16222 0.708281
16223 0.869511
16224 0.648094
16225 0.657707
16226 0.92975
16227 0.602808
16228 0.448902
16229 0.559885
16230 0.627712
16231 0.487232
16232 0.464442
16233 0.323262
16234 0.325854
16235 0.678655
16236 0.662714
16237 0.778865
16238 0.479921
16239 0.559886
16240 0.542004
16241 0.589809
16242 0.778384
16243 0.356812
16244 0.382776
16245 0.340875
16246 0.840737
16247 0.693633
16248 0.693045
16249 0.558281
16250 0.318056
16251 0.62715
16252 0.561173
16253 0.748463
16254 0.746076
16255 0.847014
16256 0.617763
16257 0.821608
16258 0.697518
16259 0.683988
16260 0.753096
16261 0.888417
16262 0.626625
16263 0.831021
16264 0.656632
16265 0.706192
16266 0.678482
16267 0.787458
16268 0.616205
16269 0.690303
16270 0.689949
16271 0.550708
16272 0.664087
16273 0.733309
16274 0.611291
16275 0.607934
16276 0.61461
16277 0.603769
16278 0.643707
16279 0.747264
16280 0.565778
16281 0.657647
16282 0.779434
16283 0.650982
16284 0.846867
16285 0.587094
16286 0.563094
16287 0.584104
16288 0.736921
16289 0.763064
16290 0.689318
16291 0.753022
16292 0.837707
16293 0.701409
16294 0.417952
16295 0.717267
16296 0.786044
16297 0.66427
16298 0.39931
16299 0.474074
16300 0.551932
16301 0.60648
16302 0.816854
16303 0.517994
16304 0.716612
16305 0.700919
16306 0.482062
16307 0.57557
16308 0.749917
16309 0.771816
16310 0.620748
16311 0.690024
16312 0.574308
16313 0.604821
16314 0.666092
16315 0.534703
16316 0.499119
16317 0.519779
16318 0.425826
16319 0.761778
16320 0.470852
16321 0.536728
16322 0.744369
16323 0.734507
16324 0.448622
16325 0.790146
16326 0.475244
16327 0.292708
16328 0.770483
16329 0.789473
16330 0.750004
16331 0.851535
16332 0.590475
16333 0.621408
16334 0.700812
16335 0.509863
16336 0.588569
16337 0.719878
16338 0.474124
16339 0.618649
16340 0.711007
16341 0.610969
16342 0.689547
16343 0.695361
16344 0.70951
16345 0.941871
16346 0.879961
16347 0.737615
16348 0.56197
16349 0.523726
16350 0.652617
16351 0.694323
16352 0.603746
16353 0.366979
16354 0.756559
16355 0.796909
16356 0.670085
16357 0.819119
16358 0.753062
16359 0.489822
16360 0.674696
16361 0.829672
16362 0.477791
16363 0.670871
16364 0.440067
16365 0.676103
16366 0.651197
16367 0.651806
16368 0.775317
16369 0.727741
16370 0.646431
16371 0.535974
16372 0.588702
16373 0.819096
16374 0.429375
16375 0.465444
16376 0.882952
16377 0.609131
16378 0.785724
16379 0.83151
16380 0.877193
16381 0.528739
16382 0.662556
16383 0.605498
16384 0.544265
16385 0.667261
16386 0.465566
16387 0.748653
16388 0.801288
16389 0.667205
16390 0.562611
16391 0.566769
16392 0.669175
16393 0.708935
16394 0.761828
16395 0.773258
16396 0.777745
16397 0.511676
16398 0.595814
16399 0.68486
16400 0.704945
16401 0.61161
16402 0.546306
16403 0.772181
16404 0.867535
16405 0.596246
16406 0.664685
16407 0.597554
16408 0.75566
16409 0.798381
16410 0.83566
16411 0.79985
16412 0.779109
16413 0.751095
16414 0.44052
16415 0.80997
16416 0.596172
16417 0.868575
16418 0.605052
16419 0.86027
16420 0.810337
16421 0.854652
16422 0.696785
16423 0.506028
16424 0.579991
16425 0.859014
16426 0.490531
16427 0.613628
16428 0.711401
16429 0.845202
16430 0.800557
16431 0.850179
16432 0.677995
16433 0.461973
16434 0.589556
16435 0.750457
16436 0.849596
16437 0.678313
16438 0.807473
16439 0.751968
16440 0.864532
16441 0.732777
16442 0.774493
16443 0.627935
16444 0.529755
16445 0.882339
16446 0.8413
16447 0.854234
16448 0.47963
16449 0.697237
16450 0.652735
16451 0.625067
16452 0.605512
16453 0.742253
16454 0.801324
16455 0.693146
16456 0.659999
16457 0.498374
16458 0.681572
16459 0.713887
16460 0.624647
16461 0.629688
16462 0.893851
16463 0.810214
16464 0.732106
16465 0.78714
16466 0.682323
16467 0.588533
16468 0.895138
16469 0.528603
16470 0.544215
16471 0.514926
16472 0.476374
16473 0.768221
16474 0.491396
16475 0.687486
16476 0.548915
16477 0.875251
16478 0.738177
16479 0.60024
16480 0.575203
16481 0.87293
16482 0.617749
16483 0.605747
16484 0.881101
16485 0.713115
16486 0.578977
16487 0.492832
16488 0.396316
16489 0.671192
16490 0.640398
16491 0.676585
16492 0.837608
16493 0.671211
16494 0.990132
16495 0.697439
16496 0.793288
16497 0.863606
16498 0.790311
16499 0.366512
16500 0.617421
16501 0.484907
16502 0.830468
16503 0.361328
16504 0.593774
16505 0.655299
16506 0.33272
16507 0.687306
16508 0.727654
16509 0.712263
16510 0.413539
16511 0.638006
16512 0.477394
16513 0.53642
16514 0.679419
16515 0.609624
16516 0.422443
16517 0.773559
16518 0.41918
16519 0.512552
16520 0.163106
16521 0.599733
16522 0.788456
16523 0.505236
16524 0.847683
16525 0.357123
16526 0.588304
16527 0.553348
16528 0.654596
16529 0.731209
16530 0.561525
16531 0.612819
16532 0.91782
16533 0.393045
16534 0.646909
16535 0.698216
16536 0.736754
16537 0.502732
16538 0.66984
16539 0.748245
16540 0.736149
16541 0.714022
16542 0.826702
16543 0.664019
16544 0.713397
16545 0.634509
16546 0.636807
16547 0.646329
16548 0.575578
16549 0.413689
16550 0.873525
16551 0.829822
16552 0.742316
16553 0.280703
16554 0.517374
16555 0.748123
16556 0.545077
16557 0.695135
16558 0.499325
16559 0.690499
16560 0.77694
16561 0.574762
16562 0.548338
16563 0.534499
16564 0.744643
16565 0.921871
16566 0.762271
16567 0.781134
16568 0.488473
16569 0.744126
16570 0.687546
16571 0.52848
16572 0.683726
16573 0.52757
16574 0.670339
16575 0.856339
16576 0.614044
16577 0.749495
16578 0.723446
16579 0.908389
16580 0.671689
16581 0.751524
16582 0.846315
16583 0.686442
16584 0.609187
16585 0.703098
16586 0.640277
16587 0.909198
16588 0.329828
16589 0.758531
16590 0.435844
16591 0.679607
16592 0.692011
16593 0.704328
16594 0.641795
16595 0.549146
16596 0.458232
16597 0.417652
16598 0.795582
16599 0.60755
16600 0.488376
16601 0.586976
16602 0.728725
16603 0.427414
16604 0.664312
16605 0.835888
16606 0.55871
16607 0.644816
16608 0.516322
16609 0.458091
16610 0.766861
16611 0.775759
16612 0.834495
16613 0.84719
16614 0.58045
16615 0.7337
16616 0.733637
16617 0.586499
16618 0.674238
16619 0.51276
16620 0.587463
16621 0.508599
16622 0.840003
16623 0.72759
16624 0.491396
16625 0.472397
16626 0.605652
16627 0.817348
16628 0.841815
16629 0.648138
16630 0.77924
16631 0.673028
16632 0.615998
16633 0.893556
16634 0.416674
16635 0.883234
16636 0.648378
16637 0.463408
16638 0.284019
16639 0.3244
16640 0.426782
16641 0.509676
16642 0.470091
16643 0.718515
16644 0.701504
16645 0.692779
16646 0.581325
16647 0.820171
16648 0.695338
16649 0.72336
16650 0.576239
16651 0.777569
16652 0.521246
16653 0.821142
16654 0.714768
16655 0.723265
16656 0.714406
16657 0.5766
16658 0.866851
16659 0.538709
16660 0.800392
16661 0.570667
16662 0.63782
16663 0.765839
16664 0.55001
16665 0.704128
16666 0.745766
16667 0.52556
16668 0.559377
16669 0.800004
16670 0.753302
16671 0.771265
16672 0.684941
16673 0.861941
16674 0.71637
16675 0.611652
16676 0.59576
16677 0.944771
16678 0.539545
16679 0.827127
16680 0.794257
16681 0.678728
16682 0.690878
16683 0.662009
16684 0.637512
16685 0.690118
16686 0.732786
16687 0.601606
16688 0.577396
16689 0.704507
16690 0.536871
16691 0.410378
16692 0.492447
16693 0.538518
16694 0.603909
16695 0.71259
16696 0.466115
16697 0.75459
16698 0.753928
16699 0.930578
16700 0.587755
16701 0.594112
16702 0.761423
16703 0.63531
16704 0.687617
16705 0.620904
16706 0.723774
16707 0.748425
16708 0.790329
16709 0.591857
16710 0.584492
16711 0.470044
16712 0.643465
16713 0.773419
16714 0.838303
16715 0.782799
16716 0.450554
16717 0.483873
16718 0.652479
16719 0.671801
16720 0.853683
16721 0.63041
16722 0.464542
16723 0.529612
16724 0.788696
16725 0.38098
16726 0.444034
16727 0.735035
16728 0.613028
16729 0.88408
16730 0.707027
16731 0.900181
16732 0.746882
16733 0.899273
16734 0.746121
16735 0.631501
16736 0.694357
16737 0.548414
16738 0.801911
16739 0.87519
16740 0.832591
16741 0.38684
16742 0.476437
16743 0.856411
16744 0.656896
16745 0.643315
16746 0.446986
16747 0.848168
16748 0.517541
16749 0.782468
16750 0.40236
16751 0.764436
16752 0.761864
16753 0.843478
16754 0.837504
16755 0.795426
16756 0.872056
16757 0.789602
16758 0.647983
16759 0.755763
16760 0.563943
16761 0.469422
16762 0.319088
16763 0.662564
16764 0.793858
16765 0.645122
16766 0.785314
16767 0.849263
16768 0.936865
16769 0.614989
16770 0.454332
16771 0.856676
16772 0.742522
16773 0.570846
16774 0.676703
16775 0.568233
16776 0.730955
16777 0.499676
16778 0.318077
16779 0.782128
16780 0.313994
16781 0.706119
16782 0.615715
16783 0.789948
16784 0.772093
16785 0.654666
16786 0.746826
16787 0.806556
16788 0.820903
16789 0.913111
16790 0.676906
16791 0.655256
16792 0.793863
16793 0.764185
16794 0.616154
16795 0.384343
16796 0.535158
16797 0.709147
16798 0.62735
16799 0.451604
16800 0.825503
16801 0.788089
16802 0.820118
16803 0.904236
16804 0.865803
16805 0.733779
16806 0.735647
16807 0.792243
16808 0.5283
16809 0.685429
16810 0.674037
16811 0.668441
16812 0.396134
16813 0.534608
16814 0.714646
16815 0.520271
16816 0.807654
16817 0.661413
16818 0.398154
16819 0.657918
16820 0.766978
16821 0.696121
16822 0.769788
16823 0.469375
16824 0.667753
16825 0.714775
16826 0.735301
16827 0.320331
16828 0.78397
16829 0.7088
16830 0.577111
16831 0.707916
16832 0.875416
16833 0.872756
16834 0.644478
16835 0.662947
16836 0.506695
16837 0.599487
16838 0.718535
16839 0.733003
16840 0.665674
16841 0.633712
16842 0.691966
16843 0.802928
16844 0.728551
16845 0.549235
16846 0.586968
16847 0.49112
16848 0.466074
16849 0.617705
16850 0.854497
16851 0.563582
16852 0.484683
16853 0.450336
16854 0.622233
16855 0.526244
16856 0.534121
16857 0.507429
16858 0.474063
16859 0.81918
16860 0.428133
16861 0.756501
16862 0.783863
16863 0.925397
16864 0.639417
16865 0.794192
16866 0.56237
16867 0.67066
16868 0.607442
16869 0.759159
16870 0.634274
16871 0.712054
16872 0.77575
16873 0.812301
16874 0.763535
16875 0.816317
16876 0.671421
16877 0.803654
16878 0.592499
16879 0.65841
16880 0.750407
16881 0.696179
16882 0.603429
16883 0.627367
16884 0.627992
16885 0.77624
16886 0.745973
16887 0.775138
16888 0.461015
16889 0.751575
16890 0.69593
16891 0.776187
16892 0.669517
16893 0.439086
16894 0.792124
16895 0.470654
16896 0.583562
16897 0.614408
16898 0.735611
16899 0.661466
16900 0.68174
16901 0.508574
16902 0.72694
16903 0.687894
16904 0.444972
16905 0.795669
16906 0.780497
16907 0.619142
16908 0.707364
16909 0.71294
16910 0.550091
16911 0.452273
16912 0.642129
16913 0.266831
16914 0.910766
16915 0.702107
16916 0.730609
16917 0.847029
16918 0.596035
16919 0.6526
16920 0.611409
16921 0.783529
16922 0.445555
16923 0.328551
16924 0.546549
16925 0.588629
16926 0.606603
16927 0.713031
16928 0.866689
16929 0.609263
16930 0.65073
16931 0.423066
16932 0.7091
16933 0.665222
16934 0.496789
16935 0.591536
16936 0.747982
16937 0.373153
16938 0.586513
16939 0.549298
16940 0.67363
16941 0.577847
16942 0.485463
16943 0.655042
16944 0.870763
16945 0.719733
16946 0.521782
16947 0.736904
16948 0.719849
16949 0.660702
16950 0.83348
16951 0.500476
16952 0.570361
16953 0.500118
16954 0.737993
16955 0.484101
16956 0.832109
16957 0.81114
16958 0.690924
16959 0.875659
16960 0.430556
16961 0.622427
16962 0.859796
16963 0.898557
16964 0.698655
16965 0.798556
16966 0.601623
16967 0.796705
16968 0.405263
16969 0.778497
16970 0.760542
16971 0.726133
16972 0.404151
16973 0.72701
16974 0.84774
16975 0.790304
16976 0.600616
16977 0.412041
16978 0.796051
16979 0.634668
16980 0.6868
16981 0.798102
16982 0.835046
16983 0.670932
16984 0.596591
16985 0.81427
16986 0.617064
16987 0.839039
16988 0.768274
16989 0.314695
16990 0.86425
16991 0.35219
16992 0.462659
16993 0.796285
16994 0.650865
16995 0.785283
16996 0.417667
16997 0.424299
16998 0.482466
16999 0.735668
17000 0.743344
17001 0.362026
17002 0.798197
17003 0.699873
17004 0.755897
17005 0.850755
17006 0.606627
17007 0.725441
17008 0.452855
17009 0.765188
17010 0.660612
17011 0.878264
17012 0.0272917
17013 0.677845
17014 0.880033
17015 0.503105
17016 0.297885
17017 0.669599
17018 0.241135
17019 0.533087
17020 0.278156
17021 0.688799
17022 0.581597
17023 0.482315
17024 0.366364
17025 0.657771
17026 0.660832
17027 0.659585
17028 0.553601
17029 0.79574
17030 0.888571
17031 0.715412
17032 0.502781
17033 0.651198
17034 0.671797
17035 0.609907
17036 0.670133
17037 0.643804
17038 0.887282
17039 0.639018
17040 0.459031
17041 0.632054
17042 0.520091
17043 0.109497
17044 0.249474
17045 0.732883
17046 0.583825
17047 0.491504
17048 0.501276
17049 0.270107
17050 0.428469
17051 0.607566
17052 0.456464
17053 0.59043
17054 0.322484
17055 0.424622
17056 0.434101
17057 0.655255
17058 0.397638
17059 0.626208
17060 0.722696
17061 0.523915
17062 0.755491
17063 0.704442
17064 0.587022
17065 0.424757
17066 0.721134
17067 0.35912
17068 0.691319
17069 0.706968
17070 0.399268
17071 0.516922
17072 0.411781
17073 0.388782
17074 0.315367
17075 0.63117
17076 0.600122
17077 0.584557
17078 0.687875
17079 0.421859
17080 0.505089
17081 0.718743
17082 0.583405
17083 0.364287
17084 0.537149
17085 0.7996
17086 0.688733
17087 0.656794
17088 0.605659
17089 0.618738
17090 0.264902
17091 0.491835
17092 0.485486
17093 0.449355
17094 0.381546
17095 0.397181
17096 0.510119
17097 0.556426
17098 0.335723
17099 0.613516
17100 0.665669
17101 0.589952
17102 0.356998
17103 0.584165
17104 0.120011
17105 0.749052
17106 0.57115
17107 0.29984
17108 0.607274
17109 0.937712
17110 0.734306
17111 0.468964
17112 0.525529
17113 0.702155
17114 0.821821
17115 0.780983
17116 0.599312
17117 0.580337
17118 0.378841
17119 0.757453
17120 0.566568
17121 0.52986
17122 0.85214
17123 0.598174
17124 0.354315
17125 0.545614
17126 0.701468
17127 0.501281
17128 0.689728
17129 0.276799
17130 0.690471
17131 0.348773
17132 0.274285
17133 0.617872
17134 0.489544
17135 0.543989
17136 0.378253
17137 0.429669
17138 0.495214
17139 0.228986
17140 0.344822
17141 0.688617
17142 0.849969
17143 0.732174
17144 0.740657
17145 0.484509
17146 0.62
17147 0.514097
17148 0.667841
17149 0.53229
17150 0.860226
17151 0.539411
17152 0.818438
17153 0.42956
17154 0.370098
17155 0.505144
17156 0.808268
17157 0.889154
17158 0.649391
17159 0.597572
17160 0.727274
17161 0.844288
17162 0.70898
17163 0.778641
17164 0.700708
17165 0.748947
17166 0.430767
17167 0.657971
17168 0.74286
17169 0.874147
17170 0.400966
17171 0.457076
17172 0.766212
17173 0.688965
17174 0.48577
17175 0.661166
17176 0.541918
17177 0.675612
17178 0.530215
17179 0.602
17180 0.480117
17181 0.82443
17182 0.90721
17183 0.537579
17184 0.509382
17185 0.41172
17186 0.843146
17187 0.560586
17188 0.585028
17189 0.181209
17190 0.34454
17191 0.61812
17192 0.517028
17193 0.500708
17194 0.274298
17195 0.514965
17196 0.799932
17197 0.293367
17198 0.348342
17199 0.436051
17200 0.406587
17201 0.453621
17202 0.694875
17203 0.484237
17204 0.775884
17205 0.670977
17206 0.685884
17207 0.675881
17208 0.756649
17209 0.676791
17210 0.830211
17211 0.728272
17212 0.733388
17213 0.884734
17214 0.597783
17215 0.587183
17216 0.704065
17217 0.633894
17218 0.902242
17219 0.809395
17220 0.774152
17221 0.543429
17222 0.679835
17223 0.646599
17224 0.711507
17225 0.642184
17226 0.550024
17227 0.555427
17228 0.772752
17229 0.725564
17230 0.691723
17231 0.631307
17232 0.702795
17233 0.793858
17234 0.591963
17235 0.670565
17236 0.40322
17237 0.701244
17238 0.286256
17239 0.687172
17240 0.872912
17241 0.195907
17242 0.825872
17243 0.6584
17244 0.80634
17245 0.807643
17246 0.63881
17247 0.736388
17248 0.581499
17249 0.990515
17250 0.704698
17251 0.68684
17252 0.414422
17253 0.677767
17254 0.707688
17255 0.454859
17256 0.456081
17257 0.627812
17258 0.77172
17259 0.584963
17260 0.881133
17261 0.449474
17262 0.849999
17263 0.69583
17264 0.561935
17265 0.577469
17266 0.798164
17267 0.432128
17268 0.387465
17269 0.670912
17270 0.585517
17271 0.358832
17272 0.590962
17273 0.518348
17274 0.234449
17275 0.672896
17276 0.499021
17277 0.245971
17278 0.763581
17279 0.416821
17280 0.55461
17281 0.914067
17282 0.322657
17283 0.296086
17284 0.866285
17285 0.548933
17286 0.639714
17287 0.344393
17288 0.536036
17289 0.448931
17290 0.529497
17291 0.259549
17292 0.560035
17293 0.572704
17294 0.447852
17295 0.408426
17296 0.438507
17297 0.738785
17298 0.913604
17299 0.678389
17300 0.829008
17301 0.486654
17302 0.508257
17303 0.732047
17304 0.624965
17305 0.594118
17306 0.410295
17307 0.61478
17308 0.483343
17309 0.488047
17310 0.71698
17311 0.490271
17312 0.761389
17313 0.491168
17314 0.496542
17315 0.597865
17316 0.517596
17317 0.759369
17318 0.516192
17319 0.532555
17320 0.488132
17321 0.577538
17322 0.36103
17323 0.584846
17324 0.737805
17325 0.696639
17326 0.644869
17327 0.638014
17328 0.550676
17329 0.753299
17330 0.583925
17331 0.709688
17332 0.781446
17333 0.894518
17334 0.749444
17335 0.949656
17336 0.68877
17337 0.745511
17338 0.492411
17339 0.584458
17340 0.713851
17341 0.579761
17342 0.614444
17343 0.406495
17344 0.622114
17345 0.673144
17346 0.701302
17347 0.684262
17348 0.672823
17349 0.633753
17350 0.615797
17351 0.711122
17352 0.599677
17353 0.508665
17354 0.637802
17355 0.691688
17356 0.343504
17357 0.651483
17358 0.758982
17359 0.862585
17360 0.378282
17361 0.561565
17362 0.426364
17363 0.515759
17364 0.501526
17365 0.688238
17366 0.816952
17367 0.332235
17368 0.713058
17369 0.715238
17370 0.729262
17371 0.551524
17372 0.733368
17373 0.680231
17374 0.801972
17375 0.775736
17376 0.487731
17377 0.680183
17378 0.471407
17379 0.353234
17380 0.511789
17381 0.448316
17382 0.577385
17383 0.529746
17384 0.389448
17385 0.649789
17386 0.592783
17387 0.550165
17388 0.20874
17389 0.737853
17390 0.54558
17391 0.595203
17392 0.762626
17393 0.522699
17394 0.570134
17395 0.746932
17396 0.764358
17397 0.691524
17398 0.779633
17399 0.677074
17400 0.856177
17401 0.809369
17402 0.673555
17403 0.57794
17404 0.712205
17405 0.484659
17406 0.617885
17407 0.766036
17408 0.83844
17409 0.720287
17410 0.519355
17411 0.724082
17412 0.523846
17413 0.666455
17414 0.398586
17415 0.39533
17416 0.498602
17417 0.325566
17418 0.466707
17419 0.513622
17420 0.750721
17421 0.896942
17422 0.308043
17423 0.659585
17424 0.352085
17425 0.652996
17426 0.584214
17427 0.396741
17428 0.575059
17429 0.52881
17430 0.879828
17431 0.745917
17432 0.473422
17433 0.773998
17434 0.865801
17435 0.690475
17436 0.469973
17437 0.875841
17438 0.869827
17439 0.874371
17440 0.561582
17441 0.711651
17442 0.552783
17443 0.457263
17444 0.541899
17445 0.483157
17446 0.584724
17447 0.41015
17448 0.661547
17449 0.621286
17450 0.761365
17451 0.566484
17452 0.627797
17453 0.438032
17454 0.33644
17455 0.498972
17456 0.342613
17457 0.491805
17458 0.66247
17459 0.232574
17460 0.333185
17461 0.298177
17462 0.566196
17463 0.405436
17464 0.423288
17465 0.430531
17466 0.591676
17467 0.729161
17468 0.602954
17469 0.768914
17470 0.744804
17471 0.567725
17472 0.826502
17473 0.817432
17474 0.471787
17475 0.804567
17476 0.607049
17477 0.70363
17478 0.634254
17479 0.511097
17480 0.461193
17481 0.65938
17482 0.49519
17483 0.644026
17484 0.637526
17485 0.673436
17486 0.352156
17487 0.455483
17488 0.729665
17489 0.75734
17490 0.943493
17491 0.758771
17492 0.647443
17493 0.398745
17494 0.665193
17495 0.410844
17496 0.378217
17497 0.719897
17498 0.50845
17499 0.524953
17500 0.29155
17501 0.618068
17502 0.858335
17503 0.438237
17504 0.677015
17505 0.871958
17506 0.602992
17507 0.521812
17508 0.610774
17509 0.916036
17510 0.648275
17511 0.322109
17512 0.860307
17513 0.524031
17514 0.686403
17515 0.361822
17516 0.598683
17517 0.496956
17518 0.695984
17519 0.816402
17520 0.587515
17521 0.747305
17522 0.559664
17523 0.494762
17524 0.719994
17525 0.500378
17526 0.801042
17527 0.704131
17528 0.782017
17529 0.930678
17530 0.958234
17531 0.606473
17532 0.596224
17533 0.847571
17534 0.603238
17535 0.851937
17536 0.611714
17537 0.92191
17538 0.699882
17539 0.558077
17540 0.665204
17541 0.828424
17542 0.880803
17543 0.829278
17544 0.890125
17545 0.702696
17546 0.639014
17547 0.756552
17548 0.728202
17549 0.870683
17550 0.814214
17551 0.787519
17552 0.810769
17553 0.5085
17554 0.705384
17555 0.68599
17556 0.552029
17557 0.759999
17558 0.758112
17559 0.917449
17560 0.941932
17561 0.934318
17562 0.906258
17563 0.787906
17564 0.836132
17565 0.845825
17566 0.776114
17567 0.760648
17568 0.96978
17569 0.973991
17570 0.867524
17571 0.858209
17572 0.878482
17573 0.681325
17574 0.777209
17575 0.755953
17576 0.835961
17577 0.810484
17578 0.829847
17579 0.789937
17580 0.832687
17581 0.793577
17582 0.703952
17583 0.760007
17584 0.653557
17585 0.832141
17586 0.815206
17587 0.891926
17588 0.733204
17589 0.817249
17590 0.649624
17591 0.849342
17592 0.897179
17593 0.788177
17594 0.880982
17595 0.740727
17596 0.707097
17597 0.71491
17598 0.749455
17599 0.711594
17600 0.820786
17601 0.784877
17602 0.741728
17603 0.813413
17604 0.928386
17605 0.906935
17606 0.914797
17607 0.73465
17608 0.740125
17609 0.937319
17610 0.867654
17611 0.765888
17612 0.846382
17613 0.735086
17614 0.732652
17615 0.839889
17616 0.639504
17617 0.782783
17618 0.825415
17619 0.71841
17620 0.82314
17621 0.712763
17622 0.871029
17623 0.800057
17624 0.82144
17625 0.684709
17626 0.677854
17627 0.765872
17628 0.918601
17629 0.930416
17630 0.28056
17631 0.82779
17632 0.843261
17633 0.895419
17634 0.88029
17635 0.789147
17636 0.743518
17637 0.703959
17638 0.625794
17639 0.695405
17640 0.83445
17641 0.770458
17642 0.911894
17643 0.566111
17644 0.759432
17645 0.715854
17646 0.850094
17647 0.729134
17648 0.733423
17649 0.781359
17650 0.968378
17651 0.705659
17652 0.858306
17653 0.981886
17654 0.980036
17655 0.838803
17656 0.577782
17657 0.735547
17658 0.873848
17659 0.800824
17660 0.886079
17661 0.928656
17662 0.695246
17663 0.780224
17664 0.667087
17665 0.731189
17666 0.848123
17667 0.839838
17668 0.854658
17669 0.734392
17670 0.739559
17671 0.939164
17672 0.820771
17673 0.792722
17674 0.758721
17675 0.880884
17676 0.728072
17677 0.794523
17678 0.623109
17679 0.876081
17680 0.837943
17681 0.670896
17682 0.885697
17683 0.680027
17684 0.503483
17685 0.759786
17686 0.821934
17687 0.774145
17688 0.770439
17689 0.626772
17690 0.624532
17691 0.755857
17692 0.648857
17693 0.683239
17694 0.593241
17695 0.698143
17696 0.855297
17697 0.897151
17698 0.90422
17699 0.821839
17700 0.813651
17701 0.742989
17702 0.861249
17703 0.90759
17704 0.938021
17705 0.720572
17706 0.782867
17707 0.839021
17708 0.876287
17709 0.670361
17710 0.58954
17711 0.775892
17712 0.723796
17713 0.740652
17714 0.803563
17715 0.792557
17716 0.73359
17717 0.671025
17718 0.721615
17719 0.907476
17720 0.909141
17721 0.753783
17722 0.862911
17723 0.87088
17724 0.912178
17725 0.786261
17726 0.716805
17727 0.962758
17728 0.81249
17729 0.811922
17730 0.807192
17731 0.796999
17732 0.848567
17733 0.707226
17734 0.671225
17735 0.667365
17736 0.89568
17737 0.779541
17738 0.839015
17739 0.808189
17740 0.833587
17741 0.604032
17742 0.858856
17743 0.871945
17744 0.767582
17745 0.774106
17746 0.809788
17747 0.831443
17748 0.80115
17749 0.76746
17750 0.826126
17751 0.833907
17752 0.777253
17753 0.694008
17754 0.692383
17755 0.852004
17756 0.796906
17757 0.852793
17758 0.859001
17759 0.677505
17760 0.87372
17761 0.79591
17762 0.824326
17763 0.833679
17764 0.399657
17765 0.609481
17766 0.695615
17767 0.147363
17768 0.469767
17769 0.920625
17770 0.857889
17771 0.883613
17772 0.88731
17773 0.793348
17774 0.68038
17775 0.89601
17776 0.946044
17777 0.84393
17778 0.833867
17779 0.868709
17780 0.808919
17781 0.846247
17782 0.746506
17783 0.893836
17784 0.727328
17785 0.850768
17786 0.737527
17787 0.862585
17788 0.586458
17789 0.78095
17790 0.593748
17791 0.375913
17792 0.38001
17793 0.0874358
17794 0.227541
17795 0.514205
17796 0.499709
17797 0.756097
17798 0.756657
17799 0.797663
17800 0.42731
17801 0.529106
17802 0.465738
17803 0.405266
17804 0.892708
17805 0.752164
17806 0.488091
17807 0.571961
17808 0.853685
17809 0.53741
17810 0.576678
17811 0.779009
17812 0.689235
17813 0.55331
17814 0.7473
17815 0.503164
17816 0.508796
17817 0.381056
17818 0.377576
17819 0.571376
17820 0.346839
17821 0.375658
17822 0.680932
17823 0.548004
17824 0.24756
17825 0.465817
17826 0.667605
17827 0.556892
17828 0.766546
17829 0.827814
17830 0.717871
17831 0.0714225
17832 0.426452
17833 0.181205
17834 0.212819
17835 0.849881
17836 0.213539
17837 0.49531
17838 0.082026
17839 0.699274
17840 0.312682
17841 0.622414
17842 0.591014
17843 0.113068
17844 0.499255
17845 0.509493
17846 0.588353
17847 0.898231
17848 0.702061
17849 0.617672
17850 0.229165
17851 0.485596
17852 0.498137
17853 0.39771
17854 0.622173
17855 0.841127
17856 0.718295
17857 0.769887
17858 0.734706
17859 0.774031
17860 0.251727
17861 0.402659
17862 0.380097
17863 0.689533
17864 0.666411
17865 0.823126
17866 0.567745
17867 0.702045
17868 0.70925
17869 0.690519
17870 0.757313
17871 0.774908
17872 0.684804
17873 0.631424
17874 0.783198
17875 0.0282739
17876 0.0290035
17877 0.0989922
17878 0.861683
17879 0.251968
17880 0.661055
17881 0.208134
17882 0.429073
17883 0.837563
17884 0.3125
17885 0.449052
17886 0.473968
17887 0.0808538
17888 0.236828
17889 0.222069
17890 0.55653
17891 0.690268
17892 0.740864
17893 0.909765
17894 0.771687
17895 0.289936
17896 0.458289
17897 0.0345438
17898 0.0171692
17899 0.0212957
17900 0.683482
17901 0.376731
17902 0.703013
17903 0.344919
17904 0.934063
17905 0.677216
17906 0.905066
17907 0.816189
17908 0.785468
17909 0.918446
17910 0.377349
17911 0.633314
17912 0.742859
17913 0.896258
17914 0.902046
17915 0.859971
17916 0.54959
17917 0.570279
17918 0.26873
17919 0.68737
17920 0.919776
17921 0.848207
17922 0.549854
17923 0.833314
17924 0.627996
17925 0.761538
17926 0.623333
17927 0.850793
17928 0.349125
17929 0.131433
17930 0.454367
17931 0.186263
17932 0.657776
17933 0.943229
17934 0.711621
17935 0.858284
17936 0.759105
17937 0.715978
17938 0.749339
17939 0.555677
17940 0.426845
17941 0.3811
17942 0.43201
17943 0.1236
17944 0.420928
17945 0.22023
17946 0.376701
17947 0.192715
17948 0.433165
17949 0.64499
17950 0.55306
17951 0.63932
17952 0.201114
17953 0.487054
17954 0.231452
17955 0.182439
17956 0.262532
17957 0.961236
17958 0.875478
17959 0.834253
17960 0.619164
17961 0.169339
17962 0.608784
17963 0.325255
17964 0.706807
17965 0.174125
17966 0.816206
17967 0.888704
17968 0.0505465
17969 0.644666
17970 0.947085
17971 0.551942
17972 0.868745
17973 0.963069
17974 0.57438
17975 0.549851
17976 0.807569
17977 0.501022
17978 0.696201
17979 0.555838
17980 0.63953
17981 0.548266
17982 0.586463
17983 0.672767
17984 0.495115
17985 0.573098
17986 0.711644
17987 0.702335
17988 0.496159
17989 0.540221
17990 0.452221
17991 0.745337
17992 0.795034
17993 0.563275
17994 0.611595
17995 0.595231
17996 0.732416
17997 0.580837
17998 0.152646
17999 0.59865
18000 0.579196
18001 0.300611
18002 0.75574
18003 0.413888
18004 0.779854
18005 0.510265
18006 0.478297
18007 0.588246
18008 0.616845
18009 0.694258
18010 0.578941
18011 0.725678
18012 0.882355
18013 0.692505
18014 0.689418
18015 0.599062
18016 0.828612
18017 0.763313
18018 0.697437
18019 0.819131
18020 0.666688
18021 0.357607
18022 0.600236
18023 0.376724
18024 0.52095
18025 0.235639
18026 0.0694173
18027 0.54183
18028 0.86341
18029 0.566189
18030 0.355874
18031 0.405424
18032 0.142459
18033 0.70571
18034 0.550852
18035 0.612869
18036 0.648649
18037 0.383334
18038 0.68953
18039 0.59456
18040 0.327904
18041 0.549375
18042 0.731644
18043 0.802255
18044 0.578378
18045 0.554708
18046 0.0929088
18047 0.207772
18048 0.643148
18049 0.828699
18050 0.934121
18051 0.477194
18052 0.859527
18053 0.825983
18054 0.570703
18055 0.577619
18056 0.258738
18057 0.392895
18058 0.811163
18059 0.777042
18060 0.813819
18061 0.862618
18062 0.935964
18063 0.396022
18064 0.423305
18065 0.579496
18066 0.612358
18067 0.467692
18068 0.445096
18069 0.491916
18070 0.375213
18071 0.614393
18072 0.176261
18073 0.399742
18074 0.635744
18075 0.632784
18076 0.893894
18077 0.391352
18078 0.460254
18079 0.556847
18080 0.429188
18081 0.537576
18082 0.765364
18083 0.544993
18084 0.491018
18085 0.535046
18086 0.382384
18087 0.457131
18088 0.483693
18089 0.274513
18090 0.605815
18091 0.676861
18092 0.654656
18093 0.290433
18094 0.815848
18095 0.543133
18096 0.562616
18097 0.632442
18098 0.786821
18099 0.0897276
18100 0.55855
18101 0.56773
18102 0.398799
18103 0.510295
18104 0.48403
18105 0.303132
18106 0.0755423
18107 0.921451
18108 0.4609
18109 0.555383
18110 0.553823
18111 0.878064
18112 0.836486
18113 0.747153
18114 0.857449
18115 0.647711
18116 0.594367
18117 0.892645
18118 0.358001
18119 0.374106
18120 0.182113
18121 0.641111
18122 0.307111
18123 0.641802
18124 0.57322
18125 0.503705
18126 0.505339
18127 0.0943938
18128 0.352994
18129 0.677508
18130 0.643207
18131 0.637712
18132 0.503884
18133 0.537194
18134 0.473377
18135 0.614791
18136 0.465309
18137 0.444278
18138 0.813671
18139 0.935177
18140 0.520662
18141 0.494768
18142 0.514151
18143 0.536287
18144 0.724186
18145 0.536623
18146 0.80272
18147 0.417882
18148 0.35998
18149 0.872631
18150 0.477778
18151 0.630175
18152 0.801968
18153 0.86507
18154 0.862866
18155 0.802423
18156 0.642889
18157 0.493971
18158 0.650165
18159 0.862471
18160 0.574681
18161 0.913314
18162 0.133901
18163 0.675755
18164 0.416536
18165 0.346829
18166 0.239792
18167 0.437558
18168 0.718556
18169 0.432903
18170 0.213141
18171 0.110718
18172 0.169346
18173 0.28497
18174 0.14276
18175 0.330688
18176 0.349224
18177 0.499306
18178 0.461435
18179 0.78673
18180 0.578883
18181 0.7992
18182 0.332756
18183 0.602149
18184 0.495048
18185 0.622322
18186 0.647861
18187 0.609082
18188 0.28493
18189 0.333737
18190 0.698356
18191 0.348433
18192 0.221311
18193 0.170518
18194 0.287112
18195 0.360915
18196 0.197351
18197 0.281696
18198 0.323369
18199 0.460087
18200 0.593661
18201 0.545231
18202 0.703557
18203 0.497853
18204 0.819921
18205 0.221685
18206 0.581741
18207 0.268249
18208 0.381902
18209 0.73927
18210 0.40243
18211 0.911855
18212 0.669404
18213 0.532754
18214 0.824161
18215 0.907865
18216 0.754366
18217 0.470653
18218 0.528582
18219 0.599377
18220 0.776557
18221 0.470464
18222 0.51283
18223 0.546295
18224 0.78337
18225 0.873364
18226 0.814553
18227 0.686341
18228 0.35167
18229 0.418211
18230 0.41887
18231 0.435234
18232 0.714562
18233 0.559871
18234 0.755229
18235 0.543531
18236 0.806139
18237 0.257818
18238 0.243634
18239 0.48926
18240 0.671461
18241 0.777779
18242 0.4294
18243 0.572532
18244 0.493729
18245 0.555943
18246 0.766929
18247 0.763348
18248 0.47991
18249 0.137089
18250 0.702799
18251 0.490828
18252 0.621503
18253 0.870079
18254 0.792899
18255 0.508877
18256 0.829018
18257 0.860957
18258 0.929252
18259 0.533343
18260 0.558533
18261 0.78635
18262 0.758609
18263 0.668921
18264 0.855647
18265 0.499531
18266 0.319466
18267 0.439167
18268 0.651544
18269 0.523175
18270 0.519425
18271 0.488286
18272 0.712274
18273 0.743526
18274 0.389422
18275 0.905043
18276 0.771371
18277 0.660644
18278 0.646554
18279 0.249027
18280 0.264309
18281 0.643628
18282 0.243744
18283 0.57497
18284 0.707492
18285 0.682773
18286 0.533695
18287 0.288775
18288 0.503192
18289 0.714736
18290 0.789453
18291 0.639763
18292 0.657759
18293 0.501188
18294 0.622238
18295 0.6356
18296 0.394057
18297 0.9411
18298 0.547483
18299 0.369102
18300 0.846323
18301 0.691335
18302 0.783739
18303 0.899169
18304 0.666194
18305 0.625308
18306 0.782641
18307 0.791443
18308 0.709248
18309 0.473668
18310 0.471058
18311 0.849461
18312 0.313505
18313 0.91384
18314 0.870562
18315 0.65057
18316 0.442985
18317 0.653532
18318 0.820434
18319 0.553193
18320 0.662912
18321 0.552609
18322 0.769315
18323 0.412016
18324 0.605677
18325 0.783753
18326 0.67706
18327 0.757659
18328 0.749541
18329 0.701787
18330 0.726332
18331 0.656986
18332 0.552203
18333 0.787637
18334 0.714136
18335 0.84238
18336 0.822471
18337 0.80925
18338 0.639245
18339 0.909091
18340 0.670518
18341 0.385612
18342 0.286018
18343 0.0323351
18344 0.21272
18345 0.8247
18346 0.0879905
18347 0.105328
18348 0.68217
18349 0.898464
18350 0.915061
18351 0.564503
18352 0.580184
18353 0.646107
18354 0.86324
18355 0.965316
18356 0.464591
18357 0.744358
18358 0.593341
18359 0.840179
18360 0.843177
18361 0.879624
18362 0.553727
18363 0.771647
18364 0.816804
18365 0.726531
18366 0.494854
18367 0.922875
18368 0.612103
18369 0.700882
18370 0.666893
18371 0.865288
18372 0.543958
18373 0.73472
18374 0.444099
18375 0.74477
18376 0.834436
18377 0.707577
18378 0.786535
18379 0.538651
18380 0.790778
18381 0.758649
18382 0.88545
18383 0.958459
18384 0.665571
18385 0.417535
18386 0.550847
18387 0.672096
18388 0.798605
18389 0.946401
18390 0.572318
18391 0.80945
18392 0.740959
18393 0.85699
18394 0.470003
18395 0.505019
18396 0.369181
18397 0.547051
18398 0.729074
18399 0.829799
18400 0.781552
18401 0.0208055
18402 0.226989
18403 0.380768
18404 0.25543
18405 0.166934
18406 0.0479526
18407 0.480111
18408 0.540405
18409 0.648757
18410 0.502239
18411 0.541578
18412 0.828949
18413 0.56305
18414 0.487139
18415 0.641243
18416 0.730811
18417 0.883716
18418 0.595817
18419 0.655982
18420 0.859883
18421 0.912078
18422 0.780383
18423 0.897281
18424 0.525123
18425 0.693365
18426 0.856863
18427 0.698193
18428 0.798454
18429 0.765322
18430 0.637822
18431 0.872941
18432 0.601337
18433 0.214295
18434 0.707451
18435 0.383374
18436 0.676973
18437 0.448628
18438 0.267001
18439 0.675745
18440 0.547833
18441 0.75551
18442 0.527839
18443 0.849884
18444 0.768912
18445 0.621642
18446 0.817453
18447 0.727867
18448 0.373764
18449 0.487948
18450 0.57061
18451 0.867956
18452 0.479183
18453 0.757252
18454 0.683819
18455 0.750067
18456 0.92995
18457 0.890547
18458 0.889721
18459 0.662323
18460 0.840091
18461 0.751618
18462 0.601768
18463 0.80589
18464 0.70918
18465 0.850431
18466 0.863525
18467 0.836295
18468 0.670882
18469 0.811821
18470 0.833246
18471 0.647503
18472 0.499863
18473 0.944936
18474 0.397091
18475 0.861649
18476 0.744707
18477 0.720047
18478 0.866843
18479 0.603671
18480 0.906137
18481 0.650979
18482 0.906865
18483 0.685893
18484 0.546106
18485 0.776034
18486 0.621651
18487 0.777846
18488 0.693798
18489 0.757995
18490 0.901688
18491 0.819713
18492 0.400249
18493 0.911459
18494 0.64512
18495 0.70653
18496 0.884892
18497 0.827317
18498 0.834425
18499 0.615397
18500 0.719173
18501 0.752633
18502 0.802504
18503 0.742372
18504 0.659203
18505 0.512401
18506 0.835513
18507 0.766469
18508 0.651436
18509 0.889479
18510 0.737733
18511 0.946747
18512 0.708938
18513 0.637143
18514 0.833711
18515 0.665139
18516 0.695147
18517 0.721732
18518 0.630061
18519 0.819179
18520 0.792061
18521 0.747535
18522 0.671755
18523 0.934143
18524 0.71356
18525 0.843856
18526 0.918831
18527 0.701379
18528 0.63698
18529 0.620591
18530 0.784219
18531 0.832755
18532 0.392194
18533 0.626323
18534 0.655006
18535 0.504321
18536 0.601122
18537 0.750893
18538 0.66504
18539 0.733107
18540 0.486308
18541 0.91855
18542 0.914683
18543 0.908644
18544 0.879882
18545 0.778492
18546 0.670477
18547 0.908043
18548 0.561735
18549 0.942651
18550 0.748428
18551 0.821318
18552 0.746114
18553 0.712338
18554 0.907937
18555 0.890934
18556 0.848789
18557 0.839891
18558 0.914455
18559 0.789517
18560 0.844417
18561 0.864995
18562 0.959696
18563 0.974104
18564 0.553167
18565 0.766587
18566 0.898907
18567 0.80927
18568 0.949665
18569 0.93723
18570 0.875619
18571 0.920792
18572 0.636262
18573 0.82001
18574 0.889162
18575 0.731116
18576 0.833731
18577 0.691692
18578 0.688552
18579 0.625015
18580 0.653888
18581 0.614933
18582 0.637683
18583 0.397116
18584 0.58378
18585 0.6197
18586 0.757593
18587 0.578762
18588 0.412383
18589 0.866277
18590 0.948515
18591 0.653853
18592 0.79761
18593 0.901166
18594 0.774494
18595 0.930587
18596 0.913094
18597 0.70681
18598 0.482909
18599 0.96821
18600 0.948311
18601 0.659758
18602 0.879782
18603 0.911584
18604 0.610009
18605 0.775641
18606 0.868496
18607 0.723391
18608 0.820396
18609 0.690255
18610 0.824634
18611 0.887897
18612 0.774993
18613 0.862641
18614 0.633424
18615 0.295226
18616 0.562205
18617 0.919197
18618 0.668692
18619 0.476872
18620 0.823466
18621 0.497217
18622 0.925638
18623 0.889505
18624 0.858917
18625 0.962829
18626 0.767128
18627 0.860108
18628 0.481595
18629 0.68009
18630 0.429952
18631 0.645719
18632 0.415979
18633 0.608858
18634 0.815933
18635 0.297785
18636 0.897689
18637 0.284523
18638 0.715882
18639 0.852482
18640 0.726097
18641 0.585641
18642 0.56136
18643 0.681667
18644 0.603434
18645 0.758987
18646 0.762297
18647 0.389457
18648 0.867278
18649 0.748609
18650 0.645652
18651 0.831118
18652 0.637384
18653 0.753795
18654 0.701294
18655 0.712479
18656 0.683497
18657 0.705053
18658 0.651843
18659 0.430969
18660 0.620191
18661 0.732071
18662 0.669263
18663 0.515741
18664 0.561681
18665 0.612954
18666 0.577581
18667 0.903549
18668 0.64546
18669 0.100044
18670 0.863319
18671 0.347404
18672 0.904239
18673 0.791197
18674 0.410072
18675 0.262755
18676 0.738928
18677 0.748012
18678 0.411227
18679 0.743635
18680 0.734827
18681 0.310007
18682 0.532082
18683 0.636572
18684 0.777454
18685 0.813367
18686 0.472842
18687 0.582918
18688 0.351065
18689 0.56344
18690 0.833579
18691 0.919571
18692 0.746529
18693 0.762636
18694 0.783147
18695 0.82719
18696 0.564109
18697 0.759602
18698 0.642615
18699 0.66114
18700 0.834958
18701 0.843095
18702 0.753125
18703 0.672917
18704 0.686974
18705 0.840234
18706 0.698146
18707 0.883053
18708 0.762988
18709 0.910057
18710 0.759276
18711 0.736769
18712 0.72534
18713 0.711326
18714 0.744414
18715 0.598365
18716 0.798095
18717 0.766839
18718 0.130007
18719 0.421508
18720 0.620648
18721 0.804262
18722 0.669759
18723 0.612198
18724 0.635477
18725 0.878875
18726 0.736936
18727 0.543775
18728 0.864162
18729 0.87147
18730 0.825962
18731 0.865568
18732 0.880341
18733 0.652997
18734 0.891536
18735 0.68878
18736 0.818021
18737 0.734387
18738 0.731161
18739 0.682985
18740 0.830973
18741 0.78469
18742 0.742864
18743 0.599793
18744 0.70391
18745 0.648755
18746 0.906127
18747 0.885323
18748 0.690832
18749 0.856175
18750 0.77638
18751 0.613578
18752 0.746777
18753 0.805572
18754 0.856223
18755 0.725365
18756 0.852271
18757 0.811913
18758 0.758366
18759 0.833664
18760 0.713992
18761 0.727793
18762 0.834713
18763 0.834302
18764 0.748991
18765 0.665236
18766 0.549422
18767 0.533509
18768 0.54118
18769 0.497572
18770 0.776876
18771 0.967466
18772 0.949859
18773 0.634137
18774 0.812769
18775 0.550337
18776 0.512195
18777 0.854497
18778 0.779023
18779 0.902407
18780 0.819289
18781 0.935126
18782 0.875718
18783 0.765098
18784 0.735062
18785 0.777593
18786 0.829312
18787 0.730148
18788 0.920671
18789 0.541224
18790 0.942524
18791 0.747744
18792 0.804206
18793 0.878986
18794 0.743829
18795 0.762463
18796 0.778055
18797 0.777265
18798 0.669166
18799 0.75154
18800 0.712438
18801 0.637198
18802 0.515704
18803 0.780138
18804 0.803495
18805 0.752148
18806 0.822153
18807 0.601074
18808 0.563337
18809 0.592308
18810 0.546514
18811 0.807777
18812 0.532034
18813 0.623876
18814 0.775707
18815 0.806
18816 0.475572
18817 0.528061
18818 0.563776
18819 0.447953
18820 0.560551
18821 0.534407
18822 0.53028
18823 0.587212
18824 0.661762
18825 0.854802
18826 0.486113
18827 0.564056
18828 0.900134
18829 0.64778
18830 0.51248
18831 0.824487
18832 0.688327
18833 0.775068
18834 0.956935
18835 0.899086
18836 0.911604
18837 0.786362
18838 0.895036
18839 0.888464
18840 0.724317
18841 0.497815
18842 0.511249
18843 0.681945
18844 0.801206
18845 0.83727
18846 0.59133
18847 0.843172
18848 0.852199
18849 0.821848
18850 0.724888
18851 0.582191
18852 0.692447
18853 0.803064
18854 0.852474
18855 0.700537
18856 0.686513
18857 0.854253
18858 0.894908
18859 0.606311
18860 0.573593
18861 0.55581
18862 0.745945
18863 0.805243
18864 0.931926
18865 0.860621
18866 0.868481
18867 0.882384
18868 0.497553
18869 0.841776
18870 0.834262
18871 0.795402
18872 0.812022
18873 0.302993
18874 0.469186
18875 0.631669
18876 0.570243
18877 0.654797
18878 0.767427
18879 0.844855
18880 0.724747
18881 0.920627
18882 0.56717
18883 0.682895
18884 0.650015
18885 0.48416
18886 0.556648
18887 0.677011
18888 0.726984
18889 0.794191
18890 0.496718
18891 0.502444
18892 0.79787
18893 0.649165
18894 0.575847
18895 0.414176
18896 0.527246
18897 0.366878
18898 0.493731
18899 0.630808
18900 0.404442
18901 0.614472
18902 0.817765
18903 0.542214
18904 0.618844
18905 0.670099
18906 0.611801
18907 0.557234
18908 0.56949
18909 0.646282
18910 0.700919
18911 0.634727
18912 0.794195
18913 0.750621
18914 0.847287
18915 0.614481
18916 0.890688
18917 0.925696
18918 0.508133
18919 0.55915
18920 0.549528
18921 0.801906
18922 0.837717
18923 0.789184
18924 0.638733
18925 0.772041
18926 0.485249
18927 0.771354
18928 0.856322
18929 0.719172
18930 0.668228
18931 0.643077
18932 0.919288
18933 0.85258
18934 0.74706
18935 0.750008
18936 0.609994
18937 0.526759
18938 0.488563
18939 0.636312
18940 0.598861
18941 0.407992
18942 0.629364
18943 0.568521
18944 0.486314
18945 0.573661
18946 0.466438
18947 0.81127
18948 0.492496
18949 0.821467
18950 0.577801
18951 0.9171
18952 0.669763
18953 0.452985
18954 0.869933
18955 0.62526
18956 0.304072
18957 0.72751
18958 0.794971
18959 0.796152
18960 0.821678
18961 0.839128
18962 0.832587
18963 0.856616
18964 0.863105
18965 0.84252
18966 0.969401
18967 0.924291
18968 0.914037
18969 0.62621
18970 0.743063
18971 0.899794
18972 0.912034
18973 0.9909
18974 0.794428
18975 0.859582
18976 0.760834
18977 0.783133
18978 0.89273
18979 0.960808
18980 0.738641
18981 0.904512
18982 0.681312
18983 0.731756
18984 0.73434
18985 0.945929
18986 0.738203
18987 0.938191
18988 0.758023
18989 0.709027
18990 0.723241
18991 0.843362
18992 0.891247
18993 0.769458
18994 0.73084
18995 0.892029
18996 0.604859
18997 0.720411
18998 0.926091
18999 0.737559
19000 0.918379
19001 0.734392
19002 0.588546
19003 0.869744
19004 0.682391
19005 0.828332
19006 0.919889
19007 0.603699
19008 0.939738
19009 0.920128
19010 0.94217
19011 0.901416
19012 0.88937
19013 0.937633
19014 0.939881
19015 0.937002
19016 0.930563
19017 0.908663
19018 0.638145
19019 0.777035
19020 0.904448
19021 0.910285
19022 0.922262
19023 0.632344
19024 0.912305
19025 0.745013
19026 0.88181
19027 0.929042
19028 0.88609
19029 0.784552
19030 0.59321
19031 0.668625
19032 0.971938
19033 0.992454
19034 0.900899
19035 0.761276
19036 0.994238
19037 0.621407
19038 0.643987
19039 0.905672
19040 0.751711
19041 0.589419
19042 0.731133
19043 0.869905
19044 0.51556
19045 0.857405
19046 0.550465
19047 0.831247
19048 0.7083
19049 0.770466
19050 0.743438
19051 0.884665
19052 0.727683
19053 0.92623
19054 0.921196
19055 0.770563
19056 0.944321
19057 0.438859
19058 0.855401
19059 0.828761
19060 0.953486
19061 0.675637
19062 0.650545
19063 0.86584
19064 0.721686
19065 0.783059
19066 0.964516
19067 0.960552
19068 0.656726
19069 0.583724
19070 0.805412
19071 0.560433
19072 0.985983
19073 0.48008
19074 0.749342
19075 0.95899
19076 0.955078
19077 0.928976
19078 0.553345
19079 0.89986
19080 0.891488
19081 0.968203
19082 0.522718
19083 0.705649
19084 0.639656
19085 0.960365
19086 0.787185
19087 0.933978
19088 0.774048
19089 0.688179
19090 0.660027
19091 0.710587
19092 0.841774
19093 0.852092
19094 0.871584
19095 0.669942
19096 0.700954
19097 0.840505
19098 0.688139
19099 0.689735
19100 0.707175
19101 0.744228
19102 0.768472
19103 0.749131
19104 0.702835
19105 0.780124
19106 0.707933
19107 0.736247
19108 0.780159
19109 0.761499
19110 0.718555
19111 0.615193
19112 0.752959
19113 0.646342
19114 0.791126
19115 0.783312
19116 0.751205
19117 0.666558
19118 0.740586
19119 0.718851
19120 0.685302
19121 0.720786
19122 0.774204
19123 0.92266
19124 0.827578
19125 0.839438
19126 0.748784
19127 0.759747
19128 0.716305
19129 0.64358
19130 0.749426
19131 0.706758
19132 0.835713
19133 0.584125
19134 0.779531
19135 0.695587
19136 0.6554
19137 0.868189
19138 0.718511
19139 0.737312
19140 0.646094
19141 0.629212
19142 0.713805
19143 0.833032
19144 0.790431
19145 0.893486
19146 0.700446
19147 0.610703
19148 0.689994
19149 0.781194
19150 0.719312
19151 0.821411
19152 0.645554
19153 0.78498
19154 0.799119
19155 0.744315
19156 0.717423
19157 0.65143
19158 0.668811
19159 0.800075
19160 0.779053
19161 0.819885
19162 0.488236
19163 0.665473
19164 0.665046
19165 0.615204
19166 0.552675
19167 0.634733
19168 0.842563
19169 0.633292
19170 0.810876
19171 0.665193
19172 0.677339
19173 0.75794
19174 0.654812
19175 0.767908
19176 0.723051
19177 0.728599
19178 0.774532
19179 0.785383
19180 0.855857
19181 0.761443
19182 0.74092
19183 0.779413
19184 0.692922
19185 0.852658
19186 0.922699
19187 0.702666
19188 0.712815
19189 0.946053
19190 0.6987
19191 0.708883
19192 0.716028
19193 0.69933
19194 0.63291
19195 0.590751
19196 0.771196
19197 0.841869
19198 0.935314
19199 0.874025
19200 0.796256
19201 0.949065
19202 0.948465
19203 0.931338
19204 0.591424
19205 0.762076
19206 0.92595
19207 0.734877
19208 0.65417
19209 0.910138
19210 0.943343
19211 0.721198
19212 0.939102
19213 0.690721
19214 0.73232
19215 0.912444
19216 0.776314
19217 0.73494
19218 0.881529
19219 0.905286
19220 0.888361
19221 0.776182
19222 0.532625
19223 0.914251
19224 0.913564
19225 0.905078
19226 0.875697
19227 0.883867
19228 0.75048
19229 0.889317
19230 0.650332
19231 0.693951
19232 0.755004
19233 0.909535
19234 0.601926
19235 0.71665
19236 0.644915
19237 0.588027
19238 0.933872
19239 0.717121
19240 0.725266
19241 0.886418
19242 0.813958
19243 0.745549
19244 0.755753
19245 0.765014
19246 0.750896
19247 0.992415
19248 0.791957
19249 0.706992
19250 0.738805
19251 0.690694
19252 0.758203
19253 0.844952
19254 0.761629
19255 0.91876
19256 0.743277
19257 0.729723
19258 0.787023
19259 0.809649
19260 0.784368
19261 0.859977
19262 0.884324
19263 0.764917
19264 0.938744
19265 0.668522
19266 0.961821
19267 0.959056
19268 0.819876
19269 0.775826
19270 0.952988
19271 0.612776
19272 0.862946
19273 0.834171
19274 0.7806
19275 0.836604
19276 0.758945
19277 0.94524
19278 0.722798
19279 0.971363
19280 0.940823
19281 0.809256
19282 0.992947
19283 0.933565
19284 0.703727
19285 0.69369
19286 0.939151
19287 0.939542
19288 0.961113
19289 0.739144
19290 0.936058
19291 0.964659
19292 0.760277
19293 0.696585
19294 0.945244
19295 0.74445
19296 0.942732
19297 0.969988
19298 0.964458
19299 0.7696
19300 0.871975
19301 0.763588
19302 0.849315
19303 0.97295
19304 0.986911
19305 0.810564
19306 0.830549
19307 0.684174
19308 0.718053
19309 0.741993
19310 0.720975
19311 0.70415
19312 0.741336
19313 0.727585
19314 0.977034
19315 0.759533
19316 0.709743
19317 0.755557
19318 0.970555
19319 0.761352
19320 0.752215
19321 0.725554
19322 0.977809
19323 0.812801
19324 0.828384
19325 0.750918
19326 0.716661
19327 0.818491
19328 0.722794
19329 0.711784
19330 0.675705
19331 0.83091
19332 0.973041
19333 0.727639
19334 0.74204
19335 0.623272
19336 0.755685
19337 0.681723
19338 0.738882
19339 0.777218
19340 0.784107
19341 0.716805
19342 0.627825
19343 0.684033
19344 0.793061
19345 0.762796
19346 0.728899
19347 0.806707
19348 0.716627
19349 0.792406
19350 0.75678
19351 0.727474
19352 0.644297
19353 0.657197
19354 0.782322
19355 0.70641
19356 0.624051
19357 0.772267
19358 0.782797
19359 0.774991
19360 0.592988
19361 0.721897
19362 0.835742
19363 0.701377
19364 0.776534
19365 0.631455
19366 0.706789
19367 0.794822
19368 0.729889
19369 0.753132
19370 0.645578
19371 0.592892
19372 0.76641
19373 0.70332
19374 0.644365
19375 0.782752
19376 0.72826
19377 0.704329
19378 0.737313
19379 0.582098
19380 0.577911
19381 0.609309
19382 0.887062
19383 0.853392
19384 0.86929
19385 0.903878
19386 0.832313
19387 0.792609
19388 0.73326
19389 0.757952
19390 0.673931
19391 0.724002
19392 0.725628
19393 0.631926
19394 0.679689
19395 0.619288
19396 0.608385
19397 0.716867
19398 0.796786
19399 0.754218
19400 0.775296
19401 0.683128
19402 0.63643
19403 0.763947
19404 0.737624
19405 0.821246
19406 0.700098
19407 0.711124
19408 0.70826
19409 0.948457
19410 0.949045
19411 0.772521
19412 0.728138
19413 0.739278
19414 0.748351
19415 0.751614
19416 0.90024
19417 0.695444
19418 0.897226
19419 0.771755
19420 0.880045
19421 0.717248
19422 0.771786
19423 0.896902
19424 0.900852
19425 0.769112
19426 0.893175
19427 0.697229
19428 0.74992
19429 0.892672
19430 0.932094
19431 0.728114
19432 0.663425
19433 0.914801
19434 0.913308
19435 0.773248
19436 0.754824
19437 0.774959
19438 0.877379
19439 0.916891
19440 0.920411
19441 0.896762
19442 0.885709
19443 0.94214
19444 0.710532
19445 0.773103
19446 0.638791
19447 0.902509
19448 0.752907
19449 0.681641
19450 0.721913
19451 0.90639
19452 0.752137
19453 0.946832
19454 0.950364
19455 0.906484
19456 0.71016
19457 0.885623
19458 0.764469
19459 0.778774
19460 0.755777
19461 0.757642
19462 0.797182
19463 0.765121
19464 0.784522
19465 0.785531
19466 0.991134
19467 0.786371
19468 0.794645
19469 0.74711
19470 0.958649
19471 0.7556
19472 0.744161
19473 0.727398
19474 0.951895
19475 0.922967
19476 0.725458
19477 0.948076
19478 0.927705
19479 0.709057
19480 0.952185
19481 0.917059
19482 0.964154
19483 0.687538
19484 0.934458
19485 0.74655
19486 0.709012
19487 0.95812
19488 0.947467
19489 0.730096
19490 0.73436
19491 0.972754
19492 0.710664
19493 0.699624
19494 0.949302
19495 0.91174
19496 0.646361
19497 0.967378
19498 0.942099
19499 0.931598
19500 0.728601
19501 0.705613
19502 0.772897
19503 0.705717
19504 0.950385
19505 0.936149
19506 0.699223
19507 0.737628
19508 0.958069
19509 0.95975
19510 0.780047
19511 0.610221
19512 0.963997
19513 0.775227
19514 0.722024
19515 0.776088
19516 0.779835
19517 0.703082
19518 0.697746
19519 0.774937
19520 0.662136
19521 0.709075
19522 0.704316
19523 0.695957
19524 0.739777
19525 0.728797
19526 0.73915
19527 0.725804
19528 0.724462
19529 0.740965
19530 0.971521
19531 0.713815
19532 0.747769
19533 0.976023
19534 0.7647
19535 0.977636
19536 0.729627
19537 0.973629
19538 0.746197
19539 0.764409
19540 0.981187
19541 0.7134
19542 0.741108
19543 0.831031
19544 0.752594
19545 0.737456
19546 0.978084
19547 0.73827
19548 0.772524
19549 0.974249
19550 0.81434
19551 0.704818
19552 0.719039
19553 0.682169
19554 0.833374
19555 0.828442
19556 0.805713
19557 0.656765
19558 0.708021
19559 0.728147
19560 0.84602
19561 0.743143
19562 0.693984
19563 0.755881
19564 0.977593
19565 0.699886
19566 0.84026
19567 0.756921
19568 0.737391
19569 0.79655
19570 0.790484
19571 0.817779
19572 0.708304
19573 0.672875
19574 0.790596
19575 0.749511
19576 0.790325
19577 0.719644
19578 0.723853
19579 0.767393
19580 0.764525
19581 0.769467
19582 0.704832
19583 0.6786
19584 0.621557
19585 0.686776
19586 0.789092
19587 0.71112
19588 0.7975
19589 0.774276
19590 0.764397
19591 0.725481
19592 0.71064
19593 0.641282
19594 0.743397
19595 0.742818
19596 0.66702
19597 0.745777
19598 0.763197
19599 0.810053
19600 0.739814
19601 0.700828
19602 0.64857
19603 0.593501
19604 0.758897
19605 0.734717
19606 0.763624
19607 0.768153
19608 0.78348
19609 0.722085
19610 0.651114
19611 0.76315
19612 0.64694
19613 0.732613
19614 0.692798
19615 0.691907
19616 0.740141
19617 0.67372
19618 0.746942
19619 0.800819
19620 0.622035
19621 0.720719
19622 0.741405
19623 0.753354
19624 0.764029
19625 0.659766
19626 0.792183
19627 0.767241
19628 0.797857
19629 0.774352
19630 0.78208
19631 0.718893
19632 0.721521
19633 0.720503
19634 0.721211
19635 0.741125
19636 0.715289
19637 0.745429
19638 0.896242
19639 0.979845
19640 0.978978
19641 0.951074
19642 0.717469
19643 0.979804
19644 0.904811
19645 0.976227
19646 0.908427
19647 0.950905
19648 0.954651
19649 0.953954
19650 0.903899
19651 0.944359
19652 0.975842
19653 0.933535
19654 0.955309
19655 0.975666
19656 0.944781
19657 0.943204
19658 0.951435
19659 0.942195
19660 0.953571
19661 0.953853
19662 0.955042
19663 0.950424
19664 0.955205
19665 0.955106
19666 0.968964
19667 0.946028
19668 0.966288
19669 0.945961
19670 0.933798
19671 0.9544
19672 0.956203
19673 0.947864
19674 0.938108
19675 0.939157
19676 0.945034
19677 0.949356
19678 0.939824
19679 0.925989
19680 0.93361
19681 0.955838
19682 0.924662
19683 0.946283
19684 0.930059
19685 0.958103
19686 0.946651
19687 0.901447
19688 0.954661
19689 0.901867
19690 0.961332
19691 0.961871
19692 0.952994
19693 0.954991
19694 0.900451
19695 0.92842
19696 0.955783
19697 0.955965
19698 0.930529
19699 0.954308
19700 0.897788
19701 0.940619
19702 0.94088
19703 0.717884
19704 0.716777
19705 0.720639
19706 0.71754
19707 0.684055
19708 0.686652
19709 0.71314
19710 0.715177
19711 0.721929
19712 0.720723
19713 0.717009
19714 0.718098
19715 0.674977
19716 0.722888
19717 0.72925
19718 0.897174
19719 0.979428
19720 0.979359
19721 0.951138
19722 0.747158
19723 0.986292
19724 0.976436
19725 0.957102
19726 0.952036
19727 0.953348
19728 0.948946
19729 0.944695
19730 0.973611
19731 0.929547
19732 0.955798
19733 0.975149
19734 0.94457
19735 0.942763
19736 0.950755
19737 0.956093
19738 0.952581
19739 0.941954
19740 0.954068
19741 0.923487
19742 0.915078
19743 0.964512
19744 0.945838
19745 0.92885
19746 0.939874
19747 0.988055
19748 0.938795
19749 0.928068
19750 0.93674
19751 0.948632
19752 0.946795
19753 0.953847
19754 0.922629
19755 0.941051
19756 0.950761
19757 0.900647
19758 0.874446
19759 0.95579
19760 0.931953
19761 0.899521
19762 0.953506
19763 0.956074
19764 0.925356
19765 0.951573
19766 0.957694
19767 0.912957
19768 0.936273
19769 0.934784
19770 0.965617
19771 0.9513
19772 0.95294
19773 0.897933
19774 0.878292
19775 0.937572
19776 0.953409
19777 0.870929
19778 0.955159
19779 0.961698
19780 0.926133
19781 0.961434
19782 0.932711
19783 0.717016
19784 0.720773
19785 0.716434
19786 0.718097
19787 0.764473
19788 0.6733
19789 0.715532
19790 0.725052
19791 0.720168
19792 0.719656
19793 0.719945
19794 0.72678
19795 0.719907
19796 0.72872
19797 0.727333
19798 0.899656
19799 0.980094
19800 0.979967
19801 0.951087
19802 0.726583
19803 0.985015
19804 0.984933
19805 0.9389
19806 0.954786
19807 0.950729
19808 0.954906
19809 0.879053
19810 0.944291
19811 0.985599
19812 0.928398
19813 0.954431
19814 0.984947
19815 0.944362
19816 0.940848
19817 0.95178
19818 0.940671
19819 0.953991
19820 0.954112
19821 0.954584
19822 0.950839
19823 0.929472
19824 0.990154
19825 0.939398
19826 0.927652
19827 0.989938
19828 0.940197
19829 0.926947
19830 0.929359
19831 0.955247
19832 0.940122
19833 0.936345
19834 0.951053
19835 0.939688
19836 0.936583
19837 0.940188
19838 0.951122
19839 0.859559
19840 0.9278
19841 0.882017
19842 0.955256
19843 0.951754
19844 0.936168
19845 0.957542
19846 0.939315
19847 0.881258
19848 0.952615
19849 0.862492
19850 0.952258
19851 0.951564
19852 0.899463
19853 0.881927
19854 0.939215
19855 0.957127
19856 0.934946
19857 0.95227
19858 0.955342
19859 0.953121
19860 0.925785
19861 0.951398
19862 0.925997
19863 0.72013
19864 0.719692
19865 0.719763
19866 0.719774
19867 0.724463
19868 0.725086
19869 0.725416
19870 0.724326
19871 0.719892
19872 0.7201
19873 0.726312
19874 0.725974
19875 0.752208
19876 0.721333
19877 0.717307
19878 0.980245
19879 0.979946
19880 0.951079
19881 0.727745
19882 0.984521
19883 0.984803
19884 0.95229
19885 0.955053
19886 0.956859
19887 0.950855
19888 0.944158
19889 0.982787
19890 0.930535
19891 0.952614
19892 0.985277
19893 0.944378
19894 0.900575
19895 0.940936
19896 0.949304
19897 0.954955
19898 0.954193
19899 0.94093
19900 0.955219
19901 0.935602
19902 0.923644
19903 0.95411
19904 0.990233
19905 0.940321
19906 0.924379
19907 0.934103
19908 0.981257
19909 0.940376
19910 0.926473
19911 0.93973
19912 0.936201
19913 0.939117
19914 0.950366
19915 0.940826
19916 0.935086
19917 0.949885
19918 0.898053
19919 0.954838
19920 0.927411
19921 0.882221
19922 0.954339
19923 0.953135
19924 0.935398
19925 0.950968
19926 0.938245
19927 0.881897
19928 0.86254
19929 0.951541
19930 0.951718
19931 0.952743
19932 0.962385
19933 0.898509
19934 0.877507
19935 0.94156
19936 0.921517
19937 0.863325
19938 0.954156
19939 0.954088
19940 0.923218
19941 0.941779
19942 0.961602
19943 0.719566
19944 0.719766
19945 0.722165
19946 0.71865
19947 0.724905
19948 0.685325
19949 0.725945
19950 0.725248
19951 0.722144
19952 0.722149
19953 0.707955
19954 0.720709
19955 0.720499
19956 0.713704
19957 0.729528
19958 0.72481
19959 0.948427
19960 0.98234
19961 0.983225
19962 0.938742
19963 0.976779
19964 0.98826
19965 0.947876
19966 0.954342
19967 0.954175
19968 0.953135
19969 0.95585
19970 0.949618
19971 0.942375
19972 0.977283
19973 0.938051
19974 0.939268
19975 0.979
19976 0.941847
19977 0.906868
19978 0.942537
19979 0.954082
19980 0.941555
19981 0.954798
19982 0.952718
19983 0.91371
19984 0.982277
19985 0.936827
19986 0.943242
19987 0.973643
19988 0.944153
19989 0.937535
19990 0.954812
19991 0.954112
19992 0.944021
19993 0.944912
19994 0.950293
19995 0.940432
19996 0.94189
19997 0.936029
19998 0.935849
19999 0.925393
20000 0.9308
20001 0.93957
20002 0.886458
20003 0.954496
20004 0.943794
20005 0.919279
20006 0.894655
20007 0.951283
20008 0.95422
20009 0.956799
20010 0.950788
20011 0.953211
20012 0.96324
20013 0.904448
20014 0.918571
20015 0.940312
20016 0.944636
20017 0.930328
20018 0.954256
20019 0.943234
20020 0.943742
20021 0.942178
20022 0.956133
20023 0.721509
20024 0.721435
20025 0.722215
20026 0.721947
20027 0.70694
20028 0.724063
20029 0.71546
20030 0.72648
20031 0.721772
20032 0.721857
20033 0.721974
20034 0.72212
20035 0.727874
20036 0.711435
20037 0.725274
20038 0.72986
20039 0.983635
20040 0.948101
20041 0.982484
20042 0.939626
20043 0.976579
20044 0.977264
20045 0.946172
20046 0.94799
20047 0.954926
20048 0.954242
20049 0.953493
20050 0.954717
20051 0.941628
20052 0.987951
20053 0.938877
20054 0.987534
20055 0.942152
20056 0.906244
20057 0.94805
20058 0.938373
20059 0.954541
20060 0.954179
20061 0.943577
20062 0.892019
20063 0.921323
20064 0.956609
20065 0.980651
20066 0.937777
20067 0.980145
20068 0.937548
20069 0.938377
20070 0.954844
20071 0.939775
20072 0.944313
20073 0.954195
20074 0.93584
20075 0.94176
20076 0.941905
20077 0.953225
20078 0.920098
20079 0.922281
20080 0.931657
20081 0.954906
20082 0.937957
20083 0.886134
20084 0.939353
20085 0.952021
20086 0.894554
20087 0.918124
20088 0.956071
20089 0.960569
20090 0.9528
20091 0.939881
20092 0.951759
20093 0.907999
20094 0.935928
20095 0.946011
20096 0.939885
20097 0.93737
20098 0.953833
20099 0.955019
20100 0.907492
20101 0.949533
20102 0.948376
20103 0.720712
20104 0.720442
20105 0.72257
20106 0.722153
20107 0.702943
20108 0.716481
20109 0.726588
20110 0.725074
20111 0.723247
20112 0.724562
20113 0.721292
20114 0.721733
20115 0.722262
20116 0.726767
20117 0.72703
20118 0.746013
20119 0.94774
20120 0.982901
20121 0.983718
20122 0.936996
20123 0.987102
20124 0.987272
20125 0.949528
20126 0.956701
20127 0.951879
20128 0.955669
20129 0.953308
20130 0.944346
20131 0.941945
20132 0.978794
20133 0.940829
20134 0.93934
20135 0.978578
20136 0.941388
20137 0.908841
20138 0.948023
20139 0.955219
20140 0.938499
20141 0.955066
20142 0.940477
20143 0.932018
20144 0.978056
20145 0.938329
20146 0.936409
20147 0.947096
20148 0.982284
20149 0.938536
20150 0.93583
20151 0.942562
20152 0.933969
20153 0.938797
20154 0.952008
20155 0.940764
20156 0.942789
20157 0.951929
20158 0.918718
20159 0.954012
20160 0.921403
20161 0.940233
20162 0.889008
20163 0.95263
20164 0.949833
20165 0.92541
20166 0.89244
20167 0.953549
20168 0.952675
20169 0.934758
20170 0.963127
20171 0.954049
20172 0.952288
20173 0.907419
20174 0.889154
20175 0.938037
20176 0.9361
20177 0.89901
20178 0.953649
20179 0.960217
20180 0.93779
20181 0.949184
20182 0.958638
20183 0.719318
20184 0.720755
20185 0.721015
20186 0.721319
20187 0.679707
20188 0.711245
20189 0.727142
20190 0.726914
20191 0.720967
20192 0.720997
20193 0.720785
20194 0.720995
20195 0.712512
20196 0.713181
20197 0.709272
20198 0.715643
20199 0.948157
20200 0.982506
20201 0.98242
20202 0.940475
20203 0.978703
20204 0.977634
20205 0.93803
20206 0.947889
20207 0.954353
20208 0.954435
20209 0.954094
20210 0.954591
20211 0.94223
20212 0.977258
20213 0.941197
20214 0.978439
20215 0.942283
20216 0.905104
20217 0.947817
20218 0.940396
20219 0.954656
20220 0.954831
20221 0.948311
20222 0.916527
20223 0.97497
20224 0.944365
20225 0.97539
20226 0.94382
20227 0.942789
20228 0.954728
20229 0.9533
20230 0.953017
20231 0.913405
20232 0.91315
20233 0.943742
20234 0.944769
20235 0.940365
20236 0.944116
20237 0.94414
20238 0.939688
20239 0.94227
20240 0.945155
20241 0.953876
20242 0.940242
20243 0.915031
20244 0.94109
20245 0.953037
20246 0.925991
20247 0.939542
20248 0.955658
20249 0.952247
20250 0.952162
20251 0.954847
20252 0.90523
20253 0.938955
20254 0.943531
20255 0.953945
20256 0.952122
20257 0.954034
20258 0.954554
20259 0.940826
20260 0.944525
20261 0.953709
20262 0.926652
20263 0.721998
20264 0.721665
20265 0.721832
20266 0.721836
20267 0.72345
20268 0.721262
20269 0.718228
20270 0.717504
20271 0.724748
20272 0.725946
20273 0.726687
20274 0.724706
20275 0.717199
20276 0.745788
20277 0.749405
20278 0.706847
20279 0.942853
20280 0.987401
20281 0.987184
20282 0.935711
20283 0.981495
20284 0.975856
20285 0.94878
20286 0.954784
20287 0.942865
20288 0.949749
20289 0.927994
20290 0.954151
20291 0.936806
20292 0.98693
20293 0.949836
20294 0.91723
20295 0.982797
20296 0.93676
20297 0.951108
20298 0.946455
20299 0.951371
20300 0.933625
20301 0.978806
20302 0.938298
20303 0.960417
20304 0.948172
20305 0.969722
20306 0.941084
20307 0.93446
20308 0.950675
20309 0.914438
20310 0.928066
20311 0.94028
20312 0.932071
20313 0.936867
20314 0.939881
20315 0.923259
20316 0.932865
20317 0.938569
20318 0.950935
20319 0.944424
20320 0.917731
20321 0.923017
20322 0.964272
20323 0.954557
20324 0.947752
20325 0.932595
20326 0.951521
20327 0.951384
20328 0.966749
20329 0.955287
20330 0.927304
20331 0.955463
20332 0.956623
20333 0.921595
20334 0.923945
20335 0.944139
20336 0.938116
20337 0.946996
20338 0.943096
20339 0.953769
20340 0.93504
20341 0.919713
20342 0.939028
20343 0.722611
20344 0.723886
20345 0.721339
20346 0.72371
20347 0.732379
20348 0.683972
20349 0.66661
20350 0.734451
20351 0.721984
20352 0.722923
20353 0.727459
20354 0.741253
20355 0.727109
20356 0.745969
20357 0.730941
20358 0.679533
20359 0.942294
20360 0.988397
20361 0.986559
20362 0.934499
20363 0.984383
20364 0.990939
20365 0.951463
20366 0.953744
20367 0.941738
20368 0.951928
20369 0.940887
20370 0.951634
20371 0.935947
20372 0.989753
20373 0.950413
20374 0.917164
20375 0.976298
20376 0.937632
20377 0.952131
20378 0.939963
20379 0.951158
20380 0.929583
20381 0.919437
20382 0.983276
20383 0.933341
20384 0.920841
20385 0.928906
20386 0.978414
20387 0.937432
20388 0.904087
20389 0.933736
20390 0.918825
20391 0.953942
20392 0.951393
20393 0.958552
20394 0.945452
20395 0.931199
20396 0.962787
20397 0.922431
20398 0.943106
20399 0.926468
20400 0.918959
20401 0.945358
20402 0.954
20403 0.930774
20404 0.959931
20405 0.943559
20406 0.949448
20407 0.951937
20408 0.927154
20409 0.950998
20410 0.952234
20411 0.94976
20412 0.93436
20413 0.948348
20414 0.909751
20415 0.915948
20416 0.963961
20417 0.922274
20418 0.950134
20419 0.952323
20420 0.95142
20421 0.941764
20422 0.937682
20423 0.722426
20424 0.722219
20425 0.726319
20426 0.724515
20427 0.709112
20428 0.690344
20429 0.726282
20430 0.750667
20431 0.724016
20432 0.723834
20433 0.72427
20434 0.67775
20435 0.723064
20436 0.747062
20437 0.707269
20438 0.72924
20439 0.94261
20440 0.986739
20441 0.987523
20442 0.93218
20443 0.982203
20444 0.981534
20445 0.95202
20446 0.952367
20447 0.942061
20448 0.949821
20449 0.954569
20450 0.937333
20451 0.976414
20452 0.950569
20453 0.919717
20454 0.991013
20455 0.936986
20456 0.952441
20457 0.943447
20458 0.95119
20459 0.935101
20460 0.941387
20461 0.916413
20462 0.953568
20463 0.949042
20464 0.974286
20465 0.942984
20466 0.949591
20467 0.98563
20468 0.933606
20469 0.949195
20470 0.952072
20471 0.927713
20472 0.92797
20473 0.933981
20474 0.920097
20475 0.932562
20476 0.940802
20477 0.952967
20478 0.930312
20479 0.929517
20480 0.906561
20481 0.934417
20482 0.952737
20483 0.952143
20484 0.9275
20485 0.921053
20486 0.94961
20487 0.952308
20488 0.943149
20489 0.952758
20490 0.95127
20491 0.958002
20492 0.961017
20493 0.936634
20494 0.939472
20495 0.949589
20496 0.937788
20497 0.948857
20498 0.944838
20499 0.954593
20500 0.951399
20501 0.917308
20502 0.935947
20503 0.723278
20504 0.725246
20505 0.725175
20506 0.724868
20507 0.752774
20508 0.684271
20509 0.729425
20510 0.727843
20511 0.722493
20512 0.722967
20513 0.724748
20514 0.682267
20515 0.723577
20516 0.752784
20517 0.730632
20518 0.682105
20519 0.942594
20520 0.987001
20521 0.987201
20522 0.93311
20523 0.984348
20524 0.991239
20525 0.951571
20526 0.953156
20527 0.942451
20528 0.950192
20529 0.95409
20530 0.937111
20531 0.976897
20532 0.950358
20533 0.9185
20534 0.976931
20535 0.937338
20536 0.952257
20537 0.942465
20538 0.951188
20539 0.93421
20540 0.918642
20541 0.942248
20542 0.924958
20543 0.973751
20544 0.953047
20545 0.921971
20546 0.934167
20547 0.983046
20548 0.933219
20549 0.925363
20550 0.906659
20551 0.920152
20552 0.958702
20553 0.952325
20554 0.954293
20555 0.930177
20556 0.943126
20557 0.923954
20558 0.942856
20559 0.950228
20560 0.923873
20561 0.941939
20562 0.952584
20563 0.929933
20564 0.957046
20565 0.934975
20566 0.949682
20567 0.948639
20568 0.949336
20569 0.948744
20570 0.952362
20571 0.952214
20572 0.934436
20573 0.934836
20574 0.937067
20575 0.958235
20576 0.950621
20577 0.918257
20578 0.932358
20579 0.945575
20580 0.949344
20581 0.954394
20582 0.954105
20583 0.725008
20584 0.723045
20585 0.726598
20586 0.725311
20587 0.748116
20588 0.682315
20589 0.726584
20590 0.74777
20591 0.732209
20592 0.731953
20593 0.734095
20594 0.732337
20595 0.730273
20596 0.732104
20597 0.731508
20598 0.732155
20599 0.731985
20600 0.731683
20601 0.733714
20602 0.732036
20603 0.733114
20604 1
20605 0.999992
20606 1
20607 0.999991
20608 0.999972
20609 0.999988
20610 0.999993
20611 0.999987
20612 0.732678
20613 0.731523
20614 0.73413
20615 0.731893
20616 0.732148
20617 0.733816
20618 0.731764
20619 0.731997
20620 0.731931
20621 0.72999
20622 0.732575
20623 0.732116
20624 0.730367
20625 0.730951
20626 0.732051
20627 0.733817
20628 0.731154
20629 0.731203
20630 0.730153
20631 0.732017
20632 0.731927
20633 0.730451
20634 0.73225
20635 0.732319
20636 0.731942
20637 0.731906
20638 0.73219
20639 0.732186
20640 0.732042
20641 0.730841
20642 0.732154
20643 0.732352
20644 1
20645 1
20646 1
20647 0.999994
20648 0.999995
20649 0.999992
20650 0.999999
20651 0.730904
20652 0.999992
20653 0.732527
20654 0.731244
20655 0.732085
20656 0.732174
20657 0.731852
20658 0.731782
20659 0.732159
20660 0.733639
20661 0.731911
20662 0.731904
20663 0.732195
20664 0.731738
20665 0.733245
20666 0.731947
20667 0.732113
20668 0.733421
20669 0.731484
20670 0.732647
20671 0.732122
20672 0.732025
20673 0.733767
20674 0.731563
20675 0.732203
20676 0.732066
20677 0.732048
20678 0.732082
20679 0.732
20680 0.731709
20681 0.732064
20682 0.732224
20683 1
20684 1
20685 0.733302
20686 1
20687 0.999993
20688 1
20689 0.999992
20690 0.999992
20691 0.731413
20692 0.999991
20693 0.733411
20694 0.733094
20695 0.731979
20696 0.732076
20697 0.731898
20698 0.732538
20699 0.732035
20700 0.730322
20701 0.732019
20702 0.732089
20703 0.732053
20704 0.730782
20705 0.732036
20706 0.731866
20707 0.732515
20708 0.732697
20709 0.730688
20710 0.730849
20711 0.731959
20712 0.730543
20713 0.732606
20714 0.731933
20715 0.731815
20716 0.732068
20717 0.732043
20718 0.732169
20719 0.732104
20720 0.732001
20721 0.732205
20722 0.73237
20723 1
20724 1
20725 0.731213
20726 0.999995
20727 0.999999
20728 0.999995
20729 0.999993
20730 0.999999
20731 0.999992
20732 0.73096
20733 0.732818
20734 0.731524
20735 0.732142
20736 0.733549
20737 0.732287
20738 0.732169
20739 0.732034
20740 0.731932
20741 0.731495
20742 0.732057
20743 0.731988
20744 0.731885
20745 0.732872
20746 0.73173
20747 0.732162
20748 0.733237
20749 0.73143
20750 0.732251
20751 0.73203
20752 0.733607
20753 0.731623
20754 0.732144
20755 0.732242
20756 0.732103
20757 0.731934
20758 0.733422
20759 0.731686
20760 0.731758
20761 0.733003
20762 0.731852
20763 1
20764 0.999995
20765 0.732987
20766 0.999995
20767 0.999999
20768 0.999984
20769 0.999993
20770 0.999996
20771 0.732644
20772 0.999992
20773 0.731478
20774 0.733375
20775 0.732072
20776 0.730485
20777 0.731948
20778 0.731859
20779 0.731999
20780 0.730672
20781 0.732477
20782 0.732166
20783 0.732406
20784 0.731077
20785 0.731099
20786 0.732238
20787 0.73322
20788 0.731517
20789 0.731536
20790 0.730843
20791 0.732042
20792 0.73202
20793 0.731762
20794 0.732799
20795 0.732219
20796 0.732367
20797 0.733637
20798 0.733578
20799 0.731811
20800 0.731497
20801 0.734845
20802 0.731968
20803 1
20804 0.999995
20805 0.732534
20806 0.999992
20807 1
20808 0.999988
20809 0.999994
20810 0.999995
20811 0.99999
20812 0.733431
20813 0.731881
20814 0.731996
20815 0.73206
20816 0.732081
20817 0.731873
20818 0.73129
20819 0.731734
20820 0.732339
20821 0.730514
20822 0.732291
20823 0.730452
20824 0.731552
20825 0.729245
20826 0.732122
20827 0.733089
20828 0.733135
20829 0.729674
20830 0.731675
20831 0.732116
20832 0.732265
20833 0.733539
20834 0.733781
20835 0.731662
20836 0.731978
20837 0.731983
20838 0.731975
20839 0.730259
20840 0.731922
20841 0.732945
20842 0.731979
20843 0.732053
20844 1
20845 0.999992
20846 0.999999
20847 0.999989
20848 0.999968
20849 0.999983
20850 0.999993
20851 0.731557
20852 0.999982
20853 0.73446
20854 0.731417
20855 0.731985
20856 0.731837
20857 0.730307
20858 0.732439
20859 0.732123
20860 0.730541
20861 0.732112
20862 0.733822
20863 0.732117
20864 0.731995
20865 0.731132
20866 0.732106
20867 0.733823
20868 0.730858
20869 0.731366
20870 0.730923
20871 0.731972
20872 0.732563
20873 0.730363
20874 0.731754
20875 0.734164
20876 0.732021
20877 0.733477
20878 0.732404
20879 0.73192
20880 0.732071
20881 0.731177
20882 0.732304
20883 0.731422
20884 1
20885 0.99999
20886 0.999999
20887 0.999991
20888 0.999964
20889 0.999984
20890 0.999988
20891 0.732392
20892 0.999986
20893 0.732572
20894 0.730056
20895 0.732129
20896 0.731537
20897 0.729919
20898 0.732347
20899 0.73208
20900 0.731676
20901 0.733721
20902 0.730606
20903 0.73218
20904 0.7329
20905 0.732622
20906 0.731773
20907 0.730392
20908 0.732672
20909 0.733367
20910 0.732809
