18174

1 0.847797
2 0.639088
3 0.684037
4 0.702603
5 0.733727
6 0.691117
7 0.950112
8 0.948945
9 0.715696
10 0.688143
11 0.752214
12 0.947338
13 0.819121
14 0.709938
15 0.777127
16 0.754335
17 0.931324
18 0.731123
19 0.916709
20 0.704354
21 0.754269
22 0.63722
23 0.777247
24 0.939531
25 0.952104
26 0.953353
27 0.692827
28 0.939346
29 0.670351
30 0.753354
31 0.822689
32 0.662864
33 0.932833
34 0.898534
35 0.72689
36 0.953485
37 0.799512
38 0.979321
39 0.868426
40 0.656336
41 0.825398
42 0.784925
43 0.903383
44 0.884302
45 0.915324
46 0.921095
47 0.781776
48 0.926041
49 0.85092
50 0.759978
51 0.936655
52 0.97774
53 0.86102
54 0.8871
55 0.951522
56 0.95035
57 0.737521
58 0.943814
59 0.715031
60 0.744864
61 0.92381
62 0.685645
63 0.867047
64 0.906712
65 0.923757
66 0.787509
67 0.897845
68 0.818991
69 0.711543
70 0.780411
71 0.962036
72 0.945933
73 0.951981
74 0.9469
75 0.833454
76 0.937978
77 0.848908
78 0.834146
79 0.888874
80 0.794986
81 0.928841
82 0.897306
83 0.914142
84 0.932409
85 0.828121
86 0.908529
87 0.554374
88 0.896472
89 0.952491
90 0.937787
91 0.878886
92 0.951906
93 0.712648
94 0.78008
95 0.84854
96 0.854248
97 0.728081
98 0.869408
99 0.874853
100 0.870681
101 0.885588
102 0.892901
103 0.897086
104 0.871548
105 0.888094
106 0.794094
107 0.855367
108 0.861988
109 0.810814
110 0.886064
111 0.727825
112 0.745518
113 0.925051
114 0.912536
115 0.769118
116 0.880328
117 0.937187
118 0.843973
119 0.716183
120 0.814064
121 0.768409
122 0.793943
123 0.784362
124 0.835218
125 0.675456
126 0.749795
127 0.715838
128 0.670908
129 0.894146
130 0.691861
131 0.677134
132 0.704298
133 0.743857
134 0.86592
135 0.792194
136 0.847297
137 0.700818
138 0.884998
139 0.736178
140 0.940665
141 0.784864
142 0.773289
143 0.68697
144 0.776839
145 0.765842
146 0.771672
147 0.685896
148 0.941856
149 0.82958
150 0.697228
151 0.705643
152 0.808535
153 0.821263
154 0.690043
155 0.688045
156 0.81195
157 0.840099
158 0.736894
159 0.646131
160 0.918947
161 0.892382
162 0.974365
163 0.747522
164 0.570155
165 0.659138
166 0.733362
167 0.662056
168 0.784106
169 0.70924
170 0.666165
171 0.724144
172 0.619192
173 0.929397
174 0.95176
175 0.944907
176 0.882359
177 0.754934
178 0.881111
179 0.952038
180 0.714355
181 0.662315
182 0.912389
183 0.933817
184 0.867315
185 0.955271
186 0.663617
187 0.952935
188 0.950315
189 0.948758
190 0.672173
191 0.659807
192 0.933925
193 0.654015
194 0.919951
195 0.659913
196 0.916476
197 0.851513
198 0.864241
199 0.902275
200 0.950594
201 0.953855
202 0.895066
203 0.947111
204 0.943299
205 0.941125
206 0.862979
207 0.861107
208 0.876868
209 0.940728
210 0.932044
211 0.843483
212 0.913551
213 0.901112
214 0.953286
215 0.963579
216 0.950254
217 0.941276
218 0.901711
219 0.916711
220 0.758666
221 0.7903
222 0.668837
223 0.762699
224 0.765272
225 0.92331
226 0.937619
227 0.933011
228 0.750774
229 0.857729
230 0.7821
231 0.659885
232 0.760326
233 0.76061
234 0.952949
235 0.908627
236 0.737785
237 0.908122
238 0.851122
239 0.875367
240 0.70509
241 0.962172
242 0.954597
243 0.918828
244 0.934263
245 0.894847
246 0.953701
247 0.94237
248 0.761204
249 0.890486
250 0.764759
251 0.904858
252 0.953968
253 0.753454
254 0.874657
255 0.901792
256 0.841544
257 0.927192
258 0.928275
259 0.902638
260 0.904435
261 0.965358
262 0.79752
263 0.79955
264 0.782454
265 0.920435
266 0.822961
267 0.86659
268 0.859491
269 0.854594
270 0.781334
271 0.810177
272 0.778175
273 0.585859
274 0.777337
275 0.843435
276 0.817502
277 0.674893
278 0.705891
279 0.86731
280 0.730302
281 0.644035
282 0.84238
283 0.886687
284 0.661464
285 0.597902
286 0.705649
287 0.662864
288 0.696067
289 0.711565
290 0.636602
291 0.722752
292 0.715003
293 0.943143
294 0.888501
295 0.887896
296 0.951843
297 0.945685
298 0.954303
299 0.906563
300 0.669791
301 0.839013
302 0.845455
303 0.712532
304 0.782012
305 0.949634
306 0.912832
307 0.949386
308 0.953537
309 0.949076
310 0.792703
311 0.637559
312 0.687495
313 0.63092
314 0.969837
315 0.939667
316 0.94981
317 0.937483
318 0.941502
319 0.942003
320 0.87397
321 0.849614
322 0.869467
323 0.855816
324 0.937502
325 0.903764
326 0.930493
327 0.972101
328 0.930386
329 0.920729
330 0.875527
331 0.945537
332 0.924756
333 0.868737
334 0.953272
335 0.934677
336 0.956776
337 0.93189
338 0.919881
339 0.773701
340 0.790174
341 0.665701
342 0.753951
343 0.946857
344 0.755076
345 0.90902
346 0.928069
347 0.884638
348 0.772276
349 0.776848
350 0.667314
351 0.761706
352 0.760732
353 0.940025
354 0.732692
355 0.943069
356 0.824276
357 0.888133
358 0.700589
359 0.959112
360 0.935469
361 0.916735
362 0.930513
363 0.906472
364 0.880281
365 0.859391
366 0.829353
367 0.888236
368 0.955078
369 0.701992
370 0.864981
371 0.89353
372 0.868051
373 0.923109
374 0.943542
375 0.905297
376 0.849552
377 0.926441
378 0.696228
379 0.909628
380 0.899776
381 0.762332
382 0.79564
383 0.797409
384 0.797236
385 0.824818
386 0.562521
387 0.779204
388 0.855191
389 0.76171
390 0.578888
391 0.837119
392 0.893892
393 0.621521
394 0.755019
395 0.8552
396 0.717266
397 0.66245
398 0.814206
399 0.858833
400 0.577243
401 0.650272
402 0.901761
403 0.853505
404 0.653416
405 0.699426
406 0.64604
407 0.590562
408 0.8489
409 0.902469
410 0.680414
411 0.634387
412 0.698334
413 0.428982
414 0.588458
415 0.218707
416 0.71291
417 0.016224
418 0.201911
419 0.194017
420 0.581584
421 0.205204
422 0.152284
423 0.199863
424 0.200066
425 0.208011
426 0.189994
427 0.188211
428 0.0734694
429 0.604796
430 0.569892
431 0.20881
432 0.188717
433 0.199232
434 0.187087
435 0.013234
436 0.196026
437 0.185767
438 0.512885
439 0.250631
440 0.113256
441 0.53464
442 0.166743
443 0.199458
444 0.201459
445 0.202536
446 0.150005
447 0.201755
448 0.19874
449 0.190639
450 0.198806
451 0.200418
452 0.199852
453 0.00441017
454 0.193687
455 0.247928
456 0.198906
457 0.207355
458 0.132332
459 0.0259029
460 0.082919
461 0.0254955
462 0.00556485
463 0.0678278
464 0.110443
465 0.081131
466 0.085386
467 0.404032
468 0.0467632
469 0.115554
470 0.078471
471 0.128579
472 0.326661
473 0.0240443
474 0.0911157
475 0.0489715
476 0.0613143
477 0.0945402
478 0.336348
479 0.0274441
480 0.113892
481 0.144015
482 0.184944
483 0.535467
484 0.0731217
485 0.0113136
486 0.278091
487 0.0362013
488 0.1374
489 0.516932
490 0.469728
491 0.179327
492 0.289632
493 0.274692
494 0.284906
495 0.197787
496 0.247115
497 0.573559
498 0.0626587
499 0.29425
500 0.308858
501 0.0880902
502 0.0132378
503 0.0761346
504 0.250568
505 0.0595205
506 0.0165058
507 0.0196117
508 0.0621061
509 0.277106
510 0.35437
511 0.0759748
512 0.100555
513 0.557663
514 0.107477
515 0.372056
516 0.467244
517 0.183768
518 0.0298205
519 0.0376686
520 0.0580649
521 0.237954
522 0.078255
523 0.0489622
524 0.450279
525 0.178159
526 0.257367
527 0.0147154
528 0.0813654
529 0.2566
530 0.0395261
531 0.729285
532 0.618802
533 0.089029
534 0.331856
535 0.672746
536 0.180588
537 0.192839
538 0.247872
539 0.0449797
540 0.340207
541 0.17388
542 0.656922
543 0.0813712
544 0.0412241
545 0.293321
546 0.0101934
547 0.280868
548 0.196379
549 0.176528
550 0.136837
551 0.123732
552 0.107519
553 0.362079
554 0.114947
555 0.298956
556 0.54096
557 0.174279
558 0.133449
559 0.0285027
560 0.208792
561 0.200961
562 0.0794277
563 0.11968
564 0.164371
565 0.0767858
566 0.371033
567 0.0965258
568 0.213307
569 0.263563
570 0.0101482
571 0.107655
572 0.128908
573 0.167161
574 0.393206
575 0.107159
576 0.471598
577 0.468012
578 0.469037
579 0.363671
580 0.54919
581 0.492621
582 0.31376
583 0.815813
584 0.0464818
585 0.073791
586 0.162115
587 0.130394
588 0.806954
589 0.117405
590 0.212287
591 0.10112
592 0.411095
593 0.0822956
594 0.0913324
595 0.159404
596 0.102169
597 0.11443
598 0.259379
599 0.531613
600 0.450283
601 0.400277
602 0.545612
603 0.46231
604 0.528849
605 0.307296
606 0.330901
607 0.333464
608 0.11737
609 0.0276322
610 0.542744
611 0.226079
612 0.333765
613 0.319119
614 0.660995
615 0.413999
616 0.384994
617 0.821492
618 0.0307128
619 0.221753
620 0.261556
621 0.0787461
622 0.586713
623 0.0770004
624 0.0489197
625 0.0817877
626 0.0399669
627 0.0252072
628 0.0669833
629 0.0449664
630 0.358074
631 0.358885
632 0.0588785
633 0.0179735
634 0.00597669
635 0.903608
636 0.0358
637 0.0307469
638 0.0921351
639 0.417268
640 0.0238031
641 0.0263731
642 0.315796
643 0.00424022
644 0.0315008
645 0.0407088
646 0.0811011
647 0.0598486
648 0.0464242
649 0.0655876
650 0.0336268
651 0.0923218
652 0.0538058
653 0.142404
654 0.0946726
655 0.0131246
656 0.384216
657 0.0330244
658 0.0425247
659 0.0430252
660 0.0632476
661 0.0463753
662 0.0804594
663 0.0250458
664 0.0604036
665 0.0430708
666 0.0464008
667 0.0280116
668 0.0707439
669 0.0112501
670 0.0769239
671 0.0406918
672 0.0317576
673 0.0354053
674 0.0189901
675 0.0291992
676 0.0688894
677 0.0557505
678 0.0318245
679 0.0351739
680 0.0967447
681 0.0572913
682 0.0747558
683 0.0673334
684 0.109933
685 0.0616776
686 0.0606314
687 0.0774257
688 0.111776
689 0.0822879
690 0.0867795
691 0.129982
692 0.0701919
693 0.0489136
694 0.041208
695 0.0505253
696 0.0517934
697 0.16745
698 0.008716
699 0.0433993
700 0.0639453
701 0.080319
702 0.114064
703 0.0356849
704 0.0679945
705 0.0546195
706 0.051545
707 0.0520139
708 0.0239696
709 0.05571
710 0.0575629
711 0.769613
712 0.0152392
713 0.102531
714 0.0598167
715 0.0754316
716 0.0989555
717 0.07235
718 0.0379842
719 0.0878641
720 0.0752656
721 0.0486442
722 0.103438
723 0.0772353
724 0.0318691
725 0.0539517
726 0.0972406
727 0.0235457
728 0.63404
729 0.127367
730 0.0292748
731 0.108508
732 0.0333591
733 0.0634907
734 0.0477427
735 0.0472603
736 0.0429548
737 0.0515976
738 0.0498671
739 0.0935429
740 0.0806051
741 0.392482
742 0.0562033
743 0.115922
744 0.029378
745 0.0722836
746 0.157745
747 0.0631166
748 0.0113476
749 0.170172
750 0.105112
751 0.543183
752 0.0385709
753 0.0470764
754 0.0463969
755 0.0649729
756 0.0414435
757 0.0491162
758 0.0967804
759 0.0503282
760 0.0875032
761 0.0270338
762 0.0165958
763 0.0130856
764 0.0473833
765 0.536435
766 0.433047
767 0.943993
768 0.801489
769 0.636057
770 0.620725
771 0.90191
772 0.487204
773 0.162988
774 0.0840488
775 0.0232125
776 0.0284984
777 0.103949
778 0.124782
779 0.131234
780 0.0481039
781 0.676251
782 0.208091
783 0.386858
784 0.347716
785 0.279619
786 0.204488
787 0.163717
788 0.144054
789 0.298788
790 0.0207514
791 0.0137315
792 0.291006
793 0.0743698
794 0.628178
795 0.0403297
796 0.236725
797 0.0808442
798 0.0978926
799 0.394463
800 0.509799
801 0.262421
802 0.661529
803 0.0165257
804 0.0194309
805 0.139734
806 0.0808001
807 0.0356287
808 0.400149
809 0.65311
810 0.184473
811 0.173144
812 0.943222
813 0.0455018
814 0.469806
815 0.23828
816 0.0770856
817 0.056798
818 0.0346894
819 0.0434972
820 0.18036
821 0.0130868
822 0.468658
823 0.0104806
824 0.315672
825 0.0623509
826 0.186189
827 0.176744
828 0.120637
829 0.00958371
830 0.23245
831 0.0056673
832 0.0505236
833 0.0132227
834 0.648091
835 0.533044
836 0.525393
837 0.625274
838 0.556048
839 0.816905
840 0.748224
841 0.295087
842 0.0562198
843 0.00503651
844 0.031435
845 0.440492
846 0.108422
847 0.727364
848 0.583291
849 0.0797292
850 0.733008
851 0.06721
852 0.0194118
853 0.776486
854 0.559401
855 0.165521
856 0.795586
857 0.731951
858 0.211798
859 0.104351
860 0.241657
861 0.139706
862 0.0715405
863 0.0909658
864 0.313305
865 0.730451
866 0.0923628
867 0.424835
868 0.0331891
869 0.0450587
870 0.658264
871 0.0692089
872 0.0148106
873 0.0121654
874 0.399468
875 0.689547
876 0.379159
877 0.0200809
878 0.662509
879 0.288022
880 0.111564
881 0.027267
882 0.5484
883 0.326005
884 0.1629
885 0.0109346
886 0.46254
887 0.0620375
888 0.112164
889 0.0305654
890 0.440931
891 0.420364
892 0.0857971
893 0.0248781
894 0.500432
895 0.0539712
896 0.115868
897 0.272258
898 0.0782037
899 0.0297034
900 0.0477964
901 0.641417
902 0.500774
903 0.279543
904 0.17839
905 0.345393
906 0.12819
907 0.178841
908 0.0184681
909 0.0121324
910 0.572474
911 0.3205
912 0.258645
913 0.0437603
914 0.0180729
915 0.00239511
916 0.00945982
917 0.00506402
918 0.0150981
919 0.0161006
920 0.00860241
921 0.0289545
922 0.00799083
923 0.00749537
924 0.0523921
925 0.0237322
926 0.579815
927 0.390299
928 0.0113524
929 0.551964
930 0.373062
931 0.325922
932 0.144581
933 0.110958
934 0.0491529
935 0.0494741
936 0.0319363
937 0.174896
938 0.061793
939 0.666651
940 0.268126
941 0.573889
942 0.145538
943 0.0157266
944 0.0200025
945 0.03545
946 0.109543
947 0.0240899
948 0.00844722
949 0.11773
950 0.029034
951 0.0447854
952 0.0306241
953 0.0529949
954 0.00914667
955 0.387609
956 0.354631
957 0.426987
958 0.12695
959 0.0376184
960 0.0334299
961 0.150192
962 0.169884
963 0.212414
964 0.00511765
965 0.114086
966 0.0742664
967 0.0610967
968 0.106798
969 0.234569
970 0.00357736
971 0.194236
972 0.232017
973 0.20577
974 0.295055
975 0.0521453
976 0.617652
977 0.376112
978 0.067622
979 0.00452577
980 0.0176802
981 0.0106767
982 0.0159264
983 0.140539
984 0.149326
985 0.046989
986 0.0575775
987 0.0314655
988 0.602671
989 0.203836
990 0.142359
991 0.31901
992 0.1021
993 0.192423
994 0.128363
995 0.63905
996 0.392718
997 0.856789
998 0.138134
999 0.260306
1000 0.64689
1001 0.151686
1002 0.135665
1003 0.0665285
1004 0.0855075
1005 0.0304233
1006 0.325522
1007 0.0899822
1008 0.0460478
1009 0.0731397
1010 0.416321
1011 0.0276828
1012 0.413962
1013 0.107575
1014 0.65456
1015 0.181929
1016 0.123607
1017 0.0313314
1018 0.325988
1019 0.154731
1020 0.141227
1021 0.0562251
1022 0.311288
1023 0.0361997
1024 0.0588197
1025 0.0589047
1026 0.0281403
1027 0.0332642
1028 0.0499449
1029 0.0257335
1030 0.0234569
1031 0.179957
1032 0.678988
1033 0.594272
1034 0.414539
1035 0.540783
1036 0.179451
1037 0.470281
1038 0.845199
1039 0.666278
1040 0.452627
1041 0.68205
1042 0.628415
1043 0.558331
1044 0.191225
1045 0.462856
1046 0.731492
1047 0.902734
1048 0.293483
1049 0.520655
1050 0.0503329
1051 0.234748
1052 0.209237
1053 0.113155
1054 0.0988395
1055 0.00814353
1056 0.0343114
1057 0.653954
1058 0.677408
1059 0.477179
1060 0.103829
1061 0.0794989
1062 0.636001
1063 0.0783843
1064 0.53452
1065 0.229315
1066 0.672138
1067 0.232227
1068 0.254072
1069 0.403821
1070 0.584016
1071 0.678992
1072 0.147137
1073 0.110512
1074 0.324681
1075 0.176079
1076 0.116643
1077 0.465142
1078 0.0544606
1079 0.551634
1080 0.0774788
1081 0.531879
1082 0.0866108
1083 0.412958
1084 0.368789
1085 0.595369
1086 0.00626542
1087 0.925933
1088 0.276506
1089 0.336732
1090 0.0106072
1091 0.00740218
1092 0.0112535
1093 0.513553
1094 0.457808
1095 0.878122
1096 0.584842
1097 0.574191
1098 0.0680208
1099 0.225534
1100 0.612604
1101 0.788763
1102 0.617939
1103 0.692634
1104 0.689655
1105 0.0182747
1106 0.636894
1107 0.344706
1108 0.68527
1109 0.466687
1110 0.506061
1111 0.501093
1112 0.438538
1113 0.866011
1114 0.284232
1115 0.852916
1116 0.0928159
1117 0.346891
1118 0.309453
1119 0.741382
1120 0.309622
1121 0.458947
1122 0.615668
1123 0.662838
1124 0.193736
1125 0.205426
1126 0.0282116
1127 0.36635
1128 0.00881229
1129 0.217421
1130 0.0603005
1131 0.0699778
1132 0.434136
1133 0.0540025
1134 0.628488
1135 0.309519
1136 0.0462743
1137 0.427029
1138 0.0186571
1139 0.81363
1140 0.55504
1141 0.357397
1142 0.809708
1143 0.710078
1144 0.0995547
1145 0.511875
1146 0.399391
1147 0.193085
1148 0.289363
1149 0.065011
1150 0.0885649
1151 0.185876
1152 0.443787
1153 0.489867
1154 0.684264
1155 0.297201
1156 0.182325
1157 0.0463206
1158 0.334752
1159 0.756573
1160 0.635685
1161 0.115659
1162 0.210745
1163 0.738583
1164 0.309193
1165 0.761982
1166 0.391975
1167 0.27559
1168 0.588072
1169 0.347981
1170 0.705123
1171 0.603024
1172 0.536218
1173 0.581638
1174 0.691818
1175 0.787794
1176 0.709597
1177 0.856934
1178 0.585696
1179 0.617953
1180 0.867638
1181 0.863166
1182 0.718669
1183 0.81843
1184 0.904913
1185 0.409892
1186 0.532452
1187 0.424173
1188 0.589488
1189 0.65255
1190 0.691554
1191 0.721169
1192 0.927225
1193 0.375489
1194 0.626316
1195 0.883304
1196 0.683937
1197 0.628983
1198 0.668639
1199 0.376597
1200 0.479687
1201 0.815686
1202 0.677183
1203 0.585563
1204 0.277368
1205 0.606143
1206 0.575015
1207 0.87632
1208 0.77491
1209 0.705837
1210 0.529539
1211 0.857003
1212 0.681717
1213 0.763327
1214 0.649421
1215 0.798858
1216 0.473764
1217 0.841728
1218 0.774845
1219 0.686613
1220 0.326474
1221 0.685365
1222 0.7482
1223 0.49461
1224 0.164617
1225 0.382712
1226 0.0150348
1227 0.61601
1228 0.580999
1229 0.177059
1230 0.68853
1231 0.470502
1232 0.216384
1233 0.398961
1234 0.493682
1235 0.0479363
1236 0.69079
1237 0.145107
1238 0.0826592
1239 0.446907
1240 0.271664
1241 0.34627
1242 0.0343036
1243 0.756491
1244 0.532096
1245 0.232267
1246 0.811283
1247 0.915259
1248 0.271425
1249 0.242652
1250 0.578363
1251 0.567417
1252 0.703281
1253 0.302131
1254 0.295938
1255 0.608159
1256 0.0845355
1257 0.288637
1258 0.0644367
1259 0.308299
1260 0.233231
1261 0.593702
1262 0.569985
1263 0.434114
1264 0.43035
1265 0.528829
1266 0.481219
1267 0.282818
1268 0.756376
1269 0.178903
1270 0.859957
1271 0.211008
1272 0.110046
1273 0.070388
1274 0.0503746
1275 0.695487
1276 0.661304
1277 0.0257761
1278 0.355194
1279 0.0216534
1280 0.865365
1281 0.0319349
1282 0.824452
1283 0.00269767
1284 0.0229235
1285 0.0363617
1286 0.0720706
1287 0.0998716
1288 0.1571
1289 0.338211
1290 0.595566
1291 0.398478
1292 0.113921
1293 0.59993
1294 0.510645
1295 0.51171
1296 0.663472
1297 0.808369
1298 0.623262
1299 0.641937
1300 0.2756
1301 0.584047
1302 0.747533
1303 0.861937
1304 0.643807
1305 0.399521
1306 0.551747
1307 0.689639
1308 0.826956
1309 0.44214
1310 0.732019
1311 0.641812
1312 0.490856
1313 0.499249
1314 0.449818
1315 0.367423
1316 0.382675
1317 0.789297
1318 0.632393
1319 0.646025
1320 0.842045
1321 0.836885
1322 0.831316
1323 0.749887
1324 0.692888
1325 0.71124
1326 0.784839
1327 0.582722
1328 0.506233
1329 0.785453
1330 0.459258
1331 0.379757
1332 0.748565
1333 0.558043
1334 0.917579
1335 0.945037
1336 0.643134
1337 0.296537
1338 0.548456
1339 0.607749
1340 0.455862
1341 0.426701
1342 0.502406
1343 0.198147
1344 0.275002
1345 0.340597
1346 0.236687
1347 0.451839
1348 0.106398
1349 0.0843179
1350 0.0680533
1351 0.373098
1352 0.242545
1353 0.694964
1354 0.720838
1355 0.750462
1356 0.813357
1357 0.126658
1358 0.688729
1359 0.0188977
1360 0.0914384
1361 0.233205
1362 0.342659
1363 0.35634
1364 0.15148
1365 0.702645
1366 0.583845
1367 0.828641
1368 0.784339
1369 0.594526
1370 0.159823
1371 0.781483
1372 0.376392
1373 0.167487
1374 0.40608
1375 0.37836
1376 0.50922
1377 0.071215
1378 0.437167
1379 0.103827
1380 0.0832482
1381 0.412033
1382 0.399107
1383 0.887289
1384 0.111341
1385 0.667547
1386 0.490159
1387 0.436603
1388 0.301729
1389 0.722826
1390 0.618991
1391 0.517668
1392 0.311998
1393 0.547906
1394 0.162844
1395 0.0355771
1396 0.838165
1397 0.757655
1398 0.273459
1399 0.0578712
1400 0.0801773
1401 0.15226
1402 0.106996
1403 0.0488946
1404 0.694767
1405 0.785619
1406 0.403299
1407 0.350034
1408 0.247718
1409 0.317315
1410 0.351374
1411 0.669167
1412 0.411797
1413 0.0439461
1414 0.190471
1415 0.0261276
1416 0.0682302
1417 0.373824
1418 0.283478
1419 0.673501
1420 0.736522
1421 0.788986
1422 0.379131
1423 0.253844
1424 0.653155
1425 0.518538
1426 0.762212
1427 0.385617
1428 0.37201
1429 0.367219
1430 0.0833519
1431 0.0649742
1432 0.325679
1433 0.493843
1434 0.237293
1435 0.336921
1436 0.287114
1437 0.302765
1438 0.253324
1439 0.830132
1440 0.424345
1441 0.707917
1442 0.246377
1443 0.302908
1444 0.547799
1445 0.523744
1446 0.567915
1447 0.800184
1448 0.515477
1449 0.820009
1450 0.811608
1451 0.841569
1452 0.775528
1453 0.812086
1454 0.199555
1455 0.824778
1456 0.566919
1457 0.123676
1458 0.38861
1459 0.574225
1460 0.69584
1461 0.593223
1462 0.263806
1463 0.529666
1464 0.635222
1465 0.0662887
1466 0.587591
1467 0.79517
1468 0.5786
1469 0.361665
1470 0.655542
1471 0.703078
1472 0.739749
1473 0.18431
1474 0.429007
1475 0.297595
1476 0.523067
1477 0.775857
1478 0.230611
1479 0.3135
1480 0.307576
1481 0.240586
1482 0.281019
1483 0.0399682
1484 0.0650276
1485 0.794579
1486 0.79585
1487 0.38873
1488 0.612861
1489 0.927469
1490 0.777317
1491 0.32448
1492 0.802172
1493 0.798646
1494 0.324162
1495 0.292913
1496 0.289608
1497 0.812525
1498 0.542409
1499 0.761197
1500 0.771007
1501 0.399563
1502 0.748615
1503 0.0428867
1504 0.207324
1505 0.199695
1506 0.183814
1507 0.19205
1508 0.149481
1509 0.103846
1510 0.516304
1511 0.167176
1512 0.764287
1513 0.633261
1514 0.473295
1515 0.377585
1516 0.415165
1517 0.204407
1518 0.28303
1519 0.161308
1520 0.0621289
1521 0.0786406
1522 0.253114
1523 0.226059
1524 0.530446
1525 0.624598
1526 0.172418
1527 0.0695821
1528 0.0296103
1529 0.0355176
1530 0.258022
1531 0.269672
1532 0.176831
1533 0.669091
1534 0.72531
1535 0.712778
1536 0.786441
1537 0.0647634
1538 0.874226
1539 0.0740794
1540 0.383407
1541 0.50606
1542 0.242231
1543 0.140016
1544 0.530545
1545 0.249175
1546 0.607494
1547 0.283718
1548 0.548952
1549 0.905681
1550 0.0490635
1551 0.227759
1552 0.126601
1553 0.311294
1554 0.486284
1555 0.103912
1556 0.164971
1557 0.157278
1558 0.1008
1559 0.136379
1560 0.175639
1561 0.38041
1562 0.494937
1563 0.171561
1564 0.181011
1565 0.534707
1566 0.198156
1567 0.59351
1568 0.54507
1569 0.541835
1570 0.382858
1571 0.446368
1572 0.647385
1573 0.764225
1574 0.527029
1575 0.858972
1576 0.203817
1577 0.20151
1578 0.156907
1579 0.202802
1580 0.621924
1581 0.327982
1582 0.230863
1583 0.465732
1584 0.460093
1585 0.50462
1586 0.299939
1587 0.531536
1588 0.290452
1589 0.294493
1590 0.328304
1591 0.153568
1592 0.313331
1593 0.4474
1594 0.149475
1595 0.151275
1596 0.587776
1597 0.699955
1598 0.0625844
1599 0.495073
1600 0.353337
1601 0.432732
1602 0.0587202
1603 0.56838
1604 0.77831
1605 0.426508
1606 0.481869
1607 0.748139
1608 0.566434
1609 0.179422
1610 0.0524189
1611 0.220792
1612 0.140751
1613 0.0537488
1614 0.602485
1615 0.77994
1616 0.512708
1617 0.708266
1618 0.435232
1619 0.372031
1620 0.0209767
1621 0.469829
1622 0.633168
1623 0.241481
1624 0.315302
1625 0.279203
1626 0.041413
1627 0.145471
1628 0.327561
1629 0.0149091
1630 0.222724
1631 0.278764
1632 0.0345769
1633 0.0938552
1634 0.38136
1635 0.529901
1636 0.714421
1637 0.845309
1638 0.72669
1639 0.194663
1640 0.519431
1641 0.613146
1642 0.320865
1643 0.698459
1644 0.69647
1645 0.531756
1646 0.64592
1647 0.190984
1648 0.634347
1649 0.286002
1650 0.49981
1651 0.821492
1652 0.455478
1653 0.0296246
1654 0.484537
1655 0.381871
1656 0.65239
1657 0.243293
1658 0.136752
1659 0.330686
1660 0.224234
1661 0.498615
1662 0.302619
1663 0.11347
1664 0.522333
1665 0.437264
1666 0.775123
1667 0.132137
1668 0.279294
1669 0.192137
1670 0.0879113
1671 0.0570594
1672 0.02072
1673 0.0296447
1674 0.187168
1675 0.904498
1676 0.505925
1677 0.930486
1678 0.045948
1679 0.578249
1680 0.91702
1681 0.54961
1682 0.709944
1683 0.536103
1684 0.789788
1685 0.694541
1686 0.557906
1687 0.709903
1688 0.528713
1689 0.463387
1690 0.327614
1691 0.170235
1692 0.100107
1693 0.729952
1694 0.779948
1695 0.573307
1696 0.778486
1697 0.839526
1698 0.753302
1699 0.669075
1700 0.661847
1701 0.801043
1702 0.739686
1703 0.78226
1704 0.730739
1705 0.690556
1706 0.829367
1707 0.639273
1708 0.573812
1709 0.514218
1710 0.769118
1711 0.649874
1712 0.632991
1713 0.621301
1714 0.927712
1715 0.699995
1716 0.890754
1717 0.741169
1718 0.716787
1719 0.641549
1720 0.546479
1721 0.716448
1722 0.69408
1723 0.754905
1724 0.645529
1725 0.856647
1726 0.630025
1727 0.876959
1728 0.652063
1729 0.24653
1730 0.818884
1731 0.685322
1732 0.76928
1733 0.87216
1734 0.649998
1735 0.5886
1736 0.821596
1737 0.786755
1738 0.664695
1739 0.694815
1740 0.578891
1741 0.491262
1742 0.693595
1743 0.532617
1744 0.76066
1745 0.684624
1746 0.558804
1747 0.783379
1748 0.611276
1749 0.750391
1750 0.739351
1751 0.697273
1752 0.641873
1753 0.758896
1754 0.785297
1755 0.646669
1756 0.779874
1757 0.944741
1758 0.744721
1759 0.733235
1760 0.776795
1761 0.795567
1762 0.732732
1763 0.740018
1764 0.81106
1765 0.732324
1766 0.449303
1767 0.641788
1768 0.640516
1769 0.882169
1770 0.696322
1771 0.660127
1772 0.659786
1773 0.576039
1774 0.626881
1775 0.629193
1776 0.66674
1777 0.745062
1778 0.567502
1779 0.478079
1780 0.676034
1781 0.848586
1782 0.632626
1783 0.429605
1784 0.426653
1785 0.687897
1786 0.746674
1787 0.683067
1788 0.686899
1789 0.414722
1790 0.366318
1791 0.470841
1792 0.522429
1793 0.400775
1794 0.474241
1795 0.68347
1796 0.217753
1797 0.437143
1798 0.636443
1799 0.61698
1800 0.796563
1801 0.803677
1802 0.634872
1803 0.637788
1804 0.62064
1805 0.842972
1806 0.917562
1807 0.669106
1808 0.949408
1809 0.837771
1810 0.769243
1811 0.958237
1812 0.890133
1813 0.699817
1814 0.718803
1815 0.51122
1816 0.558506
1817 0.475836
1818 0.755911
1819 0.421538
1820 0.528741
1821 0.773885
1822 0.817545
1823 0.678827
1824 0.757925
1825 0.584401
1826 0.696623
1827 0.34795
1828 0.900793
1829 0.815806
1830 0.751124
1831 0.703052
1832 0.823608
1833 0.801958
1834 0.540365
1835 0.961397
1836 0.842957
1837 0.880501
1838 0.459889
1839 0.751272
1840 0.861375
1841 0.599146
1842 0.709003
1843 0.449325
1844 0.544477
1845 0.222601
1846 0.445705
1847 0.916868
1848 0.37956
1849 0.526748
1850 0.740358
1851 0.855699
1852 0.612682
1853 0.852804
1854 0.860832
1855 0.667214
1856 0.744271
1857 0.4521
1858 0.271312
1859 0.672448
1860 0.481079
1861 0.343592
1862 0.643755
1863 0.418452
1864 0.781808
1865 0.782279
1866 0.657232
1867 0.621671
1868 0.776757
1869 0.80556
1870 0.867779
1871 0.590177
1872 0.661118
1873 0.712701
1874 0.676336
1875 0.474572
1876 0.454966
1877 0.300081
1878 0.15202
1879 0.433286
1880 0.55743
1881 0.497648
1882 0.70653
1883 0.487206
1884 0.674207
1885 0.743134
1886 0.563828
1887 0.772726
1888 0.878538
1889 0.692462
1890 0.884724
1891 0.81967
1892 0.89168
1893 0.435748
1894 0.464869
1895 0.781651
1896 0.22542
1897 0.42701
1898 0.814238
1899 0.785277
1900 0.739702
1901 0.649583
1902 0.746066
1903 0.60195
1904 0.441685
1905 0.487742
1906 0.948682
1907 0.635359
1908 0.886443
1909 0.695388
1910 0.656139
1911 0.737222
1912 0.352346
1913 0.847343
1914 0.772903
1915 0.774515
1916 0.588563
1917 0.550607
1918 0.88645
1919 0.896596
1920 0.757118
1921 0.860828
1922 0.492895
1923 0.906898
1924 0.502676
1925 0.857745
1926 0.632177
1927 0.876521
1928 0.948453
1929 0.686866
1930 0.672952
1931 0.839699
1932 0.479066
1933 0.621334
1934 0.553252
1935 0.723878
1936 0.788441
1937 0.563511
1938 0.628485
1939 0.666833
1940 0.739633
1941 0.839141
1942 0.73807
1943 0.793242
1944 0.806916
1945 0.451804
1946 0.741664
1947 0.497502
1948 0.715844
1949 0.553102
1950 0.711739
1951 0.703742
1952 0.755316
1953 0.746239
1954 0.711118
1955 0.606572
1956 0.803966
1957 0.659385
1958 0.672397
1959 0.766578
1960 0.651757
1961 0.400043
1962 0.729207
1963 0.588416
1964 0.463525
1965 0.401388
1966 0.554037
1967 0.729638
1968 0.510165
1969 0.738144
1970 0.589385
1971 0.791766
1972 0.804069
1973 0.898968
1974 0.76778
1975 0.838191
1976 0.856674
1977 0.771665
1978 0.615018
1979 0.657415
1980 0.623422
1981 0.76324
1982 0.771744
1983 0.621111
1984 0.727781
1985 0.907941
1986 0.912706
1987 0.512637
1988 0.43444
1989 0.489366
1990 0.550649
1991 0.732885
1992 0.592445
1993 0.673106
1994 0.788456
1995 0.775143
1996 0.556644
1997 0.594629
1998 0.72999
1999 0.668556
2000 0.773972
2001 0.546034
2002 0.700917
2003 0.288144
2004 0.594472
2005 0.828
2006 0.704364
2007 0.400443
2008 0.517418
2009 0.460671
2010 0.60463
2011 0.21697
2012 0.542305
2013 0.418596
2014 0.934285
2015 0.839564
2016 0.469206
2017 0.475799
2018 0.803598
2019 0.724225
2020 0.781831
2021 0.738083
2022 0.484562
2023 0.512275
2024 0.880123
2025 0.76252
2026 0.49861
2027 0.831469
2028 0.641317
2029 0.867702
2030 0.612893
2031 0.926354
2032 0.54442
2033 0.664838
2034 0.683798
2035 0.639804
2036 0.731356
2037 0.644595
2038 0.676861
2039 0.923736
2040 0.680601
2041 0.530663
2042 0.635089
2043 0.459843
2044 0.451661
2045 0.684724
2046 0.577528
2047 0.756929
2048 0.796056
2049 0.724216
2050 0.717117
2051 0.895594
2052 0.912828
2053 0.750517
2054 0.508246
2055 0.768117
2056 0.369282
2057 0.586691
2058 0.71878
2059 0.530456
2060 0.412087
2061 0.790353
2062 0.444251
2063 0.487073
2064 0.316594
2065 0.773814
2066 0.472414
2067 0.645435
2068 0.503067
2069 0.186015
2070 0.645231
2071 0.777841
2072 0.763101
2073 0.740091
2074 0.576434
2075 0.584663
2076 0.459566
2077 0.820806
2078 0.708956
2079 0.751332
2080 0.616044
2081 0.852611
2082 0.936147
2083 0.788864
2084 0.872284
2085 0.918547
2086 0.531481
2087 0.88959
2088 0.802223
2089 0.92695
2090 0.672567
2091 0.609578
2092 0.648211
2093 0.537721
2094 0.448161
2095 0.708566
2096 0.502595
2097 0.189587
2098 0.937913
2099 0.83206
2100 0.943564
2101 0.979973
2102 0.963985
2103 0.911378
2104 0.967643
2105 0.878967
2106 0.904021
2107 0.844048
2108 0.882269
2109 0.934748
2110 0.922434
2111 0.874056
2112 0.889491
2113 0.903518
2114 0.780334
2115 0.970608
2116 0.932762
2117 0.991566
2118 0.817932
2119 0.939279
2120 0.866001
2121 0.889515
2122 0.986008
2123 0.978981
2124 0.925593
2125 0.922336
2126 0.957737
2127 0.944671
2128 0.822038
2129 0.803724
2130 0.871276
2131 0.766842
2132 0.931243
2133 0.75467
2134 0.968068
2135 0.946682
2136 0.855185
2137 0.985791
2138 0.79638
2139 0.896241
2140 0.948621
2141 0.892004
2142 0.920931
2143 0.973194
2144 0.954633
2145 0.951463
2146 0.96433
2147 0.975246
2148 0.828687
2149 0.767141
2150 0.84953
2151 0.941822
2152 0.800711
2153 0.960437
2154 0.84449
2155 0.855773
2156 0.861837
2157 0.960788
2158 0.78822
2159 0.900837
2160 0.923325
2161 0.937213
2162 0.748226
2163 0.937763
2164 0.933044
2165 0.912851
2166 0.979652
2167 0.993301
2168 0.942382
2169 0.987527
2170 0.790187
2171 0.715739
2172 0.949087
2173 0.849841
2174 0.874479
2175 0.794697
2176 0.937184
2177 0.87338
2178 0.805403
2179 0.844337
2180 0.836407
2181 0.811384
2182 0.774638
2183 0.974285
2184 0.76234
2185 0.82687
2186 0.920193
2187 0.906852
2188 0.791126
2189 0.839834
2190 0.748767
2191 0.940029
2192 0.941203
2193 0.943954
2194 0.664582
2195 0.954036
2196 0.856028
2197 0.943345
2198 0.824253
2199 0.834614
2200 0.920066
2201 0.876353
2202 0.82097
2203 0.851064
2204 0.99292
2205 0.804125
2206 0.810721
2207 0.825013
2208 0.942661
2209 0.974906
2210 0.902775
2211 0.890337
2212 0.926008
2213 0.921748
2214 0.79643
2215 0.863107
2216 0.767354
2217 0.927732
2218 0.882193
2219 0.888906
2220 0.842452
2221 0.933644
2222 0.777289
2223 0.895813
2224 0.956806
2225 0.870399
2226 0.939053
2227 0.803139
2228 0.80684
2229 0.940495
2230 0.839655
2231 0.924082
2232 0.854527
2233 0.733242
2234 0.876439
2235 0.965561
2236 0.81267
2237 0.806199
2238 0.838396
2239 0.825758
2240 0.96652
2241 0.841565
2242 0.864705
2243 0.919413
2244 0.889606
2245 0.993572
2246 0.935447
2247 0.923066
2248 0.765389
2249 0.963894
2250 0.927562
2251 0.947644
2252 0.894176
2253 0.905526
2254 0.989174
2255 0.872227
2256 0.915702
2257 0.881422
2258 0.919638
2259 0.745352
2260 0.985226
2261 0.876966
2262 0.866364
2263 0.956232
2264 0.96428
2265 0.972415
2266 0.968643
2267 0.894307
2268 0.983116
2269 0.965543
2270 0.988552
2271 0.93975
2272 0.778486
2273 0.898033
2274 0.984999
2275 0.832773
2276 0.980869
2277 0.897907
2278 0.920586
2279 0.957694
2280 0.816078
2281 0.746977
2282 0.950844
2283 0.933968
2284 0.756687
2285 0.863391
2286 0.947227
2287 0.940798
2288 0.90786
2289 0.704086
2290 0.717289
2291 0.854949
2292 0.859636
2293 0.914456
2294 0.935585
2295 0.933273
2296 0.870125
2297 0.79746
2298 0.997668
2299 0.916834
2300 0.956632
2301 0.98183
2302 0.8906
2303 0.864544
2304 0.956822
2305 0.811376
2306 0.962862
2307 0.974009
2308 0.994424
2309 0.971834
2310 0.900583
2311 0.926225
2312 0.952219
2313 0.967079
2314 0.90187
2315 0.978979
2316 0.936845
2317 0.942563
2318 0.826696
2319 0.804225
2320 0.912952
2321 0.963393
2322 0.963848
2323 0.994603
2324 0.866161
2325 0.893644
2326 0.793063
2327 0.90921
2328 0.963386
2329 0.953294
2330 0.980505
2331 0.925566
2332 0.937059
2333 0.962861
2334 0.825288
2335 0.940346
2336 0.91002
2337 0.936118
2338 0.983732
2339 0.946193
2340 0.82491
2341 0.916929
2342 0.789192
2343 0.989822
2344 0.866432
2345 0.968548
2346 0.937919
2347 0.867466
2348 0.984094
2349 0.949531
2350 0.99175
2351 0.944088
2352 0.789952
2353 0.973956
2354 0.833583
2355 0.809203
2356 0.976665
2357 0.841192
2358 0.942551
2359 0.892492
2360 0.987644
2361 0.691569
2362 0.930597
2363 0.913613
2364 0.93769
2365 0.933283
2366 0.957665
2367 0.866212
2368 0.683382
2369 0.833156
2370 0.928587
2371 0.82264
2372 0.98866
2373 0.764152
2374 0.809738
2375 0.891941
2376 0.898992
2377 0.855094
2378 0.826854
2379 0.926808
2380 0.86111
2381 0.968298
2382 0.820809
2383 0.88795
2384 0.853339
2385 0.98449
2386 0.816174
2387 0.878004
2388 0.991605
2389 0.88864
2390 0.889349
2391 0.931261
2392 0.92716
2393 0.887714
2394 0.844299
2395 0.875266
2396 0.785135
2397 0.910343
2398 0.991467
2399 0.890416
2400 0.923267
2401 0.838098
2402 0.763242
2403 0.974493
2404 0.921479
2405 0.930603
2406 0.974967
2407 0.92775
2408 0.970339
2409 0.836944
2410 0.880606
2411 0.760155
2412 0.985592
2413 0.891267
2414 0.91088
2415 0.968424
2416 0.88044
2417 0.918595
2418 0.981386
2419 0.846383
2420 0.974963
2421 0.804214
2422 0.895095
2423 0.743618
2424 0.98947
2425 0.901648
2426 0.882536
2427 0.936133
2428 0.913116
2429 0.855628
2430 0.698259
2431 0.80595
2432 0.922872
2433 0.701177
2434 0.936243
2435 0.832149
2436 0.950279
2437 0.951532
2438 0.794971
2439 0.935168
2440 0.788312
2441 0.834808
2442 0.882735
2443 0.792138
2444 0.843723
2445 0.942069
2446 0.976215
2447 0.709698
2448 0.920921
2449 0.878542
2450 0.878092
2451 0.91732
2452 0.85996
2453 0.868721
2454 0.932046
2455 0.832976
2456 0.938441
2457 0.904346
2458 0.90638
2459 0.925055
2460 0.988307
2461 0.979825
2462 0.969312
2463 0.912812
2464 0.826722
2465 0.88437
2466 0.967476
2467 0.974252
2468 0.837366
2469 0.99255
2470 0.992367
2471 0.972192
2472 0.781365
2473 0.951623
2474 0.839587
2475 0.873579
2476 0.94179
2477 0.923495
2478 0.859347
2479 0.801227
2480 0.970273
2481 0.986276
2482 0.863506
2483 0.98308
2484 0.945409
2485 0.937554
2486 0.991689
2487 0.996042
2488 0.904649
2489 0.952723
2490 0.893732
2491 0.913524
2492 0.909567
2493 0.908659
2494 0.975106
2495 0.795082
2496 0.906987
2497 0.923717
2498 0.894744
2499 0.784066
2500 0.841372
2501 0.987602
2502 0.989685
2503 0.847727
2504 0.72888
2505 0.980765
2506 0.891794
2507 0.785658
2508 0.853285
2509 0.793699
2510 0.931912
2511 0.882202
2512 0.883909
2513 0.83971
2514 0.895844
2515 0.94276
2516 0.806029
2517 0.877087
2518 0.933287
2519 0.776225
2520 0.93639
2521 0.83138
2522 0.86426
2523 0.764121
2524 0.819982
2525 0.779931
2526 0.948337
2527 0.812125
2528 0.716345
2529 0.990398
2530 0.943173
2531 0.88193
2532 0.856231
2533 0.973761
2534 0.816191
2535 0.811982
2536 0.91096
2537 0.785679
2538 0.981542
2539 0.818045
2540 0.853222
2541 0.927684
2542 0.972471
2543 0.907104
2544 0.895877
2545 0.931182
2546 0.900951
2547 0.864705
2548 0.942296
2549 0.964284
2550 0.926044
2551 0.81738
2552 0.92483
2553 0.976645
2554 0.816836
2555 0.81811
2556 0.760827
2557 0.862829
2558 0.945132
2559 0.935658
2560 0.822217
2561 0.938253
2562 0.970814
2563 0.922675
2564 0.876386
2565 0.779133
2566 0.950898
2567 0.779156
2568 0.89934
2569 0.971033
2570 0.74934
2571 0.963917
2572 0.909277
2573 0.873102
2574 0.974223
2575 0.91795
2576 0.830386
2577 0.967358
2578 0.869949
2579 0.875528
2580 0.96406
2581 0.755314
2582 0.853718
2583 0.888599
2584 0.859847
2585 0.966078
2586 0.819644
2587 0.889651
2588 0.888004
2589 0.946749
2590 0.85641
2591 0.85519
2592 0.841696
2593 0.995576
2594 0.754656
2595 0.954149
2596 0.980789
2597 0.878736
2598 0.808881
2599 0.924779
2600 0.879947
2601 0.95513
2602 0.758111
2603 0.955978
2604 0.911491
2605 0.897449
2606 0.979379
2607 0.913771
2608 0.785702
2609 0.761935
2610 0.932704
2611 0.743958
2612 0.788039
2613 0.87191
2614 0.896175
2615 0.772861
2616 0.830384
2617 0.974542
2618 0.752198
2619 0.972977
2620 0.803349
2621 0.800316
2622 0.881471
2623 0.799212
2624 0.860768
2625 0.844401
2626 0.919777
2627 0.809499
2628 0.746969
2629 0.974159
2630 0.888804
2631 0.804257
2632 0.750266
2633 0.838028
2634 0.982073
2635 0.823956
2636 0.952725
2637 0.843694
2638 0.842604
2639 0.876813
2640 0.972206
2641 0.801677
2642 0.831224
2643 0.783153
2644 0.773466
2645 0.821028
2646 0.740776
2647 0.913963
2648 0.876471
2649 0.949098
2650 0.728795
2651 0.890195
2652 0.992
2653 0.993482
2654 0.96649
2655 0.935245
2656 0.940199
2657 0.78691
2658 0.941949
2659 0.915707
2660 0.969043
2661 0.913789
2662 0.96303
2663 0.889833
2664 0.812577
2665 0.86311
2666 0.958043
2667 0.887675
2668 0.952651
2669 0.877743
2670 0.992413
2671 0.951973
2672 0.995194
2673 0.769644
2674 0.941777
2675 0.840471
2676 0.851923
2677 0.794379
2678 0.951979
2679 0.787492
2680 0.845051
2681 0.987973
2682 0.853717
2683 0.793898
2684 0.936449
2685 0.93929
2686 0.87912
2687 0.765128
2688 0.785727
2689 0.819395
2690 0.978635
2691 0.954576
2692 0.952201
2693 0.886003
2694 0.814374
2695 0.867238
2696 0.763976
2697 0.986996
2698 0.815181
2699 0.938684
2700 0.730249
2701 0.871326
2702 0.874254
2703 0.751674
2704 0.940405
2705 0.720056
2706 0.695514
2707 0.910493
2708 0.989125
2709 0.811171
2710 0.738969
2711 0.956254
2712 0.939274
2713 0.918958
2714 0.931051
2715 0.899212
2716 0.916206
2717 0.89716
2718 0.887316
2719 0.861453
2720 0.916437
2721 0.808843
2722 0.826741
2723 0.927284
2724 0.977138
2725 0.898435
2726 0.96751
2727 0.944674
2728 0.932557
2729 0.866292
2730 0.884221
2731 0.834761
2732 0.850032
2733 0.943067
2734 0.909338
2735 0.881903
2736 0.837472
2737 0.849987
2738 0.910056
2739 0.939446
2740 0.940865
2741 0.905452
2742 0.907581
2743 0.796203
2744 0.760078
2745 0.898462
2746 0.806929
2747 0.88358
2748 0.971864
2749 0.858577
2750 0.718678
2751 0.874365
2752 0.92053
2753 0.943598
2754 0.656235
2755 0.876799
2756 0.846407
2757 0.895712
2758 0.922804
2759 0.989352
2760 0.979563
2761 0.919937
2762 0.934273
2763 0.887062
2764 0.89307
2765 0.976833
2766 0.909359
2767 0.969228
2768 0.919104
2769 0.793976
2770 0.77814
2771 0.886044
2772 0.880474
2773 0.83958
2774 0.978834
2775 0.845053
2776 0.928135
2777 0.896988
2778 0.975578
2779 0.938685
2780 0.851627
2781 0.830553
2782 0.787537
2783 0.850994
2784 0.89405
2785 0.815691
2786 0.787647
2787 0.951837
2788 0.914307
2789 0.857675
2790 0.853812
2791 0.870686
2792 0.96504
2793 0.864285
2794 0.824396
2795 0.957392
2796 0.901548
2797 0.83213
2798 0.887776
2799 0.787385
2800 0.995751
2801 0.854533
2802 0.882442
2803 0.81117
2804 0.865906
2805 0.792476
2806 0.874239
2807 0.837036
2808 0.958949
2809 0.809962
2810 0.880016
2811 0.95336
2812 0.802056
2813 0.91199
2814 0.876255
2815 0.854871
2816 0.94025
2817 0.83001
2818 0.876436
2819 0.847965
2820 0.925642
2821 0.877279
2822 0.693649
2823 0.853365
2824 0.977772
2825 0.896493
2826 0.821859
2827 0.855819
2828 0.899378
2829 0.817608
2830 0.831401
2831 0.987007
2832 0.899743
2833 0.993063
2834 0.834279
2835 0.786322
2836 0.975134
2837 0.938398
2838 0.880086
2839 0.829479
2840 0.937187
2841 0.744285
2842 0.855711
2843 0.926613
2844 0.860236
2845 0.905008
2846 0.960445
2847 0.937583
2848 0.85222
2849 0.941062
2850 0.950008
2851 0.914461
2852 0.818737
2853 0.925783
2854 0.881853
2855 0.848877
2856 0.894007
2857 0.758777
2858 0.955968
2859 0.726254
2860 0.90554
2861 0.839686
2862 0.931428
2863 0.711645
2864 0.820174
2865 0.884402
2866 0.920934
2867 0.956098
2868 0.812982
2869 0.912189
2870 0.957352
2871 0.743909
2872 0.765044
2873 0.88502
2874 0.938049
2875 0.852782
2876 0.976821
2877 0.792399
2878 0.911267
2879 0.813123
2880 0.944868
2881 0.819893
2882 0.816252
2883 0.892247
2884 0.804105
2885 0.827118
2886 0.816838
2887 0.819966
2888 0.882544
2889 0.868354
2890 0.799072
2891 0.857605
2892 0.921479
2893 0.962714
2894 0.837249
2895 0.864811
2896 0.79158
2897 0.953261
2898 0.833688
2899 0.911
2900 0.907397
2901 0.896009
2902 0.861638
2903 0.870091
2904 0.946244
2905 0.911294
2906 0.878752
2907 0.787554
2908 0.949293
2909 0.71082
2910 0.930757
2911 0.814236
2912 0.932069
2913 0.771279
2914 0.945003
2915 0.913425
2916 0.861964
2917 0.865648
2918 0.959831
2919 0.888073
2920 0.891375
2921 0.88926
2922 0.86803
2923 0.851096
2924 0.899384
2925 0.768781
2926 0.874721
2927 0.93308
2928 0.882486
2929 0.934307
2930 0.824152
2931 0.95303
2932 0.92874
2933 0.963156
2934 0.926332
2935 0.911928
2936 0.892441
2937 0.882998
2938 0.968103
2939 0.834238
2940 0.962902
2941 0.893479
2942 0.950831
2943 0.782216
2944 0.863202
2945 0.892143
2946 0.950203
2947 0.809264
2948 0.907509
2949 0.885499
2950 0.982041
2951 0.983248
2952 0.867248
2953 0.758912
2954 0.891877
2955 0.836581
2956 0.961801
2957 0.889169
2958 0.870469
2959 0.864316
2960 0.898204
2961 0.968268
2962 0.91648
2963 0.83927
2964 0.897659
2965 0.900018
2966 0.887545
2967 0.947464
2968 0.905542
2969 0.838162
2970 0.806646
2971 0.847805
2972 0.717896
2973 0.853958
2974 0.992799
2975 0.820459
2976 0.699888
2977 0.880997
2978 0.978292
2979 0.835813
2980 0.880864
2981 0.806181
2982 0.984304
2983 0.89043
2984 0.836054
2985 0.894484
2986 0.920269
2987 0.913952
2988 0.80221
2989 0.845198
2990 0.795703
2991 0.966937
2992 0.804889
2993 0.850469
2994 0.948754
2995 0.933028
2996 0.934917
2997 0.865733
2998 0.950714
2999 0.821683
3000 0.91835
3001 0.771489
3002 0.918153
3003 0.790835
3004 0.866568
3005 0.922102
3006 0.915744
3007 0.906315
3008 0.939983
3009 0.858993
3010 0.95246
3011 0.925964
3012 0.902899
3013 0.914953
3014 0.960386
3015 0.921205
3016 0.896132
3017 0.81523
3018 0.884168
3019 0.900402
3020 0.897085
3021 0.91863
3022 0.831949
3023 0.897516
3024 0.82059
3025 0.786877
3026 0.972188
3027 0.978887
3028 0.936587
3029 0.812038
3030 0.875627
3031 0.933305
3032 0.857256
3033 0.900415
3034 0.90906
3035 0.838725
3036 0.932557
3037 0.84277
3038 0.893119
3039 0.910347
3040 0.870156
3041 0.938304
3042 0.888848
3043 0.861916
3044 0.861915
3045 0.769728
3046 0.823206
3047 0.917977
3048 0.868923
3049 0.890419
3050 0.969136
3051 0.916739
3052 0.811299
3053 0.837444
3054 0.759318
3055 0.928576
3056 0.888749
3057 0.863186
3058 0.948822
3059 0.826487
3060 0.932758
3061 0.975652
3062 0.808459
3063 0.93658
3064 0.895747
3065 0.917017
3066 0.958612
3067 0.798612
3068 0.825735
3069 0.890309
3070 0.944359
3071 0.937108
3072 0.900036
3073 0.918657
3074 0.853631
3075 0.732353
3076 0.884205
3077 0.852525
3078 0.902305
3079 0.809763
3080 0.876119
3081 0.98627
3082 0.871186
3083 0.779674
3084 0.743799
3085 0.778266
3086 0.97682
3087 0.937887
3088 0.902399
3089 0.80069
3090 0.747923
3091 0.888427
3092 0.836327
3093 0.950564
3094 0.921999
3095 0.773309
3096 0.741243
3097 0.694633
3098 0.751367
3099 0.959635
3100 0.911557
3101 0.916764
3102 0.814311
3103 0.954849
3104 0.938166
3105 0.957734
3106 0.943719
3107 0.783754
3108 0.965133
3109 0.9025
3110 0.80125
3111 0.838576
3112 0.833955
3113 0.923999
3114 0.91226
3115 0.883276
3116 0.855618
3117 0.810148
3118 0.875043
3119 0.844736
3120 0.856745
3121 0.933076
3122 0.86054
3123 0.845054
3124 0.824243
3125 0.845606
3126 0.972571
3127 0.850503
3128 0.840218
3129 0.9107
3130 0.90192
3131 0.869605
3132 0.934289
3133 0.867734
3134 0.913311
3135 0.883104
3136 0.836445
3137 0.953082
3138 0.916578
3139 0.919587
3140 0.877516
3141 0.926972
3142 0.851774
3143 0.877778
3144 0.804754
3145 0.847427
3146 0.940446
3147 0.923753
3148 0.891518
3149 0.874749
3150 0.744941
3151 0.752532
3152 0.761865
3153 0.723793
3154 0.890772
3155 0.753509
3156 0.902476
3157 0.871734
3158 0.816953
3159 0.919044
3160 0.838373
3161 0.895537
3162 0.895972
3163 0.82193
3164 0.814883
3165 0.887572
3166 0.895506
3167 0.907019
3168 0.838963
3169 0.877714
3170 0.991682
3171 0.889899
3172 0.903175
3173 0.964358
3174 0.840225
3175 0.884637
3176 0.838884
3177 0.893249
3178 0.892456
3179 0.816849
3180 0.943777
3181 0.891403
3182 0.871095
3183 0.789189
3184 0.897925
3185 0.731971
3186 0.746134
3187 0.937102
3188 0.962373
3189 0.784739
3190 0.89481
3191 0.78761
3192 0.969017
3193 0.865386
3194 0.883747
3195 0.796765
3196 0.896178
3197 0.951045
3198 0.980222
3199 0.930211
3200 0.830308
3201 0.872547
3202 0.861231
3203 0.907047
3204 0.958957
3205 0.812575
3206 0.877178
3207 0.843506
3208 0.962592
3209 0.867602
3210 0.896273
3211 0.784555
3212 0.881931
3213 0.806295
3214 0.790264
3215 0.901469
3216 0.91058
3217 0.930083
3218 0.917223
3219 0.94316
3220 0.877627
3221 0.866609
3222 0.893032
3223 0.915951
3224 0.680362
3225 0.866952
3226 0.869614
3227 0.912048
3228 0.705519
3229 0.897428
3230 0.87112
3231 0.873801
3232 0.924847
3233 0.897297
3234 0.785068
3235 0.679797
3236 0.795414
3237 0.930284
3238 0.85074
3239 0.896003
3240 0.916042
3241 0.857067
3242 0.786165
3243 0.922665
3244 0.899092
3245 0.917747
3246 0.890845
3247 0.922802
3248 0.934928
3249 0.917433
3250 0.751934
3251 0.892166
3252 0.863277
3253 0.953323
3254 0.784418
3255 0.808628
3256 0.813852
3257 0.831938
3258 0.809997
3259 0.848106
3260 0.710889
3261 0.94222
3262 0.789376
3263 0.779833
3264 0.916319
3265 0.838466
3266 0.924459
3267 0.93761
3268 0.940928
3269 0.886119
3270 0.847704
3271 0.912466
3272 0.847522
3273 0.744223
3274 0.855967
3275 0.803497
3276 0.65903
3277 0.89759
3278 0.954518
3279 0.901843
3280 0.827959
3281 0.903087
3282 0.806314
3283 0.920787
3284 0.894118
3285 0.893022
3286 0.885131
3287 0.824842
3288 0.839222
3289 0.951239
3290 0.816733
3291 0.909257
3292 0.913596
3293 0.926032
3294 0.87353
3295 0.938663
3296 0.945231
3297 0.84824
3298 0.941637
3299 0.827051
3300 0.869926
3301 0.831494
3302 0.914563
3303 0.975329
3304 0.96371
3305 0.876677
3306 0.730902
3307 0.931216
3308 0.858821
3309 0.913373
3310 0.947215
3311 0.949233
3312 0.786287
3313 0.828291
3314 0.800467
3315 0.793508
3316 0.82889
3317 0.887477
3318 0.830827
3319 0.90574
3320 0.87828
3321 0.858203
3322 0.878558
3323 0.840501
3324 0.905382
3325 0.928764
3326 0.775348
3327 0.859389
3328 0.880272
3329 0.945904
3330 0.878465
3331 0.884658
3332 0.860396
3333 0.844358
3334 0.861697
3335 0.796569
3336 0.909474
3337 0.936505
3338 0.842619
3339 0.927145
3340 0.923614
3341 0.888355
3342 0.895945
3343 0.925518
3344 0.917823
3345 0.944408
3346 0.860414
3347 0.863075
3348 0.792468
3349 0.843924
3350 0.808689
3351 0.877149
3352 0.962602
3353 0.875663
3354 0.874148
3355 0.854198
3356 0.884189
3357 0.879717
3358 0.926362
3359 0.935228
3360 0.75154
3361 0.878821
3362 0.939151
3363 0.959755
3364 0.861732
3365 0.884805
3366 0.839234
3367 0.875179
3368 0.86118
3369 0.737577
3370 0.879504
3371 0.922754
3372 0.824396
3373 0.785084
3374 0.89369
3375 0.932789
3376 0.912898
3377 0.759187
3378 0.859888
3379 0.843079
3380 0.899469
3381 0.97442
3382 0.946382
3383 0.905382
3384 0.857164
3385 0.857251
3386 0.811596
3387 0.81803
3388 0.934559
3389 0.969529
3390 0.812429
3391 0.982175
3392 0.970373
3393 0.80059
3394 0.875148
3395 0.692808
3396 0.722072
3397 0.791846
3398 0.80881
3399 0.786755
3400 0.876369
3401 0.7245
3402 0.826472
3403 0.957065
3404 0.863966
3405 0.785445
3406 0.866176
3407 0.863038
3408 0.776919
3409 0.959349
3410 0.805185
3411 0.946078
3412 0.724909
3413 0.782404
3414 0.91359
3415 0.846218
3416 0.894937
3417 0.922879
3418 0.875475
3419 0.918528
3420 0.918405
3421 0.951534
3422 0.86439
3423 0.975464
3424 0.873213
3425 0.909157
3426 0.870254
3427 0.880824
3428 0.978204
3429 0.901305
3430 0.868105
3431 0.91665
3432 0.881378
3433 0.9541
3434 0.820473
3435 0.839586
3436 0.965576
3437 0.75211
3438 0.637101
3439 0.889826
3440 0.830544
3441 0.872701
3442 0.810193
3443 0.774423
3444 0.936305
3445 0.943062
3446 0.807015
3447 0.807079
3448 0.88781
3449 0.869872
3450 0.910335
3451 0.871812
3452 0.852218
3453 0.962315
3454 0.887467
3455 0.831907
3456 0.767276
3457 0.929358
3458 0.908203
3459 0.799039
3460 0.778052
3461 0.884965
3462 0.899581
3463 0.868139
3464 0.883061
3465 0.883032
3466 0.900385
3467 0.862745
3468 0.864526
3469 0.749951
3470 0.932223
3471 0.852836
3472 0.962293
3473 0.905054
3474 0.799051
3475 0.860007
3476 0.952998
3477 0.899287
3478 0.919471
3479 0.792264
3480 0.914897
3481 0.653555
3482 0.96749
3483 0.940549
3484 0.841512
3485 0.87215
3486 0.786331
3487 0.895328
3488 0.891776
3489 0.862984
3490 0.843484
3491 0.85169
3492 0.696612
3493 0.887288
3494 0.89001
3495 0.893043
3496 0.918872
3497 0.809513
3498 0.90417
3499 0.885543
3500 0.926305
3501 0.801152
3502 0.865236
3503 0.865136
3504 0.82033
3505 0.798818
3506 0.779853
3507 0.814783
3508 0.808757
3509 0.918505
3510 0.943437
3511 0.824306
3512 0.9299
3513 0.843471
3514 0.944162
3515 0.925945
3516 0.807206
3517 0.811385
3518 0.748891
3519 0.683692
3520 0.860635
3521 0.959861
3522 0.966697
3523 0.930363
3524 0.823296
3525 0.763221
3526 0.896223
3527 0.825915
3528 0.879207
3529 0.845323
3530 0.945597
3531 0.93468
3532 0.96493
3533 0.820444
3534 0.927733
3535 0.964792
3536 0.977989
3537 0.835535
3538 0.849892
3539 0.828973
3540 0.974741
3541 0.913911
3542 0.985063
3543 0.940325
3544 0.893591
3545 0.877021
3546 0.849085
3547 0.951977
3548 0.883769
3549 0.870203
3550 0.957361
3551 0.932145
3552 0.976409
3553 0.996777
3554 0.862287
3555 0.934525
3556 0.923047
3557 0.821767
3558 0.971595
3559 0.829377
3560 0.850141
3561 0.968171
3562 0.919686
3563 0.913733
3564 0.951772
3565 0.855795
3566 0.930132
3567 0.944952
3568 0.786737
3569 0.868779
3570 0.828036
3571 0.820046
3572 0.825653
3573 0.904921
3574 0.866187
3575 0.849101
3576 0.944618
3577 0.767661
3578 0.850021
3579 0.919633
3580 0.963277
3581 0.939366
3582 0.907856
3583 0.715105
3584 0.913543
3585 0.81338
3586 0.794164
3587 0.887638
3588 0.938553
3589 0.838408
3590 0.936791
3591 0.875731
3592 0.739091
3593 0.874046
3594 0.844156
3595 0.822327
3596 0.958083
3597 0.996954
3598 0.838153
3599 0.937953
3600 0.922033
3601 0.973001
3602 0.93291
3603 0.97078
3604 0.931021
3605 0.937182
3606 0.904007
3607 0.962589
3608 0.936069
3609 0.915274
3610 0.96601
3611 0.736915
3612 0.85314
3613 0.900565
3614 0.911673
3615 0.813815
3616 0.850603
3617 0.894436
3618 0.900811
3619 0.842701
3620 0.892772
3621 0.856152
3622 0.887455
3623 0.915374
3624 0.807825
3625 0.925078
3626 0.864834
3627 0.963339
3628 0.949592
3629 0.848369
3630 0.974527
3631 0.784267
3632 0.926881
3633 0.862687
3634 0.69487
3635 0.921448
3636 0.86229
3637 0.948292
3638 0.911286
3639 0.929357
3640 0.825248
3641 0.955243
3642 0.934348
3643 0.971165
3644 0.843687
3645 0.912034
3646 0.877201
3647 0.935981
3648 0.892303
3649 0.861555
3650 0.901836
3651 0.932997
3652 0.953158
3653 0.921975
3654 0.98041
3655 0.985055
3656 0.913924
3657 0.865822
3658 0.907949
3659 0.883318
3660 0.781214
3661 0.924277
3662 0.824119
3663 0.850592
3664 0.789347
3665 0.911882
3666 0.892672
3667 0.909349
3668 0.875657
3669 0.831503
3670 0.886918
3671 0.908032
3672 0.873399
3673 0.942722
3674 0.811112
3675 0.902112
3676 0.828747
3677 0.93292
3678 0.867023
3679 0.916432
3680 0.868377
3681 0.65353
3682 0.972052
3683 0.95271
3684 0.955164
3685 0.983402
3686 0.853995
3687 0.881443
3688 0.787823
3689 0.865602
3690 0.869777
3691 0.947163
3692 0.838883
3693 0.977458
3694 0.950551
3695 0.829033
3696 0.895817
3697 0.860148
3698 0.882006
3699 0.977154
3700 0.809634
3701 0.88452
3702 0.938887
3703 0.857703
3704 0.916844
3705 0.879644
3706 0.802298
3707 0.915235
3708 0.821937
3709 0.928902
3710 0.843177
3711 0.854494
3712 0.907481
3713 0.811086
3714 0.932443
3715 0.869368
3716 0.898988
3717 0.91751
3718 0.912607
3719 0.988365
3720 0.900921
3721 0.893508
3722 0.788217
3723 0.900941
3724 0.903552
3725 0.893295
3726 0.93173
3727 0.849871
3728 0.827167
3729 0.7811
3730 0.974304
3731 0.844411
3732 0.83592
3733 0.884205
3734 0.935341
3735 0.917652
3736 0.932253
3737 0.820692
3738 0.909961
3739 0.83873
3740 0.867948
3741 0.903125
3742 0.788077
3743 0.727345
3744 0.850799
3745 0.866083
3746 0.696694
3747 0.95717
3748 0.868735
3749 0.944116
3750 0.864007
3751 0.878521
3752 0.930442
3753 0.782047
3754 0.852653
3755 0.932172
3756 0.834148
3757 0.89546
3758 0.845465
3759 0.841378
3760 0.859335
3761 0.964386
3762 0.741682
3763 0.912648
3764 0.978648
3765 0.982415
3766 0.905421
3767 0.911775
3768 0.980916
3769 0.870409
3770 0.881268
3771 0.967782
3772 0.716892
3773 0.882513
3774 0.931039
3775 0.945483
3776 0.898116
3777 0.7035
3778 0.953917
3779 0.871917
3780 0.946412
3781 0.949541
3782 0.88146
3783 0.902989
3784 0.904014
3785 0.972459
3786 0.911472
3787 0.877504
3788 0.891363
3789 0.690199
3790 0.976017
3791 0.895797
3792 0.929781
3793 0.847872
3794 0.875648
3795 0.722103
3796 0.90214
3797 0.86125
3798 0.661832
3799 0.809512
3800 0.889041
3801 0.917761
3802 0.905374
3803 0.790924
3804 0.969263
3805 0.732735
3806 0.817774
3807 0.883845
3808 0.792422
3809 0.810829
3810 0.890722
3811 0.776347
3812 0.92391
3813 0.932735
3814 0.915815
3815 0.78572
3816 0.8536
3817 0.924304
3818 0.895034
3819 0.838566
3820 0.876314
3821 0.908029
3822 0.866422
3823 0.792899
3824 0.927677
3825 0.862728
3826 0.889343
3827 0.940437
3828 0.833937
3829 0.859349
3830 0.893345
3831 0.813675
3832 0.786969
3833 0.77986
3834 0.814214
3835 0.906278
3836 0.874114
3837 0.884873
3838 0.888142
3839 0.893965
3840 0.883828
3841 0.902253
3842 0.92933
3843 0.973377
3844 0.821781
3845 0.847591
3846 0.909228
3847 0.752907
3848 0.844678
3849 0.882582
3850 0.764843
3851 0.933441
3852 0.869986
3853 0.818442
3854 0.769126
3855 0.948227
3856 0.909363
3857 0.893416
3858 0.834427
3859 0.949037
3860 0.850792
3861 0.925151
3862 0.871793
3863 0.94191
3864 0.869378
3865 0.939195
3866 0.884097
3867 0.849938
3868 0.922197
3869 0.932672
3870 0.870493
3871 0.920266
3872 0.926597
3873 0.791942
3874 0.83135
3875 0.797402
3876 0.864661
3877 0.73259
3878 0.8384
3879 0.943065
3880 0.865294
3881 0.945052
3882 0.929916
3883 0.864276
3884 0.830411
3885 0.921593
3886 0.884329
3887 0.838363
3888 0.925692
3889 0.8407
3890 0.925179
3891 0.949674
3892 0.699621
3893 0.863892
3894 0.918875
3895 0.970701
3896 0.925586
3897 0.811198
3898 0.884234
3899 0.859233
3900 0.96419
3901 0.834747
3902 0.871054
3903 0.880399
3904 0.953904
3905 0.89021
3906 0.930026
3907 0.795501
3908 0.877735
3909 0.857631
3910 0.803931
3911 0.836067
3912 0.821255
3913 0.942924
3914 0.838395
3915 0.936398
3916 0.972465
3917 0.96712
3918 0.877585
3919 0.866996
3920 0.913133
3921 0.937436
3922 0.902879
3923 0.821687
3924 0.923792
3925 0.926227
3926 0.920931
3927 0.822469
3928 0.915668
3929 0.828433
3930 0.859207
3931 0.880277
3932 0.938412
3933 0.865049
3934 0.961094
3935 0.866453
3936 0.84409
3937 0.819957
3938 0.815912
3939 0.951849
3940 0.818108
3941 0.925052
3942 0.922283
3943 0.827379
3944 0.891271
3945 0.769959
3946 0.824348
3947 0.924916
3948 0.946491
3949 0.903503
3950 0.850586
3951 0.93905
3952 0.933193
3953 0.891661
3954 0.842257
3955 0.928012
3956 0.863017
3957 0.841035
3958 0.893794
3959 0.962393
3960 0.928875
3961 0.880354
3962 0.803644
3963 0.957141
3964 0.758073
3965 0.919981
3966 0.741224
3967 0.902253
3968 0.749407
3969 0.872324
3970 0.900199
3971 0.900713
3972 0.920826
3973 0.88223
3974 0.804138
3975 0.742461
3976 0.82377
3977 0.842599
3978 0.956459
3979 0.822316
3980 0.809337
3981 0.796513
3982 0.807492
3983 0.897319
3984 0.887308
3985 0.88876
3986 0.929722
3987 0.830469
3988 0.886051
3989 0.842376
3990 0.87638
3991 0.825752
3992 0.881265
3993 0.858273
3994 0.895521
3995 0.959192
3996 0.768326
3997 0.888038
3998 0.977165
3999 0.88221
4000 0.845734
4001 0.866554
4002 0.928331
4003 0.82965
4004 0.945773
4005 0.97731
4006 0.984805
4007 0.872425
4008 0.809618
4009 0.861601
4010 0.966771
4011 0.778321
4012 0.853164
4013 0.885451
4014 0.896684
4015 0.808266
4016 0.937015
4017 0.785531
4018 0.810484
4019 0.824305
4020 0.807689
4021 0.912405
4022 0.894362
4023 0.844093
4024 0.768096
4025 0.917255
4026 0.918658
4027 0.861276
4028 0.936263
4029 0.97189
4030 0.852099
4031 0.938685
4032 0.94017
4033 0.91648
4034 0.849726
4035 0.844266
4036 0.729455
4037 0.918485
4038 0.914972
4039 0.948547
4040 0.907614
4041 0.953267
4042 0.844436
4043 0.865416
4044 0.934352
4045 0.856123
4046 0.870037
4047 0.855178
4048 0.852027
4049 0.795399
4050 0.886516
4051 0.901792
4052 0.76686
4053 0.894034
4054 0.944207
4055 0.886628
4056 0.905027
4057 0.82893
4058 0.769644
4059 0.860445
4060 0.913749
4061 0.895201
4062 0.94081
4063 0.951703
4064 0.913828
4065 0.92566
4066 0.850765
4067 0.986027
4068 0.900702
4069 0.93034
4070 0.935773
4071 0.76624
4072 0.809206
4073 0.957971
4074 0.835802
4075 0.823732
4076 0.962714
4077 0.976326
4078 0.750359
4079 0.894958
4080 0.823971
4081 0.910987
4082 0.943012
4083 0.89247
4084 0.917144
4085 0.979742
4086 0.953943
4087 0.895039
4088 0.805698
4089 0.955007
4090 0.792355
4091 0.811443
4092 0.800685
4093 0.860832
4094 0.805579
4095 0.769776
4096 0.822483
4097 0.923916
4098 0.962668
4099 0.914047
4100 0.79493
4101 0.93915
4102 0.714676
4103 0.979546
4104 0.850224
4105 0.900807
4106 0.940484
4107 0.846473
4108 0.831107
4109 0.957577
4110 0.788
4111 0.915822
4112 0.938642
4113 0.824892
4114 0.768507
4115 0.733965
4116 0.858506
4117 0.91246
4118 0.8391
4119 0.876886
4120 0.935769
4121 0.842272
4122 0.918884
4123 0.841232
4124 0.85652
4125 0.881628
4126 0.797807
4127 0.84351
4128 0.831439
4129 0.922139
4130 0.953319
4131 0.865382
4132 0.920735
4133 0.907247
4134 0.763516
4135 0.647786
4136 0.952033
4137 0.845374
4138 0.925443
4139 0.922108
4140 0.943057
4141 0.957403
4142 0.940764
4143 0.940371
4144 0.959179
4145 0.911431
4146 0.816271
4147 0.963571
4148 0.965225
4149 0.901406
4150 0.95684
4151 0.836841
4152 0.813136
4153 0.860453
4154 0.782004
4155 0.897215
4156 0.833323
4157 0.826047
4158 0.791553
4159 0.939189
4160 0.885533
4161 0.916873
4162 0.927576
4163 0.866556
4164 0.769246
4165 0.860286
4166 0.933306
4167 0.874855
4168 0.790695
4169 0.850978
4170 0.910314
4171 0.962582
4172 0.944234
4173 0.930078
4174 0.930242
4175 0.729547
4176 0.833055
4177 0.803974
4178 0.841185
4179 0.832486
4180 0.877767
4181 0.890169
4182 0.863523
4183 0.906475
4184 0.900278
4185 0.927538
4186 0.875512
4187 0.858271
4188 0.941777
4189 0.873496
4190 0.902174
4191 0.88237
4192 0.970678
4193 0.961632
4194 0.929914
4195 0.912122
4196 0.896088
4197 0.743876
4198 0.915048
4199 0.915411
4200 0.885309
4201 0.859386
4202 0.792087
4203 0.883157
4204 0.89967
4205 0.861309
4206 0.751579
4207 0.887554
4208 0.89448
4209 0.769059
4210 0.8705
4211 0.885606
4212 0.822772
4213 0.929194
4214 0.785888
4215 0.962035
4216 0.8567
4217 0.891161
4218 0.951601
4219 0.811843
4220 0.959826
4221 0.959623
4222 0.80713
4223 0.755398
4224 0.732395
4225 0.94375
4226 0.951532
4227 0.930749
4228 0.927204
4229 0.981204
4230 0.778422
4231 0.898582
4232 0.871645
4233 0.89061
4234 0.853423
4235 0.948703
4236 0.918115
4237 0.890211
4238 0.891487
4239 0.916843
4240 0.911065
4241 0.92252
4242 0.883948
4243 0.813506
4244 0.907115
4245 0.913724
4246 0.873923
4247 0.757357
4248 0.904258
4249 0.952294
4250 0.885692
4251 0.864577
4252 0.957535
4253 0.941325
4254 0.94372
4255 0.966716
4256 0.701535
4257 0.934887
4258 0.933335
4259 0.96483
4260 0.950433
4261 0.718259
4262 0.906855
4263 0.910074
4264 0.815085
4265 0.966923
4266 0.750506
4267 0.778471
4268 0.870885
4269 0.831662
4270 0.937749
4271 0.87234
4272 0.96102
4273 0.883998
4274 0.916249
4275 0.867545
4276 0.916459
4277 0.879968
4278 0.846275
4279 0.824651
4280 0.870409
4281 0.939319
4282 0.915181
4283 0.962189
4284 0.868199
4285 0.817256
4286 0.981791
4287 0.788153
4288 0.784668
4289 0.888037
4290 0.952001
4291 0.930635
4292 0.828337
4293 0.869979
4294 0.92781
4295 0.829324
4296 0.797495
4297 0.900007
4298 0.857294
4299 0.862052
4300 0.971239
4301 0.925347
4302 0.914752
4303 0.988101
4304 0.879972
4305 0.931022
4306 0.89763
4307 0.920676
4308 0.887104
4309 0.91522
4310 0.915893
4311 0.854469
4312 0.919508
4313 0.952476
4314 0.910353
4315 0.793946
4316 0.950621
4317 0.805569
4318 0.869423
4319 0.92505
4320 0.902245
4321 0.939109
4322 0.992369
4323 0.869146
4324 0.954928
4325 0.957364
4326 0.960335
4327 0.982938
4328 0.779086
4329 0.802591
4330 0.799895
4331 0.880657
4332 0.782161
4333 0.803334
4334 0.763914
4335 0.93777
4336 0.909981
4337 0.875255
4338 0.846792
4339 0.890401
4340 0.946374
4341 0.922806
4342 0.801744
4343 0.769126
4344 0.817166
4345 0.929445
4346 0.95356
4347 0.931889
4348 0.904383
4349 0.817329
4350 0.902029
4351 0.823627
4352 0.966031
4353 0.904636
4354 0.931661
4355 0.97458
4356 0.925688
4357 0.918878
4358 0.910784
4359 0.843584
4360 0.885377
4361 0.819807
4362 0.859259
4363 0.728347
4364 0.956089
4365 0.928531
4366 0.876487
4367 0.89566
4368 0.892474
4369 0.819147
4370 0.832844
4371 0.892392
4372 0.929964
4373 0.841687
4374 0.658851
4375 0.933807
4376 0.958296
4377 0.877529
4378 0.85101
4379 0.882864
4380 0.866065
4381 0.942056
4382 0.835361
4383 0.930106
4384 0.838274
4385 0.84774
4386 0.919737
4387 0.863037
4388 0.816971
4389 0.673845
4390 0.863509
4391 0.774086
4392 0.920962
4393 0.922822
4394 0.639026
4395 0.917101
4396 0.88945
4397 0.834091
4398 0.850891
4399 0.787538
4400 0.778184
4401 0.728974
4402 0.980691
4403 0.892549
4404 0.843794
4405 0.817608
4406 0.932048
4407 0.914255
4408 0.874096
4409 0.739121
4410 0.884159
4411 0.847049
4412 0.915955
4413 0.951957
4414 0.955077
4415 0.800131
4416 0.832324
4417 0.862684
4418 0.90614
4419 0.740784
4420 0.896244
4421 0.774494
4422 0.904569
4423 0.819577
4424 0.856458
4425 0.753354
4426 0.915957
4427 0.864264
4428 0.960762
4429 0.852853
4430 0.957351
4431 0.931043
4432 0.877378
4433 0.868223
4434 0.901683
4435 0.913738
4436 0.72185
4437 0.824113
4438 0.936903
4439 0.878166
4440 0.740435
4441 0.915764
4442 0.863183
4443 0.895865
4444 0.81867
4445 0.887679
4446 0.831073
4447 0.888354
4448 0.860819
4449 0.797754
4450 0.922058
4451 0.941943
4452 0.89688
4453 0.815941
4454 0.910652
4455 0.845404
4456 0.827334
4457 0.862472
4458 0.90393
4459 0.880569
4460 0.863595
4461 0.960074
4462 0.872854
4463 0.66931
4464 0.90631
4465 0.87845
4466 0.827591
4467 0.978966
4468 0.941293
4469 0.896838
4470 0.919205
4471 0.891819
4472 0.885121
4473 0.875133
4474 0.898774
4475 0.925326
4476 0.961405
4477 0.821653
4478 0.863874
4479 0.866158
4480 0.856215
4481 0.838647
4482 0.896272
4483 0.964699
4484 0.85992
4485 0.81487
4486 0.919304
4487 0.891563
4488 0.922513
4489 0.861305
4490 0.7589
4491 0.872731
4492 0.901929
4493 0.795844
4494 0.956004
4495 0.949794
4496 0.903106
4497 0.482064
4498 0.759498
4499 0.952446
4500 0.834039
4501 0.986642
4502 0.799267
4503 0.941602
4504 0.971945
4505 0.92655
4506 0.947754
4507 0.967694
4508 0.710404
4509 0.948038
4510 0.987591
4511 0.987784
4512 0.713454
4513 0.882799
4514 0.814283
4515 0.831396
4516 0.970001
4517 0.804569
4518 0.817012
4519 0.938593
4520 0.893206
4521 0.898991
4522 0.854102
4523 0.854983
4524 0.958907
4525 0.831607
4526 0.955105
4527 0.819436
4528 0.886049
4529 0.934334
4530 0.945947
4531 0.835515
4532 0.916867
4533 0.838132
4534 0.870473
4535 0.974677
4536 0.869718
4537 0.848611
4538 0.881383
4539 0.891634
4540 0.967843
4541 0.917497
4542 0.913443
4543 0.930708
4544 0.886147
4545 0.890946
4546 0.896729
4547 0.835127
4548 0.932517
4549 0.881912
4550 0.840342
4551 0.983723
4552 0.982889
4553 0.842954
4554 0.942272
4555 0.977565
4556 0.856759
4557 0.957308
4558 0.98231
4559 0.852775
4560 0.696928
4561 0.862436
4562 0.86115
4563 0.922193
4564 0.902415
4565 0.862845
4566 0.922284
4567 0.851837
4568 0.905834
4569 0.841584
4570 0.842298
4571 0.857647
4572 0.888522
4573 0.906068
4574 0.900424
4575 0.979713
4576 0.83936
4577 0.950565
4578 0.92777
4579 0.94336
4580 0.89505
4581 0.841355
4582 0.921957
4583 0.900388
4584 0.916734
4585 0.976848
4586 0.954914
4587 0.878998
4588 0.935048
4589 0.976006
4590 0.852716
4591 0.956337
4592 0.936146
4593 0.965179
4594 0.875135
4595 0.835164
4596 0.793276
4597 0.908658
4598 0.787643
4599 0.904187
4600 0.986559
4601 0.943084
4602 0.83365
4603 0.835017
4604 0.843411
4605 0.788968
4606 0.810547
4607 0.789634
4608 0.860436
4609 0.868352
4610 0.874143
4611 0.824908
4612 0.969636
4613 0.902403
4614 0.911411
4615 0.922122
4616 0.769041
4617 0.786749
4618 0.923453
4619 0.953237
4620 0.837592
4621 0.870767
4622 0.912997
4623 0.84787
4624 0.858713
4625 0.784661
4626 0.853229
4627 0.922496
4628 0.915243
4629 0.840846
4630 0.940287
4631 0.763591
4632 0.957722
4633 0.962001
4634 0.953192
4635 0.934106
4636 0.937796
4637 0.928326
4638 0.819696
4639 0.95949
4640 0.850926
4641 0.842752
4642 0.971814
4643 0.937698
4644 0.876974
4645 0.888011
4646 0.972813
4647 0.603635
4648 0.757693
4649 0.873838
4650 0.759697
4651 0.913359
4652 0.873732
4653 0.90706
4654 0.917984
4655 0.948101
4656 0.932164
4657 0.906436
4658 0.890976
4659 0.910599
4660 0.944261
4661 0.997542
4662 0.88786
4663 0.941491
4664 0.881427
4665 0.948568
4666 0.735953
4667 0.887836
4668 0.857568
4669 0.870211
4670 0.829594
4671 0.819069
4672 0.681156
4673 0.916161
4674 0.823028
4675 0.880852
4676 0.946986
4677 0.95056
4678 0.93797
4679 0.896255
4680 0.769062
4681 0.905862
4682 0.941377
4683 0.964272
4684 0.95609
4685 0.956458
4686 0.910347
4687 0.806726
4688 0.992345
4689 0.942894
4690 0.952104
4691 0.914574
4692 0.943233
4693 0.874698
4694 0.827089
4695 0.979839
4696 0.918261
4697 0.960334
4698 0.87248
4699 0.889117
4700 0.949478
4701 0.949965
4702 0.82529
4703 0.973382
4704 0.833663
4705 0.886607
4706 0.900509
4707 0.771826
4708 0.839887
4709 0.898201
4710 0.872329
4711 0.996261
4712 0.964305
4713 0.849178
4714 0.839787
4715 0.959457
4716 0.94205
4717 0.904854
4718 0.800164
4719 0.938338
4720 0.920751
4721 0.87704
4722 0.868576
4723 0.922552
4724 0.864056
4725 0.876066
4726 0.921495
4727 0.877483
4728 0.911052
4729 0.800033
4730 0.910135
4731 0.962283
4732 0.91676
4733 0.807853
4734 0.874897
4735 0.766039
4736 0.807762
4737 0.925271
4738 0.948567
4739 0.897546
4740 0.864388
4741 0.907787
4742 0.920744
4743 0.93128
4744 0.965045
4745 0.899619
4746 0.909512
4747 0.892151
4748 0.71895
4749 0.889254
4750 0.924822
4751 0.929321
4752 0.942336
4753 0.950009
4754 0.954105
4755 0.825291
4756 0.879648
4757 0.88224
4758 0.906673
4759 0.840857
4760 0.931668
4761 0.893281
4762 0.879984
4763 0.858004
4764 0.882935
4765 0.781562
4766 0.981633
4767 0.700666
4768 0.75022
4769 0.897862
4770 0.793399
4771 0.78383
4772 0.798229
4773 0.698865
4774 0.766347
4775 0.565619
4776 0.785076
4777 0.963019
4778 0.818133
4779 0.892111
4780 0.885916
4781 0.884269
4782 0.893897
4783 0.906318
4784 0.927194
4785 0.814368
4786 0.870224
4787 0.910577
4788 0.803168
4789 0.853923
4790 0.879765
4791 0.862275
4792 0.908492
4793 0.923372
4794 0.914249
4795 0.817088
4796 0.910827
4797 0.943503
4798 0.884975
4799 0.917276
4800 0.606694
4801 0.921374
4802 0.894552
4803 0.957649
4804 0.874208
4805 0.928853
4806 0.838504
4807 0.890246
4808 0.813564
4809 0.915045
4810 0.971377
4811 0.842914
4812 0.973907
4813 0.893707
4814 0.831539
4815 0.949464
4816 0.822098
4817 0.843792
4818 0.965884
4819 0.881599
4820 0.959639
4821 0.87797
4822 0.937303
4823 0.939253
4824 0.937892
4825 0.951371
4826 0.928418
4827 0.935464
4828 0.959437
4829 0.90302
4830 0.908131
4831 0.800318
4832 0.889755
4833 0.81377
4834 0.828002
4835 0.740705
4836 0.745488
4837 0.886129
4838 0.897755
4839 0.942286
4840 0.921273
4841 0.869287
4842 0.898827
4843 0.983212
4844 0.977608
4845 0.944681
4846 0.883786
4847 0.977476
4848 0.939515
4849 0.903941
4850 0.95358
4851 0.831865
4852 0.939419
4853 0.797701
4854 0.859313
4855 0.807484
4856 0.747382
4857 0.841237
4858 0.932488
4859 0.879328
4860 0.856601
4861 0.757441
4862 0.882107
4863 0.919352
4864 0.845264
4865 0.881741
4866 0.902256
4867 0.917808
4868 0.940739
4869 0.943793
4870 0.972961
4871 0.836769
4872 0.843489
4873 0.945028
4874 0.733288
4875 0.862441
4876 0.909008
4877 0.914543
4878 0.916037
4879 0.851179
4880 0.834472
4881 0.838207
4882 0.914419
4883 0.911641
4884 0.806616
4885 0.761447
4886 0.939923
4887 0.9339
4888 0.884562
4889 0.889981
4890 0.865229
4891 0.843441
4892 0.918752
4893 0.859369
4894 0.906039
4895 0.905516
4896 0.925083
4897 0.914175
4898 0.905624
4899 0.80057
4900 0.95223
4901 0.950396
4902 0.848048
4903 0.834561
4904 0.977437
4905 0.939233
4906 0.815045
4907 0.839228
4908 0.940442
4909 0.841465
4910 0.887962
4911 0.820626
4912 0.901902
4913 0.950309
4914 0.746857
4915 0.988661
4916 0.868449
4917 0.82326
4918 0.920689
4919 0.949741
4920 0.953346
4921 0.508652
4922 0.814708
4923 0.794358
4924 0.843219
4925 0.803757
4926 0.882756
4927 0.955016
4928 0.884938
4929 0.888707
4930 0.729205
4931 0.883295
4932 0.964815
4933 0.901812
4934 0.901842
4935 0.897992
4936 0.883689
4937 0.857738
4938 0.933936
4939 0.854362
4940 0.808213
4941 0.823369
4942 0.829027
4943 0.980612
4944 0.89259
4945 0.861614
4946 0.920792
4947 0.899981
4948 0.933732
4949 0.966948
4950 0.908091
4951 0.899391
4952 0.883102
4953 0.753214
4954 0.97304
4955 0.799362
4956 0.903663
4957 0.892144
4958 0.930191
4959 0.921529
4960 0.874629
4961 0.721033
4962 0.805998
4963 0.918711
4964 0.87209
4965 0.9203
4966 0.799357
4967 0.840211
4968 0.935397
4969 0.85927
4970 0.970275
4971 0.663805
4972 0.976435
4973 0.951707
4974 0.712129
4975 0.940957
4976 0.799347
4977 0.821854
4978 0.881308
4979 0.879931
4980 0.838762
4981 0.923129
4982 0.853781
4983 0.802467
4984 0.934612
4985 0.75748
4986 0.885787
4987 0.968271
4988 0.965463
4989 0.974237
4990 0.913167
4991 0.890542
4992 0.912209
4993 0.935633
4994 0.939554
4995 0.928837
4996 0.763364
4997 0.874136
4998 0.937671
4999 0.938441
5000 0.926928
5001 0.892162
5002 0.96098
5003 0.863318
5004 0.922527
5005 0.911969
5006 0.81041
5007 0.909392
5008 0.89847
5009 0.891367
5010 0.973571
5011 0.893546
5012 0.783834
5013 0.80918
5014 0.904096
5015 0.934007
5016 0.946667
5017 0.905962
5018 0.914724
5019 0.927635
5020 0.833299
5021 0.889664
5022 0.896142
5023 0.785819
5024 0.738235
5025 0.910115
5026 0.931303
5027 0.781493
5028 0.907717
5029 0.915318
5030 0.957047
5031 0.919434
5032 0.86827
5033 0.857499
5034 0.840297
5035 0.686605
5036 0.765656
5037 0.778208
5038 0.900394
5039 0.82021
5040 0.828126
5041 0.878184
5042 0.931965
5043 0.928164
5044 0.857141
5045 0.66744
5046 0.748444
5047 0.823561
5048 0.874729
5049 0.98457
5050 0.780762
5051 0.750548
5052 0.957199
5053 0.741036
5054 0.916983
5055 0.952742
5056 0.900474
5057 0.848662
5058 0.876713
5059 0.86703
5060 0.868255
5061 0.967149
5062 0.884201
5063 0.987425
5064 0.903725
5065 0.795783
5066 0.912904
5067 0.919253
5068 0.798111
5069 0.794266
5070 0.869099
5071 0.911675
5072 0.876916
5073 0.843752
5074 0.871094
5075 0.863168
5076 0.917663
5077 0.917511
5078 0.839725
5079 0.961421
5080 0.745544
5081 0.678228
5082 0.886593
5083 0.821897
5084 0.853573
5085 0.668516
5086 0.777316
5087 0.83854
5088 0.882834
5089 0.962228
5090 0.803649
5091 0.796675
5092 0.838443
5093 0.796896
5094 0.91616
5095 0.86109
5096 0.872363
5097 0.760394
5098 0.962214
5099 0.860583
5100 0.908127
5101 0.78602
5102 0.801869
5103 0.936088
5104 0.871585
5105 0.907815
5106 0.889932
5107 0.857401
5108 0.812844
5109 0.883126
5110 0.827232
5111 0.908958
5112 0.885614
5113 0.851625
5114 0.89053
5115 0.783491
5116 0.82715
5117 0.881628
5118 0.915796
5119 0.797539
5120 0.7966
5121 0.613495
5122 0.955847
5123 0.794503
5124 0.902314
5125 0.872756
5126 0.761619
5127 0.877086
5128 0.934604
5129 0.716924
5130 0.844942
5131 0.918049
5132 0.868754
5133 0.842144
5134 0.911555
5135 0.744439
5136 0.838239
5137 0.859555
5138 0.868487
5139 0.906046
5140 0.948196
5141 0.939586
5142 0.898032
5143 0.911954
5144 0.791511
5145 0.924915
5146 0.800217
5147 0.911411
5148 0.683249
5149 0.907893
5150 0.916694
5151 0.888244
5152 0.831707
5153 0.945925
5154 0.936812
5155 0.930349
5156 0.841042
5157 0.727535
5158 0.942086
5159 0.96328
5160 0.885002
5161 0.774884
5162 0.948083
5163 0.784756
5164 0.728132
5165 0.724967
5166 0.931334
5167 0.836741
5168 0.722842
5169 0.825844
5170 0.938955
5171 0.696806
5172 0.838845
5173 0.78375
5174 0.760433
5175 0.826819
5176 0.777334
5177 0.621681
5178 0.695204
5179 0.651838
5180 0.759379
5181 0.516752
5182 0.720653
5183 0.639245
5184 0.884077
5185 0.816632
5186 0.776201
5187 0.830985
5188 0.939214
5189 0.80673
5190 0.856846
5191 0.863763
5192 0.867055
5193 0.783872
5194 0.940018
5195 0.831983
5196 0.906729
5197 0.846255
5198 0.95271
5199 0.809914
5200 0.730871
5201 0.803613
5202 0.890687
5203 0.831841
5204 0.877392
5205 0.883736
5206 0.730209
5207 0.720402
5208 0.823792
5209 0.896042
5210 0.910087
5211 0.896616
5212 0.907206
5213 0.836981
5214 0.95157
5215 0.890869
5216 0.929011
5217 0.896976
5218 0.710759
5219 0.894403
5220 0.908633
5221 0.914236
5222 0.895224
5223 0.866049
5224 0.940613
5225 0.911263
5226 0.864424
5227 0.943732
5228 0.74309
5229 0.899212
5230 0.944769
5231 0.88797
5232 0.955738
5233 0.953984
5234 0.743912
5235 0.295175
5236 0.911542
5237 0.897855
5238 0.775588
5239 0.456034
5240 0.904885
5241 0.954086
5242 0.756521
5243 0.894697
5244 0.902557
5245 0.895951
5246 0.782725
5247 0.884925
5248 0.938791
5249 0.94538
5250 0.939275
5251 0.384556
5252 0.902769
5253 0.895627
5254 0.785577
5255 0.928169
5256 0.907023
5257 0.677471
5258 0.779349
5259 0.783158
5260 0.730983
5261 0.906173
5262 0.738719
5263 0.627549
5264 0.734002
5265 0.864693
5266 0.845438
5267 0.838795
5268 0.838493
5269 0.807971
5270 0.867722
5271 0.890412
5272 0.787279
5273 0.865483
5274 0.974204
5275 0.743303
5276 0.618969
5277 0.767846
5278 0.850239
5279 0.748648
5280 0.749874
5281 0.969341
5282 0.832229
5283 0.757837
5284 0.935576
5285 0.747841
5286 0.886725
5287 0.670649
5288 0.93503
5289 0.570525
5290 0.886171
5291 0.581026
5292 0.765092
5293 0.815355
5294 0.713738
5295 0.863597
5296 0.907428
5297 0.862622
5298 0.919415
5299 0.894952
5300 0.86683
5301 0.787686
5302 0.893477
5303 0.898589
5304 0.895833
5305 0.911349
5306 0.86491
5307 0.786468
5308 0.890432
5309 0.811257
5310 0.738327
5311 0.798478
5312 0.937203
5313 0.804465
5314 0.87427
5315 0.897985
5316 0.731921
5317 0.913221
5318 0.90855
5319 0.797334
5320 0.896278
5321 0.947757
5322 0.850297
5323 0.891933
5324 0.775432
5325 0.963767
5326 0.851617
5327 0.86279
5328 0.898369
5329 0.894336
5330 0.807592
5331 0.825553
5332 0.937814
5333 0.842434
5334 0.82492
5335 0.876141
5336 0.872319
5337 0.879676
5338 0.825447
5339 0.811932
5340 0.750443
5341 0.853381
5342 0.786555
5343 0.887923
5344 0.919009
5345 0.89181
5346 0.944677
5347 0.929039
5348 0.919562
5349 0.861407
5350 0.819087
5351 0.863222
5352 0.829711
5353 0.927429
5354 0.921218
5355 0.896511
5356 0.921214
5357 0.915629
5358 0.904924
5359 0.86906
5360 0.812107
5361 0.784628
5362 0.920561
5363 0.8414
5364 0.975775
5365 0.830916
5366 0.768159
5367 0.890974
5368 0.793609
5369 0.852337
5370 0.743884
5371 0.768056
5372 0.892748
5373 0.884721
5374 0.86502
5375 0.901828
5376 0.922338
5377 0.828719
5378 0.74764
5379 0.864091
5380 0.768347
5381 0.792582
5382 0.824854
5383 0.891696
5384 0.79246
5385 0.856672
5386 0.919359
5387 0.799273
5388 0.827758
5389 0.840687
5390 0.875661
5391 0.914529
5392 0.904311
5393 0.875678
5394 0.882112
5395 0.828012
5396 0.906182
5397 0.933342
5398 0.84655
5399 0.905956
5400 0.908328
5401 0.901467
5402 0.912743
5403 0.881659
5404 0.911543
5405 0.892248
5406 0.74317
5407 0.805946
5408 0.926139
5409 0.889764
5410 0.909744
5411 0.803225
5412 0.888791
5413 0.747785
5414 0.772279
5415 0.801175
5416 0.927463
5417 0.926211
5418 0.90843
5419 0.843786
5420 0.924689
5421 0.916603
5422 0.846478
5423 0.88217
5424 0.910824
5425 0.88945
5426 0.829863
5427 0.944374
5428 0.93842
5429 0.900029
5430 0.9279
5431 0.895729
5432 0.788279
5433 0.91051
5434 0.917872
5435 0.967482
5436 0.738122
5437 0.889866
5438 0.816937
5439 0.960272
5440 0.93283
5441 0.94139
5442 0.888598
5443 0.86683
5444 0.919598
5445 0.847579
5446 0.915693
5447 0.968785
5448 0.890401
5449 0.937394
5450 0.887012
5451 0.893003
5452 0.929811
5453 0.941305
5454 0.875906
5455 0.757411
5456 0.931468
5457 0.921854
5458 0.887118
5459 0.89953
5460 0.91871
5461 0.875459
5462 0.90039
5463 0.93845
5464 0.894824
5465 0.907282
5466 0.884472
5467 0.916663
5468 0.910086
5469 0.907896
5470 0.955248
5471 0.879922
5472 0.792161
5473 0.909403
5474 0.967733
5475 0.943067
5476 0.925762
5477 0.804547
5478 0.940159
5479 0.795535
5480 0.861207
5481 0.957913
5482 0.908204
5483 0.879917
5484 0.907684
5485 0.901975
5486 0.920134
5487 0.908865
5488 0.914004
5489 0.885228
5490 0.829542
5491 0.86357
5492 0.873039
5493 0.943658
5494 0.887624
5495 0.86915
5496 0.883146
5497 0.801009
5498 0.826915
5499 0.918217
5500 0.901176
5501 0.928208
5502 0.939007
5503 0.875789
5504 0.835674
5505 0.871939
5506 0.949756
5507 0.917422
5508 0.856334
5509 0.921667
5510 0.938098
5511 0.861134
5512 0.770979
5513 0.963015
5514 0.932629
5515 0.74235
5516 0.81007
5517 0.610845
5518 0.940009
5519 0.909259
5520 0.878388
5521 0.922629
5522 0.93964
5523 0.890008
5524 0.959305
5525 0.878143
5526 0.950302
5527 0.942265
5528 0.865742
5529 0.935899
5530 0.938143
5531 0.966099
5532 0.873784
5533 0.944877
5534 0.863937
5535 0.958586
5536 0.936259
5537 0.938284
5538 0.952422
5539 0.842853
5540 0.796732
5541 0.856243
5542 0.864515
5543 0.943353
5544 0.935818
5545 0.893336
5546 0.891179
5547 0.920048
5548 0.939019
5549 0.895368
5550 0.912167
5551 0.935486
5552 0.909687
5553 0.875321
5554 0.933319
5555 0.939537
5556 0.947416
5557 0.932011
5558 0.918196
5559 0.932025
5560 0.921581
5561 0.91799
5562 0.905326
5563 0.919837
5564 0.896395
5565 0.939443
5566 0.908925
5567 0.895618
5568 0.911855
5569 0.907634
5570 0.858983
5571 0.895633
5572 0.884601
5573 0.871633
5574 0.904712
5575 0.86978
5576 0.907429
5577 0.894769
5578 0.954237
5579 0.910014
5580 0.929387
5581 0.887963
5582 0.770089
5583 0.774552
5584 0.914862
5585 0.940151
5586 0.743254
5587 0.827639
5588 0.617198
5589 0.36652
5590 0.539991
5591 0.751275
5592 0.790668
5593 0.893948
5594 0.857479
5595 0.923253
5596 0.949003
5597 0.875588
5598 0.480372
5599 0.846647
5600 0.911187
5601 0.820991
5602 0.919317
5603 0.892497
5604 0.929383
5605 0.790241
5606 0.742407
5607 0.435213
5608 0.846567
5609 0.790284
5610 0.921268
5611 0.913545
5612 0.866741
5613 0.827884
5614 0.96893
5615 0.937532
5616 0.892601
5617 0.634394
5618 0.912086
5619 0.607592
5620 0.906411
5621 0.563923
5622 0.855227
5623 0.959394
5624 0.766559
5625 0.868217
5626 0.87292
5627 0.965785
5628 0.740597
5629 0.932449
5630 0.89775
5631 0.233859
5632 0.78669
5633 0.943759
5634 0.751063
5635 0.794736
5636 0.864808
5637 0.690755
5638 0.859839
5639 0.928463
5640 0.853558
5641 0.642168
5642 0.91847
5643 0.842287
5644 0.943141
5645 0.833307
5646 0.650612
5647 0.968941
5648 0.716869
5649 0.61394
5650 0.647696
5651 0.97815
5652 0.835322
5653 0.847123
5654 0.472174
5655 0.633081
5656 0.531171
5657 0.776825
5658 0.916995
5659 0.827316
5660 0.602922
5661 0.909654
5662 0.965721
5663 0.801389
5664 0.881006
5665 0.813736
5666 0.785931
5667 0.826535
5668 0.453381
5669 0.64898
5670 0.78704
5671 0.922498
5672 0.72478
5673 0.854925
5674 0.385707
5675 0.320736
5676 0.568561
5677 0.77211
5678 0.791804
5679 0.869183
5680 0.660419
5681 0.718005
5682 0.878313
5683 0.855122
5684 0.751144
5685 0.776763
5686 0.899959
5687 0.81158
5688 0.730478
5689 0.924362
5690 0.831146
5691 0.894746
5692 0.888439
5693 0.936406
5694 0.922098
5695 0.929944
5696 0.897747
5697 0.933868
5698 0.880703
5699 0.903942
5700 0.893911
5701 0.80842
5702 0.775065
5703 0.852413
5704 0.895581
5705 0.909032
5706 0.902826
5707 0.885214
5708 0.924985
5709 0.930649
5710 0.896546
5711 0.918361
5712 0.884486
5713 0.867301
5714 0.926527
5715 0.919854
5716 0.908945
5717 0.884816
5718 0.722759
5719 0.922871
5720 0.940397
5721 0.97887
5722 0.960177
5723 0.919568
5724 0.9352
5725 0.982813
5726 0.922588
5727 0.677234
5728 0.926965
5729 0.856293
5730 0.720155
5731 0.868191
5732 0.839764
5733 0.903828
5734 0.887571
5735 0.949576
5736 0.873681
5737 0.921769
5738 0.710585
5739 0.712561
5740 0.728283
5741 0.981504
5742 0.81486
5743 0.968405
5744 0.706933
5745 0.754329
5746 0.820627
5747 0.895181
5748 0.894237
5749 0.852141
5750 0.846904
5751 0.68991
5752 0.902862
5753 0.873127
5754 0.842719
5755 0.89703
5756 0.909115
5757 0.951197
5758 0.891904
5759 0.858699
5760 0.850999
5761 0.866239
5762 0.814099
5763 0.868496
5764 0.810335
5765 0.891725
5766 0.795828
5767 0.915394
5768 0.91342
5769 0.750085
5770 0.800535
5771 0.878851
5772 0.755492
5773 0.927949
5774 0.943852
5775 0.919857
5776 0.909157
5777 0.808478
5778 0.979596
5779 0.969488
5780 0.698797
5781 0.861315
5782 0.867213
5783 0.867876
5784 0.885649
5785 0.843085
5786 0.825978
5787 0.880231
5788 0.834455
5789 0.951678
5790 0.78665
5791 0.791477
5792 0.797404
5793 0.796445
5794 0.806295
5795 0.782304
5796 0.720779
5797 0.711894
5798 0.910038
5799 0.898778
5800 0.918473
5801 0.91105
5802 0.97848
5803 0.924434
5804 0.880477
5805 0.923576
5806 0.888563
5807 0.847402
5808 0.809698
5809 0.935665
5810 0.846153
5811 0.866803
5812 0.911935
5813 0.883128
5814 0.907593
5815 0.687239
5816 0.936943
5817 0.876848
5818 0.923155
5819 0.738976
5820 0.74438
5821 0.713898
5822 0.851932
5823 0.961917
5824 0.795227
5825 0.866267
5826 0.984323
5827 0.921874
5828 0.896885
5829 0.927027
5830 0.970822
5831 0.893896
5832 0.859594
5833 0.977792
5834 0.854219
5835 0.931231
5836 0.957174
5837 0.941852
5838 0.898763
5839 0.627495
5840 0.940972
5841 0.919083
5842 0.870425
5843 0.892523
5844 0.868333
5845 0.907898
5846 0.685667
5847 0.924932
5848 0.843055
5849 0.912627
5850 0.970317
5851 0.964915
5852 0.863317
5853 0.873455
5854 0.884135
5855 0.865698
5856 0.9254
5857 0.888505
5858 0.869635
5859 0.877579
5860 0.919337
5861 0.869021
5862 0.688263
5863 0.845452
5864 0.938311
5865 0.925216
5866 0.923123
5867 0.898248
5868 0.904633
5869 0.89472
5870 0.91077
5871 0.886964
5872 0.948405
5873 0.959557
5874 0.91398
5875 0.935149
5876 0.908258
5877 0.968454
5878 0.90475
5879 0.925005
5880 0.855212
5881 0.848949
5882 0.878739
5883 0.985857
5884 0.619551
5885 0.965673
5886 0.78262
5887 0.765331
5888 0.905271
5889 0.854267
5890 0.910531
5891 0.936982
5892 0.704352
5893 0.942967
5894 0.965944
5895 0.933991
5896 0.97311
5897 0.895845
5898 0.630916
5899 0.911344
5900 0.908924
5901 0.885577
5902 0.891804
5903 0.950082
5904 0.874884
5905 0.906344
5906 0.964384
5907 0.812395
5908 0.956168
5909 0.814924
5910 0.860117
5911 0.884477
5912 0.76591
5913 0.857601
5914 0.930463
5915 0.886631
5916 0.94875
5917 0.944438
5918 0.89247
5919 0.85585
5920 0.877396
5921 0.916992
5922 0.956118
5923 0.758326
5924 0.885844
5925 0.813861
5926 0.742084
5927 0.797265
5928 0.919137
5929 0.906792
5930 0.877749
5931 0.776278
5932 0.960039
5933 0.811027
5934 0.8948
5935 0.839717
5936 0.868277
5937 0.71024
5938 0.881852
5939 0.989794
5940 0.825658
5941 0.67188
5942 0.841187
5943 0.895583
5944 0.959607
5945 0.931918
5946 0.926507
5947 0.817264
5948 0.938884
5949 0.940575
5950 0.91832
5951 0.866201
5952 0.785986
5953 0.944637
5954 0.889003
5955 0.736433
5956 0.798023
5957 0.901764
5958 0.807695
5959 0.751261
5960 0.858172
5961 0.881592
5962 0.818948
5963 0.967842
5964 0.933446
5965 0.927738
5966 0.854025
5967 0.890575
5968 0.96404
5969 0.887335
5970 0.864668
5971 0.894769
5972 0.937448
5973 0.888082
5974 0.946299
5975 0.909573
5976 0.925357
5977 0.886777
5978 0.939126
5979 0.884338
5980 0.937853
5981 0.930272
5982 0.917322
5983 0.959658
5984 0.919755
5985 0.955457
5986 0.938234
5987 0.893826
5988 0.953055
5989 0.938675
5990 0.913542
5991 0.944811
5992 0.904022
5993 0.861283
5994 0.77027
5995 0.87968
5996 0.96202
5997 0.973151
5998 0.947146
5999 0.463534
6000 0.64259
6001 0.911138
6002 0.535194
6003 0.902427
6004 0.930549
6005 0.948686
6006 0.89108
6007 0.484166
6008 0.850568
6009 0.906633
6010 0.775037
6011 0.805864
6012 0.878889
6013 0.845087
6014 0.789331
6015 0.7267
6016 0.91327
6017 0.736208
6018 0.93176
6019 0.755783
6020 0.627829
6021 0.532774
6022 0.660541
6023 0.773
6024 0.544803
6025 0.714311
6026 0.162247
6027 0.932545
6028 0.510562
6029 0.885291
6030 0.947995
6031 0.700791
6032 0.894774
6033 0.974646
6034 0.825832
6035 0.767795
6036 0.940246
6037 0.923535
6038 0.916093
6039 0.85818
6040 0.873721
6041 0.761085
6042 0.415341
6043 0.923194
6044 0.948113
6045 0.896534
6046 0.875649
6047 0.887134
6048 0.916979
6049 0.858885
6050 0.844102
6051 0.595176
6052 0.892207
6053 0.757446
6054 0.940282
6055 0.943553
6056 0.902588
6057 0.953651
6058 0.947004
6059 0.953155
6060 0.93815
6061 0.945362
6062 0.938752
6063 0.906864
6064 0.773507
6065 0.910194
6066 0.859966
6067 0.808102
6068 0.751532
6069 0.976073
6070 0.829091
6071 0.691228
6072 0.889034
6073 0.944783
6074 0.7555
6075 0.709468
6076 0.913082
6077 0.908126
6078 0.722224
6079 0.967785
6080 0.887758
6081 0.735971
6082 0.915442
6083 0.880204
6084 0.719297
6085 0.779732
6086 0.875662
6087 0.513564
6088 0.744675
6089 0.886587
6090 0.664356
6091 0.837569
6092 0.70501
6093 0.978156
6094 0.802973
6095 0.849183
6096 0.842338
6097 0.654325
6098 0.921325
6099 0.873252
6100 0.815416
6101 0.721652
6102 0.940696
6103 0.810185
6104 0.950258
6105 0.86127
6106 0.725315
6107 0.818714
6108 0.871136
6109 0.865912
6110 0.786931
6111 0.846013
6112 0.787885
6113 0.805221
6114 0.619737
6115 0.511251
6116 0.503853
6117 0.801516
6118 0.600575
6119 0.890755
6120 0.839992
6121 0.905034
6122 0.937948
6123 0.911586
6124 0.902975
6125 0.880992
6126 0.855001
6127 0.912642
6128 0.866723
6129 0.901981
6130 0.880494
6131 0.879359
6132 0.943568
6133 0.929461
6134 0.883405
6135 0.948311
6136 0.915624
6137 0.929094
6138 0.942656
6139 0.95532
6140 0.800964
6141 0.916343
6142 0.758454
6143 0.824325
6144 0.848246
6145 0.934311
6146 0.761503
6147 0.784213
6148 0.786455
6149 0.72863
6150 0.884027
6151 0.904862
6152 0.880935
6153 0.863656
6154 0.906403
6155 0.914843
6156 0.844546
6157 0.851327
6158 0.785467
6159 0.923289
6160 0.783828
6161 0.826362
6162 0.871116
6163 0.888945
6164 0.859713
6165 0.881619
6166 0.937086
6167 0.942049
6168 0.856791
6169 0.915787
6170 0.950815
6171 0.909806
6172 0.913011
6173 0.936419
6174 0.882398
6175 0.925535
6176 0.942732
6177 0.945452
6178 0.918816
6179 0.886379
6180 0.910186
6181 0.899685
6182 0.902675
6183 0.931178
6184 0.912572
6185 0.834526
6186 0.722973
6187 0.930653
6188 0.850078
6189 0.787878
6190 0.937417
6191 0.944632
6192 0.91587
6193 0.952752
6194 0.856092
6195 0.881058
6196 0.91964
6197 0.939241
6198 0.892291
6199 0.940828
6200 0.900245
6201 0.879421
6202 0.874086
6203 0.851424
6204 0.790963
6205 0.880377
6206 0.889743
6207 0.802963
6208 0.80126
6209 0.892034
6210 0.764257
6211 0.901274
6212 0.883571
6213 0.730261
6214 0.890154
6215 0.910921
6216 0.9005
6217 0.883895
6218 0.882756
6219 0.953661
6220 0.905363
6221 0.943152
6222 0.839254
6223 0.933313
6224 0.957965
6225 0.880241
6226 0.927325
6227 0.924514
6228 0.853131
6229 0.820057
6230 0.957422
6231 0.956121
6232 0.925982
6233 0.871729
6234 0.913496
6235 0.963748
6236 0.927314
6237 0.959315
6238 0.959533
6239 0.916039
6240 0.924571
6241 0.887309
6242 0.904515
6243 0.890451
6244 0.96723
6245 0.863004
6246 0.899575
6247 0.883329
6248 0.83443
6249 0.834379
6250 0.856777
6251 0.927943
6252 0.756945
6253 0.883526
6254 0.940731
6255 0.893021
6256 0.914493
6257 0.817153
6258 0.858623
6259 0.874501
6260 0.755413
6261 0.821276
6262 0.868988
6263 0.899982
6264 0.825127
6265 0.94907
6266 0.807975
6267 0.874638
6268 0.768055
6269 0.879731
6270 0.791262
6271 0.892444
6272 0.88787
6273 0.965864
6274 0.991612
6275 0.840058
6276 0.81658
6277 0.58535
6278 0.65538
6279 0.939246
6280 0.903256
6281 0.859815
6282 0.793503
6283 0.95551
6284 0.966186
6285 0.925008
6286 0.906613
6287 0.943213
6288 0.946462
6289 0.908744
6290 0.790864
6291 0.838373
6292 0.901231
6293 0.854239
6294 0.842146
6295 0.881051
6296 0.93095
6297 0.852091
6298 0.895839
6299 0.762846
6300 0.8967
6301 0.955083
6302 0.899676
6303 0.77734
6304 0.870932
6305 0.949324
6306 0.929406
6307 0.916173
6308 0.925607
6309 0.906619
6310 0.890181
6311 0.94691
6312 0.897141
6313 0.979461
6314 0.900407
6315 0.935429
6316 0.945983
6317 0.960695
6318 0.963577
6319 0.938385
6320 0.903052
6321 0.914249
6322 0.927792
6323 0.924676
6324 0.959775
6325 0.941888
6326 0.892884
6327 0.916546
6328 0.892297
6329 0.961772
6330 0.867431
6331 0.883263
6332 0.846017
6333 0.963922
6334 0.90975
6335 0.960298
6336 0.883391
6337 0.858794
6338 0.771118
6339 0.964377
6340 0.885745
6341 0.901052
6342 0.917729
6343 0.950151
6344 0.942965
6345 0.964752
6346 0.91081
6347 0.962879
6348 0.919652
6349 0.93447
6350 0.964877
6351 0.955504
6352 0.910085
6353 0.900465
6354 0.924594
6355 0.895186
6356 0.878099
6357 0.917535
6358 0.932609
6359 0.953197
6360 0.905787
6361 0.946994
6362 0.947177
6363 0.926922
6364 0.899053
6365 0.922806
6366 0.893501
6367 0.916083
6368 0.903696
6369 0.864603
6370 0.930021
6371 0.896252
6372 0.918293
6373 0.923985
6374 0.8974
6375 0.895218
6376 0.939511
6377 0.833439
6378 0.969859
6379 0.70351
6380 0.875027
6381 0.750293
6382 0.961409
6383 0.933155
6384 0.816272
6385 0.888617
6386 0.87433
6387 0.874639
6388 0.819682
6389 0.904696
6390 0.709549
6391 0.904587
6392 0.844045
6393 0.884015
6394 0.901432
6395 0.856072
6396 0.924931
6397 0.942995
6398 0.941417
6399 0.888655
6400 0.926376
6401 0.948289
6402 0.946994
6403 0.940142
6404 0.929269
6405 0.891455
6406 0.950883
6407 0.891542
6408 0.894796
6409 0.855507
6410 0.807008
6411 0.865961
6412 0.931982
6413 0.913847
6414 0.826976
6415 0.949279
6416 0.91898
6417 0.941481
6418 0.944925
6419 0.87443
6420 0.839838
6421 0.903568
6422 0.956199
6423 0.936083
6424 0.943373
6425 0.865895
6426 0.816798
6427 0.747735
6428 0.959961
6429 0.890777
6430 0.86103
6431 0.844988
6432 0.905046
6433 0.749239
6434 0.800651
6435 0.657266
6436 0.817879
6437 0.76269
6438 0.75051
6439 0.913031
6440 0.713323
6441 0.240685
6442 0.377318
6443 0.521178
6444 0.788149
6445 0.549548
6446 0.743816
6447 0.872597
6448 0.872363
6449 0.788672
6450 0.83565
6451 0.884445
6452 0.854129
6453 0.697195
6454 0.883856
6455 0.758715
6456 0.88394
6457 0.911689
6458 0.934139
6459 0.752512
6460 0.981269
6461 0.945916
6462 0.575763
6463 0.925975
6464 0.835485
6465 0.903336
6466 0.52973
6467 0.893148
6468 0.482779
6469 0.916518
6470 0.956956
6471 0.947003
6472 0.925838
6473 0.952038
6474 0.959493
6475 0.920262
6476 0.919669
6477 0.952098
6478 0.926665
6479 0.922403
6480 0.940491
6481 0.896804
6482 0.915651
6483 0.879434
6484 0.945255
6485 0.760797
6486 0.415156
6487 0.91295
6488 0.858178
6489 0.597044
6490 0.803142
6491 0.869214
6492 0.410519
6493 0.812469
6494 0.812325
6495 0.72678
6496 0.752732
6497 0.339685
6498 0.847653
6499 0.892679
6500 0.313445
6501 0.649127
6502 0.879077
6503 0.849467
6504 0.888829
6505 0.554695
6506 0.513146
6507 0.285896
6508 0.941585
6509 0.895014
6510 0.903166
6511 0.568596
6512 0.822566
6513 0.688062
6514 0.93886
6515 0.579992
6516 0.821125
6517 0.871503
6518 0.752144
6519 0.641147
6520 0.553232
6521 0.836062
6522 0.828592
6523 0.857057
6524 0.623977
6525 0.573354
6526 0.869506
6527 0.633898
6528 0.896608
6529 0.968848
6530 0.86037
6531 0.661734
6532 0.303849
6533 0.716448
6534 0.499754
6535 0.635265
6536 0.707869
6537 0.604235
6538 0.820766
6539 0.317236
6540 0.956632
6541 0.566914
6542 0.611764
6543 0.838158
6544 0.324676
6545 0.880492
6546 0.721344
6547 0.746443
6548 0.60985
6549 0.932005
6550 0.452354
6551 0.628833
6552 0.810286
6553 0.804534
6554 0.629122
6555 0.719711
6556 0.38901
6557 0.523507
6558 0.523897
6559 0.74811
6560 0.754632
6561 0.476379
6562 0.795458
6563 0.709895
6564 0.733228
6565 0.775578
6566 0.620168
6567 0.823102
6568 0.756725
6569 0.321569
6570 0.690134
6571 0.609005
6572 0.93962
6573 0.685946
6574 0.570359
6575 0.71629
6576 0.765797
6577 0.708188
6578 0.443335
6579 0.636643
6580 0.506749
6581 0.799361
6582 0.575027
6583 0.880744
6584 0.70552
6585 0.688429
6586 0.667279
6587 0.587414
6588 0.945229
6589 0.659572
6590 0.715888
6591 0.69814
6592 0.55702
6593 0.890215
6594 0.773339
6595 0.64612
6596 0.477958
6597 0.50263
6598 0.826948
6599 0.630647
6600 0.646322
6601 0.460993
6602 0.586076
6603 0.686171
6604 0.920251
6605 0.832819
6606 0.920453
6607 0.604222
6608 0.61247
6609 0.935808
6610 0.347466
6611 0.53473
6612 0.627548
6613 0.818766
6614 0.820566
6615 0.614547
6616 0.659631
6617 0.783739
6618 0.94905
6619 0.597353
6620 0.582702
6621 0.77352
6622 0.754406
6623 0.91297
6624 0.954942
6625 0.825851
6626 0.804072
6627 0.725632
6628 0.727067
6629 0.588255
6630 0.627523
6631 0.669695
6632 0.58774
6633 0.332725
6634 0.41764
6635 0.743808
6636 0.526039
6637 0.7128
6638 0.831715
6639 0.465063
6640 0.772659
6641 0.366335
6642 0.608405
6643 0.327438
6644 0.626717
6645 0.645348
6646 0.341811
6647 0.792562
6648 0.608404
6649 0.819657
6650 0.1296
6651 0.146345
6652 0.577335
6653 0.375728
6654 0.249113
6655 0.798338
6656 0.56562
6657 0.207168
6658 0.322946
6659 0.350355
6660 0.140577
6661 0.327777
6662 0.207522
6663 0.249147
6664 0.318842
6665 0.374639
6666 0.35104
6667 0.049418
6668 0.637113
6669 0.246504
6670 0.0829192
6671 0.177201
6672 0.118427
6673 0.2851
6674 0.155212
6675 0.157977
6676 0.0776373
6677 0.269118
6678 0.588954
6679 0.227606
6680 0.288837
6681 0.497921
6682 0.049574
6683 0.279471
6684 0.292161
6685 0.45158
6686 0.593252
6687 0.688347
6688 0.531163
6689 0.305019
6690 0.322545
6691 0.218553
6692 0.695053
6693 0.310233
6694 0.314764
6695 0.159067
6696 0.290224
6697 0.191426
6698 0.0646153
6699 0.260165
6700 0.359695
6701 0.284899
6702 0.228939
6703 0.338226
6704 0.280796
6705 0.228507
6706 0.298519
6707 0.0612749
6708 0.29889
6709 0.0675165
6710 0.291784
6711 0.319108
6712 0.108576
6713 0.494147
6714 0.451517
6715 0.0612309
6716 0.151345
6717 0.29419
6718 0.145251
6719 0.192631
6720 0.21067
6721 0.192414
6722 0.0346538
6723 0.339369
6724 0.279955
6725 0.341082
6726 0.26871
6727 0.15467
6728 0.824089
6729 0.212823
6730 0.203458
6731 0.207091
6732 0.180963
6733 0.160821
6734 0.286097
6735 0.323333
6736 0.107388
6737 0.198035
6738 0.283342
6739 0.389071
6740 0.33793
6741 0.315591
6742 0.233891
6743 0.202689
6744 0.150873
6745 0.367894
6746 0.0485178
6747 0.0888058
6748 0.313314
6749 0.168623
6750 0.285933
6751 0.309477
6752 0.186472
6753 0.289341
6754 0.195578
6755 0.403715
6756 0.218725
6757 0.305254
6758 0.228095
6759 0.535094
6760 0.410825
6761 0.152571
6762 0.564648
6763 0.0813025
6764 0.250911
6765 0.122216
6766 0.274662
6767 0.312073
6768 0.269227
6769 0.32064
6770 0.158363
6771 0.620914
6772 0.105688
6773 0.00606375
6774 0.27594
6775 0.266394
6776 0.0393354
6777 0.220999
6778 0.0652398
6779 0.0444433
6780 0.306897
6781 0.255976
6782 0.287019
6783 0.28691
6784 0.290419
6785 0.200657
6786 0.12589
6787 0.43901
6788 0.0124351
6789 0.219346
6790 0.321527
6791 0.387217
6792 0.177162
6793 0.199119
6794 0.291795
6795 0.233691
6796 0.228348
6797 0.189001
6798 0.271139
6799 0.152632
6800 0.288521
6801 0.18833
6802 0.295204
6803 0.286972
6804 0.171068
6805 0.0308996
6806 0.269413
6807 0.0932312
6808 0.465555
6809 0.0714357
6810 0.554162
6811 0.0926973
6812 0.0701188
6813 0.221702
6814 0.337121
6815 0.514123
6816 0.780794
6817 0.123695
6818 0.390031
6819 0.525088
6820 0.0362881
6821 0.09406
6822 0.134296
6823 0.213112
6824 0.480921
6825 0.117177
6826 0.186888
6827 0.282927
6828 0.0584812
6829 0.124266
6830 0.0767133
6831 0.494165
6832 0.724688
6833 0.0461496
6834 0.100515
6835 0.602452
6836 0.557092
6837 0.111973
6838 0.86691
6839 0.291436
6840 0.631699
6841 0.474477
6842 0.536869
6843 0.763615
6844 0.587264
6845 0.321359
6846 0.20861
6847 0.889822
6848 0.155664
6849 0.217394
6850 0.0236798
6851 0.0467974
6852 0.324564
6853 0.289922
6854 0.28992
6855 0.205577
6856 0.324725
6857 0.072758
6858 0.379611
6859 0.0409636
6860 0.17625
6861 0.205984
6862 0.431997
6863 0.475727
6864 0.0840925
6865 0.424254
6866 0.653668
6867 0.426473
6868 0.0931055
6869 0.35223
6870 0.359654
6871 0.843172
6872 0.128098
6873 0.069215
6874 0.189012
6875 0.109103
6876 0.350277
6877 0.279412
6878 0.28549
6879 0.200364
6880 0.282114
6881 0.1578
6882 0.289892
6883 0.110125
6884 0.11896
6885 0.240224
6886 0.149632
6887 0.206089
6888 0.264731
6889 0.205021
6890 0.206848
6891 0.190534
6892 0.183303
6893 0.158148
6894 0.836784
6895 0.307242
6896 0.423234
6897 0.245787
6898 0.0683384
6899 0.255579
6900 0.231169
6901 0.588932
6902 0.351899
6903 0.10166
6904 0.10741
6905 0.276719
6906 0.270492
6907 0.132673
6908 0.20226
6909 0.143191
6910 0.66796
6911 0.0935369
6912 0.0930003
6913 0.484632
6914 0.454321
6915 0.319501
6916 0.197454
6917 0.170282
6918 0.497838
6919 0.175622
6920 0.297819
6921 0.299569
6922 0.0639971
6923 0.399969
6924 0.331243
6925 0.0967928
6926 0.0472041
6927 0.204143
6928 0.36891
6929 0.047273
6930 0.386012
6931 0.0304496
6932 0.034689
6933 0.0937617
6934 0.249536
6935 0.356693
6936 0.917393
6937 0.662769
6938 0.138775
6939 0.390302
6940 0.806902
6941 0.5873
6942 0.240182
6943 0.480057
6944 0.901228
6945 0.0944992
6946 0.159247
6947 0.583882
6948 0.215637
6949 0.607811
6950 0.392737
6951 0.252249
6952 0.034438
6953 0.408462
6954 0.307432
6955 0.00255581
6956 0.291176
6957 0.449751
6958 0.5508
6959 0.429408
6960 0.61043
6961 0.163688
6962 0.0802453
6963 0.0761526
6964 0.160337
6965 0.455129
6966 0.397242
6967 0.408994
6968 0.724158
6969 0.07429
6970 0.14652
6971 0.522945
6972 0.476372
6973 0.935817
6974 0.598109
6975 0.255124
6976 0.678696
6977 0.348218
6978 0.513119
6979 0.435813
6980 0.234516
6981 0.603716
6982 0.388535
6983 0.237931
6984 0.178877
6985 0.253781
6986 0.238362
6987 0.29925
6988 0.11673
6989 0.60698
6990 0.583758
6991 0.405375
6992 0.396881
6993 0.635573
6994 0.198179
6995 0.440373
6996 0.381776
6997 0.626488
6998 0.623028
6999 0.132701
7000 0.117796
7001 0.698361
7002 0.672383
7003 0.240586
7004 0.377788
7005 0.161625
7006 0.633684
7007 0.204842
7008 0.531912
7009 0.239464
7010 0.489099
7011 0.453318
7012 0.671892
7013 0.613692
7014 0.301721
7015 0.941981
7016 0.574021
7017 0.408482
7018 0.499742
7019 0.269218
7020 0.39279
7021 0.65766
7022 0.722195
7023 0.767722
7024 0.174099
7025 0.420715
7026 0.147978
7027 0.842266
7028 0.562832
7029 0.176062
7030 0.404363
7031 0.366473
7032 0.41868
7033 0.319357
7034 0.147775
7035 0.215564
7036 0.396972
7037 0.602717
7038 0.617801
7039 0.100726
7040 0.290323
7041 0.753072
7042 0.534422
7043 0.185316
7044 0.363081
7045 0.577083
7046 0.323827
7047 0.0879474
7048 0.668308
7049 0.125672
7050 0.0702836
7051 0.32461
7052 0.144783
7053 0.12191
7054 0.464477
7055 0.393548
7056 0.173613
7057 0.299481
7058 0.291028
7059 0.479226
7060 0.251139
7061 0.442378
7062 0.334476
7063 0.247071
7064 0.287652
7065 0.314957
7066 0.195114
7067 0.172745
7068 0.660123
7069 0.792726
7070 0.260346
7071 0.112747
7072 0.401665
7073 0.359682
7074 0.0802158
7075 0.20892
7076 0.326934
7077 0.419867
7078 0.372709
7079 0.351585
7080 0.614768
7081 0.513584
7082 0.213827
7083 0.123395
7084 0.389292
7085 0.296622
7086 0.0796807
7087 0.531861
7088 0.602991
7089 0.136024
7090 0.24767
7091 0.105682
7092 0.272629
7093 0.176712
7094 0.312994
7095 0.182538
7096 0.326983
7097 0.757605
7098 0.457437
7099 0.312804
7100 0.237583
7101 0.252928
7102 0.501279
7103 0.301382
7104 0.387255
7105 0.0298814
7106 0.122554
7107 0.167375
7108 0.342254
7109 0.206933
7110 0.64557
7111 0.180515
7112 0.269202
7113 0.755224
7114 0.331879
7115 0.186442
7116 0.098344
7117 0.335859
7118 0.496616
7119 0.684231
7120 0.17464
7121 0.150172
7122 0.230232
7123 0.746024
7124 0.266546
7125 0.0874617
7126 0.258336
7127 0.232847
7128 0.596245
7129 0.504104
7130 0.519551
7131 0.421577
7132 0.174589
7133 0.450799
7134 0.652172
7135 0.619373
7136 0.683431
7137 0.535369
7138 0.385389
7139 0.625728
7140 0.348329
7141 0.48681
7142 0.210534
7143 0.353941
7144 0.835869
7145 0.297734
7146 0.457603
7147 0.336044
7148 0.412657
7149 0.628178
7150 0.596354
7151 0.540607
7152 0.149121
7153 0.492675
7154 0.294163
7155 0.929109
7156 0.500993
7157 0.718639
7158 0.233965
7159 0.528577
7160 0.599009
7161 0.226866
7162 0.936272
7163 0.662699
7164 0.485992
7165 0.382486
7166 0.0756242
7167 0.691716
7168 0.660181
7169 0.65662
7170 0.0891288
7171 0.29414
7172 0.236492
7173 0.729288
7174 0.486168
7175 0.290738
7176 0.51843
7177 0.630589
7178 0.332167
7179 0.153548
7180 0.0963616
7181 0.538498
7182 0.70097
7183 0.478924
7184 0.363699
7185 0.282696
7186 0.0977498
7187 0.457693
7188 0.109563
7189 0.292507
7190 0.605015
7191 0.81973
7192 0.11809
7193 0.623904
7194 0.303686
7195 0.478112
7196 0.841237
7197 0.313315
7198 0.396261
7199 0.125019
7200 0.605437
7201 0.7269
7202 0.140031
7203 0.83474
7204 0.511594
7205 0.256707
7206 0.258017
7207 0.149559
7208 0.319193
7209 0.112418
7210 0.151889
7211 0.537761
7212 0.391928
7213 0.175498
7214 0.157026
7215 0.332134
7216 0.171617
7217 0.208848
7218 0.255178
7219 0.237332
7220 0.492722
7221 0.202961
7222 0.0306322
7223 0.350428
7224 0.422693
7225 0.668241
7226 0.186007
7227 0.3646
7228 0.306291
7229 0.572605
7230 0.149311
7231 0.0723302
7232 0.201564
7233 0.284774
7234 0.307266
7235 0.56001
7236 0.397836
7237 0.334013
7238 0.293554
7239 0.507784
7240 0.375129
7241 0.589367
7242 0.143655
7243 0.589738
7244 0.132985
7245 0.109895
7246 0.405422
7247 0.533014
7248 0.0452051
7249 0.375816
7250 0.333486
7251 0.435689
7252 0.177484
7253 0.462176
7254 0.460409
7255 0.201737
7256 0.73609
7257 0.226258
7258 0.0962865
7259 0.588766
7260 0.308355
7261 0.436876
7262 0.256369
7263 0.0802398
7264 0.22006
7265 0.152428
7266 0.468597
7267 0.325821
7268 0.573916
7269 0.304602
7270 0.525905
7271 0.151554
7272 0.742584
7273 0.719388
7274 0.358578
7275 0.709628
7276 0.109078
7277 0.10924
7278 0.086039
7279 0.440859
7280 0.290373
7281 0.289777
7282 0.345896
7283 0.193771
7284 0.125963
7285 0.288503
7286 0.440296
7287 0.396276
7288 0.494902
7289 0.571164
7290 0.531315
7291 0.434153
7292 0.820549
7293 0.785549
7294 0.0349307
7295 0.290662
7296 0.0988481
7297 0.387389
7298 0.55817
7299 0.122929
7300 0.463264
7301 0.327342
7302 0.62196
7303 0.943368
7304 0.374445
7305 0.496
7306 0.131185
7307 0.0846926
7308 0.461104
7309 0.155778
7310 0.407294
7311 0.114547
7312 0.121613
7313 0.758022
7314 0.185444
7315 0.759466
7316 0.822117
7317 0.622287
7318 0.301658
7319 0.764214
7320 0.568128
7321 0.415136
7322 0.416854
7323 0.83205
7324 0.554158
7325 0.576997
7326 0.388459
7327 0.11798
7328 0.859033
7329 0.165525
7330 0.10875
7331 0.113227
7332 0.146219
7333 0.550358
7334 0.291677
7335 0.399548
7336 0.400427
7337 0.212178
7338 0.386887
7339 0.517743
7340 0.242948
7341 0.719555
7342 0.76612
7343 0.440901
7344 0.110213
7345 0.640798
7346 0.799154
7347 0.345752
7348 0.283277
7349 0.803722
7350 0.783198
7351 0.610593
7352 0.515494
7353 0.341273
7354 0.234597
7355 0.60516
7356 0.229424
7357 0.555894
7358 0.275372
7359 0.269961
7360 0.101929
7361 0.122929
7362 0.291759
7363 0.677007
7364 0.691155
7365 0.61467
7366 0.818104
7367 0.446075
7368 0.764236
7369 0.792799
7370 0.359848
7371 0.288384
7372 0.890895
7373 0.404077
7374 0.736308
7375 0.743461
7376 0.181014
7377 0.672779
7378 0.481698
7379 0.586056
7380 0.337009
7381 0.849306
7382 0.80621
7383 0.552926
7384 0.661994
7385 0.780983
7386 0.9235
7387 0.819771
7388 0.523265
7389 0.551326
7390 0.561227
7391 0.449329
7392 0.64955
7393 0.483482
7394 0.585071
7395 0.588926
7396 0.820207
7397 0.68989
7398 0.740252
7399 0.51998
7400 0.414295
7401 0.898444
7402 0.799273
7403 0.69943
7404 0.610105
7405 0.837613
7406 0.694775
7407 0.717958
7408 0.783103
7409 0.554818
7410 0.877266
7411 0.597602
7412 0.702458
7413 0.926176
7414 0.133308
7415 0.838267
7416 0.775399
7417 0.571323
7418 0.557574
7419 0.517527
7420 0.771869
7421 0.837652
7422 0.692813
7423 0.848036
7424 0.652667
7425 0.655031
7426 0.691557
7427 0.39337
7428 0.37013
7429 0.774683
7430 0.750456
7431 0.78866
7432 0.908415
7433 0.5208
7434 0.549586
7435 0.584185
7436 0.734915
7437 0.552913
7438 0.66979
7439 0.910956
7440 0.651232
7441 0.640877
7442 0.980139
7443 0.886486
7444 0.738817
7445 0.602807
7446 0.535126
7447 0.349901
7448 0.706812
7449 0.703522
7450 0.764106
7451 0.491553
7452 0.716086
7453 0.658719
7454 0.813143
7455 0.506179
7456 0.647064
7457 0.623162
7458 0.799249
7459 0.888182
7460 0.581576
7461 0.402811
7462 0.726688
7463 0.794487
7464 0.67236
7465 0.679494
7466 0.937916
7467 0.460568
7468 0.865522
7469 0.563021
7470 0.621043
7471 0.629033
7472 0.557574
7473 0.698838
7474 0.455564
7475 0.404721
7476 0.587611
7477 0.604565
7478 0.342837
7479 0.161222
7480 0.345594
7481 0.405602
7482 0.514407
7483 0.286053
7484 0.621142
7485 0.821757
7486 0.595279
7487 0.470272
7488 0.241893
7489 0.60542
7490 0.288204
7491 0.173121
7492 0.584348
7493 0.177835
7494 0.576148
7495 0.876151
7496 0.633269
7497 0.407911
7498 0.40602
7499 0.665385
7500 0.650482
7501 0.827965
7502 0.788541
7503 0.693149
7504 0.825461
7505 0.937827
7506 0.7604
7507 0.816556
7508 0.608119
7509 0.241615
7510 0.728781
7511 0.391817
7512 0.651032
7513 0.678439
7514 0.241059
7515 0.680986
7516 0.791859
7517 0.760716
7518 0.438939
7519 0.368389
7520 0.553963
7521 0.46747
7522 0.351576
7523 0.496068
7524 0.801403
7525 0.826907
7526 0.641608
7527 0.727153
7528 0.649126
7529 0.435536
7530 0.298404
7531 0.66095
7532 0.799144
7533 0.364896
7534 0.670617
7535 0.367526
7536 0.438682
7537 0.661913
7538 0.917698
7539 0.500808
7540 0.504899
7541 0.549339
7542 0.582811
7543 0.636218
7544 0.607567
7545 0.561881
7546 0.715431
7547 0.852579
7548 0.573012
7549 0.707483
7550 0.744185
7551 0.475673
7552 0.710983
7553 0.290594
7554 0.709974
7555 0.547821
7556 0.850917
7557 0.792673
7558 0.783907
7559 0.466155
7560 0.850267
7561 0.690875
7562 0.78314
7563 0.802606
7564 0.718079
7565 0.725844
7566 0.892634
7567 0.161916
7568 0.569148
7569 0.537892
7570 0.570508
7571 0.605772
7572 0.442914
7573 0.166747
7574 0.769327
7575 0.471031
7576 0.517608
7577 0.612086
7578 0.262377
7579 0.399231
7580 0.681292
7581 0.774798
7582 0.541978
7583 0.24031
7584 0.173339
7585 0.304583
7586 0.734352
7587 0.130065
7588 0.596515
7589 0.728611
7590 0.545622
7591 0.474911
7592 0.591483
7593 0.466598
7594 0.707153
7595 0.65654
7596 0.543686
7597 0.542978
7598 0.349835
7599 0.313138
7600 0.498992
7601 0.552311
7602 0.809101
7603 0.772597
7604 0.711885
7605 0.572352
7606 0.859916
7607 0.523535
7608 0.71153
7609 0.58285
7610 0.728447
7611 0.802324
7612 0.764843
7613 0.899816
7614 0.771754
7615 0.703384
7616 0.547536
7617 0.802697
7618 0.428258
7619 0.6351
7620 0.568525
7621 0.826185
7622 0.509583
7623 0.648546
7624 0.370176
7625 0.800989
7626 0.789351
7627 0.684452
7628 0.918751
7629 0.691146
7630 0.860571
7631 0.467141
7632 0.540169
7633 0.74526
7634 0.625477
7635 0.708124
7636 0.341381
7637 0.191614
7638 0.502877
7639 0.174243
7640 0.610269
7641 0.7971
7642 0.40872
7643 0.902049
7644 0.715995
7645 0.351485
7646 0.852172
7647 0.627162
7648 0.598811
7649 0.624233
7650 0.364428
7651 0.738071
7652 0.822537
7653 0.816421
7654 0.836766
7655 0.798354
7656 0.827331
7657 0.374912
7658 0.806107
7659 0.782525
7660 0.874513
7661 0.363956
7662 0.14272
7663 0.449119
7664 0.650133
7665 0.625464
7666 0.0916116
7667 0.271163
7668 0.502791
7669 0.61986
7670 0.182927
7671 0.457646
7672 0.754239
7673 0.280244
7674 0.634102
7675 0.155565
7676 0.269323
7677 0.239497
7678 0.485307
7679 0.347241
7680 0.519775
7681 0.357756
7682 0.774063
7683 0.951804
7684 0.694774
7685 0.914541
7686 0.835
7687 0.704628
7688 0.928849
7689 0.817032
7690 0.294491
7691 0.786608
7692 0.739103
7693 0.571458
7694 0.64253
7695 0.774695
7696 0.629157
7697 0.982714
7698 0.757434
7699 0.891039
7700 0.916831
7701 0.788915
7702 0.782027
7703 0.724176
7704 0.756454
7705 0.815772
7706 0.477554
7707 0.776934
7708 0.908472
7709 0.675586
7710 0.843501
7711 0.836692
7712 0.712429
7713 0.745325
7714 0.876239
7715 0.586084
7716 0.868857
7717 0.95359
7718 0.256825
7719 0.837863
7720 0.658642
7721 0.755402
7722 0.626062
7723 0.579664
7724 0.790339
7725 0.945431
7726 0.835891
7727 0.81189
7728 0.579544
7729 0.907626
7730 0.895499
7731 0.803183
7732 0.705485
7733 0.622367
7734 0.786204
7735 0.604405
7736 0.72015
7737 0.660696
7738 0.500042
7739 0.817602
7740 0.925542
7741 0.745078
7742 0.838617
7743 0.875431
7744 0.859908
7745 0.830913
7746 0.841787
7747 0.555836
7748 0.588823
7749 0.919917
7750 0.745947
7751 0.421215
7752 0.574045
7753 0.713017
7754 0.814909
7755 0.597199
7756 0.860548
7757 0.879682
7758 0.911721
7759 0.874862
7760 0.393477
7761 0.646417
7762 0.864532
7763 0.66092
7764 0.636756
7765 0.869102
7766 0.447038
7767 0.527866
7768 0.612231
7769 0.583605
7770 0.646431
7771 0.461702
7772 0.686303
7773 0.391482
7774 0.357197
7775 0.8501
7776 0.892953
7777 0.900972
7778 0.94017
7779 0.804067
7780 0.496943
7781 0.73631
7782 0.816236
7783 0.593463
7784 0.532465
7785 0.718019
7786 0.791496
7787 0.842963
7788 0.611997
7789 0.958146
7790 0.886199
7791 0.958952
7792 0.719987
7793 0.82804
7794 0.608309
7795 0.743636
7796 0.629702
7797 0.623891
7798 0.585342
7799 0.840716
7800 0.882015
7801 0.733481
7802 0.848426
7803 0.775213
7804 0.480306
7805 0.906349
7806 0.867703
7807 0.808119
7808 0.738981
7809 0.711109
7810 0.679434
7811 0.75809
7812 0.562143
7813 0.586134
7814 0.744522
7815 0.521235
7816 0.619976
7817 0.794973
7818 0.892596
7819 0.845586
7820 0.744683
7821 0.755188
7822 0.70639
7823 0.721957
7824 0.80112
7825 0.534161
7826 0.834441
7827 0.475244
7828 0.843955
7829 0.98643
7830 0.69805
7831 0.362622
7832 0.538041
7833 0.775206
7834 0.454292
7835 0.598572
7836 0.939437
7837 0.742833
7838 0.815877
7839 0.737959
7840 0.578305
7841 0.491944
7842 0.767488
7843 0.977161
7844 0.816011
7845 0.298987
7846 0.931122
7847 0.893443
7848 0.62343
7849 0.603986
7850 0.681636
7851 0.689319
7852 0.592327
7853 0.476125
7854 0.670848
7855 0.805223
7856 0.68313
7857 0.812884
7858 0.663388
7859 0.497889
7860 0.681711
7861 0.611684
7862 0.763701
7863 0.89929
7864 0.771248
7865 0.602445
7866 0.662188
7867 0.595312
7868 0.974538
7869 0.860773
7870 0.626486
7871 0.940426
7872 0.837992
7873 0.790255
7874 0.818454
7875 0.843188
7876 0.77881
7877 0.754999
7878 0.842217
7879 0.435264
7880 0.823775
7881 0.465235
7882 0.892722
7883 0.800534
7884 0.851756
7885 0.836627
7886 0.536148
7887 0.649714
7888 0.751654
7889 0.694484
7890 0.747863
7891 0.639862
7892 0.498491
7893 0.281254
7894 0.264494
7895 0.545966
7896 0.400512
7897 0.812054
7898 0.95104
7899 0.815072
7900 0.652263
7901 0.810506
7902 0.563524
7903 0.776766
7904 0.787577
7905 0.700684
7906 0.686556
7907 0.44843
7908 0.689828
7909 0.866872
7910 0.438642
7911 0.730447
7912 0.778762
7913 0.399884
7914 0.64888
7915 0.677157
7916 0.555215
7917 0.627615
7918 0.771756
7919 0.757505
7920 0.554778
7921 0.529848
7922 0.620762
7923 0.747236
7924 0.740538
7925 0.6276
7926 0.53427
7927 0.534875
7928 0.619807
7929 0.752497
7930 0.665505
7931 0.765077
7932 0.73298
7933 0.796788
7934 0.612089
7935 0.426325
7936 0.79357
7937 0.699169
7938 0.693266
7939 0.440471
7940 0.530317
7941 0.54011
7942 0.689221
7943 0.641101
7944 0.871028
7945 0.792581
7946 0.54311
7947 0.703802
7948 0.478262
7949 0.616511
7950 0.848732
7951 0.502725
7952 0.22382
7953 0.588675
7954 0.707941
7955 0.708035
7956 0.575045
7957 0.766891
7958 0.83451
7959 0.829756
7960 0.808008
7961 0.741463
7962 0.586385
7963 0.323547
7964 0.585688
7965 0.682564
7966 0.487277
7967 0.307185
7968 0.822328
7969 0.145757
7970 0.701758
7971 0.910568
7972 0.489414
7973 0.6585
7974 0.502922
7975 0.569271
7976 0.52651
7977 0.651918
7978 0.641407
7979 0.701139
7980 0.738351
7981 0.867169
7982 0.757437
7983 0.581294
7984 0.523954
7985 0.509025
7986 0.548078
7987 0.616071
7988 0.600018
7989 0.985185
7990 0.713886
7991 0.983683
7992 0.752242
7993 0.797976
7994 0.941635
7995 0.812029
7996 0.805861
7997 0.620039
7998 0.620113
7999 0.677416
8000 0.806171
8001 0.846502
8002 0.603141
8003 0.558784
8004 0.590162
8005 0.901667
8006 0.734356
8007 0.55436
8008 0.807221
8009 0.836228
8010 0.932504
8011 0.787009
8012 0.94596
8013 0.869055
8014 0.910999
8015 0.725998
8016 0.913317
8017 0.702869
8018 0.622895
8019 0.840605
8020 0.617891
8021 0.697868
8022 0.741722
8023 0.497258
8024 0.808729
8025 0.896854
8026 0.481386
8027 0.50634
8028 0.888872
8029 0.74674
8030 0.789346
8031 0.673184
8032 0.78186
8033 0.817524
8034 0.470712
8035 0.806488
8036 0.914029
8037 0.590901
8038 0.600743
8039 0.780359
8040 0.493254
8041 0.678861
8042 0.893649
8043 0.518449
8044 0.900176
8045 0.584856
8046 0.792133
8047 0.742022
8048 0.639009
8049 0.680225
8050 0.754193
8051 0.676598
8052 0.0592642
8053 0.778918
8054 0.675218
8055 0.722022
8056 0.775338
8057 0.482463
8058 0.807987
8059 0.756947
8060 0.150938
8061 0.86579
8062 0.467081
8063 0.454726
8064 0.590114
8065 0.690631
8066 0.818168
8067 0.499684
8068 0.821553
8069 0.465479
8070 0.739377
8071 0.285896
8072 0.50986
8073 0.664372
8074 0.828769
8075 0.92633
8076 0.797721
8077 0.13338
8078 0.491347
8079 0.492269
8080 0.457011
8081 0.489612
8082 0.463715
8083 0.458642
8084 0.461452
8085 0.463965
8086 0.483122
8087 0.462144
8088 0.416981
8089 0.463992
8090 0.489449
8091 0.458664
8092 0.495194
8093 0.489505
8094 0.475526
8095 0.410902
8096 0.49218
8097 0.463673
8098 0.487848
8099 0.456998
8100 0.234722
8101 0.267148
8102 0.489377
8103 0.495208
8104 0.492958
8105 0.40158
8106 0.423838
8107 0.406756
8108 0.42114
8109 0.398464
8110 0.410861
8111 0.381977
8112 0.419201
8113 0.238085
8114 0.418229
8115 0.41828
8116 0.174109
8117 0.382039
8118 0.419246
8119 0.461387
8120 0.421122
8121 0.406802
8122 0.42382
8123 0.401605
8124 0.398488
8125 0.201465
8126 0.401953
8127 0.0764557
8128 0.112944
8129 0.495204
8130 0.374633
8131 0.49305
8132 0.384077
8133 0.376338
8134 0.493117
8135 0.385527
8136 0.409083
8137 0.49377
8138 0.382186
8139 0.400266
8140 0.498378
8141 0.394235
8142 0.491366
8143 0.382123
8144 0.487914
8145 0.394258
8146 0.498396
8147 0.400266
8148 0.493131
8149 0.493777
8150 0.409066
8151 0.385586
8152 0.475481
8153 0.376271
8154 0.384115
8155 0.495211
8156 0.374655
8157 0.416981
8158 0.483051
8159 0.140721
8160 0.46209
8161 0.204127
8162 0.401954
8163 0.135077
8164 0.185348
8165 0.880745
8166 0.46457
8167 0.48297
8168 0.240275
8169 0.782787
8170 0.448267
8171 0.308603
8172 0.17074
8173 0.477106
8174 0.588783
8175 0.797832
8176 0.478907
8177 0.188689
8178 0.201321
8179 0.208844
8180 0.686733
8181 0.223378
8182 0.23189
8183 0.229558
8184 0.179672
8185 0.496503
8186 0.186805
8187 0.24615
8188 0.193075
8189 0.200796
8190 0.191201
8191 0.588409
8192 0.509532
8193 0.47983
8194 0.78415
8195 0.51259
8196 0.73179
8197 0.794069
8198 0.208558
8199 0.306232
8200 0.952977
8201 0.521209
8202 0.707084
8203 0.200243
8204 0.181953
8205 0.501085
8206 0.887478
8207 0.677914
8208 0.2925
8209 0.0961611
8210 0.740839
8211 0.423733
8212 0.136884
8213 0.774512
8214 0.325337
8215 0.383645
8216 0.664484
8217 0.336956
8218 0.33422
8219 0.14804
8220 0.301929
8221 0.331399
8222 0.302697
8223 0.332479
8224 0.302304
8225 0.304527
8226 0.299818
8227 0.150988
8228 0.0995456
8229 0.336979
8230 0.337049
8231 0.299803
8232 0.333729
8233 0.339789
8234 0.334242
8235 0.302742
8236 0.301941
8237 0.0901529
8238 0.325587
8239 0.469196
8240 0.125415
8241 0.315826
8242 0.332521
8243 0.338567
8244 0.331462
8245 0.302306
8246 0.304519
8247 0.251471
8248 0.0752784
8249 0.334925
8250 0.0869817
8251 0.140652
8252 0.332834
8253 0.115465
8254 0.337169
8255 0.25146
8256 0.317286
8257 0.304489
8258 0.338577
8259 0.331254
8260 0.337532
8261 0.0935951
8262 0.0843326
8263 0.335642
8264 0.115259
8265 0.325672
8266 0.304347
8267 0.315812
8268 0.329402
8269 0.330633
8270 0.301243
8271 0.336502
8272 0.336976
8273 0.334177
8274 0.30562
8275 0.339794
8276 0.332781
8277 0.568115
8278 0.333652
8279 0.301226
8280 0.304329
8281 0.336483
8282 0.330779
8283 0.337522
8284 0.332234
8285 0.331388
8286 0.296351
8287 0.694562
8288 0.336169
8289 0.334101
8290 0.334876
8291 0.333652
8292 0.333704
8293 0.33407
8294 0.337144
8295 0.33291
8296 0.332761
8297 0.305675
8298 0.30456
8299 0.334176
8300 0.317132
8301 0.29984
8302 0.335625
8303 0.680824
8304 0.299848
8305 0.332212
8306 0.242567
8307 0.101224
8308 0.693342
8309 0.50643
8310 0.0966785
8311 0.423999
8312 0.392856
8313 0.862088
8314 0.896879
8315 0.118963
8316 0.0890504
8317 0.111018
8318 0.573256
8319 0.534077
8320 0.134641
8321 0.692985
8322 0.556278
8323 0.353317
8324 0.479961
8325 0.1789
8326 0.155132
8327 0.257743
8328 0.112672
8329 0.267401
8330 0.121694
8331 0.3575
8332 0.847875
8333 0.816543
8334 0.438471
8335 0.107755
8336 0.113028
8337 0.143983
8338 0.105202
8339 0.124955
8340 0.165687
8341 0.747535
8342 0.777676
8343 0.147553
8344 0.636017
8345 0.138596
8346 0.163456
8347 0.70254
8348 0.153731
8349 0.37479
8350 0.13878
8351 0.16562
8352 0.376482
8353 0.379675
8354 0.377584
8355 0.407017
8356 0.411203
8357 0.413997
8358 0.385126
8359 0.405893
8360 0.411338
8361 0.412046
8362 0.115621
8363 0.305876
8364 0.408066
8365 0.415106
8366 0.411275
8367 0.376453
8368 0.40993
8369 0.379663
8370 0.393491
8371 0.389719
8372 0.379634
8373 0.38508
8374 0.409172
8375 0.377598
8376 0.410231
8377 0.385025
8378 0.133832
8379 0.0100326
8380 0.378206
8381 0.413517
8382 0.378218
8383 0.380349
8384 0.407129
8385 0.410256
8386 0.407914
8387 0.410779
8388 0.41723
8389 0.409011
8390 0.407484
8391 0.413838
8392 0.397254
8393 0.392534
8394 0.409948
8395 0.368158
8396 0.152683
8397 0.376596
8398 0.405447
8399 0.418104
8400 0.377886
8401 0.406971
8402 0.377529
8403 0.409152
8404 0.318822
8405 0.417252
8406 0.410097
8407 0.115583
8408 0.404755
8409 0.389473
8410 0.410176
8411 0.374831
8412 0.380405
8413 0.407212
8414 0.318849
8415 0.392101
8416 0.408999
8417 0.306082
8418 0.397299
8419 0.368175
8420 0.410201
8421 0.133823
8422 0.412996
8423 0.413598
8424 0.414063
8425 0.314131
8426 0.309568
8427 0.398133
8428 0.415242
8429 0.407125
8430 0.392525
8431 0.4075
8432 0.702482
8433 0.138779
8434 0.410158
8435 0.14935
8436 0.142278
8437 0.607036
8438 0.143399
8439 0.60701
8440 0.143343
8441 0.624759
8442 0.624889
8443 0.620165
8444 0.550701
8445 0.147548
8446 0.138604
8447 0.163463
8448 0.149307
8449 0.134423
8450 0.747494
8451 0.142262
8452 0.777637
8453 0.153686
8454 0.165685
8455 0.15267
8456 0.165612
8457 0.635901
8458 0.620001
8459 0.550673
8460 0.13444
8461 0.749334
8462 0.759068
8463 0.813505
8464 0.646573
8465 0.651023
8466 0.630051
8467 0.685415
8468 0.623224
8469 0.724954
8470 0.714885
8471 0.716235
8472 0.594401
8473 0.686216
8474 0.79456
8475 0.599202
8476 0.456198
8477 0.607795
8478 0.424411
8479 0.712885
8480 0.575447
8481 0.666753
8482 0.771825
8483 0.698976
8484 0.466118
8485 0.675889
8486 0.678854
8487 0.669377
8488 0.471173
8489 0.707806
8490 0.599095
8491 0.6563
8492 0.473981
8493 0.670854
8494 0.681489
8495 0.901629
8496 0.848043
8497 0.658718
8498 0.721096
8499 0.764033
8500 0.628761
8501 0.66688
8502 0.71479
8503 0.701745
8504 0.727333
8505 0.665618
8506 0.602633
8507 0.68851
8508 0.89537
8509 0.858388
8510 0.713538
8511 0.73001
8512 0.531987
8513 0.0466349
8514 0.616294
8515 0.0843328
8516 0.0472672
8517 0.456107
8518 0.517172
8519 0.154458
8520 0.497033
8521 0.482755
8522 0.506655
8523 0.507391
8524 0.533346
8525 0.327902
8526 0.342555
8527 0.282363
8528 0.510617
8529 0.243232
8530 0.421831
8531 0.0449537
8532 0.0297658
8533 0.359677
8534 0.561802
8535 0.464698
8536 0.296471
8537 0.487394
8538 0.162755
8539 0.526329
8540 0.861822
8541 0.0838534
8542 0.0987772
8543 0.336628
8544 0.0956914
8545 0.527278
8546 0.481295
8547 0.0428533
8548 0.0962856
8549 0.172273
8550 0.0380979
8551 0.228952
8552 0.0707556
8553 0.304466
8554 0.313779
8555 0.526424
8556 0.300052
8557 0.0722592
8558 0.0286648
8559 0.012697
8560 0.0734207
8561 0.0504842
8562 0.0346026
8563 0.0291116
8564 0.541752
8565 0.542965
8566 0.0262116
8567 0.303393
8568 0.03166
8569 0.0160783
8570 0.00359141
8571 0.555798
8572 0.333779
8573 0.0447366
8574 0.298613
8575 0.0342256
8576 0.0331304
8577 0.478399
8578 0.0959857
8579 0.875618
8580 0.0419862
8581 0.0481554
8582 0.482565
8583 0.0567774
8584 0.0983202
8585 0.0735742
8586 0.334329
8587 0.052969
8588 0.137957
8589 0.0357455
8590 0.161889
8591 0.00812904
8592 0.183584
8593 0.136984
8594 0.312965
8595 0.0212634
8596 0.0392479
8597 0.0379227
8598 0.21055
8599 0.522646
8600 0.0457825
8601 0.517787
8602 0.0311074
8603 0.114826
8604 0.454424
8605 0.11068
8606 0.0165604
8607 0.0440885
8608 0.016239
8609 0.0774819
8610 0.811004
8611 0.200691
8612 0.375578
8613 0.26971
8614 0.219399
8615 0.0738717
8616 0.0814063
8617 0.16921
8618 0.608254
8619 0.395687
8620 0.222074
8621 0.136157
8622 0.204056
8623 0.02105
8624 0.3244
8625 0.400273
8626 0.73855
8627 0.44894
8628 0.376422
8629 0.631371
8630 0.674315
8631 0.804175
8632 0.606462
8633 0.734504
8634 0.348256
8635 0.243927
8636 0.431747
8637 0.413076
8638 0.380099
8639 0.614208
8640 0.299725
8641 0.600275
8642 0.283287
8643 0.481651
8644 0.546248
8645 0.650702
8646 0.224212
8647 0.545595
8648 0.674196
8649 0.728585
8650 0.314483
8651 0.679609
8652 0.495823
8653 0.600107
8654 0.627805
8655 0.594718
8656 0.446971
8657 0.464469
8658 0.277109
8659 0.747741
8660 0.237444
8661 0.559422
8662 0.108239
8663 0.353782
8664 0.121471
8665 0.647208
8666 0.0690947
8667 0.106342
8668 0.120581
8669 0.584903
8670 0.780825
8671 0.0807279
8672 0.248288
8673 0.776071
8674 0.223096
8675 0.145638
8676 0.113154
8677 0.778528
8678 0.119358
8679 0.0973576
8680 0.650092
8681 0.844763
8682 0.617574
8683 0.681188
8684 0.61696
8685 0.250381
8686 0.125375
8687 0.064374
8688 0.0727882
8689 0.54349
8690 0.839777
8691 0.812615
8692 0.691788
8693 0.675327
8694 0.272788
8695 0.0106051
8696 0.00959071
8697 0.00483465
8698 0.00325324
8699 0.0476202
8700 0.141386
8701 0.326351
8702 0.0867401
8703 0.0229225
8704 0.103093
8705 0.0261462
8706 0.653404
8707 0.0540297
8708 0.0744249
8709 0.00231389
8710 0.0258692
8711 0.0120819
8712 0.545247
8713 0.0610408
8714 0.0364128
8715 0.0287821
8716 0.728523
8717 0.0754986
8718 0.0720344
8719 0.0239142
8720 0.303993
8721 0.0312701
8722 0.058311
8723 0.0458201
8724 0.154431
8725 0.0294882
8726 0.0387933
8727 0.0472929
8728 0.0303338
8729 0.0664208
8730 0.00263427
8731 0.135608
8732 0.64078
8733 0.0805626
8734 0.0479494
8735 0.15299
8736 0.145983
8737 0.0221878
8738 0.954772
8739 0.892624
8740 0.38661
8741 0.0127208
8742 0.00712499
8743 0.780542
8744 0.0414646
8745 0.570947
8746 0.367682
8747 0.196221
8748 0.183113
8749 0.0571411
8750 0.6081
8751 0.0373455
8752 0.0544712
8753 0.00240351
8754 0.0226526
8755 0.630212
8756 0.158605
8757 0.0185697
8758 0.00824478
8759 0.266347
8760 0.313608
8761 0.0071945
8762 0.848043
8763 0.618456
8764 0.0278657
8765 0.0375908
8766 0.0236163
8767 0.00201129
8768 0.134986
8769 0.00244682
8770 0.0664332
8771 0.383282
8772 0.0618422
8773 0.0223446
8774 0.0384192
8775 0.0277905
8776 0.00829935
8777 0.874076
8778 0.029836
8779 0.0290505
8780 0.0133147
8781 0.0538116
8782 0.0711687
8783 0.00245287
8784 0.0173994
8785 0.398155
8786 0.0119015
8787 0.0192007
8788 0.0671864
8789 0.0142119
8790 0.0287414
8791 0.0442864
8792 0.86281
8793 0.00945507
8794 0.0532139
8795 0.00396772
8796 0.0194379
8797 0.0141827
8798 0.015676
8799 0.00946515
8800 0.689204
8801 0.00309003
8802 0.0120419
8803 0.00256571
8804 0.573534
8805 0.00595652
8806 0.00807242
8807 0.565801
8808 0.0146833
8809 0.00224483
8810 0.000424591
8811 0.469186
8812 0.0148182
8813 0.00236888
8814 0.0172022
8815 0.0154011
8816 0.00934018
8817 0.00840414
8818 0.00917285
8819 0.00548412
8820 0.0041483
8821 0.00200157
8822 0.00849465
8823 0.00315294
8824 0.0143532
8825 0.00598685
8826 0.00974629
8827 0.0238803
8828 0.0226016
8829 0.055801
8830 0.00189459
8831 0.0908449
8832 0.0060057
8833 0.0292629
8834 0.032135
8835 0.0549032
8836 0.0185809
8837 0.00659308
8838 0.354335
8839 0.0289026
8840 0.000207034
8841 0.00457465
8842 0.0020188
8843 0.240506
8844 0.00613537
8845 0.00843469
8846 0.926059
8847 0.2569
8848 0.261833
8849 0.0119074
8850 0.00288635
8851 0.00682828
8852 0.337444
8853 0.0223466
8854 0.525054
8855 0.0082091
8856 0.0283907
8857 0.00249618
8858 0.00811852
8859 0.00855995
8860 0.580721
8861 0.156584
8862 0.737457
8863 0.709703
8864 0.024743
8865 0.246133
8866 0.660786
8867 0.0590981
8868 0.636273
8869 0.00457376
8870 0.249127
8871 0.0122265
8872 0.0286014
8873 0.330516
8874 0.0332951
8875 0.0360541
8876 0.0386155
8877 0.0510966
8878 0.000853767
8879 0.0907722
8880 0.0348965
8881 0.00465918
8882 0.00328443
8883 0.0367468
8884 0.0221832
8885 0.0540433
8886 0.0770992
8887 0.0244488
8888 0.0114212
8889 0.0052166
8890 0.0148695
8891 0.469186
8892 0.266974
8893 0.245217
8894 0.495841
8895 0.333472
8896 0.174739
8897 0.954338
8898 0.685118
8899 0.505864
8900 0.0898814
8901 0.266974
8902 0.348724
8903 0.541155
8904 0.566467
8905 0.731746
8906 0.000932794
8907 0.00989964
8908 0.0256715
8909 0.0108918
8910 0.0380363
8911 0.00226489
8912 0.0119899
8913 0.0198369
8914 0.00117199
8915 0.00160909
8916 0.00733413
8917 0.00884968
8918 0.00487521
8919 0.00954345
8920 0.000421012
8921 0.0143842
8922 0.0584406
8923 0.00360219
8924 0.69068
8925 0.124047
8926 0.295835
8927 0.0101718
8928 0.301647
8929 0.470512
8930 0.845774
8931 0.00297237
8932 0.00391407
8933 0.000231694
8934 0.00534139
8935 0.0247918
8936 0.0165703
8937 0.00324755
8938 0.0225823
8939 0.0011173
8940 0.00707548
8941 0.0394194
8942 0.00885589
8943 0.000657112
8944 0.00078598
8945 0.00290719
8946 0.295835
8947 0.000572882
8948 0.241813
8949 0.000391203
8950 0.00552354
8951 0.000821475
8952 0.0520698
8953 0.00985076
8954 0.00177221
8955 0.0420636
8956 0.00200206
8957 0.00714796
8958 0.00317165
8959 0.0061065
8960 0.549121
8961 0.00996475
8962 0.301647
8963 0.00483404
8964 0.00374049
8965 0.295835
8966 0.00927423
8967 0.0393356
8968 0.0153377
8969 0.0429383
8970 0.139109
8971 0.00500164
8972 0.00103922
8973 0.12173
8974 0.00360544
8975 0.0454973
8976 0.00384298
8977 0.00402818
8978 0.0176941
8979 0.00733538
8980 0.0025055
8981 0.00398791
8982 0.00475594
8983 0.316643
8984 0.00121439
8985 0.0112971
8986 0.0210796
8987 0.246133
8988 0.000919253
8989 0.00201797
8990 0.0161178
8991 0.00171273
8992 0.0183266
8993 0.00868575
8994 0.00380702
8995 0.000764083
8996 0.026576
8997 0.0109463
8998 0.000211065
8999 0.0374024
9000 0.353338
9001 0.125619
9002 0.587365
9003 0.451525
9004 0.659298
9005 0.00852037
9006 0.0123753
9007 0.00532347
9008 0.263181
9009 0.00713214
9010 0.271988
9011 0.747128
9012 0.0747151
9013 0.11727
9014 0.0257543
9015 0.404203
9016 0.234085
9017 0.621038
9018 0.019488
9019 0.00696122
9020 0.186026
9021 0.00538418
9022 0.00760362
9023 0.0312683
9024 0.00117185
9025 0.00488278
9026 0.0257333
9027 0.0152996
9028 0.0181001
9029 0.251902
9030 0.00204961
9031 0.0116849
9032 0.0243243
9033 0.436088
9034 0.234195
9035 0.00198397
9036 0.00783214
9037 0.00571602
9038 0.0159828
9039 0.371392
9040 0.0339673
9041 0.0244487
9042 0.0305079
9043 0.64745
9044 0.0250891
9045 0.467025
9046 0.31592
9047 0.00427591
9048 0.074981
9049 0.00532334
9050 0.00438285
9051 0.0288272
9052 0.0524256
9053 0.0213032
9054 0.0138322
9055 0.0120388
9056 0.00800806
9057 0.0262483
9058 0.00376478
9059 0.0178698
9060 0.10837
9061 0.00855358
9062 0.015264
9063 0.025356
9064 0.0130685
9065 0.0345959
9066 0.0165254
9067 0.00817355
9068 0.0119815
9069 0.0162763
9070 0.0332902
9071 0.00575747
9072 0.0101613
9073 0.00447526
9074 0.0656937
9075 0.0944541
9076 0.00688968
9077 0.00484574
9078 0.0282651
9079 0.053077
9080 0.00652538
9081 0.0262206
9082 0.0055141
9083 0.00468369
9084 0.00735653
9085 0.00330634
9086 0.00262849
9087 0.0330432
9088 0.0475184
9089 0.0336127
9090 0.0502821
9091 0.0158581
9092 0.0430746
9093 0.0123125
9094 0.0242897
9095 0.0602677
9096 0.0255737
9097 0.00802028
9098 0.00466786
9099 0.00890071
9100 0.024412
9101 0.0428582
9102 0.0214498
9103 0.0202672
9104 0.0462603
9105 0.00827926
9106 0.0158854
9107 0.0380837
9108 0.0055101
9109 0.00755963
9110 0.0380722
9111 0.0284878
9112 0.062226
9113 0.00631836
9114 0.00285723
9115 0.020177
9116 0.0195021
9117 0.00236943
9118 0.000338575
9119 0.0149562
9120 0.014694
9121 0.00225496
9122 0.016664
9123 0.0174506
9124 0.0187933
9125 0.0233701
9126 0.030879
9127 0.0261188
9128 0.00429321
9129 0.024502
9130 0.0147968
9131 0.000989026
9132 0.00556418
9133 0.0128604
9134 0.00992019
9135 0.00240761
9136 0.0718206
9137 0.0633594
9138 0.0726219
9139 0.0170369
9140 0.013329
9141 0.0334444
9142 0.0154332
9143 0.0354789
9144 0.00138606
9145 0.0248634
9146 0.0100814
9147 0.0279142
9148 0.00500544
9149 0.00102029
9150 0.00115456
9151 0.0312804
9152 0.0330136
9153 0.000574637
9154 0.00320147
9155 0.0548656
9156 0.00423056
9157 0.00652232
9158 0.117516
9159 0.00886424
9160 0.170527
9161 0.0117943
9162 0.00425932
9163 0.00386583
9164 0.0142263
9165 0.0457735
9166 0.00323504
9167 0.00605883
9168 0.000527278
9169 0.0146032
9170 0.0142752
9171 0.0293295
9172 0.622891
9173 0.119801
9174 0.000816254
9175 0.000816581
9176 0.087943
9177 0.0325218
9178 0.0136068
9179 0.0200875
9180 0.0157513
9181 0.00909647
9182 0.00965666
9183 0.0367231
9184 0.042218
9185 0.0418212
9186 0.016764
9187 0.0523846
9188 0.00897377
9189 0.0188559
9190 0.00351052
9191 0.011511
9192 0.0631567
9193 0.0160487
9194 0.00915084
9195 0.0102402
9196 0.00963134
9197 0.0266339
9198 0.0243302
9199 0.019974
9200 0.0080381
9201 0.0209653
9202 0.0433305
9203 0.000272215
9204 0.0111145
9205 0.014797
9206 0.347787
9207 0.0121298
9208 0.0120503
9209 0.00472524
9210 0.011824
9211 0.000403182
9212 0.210524
9213 0.353856
9214 0.0620044
9215 0.00253163
9216 0.00433269
9217 0.000268391
9218 0.00671635
9219 0.063732
9220 0.00165707
9221 0.361337
9222 0.0166506
9223 0.246133
9224 0.118418
9225 0.430641
9226 0.28683
9227 0.616567
9228 0.310876
9229 0.381484
9230 0.12173
9231 0.0316355
9232 0.330262
9233 0.342434
9234 0.00774029
9235 0.349541
9236 0.0150985
9237 0.00285697
9238 0.000969802
9239 0.00501373
9240 0.00489657
9241 0.345602
9242 0.353856
9243 0.00182302
9244 0.0156085
9245 0.348445
9246 0.00535029
9247 0.00527403
9248 0.000148805
9249 0.016252
9250 0.0877458
9251 0.0593625
9252 0.00682229
9253 0.00548725
9254 0.761062
9255 0.00611626
9256 0.0543672
9257 0.0719605
9258 0.00331769
9259 0.017257
9260 0.0133526
9261 0.039826
9262 0.0138286
9263 0.00712422
9264 0.146543
9265 0.00585423
9266 0.00573005
9267 0.00419138
9268 0.0902888
9269 0.0614345
9270 0.0279818
9271 0.00396351
9272 0.00300095
9273 0.00524614
9274 0.0212934
9275 0.575377
9276 0.0209063
9277 0.0022216
9278 0.0513375
9279 0.0459644
9280 0.00764966
9281 0.0651812
9282 0.400909
9283 0.0022818
9284 0.00484816
9285 0.000527839
9286 0.0677955
9287 0.251902
9288 0.250408
9289 0.293422
9290 0.341656
9291 0.0102749
9292 0.013615
9293 0.0105258
9294 0.330262
9295 0.0102143
9296 0.322953
9297 0.765722
9298 0.0115148
9299 0.007704
9300 0.013575
9301 0.247826
9302 0.0010598
9303 0.00974681
9304 0.293422
9305 0.00355429
9306 0.327136
9307 0.00353024
9308 0.0351715
9309 0.295835
9310 0.00404427
9311 0.0532567
9312 0.00290631
9313 0.00961497
9314 0.0353139
9315 0.222422
9316 0.0478019
9317 0.0110045
9318 0.00122916
9319 0.000644593
9320 0.0053588
9321 0.00346735
9322 0.027164
9323 0.00269933
9324 0.00106401
9325 0.00410697
9326 0.316643
9327 0.019507
9328 0.00280646
9329 0.0946538
9330 0.215649
9331 0.133114
9332 0.00564206
9333 0.0140019
9334 0.00255044
9335 0.0317355
9336 0.00218006
9337 0.00489654
9338 0.00296494
9339 0.00938788
9340 0.000957529
9341 0.0399877
9342 0.000875857
9343 0.0659733
9344 0.000355262
9345 0.00677587
9346 0.246675
9347 0.14204
9348 0.195799
9349 0.0811444
9350 0.000830128
9351 0.00767576
9352 0.0811444
9353 0.268964
9354 0.198935
9355 0.00283831
9356 0.770701
9357 0.328144
9358 0.107133
9359 0.0200587
9360 0.0174769
9361 0.0882607
9362 0.376377
9363 0.0133064
9364 0.37427
9365 0.00769119
9366 0.0152879
9367 0.0492675
9368 0.0569242
9369 0.858441
9370 0.054685
9371 0.0128454
9372 0.0245753
9373 0.0234094
9374 0.376377
9375 0.555603
9376 0.0333294
9377 0.0235811
9378 0.0147017
9379 0.00827485
9380 0.00802879
9381 0.0109402
9382 0.0741886
9383 0.00311682
9384 0.0137433
9385 0.545782
9386 0.405261
9387 0.0127707
9388 0.0476882
9389 0.0382794
9390 0.0595806
9391 0.0912888
9392 0.0213022
9393 0.00389103
9394 0.0165316
9395 0.341928
9396 0.0044799
9397 0.17168
9398 0.0137883
9399 0.0197842
9400 0.0268993
9401 0.0255074
9402 0.0348612
9403 0.0575366
9404 0.650886
9405 0.0151225
9406 0.379465
9407 0.00997064
9408 0.701772
9409 0.193151
9410 0.348123
9411 0.244497
9412 0.0120005
9413 0.400909
9414 0.328144
9415 0.022273
9416 0.0236894
9417 0.366571
9418 0.345602
9419 0.316643
9420 0.0147924
9421 0.240506
9422 0.341656
9423 0.0223208
9424 0.00286293
9425 0.316643
9426 0.247826
9427 0.342434
9428 0.0509047
9429 0.00895981
9430 0.333472
9431 0.0222158
9432 0.0331968
9433 0.2569
9434 0.341656
9435 0.105736
9436 0.243832
9437 0.0595197
9438 0.329223
9439 0.333472
9440 0.256101
9441 0.322953
9442 0.0117375
9443 0.067486
9444 0.0339064
9445 0.00528646
9446 0.0226982
9447 0.00266067
9448 0.00429782
9449 0.082703
9450 0.0468947
9451 0.0421352
9452 0.0238053
9453 0.00337727
9454 0.00992381
9455 0.0505579
9456 0.00498479
9457 0.0107793
9458 0.438506
9459 0.023504
9460 0.0244943
9461 0.0147352
9462 0.033444
9463 0.0197984
9464 0.00812146
9465 0.00104621
9466 0.0386312
9467 0.00537502
9468 0.00501148
9469 0.00572736
9470 0.011783
9471 0.00518641
9472 0.0420184
9473 0.0510691
9474 0.0146422
9475 0.0160885
9476 0.361337
9477 0.328649
9478 0.250408
9479 0.00211492
9480 0.0350705
9481 0.0781684
9482 0.843786
9483 0.00485577
9484 0.249974
9485 0.0393059
9486 0.00368854
9487 0.0250968
9488 0.301647
9489 0.128165
9490 0.301647
9491 0.266974
9492 0.0583602
9493 0.322953
9494 0.00257065
9495 0.0254337
9496 0.00940378
9497 0.00548301
9498 0.0310873
9499 0.00274873
9500 0.0229435
9501 0.0201599
9502 0.676071
9503 0.418766
9504 0.00522272
9505 0.51712
9506 0.0212393
9507 0.185664
9508 0.0377337
9509 0.0327309
9510 0.0142384
9511 0.0101249
9512 0.016367
9513 0.0423917
9514 0.104412
9515 0.000396349
9516 0.0235065
9517 0.0227443
9518 0.0203481
9519 0.207041
9520 0.0167875
9521 0.00930576
9522 0.0265813
9523 0.00618905
9524 0.0220329
9525 0.00927427
9526 0.00969353
9527 0.249974
9528 0.0145872
9529 0.00642213
9530 0.00194942
9531 0.0112704
9532 0.24232
9533 0.0497962
9534 0.0142326
9535 0.0336588
9536 0.0128682
9537 0.0298584
9538 0.00166261
9539 0.0819227
9540 0.00381576
9541 0.0140735
9542 0.0140824
9543 0.0129343
9544 0.495079
9545 0.00329548
9546 0.000470705
9547 0.00152495
9548 0.00523219
9549 0.0729814
9550 0.0154161
9551 0.00341022
9552 0.0314662
9553 0.00812308
9554 0.0076509
9555 0.0216867
9556 0.00582545
9557 0.000853886
9558 0.000920978
9559 0.000330121
9560 0.0170233
9561 0.0303812
9562 0.0479623
9563 0.00303926
9564 0.00216983
9565 0.636719
9566 0.0381956
9567 0.00673333
9568 0.00550734
9569 0.0159072
9570 0.0220639
9571 0.473656
9572 0.494494
9573 0.0877933
9574 0.0161882
9575 0.0350208
9576 0.834883
9577 0.0125517
9578 0.339664
9579 0.00467369
9580 0.0374769
9581 0.536555
9582 0.0100626
9583 0.0378576
9584 0.0183347
9585 0.0151193
9586 0.0115324
9587 0.001541
9588 0.0321057
9589 0.00389754
9590 0.0409012
9591 0.00081119
9592 0.000819665
9593 0.00040344
9594 0.0406011
9595 0.461154
9596 0.0183164
9597 0.0208068
9598 0.0224261
9599 0.0636907
9600 0.0134851
9601 0.0112083
9602 0.0210611
9603 0.0285093
9604 0.00690344
9605 0.0162936
9606 0.638249
9607 0.240394
9608 0.00513035
9609 0.00146923
9610 0.00415801
9611 0.00795139
9612 0.00731704
9613 0.0243022
9614 0.00633138
9615 0.00266899
9616 0.00530224
9617 0.00135093
9618 0.00302007
9619 0.0313413
9620 0.00208642
9621 0.0156977
9622 0.00209019
9623 0.0387167
9624 0.00362297
9625 0.11491
9626 0.0215939
9627 0.0248348
9628 0.0159397
9629 0.0448592
9630 0.00137229
9631 0.0095967
9632 0.0109187
9633 0.0560635
9634 0.00328723
9635 0.00355064
9636 0.0127895
9637 0.00680619
9638 0.0784285
9639 0.00336538
9640 0.339664
9641 0.322953
9642 0.0146512
9643 0.0230761
9644 0.40585
9645 0.0180154
9646 0.00566558
9647 0.00746187
9648 0.0191484
9649 0.777558
9650 0.0361372
9651 0.243832
9652 0.632929
9653 0.00786022
9654 0.00185471
9655 0.0151961
9656 0.00596507
9657 0.0907714
9658 0.107006
9659 0.0215304
9660 0.00273416
9661 0.0176722
9662 0.0151147
9663 0.0160671
9664 0.696843
9665 0.0218599
9666 0.0283847
9667 0.00973494
9668 0.0337418
9669 0.0120833
9670 0.339664
9671 0.0212552
9672 0.0199584
9673 0.0771379
9674 0.0246513
9675 0.270811
9676 0.707597
9677 0.534597
9678 0.0221122
9679 0.0124938
9680 0.241813
9681 0.00631261
9682 0.0161607
9683 0.00349949
9684 0.784071
9685 0.0652998
9686 0.0147218
9687 0.0490692
9688 0.0225161
9689 0.0134814
9690 0.010977
9691 0.0130129
9692 0.00435941
9693 0.00794252
9694 0.0222628
9695 0.0269705
9696 0.452108
9697 0.154744
9698 0.00802534
9699 0.0701525
9700 0.728625
9701 0.0723154
9702 0.0101084
9703 0.0245687
9704 0.170756
9705 0.0900796
9706 0.00998383
9707 0.00547895
9708 0.0411913
9709 0.0281288
9710 0.0178638
9711 0.00696771
9712 0.0240942
9713 0.015833
9714 0.00988867
9715 0.004947
9716 0.10172
9717 0.0235052
9718 0.016713
9719 0.0135822
9720 0.00327524
9721 0.00883987
9722 0.0259243
9723 0.0102903
9724 0.01402
9725 0.00393899
9726 0.0804822
9727 0.141879
9728 0.00433631
9729 0.0118144
9730 0.0175087
9731 0.0115062
9732 0.120092
9733 0.00748581
9734 0.0025561
9735 0.00867179
9736 0.00633098
9737 0.0132317
9738 0.0309001
9739 0.0849322
9740 0.328649
9741 0.00853897
9742 0.056655
9743 0.0668287
9744 0.015702
9745 0.00564495
9746 0.0119104
9747 0.0556049
9748 0.0488018
9749 0.00482434
9750 0.0212088
9751 0.0287071
9752 0.00745664
9753 0.0128489
9754 0.273137
9755 0.0217159
9756 0.248029
9757 0.0405214
9758 0.0374407
9759 0.00694845
9760 0.0908462
9761 0.0514449
9762 0.128706
9763 0.000761038
9764 0.0276835
9765 0.0149281
9766 0.0745225
9767 0.0394315
9768 0.0203254
9769 0.0360227
9770 0.0212675
9771 0.0429807
9772 0.013096
9773 0.0229438
9774 0.0253016
9775 0.00765407
9776 0.0139664
9777 0.0343639
9778 0.000761763
9779 0.86821
9780 0.0138807
9781 0.906238
9782 0.0117695
9783 0.348123
9784 0.536555
9785 0.378326
9786 0.120347
9787 0.40363
9788 0.379452
9789 0.0343907
9790 0.0337715
9791 0.0105031
9792 0.00694771
9793 0.0697249
9794 0.00958565
9795 0.0158279
9796 0.0149401
9797 0.00400249
9798 0.0992135
9799 0.00577586
9800 0.011707
9801 0.810998
9802 0.572859
9803 0.0113136
9804 0.0459305
9805 0.00139386
9806 0.236768
9807 0.0141959
9808 0.0682577
9809 0.0927445
9810 0.0303354
9811 0.0133687
9812 0.00173945
9813 0.0314761
9814 0.00764983
9815 0.0170435
9816 0.00209257
9817 0.722207
9818 0.0312122
9819 0.00627728
9820 0.000340503
9821 0.00277605
9822 0.0503168
9823 0.0133131
9824 0.00518985
9825 0.0089607
9826 0.0496372
9827 0.0230357
9828 0.0267959
9829 0.00924852
9830 0.0723435
9831 0.00349293
9832 0.023539
9833 0.0196032
9834 0.00477551
9835 0.119507
9836 0.00195472
9837 0.000337033
9838 0.131089
9839 0.153956
9840 0.017241
9841 0.0120972
9842 0.00458133
9843 0.00562877
9844 0.00246788
9845 0.505588
9846 0.0374092
9847 0.00950994
9848 0.0665271
9849 0.00398859
9850 0.00110085
9851 0.0752395
9852 0.11889
9853 0.0787571
9854 0.0185408
9855 0.02945
9856 0.0335736
9857 0.0193499
9858 0.00973244
9859 0.0352109
9860 0.00143669
9861 0.0180149
9862 0.00540519
9863 0.0184571
9864 0.0661744
9865 0.0216447
9866 0.030757
9867 0.0150321
9868 0.0161697
9869 0.0145463
9870 0.0214546
9871 0.0195643
9872 0.024966
9873 0.010047
9874 0.0163906
9875 0.0120737
9876 0.805525
9877 0.00379253
9878 0.00317399
9879 0.0247341
9880 0.00820597
9881 0.0392006
9882 0.0254362
9883 0.0267108
9884 0.00208478
9885 0.00140225
9886 0.0139586
9887 0.00866071
9888 0.0243722
9889 0.067725
9890 0.298111
9891 0.0320398
9892 0.0766052
9893 0.0469854
9894 0.0062638
9895 0.0399573
9896 0.0240114
9897 0.0124091
9898 0.171181
9899 0.245217
9900 0.685271
9901 0.0360371
9902 0.00757401
9903 0.0340156
9904 0.0530519
9905 0.0034313
9906 0.0134364
9907 0.0253662
9908 0.00747342
9909 0.00866886
9910 0.105415
9911 0.00292239
9912 0.140416
9913 0.00165952
9914 0.0530178
9915 0.0269189
9916 0.00201356
9917 0.0159007
9918 0.00166348
9919 0.0126349
9920 0.0217783
9921 0.0286658
9922 0.011902
9923 0.0962267
9924 0.0726224
9925 0.0117772
9926 0.00833681
9927 0.00805059
9928 0.0877283
9929 0.0075973
9930 0.0384291
9931 0.0560793
9932 0.0368492
9933 0.0245583
9934 0.0500931
9935 0.0155616
9936 0.00298676
9937 0.00321593
9938 0.0293494
9939 0.0116812
9940 0.00201838
9941 0.00787882
9942 0.089484
9943 0.0109825
9944 0.0447808
9945 0.0460605
9946 0.00285767
9947 0.0224086
9948 0.0347935
9949 0.334934
9950 0.0966409
9951 0.0134413
9952 0.0744523
9953 0.029913
9954 0.000563246
9955 0.000746454
9956 0.000745783
9957 0.000433617
9958 0.022164
9959 0.00315349
9960 0.112564
9961 0.0689443
9962 0.0246665
9963 0.00115334
9964 0.00642079
9965 0.00780021
9966 0.0244345
9967 0.00840816
9968 0.00299462
9969 0.00288461
9970 0.0123753
9971 0.00395041
9972 0.0734577
9973 0.145331
9974 0.0804461
9975 0.236206
9976 0.00839448
9977 0.00260635
9978 0.111003
9979 0.0810559
9980 0.466829
9981 0.176768
9982 0.596855
9983 0.145434
9984 0.141828
9985 0.634634
9986 0.113439
9987 0.00625877
9988 0.0059191
9989 0.00390393
9990 0.0117505
9991 0.0123976
9992 0.0978117
9993 0.0546188
9994 0.102712
9995 0.0289902
9996 0.00773862
9997 0.00583393
9998 0.00135067
9999 0.000917069
10000 0.00226507
10001 0.0166138
10002 0.00949181
10003 0.0360958
10004 0.0125601
10005 0.00356328
10006 0.509207
10007 0.0181556
10008 0.0620979
10009 0.0038749
10010 0.01804
10011 0.0205436
10012 0.00739483
10013 0.544696
10014 0.00099914
10015 0.578178
10016 0.0108581
10017 0.0777351
10018 0.0018626
10019 0.0591234
10020 0.00293083
10021 0.00868716
10022 0.000842705
10023 0.00580726
10024 0.00730412
10025 0.156645
10026 0.0851986
10027 0.118418
10028 0.173087
10029 0.602413
10030 0.0405158
10031 0.138141
10032 0.120077
10033 0.122171
10034 0.1027
10035 0.189705
10036 0.348123
10037 0.151171
10038 0.571952
10039 0.0186312
10040 0.0155813
10041 0.143692
10042 0.00927796
10043 0.0553388
10044 0.0115644
10045 0.00196212
10046 0.00551696
10047 0.0475431
10048 0.0382125
10049 0.0873285
10050 0.0559196
10051 0.0497644
10052 0.0264096
10053 0.0728888
10054 0.0386888
10055 0.497032
10056 0.00168902
10057 0.000295865
10058 0.00938801
10059 0.0105638
10060 0.00533975
10061 0.0112072
10062 0.0104971
10063 0.012673
10064 0.00141367
10065 0.0217294
10066 0.00600629
10067 0.0171026
10068 0.0138502
10069 0.00445659
10070 0.00227957
10071 0.0100068
10072 0.0042092
10073 0.00755391
10074 0.00238435
10075 0.00629816
10076 0.00131405
10077 0.0716306
10078 0.0769631
10079 0.00973347
10080 0.0372099
10081 0.435881
10082 0.0393733
10083 0.00442864
10084 0.00388039
10085 0.0144393
10086 0.0173331
10087 0.00565291
10088 0.109766
10089 0.125255
10090 0.058544
10091 0.111123
10092 0.0211354
10093 0.0277415
10094 0.692949
10095 0.536555
10096 0.110891
10097 0.058544
10098 0.133379
10099 0.299648
10100 0.0332518
10101 0.15627
10102 0.23627
10103 0.139854
10104 0.166141
10105 0.00984329
10106 0.705674
10107 0.0215853
10108 0.00224889
10109 0.00508219
10110 0.00130554
10111 0.0111658
10112 0.0246684
10113 0.0206959
10114 0.010167
10115 0.0151454
10116 0.00477059
10117 0.0199274
10118 0.012083
10119 0.00999991
10120 0.0177061
10121 0.519048
10122 0.00778679
10123 0.00215441
10124 0.0152623
10125 0.0975105
10126 0.00505044
10127 0.0113155
10128 0.0210728
10129 0.00252653
10130 0.00412083
10131 0.0137394
10132 0.124286
10133 0.535344
10134 0.00854845
10135 0.0911152
10136 0.124047
10137 0.580143
10138 0.110114
10139 0.050207
10140 0.0112117
10141 0.771158
10142 0.442766
10143 0.653653
10144 0.653361
10145 0.876027
10146 0.0221051
10147 0.0138948
10148 0.533947
10149 0.00792464
10150 0.00732554
10151 0.0429496
10152 0.0576493
10153 0.841744
10154 0.878697
10155 0.335805
10156 0.194558
10157 0.552795
10158 0.746143
10159 0.00432369
10160 0.104627
10161 0.721488
10162 0.66356
10163 0.46263
10164 0.0195848
10165 0.0390642
10166 0.0502915
10167 0.682849
10168 0.0742218
10169 0.104529
10170 0.645137
10171 0.098862
10172 0.00395187
10173 0.0043674
10174 0.821605
10175 0.547454
10176 0.699461
10177 0.807502
10178 0.0126113
10179 0.00175115
10180 0.0602089
10181 0.114599
10182 0.485377
10183 0.0489147
10184 0.813187
10185 0.160721
10186 0.0172133
10187 0.0817029
10188 0.145112
10189 0.0398939
10190 0.0146006
10191 0.730485
10192 0.011736
10193 0.0214374
10194 0.0206892
10195 0.0481217
10196 0.0546013
10197 0.0317014
10198 0.765751
10199 0.802193
10200 0.0327754
10201 0.040286
10202 0.63674
10203 0.47402
10204 0.0935324
10205 0.591225
10206 0.137247
10207 0.85108
10208 0.954968
10209 0.65278
10210 0.0218012
10211 0.271529
10212 0.00548121
10213 0.125037
10214 0.445865
10215 0.03496
10216 0.0491844
10217 0.00387138
10218 0.0141429
10219 0.00559353
10220 0.124047
10221 0.0929649
10222 0.0420972
10223 0.0314965
10224 0.396599
10225 0.0371293
10226 0.156069
10227 0.0178105
10228 0.793113
10229 0.531298
10230 0.134202
10231 0.337471
10232 0.294054
10233 0.0471976
10234 0.124047
10235 0.0262547
10236 0.0015329
10237 0.110287
10238 0.0498705
10239 0.0444605
10240 0.0459534
10241 0.378222
10242 0.0939668
10243 0.356386
10244 0.630235
10245 0.136288
10246 0.116623
10247 0.744159
10248 0.0167488
10249 0.418723
10250 0.118756
10251 0.280191
10252 0.630588
10253 0.0985598
10254 0.608429
10255 0.621154
10256 0.409322
10257 0.70337
10258 0.652407
10259 0.878497
10260 0.00429003
10261 0.011654
10262 0.00895848
10263 0.00329015
10264 0.00251762
10265 0.00391659
10266 0.00329092
10267 0.165174
10268 0.0105079
10269 0.329179
10270 0.0151146
10271 0.205864
10272 0.0781478
10273 0.107006
10274 0.620459
10275 0.415927
10276 0.215205
10277 0.395097
10278 0.67099
10279 0.659298
10280 0.429945
10281 0.885174
10282 0.0485997
10283 0.114749
10284 0.0434851
10285 0.70231
10286 0.156169
10287 0.469162
10288 0.737457
10289 0.263119
10290 0.246081
10291 0.427546
10292 0.229097
10293 0.697671
10294 0.653488
10295 0.580856
10296 0.107893
10297 0.0165049
10298 0.0195145
10299 0.0336307
10300 0.219579
10301 0.142539
10302 0.13064
10303 0.0602379
10304 0.454886
10305 0.0393529
10306 0.0347975
10307 0.0584442
10308 0.0583369
10309 0.0333914
10310 0.0514196
10311 0.869076
10312 0.0939497
10313 0.738908
10314 0.0315165
10315 0.73104
10316 0.49349
10317 0.384543
10318 0.810083
10319 0.725784
10320 0.0697554
10321 0.053871
10322 0.00800802
10323 0.00942764
10324 0.062507
10325 0.0306
10326 0.0248606
10327 0.0643126
10328 0.0101825
10329 0.127301
10330 0.0162403
10331 0.0759389
10332 0.00333503
10333 0.00800722
10334 0.0376166
10335 0.0333403
10336 0.0121396
10337 0.00274017
10338 0.0148815
10339 0.0239024
10340 0.669351
10341 0.335171
10342 0.073621
10343 0.207306
10344 0.311707
10345 0.0319778
10346 0.922572
10347 0.561043
10348 0.761667
10349 0.00872314
10350 0.568829
10351 0.557841
10352 0.0426309
10353 0.919162
10354 0.045678
10355 0.295547
10356 0.57576
10357 0.00580703
10358 0.0138778
10359 0.00288736
10360 0.0301507
10361 0.0458485
10362 0.00794447
10363 0.00745539
10364 0.0277269
10365 0.0990536
10366 0.0312401
10367 0.00363447
10368 0.0601382
10369 0.00726559
10370 0.00692949
10371 0.0157934
10372 0.0134931
10373 0.00183066
10374 0.0133611
10375 0.0109128
10376 0.0424216
10377 0.0678603
10378 0.0331893
10379 0.0273545
10380 0.0155881
10381 0.0286261
10382 0.158182
10383 0.814302
10384 0.0230049
10385 0.161799
10386 0.00893498
10387 0.73176
10388 0.127688
10389 0.0146707
10390 0.0205701
10391 0.00565537
10392 0.0109428
10393 0.0537288
10394 0.057221
10395 0.068684
10396 0.00151835
10397 0.00427124
10398 0.013433
10399 0.456099
10400 0.00329641
10401 0.0720962
10402 0.091128
10403 0.0872914
10404 0.0365004
10405 0.0569782
10406 0.0406076
10407 0.0123024
10408 0.0130219
10409 0.0393699
10410 0.0170172
10411 0.0221992
10412 0.0116949
10413 0.00483463
10414 0.024092
10415 0.00191339
10416 0.0549235
10417 0.0296187
10418 0.0964876
10419 0.0273411
10420 0.0224498
10421 0.0871338
10422 0.0243085
10423 0.0516482
10424 0.0173603
10425 0.055993
10426 0.0593988
10427 0.0692067
10428 0.00999384
10429 0.0403412
10430 0.181615
10431 0.612998
10432 0.0525525
10433 0.00150117
10434 0.291334
10435 0.0354479
10436 0.00893673
10437 0.0360047
10438 0.102486
10439 0.0198966
10440 0.108395
10441 0.017735
10442 0.00643043
10443 0.00943228
10444 0.0589326
10445 0.0562997
10446 0.407477
10447 0.319318
10448 0.00297534
10449 0.121709
10450 0.0723406
10451 0.100488
10452 0.379719
10453 0.416551
10454 0.207247
10455 0.0439085
10456 0.218917
10457 0.888151
10458 0.0492292
10459 0.335816
10460 0.42128
10461 0.616567
10462 0.407753
10463 0.775777
10464 0.0968773
10465 0.0588591
10466 0.0230389
10467 0.0554934
10468 0.0490212
10469 0.381484
10470 0.638249
10471 0.761736
10472 0.392412
10473 0.0047061
10474 0.584951
10475 0.0559242
10476 0.0220791
10477 0.00942823
10478 0.396345
10479 0.0537952
10480 0.231937
10481 0.00176529
10482 0.258789
10483 0.0381409
10484 0.172321
10485 0.0155261
10486 0.0350446
10487 0.0385822
10488 0.63163
10489 0.0342982
10490 0.0303682
10491 0.426306
10492 0.134081
10493 0.020864
10494 0.131187
10495 0.00681043
10496 0.452115
10497 0.0112512
10498 0.0572123
10499 0.0449968
10500 0.0413545
10501 0.0164919
10502 0.0265212
10503 0.0383151
10504 0.0775695
10505 0.0378002
10506 0.669611
10507 0.657337
10508 0.348908
10509 0.0164907
10510 0.529248
10511 0.555603
10512 0.375095
10513 0.468577
10514 0.0254605
10515 0.058544
10516 0.204359
10517 0.0362358
10518 0.00738528
10519 0.0129646
10520 0.0476148
10521 0.00555832
10522 0.0339873
10523 0.00229291
10524 0.740592
10525 0.0771436
10526 0.0683503
10527 0.886234
10528 0.0142268
10529 0.0249148
10530 0.0341073
10531 0.104475
10532 0.431923
10533 0.0463663
10534 0.0357446
10535 0.0211853
10536 0.0459957
10537 0.0912302
10538 0.127623
10539 0.0105901
10540 0.036183
10541 0.00953128
10542 0.00542064
10543 0.0374646
10544 0.00699314
10545 0.0301155
10546 0.0215762
10547 0.028652
10548 0.0113412
10549 0.00288748
10550 0.0256171
10551 0.0066709
10552 0.0226519
10553 0.00334167
10554 0.00459956
10555 0.00751174
10556 0.00405445
10557 0.0114549
10558 0.00408147
10559 0.00245793
10560 0.066767
10561 0.0128285
10562 0.413682
10563 0.0447838
10564 0.799145
10565 0.634839
10566 0.0245891
10567 0.0153759
10568 0.0402993
10569 0.0961276
10570 0.0973818
10571 0.00957267
10572 0.0101103
10573 0.017299
10574 0.00473346
10575 0.0307937
10576 0.0891723
10577 0.0084341
10578 0.135351
10579 0.0791635
10580 0.0095205
10581 0.0162177
10582 0.00364312
10583 0.0274636
10584 0.00148717
10585 0.0232162
10586 0.0697431
10587 0.0170118
10588 0.48885
10589 0.00590931
10590 0.0971426
10591 0.515394
10592 0.0412533
10593 0.0442907
10594 0.00718096
10595 0.362407
10596 0.0117549
10597 0.0267317
10598 0.0344715
10599 0.028718
10600 0.0430119
10601 0.0226215
10602 0.010258
10603 0.0633364
10604 0.0875164
10605 0.014982
10606 0.0244075
10607 0.0541217
10608 0.00239735
10609 0.0124267
10610 0.00392282
10611 0.464228
10612 0.0359872
10613 0.664917
10614 0.0253299
10615 0.0062428
10616 0.00449756
10617 0.0100604
10618 0.00712434
10619 0.0502056
10620 0.0101204
10621 0.0645398
10622 0.00163309
10623 0.00643843
10624 0.0956754
10625 0.0233505
10626 0.00391216
10627 0.00397409
10628 0.754086
10629 0.00839057
10630 0.00924877
10631 0.0344205
10632 0.0263027
10633 0.025234
10634 0.0195241
10635 0.109937
10636 0.825946
10637 0.334933
10638 0.731409
10639 0.475885
10640 0.00963417
10641 0.477125
10642 0.00538381
10643 0.0109157
10644 0.0834111
10645 0.32247
10646 0.037971
10647 0.00546896
10648 0.0736509
10649 0.718595
10650 0.00223122
10651 0.00392266
10652 0.0288618
10653 0.00489587
10654 0.0025668
10655 0.0549594
10656 0.00906324
10657 0.00484577
10658 0.00106437
10659 0.0299254
10660 0.0036355
10661 0.0288782
10662 0.00978334
10663 0.0894441
10664 0.021782
10665 0.023736
10666 0.0142201
10667 0.0274313
10668 0.00605418
10669 0.0157465
10670 0.0334019
10671 0.0029099
10672 0.00539235
10673 0.754795
10674 0.794359
10675 0.418884
10676 0.83027
10677 0.578193
10678 0.957666
10679 0.815482
10680 0.590039
10681 0.112896
10682 0.681679
10683 0.508909
10684 0.0377851
10685 0.0756158
10686 0.619
10687 0.0525661
10688 0.280618
10689 0.926531
10690 0.814681
10691 0.0331002
10692 0.0180925
10693 0.419398
10694 0.650023
10695 0.665878
10696 0.132318
10697 0.807332
10698 0.222337
10699 0.132326
10700 0.297447
10701 0.0212414
10702 0.0156943
10703 0.00308765
10704 0.0324881
10705 0.263681
10706 0.127601
10707 0.00772563
10708 0.0110168
10709 0.768492
10710 0.0785691
10711 0.0141095
10712 0.00559167
10713 0.664485
10714 0.569233
10715 0.718693
10716 0.0806099
10717 0.017409
10718 0.0213212
10719 0.116233
10720 0.00993787
10721 0.115603
10722 0.0279747
10723 0.774008
10724 0.00161439
10725 0.560693
10726 0.00496898
10727 0.0313377
10728 0.957678
10729 0.0386704
10730 0.00365732
10731 0.363371
10732 0.0267346
10733 0.00925162
10734 0.0805143
10735 0.0351624
10736 0.120904
10737 0.130489
10738 0.00278727
10739 0.0552653
10740 0.0877139
10741 0.644438
10742 0.638977
10743 0.0102938
10744 0.062519
10745 0.511111
10746 0.259103
10747 0.183064
10748 0.00516631
10749 0.0249197
10750 0.0119855
10751 0.0306538
10752 0.174797
10753 0.0253493
10754 0.00659073
10755 0.0139765
10756 0.0105791
10757 0.0157288
10758 0.023874
10759 0.011056
10760 0.00578995
10761 0.0686203
10762 0.00704496
10763 0.00299301
10764 0.0139897
10765 0.0394952
10766 0.163975
10767 0.00476784
10768 0.0156404
10769 0.00356854
10770 0.0201721
10771 0.0030595
10772 0.0059679
10773 0.00548908
10774 0.00605401
10775 0.110446
10776 0.0140594
10777 0.00738184
10778 0.00988795
10779 0.0286094
10780 0.0128012
10781 0.0043819
10782 0.157784
10783 0.0499709
10784 0.0527238
10785 0.111179
10786 0.0481431
10787 0.0181813
10788 0.0841097
10789 0.00246689
10790 0.409907
10791 0.0643759
10792 0.0816874
10793 0.0463735
10794 0.0543033
10795 0.191089
10796 0.00165368
10797 0.0480394
10798 0.0569051
10799 0.029316
10800 0.0264382
10801 0.00740003
10802 0.00909996
10803 0.0738876
10804 0.78419
10805 0.0974249
10806 0.599295
10807 0.0140132
10808 0.0288291
10809 0.0427769
10810 0.0433734
10811 0.0582686
10812 0.0243835
10813 0.0845532
10814 0.588004
10815 0.071923
10816 0.791583
10817 0.0137486
10818 0.0507584
10819 0.0303307
10820 0.156226
10821 0.0238229
10822 0.00714119
10823 0.00973742
10824 0.00418369
10825 0.662126
10826 0.0464275
10827 0.149529
10828 0.0101087
10829 0.0088221
10830 0.093709
10831 0.00764434
10832 0.0110675
10833 0.00519501
10834 0.0137393
10835 0.00931449
10836 0.00399577
10837 0.176349
10838 0.365652
10839 0.256159
10840 0.897829
10841 0.705736
10842 0.00605431
10843 0.00826183
10844 0.0478051
10845 0.0212774
10846 0.00653246
10847 0.00557938
10848 0.0362405
10849 0.0376794
10850 0.031012
10851 0.0502595
10852 0.0160861
10853 0.0196558
10854 0.0104321
10855 0.0400758
10856 0.00559406
10857 0.00898081
10858 0.307832
10859 0.094804
10860 0.0156079
10861 0.65408
10862 0.773217
10863 0.142662
10864 0.0204066
10865 0.631437
10866 0.0544807
10867 0.153116
10868 0.00767763
10869 0.0042035
10870 0.420692
10871 0.0155403
10872 0.00533299
10873 0.00455172
10874 0.00286212
10875 0.00160645
10876 0.00114624
10877 0.604871
10878 0.509276
10879 0.208754
10880 0.00390741
10881 0.0136945
10882 0.00552982
10883 0.0673031
10884 0.00453337
10885 0.0112634
10886 0.00634651
10887 0.0650378
10888 0.0139991
10889 0.121475
10890 0.00223454
10891 0.0187385
10892 0.00552835
10893 0.0176516
10894 0.019926
10895 0.121231
10896 0.00608383
10897 0.0476333
10898 0.0135748
10899 0.0587935
10900 0.574624
10901 0.583032
10902 0.136138
10903 0.00232652
10904 0.137399
10905 0.0163119
10906 0.611912
10907 0.687079
10908 0.0231832
10909 0.110805
10910 0.17955
10911 0.438598
10912 0.0215555
10913 0.00568397
10914 0.00299753
10915 0.0150478
10916 0.0845063
10917 0.00881737
10918 0.00467863
10919 0.662126
10920 0.0294925
10921 0.0142071
10922 0.0241976
10923 0.0200551
10924 0.803829
10925 0.00654443
10926 0.0284668
10927 0.00765755
10928 0.0102094
10929 0.0564332
10930 0.052686
10931 0.00245031
10932 0.113599
10933 0.597054
10934 0.502101
10935 0.6903
10936 0.0123037
10937 0.0217605
10938 0.0287914
10939 0.0247447
10940 0.000853718
10941 0.0508954
10942 0.629401
10943 0.0212325
10944 0.435689
10945 0.00285672
10946 0.0422376
10947 0.0100532
10948 0.00910491
10949 0.016416
10950 0.0243191
10951 0.0168866
10952 0.160864
10953 0.0308014
10954 0.00305213
10955 0.00213014
10956 0.0501713
10957 0.0577862
10958 0.00403804
10959 0.0960824
10960 0.0430688
10961 0.0338084
10962 0.0734918
10963 0.305557
10964 0.0222887
10965 0.0148689
10966 0.0297867
10967 0.026222
10968 0.0536347
10969 0.0396475
10970 0.048434
10971 0.00333866
10972 0.0377355
10973 0.0496686
10974 0.00533721
10975 0.649578
10976 0.557958
10977 0.00109782
10978 0.00276268
10979 0.00900041
10980 0.00329145
10981 0.392412
10982 0.673416
10983 0.00178965
10984 0.593684
10985 0.0282447
10986 0.514053
10987 0.434393
10988 0.0256951
10989 0.468785
10990 0.014108
10991 0.0145381
10992 0.00348464
10993 0.00202238
10994 0.0199397
10995 0.0109839
10996 0.0457074
10997 0.0530163
10998 0.00690164
10999 0.00961935
11000 0.000485889
11001 0.0583484
11002 0.00982871
11003 0.00458066
11004 0.000514911
11005 0.520962
11006 0.788452
11007 0.573149
11008 0.369279
11009 0.596679
11010 0.0198062
11011 0.0171206
11012 0.0138518
11013 0.0296842
11014 0.684941
11015 0.812845
11016 0.659093
11017 0.0400198
11018 0.0706253
11019 0.0554241
11020 0.378042
11021 0.38776
11022 0.617943
11023 0.256236
11024 0.0760054
11025 0.49769
11026 0.106821
11027 0.457155
11028 0.62593
11029 0.0660948
11030 0.911035
11031 0.889138
11032 0.073084
11033 0.206096
11034 0.329551
11035 0.0291455
11036 0.454939
11037 0.0305458
11038 0.0593284
11039 0.0756155
11040 0.285412
11041 0.589503
11042 0.377
11043 0.321378
11044 0.177475
11045 0.184064
11046 0.817856
11047 0.712805
11048 0.0883229
11049 0.20421
11050 0.00594115
11051 0.84789
11052 0.460815
11053 0.717087
11054 0.0199672
11055 0.887596
11056 0.510774
11057 0.810707
11058 0.028886
11059 0.651027
11060 0.254407
11061 0.6189
11062 0.550436
11063 0.022718
11064 0.621438
11065 0.845728
11066 0.707584
11067 0.0739445
11068 0.825665
11069 0.606363
11070 0.0183749
11071 0.0601806
11072 0.138032
11073 0.693388
11074 0.218715
11075 0.102491
11076 0.187544
11077 0.417705
11078 0.147062
11079 0.43519
11080 0.0102521
11081 0.22112
11082 0.504485
11083 0.139918
11084 0.182471
11085 0.52343
11086 0.451975
11087 0.261517
11088 0.730407
11089 0.825594
11090 0.821146
11091 0.841225
11092 0.689565
11093 0.694335
11094 0.216314
11095 0.372574
11096 0.84525
11097 0.714194
11098 0.699336
11099 0.257928
11100 0.780305
11101 0.815348
11102 0.552964
11103 0.758734
11104 0.695328
11105 0.730173
11106 0.52786
11107 0.686388
11108 0.647657
11109 0.663731
11110 0.638106
11111 0.282975
11112 0.509368
11113 0.899951
11114 0.628439
11115 0.415971
11116 0.381604
11117 0.624774
11118 0.716408
11119 0.613322
11120 0.775825
11121 0.787291
11122 0.746375
11123 0.739387
11124 0.758379
11125 0.39449
11126 0.570309
11127 0.694276
11128 0.933666
11129 0.632425
11130 0.523054
11131 0.819595
11132 0.57537
11133 0.522936
11134 0.441602
11135 0.612764
11136 0.150918
11137 0.0696518
11138 0.496578
11139 0.75016
11140 0.305795
11141 0.59594
11142 0.428534
11143 0.211654
11144 0.959384
11145 0.139521
11146 0.748121
11147 0.60362
11148 0.371276
11149 0.595485
11150 0.38762
11151 0.129722
11152 0.946715
11153 0.0831913
11154 0.864528
11155 0.444698
11156 0.288328
11157 0.438185
11158 0.0876968
11159 0.503501
11160 0.497814
11161 0.646412
11162 0.809268
11163 0.948045
11164 0.486166
11165 0.772037
11166 0.637009
11167 0.708474
11168 0.845498
11169 0.505673
11170 0.717826
11171 0.256666
11172 0.569627
11173 0.544158
11174 0.909172
11175 0.146902
11176 0.502864
11177 0.663238
11178 0.478449
11179 0.236261
11180 0.167462
11181 0.221096
11182 0.422143
11183 0.633203
11184 0.637093
11185 0.046422
11186 0.853413
11187 0.68974
11188 0.589745
11189 0.608875
11190 0.407853
11191 0.691632
11192 0.574778
11193 0.591974
11194 0.434234
11195 0.691343
11196 0.505641
11197 0.808668
11198 0.696552
11199 0.741226
11200 0.7108
11201 0.88844
11202 0.769438
11203 0.488442
11204 0.688698
11205 0.574606
11206 0.490062
11207 0.486193
11208 0.697967
11209 0.782204
11210 0.550289
11211 0.731551
11212 0.496158
11213 0.672187
11214 0.653505
11215 0.790015
11216 0.674994
11217 0.801133
11218 0.700143
11219 0.123671
11220 0.603022
11221 0.669402
11222 0.311719
11223 0.605412
11224 0.729076
11225 0.345435
11226 0.0357559
11227 0.040646
11228 0.0173181
11229 0.148131
11230 0.0762262
11231 0.0159172
11232 0.0378855
11233 0.0870587
11234 0.506826
11235 0.892937
11236 0.766425
11237 0.514198
11238 0.215524
11239 0.669579
11240 0.75096
11241 0.564898
11242 0.665938
11243 0.801213
11244 0.43599
11245 0.641941
11246 0.748452
11247 0.756765
11248 0.908278
11249 0.0202523
11250 0.893782
11251 0.0412288
11252 0.0364575
11253 0.266622
11254 0.560331
11255 0.0901983
11256 0.0565222
11257 0.130668
11258 0.0151856
11259 0.0491267
11260 0.0471878
11261 0.0613663
11262 0.647399
11263 0.584962
11264 0.140015
11265 0.495106
11266 0.545693
11267 0.183235
11268 0.0195476
11269 0.0402351
11270 0.306966
11271 0.18459
11272 0.0171729
11273 0.027379
11274 0.200996
11275 0.280796
11276 0.547105
11277 0.581897
11278 0.435849
11279 0.35949
11280 0.166733
11281 0.0646191
11282 0.0573324
11283 0.0726191
11284 0.014022
11285 0.00778033
11286 0.00500446
11287 0.132799
11288 0.0295196
11289 0.0607555
11290 0.00337312
11291 0.0597151
11292 0.410736
11293 0.161413
11294 0.0168565
11295 0.488892
11296 0.0105089
11297 0.50034
11298 0.929602
11299 0.769212
11300 0.671943
11301 0.240824
11302 0.526777
11303 0.0939363
11304 0.0288691
11305 0.100645
11306 0.337812
11307 0.481197
11308 0.022469
11309 0.695459
11310 0.0762454
11311 0.456458
11312 0.635747
11313 0.802867
11314 0.741001
11315 0.190644
11316 0.239715
11317 0.573286
11318 0.714088
11319 0.817172
11320 0.636116
11321 0.786357
11322 0.488569
11323 0.789703
11324 0.0428555
11325 0.0372684
11326 0.147932
11327 0.0433327
11328 0.222246
11329 0.0387141
11330 0.697447
11331 0.865015
11332 0.0141744
11333 0.663362
11334 0.176435
11335 0.813583
11336 0.860797
11337 0.65326
11338 0.702862
11339 0.865033
11340 0.133641
11341 0.878825
11342 0.906304
11343 0.650308
11344 0.724033
11345 0.75243
11346 0.636624
11347 0.00870689
11348 0.0691497
11349 0.17239
11350 0.159502
11351 0.00445535
11352 0.100677
11353 0.0443545
11354 0.740899
11355 0.00750041
11356 0.00389818
11357 0.401245
11358 0.0608558
11359 0.532062
11360 0.176016
11361 0.169644
11362 0.437602
11363 0.864085
11364 0.438256
11365 0.0500977
11366 0.159694
11367 0.0670989
11368 0.0691408
11369 0.308972
11370 0.738778
11371 0.342489
11372 0.433054
11373 0.619864
11374 0.925854
11375 0.65951
11376 0.772876
11377 0.81931
11378 0.560942
11379 0.680981
11380 0.384297
11381 0.879417
11382 0.447428
11383 0.728838
11384 0.937629
11385 0.905447
11386 0.601844
11387 0.812325
11388 0.830225
11389 0.568891
11390 0.302633
11391 0.457145
11392 0.886554
11393 0.707832
11394 0.809686
11395 0.722819
11396 0.730337
11397 0.66504
11398 0.848718
11399 0.941534
11400 0.803463
11401 0.0994346
11402 0.93791
11403 0.309445
11404 0.329304
11405 0.754886
11406 0.874186
11407 0.87589
11408 0.942748
11409 0.807201
11410 0.959616
11411 0.90329
11412 0.937925
11413 0.767132
11414 0.899585
11415 0.153321
11416 0.849339
11417 0.699482
11418 0.0114328
11419 0.0758897
11420 0.0422719
11421 0.0115625
11422 0.68015
11423 0.388604
11424 0.0308552
11425 0.452811
11426 0.543417
11427 0.993233
11428 0.670906
11429 0.298925
11430 0.643939
11431 0.811211
11432 0.247448
11433 0.684531
11434 0.573843
11435 0.653058
11436 0.665326
11437 0.478922
11438 0.567271
11439 0.735886
11440 0.611505
11441 0.689956
11442 0.544535
11443 0.629206
11444 0.715215
11445 0.52222
11446 0.333855
11447 0.0642219
11448 0.209785
11449 0.154741
11450 0.33612
11451 0.716273
11452 0.0342611
11453 0.276334
11454 0.0274529
11455 0.0255164
11456 0.230659
11457 0.0434773
11458 0.316605
11459 0.0394031
11460 0.0964132
11461 0.0957546
11462 0.215733
11463 0.0138286
11464 0.374493
11465 0.892552
11466 0.311362
11467 0.294022
11468 0.538109
11469 0.457286
11470 0.981937
11471 0.706959
11472 0.431682
11473 0.402724
11474 0.252246
11475 0.358713
11476 0.557627
11477 0.187011
11478 0.255004
11479 0.912822
11480 0.303265
11481 0.367958
11482 0.123283
11483 0.032604
11484 0.143162
11485 0.484673
11486 0.0767537
11487 0.43358
11488 0.437149
11489 0.381336
11490 0.170598
11491 0.124074
11492 0.120839
11493 0.424278
11494 0.348671
11495 0.0778704
11496 0.0389602
11497 0.255027
11498 0.244662
11499 0.110492
11500 0.128134
11501 0.0596624
11502 0.978127
11503 0.782036
11504 0.663125
11505 0.174031
11506 0.308875
11507 0.757066
11508 0.0708969
11509 0.426646
11510 0.188269
11511 0.64936
11512 0.388389
11513 0.0332314
11514 0.109001
11515 0.130245
11516 0.141012
11517 0.707496
11518 0.717362
11519 0.66968
11520 0.65218
11521 0.479064
11522 0.0456192
11523 0.0344394
11524 0.669837
11525 0.0663598
11526 0.0340315
11527 0.0453815
11528 0.0111014
11529 0.121197
11530 0.00410393
11531 0.506668
11532 0.980059
11533 0.163893
11534 0.429075
11535 0.48598
11536 0.0944515
11537 0.588631
11538 0.492283
11539 0.241069
11540 0.496239
11541 0.8766
11542 0.550232
11543 0.151025
11544 0.837858
11545 0.508752
11546 0.0238232
11547 0.615366
11548 0.404747
11549 0.58628
11550 0.489395
11551 0.883619
11552 0.760693
11553 0.12223
11554 0.60328
11555 0.751551
11556 0.667386
11557 0.368346
11558 0.22195
11559 0.115424
11560 0.119561
11561 0.109634
11562 0.390196
11563 0.102657
11564 0.161933
11565 0.790983
11566 0.455963
11567 0.550478
11568 0.624791
11569 0.938124
11570 0.55325
11571 0.601326
11572 0.171413
11573 0.512753
11574 0.512518
11575 0.051699
11576 0.0111246
11577 0.132162
11578 0.022886
11579 0.0236064
11580 0.026456
11581 0.53553
11582 0.595566
11583 0.715868
11584 0.654455
11585 0.415772
11586 0.807088
11587 0.879329
11588 0.614523
11589 0.288178
11590 0.843069
11591 0.429052
11592 0.795942
11593 0.519064
11594 0.519872
11595 0.582083
11596 0.0197159
11597 0.195484
11598 0.0200082
11599 0.546284
11600 0.337068
11601 0.164269
11602 0.453962
11603 0.0169124
11604 0.042236
11605 0.0674715
11606 0.00648328
11607 0.10614
11608 0.86084
11609 0.696033
11610 0.591244
11611 0.463775
11612 0.547053
11613 0.473265
11614 0.600919
11615 0.503743
11616 0.206863
11617 0.707713
11618 0.770261
11619 0.521279
11620 0.674112
11621 0.685658
11622 0.554163
11623 0.611019
11624 0.048356
11625 0.365476
11626 0.00624661
11627 0.492542
11628 0.01265
11629 0.0367542
11630 0.0178558
11631 0.660426
11632 0.234601
11633 0.512259
11634 0.692098
11635 0.391709
11636 0.641584
11637 0.0918965
11638 0.107183
11639 0.0216439
11640 0.117756
11641 0.0559914
11642 0.00674576
11643 0.515259
11644 0.671938
11645 0.0621292
11646 0.0371824
11647 0.45969
11648 0.184667
11649 0.00514847
11650 0.7065
11651 0.132946
11652 0.566551
11653 0.136217
11654 0.549054
11655 0.142806
11656 0.0341531
11657 0.0278488
11658 0.0711424
11659 0.0350478
11660 0.102893
11661 0.0642493
11662 0.0645674
11663 0.367935
11664 0.0196609
11665 0.370048
11666 0.305914
11667 0.121729
11668 0.0338835
11669 0.176081
11670 0.624145
11671 0.540204
11672 0.506957
11673 0.0475145
11674 0.363112
11675 0.567362
11676 0.0626701
11677 0.253037
11678 0.0439332
11679 0.814804
11680 0.547845
11681 0.492191
11682 0.0585724
11683 0.33279
11684 0.11729
11685 0.568815
11686 0.176567
11687 0.248885
11688 0.0773776
11689 0.0580753
11690 0.0797247
11691 0.360597
11692 0.378973
11693 0.217793
11694 0.208952
11695 0.0529195
11696 0.153047
11697 0.300172
11698 0.27946
11699 0.170151
11700 0.0426954
11701 0.0546744
11702 0.486807
11703 0.487944
11704 0.872688
11705 0.855817
11706 0.781453
11707 0.792017
11708 0.858577
11709 0.923914
11710 0.158798
11711 0.0626957
11712 0.14286
11713 0.117562
11714 0.120211
11715 0.0578068
11716 0.133719
11717 0.0952909
11718 0.592388
11719 0.206238
11720 0.271418
11721 0.761287
11722 0.919974
11723 0.405676
11724 0.831618
11725 0.140852
11726 0.724726
11727 0.0418157
11728 0.167967
11729 0.14272
11730 0.333853
11731 0.902039
11732 0.695418
11733 0.0596361
11734 0.0639175
11735 0.312466
11736 0.201484
11737 0.249428
11738 0.300341
11739 0.661713
11740 0.41109
11741 0.720035
11742 0.72816
11743 0.472929
11744 0.784601
11745 0.631999
11746 0.149047
11747 0.176944
11748 0.0464713
11749 0.191036
11750 0.494532
11751 0.52477
11752 0.708921
11753 0.209334
11754 0.0605352
11755 0.253747
11756 0.193679
11757 0.0025695
11758 0.243719
11759 0.0144025
11760 0.27874
11761 0.688111
11762 0.00312745
11763 0.546336
11764 0.691344
11765 0.344754
11766 0.317133
11767 0.0704343
11768 0.28836
11769 0.100792
11770 0.255405
11771 0.112562
11772 0.142819
11773 0.460362
11774 0.582344
11775 0.0970775
11776 0.0329536
11777 0.48657
11778 0.452046
11779 0.459897
11780 0.558414
11781 0.500724
11782 0.770847
11783 0.333292
11784 0.855725
11785 0.439042
11786 0.333409
11787 0.599893
11788 0.831882
11789 0.720664
11790 0.254433
11791 0.840084
11792 0.631152
11793 0.222958
11794 0.154476
11795 0.0546059
11796 0.273882
11797 0.844258
11798 0.891427
11799 0.0408936
11800 0.100775
11801 0.117858
11802 0.255612
11803 0.711006
11804 0.230388
11805 0.158584
11806 0.170463
11807 0.235649
11808 0.104693
11809 0.32498
11810 0.0865057
11811 0.19605
11812 0.773104
11813 0.0827457
11814 0.0391492
11815 0.608325
11816 0.101922
11817 0.0250869
11818 0.0434507
11819 0.0259592
11820 0.164521
11821 0.0572612
11822 0.013369
11823 0.0379251
11824 0.0090861
11825 0.0676526
11826 0.00327931
11827 0.325393
11828 0.176231
11829 0.0627884
11830 0.148736
11831 0.14314
11832 0.263719
11833 0.0625916
11834 0.252689
11835 0.0462759
11836 0.0541957
11837 0.0442919
11838 0.108995
11839 0.862428
11840 0.100242
11841 0.0216249
11842 0.119473
11843 0.162936
11844 0.175332
11845 0.0930134
11846 0.413899
11847 0.245369
11848 0.855004
11849 0.250514
11850 0.727457
11851 0.867489
11852 0.96375
11853 0.816297
11854 0.808326
11855 0.697531
11856 0.843177
11857 0.742635
11858 0.679446
11859 0.571741
11860 0.684465
11861 0.00303852
11862 0.736837
11863 0.863722
11864 0.694633
11865 0.49953
11866 0.651832
11867 0.0141735
11868 0.0998866
11869 0.0844907
11870 0.0369224
11871 0.0128854
11872 0.191962
11873 0.11439
11874 0.0559462
11875 0.801138
11876 0.842228
11877 0.750567
11878 0.0733898
11879 0.0821366
11880 0.310161
11881 0.00918635
11882 0.156208
11883 0.307121
11884 0.215666
11885 0.152472
11886 0.888868
11887 0.228237
11888 0.329223
11889 0.157769
11890 0.0497543
11891 0.729439
11892 0.636422
11893 0.0945628
11894 0.294115
11895 0.0241992
11896 0.0521053
11897 0.0464203
11898 0.186742
11899 0.0641494
11900 0.0118427
11901 0.0397129
11902 0.791014
11903 0.0375659
11904 0.101198
11905 0.0131991
11906 0.100663
11907 0.0205867
11908 0.259772
11909 0.0776278
11910 0.0219354
11911 0.00239394
11912 0.0148471
11913 0.0130122
11914 0.120871
11915 0.029024
11916 0.784667
11917 0.0137475
11918 0.00291381
11919 0.002818
11920 0.00667172
11921 0.230052
11922 0.453845
11923 0.584516
11924 0.269995
11925 0.648152
11926 0.440399
11927 0.222725
11928 0.533457
11929 0.319541
11930 0.205256
11931 0.895533
11932 0.793966
11933 0.624187
11934 0.109817
11935 0.797988
11936 0.619739
11937 0.118322
11938 0.539741
11939 0.23526
11940 0.632404
11941 0.757259
11942 0.279996
11943 0.640295
11944 0.6441
11945 0.558373
11946 0.39346
11947 0.528071
11948 0.1468
11949 0.566707
11950 0.232466
11951 0.6912
11952 0.441807
11953 0.362611
11954 0.131589
11955 0.294554
11956 0.226598
11957 0.453792
11958 0.582171
11959 0.615409
11960 0.357827
11961 0.623928
11962 0.792349
11963 0.757373
11964 0.220046
11965 0.363081
11966 0.388265
11967 0.842144
11968 0.838554
11969 0.629428
11970 0.601519
11971 0.823685
11972 0.796716
11973 0.573067
11974 0.886242
11975 0.826499
11976 0.646358
11977 0.805562
11978 0.504091
11979 0.16557
11980 0.615428
11981 0.878766
11982 0.852513
11983 0.884953
11984 0.737486
11985 0.620421
11986 0.709447
11987 0.860477
11988 0.794764
11989 0.910143
11990 0.641613
11991 0.678917
11992 0.548067
11993 0.637236
11994 0.547071
11995 0.252204
11996 0.445817
11997 0.437693
11998 0.200905
11999 0.524033
12000 0.72427
12001 0.661503
12002 0.489195
12003 0.521985
12004 0.865652
12005 0.783462
12006 0.57942
12007 0.48424
12008 0.455224
12009 0.630349
12010 0.926625
12011 0.934352
12012 0.847351
12013 0.640925
12014 0.915914
12015 0.706439
12016 0.747408
12017 0.567288
12018 0.862034
12019 0.860827
12020 0.760764
12021 0.54726
12022 0.317165
12023 0.741308
12024 0.76048
12025 0.735885
12026 0.800223
12027 0.695381
12028 0.691322
12029 0.785064
12030 0.894394
12031 0.607426
12032 0.855494
12033 0.616686
12034 0.630567
12035 0.759424
12036 0.685524
12037 0.790489
12038 0.628955
12039 0.636133
12040 0.303032
12041 0.595421
12042 0.297765
12043 0.650883
12044 0.596493
12045 0.755175
12046 0.822042
12047 0.791293
12048 0.938583
12049 0.799595
12050 0.672244
12051 0.592785
12052 0.680534
12053 0.12086
12054 0.863498
12055 0.579536
12056 0.599233
12057 0.445637
12058 0.883629
12059 0.31528
12060 0.805776
12061 0.64589
12062 0.690213
12063 0.608403
12064 0.557022
12065 0.79005
12066 0.697918
12067 0.678986
12068 0.735853
12069 0.667537
12070 0.739609
12071 0.653569
12072 0.62314
12073 0.637136
12074 0.709663
12075 0.594995
12076 0.307257
12077 0.283352
12078 0.869738
12079 0.704665
12080 0.80465
12081 0.697842
12082 0.69009
12083 0.70937
12084 0.831014
12085 0.927673
12086 0.534545
12087 0.729222
12088 0.957602
12089 0.972909
12090 0.68806
12091 0.774231
12092 0.750542
12093 0.755183
12094 0.947527
12095 0.473598
12096 0.721999
12097 0.932615
12098 0.637847
12099 0.623248
12100 0.393096
12101 0.651596
12102 0.817948
12103 0.830239
12104 0.685122
12105 0.864303
12106 0.857946
12107 0.564992
12108 0.687123
12109 0.57066
12110 0.519289
12111 0.721778
12112 0.807607
12113 0.45686
12114 0.758688
12115 0.695627
12116 0.822613
12117 0.754028
12118 0.56596
12119 0.724268
12120 0.664057
12121 0.52952
12122 0.733054
12123 0.518218
12124 0.537522
12125 0.679296
12126 0.54261
12127 0.812687
12128 0.108027
12129 0.0807058
12130 0.00516092
12131 0.272516
12132 0.00624221
12133 0.84341
12134 0.822922
12135 0.523126
12136 0.642367
12137 0.804519
12138 0.793638
12139 0.553932
12140 0.647118
12141 0.837792
12142 0.00582459
12143 0.00316899
12144 0.598679
12145 0.00906332
12146 0.579333
12147 0.575632
12148 0.92233
12149 0.113955
12150 0.538563
12151 0.851497
12152 0.860502
12153 0.170266
12154 0.817144
12155 0.809817
12156 0.774327
12157 0.885868
12158 0.880172
12159 0.907304
12160 0.919615
12161 0.793201
12162 0.49672
12163 0.765354
12164 0.600316
12165 0.718815
12166 0.477294
12167 0.872539
12168 0.492634
12169 0.528717
12170 0.921333
12171 0.608767
12172 0.720726
12173 0.55382
12174 0.547272
12175 0.874726
12176 0.458392
12177 0.0668661
12178 0.854364
12179 0.833658
12180 0.750845
12181 0.0479932
12182 0.0361141
12183 0.0439031
12184 0.395075
12185 0.594899
12186 0.536812
12187 0.234324
12188 0.479624
12189 0.0612421
12190 0.493097
12191 0.143611
12192 0.104097
12193 0.0989077
12194 0.0811721
12195 0.255832
12196 0.16128
12197 0.0764456
12198 0.0354378
12199 0.189859
12200 0.325612
12201 0.190665
12202 0.431912
12203 0.22655
12204 0.638263
12205 0.76982
12206 0.876667
12207 0.816479
12208 0.878259
12209 0.591769
12210 0.825731
12211 0.824491
12212 0.677702
12213 0.514182
12214 0.803664
12215 0.866593
12216 0.706505
12217 0.667426
12218 0.573263
12219 0.728126
12220 0.512985
12221 0.751793
12222 0.603836
12223 0.677262
12224 0.731644
12225 0.76396
12226 0.848284
12227 0.748792
12228 0.808666
12229 0.636483
12230 0.835579
12231 0.689873
12232 0.812225
12233 0.848616
12234 0.621289
12235 0.278069
12236 0.487775
12237 0.638485
12238 0.640098
12239 0.893381
12240 0.81783
12241 0.773211
12242 0.869588
12243 0.477952
12244 0.725376
12245 0.493099
12246 0.557876
12247 0.46299
12248 0.949141
12249 0.883427
12250 0.411386
12251 0.627684
12252 0.63815
12253 0.547421
12254 0.758317
12255 0.875498
12256 0.805792
12257 0.768383
12258 0.871257
12259 0.957351
12260 0.753796
12261 0.401876
12262 0.46135
12263 0.7009
12264 0.885805
12265 0.714433
12266 0.597539
12267 0.498966
12268 0.928036
12269 0.907957
12270 0.551128
12271 0.496377
12272 0.87608
12273 0.827195
12274 0.795585
12275 0.932831
12276 0.597021
12277 0.224317
12278 0.29376
12279 0.620518
12280 0.443016
12281 0.686771
12282 0.542559
12283 0.612067
12284 0.705323
12285 0.745568
12286 0.500973
12287 0.890936
12288 0.784187
12289 0.644791
12290 0.727026
12291 0.842637
12292 0.727848
12293 0.581303
12294 0.845567
12295 0.880629
12296 0.736999
12297 0.683662
12298 0.846572
12299 0.830995
12300 0.795212
12301 0.670871
12302 0.519759
12303 0.851566
12304 0.791101
12305 0.764386
12306 0.863291
12307 0.813334
12308 0.753279
12309 0.13991
12310 0.151656
12311 0.223544
12312 0.760789
12313 0.770657
12314 0.303078
12315 0.402694
12316 0.182588
12317 0.343978
12318 0.170007
12319 0.478413
12320 0.818198
12321 0.801839
12322 0.696595
12323 0.738832
12324 0.849411
12325 0.321107
12326 0.069933
12327 0.0900036
12328 0.278344
12329 0.123109
12330 0.665589
12331 0.88804
12332 0.957509
12333 0.835989
12334 0.472862
12335 0.481773
12336 0.244478
12337 0.797479
12338 0.931325
12339 0.916248
12340 0.878456
12341 0.913434
12342 0.771667
12343 0.888704
12344 0.864462
12345 0.799197
12346 0.693679
12347 0.647906
12348 0.66586
12349 0.855916
12350 0.122332
12351 0.244189
12352 0.381743
12353 0.0766864
12354 0.75438
12355 0.428347
12356 0.532614
12357 0.589281
12358 0.790512
12359 0.766947
12360 0.633052
12361 0.557072
12362 0.578647
12363 0.783024
12364 0.78346
12365 0.514177
12366 0.522732
12367 0.473388
12368 0.804128
12369 0.778405
12370 0.619313
12371 0.526693
12372 0.67235
12373 0.844439
12374 0.723805
12375 0.653632
12376 0.712535
12377 0.833
12378 0.612065
12379 0.87194
12380 0.789495
12381 0.305116
12382 0.494729
12383 0.144584
12384 0.754734
12385 0.754269
12386 0.653689
12387 0.54137
12388 0.878044
12389 0.305129
12390 0.51239
12391 0.495272
12392 0.80045
12393 0.620547
12394 0.761271
12395 0.94824
12396 0.690643
12397 0.867281
12398 0.877799
12399 0.569117
12400 0.826844
12401 0.810297
12402 0.815238
12403 0.468987
12404 0.510272
12405 0.26212
12406 0.53611
12407 0.326815
12408 0.719479
12409 0.330328
12410 0.80154
12411 0.629331
12412 0.366474
12413 0.619617
12414 0.414278
12415 0.191001
12416 0.428798
12417 0.157002
12418 0.54639
12419 0.765398
12420 0.742046
12421 0.122704
12422 0.566881
12423 0.558228
12424 0.951579
12425 0.892041
12426 0.536576
12427 0.678972
12428 0.528644
12429 0.335577
12430 0.521142
12431 0.445213
12432 0.419118
12433 0.71637
12434 0.429471
12435 0.785243
12436 0.566221
12437 0.777912
12438 0.717477
12439 0.417199
12440 0.480774
12441 0.827151
12442 0.419943
12443 0.476114
12444 0.533445
12445 0.365577
12446 0.448699
12447 0.334468
12448 0.283998
12449 0.0535533
12450 0.392415
12451 0.359987
12452 0.263788
12453 0.740956
12454 0.830945
12455 0.379759
12456 0.734189
12457 0.612808
12458 0.844072
12459 0.533351
12460 0.460897
12461 0.780962
12462 0.790814
12463 0.863617
12464 0.704046
12465 0.334899
12466 0.641403
12467 0.816231
12468 0.511932
12469 0.51366
12470 0.431442
12471 0.266606
12472 0.646245
12473 0.197536
12474 0.120627
12475 0.086106
12476 0.0611533
12477 0.451807
12478 0.877155
12479 0.890806
12480 0.466479
12481 0.466722
12482 0.413749
12483 0.346076
12484 0.523634
12485 0.935546
12486 0.79987
12487 0.425315
12488 0.38591
12489 0.310297
12490 0.792602
12491 0.462423
12492 0.699127
12493 0.780296
12494 0.498073
12495 0.0245257
12496 0.649231
12497 0.627839
12498 0.631361
12499 0.537994
12500 0.753512
12501 0.45265
12502 0.0571162
12503 0.623639
12504 0.126913
12505 0.178411
12506 0.839713
12507 0.650754
12508 0.674648
12509 0.788966
12510 0.801784
12511 0.531019
12512 0.772411
12513 0.784726
12514 0.625738
12515 0.321658
12516 0.599129
12517 0.527321
12518 0.688138
12519 0.22519
12520 0.582514
12521 0.378116
12522 0.359262
12523 0.0839804
12524 0.266082
12525 0.480784
12526 0.825401
12527 0.455012
12528 0.410125
12529 0.267725
12530 0.781266
12531 0.719912
12532 0.798589
12533 0.413039
12534 0.6442
12535 0.752991
12536 0.374192
12537 0.535745
12538 0.0170983
12539 0.806268
12540 0.679368
12541 0.774368
12542 0.22927
12543 0.710151
12544 0.73635
12545 0.923339
12546 0.501487
12547 0.328816
12548 0.345357
12549 0.0621217
12550 0.212689
12551 0.148245
12552 0.0977532
12553 0.189244
12554 0.127207
12555 0.267248
12556 0.0597727
12557 0.651117
12558 0.277437
12559 0.805849
12560 0.302926
12561 0.50866
12562 0.215997
12563 0.192292
12564 0.440612
12565 0.217036
12566 0.456021
12567 0.740325
12568 0.300821
12569 0.220726
12570 0.82289
12571 0.511992
12572 0.606214
12573 0.868823
12574 0.834965
12575 0.484409
12576 0.757249
12577 0.863264
12578 0.802777
12579 0.347421
12580 0.747926
12581 0.682507
12582 0.38388
12583 0.419056
12584 0.58333
12585 0.187269
12586 0.307536
12587 0.246545
12588 0.416292
12589 0.429526
12590 0.46703
12591 0.47622
12592 0.702877
12593 0.140282
12594 0.210149
12595 0.159221
12596 0.582695
12597 0.507099
12598 0.0340771
12599 0.0423665
12600 0.570168
12601 0.175523
12602 0.843813
12603 0.737576
12604 0.935047
12605 0.885859
12606 0.610808
12607 0.470537
12608 0.718669
12609 0.814561
12610 0.791691
12611 0.305998
12612 0.304638
12613 0.536688
12614 0.244783
12615 0.700537
12616 0.483537
12617 0.462983
12618 0.645605
12619 0.292863
12620 0.910075
12621 0.424971
12622 0.548075
12623 0.708192
12624 0.521672
12625 0.715897
12626 0.720529
12627 0.795507
12628 0.715563
12629 0.207287
12630 0.736764
12631 0.707894
12632 0.530904
12633 0.708093
12634 0.90156
12635 0.851298
12636 0.806704
12637 0.717911
12638 0.22224
12639 0.552685
12640 0.746013
12641 0.465765
12642 0.394868
12643 0.704641
12644 0.741309
12645 0.495662
12646 0.682446
12647 0.680315
12648 0.583791
12649 0.285393
12650 0.851056
12651 0.851543
12652 0.942049
12653 0.833816
12654 0.778833
12655 0.53921
12656 0.535428
12657 0.610263
12658 0.591117
12659 0.534573
12660 0.399088
12661 0.879683
12662 0.840971
12663 0.94201
12664 0.879868
12665 0.690205
12666 0.470415
12667 0.584429
12668 0.578746
12669 0.719686
12670 0.854786
12671 0.563057
12672 0.931144
12673 0.940961
12674 0.932493
12675 0.888669
12676 0.407683
12677 0.376675
12678 0.800996
12679 0.849475
12680 0.88329
12681 0.448056
12682 0.737546
12683 0.854115
12684 0.818144
12685 0.617395
12686 0.803466
12687 0.37247
12688 0.94629
12689 0.853642
12690 0.517567
12691 0.726905
12692 0.0395865
12693 0.774289
12694 0.871674
12695 0.579099
12696 0.854311
12697 0.630638
12698 0.750181
12699 0.904694
12700 0.751034
12701 0.580239
12702 0.602869
12703 0.291926
12704 0.708087
12705 0.691904
12706 0.467838
12707 0.482298
12708 0.280088
12709 0.816346
12710 0.737883
12711 0.887386
12712 0.842706
12713 0.449399
12714 0.210415
12715 0.68302
12716 0.651886
12717 0.688763
12718 0.850961
12719 0.673648
12720 0.399704
12721 0.533191
12722 0.482036
12723 0.315441
12724 0.830452
12725 0.569728
12726 0.29967
12727 0.893324
12728 0.565024
12729 0.53662
12730 0.70476
12731 0.860507
12732 0.644355
12733 0.919594
12734 0.731391
12735 0.558359
12736 0.90896
12737 0.573539
12738 0.532332
12739 0.70785
12740 0.61749
12741 0.689094
12742 0.948946
12743 0.80116
12744 0.800315
12745 0.606649
12746 0.642476
12747 0.94363
12748 0.593944
12749 0.878234
12750 0.922545
12751 0.882223
12752 0.716697
12753 0.705482
12754 0.271958
12755 0.277102
12756 0.899665
12757 0.602576
12758 0.893297
12759 0.921529
12760 0.573305
12761 0.223888
12762 0.244324
12763 0.129264
12764 0.450709
12765 0.31397
12766 0.238155
12767 0.441209
12768 0.162126
12769 0.474015
12770 0.193386
12771 0.512169
12772 0.424963
12773 0.698405
12774 0.481257
12775 0.647772
12776 0.859804
12777 0.484791
12778 0.521892
12779 0.30421
12780 0.547784
12781 0.910769
12782 0.403449
12783 0.716485
12784 0.9426
12785 0.284262
12786 0.541432
12787 0.85813
12788 0.750219
12789 0.58334
12790 0.0613295
12791 0.662052
12792 0.296939
12793 0.381966
12794 0.796904
12795 0.525331
12796 0.804488
12797 0.90125
12798 0.659416
12799 0.181472
12800 0.5224
12801 0.61974
12802 0.438999
12803 0.671254
12804 0.483863
12805 0.787717
12806 0.610888
12807 0.582821
12808 0.7371
12809 0.437444
12810 0.496627
12811 0.651345
12812 0.329858
12813 0.977934
12814 0.71205
12815 0.558139
12816 0.659326
12817 0.777728
12818 0.570273
12819 0.594371
12820 0.871037
12821 0.592754
12822 0.664609
12823 0.636493
12824 0.504681
12825 0.822924
12826 0.55441
12827 0.392022
12828 0.62062
12829 0.86238
12830 0.744859
12831 0.966857
12832 0.874543
12833 0.547248
12834 0.310261
12835 0.828738
12836 0.767726
12837 0.123068
12838 0.0545545
12839 0.255305
12840 0.787066
12841 0.775515
12842 0.712783
12843 0.049268
12844 0.837768
12845 0.856733
12846 0.803056
12847 0.819713
12848 0.647308
12849 0.53184
12850 0.453968
12851 0.139293
12852 0.22438
12853 0.819287
12854 0.0336877
12855 0.612503
12856 0.0132162
12857 0.44631
12858 0.661034
12859 0.25204
12860 0.185933
12861 0.740953
12862 0.726332
12863 0.760527
12864 0.812734
12865 0.743719
12866 0.761212
12867 0.26316
12868 0.481864
12869 0.693708
12870 0.678254
12871 0.725109
12872 0.521059
12873 0.898415
12874 0.825836
12875 0.500365
12876 0.853838
12877 0.840041
12878 0.834458
12879 0.835965
12880 0.777179
12881 0.850651
12882 0.887876
12883 0.859851
12884 0.546453
12885 0.692133
12886 0.81596
12887 0.553314
12888 0.889289
12889 0.60983
12890 0.545208
12891 0.671544
12892 0.576087
12893 0.865465
12894 0.77472
12895 0.725757
12896 0.866615
12897 0.395903
12898 0.920497
12899 0.445499
12900 0.831028
12901 0.712699
12902 0.66582
12903 0.848607
12904 0.502856
12905 0.796233
12906 0.870041
12907 0.567379
12908 0.886048
12909 0.666483
12910 0.602066
12911 0.74036
12912 0.797643
12913 0.600115
12914 0.827421
12915 0.826441
12916 0.815311
12917 0.648554
12918 0.650984
12919 0.481544
12920 0.663064
12921 0.617471
12922 0.859063
12923 0.43056
12924 0.916733
12925 0.759062
12926 0.750782
12927 0.66539
12928 0.746083
12929 0.86385
12930 0.695471
12931 0.577967
12932 0.752731
12933 0.551673
12934 0.547167
12935 0.773577
12936 0.700228
12937 0.690259
12938 0.933782
12939 0.0617173
12940 0.465114
12941 0.537296
12942 0.0662081
12943 0.0587953
12944 0.574514
12945 0.129652
12946 0.861762
12947 0.752248
12948 0.465273
12949 0.736922
12950 0.576486
12951 0.250993
12952 0.104596
12953 0.401617
12954 0.141565
12955 0.577936
12956 0.448348
12957 0.168009
12958 0.562694
12959 0.136074
12960 0.408532
12961 0.324199
12962 0.543647
12963 0.395308
12964 0.460337
12965 0.709805
12966 0.593757
12967 0.595617
12968 0.205821
12969 0.204962
12970 0.628933
12971 0.286525
12972 0.477574
12973 0.484855
12974 0.124417
12975 0.352068
12976 0.295312
12977 0.104503
12978 0.266792
12979 0.426433
12980 0.487057
12981 0.763193
12982 0.402079
12983 0.159372
12984 0.10513
12985 0.546037
12986 0.267995
12987 0.702282
12988 0.294107
12989 0.151234
12990 0.788508
12991 0.956362
12992 0.882322
12993 0.466816
12994 0.863408
12995 0.806979
12996 0.794411
12997 0.609364
12998 0.579552
12999 0.74656
13000 0.739722
13001 0.78275
13002 0.731741
13003 0.828425
13004 0.640167
13005 0.802657
13006 0.687906
13007 0.827564
13008 0.822402
13009 0.9002
13010 0.940958
13011 0.855551
13012 0.756265
13013 0.815536
13014 0.844483
13015 0.787367
13016 0.732067
13017 0.657759
13018 0.861331
13019 0.667068
13020 0.751282
13021 0.675099
13022 0.830315
13023 0.821955
13024 0.3484
13025 0.128972
13026 0.321461
13027 0.714455
13028 0.582723
13029 0.843592
13030 0.396249
13031 0.439649
13032 0.556365
13033 0.317551
13034 0.518318
13035 0.457114
13036 0.395696
13037 0.587756
13038 0.445712
13039 0.7252
13040 0.910392
13041 0.578035
13042 0.643004
13043 0.620142
13044 0.609474
13045 0.535223
13046 0.654982
13047 0.837041
13048 0.475049
13049 0.599305
13050 0.484106
13051 0.60758
13052 0.591683
13053 0.724368
13054 0.865595
13055 0.667864
13056 0.605173
13057 0.687748
13058 0.618484
13059 0.640933
13060 0.657965
13061 0.840901
13062 0.690534
13063 0.63536
13064 0.704686
13065 0.457761
13066 0.538831
13067 0.622113
13068 0.725
13069 0.749229
13070 0.605065
13071 0.574003
13072 0.717436
13073 0.668729
13074 0.542008
13075 0.780866
13076 0.652246
13077 0.795571
13078 0.399746
13079 0.56358
13080 0.593537
13081 0.817993
13082 0.203334
13083 0.493201
13084 0.454845
13085 0.212449
13086 0.390521
13087 0.145069
13088 0.0652384
13089 0.0756399
13090 0.38123
13091 0.39228
13092 0.649059
13093 0.540731
13094 0.530892
13095 0.0539428
13096 0.125896
13097 0.613225
13098 0.701389
13099 0.720205
13100 0.618872
13101 0.308749
13102 0.553657
13103 0.406346
13104 0.752746
13105 0.609467
13106 0.452849
13107 0.595252
13108 0.459323
13109 0.551208
13110 0.474105
13111 0.604153
13112 0.497699
13113 0.480856
13114 0.596433
13115 0.337417
13116 0.351807
13117 0.601615
13118 0.776833
13119 0.519259
13120 0.747076
13121 0.662187
13122 0.740763
13123 0.360959
13124 0.721984
13125 0.778299
13126 0.488356
13127 0.546842
13128 0.390051
13129 0.780009
13130 0.785618
13131 0.133202
13132 0.749393
13133 0.749142
13134 0.196529
13135 0.598791
13136 0.939098
13137 0.777306
13138 0.726175
13139 0.632722
13140 0.603322
13141 0.756216
13142 0.74316
13143 0.681737
13144 0.645242
13145 0.700945
13146 0.76692
13147 0.600574
13148 0.367598
13149 0.626335
13150 0.556779
13151 0.852797
13152 0.744291
13153 0.474813
13154 0.487832
13155 0.640306
13156 0.762716
13157 0.391861
13158 0.660963
13159 0.645904
13160 0.803193
13161 0.788438
13162 0.628318
13163 0.509431
13164 0.513428
13165 0.294263
13166 0.543549
13167 0.783036
13168 0.432298
13169 0.638297
13170 0.376178
13171 0.352259
13172 0.32978
13173 0.876653
13174 0.670139
13175 0.710018
13176 0.553697
13177 0.688828
13178 0.587358
13179 0.592568
13180 0.735121
13181 0.566002
13182 0.426843
13183 0.862698
13184 0.52097
13185 0.463684
13186 0.457819
13187 0.409598
13188 0.473175
13189 0.555091
13190 0.361828
13191 0.556631
13192 0.540214
13193 0.671233
13194 0.692087
13195 0.558418
13196 0.470859
13197 0.568605
13198 0.454842
13199 0.883776
13200 0.610804
13201 0.568036
13202 0.500164
13203 0.348618
13204 0.202056
13205 0.747338
13206 0.482985
13207 0.692817
13208 0.49816
13209 0.661737
13210 0.622488
13211 0.518798
13212 0.241203
13213 0.400039
13214 0.530826
13215 0.775941
13216 0.769745
13217 0.761345
13218 0.558431
13219 0.406159
13220 0.522102
13221 0.55181
13222 0.439467
13223 0.522578
13224 0.620381
13225 0.672735
13226 0.690861
13227 0.63692
13228 0.329563
13229 0.606792
13230 0.75508
13231 0.818433
13232 0.915732
13233 0.633287
13234 0.968557
13235 0.504331
13236 0.876874
13237 0.389462
13238 0.731156
13239 0.68055
13240 0.621252
13241 0.669286
13242 0.847797
13243 0.950727
13244 0.727343
13245 0.333485
13246 0.621027
13247 0.621931
13248 0.818728
13249 0.63125
13250 0.942999
13251 0.891741
13252 0.849035
13253 0.92414
13254 0.88895
13255 0.607881
13256 0.775435
13257 0.774826
13258 0.908131
13259 0.696466
13260 0.549753
13261 0.590873
13262 0.963252
13263 0.55777
13264 0.703467
13265 0.739704
13266 0.502051
13267 0.571734
13268 0.501671
13269 0.935214
13270 0.525994
13271 0.742882
13272 0.84844
13273 0.943753
13274 0.620239
13275 0.72971
13276 0.899139
13277 0.839497
13278 0.428417
13279 0.676815
13280 0.594129
13281 0.734313
13282 0.891043
13283 0.415021
13284 0.968312
13285 0.48516
13286 0.525245
13287 0.882788
13288 0.671845
13289 0.836553
13290 0.933299
13291 0.504017
13292 0.641651
13293 0.656928
13294 0.827218
13295 0.730655
13296 0.84608
13297 0.800664
13298 0.874161
13299 0.56089
13300 0.781143
13301 0.356521
13302 0.693353
13303 0.586054
13304 0.537299
13305 0.703113
13306 0.531584
13307 0.50976
13308 0.448661
13309 0.517996
13310 0.656396
13311 0.918023
13312 0.441606
13313 0.68354
13314 0.673199
13315 0.554299
13316 0.839983
13317 0.944484
13318 0.90229
13319 0.588737
13320 0.401986
13321 0.612547
13322 0.448456
13323 0.803108
13324 0.870348
13325 0.941128
13326 0.858057
13327 0.819071
13328 0.303159
13329 0.621917
13330 0.845001
13331 0.381672
13332 0.670851
13333 0.670603
13334 0.313643
13335 0.144932
13336 0.329304
13337 0.206398
13338 0.352153
13339 0.387388
13340 0.608791
13341 0.387039
13342 0.455138
13343 0.517338
13344 0.485103
13345 0.762767
13346 0.72485
13347 0.488316
13348 0.417537
13349 0.685117
13350 0.798925
13351 0.358975
13352 0.412476
13353 0.365459
13354 0.422386
13355 0.741717
13356 0.916808
13357 0.725175
13358 0.705744
13359 0.425462
13360 0.51321
13361 0.818875
13362 0.91742
13363 0.353695
13364 0.772504
13365 0.806272
13366 0.369669
13367 0.746007
13368 0.762471
13369 0.398653
13370 0.717645
13371 0.210328
13372 0.907035
13373 0.599172
13374 0.49091
13375 0.633184
13376 0.671845
13377 0.332803
13378 0.450471
13379 0.563604
13380 0.36504
13381 0.600504
13382 0.370583
13383 0.389311
13384 0.348857
13385 0.420659
13386 0.347839
13387 0.392295
13388 0.88973
13389 0.680571
13390 0.806865
13391 0.574212
13392 0.82857
13393 0.741968
13394 0.90958
13395 0.769531
13396 0.435927
13397 0.511701
13398 0.613576
13399 0.567077
13400 0.709441
13401 0.375191
13402 0.603065
13403 0.577455
13404 0.408892
13405 0.591036
13406 0.410488
13407 0.62421
13408 0.465775
13409 0.558744
13410 0.462947
13411 0.823215
13412 0.377842
13413 0.747227
13414 0.525906
13415 0.718169
13416 0.329612
13417 0.633973
13418 0.260667
13419 0.390004
13420 0.805297
13421 0.670727
13422 0.392963
13423 0.807269
13424 0.362373
13425 0.627988
13426 0.084546
13427 0.646448
13428 0.748408
13429 0.680197
13430 0.353155
13431 0.405358
13432 0.372174
13433 0.66399
13434 0.79895
13435 0.37649
13436 0.819292
13437 0.551749
13438 0.809193
13439 0.765643
13440 0.319571
13441 0.466177
13442 0.751417
13443 0.721582
13444 0.585518
13445 0.39513
13446 0.383559
13447 0.369445
13448 0.381159
13449 0.418955
13450 0.891379
13451 0.153953
13452 0.562207
13453 0.667598
13454 0.457759
13455 0.38193
13456 0.372371
13457 0.351636
13458 0.25835
13459 0.421343
13460 0.125971
13461 0.0965633
13462 0.188619
13463 0.75394
13464 0.359794
13465 0.194561
13466 0.486052
13467 0.537154
13468 0.459786
13469 0.802414
13470 0.685252
13471 0.741983
13472 0.708114
13473 0.630237
13474 0.828757
13475 0.69872
13476 0.578267
13477 0.32748
13478 0.360287
13479 0.721364
13480 0.651799
13481 0.648528
13482 0.424302
13483 0.566418
13484 0.392499
13485 0.61451
13486 0.770438
13487 0.846313
13488 0.579492
13489 0.580002
13490 0.606226
13491 0.226955
13492 0.737077
13493 0.699044
13494 0.369963
13495 0.623879
13496 0.52886
13497 0.353962
13498 0.686356
13499 0.233069
13500 0.752303
13501 0.830387
13502 0.744432
13503 0.722948
13504 0.872235
13505 0.712959
13506 0.724669
13507 0.783088
13508 0.451094
13509 0.881671
13510 0.779828
13511 0.728315
13512 0.474905
13513 0.609901
13514 0.609147
13515 0.656006
13516 0.631897
13517 0.62272
13518 0.901026
13519 0.483028
13520 0.580302
13521 0.920163
13522 0.647075
13523 0.523039
13524 0.481723
13525 0.555059
13526 0.647411
13527 0.390161
13528 0.5054
13529 0.639637
13530 0.680897
13531 0.497636
13532 0.460834
13533 0.497066
13534 0.447045
13535 0.703217
13536 0.293628
13537 0.668802
13538 0.516643
13539 0.819301
13540 0.851964
13541 0.531736
13542 0.909671
13543 0.493815
13544 0.788698
13545 0.608413
13546 0.654467
13547 0.526844
13548 0.891351
13549 0.842611
13550 0.755622
13551 0.65832
13552 0.721628
13553 0.699964
13554 0.736693
13555 0.666059
13556 0.870219
13557 0.80906
13558 0.704852
13559 0.48196
13560 0.350523
13561 0.357293
13562 0.743491
13563 0.624045
13564 0.320144
13565 0.570215
13566 0.733551
13567 0.381578
13568 0.343009
13569 0.371544
13570 0.363907
13571 0.63277
13572 0.800934
13573 0.678477
13574 0.840101
13575 0.833998
13576 0.762762
13577 0.600237
13578 0.516419
13579 0.723358
13580 0.473251
13581 0.573101
13582 0.386002
13583 0.700341
13584 0.556493
13585 0.55923
13586 0.676767
13587 0.637214
13588 0.482871
13589 0.376151
13590 0.370981
13591 0.79688
13592 0.33809
13593 0.367779
13594 0.402339
13595 0.939872
13596 0.369597
13597 0.737805
13598 0.703528
13599 0.732479
13600 0.354184
13601 0.666295
13602 0.298807
13603 0.585824
13604 0.511792
13605 0.511227
13606 0.451517
13607 0.485318
13608 0.817168
13609 0.638954
13610 0.726784
13611 0.774217
13612 0.822726
13613 0.79783
13614 0.818976
13615 0.370608
13616 0.686466
13617 0.369407
13618 0.375092
13619 0.348351
13620 0.603042
13621 0.695193
13622 0.596346
13623 0.267996
13624 0.53992
13625 0.671134
13626 0.416133
13627 0.676237
13628 0.847032
13629 0.430617
13630 0.603754
13631 0.568445
13632 0.817358
13633 0.501865
13634 0.757387
13635 0.550374
13636 0.627149
13637 0.83962
13638 0.664037
13639 0.532755
13640 0.84493
13641 0.608274
13642 0.596062
13643 0.447002
13644 0.456063
13645 0.688022
13646 0.655741
13647 0.829298
13648 0.797832
13649 0.639002
13650 0.766692
13651 0.730236
13652 0.526546
13653 0.763403
13654 0.534493
13655 0.572553
13656 0.621755
13657 0.629718
13658 0.6006
13659 0.542255
13660 0.546256
13661 0.880221
13662 0.709533
13663 0.77733
13664 0.570127
13665 0.664423
13666 0.59681
13667 0.86787
13668 0.895179
13669 0.502911
13670 0.523133
13671 0.658558
13672 0.679977
13673 0.470559
13674 0.734127
13675 0.838146
13676 0.611441
13677 0.633911
13678 0.707541
13679 0.720536
13680 0.646668
13681 0.586781
13682 0.541635
13683 0.63632
13684 0.605854
13685 0.489257
13686 0.710751
13687 0.95076
13688 0.789549
13689 0.562758
13690 0.589365
13691 0.453238
13692 0.666114
13693 0.538205
13694 0.497192
13695 0.829834
13696 0.640163
13697 0.663599
13698 0.742928
13699 0.514913
13700 0.603307
13701 0.812061
13702 0.658575
13703 0.553734
13704 0.677331
13705 0.502564
13706 0.846456
13707 0.666728
13708 0.58999
13709 0.739225
13710 0.805743
13711 0.623969
13712 0.832382
13713 0.633821
13714 0.551552
13715 0.820976
13716 0.699966
13717 0.808302
13718 0.875294
13719 0.688244
13720 0.674134
13721 0.564674
13722 0.665068
13723 0.537633
13724 0.649387
13725 0.812503
13726 0.75869
13727 0.719593
13728 0.22877
13729 0.445799
13730 0.636001
13731 0.594455
13732 0.621534
13733 0.486786
13734 0.663658
13735 0.838471
13736 0.635773
13737 0.530975
13738 0.687603
13739 0.553608
13740 0.652609
13741 0.644989
13742 0.698941
13743 0.880319
13744 0.66923
13745 0.55177
13746 0.697356
13747 0.646623
13748 0.714547
13749 0.575512
13750 0.54412
13751 0.836272
13752 0.55073
13753 0.532632
13754 0.668499
13755 0.660009
13756 0.687199
13757 0.673388
13758 0.671895
13759 0.563811
13760 0.847371
13761 0.826816
13762 0.687935
13763 0.803465
13764 0.703309
13765 0.578458
13766 0.532582
13767 0.431912
13768 0.42745
13769 0.462986
13770 0.73823
13771 0.533625
13772 0.613632
13773 0.360953
13774 0.837204
13775 0.658825
13776 0.631499
13777 0.480907
13778 0.68288
13779 0.471059
13780 0.689418
13781 0.50556
13782 0.754314
13783 0.807036
13784 0.504918
13785 0.438532
13786 0.833518
13787 0.401125
13788 0.537931
13789 0.541047
13790 0.762297
13791 0.538908
13792 0.610484
13793 0.352717
13794 0.39425
13795 0.557241
13796 0.903769
13797 0.476491
13798 0.797708
13799 0.271109
13800 0.579085
13801 0.456759
13802 0.85007
13803 0.877051
13804 0.353638
13805 0.766008
13806 0.411929
13807 0.662047
13808 0.351998
13809 0.765679
13810 0.644516
13811 0.418684
13812 0.386118
13813 0.0984355
13814 0.765571
13815 0.377939
13816 0.703291
13817 0.622434
13818 0.69644
13819 0.682321
13820 0.414104
13821 0.586805
13822 0.903143
13823 0.487448
13824 0.580403
13825 0.533796
13826 0.507508
13827 0.572927
13828 0.950721
13829 0.839358
13830 0.575863
13831 0.844303
13832 0.721805
13833 0.538713
13834 0.267689
13835 0.648805
13836 0.579741
13837 0.327949
13838 0.489908
13839 0.532424
13840 0.854478
13841 0.456452
13842 0.6092
13843 0.508297
13844 0.231199
13845 0.498365
13846 0.564731
13847 0.787176
13848 0.413676
13849 0.643493
13850 0.559224
13851 0.700919
13852 0.327245
13853 0.71438
13854 0.872428
13855 0.641969
13856 0.665212
13857 0.525333
13858 0.62245
13859 0.577738
13860 0.524308
13861 0.437416
13862 0.307546
13863 0.712184
13864 0.787527
13865 0.673415
13866 0.545956
13867 0.506295
13868 0.624455
13869 0.772429
13870 0.664907
13871 0.797799
13872 0.431291
13873 0.942262
13874 0.569422
13875 0.493054
13876 0.552953
13877 0.764835
13878 0.808727
13879 0.4349
13880 0.734108
13881 0.58208
13882 0.468418
13883 0.663371
13884 0.797914
13885 0.47346
13886 0.648866
13887 0.599528
13888 0.690649
13889 0.619804
13890 0.561521
13891 0.544126
13892 0.620733
13893 0.486106
13894 0.55554
13895 0.632939
13896 0.626088
13897 0.634277
13898 0.677773
13899 0.602067
13900 0.40524
13901 0.699303
13902 0.781747
13903 0.795062
13904 0.435135
13905 0.793135
13906 0.76903
13907 0.739314
13908 0.634378
13909 0.605442
13910 0.929726
13911 0.777886
13912 0.528395
13913 0.607377
13914 0.944652
13915 0.617778
13916 0.538162
13917 0.667378
13918 0.451667
13919 0.830212
13920 0.6016
13921 0.570158
13922 0.875249
13923 0.500082
13924 0.555159
13925 0.792499
13926 0.60727
13927 0.595739
13928 0.643474
13929 0.61696
13930 0.744288
13931 0.657203
13932 0.476971
13933 0.756947
13934 0.790652
13935 0.927175
13936 0.635032
13937 0.754602
13938 0.537142
13939 0.504526
13940 0.699792
13941 0.464727
13942 0.398629
13943 0.786837
13944 0.316872
13945 0.506664
13946 0.53799
13947 0.587897
13948 0.362934
13949 0.502158
13950 0.756355
13951 0.40819
13952 0.555196
13953 0.541573
13954 0.615625
13955 0.594583
13956 0.608502
13957 0.856374
13958 0.506566
13959 0.780652
13960 0.723333
13961 0.454932
13962 0.693447
13963 0.624827
13964 0.492306
13965 0.572138
13966 0.554856
13967 0.616305
13968 0.591891
13969 0.84328
13970 0.677669
13971 0.498947
13972 0.613369
13973 0.559959
13974 0.669034
13975 0.653509
13976 0.689121
13977 0.661195
13978 0.690617
13979 0.670117
13980 0.389323
13981 0.529394
13982 0.498221
13983 0.359102
13984 0.632797
13985 0.657277
13986 0.673835
13987 0.803161
13988 0.52774
13989 0.5864
13990 0.297954
13991 0.382098
13992 0.705569
13993 0.725995
13994 0.412658
13995 0.745705
13996 0.772588
13997 0.867361
13998 0.774542
13999 0.875559
14000 0.645688
14001 0.533257
14002 0.820835
14003 0.742459
14004 0.469455
14005 0.506709
14006 0.650036
14007 0.764428
14008 0.662906
14009 0.476742
14010 0.64814
14011 0.433482
14012 0.250755
14013 0.333881
14014 0.798385
14015 0.597656
14016 0.252522
14017 0.634438
14018 0.442854
14019 0.501899
14020 0.336953
14021 0.651706
14022 0.67826
14023 0.777635
14024 0.613989
14025 0.668146
14026 0.81104
14027 0.518049
14028 0.323198
14029 0.636874
14030 0.257828
14031 0.574876
14032 0.716736
14033 0.632191
14034 0.399653
14035 0.57946
14036 0.511052
14037 0.755842
14038 0.352279
14039 0.417628
14040 0.320241
14041 0.792678
14042 0.154179
14043 0.37824
14044 0.748895
14045 0.348069
14046 0.541792
14047 0.570208
14048 0.44993
14049 0.586102
14050 0.470092
14051 0.719319
14052 0.467965
14053 0.663171
14054 0.572786
14055 0.384656
14056 0.628904
14057 0.460316
14058 0.439183
14059 0.458957
14060 0.599269
14061 0.596289
14062 0.924168
14063 0.657379
14064 0.835933
14065 0.534273
14066 0.649828
14067 0.593286
14068 0.557363
14069 0.54426
14070 0.46783
14071 0.48693
14072 0.646714
14073 0.716621
14074 0.59637
14075 0.73551
14076 0.480634
14077 0.730645
14078 0.836178
14079 0.658557
14080 0.781103
14081 0.643778
14082 0.769965
14083 0.528955
14084 0.691549
14085 0.562169
14086 0.844166
14087 0.886312
14088 0.620287
14089 0.854833
14090 0.572464
14091 0.604961
14092 0.670125
14093 0.613766
14094 0.739564
14095 0.829698
14096 0.508523
14097 0.650498
14098 0.741578
14099 0.771863
14100 0.493282
14101 0.64892
14102 0.827008
14103 0.49971
14104 0.440595
14105 0.743378
14106 0.815191
14107 0.605378
14108 0.946309
14109 0.734782
14110 0.580568
14111 0.515332
14112 0.639777
14113 0.537722
14114 0.662547
14115 0.621448
14116 0.684657
14117 0.701368
14118 0.739738
14119 0.677285
14120 0.403342
14121 0.391421
14122 0.633275
14123 0.38048
14124 0.717812
14125 0.838312
14126 0.784342
14127 0.600912
14128 0.385606
14129 0.389472
14130 0.830229
14131 0.681084
14132 0.678012
14133 0.862698
14134 0.682723
14135 0.862761
14136 0.613064
14137 0.562156
14138 0.627621
14139 0.556383
14140 0.498687
14141 0.655646
14142 0.688995
14143 0.804703
14144 0.705459
14145 0.470575
14146 0.691372
14147 0.447157
14148 0.546496
14149 0.736505
14150 0.777276
14151 0.56781
14152 0.495461
14153 0.708804
14154 0.266576
14155 0.514638
14156 0.711064
14157 0.735148
14158 0.623272
14159 0.562302
14160 0.609268
14161 0.594527
14162 0.400999
14163 0.641363
14164 0.544273
14165 0.700715
14166 0.543361
14167 0.838302
14168 0.544176
14169 0.764241
14170 0.797727
14171 0.637702
14172 0.790759
14173 0.835905
14174 0.775624
14175 0.703877
14176 0.693015
14177 0.528945
14178 0.482792
14179 0.758485
14180 0.833476
14181 0.773339
14182 0.723074
14183 0.787324
14184 0.49334
14185 0.728944
14186 0.561243
14187 0.802286
14188 0.699284
14189 0.675656
14190 0.532218
14191 0.449714
14192 0.680318
14193 0.830111
14194 0.655682
14195 0.92145
14196 0.690843
14197 0.509667
14198 0.812497
14199 0.662115
14200 0.792727
14201 0.849271
14202 0.484538
14203 0.548585
14204 0.569454
14205 0.651743
14206 0.242324
14207 0.551515
14208 0.668265
14209 0.794768
14210 0.59758
14211 0.440313
14212 0.745599
14213 0.612041
14214 0.697557
14215 0.698503
14216 0.505357
14217 0.832823
14218 0.890465
14219 0.928168
14220 0.857042
14221 0.547612
14222 0.794874
14223 0.507396
14224 0.813315
14225 0.899473
14226 0.655768
14227 0.572275
14228 0.620335
14229 0.517952
14230 0.682782
14231 0.896763
14232 0.63283
14233 0.525252
14234 0.711282
14235 0.696775
14236 0.616338
14237 0.724423
14238 0.856372
14239 0.4518
14240 0.47678
14241 0.827521
14242 0.880392
14243 0.665385
14244 0.856798
14245 0.787011
14246 0.859755
14247 0.445826
14248 0.849247
14249 0.55261
14250 0.781035
14251 0.665872
14252 0.480832
14253 0.893248
14254 0.743925
14255 0.806503
14256 0.450623
14257 0.521942
14258 0.917546
14259 0.697089
14260 0.582595
14261 0.382848
14262 0.44109
14263 0.834326
14264 0.56357
14265 0.64664
14266 0.693209
14267 0.508126
14268 0.547024
14269 0.445029
14270 0.640539
14271 0.584572
14272 0.42984
14273 0.886204
14274 0.297049
14275 0.392695
14276 0.64795
14277 0.89418
14278 0.31204
14279 0.615951
14280 0.731972
14281 0.644568
14282 0.629363
14283 0.611873
14284 0.706565
14285 0.670273
14286 0.451992
14287 0.350773
14288 0.565603
14289 0.191374
14290 0.703753
14291 0.666339
14292 0.606402
14293 0.697709
14294 0.740272
14295 0.522965
14296 0.324451
14297 0.710232
14298 0.537598
14299 0.793887
14300 0.671761
14301 0.217329
14302 0.375282
14303 0.824921
14304 0.723649
14305 0.861235
14306 0.511355
14307 0.846191
14308 0.597185
14309 0.824386
14310 0.832411
14311 0.63351
14312 0.459559
14313 0.846565
14314 0.622625
14315 0.859672
14316 0.719676
14317 0.481857
14318 0.637389
14319 0.638319
14320 0.741937
14321 0.421194
14322 0.707972
14323 0.539323
14324 0.542903
14325 0.827796
14326 0.487036
14327 0.606822
14328 0.543498
14329 0.532329
14330 0.815742
14331 0.488344
14332 0.641697
14333 0.601435
14334 0.707286
14335 0.49388
14336 0.841885
14337 0.546148
14338 0.718173
14339 0.758604
14340 0.880798
14341 0.548564
14342 0.688394
14343 0.556771
14344 0.507293
14345 0.43462
14346 0.635906
14347 0.736713
14348 0.62882
14349 0.425201
14350 0.600925
14351 0.501844
14352 0.581126
14353 0.670351
14354 0.736512
14355 0.636249
14356 0.616835
14357 0.523124
14358 0.477464
14359 0.600117
14360 0.685146
14361 0.826348
14362 0.826814
14363 0.52074
14364 0.818729
14365 0.513587
14366 0.434879
14367 0.776957
14368 0.443228
14369 0.759627
14370 0.913809
14371 0.79789
14372 0.77382
14373 0.83871
14374 0.472928
14375 0.49473
14376 0.837881
14377 0.345923
14378 0.584159
14379 0.606783
14380 0.607582
14381 0.53114
14382 0.781235
14383 0.76164
14384 0.362763
14385 0.556519
14386 0.578225
14387 0.434026
14388 0.754012
14389 0.636212
14390 0.645797
14391 0.774583
14392 0.563881
14393 0.790231
14394 0.487759
14395 0.647923
14396 0.665861
14397 0.850804
14398 0.736246
14399 0.502691
14400 0.478808
14401 0.694555
14402 0.517473
14403 0.434884
14404 0.566073
14405 0.610921
14406 0.700463
14407 0.506687
14408 0.46516
14409 0.525118
14410 0.587234
14411 0.8455
14412 0.786346
14413 0.629966
14414 0.528214
14415 0.815501
14416 0.694511
14417 0.690328
14418 0.878305
14419 0.34634
14420 0.525016
14421 0.58801
14422 0.352142
14423 0.665021
14424 0.52285
14425 0.856539
14426 0.716948
14427 0.644597
14428 0.689673
14429 0.738089
14430 0.616804
14431 0.531023
14432 0.665635
14433 0.776836
14434 0.886532
14435 0.752955
14436 0.609411
14437 0.67302
14438 0.797461
14439 0.597495
14440 0.419191
14441 0.684336
14442 0.689466
14443 0.57092
14444 0.588856
14445 0.530559
14446 0.505479
14447 0.715925
14448 0.598765
14449 0.805795
14450 0.609971
14451 0.845453
14452 0.665826
14453 0.567212
14454 0.780965
14455 0.74005
14456 0.62459
14457 0.841487
14458 0.761546
14459 0.531439
14460 0.532983
14461 0.462116
14462 0.675047
14463 0.68554
14464 0.632838
14465 0.647417
14466 0.963209
14467 0.914239
14468 0.527192
14469 0.550831
14470 0.628584
14471 0.468674
14472 0.69891
14473 0.635248
14474 0.537586
14475 0.830369
14476 0.627735
14477 0.866254
14478 0.682497
14479 0.795817
14480 0.817393
14481 0.743605
14482 0.719129
14483 0.563063
14484 0.294113
14485 0.353888
14486 0.890818
14487 0.779147
14488 0.694255
14489 0.742739
14490 0.533903
14491 0.824652
14492 0.612715
14493 0.369925
14494 0.690635
14495 0.353623
14496 0.438869
14497 0.529433
14498 0.574024
14499 0.609719
14500 0.544551
14501 0.306925
14502 0.805123
14503 0.704759
14504 0.719565
14505 0.427784
14506 0.370356
14507 0.377977
14508 0.833714
14509 0.565789
14510 0.47887
14511 0.606963
14512 0.689062
14513 0.747085
14514 0.739764
14515 0.450973
14516 0.703011
14517 0.348764
14518 0.669705
14519 0.624431
14520 0.563415
14521 0.544863
14522 0.652426
14523 0.538745
14524 0.461362
14525 0.739206
14526 0.659218
14527 0.642649
14528 0.629111
14529 0.693616
14530 0.580286
14531 0.58174
14532 0.633103
14533 0.879488
14534 0.721771
14535 0.437252
14536 0.699373
14537 0.610345
14538 0.723995
14539 0.619178
14540 0.888367
14541 0.787403
14542 0.732748
14543 0.718685
14544 0.542778
14545 0.748208
14546 0.755466
14547 0.727185
14548 0.618667
14549 0.469657
14550 0.769861
14551 0.442306
14552 0.546783
14553 0.543577
14554 0.617477
14555 0.743352
14556 0.573702
14557 0.703067
14558 0.529228
14559 0.523091
14560 0.692023
14561 0.695516
14562 0.729973
14563 0.901604
14564 0.597645
14565 0.825344
14566 0.751196
14567 0.844243
14568 0.650914
14569 0.701717
14570 0.802677
14571 0.902673
14572 0.643993
14573 0.690379
14574 0.624526
14575 0.717135
14576 0.65158
14577 0.706132
14578 0.604145
14579 0.819186
14580 0.941756
14581 0.52022
14582 0.558823
14583 0.405995
14584 0.439542
14585 0.478967
14586 0.745005
14587 0.422168
14588 0.761514
14589 0.531091
14590 0.616605
14591 0.532278
14592 0.560513
14593 0.604223
14594 0.511819
14595 0.7611
14596 0.455587
14597 0.610168
14598 0.829918
14599 0.679585
14600 0.545482
14601 0.827389
14602 0.870074
14603 0.430974
14604 0.966332
14605 0.797493
14606 0.348017
14607 0.629992
14608 0.54702
14609 0.957671
14610 0.906668
14611 0.711669
14612 0.780412
14613 0.717579
14614 0.601737
14615 0.63679
14616 0.790248
14617 0.561984
14618 0.564106
14619 0.646005
14620 0.583138
14621 0.677575
14622 0.490279
14623 0.511621
14624 0.54982
14625 0.341394
14626 0.765824
14627 0.69836
14628 0.607846
14629 0.60432
14630 0.488373
14631 0.648994
14632 0.470328
14633 0.647796
14634 0.676829
14635 0.80077
14636 0.665274
14637 0.480854
14638 0.827911
14639 0.656213
14640 0.684305
14641 0.785249
14642 0.633741
14643 0.722754
14644 0.799502
14645 0.647038
14646 0.828475
14647 0.776335
14648 0.804908
14649 0.575569
14650 0.663986
14651 0.82644
14652 0.527662
14653 0.828201
14654 0.469092
14655 0.591424
14656 0.601289
14657 0.556956
14658 0.569045
14659 0.705826
14660 0.614096
14661 0.818887
14662 0.534768
14663 0.489128
14664 0.393039
14665 0.374925
14666 0.631333
14667 0.586127
14668 0.54939
14669 0.575934
14670 0.709174
14671 0.812581
14672 0.742969
14673 0.616598
14674 0.719632
14675 0.753932
14676 0.671081
14677 0.729854
14678 0.47332
14679 0.514734
14680 0.709257
14681 0.747521
14682 0.795543
14683 0.549222
14684 0.616581
14685 0.520416
14686 0.733151
14687 0.589821
14688 0.680932
14689 0.725794
14690 0.664729
14691 0.668048
14692 0.687305
14693 0.504277
14694 0.528899
14695 0.746723
14696 0.629331
14697 0.488199
14698 0.482849
14699 0.765514
14700 0.630964
14701 0.618252
14702 0.621248
14703 0.809049
14704 0.693737
14705 0.589876
14706 0.729236
14707 0.436994
14708 0.615977
14709 0.822141
14710 0.658649
14711 0.304399
14712 0.627199
14713 0.480128
14714 0.499168
14715 0.458594
14716 0.62327
14717 0.677497
14718 0.591716
14719 0.667084
14720 0.335219
14721 0.635716
14722 0.428455
14723 0.776418
14724 0.716649
14725 0.5368
14726 0.61086
14727 0.73093
14728 0.715029
14729 0.52472
14730 0.919941
14731 0.507402
14732 0.815432
14733 0.689423
14734 0.556779
14735 0.729603
14736 0.744428
14737 0.651186
14738 0.749812
14739 0.584989
14740 0.625644
14741 0.356461
14742 0.506328
14743 0.647918
14744 0.578533
14745 0.619339
14746 0.90207
14747 0.805455
14748 0.681088
14749 0.857751
14750 0.709927
14751 0.677443
14752 0.698031
14753 0.476274
14754 0.420328
14755 0.742552
14756 0.77221
14757 0.711084
14758 0.684823
14759 0.585315
14760 0.569784
14761 0.708956
14762 0.661287
14763 0.5329
14764 0.636771
14765 0.461682
14766 0.720355
14767 0.681568
14768 0.863538
14769 0.661399
14770 0.718556
14771 0.676651
14772 0.626962
14773 0.814941
14774 0.664011
14775 0.658402
14776 0.58595
14777 0.734647
14778 0.437532
14779 0.748299
14780 0.517805
14781 0.613234
14782 0.82379
14783 0.525941
14784 0.633147
14785 0.626459
14786 0.304234
14787 0.370209
14788 0.603569
14789 0.455264
14790 0.233329
14791 0.82151
14792 0.356272
14793 0.780908
14794 0.540329
14795 0.551954
14796 0.915691
14797 0.664429
14798 0.783717
14799 0.653115
14800 0.730377
14801 0.688014
14802 0.438506
14803 0.708651
14804 0.770217
14805 0.575026
14806 0.733875
14807 0.669053
14808 0.555322
14809 0.533227
14810 0.61504
14811 0.637849
14812 0.822203
14813 0.606391
14814 0.786817
14815 0.409613
14816 0.612547
14817 0.639744
14818 0.91058
14819 0.627516
14820 0.560395
14821 0.823891
14822 0.672677
14823 0.518276
14824 0.342194
14825 0.554167
14826 0.788928
14827 0.694498
14828 0.666111
14829 0.62764
14830 0.734489
14831 0.767301
14832 0.582417
14833 0.840401
14834 0.598524
14835 0.415366
14836 0.565454
14837 0.632545
14838 0.914005
14839 0.452009
14840 0.683643
14841 0.753653
14842 0.755057
14843 0.498558
14844 0.783124
14845 0.703684
14846 0.638907
14847 0.758882
14848 0.592106
14849 0.776142
14850 0.611769
14851 0.529039
14852 0.620476
14853 0.78883
14854 0.777632
14855 0.515907
14856 0.515693
14857 0.634143
14858 0.290489
14859 0.713523
14860 0.89918
14861 0.492107
14862 0.516338
14863 0.587805
14864 0.598389
14865 0.783077
14866 0.503501
14867 0.541339
14868 0.501266
14869 0.542057
14870 0.693993
14871 0.555278
14872 0.451419
14873 0.644862
14874 0.627126
14875 0.453507
14876 0.695968
14877 0.528695
14878 0.734014
14879 0.736838
14880 0.698229
14881 0.746676
14882 0.88593
14883 0.517374
14884 0.519632
14885 0.671903
14886 0.558882
14887 0.499571
14888 0.626298
14889 0.708404
14890 0.759305
14891 0.635304
14892 0.530083
14893 0.796258
14894 0.609223
14895 0.46006
14896 0.725373
14897 0.273008
14898 0.318216
14899 0.294071
14900 0.697993
14901 0.591802
14902 0.441772
14903 0.440942
14904 0.526117
14905 0.74111
14906 0.620255
14907 0.693655
14908 0.885142
14909 0.667261
14910 0.640065
14911 0.720658
14912 0.69937
14913 0.718276
14914 0.652751
14915 0.611232
14916 0.645657
14917 0.911549
14918 0.56044
14919 0.789085
14920 0.631464
14921 0.677792
14922 0.780748
14923 0.72898
14924 0.666902
14925 0.693259
14926 0.734393
14927 0.894498
14928 0.673353
14929 0.720107
14930 0.903031
14931 0.88529
14932 0.578696
14933 0.591004
14934 0.71027
14935 0.724671
14936 0.650704
14937 0.866286
14938 0.852168
14939 0.818639
14940 0.805958
14941 0.689941
14942 0.763162
14943 0.752039
14944 0.533018
14945 0.913314
14946 0.467347
14947 0.526105
14948 0.405717
14949 0.582393
14950 0.751058
14951 0.820042
14952 0.664162
14953 0.627424
14954 0.555639
14955 0.613714
14956 0.878444
14957 0.485859
14958 0.302174
14959 0.789594
14960 0.634154
14961 0.716706
14962 0.613763
14963 0.687151
14964 0.506681
14965 0.566027
14966 0.623735
14967 0.606853
14968 0.235216
14969 0.642283
14970 0.689497
14971 0.640627
14972 0.583035
14973 0.756105
14974 0.567427
14975 0.520426
14976 0.529286
14977 0.74353
14978 0.362334
14979 0.614821
14980 0.776036
14981 0.820848
14982 0.756033
14983 0.770602
14984 0.626126
14985 0.561167
14986 0.597987
14987 0.503746
14988 0.631392
14989 0.896516
14990 0.559916
14991 0.690288
14992 0.684853
14993 0.795202
14994 0.818513
14995 0.724822
14996 0.866759
14997 0.649016
14998 0.79422
14999 0.687739
15000 0.749814
15001 0.558606
15002 0.745917
15003 0.708113
15004 0.697019
15005 0.762618
15006 0.609264
15007 0.92543
15008 0.886317
15009 0.810782
15010 0.528967
15011 0.677304
15012 0.700576
15013 0.614419
15014 0.750652
15015 0.608494
15016 0.511737
15017 0.46841
15018 0.614439
15019 0.748512
15020 0.761698
15021 0.533664
15022 0.617202
15023 0.45548
15024 0.540048
15025 0.595196
15026 0.699385
15027 0.636168
15028 0.346315
15029 0.617714
15030 0.208889
15031 0.611564
15032 0.351778
15033 0.496396
15034 0.751936
15035 0.723461
15036 0.894838
15037 0.767522
15038 0.491237
15039 0.629246
15040 0.491078
15041 0.682926
15042 0.702854
15043 0.804264
15044 0.464677
15045 0.875451
15046 0.585693
15047 0.813121
15048 0.619948
15049 0.640279
15050 0.808945
15051 0.648317
15052 0.507303
15053 0.773177
15054 0.518552
15055 0.596995
15056 0.769419
15057 0.413876
15058 0.741073
15059 0.455223
15060 0.489012
15061 0.342165
15062 0.728271
15063 0.55647
15064 0.501068
15065 0.946577
15066 0.592807
15067 0.384265
15068 0.593389
15069 0.811042
15070 0.622682
15071 0.277525
15072 0.611275
15073 0.459737
15074 0.5102
15075 0.699412
15076 0.566042
15077 0.485999
15078 0.799183
15079 0.749072
15080 0.87842
15081 0.819416
15082 0.554866
15083 0.695225
15084 0.765518
15085 0.617766
15086 0.780747
15087 0.816524
15088 0.855486
15089 0.603508
15090 0.773774
15091 0.675131
15092 0.563123
15093 0.78052
15094 0.542047
15095 0.710284
15096 0.548697
15097 0.0312735
15098 0.541376
15099 0.557716
15100 0.592061
15101 0.708772
15102 0.54947
15103 0.574579
15104 0.804559
15105 0.58582
15106 0.44865
15107 0.513891
15108 0.812789
15109 0.680093
15110 0.642769
15111 0.437856
15112 0.848279
15113 0.873362
15114 0.647337
15115 0.833753
15116 0.668297
15117 0.416633
15118 0.458987
15119 0.577237
15120 0.379615
15121 0.476498
15122 0.570391
15123 0.489146
15124 0.737095
15125 0.588191
15126 0.791268
15127 0.774025
15128 0.671913
15129 0.785688
15130 0.858192
15131 0.670098
15132 0.721314
15133 0.406505
15134 0.733493
15135 0.668355
15136 0.642768
15137 0.595842
15138 0.29671
15139 0.750796
15140 0.671908
15141 0.502271
15142 0.73132
15143 0.572584
15144 0.542465
15145 0.382719
15146 0.607913
15147 0.394765
15148 0.885143
15149 0.607764
15150 0.677458
15151 0.513884
15152 0.31191
15153 0.502027
15154 0.512792
15155 0.42036
15156 0.445017
15157 0.436819
15158 0.408634
15159 0.549817
15160 0.676845
15161 0.695925
15162 0.791306
15163 0.927696
15164 0.794545
15165 0.379822
15166 0.648937
15167 0.693343
15168 0.597663
15169 0.642787
15170 0.589095
15171 0.618889
15172 0.595829
15173 0.650655
15174 0.598727
15175 0.308225
15176 0.493925
15177 0.41309
15178 0.857098
15179 0.530294
15180 0.559254
15181 0.391013
15182 0.57681
15183 0.628201
15184 0.445826
15185 0.180543
15186 0.490116
15187 0.732413
15188 0.401017
15189 0.534731
15190 0.526135
15191 0.468072
15192 0.472525
15193 0.368726
15194 0.584926
15195 0.754417
15196 0.727969
15197 0.647068
15198 0.738942
15199 0.877462
15200 0.704176
15201 0.583986
15202 0.616404
15203 0.221279
15204 0.678002
15205 0.33798
15206 0.375717
15207 0.0653168
15208 0.690565
15209 0.496587
15210 0.725686
15211 0.379901
15212 0.65366
15213 0.608738
15214 0.32505
15215 0.70186
15216 0.834321
15217 0.27596
15218 0.416158
15219 0.714756
15220 0.473342
15221 0.585862
15222 0.426846
15223 0.284027
15224 0.458906
15225 0.504617
15226 0.650399
15227 0.366255
15228 0.77575
15229 0.838488
15230 0.320834
15231 0.672459
15232 0.481678
15233 0.561223
15234 0.789279
15235 0.660655
15236 0.667363
15237 0.497662
15238 0.60477
15239 0.786558
15240 0.767818
15241 0.775554
15242 0.527861
15243 0.704083
15244 0.644841
15245 0.508451
15246 0.259128
15247 0.372612
15248 0.62733
15249 0.285523
15250 0.464784
15251 0.456148
15252 0.431989
15253 0.52001
15254 0.609666
15255 0.629377
15256 0.479161
15257 0.45132
15258 0.390181
15259 0.377141
15260 0.681338
15261 0.718266
15262 0.591061
15263 0.767677
15264 0.480207
15265 0.440009
15266 0.603083
15267 0.625513
15268 0.742809
15269 0.706984
15270 0.429899
15271 0.467279
15272 0.755741
15273 0.708838
15274 0.586833
15275 0.537694
15276 0.621024
15277 0.72679
15278 0.830954
15279 0.650801
15280 0.755683
15281 0.468142
15282 0.513788
15283 0.730404
15284 0.609954
15285 0.616495
15286 0.572406
15287 0.648228
15288 0.454417
15289 0.712927
15290 0.340797
15291 0.41824
15292 0.565019
15293 0.650959
15294 0.875992
15295 0.421789
15296 0.758436
15297 0.239807
15298 0.438217
15299 0.768503
15300 0.221193
15301 0.796271
15302 0.554522
15303 0.447493
15304 0.651757
15305 0.753952
15306 0.659255
15307 0.881948
15308 0.49974
15309 0.821985
15310 0.540989
15311 0.453588
15312 0.6243
15313 0.623578
15314 0.723908
15315 0.411531
15316 0.404757
15317 0.601837
15318 0.608045
15319 0.813576
15320 0.554087
15321 0.698807
15322 0.368042
15323 0.469791
15324 0.518298
15325 0.502409
15326 0.573152
15327 0.421938
15328 0.573619
15329 0.449192
15330 0.529586
15331 0.601227
15332 0.725573
15333 0.63088
15334 0.705752
15335 0.724803
15336 0.557879
15337 0.565448
15338 0.68362
15339 0.32173
15340 0.299645
15341 0.539105
15342 0.74536
15343 0.748247
15344 0.333163
15345 0.593202
15346 0.557397
15347 0.66866
15348 0.343673
15349 0.527933
15350 0.753059
15351 0.644264
15352 0.906731
15353 0.804341
15354 0.582023
15355 0.100705
15356 0.554555
15357 0.541914
15358 0.671177
15359 0.702271
15360 0.758895
15361 0.521317
15362 0.755654
15363 0.530212
15364 0.632681
15365 0.671051
15366 0.793069
15367 0.649896
15368 0.359257
15369 0.427773
15370 0.724451
15371 0.489636
15372 0.53655
15373 0.436243
15374 0.575997
15375 0.69366
15376 0.559841
15377 0.543869
15378 0.827224
15379 0.650328
15380 0.716683
15381 0.845836
15382 0.816021
15383 0.738517
15384 0.298371
15385 0.471493
15386 0.618917
15387 0.371309
15388 0.717306
15389 0.524407
15390 0.745694
15391 0.661695
15392 0.498435
15393 0.767814
15394 0.837099
15395 0.634007
15396 0.269302
15397 0.666809
15398 0.406265
15399 0.559495
15400 0.708734
15401 0.752158
15402 0.779717
15403 0.582975
15404 0.720257
15405 0.441841
15406 0.503602
15407 0.520794
15408 0.788834
15409 0.621101
15410 0.586676
15411 0.765757
15412 0.801385
15413 0.668113
15414 0.6898
15415 0.666629
15416 0.877557
15417 0.835981
15418 0.613531
15419 0.363278
15420 0.482397
15421 0.421022
15422 0.303357
15423 0.313312
15424 0.583868
15425 0.605837
15426 0.509443
15427 0.758306
15428 0.467187
15429 0.516188
15430 0.615577
15431 0.66293
15432 0.624412
15433 0.471561
15434 0.528938
15435 0.367283
15436 0.562967
15437 0.481369
15438 0.825566
15439 0.510792
15440 0.381488
15441 0.604862
15442 0.863542
15443 0.58508
15444 0.601045
15445 0.811532
15446 0.871429
15447 0.729614
15448 0.816858
15449 0.806761
15450 0.748347
15451 0.540433
15452 0.629053
15453 0.790511
15454 0.745951
15455 0.609354
15456 0.672628
15457 0.635899
15458 0.638204
15459 0.716713
15460 0.606978
15461 0.76765
15462 0.690923
15463 0.765423
15464 0.362655
15465 0.435185
15466 0.572139
15467 0.565883
15468 0.423986
15469 0.657224
15470 0.702982
15471 0.789894
15472 0.329948
15473 0.705647
15474 0.837606
15475 0.621673
15476 0.252942
15477 0.531894
15478 0.378581
15479 0.907972
15480 0.769918
15481 0.822037
15482 0.639415
15483 0.577925
15484 0.830293
15485 0.3923
15486 0.73434
15487 0.820723
15488 0.554814
15489 0.810215
15490 0.843469
15491 0.87428
15492 0.566034
15493 0.681686
15494 0.474078
15495 0.677612
15496 0.717679
15497 0.795468
15498 0.751726
15499 0.736847
15500 0.734668
15501 0.693309
15502 0.797667
15503 0.623897
15504 0.61966
15505 0.768846
15506 0.285412
15507 0.763236
15508 0.692208
15509 0.477612
15510 0.671467
15511 0.67604
15512 0.405513
15513 0.451673
15514 0.472333
15515 0.78883
15516 0.577902
15517 0.64629
15518 0.415198
15519 0.743062
15520 0.495771
15521 0.79235
15522 0.513996
15523 0.587979
15524 0.777075
15525 0.451083
15526 0.246235
15527 0.753993
15528 0.681399
15529 0.603026
15530 0.63359
15531 0.439832
15532 0.699788
15533 0.758042
15534 0.428991
15535 0.711897
15536 0.697437
15537 0.69929
15538 0.381642
15539 0.698492
15540 0.637475
15541 0.344672
15542 0.697321
15543 0.845563
15544 0.833587
15545 0.516365
15546 0.652343
15547 0.334904
15548 0.845292
15549 0.596932
15550 0.568464
15551 0.51875
15552 0.359593
15553 0.841283
15554 0.520058
15555 0.665694
15556 0.768109
15557 0.815706
15558 0.593203
15559 0.256903
15560 0.684283
15561 0.5892
15562 0.668509
15563 0.381322
15564 0.761026
15565 0.551405
15566 0.332097
15567 0.690849
15568 0.362417
15569 0.63088
15570 0.577547
15571 0.340868
15572 0.508252
15573 0.850547
15574 0.323684
15575 0.560373
15576 0.431016
15577 0.765634
15578 0.400895
15579 0.642137
15580 0.671243
15581 0.484204
15582 0.585648
15583 0.605736
15584 0.666287
15585 0.636642
15586 0.74111
15587 0.485894
15588 0.286857
15589 0.33551
15590 0.240969
15591 0.42036
15592 0.623669
15593 0.671969
15594 0.585239
15595 0.60854
15596 0.835208
15597 0.585391
15598 0.664062
15599 0.607607
15600 0.387034
15601 0.642603
15602 0.743819
15603 0.767357
15604 0.525974
15605 0.527624
15606 0.7149
15607 0.55721
15608 0.619915
15609 0.587295
15610 0.81245
15611 0.877028
15612 0.799959
15613 0.635656
15614 0.501282
15615 0.686939
15616 0.932624
15617 0.75922
15618 0.963466
15619 0.860792
15620 0.824104
15621 0.976403
15622 0.891856
15623 0.829955
15624 0.902294
15625 0.444514
15626 0.678758
15627 0.413386
15628 0.549035
15629 0.594085
15630 0.712987
15631 0.888717
15632 0.888124
15633 0.878768
15634 0.788117
15635 0.766944
15636 0.884274
15637 0.874087
15638 0.814996
15639 0.622523
15640 0.664677
15641 0.664912
15642 0.766225
15643 0.752253
15644 0.673863
15645 0.675026
15646 0.62543
15647 0.555653
15648 0.350095
15649 0.642208
15650 0.370858
15651 0.722598
15652 0.746698
15653 0.588479
15654 0.670613
15655 0.88107
15656 0.849066
15657 0.664629
15658 0.878031
15659 0.802336
15660 0.609539
15661 0.809904
15662 0.597089
15663 0.678025
15664 0.651688
15665 0.656466
15666 0.311446
15667 0.593824
15668 0.849675
15669 0.67936
15670 0.675218
15671 0.882692
15672 0.841767
15673 0.834061
15674 0.87056
15675 0.882486
15676 0.881577
15677 0.797538
15678 0.547098
15679 0.847124
15680 0.511685
15681 0.30991
15682 0.561166
15683 0.651275
15684 0.25593
15685 0.440949
15686 0.59345
15687 0.409716
15688 0.368657
15689 0.286384
15690 0.474437
15691 0.438427
15692 0.625673
15693 0.476665
15694 0.429477
15695 0.544692
15696 0.341605
15697 0.512395
15698 0.661617
15699 0.508538
15700 0.0959403
15701 0.224802
15702 0.654705
15703 0.592591
15704 0.564329
15705 0.20776
15706 0.678631
15707 0.318909
15708 0.790504
15709 0.384239
15710 0.189045
15711 0.486443
15712 0.479998
15713 0.10845
15714 0.522155
15715 0.542763
15716 0.221371
15717 0.208549
15718 0.666108
15719 0.469698
15720 0.613504
15721 0.543183
15722 0.614048
15723 0.0406394
15724 0.54673
15725 0.556415
15726 0.874193
15727 0.366105
15728 0.151262
15729 0.118486
15730 0.140868
15731 0.601813
15732 0.564338
15733 0.713913
15734 0.603682
15735 0.224733
15736 0.436009
15737 0.757288
15738 0.483666
15739 0.5619
15740 0.578736
15741 0.24191
15742 0.491351
15743 0.611087
15744 0.657827
15745 0.470636
15746 0.641103
15747 0.582262
15748 0.516953
15749 0.66487
15750 0.430773
15751 0.875705
15752 0.609205
15753 0.903995
15754 0.558191
15755 0.308466
15756 0.54539
15757 0.203226
15758 0.384975
15759 0.191107
15760 0.156942
15761 0.242162
15762 0.155829
15763 0.404165
15764 0.467626
15765 0.321553
15766 0.276534
15767 0.607626
15768 0.1631
15769 0.291741
15770 0.165509
15771 0.165885
15772 0.532893
15773 0.275512
15774 0.481842
15775 0.18234
15776 0.435811
15777 0.439638
15778 0.459699
15779 0.762063
15780 0.201284
15781 0.350856
15782 0.463212
15783 0.79953
15784 0.593354
15785 0.399685
15786 0.421807
15787 0.0546171
15788 0.376415
15789 0.521034
15790 0.46217
15791 0.360128
15792 0.629728
15793 0.2456
15794 0.27989
15795 0.326184
15796 0.4822
15797 0.267988
15798 0.344817
15799 0.135534
15800 0.429757
15801 0.186545
15802 0.289067
15803 0.178328
15804 0.0801658
15805 0.240786
15806 0.186075
15807 0.266222
15808 0.139323
15809 0.541871
15810 0.522327
15811 0.22862
15812 0.229951
15813 0.517721
15814 0.152278
15815 0.537931
15816 0.151685
15817 0.24671
15818 0.181354
15819 0.270201
15820 0.188854
15821 0.23549
15822 0.493427
15823 0.353759
15824 0.573734
15825 0.428081
15826 0.596562
15827 0.363809
15828 0.371784
15829 0.515781
15830 0.581336
15831 0.288603
15832 0.424529
15833 0.360815
15834 0.342859
15835 0.207549
15836 0.344187
15837 0.233905
15838 0.627724
15839 0.86881
15840 0.409021
15841 0.395163
15842 0.263878
15843 0.520803
15844 0.571449
15845 0.271242
15846 0.565025
15847 0.349031
15848 0.361637
15849 0.555224
15850 0.551465
15851 0.952168
15852 0.766412
15853 0.227203
15854 0.554751
15855 0.338407
15856 0.5073
15857 0.24708
15858 0.644506
15859 0.698098
15860 0.453523
15861 0.720781
15862 0.721284
15863 0.717604
15864 0.623046
15865 0.758343
15866 0.700716
15867 0.752673
15868 0.455995
15869 0.734345
15870 0.837781
15871 0.804229
15872 0.603006
15873 0.727277
15874 0.338721
15875 0.634324
15876 0.22328
15877 0.315034
15878 0.472813
15879 0.13236
15880 0.400959
15881 0.511512
15882 0.159093
15883 0.591791
15884 0.278358
15885 0.187979
15886 0.310672
15887 0.159641
15888 0.364952
15889 0.334069
15890 0.45382
15891 0.276161
15892 0.323914
15893 0.226486
15894 0.260673
15895 0.505092
15896 0.588706
15897 0.634208
15898 0.264912
15899 0.497856
15900 0.261027
15901 0.324399
15902 0.325015
15903 0.680206
15904 0.464638
15905 0.433918
15906 0.479808
15907 0.248574
15908 0.492619
15909 0.288187
15910 0.588606
15911 0.568922
15912 0.356078
15913 0.549678
15914 0.284862
15915 0.296634
15916 0.56121
15917 0.139874
15918 0.35833
15919 0.654524
15920 0.428248
15921 0.503873
15922 0.742026
15923 0.435147
15924 0.606425
15925 0.575735
15926 0.668485
15927 0.344049
15928 0.425067
15929 0.527188
15930 0.780843
15931 0.17103
15932 0.522912
15933 0.19894
15934 0.471642
15935 0.476134
15936 0.482917
15937 0.503741
15938 0.571288
15939 0.0392226
15940 0.0395169
15941 0.733327
15942 0.738681
15943 0.276675
15944 0.395241
15945 0.305971
15946 0.806775
15947 0.312258
15948 0.3097
15949 0.257043
15950 0.483641
15951 0.572003
15952 0.529241
15953 0.127308
15954 0.456848
15955 0.467972
15956 0.49459
15957 0.289555
15958 0.471913
15959 0.393454
15960 0.693476
15961 0.170269
15962 0.247803
15963 0.372575
15964 0.660246
15965 0.680915
15966 0.689203
15967 0.649823
15968 0.655174
15969 0.713218
15970 0.634094
15971 0.716731
15972 0.952038
15973 0.945351
15974 0.880619
15975 0.725552
15976 0.934648
15977 0.886832
15978 0.923983
15979 0.883342
15980 0.887007
15981 0.937524
15982 0.70928
15983 0.681786
15984 0.837325
15985 0.701549
15986 0.952806
15987 0.945585
15988 0.949196
15989 0.644144
15990 0.937428
15991 0.677156
15992 0.785159
15993 0.780496
15994 0.715123
15995 0.934304
15996 0.851279
15997 0.888063
15998 0.916652
15999 0.945501
16000 0.777099
16001 0.95815
16002 0.958177
16003 0.860871
16004 0.897573
16005 0.938051
16006 0.936631
16007 0.881797
16008 0.912235
16009 0.915169
16010 0.642844
16011 0.958151
16012 0.935233
16013 0.950468
16014 0.881007
16015 0.959194
16016 0.785174
16017 0.691244
16018 0.971685
16019 0.889569
16020 0.909519
16021 0.779994
16022 0.783133
16023 0.674015
16024 0.747688
16025 0.82838
16026 0.885433
16027 0.746423
16028 0.908482
16029 0.945222
16030 0.943803
16031 0.934877
16032 0.907333
16033 0.660251
16034 0.760329
16035 0.760331
16036 0.934532
16037 0.850873
16038 0.889536
16039 0.67159
16040 0.901522
16041 0.71105
16042 0.945322
16043 0.873232
16044 0.900498
16045 0.920467
16046 0.772137
16047 0.8652
16048 0.877929
16049 0.93692
16050 0.847816
16051 0.928191
16052 0.790836
16053 0.68518
16054 0.721368
16055 0.84403
16056 0.838554
16057 0.864877
16058 0.867329
16059 0.875572
16060 0.90544
16061 0.592235
16062 0.82881
16063 0.88775
16064 0.913253
16065 0.793346
16066 0.58656
16067 0.809151
16068 0.755122
16069 0.836342
16070 0.697286
16071 0.910087
16072 0.816166
16073 0.840435
16074 0.793032
16075 0.795257
16076 0.753927
16077 0.800541
16078 0.670639
16079 0.567635
16080 0.57531
16081 0.786523
16082 0.851858
16083 0.887395
16084 0.624812
16085 0.74609
16086 0.850796
16087 0.59813
16088 0.682599
16089 0.887088
16090 0.839838
16091 0.64196
16092 0.679148
16093 0.662685
16094 0.779182
16095 0.660001
16096 0.679216
16097 0.664597
16098 0.665256
16099 0.631742
16100 0.938501
16101 0.951611
16102 0.944933
16103 0.882134
16104 0.753107
16105 0.881098
16106 0.946954
16107 0.672149
16108 0.635273
16109 0.671628
16110 0.927088
16111 0.940076
16112 0.895798
16113 0.721067
16114 0.960315
16115 0.960773
16116 0.949265
16117 0.951632
16118 0.675456
16119 0.778355
16120 0.674317
16121 0.91556
16122 0.68022
16123 0.920031
16124 0.849073
16125 0.860261
16126 0.932687
16127 0.944527
16128 0.94483
16129 0.868978
16130 0.975229
16131 0.940077
16132 0.927978
16133 0.937624
16134 0.893927
16135 0.934776
16136 0.9408
16137 0.870294
16138 0.857893
16139 0.905766
16140 0.841559
16141 0.938571
16142 0.968527
16143 0.945206
16144 0.873263
16145 0.924937
16146 0.920875
16147 0.918871
16148 0.665797
16149 0.767199
16150 0.660361
16151 0.765926
16152 0.766061
16153 0.843285
16154 0.920709
16155 0.935183
16156 0.68235
16157 0.855437
16158 0.766459
16159 0.660879
16160 0.764564
16161 0.76388
16162 0.960086
16163 0.89013
16164 0.908118
16165 0.81621
16166 0.866064
16167 0.890998
16168 0.702347
16169 0.96181
16170 0.962214
16171 0.90957
16172 0.923023
16173 0.867983
16174 0.943904
16175 0.927585
16176 0.752084
16177 0.894341
16178 0.768746
16179 0.901139
16180 0.965828
16181 0.752853
16182 0.897173
16183 0.897833
16184 0.872057
16185 0.929901
16186 0.927019
16187 0.894159
16188 0.918113
16189 0.963975
16190 0.848963
16191 0.847436
16192 0.706993
16193 0.914132
16194 0.841033
16195 0.843076
16196 0.836518
16197 0.838812
16198 0.784048
16199 0.777078
16200 0.777928
16201 0.569462
16202 0.783554
16203 0.844902
16204 0.74804
16205 0.636219
16206 0.886505
16207 0.85872
16208 0.589592
16209 0.674713
16210 0.893481
16211 0.840461
16212 0.649831
16213 0.698625
16214 0.627234
16215 0.831136
16216 0.760101
16217 0.693029
16218 0.678126
16219 0.70582
16220 0.949145
16221 0.949204
16222 0.756104
16223 0.712224
16224 0.770393
16225 0.950186
16226 0.82222
16227 0.722377
16228 0.770231
16229 0.748856
16230 0.93653
16231 0.702182
16232 0.885365
16233 0.794858
16234 0.684012
16235 0.782827
16236 0.762081
16237 0.946882
16238 0.952898
16239 0.670202
16240 0.607862
16241 0.943895
16242 0.950323
16243 0.761879
16244 0.776572
16245 0.717358
16246 0.950825
16247 0.801281
16248 0.770962
16249 0.935693
16250 0.906999
16251 0.755227
16252 0.84001
16253 0.825225
16254 0.924092
16255 0.885398
16256 0.917196
16257 0.950887
16258 0.797661
16259 0.912514
16260 0.755763
16261 0.935774
16262 0.970248
16263 0.897713
16264 0.922076
16265 0.953994
16266 0.957574
16267 0.784906
16268 0.951165
16269 0.715329
16270 0.785428
16271 0.914982
16272 0.677316
16273 0.835241
16274 0.914817
16275 0.913992
16276 0.814851
16277 0.890577
16278 0.857415
16279 0.976244
16280 0.918568
16281 0.951116
16282 0.892714
16283 0.868766
16284 0.805668
16285 0.911892
16286 0.82412
16287 0.903472
16288 0.568446
16289 0.916756
16290 0.955722
16291 0.962556
16292 0.954097
16293 0.748989
16294 0.697661
16295 0.878151
16296 0.922005
16297 0.752727
16298 0.957679
16299 0.937379
16300 0.957872
16301 0.848362
16302 0.849691
16303 0.856983
16304 0.859407
16305 0.959882
16306 0.96635
16307 0.963613
16308 0.935047
16309 0.8883
16310 0.864037
16311 0.896338
16312 0.897304
16313 0.839861
16314 0.856897
16315 0.855849
16316 0.854184
16317 0.912373
16318 0.909607
16319 0.810635
16320 0.825329
16321 0.836522
16322 0.838745
16323 0.876818
16324 0.742072
16325 0.912778
16326 0.923369
16327 0.871757
16328 0.712085
16329 0.798069
16330 0.924375
16331 0.829765
16332 0.72714
16333 0.846687
16334 0.783948
16335 0.823343
16336 0.740212
16337 0.845797
16338 0.683273
16339 0.76134
16340 0.731017
16341 0.703972
16342 0.892631
16343 0.679651
16344 0.692502
16345 0.713324
16346 0.844106
16347 0.811977
16348 0.757313
16349 0.825334
16350 0.731531
16351 0.964937
16352 0.756187
16353 0.947183
16354 0.770683
16355 0.735855
16356 0.609987
16357 0.785355
16358 0.786426
16359 0.756153
16360 0.688671
16361 0.936804
16362 0.871483
16363 0.959308
16364 0.700799
16365 0.780229
16366 0.849685
16367 0.736847
16368 0.704269
16369 0.929703
16370 0.890382
16371 0.97536
16372 0.757774
16373 0.663922
16374 0.742253
16375 0.682993
16376 0.728808
16377 0.914837
16378 0.728763
16379 0.669972
16380 0.642094
16381 0.772598
16382 0.963187
16383 0.680051
16384 0.913999
16385 0.78621
16386 0.714733
16387 0.716714
16388 0.695198
16389 0.936287
16390 0.886556
16391 0.61499
16392 0.951035
16393 0.82056
16394 0.876275
16395 0.612354
16396 0.743942
16397 0.953128
16398 0.805915
16399 0.954318
16400 0.593235
16401 0.92996
16402 0.936995
16403 0.868683
16404 0.782704
16405 0.935411
16406 0.946682
16407 0.950821
16408 0.730588
16409 0.865747
16410 0.644495
16411 0.947619
16412 0.675493
16413 0.960392
16414 0.975566
16415 0.727536
16416 0.711129
16417 0.588813
16418 0.624453
16419 0.653945
16420 0.77514
16421 0.823047
16422 0.930618
16423 0.93583
16424 0.72498
16425 0.666784
16426 0.935378
16427 0.756287
16428 0.835916
16429 0.768992
16430 0.759639
16431 0.942988
16432 0.86938
16433 0.891119
16434 0.869011
16435 0.92917
16436 0.931565
16437 0.92642
16438 0.951822
16439 0.834884
16440 0.85936
16441 0.947671
16442 0.89286
16443 0.836873
16444 0.921698
16445 0.922998
16446 0.907277
16447 0.703023
16448 0.617055
16449 0.712118
16450 0.699559
16451 0.797478
16452 0.728861
16453 0.712412
16454 0.760239
16455 0.837787
16456 0.791858
16457 0.849936
16458 0.804857
16459 0.813116
16460 0.778799
16461 0.745693
16462 0.808326
16463 0.867813
16464 0.782676
16465 0.692614
16466 0.790692
16467 0.836674
16468 0.864004
16469 0.88677
16470 0.848492
16471 0.977066
16472 0.883857
16473 0.759248
16474 0.82194
16475 0.798339
16476 0.963792
16477 0.985038
16478 0.740733
16479 0.894155
16480 0.735119
16481 0.880528
16482 0.896774
16483 0.756708
16484 0.945478
16485 0.667745
16486 0.66255
16487 0.904322
16488 0.910058
16489 0.755875
16490 0.708514
16491 0.73498
16492 0.935156
16493 0.724721
16494 0.898664
16495 0.601443
16496 0.951281
16497 0.944623
16498 0.912172
16499 0.606185
16500 0.934068
16501 0.953042
16502 0.760419
16503 0.95295
16504 0.609864
16505 0.902881
16506 0.936776
16507 0.932932
16508 0.698926
16509 0.954204
16510 0.708157
16511 0.951787
16512 0.723665
16513 0.925758
16514 0.727796
16515 0.919171
16516 0.940567
16517 0.953319
16518 0.960649
16519 0.654821
16520 0.603129
16521 0.678831
16522 0.720769
16523 0.727336
16524 0.934418
16525 0.950946
16526 0.763682
16527 0.660049
16528 0.732036
16529 0.760302
16530 0.96013
16531 0.9377
16532 0.718323
16533 0.904477
16534 0.905046
16535 0.946643
16536 0.917711
16537 0.949473
16538 0.909181
16539 0.897197
16540 0.90692
16541 0.909636
16542 0.908284
16543 0.8934
16544 0.920322
16545 0.939797
16546 0.933745
16547 0.915755
16548 0.943163
16549 0.735429
16550 0.755325
16551 0.766106
16552 0.777577
16553 0.730704
16554 0.729573
16555 0.764346
16556 0.786799
16557 0.842201
16558 0.794634
16559 0.84891
16560 0.734606
16561 0.758227
16562 0.735137
16563 0.732704
16564 0.823974
16565 0.822194
16566 0.863243
16567 0.941447
16568 0.83333
16569 0.840699
16570 0.981316
16571 0.737352
16572 0.853221
16573 0.794795
16574 0.706035
16575 0.784181
16576 0.873577
16577 0.982091
16578 0.93726
16579 0.839007
16580 0.816945
16581 0.77567
16582 0.880376
16583 0.746059
16584 0.822961
16585 0.736384
16586 0.688546
16587 0.782197
16588 0.900566
16589 0.663573
16590 0.7173
16591 0.677416
16592 0.922115
16593 0.704828
16594 0.611572
16595 0.660629
16596 0.937211
16597 0.871941
16598 0.533075
16599 0.940373
16600 0.935544
16601 0.88983
16602 0.6065
16603 0.719478
16604 0.947264
16605 0.653979
16606 0.954151
16607 0.607974
16608 0.919021
16609 0.929893
16610 0.935316
16611 0.753735
16612 0.936036
16613 0.945804
16614 0.951501
16615 0.715491
16616 0.942745
16617 0.717983
16618 0.916613
16619 0.863804
16620 0.711978
16621 0.940494
16622 0.726783
16623 0.602819
16624 0.736834
16625 0.953483
16626 0.937973
16627 0.959517
16628 0.906256
16629 0.955996
16630 0.745683
16631 0.655576
16632 0.710129
16633 0.762032
16634 0.859706
16635 0.645531
16636 0.733076
16637 0.730866
16638 0.877713
16639 0.941946
16640 0.882328
16641 0.946052
16642 0.91073
16643 0.904099
16644 0.906644
16645 0.696434
16646 0.912715
16647 0.909936
16648 0.908538
16649 0.917536
16650 0.945844
16651 0.889533
16652 0.86549
16653 0.810749
16654 0.741026
16655 0.763139
16656 0.789072
16657 0.851344
16658 0.744658
16659 0.852744
16660 0.697732
16661 0.702963
16662 0.598782
16663 0.912094
16664 0.800501
16665 0.745812
16666 0.766739
16667 0.851414
16668 0.90408
16669 0.839719
16670 0.983321
16671 0.936366
16672 0.843853
16673 0.805436
16674 0.625861
16675 0.956189
16676 0.779104
16677 0.734099
16678 0.801239
16679 0.841724
16680 0.683381
16681 0.977222
16682 0.697543
16683 0.698104
16684 0.876637
16685 0.787711
16686 0.738673
16687 0.929831
16688 0.886972
16689 0.901555
16690 0.59867
16691 0.930478
16692 0.962999
16693 0.675579
16694 0.846294
16695 0.799381
16696 0.824117
16697 0.734292
16698 0.717078
16699 0.904413
16700 0.883062
16701 0.608507
16702 0.941696
16703 0.945731
16704 0.896017
16705 0.612234
16706 0.929541
16707 0.953335
16708 0.811294
16709 0.947646
16710 0.532295
16711 0.874557
16712 0.942646
16713 0.907576
16714 0.858054
16715 0.900603
16716 0.704411
16717 0.951465
16718 0.72153
16719 0.898825
16720 0.794465
16721 0.862478
16722 0.959249
16723 0.946627
16724 0.731945
16725 0.662901
16726 0.617214
16727 0.671861
16728 0.602708
16729 0.679912
16730 0.92873
16731 0.751016
16732 0.955047
16733 0.97902
16734 0.817762
16735 0.666804
16736 0.731632
16737 0.762367
16738 0.953247
16739 0.936439
16740 0.806691
16741 0.795453
16742 0.846853
16743 0.802503
16744 0.811668
16745 0.811342
16746 0.836422
16747 0.7853
16748 0.802004
16749 0.867213
16750 0.950914
16751 0.930407
16752 0.825079
16753 0.927617
16754 0.928562
16755 0.930923
16756 0.927519
16757 0.955476
16758 0.853449
16759 0.919678
16760 0.926579
16761 0.924115
16762 0.963684
16763 0.930278
16764 0.950858
16765 0.902344
16766 0.887627
16767 0.817711
16768 0.812578
16769 0.857158
16770 0.721732
16771 0.840279
16772 0.978825
16773 0.647726
16774 0.652782
16775 0.727407
16776 0.651955
16777 0.872016
16778 0.858551
16779 0.797816
16780 0.921346
16781 0.806381
16782 0.968685
16783 0.734164
16784 0.708093
16785 0.77098
16786 0.750753
16787 0.813897
16788 0.832029
16789 0.613671
16790 0.59912
16791 0.768762
16792 0.729867
16793 0.704608
16794 0.660311
16795 0.866206
16796 0.704304
16797 0.584562
16798 0.815104
16799 0.718626
16800 0.764439
16801 0.735584
16802 0.662043
16803 0.917594
16804 0.877206
16805 0.534038
16806 0.935074
16807 0.953724
16808 0.922805
16809 0.852274
16810 0.982377
16811 0.753246
16812 0.947255
16813 0.706229
16814 0.947586
16815 0.524606
16816 0.866649
16817 0.834741
16818 0.956909
16819 0.909259
16820 0.901979
16821 0.682805
16822 0.953406
16823 0.643295
16824 0.950243
16825 0.806657
16826 0.951801
16827 0.684301
16828 0.891806
16829 0.662416
16830 0.623
16831 0.60072
16832 0.640492
16833 0.620524
16834 0.852256
16835 0.887998
16836 0.778393
16837 0.828501
16838 0.893326
16839 0.863681
16840 0.746831
16841 0.699895
16842 0.699411
16843 0.767376
16844 0.768691
16845 0.716992
16846 0.697535
16847 0.875523
16848 0.647438
16849 0.682584
16850 0.762916
16851 0.874924
16852 0.877429
16853 0.776407
16854 0.673796
16855 0.662538
16856 0.867943
16857 0.725564
16858 0.935077
16859 0.844935
16860 0.728248
16861 0.85755
16862 0.728936
16863 0.86556
16864 0.939746
16865 0.87303
16866 0.70173
16867 0.898648
16868 0.830342
16869 0.831188
16870 0.692629
16871 0.901866
16872 0.866117
16873 0.881431
16874 0.601032
16875 0.959482
16876 0.92329
16877 0.691764
16878 0.894123
16879 0.899736
16880 0.696262
16881 0.736139
16882 0.785065
16883 0.942226
16884 0.827362
16885 0.681276
16886 0.891434
16887 0.708074
16888 0.824828
16889 0.985808
16890 0.842197
16891 0.704689
16892 0.681253
16893 0.862851
16894 0.802366
16895 0.721555
16896 0.968356
16897 0.721552
16898 0.782106
16899 0.702135
16900 0.730461
16901 0.650273
16902 0.67127
16903 0.724209
16904 0.896924
16905 0.698394
16906 0.816592
16907 0.670073
16908 0.643815
16909 0.707537
16910 0.748305
16911 0.630678
16912 0.912358
16913 0.92234
16914 0.591519
16915 0.849125
16916 0.952672
16917 0.941889
16918 0.920944
16919 0.942619
16920 0.656485
16921 0.95296
16922 0.787123
16923 0.952829
16924 0.61373
16925 0.928648
16926 0.818877
16927 0.940859
16928 0.682807
16929 0.952285
16930 0.763051
16931 0.954757
16932 0.622782
16933 0.946977
16934 0.660517
16935 0.957639
16936 0.673689
16937 0.903339
16938 0.672047
16939 0.677233
16940 0.956433
16941 0.79626
16942 0.751243
16943 0.70882
16944 0.807708
16945 0.854677
16946 0.86605
16947 0.911827
16948 0.616022
16949 0.599681
16950 0.606375
16951 0.74317
16952 0.719779
16953 0.827987
16954 0.741021
16955 0.686703
16956 0.849198
16957 0.771272
16958 0.93394
16959 0.875155
16960 0.955926
16961 0.85676
16962 0.94456
16963 0.873297
16964 0.889327
16965 0.869229
16966 0.805715
16967 0.883075
16968 0.805539
16969 0.903754
16970 0.895492
16971 0.891296
16972 0.754907
16973 0.913765
16974 0.631838
16975 0.95008
16976 0.802446
16977 0.68594
16978 0.702286
16979 0.75129
16980 0.764457
16981 0.823244
16982 0.78667
16983 0.620393
16984 0.741506
16985 0.792846
16986 0.844374
16987 0.986016
16988 0.718074
16989 0.765013
16990 0.827479
16991 0.740515
16992 0.881275
16993 0.665259
16994 0.719144
16995 0.786937
16996 0.860389
16997 0.853601
16998 0.778656
16999 0.682119
17000 0.680125
17001 0.85101
17002 0.713292
17003 0.699989
17004 0.7445
17005 0.742642
17006 0.719264
17007 0.666591
17008 0.883128
17009 0.725105
17010 0.601661
17011 0.775688
17012 0.729337
17013 0.74758
17014 0.72935
17015 0.660524
17016 0.903573
17017 0.924404
17018 0.591726
17019 0.942257
17020 0.952889
17021 0.933294
17022 0.847002
17023 0.912956
17024 0.763561
17025 0.953618
17026 0.611626
17027 0.946941
17028 0.53503
17029 0.867308
17030 0.808999
17031 0.944687
17032 0.91053
17033 0.928067
17034 0.653348
17035 0.953702
17036 0.642342
17037 0.958019
17038 0.641155
17039 0.940343
17040 0.668646
17041 0.88875
17042 0.665953
17043 0.638143
17044 0.610081
17045 0.6445
17046 0.603716
17047 0.854398
17048 0.88326
17049 0.761356
17050 0.851894
17051 0.917324
17052 0.729756
17053 0.742868
17054 0.713045
17055 0.700905
17056 0.749609
17057 0.77227
17058 0.825978
17059 0.94528
17060 0.848726
17061 0.730587
17062 0.86587
17063 0.886332
17064 0.870044
17065 0.940349
17066 0.894186
17067 0.695447
17068 0.903335
17069 0.841939
17070 0.861046
17071 0.840437
17072 0.926461
17073 0.873884
17074 0.873373
17075 0.639806
17076 0.968405
17077 0.784342
17078 0.701468
17079 0.701059
17080 0.898384
17081 0.693813
17082 0.717282
17083 0.770207
17084 0.882474
17085 0.711011
17086 0.755064
17087 0.984278
17088 0.842484
17089 0.84511
17090 0.97614
17091 0.832608
17092 0.69938
17093 0.683487
17094 0.845151
17095 0.79199
17096 0.719517
17097 0.688915
17098 0.843843
17099 0.773106
17100 0.580291
17101 0.968284
17102 0.720411
17103 0.780527
17104 0.712541
17105 0.74244
17106 0.645227
17107 0.680062
17108 0.719484
17109 0.876948
17110 0.71871
17111 0.799367
17112 0.669477
17113 0.645564
17114 0.739337
17115 0.640691
17116 0.909679
17117 0.921327
17118 0.590885
17119 0.856556
17120 0.952264
17121 0.943505
17122 0.919438
17123 0.66309
17124 0.658019
17125 0.953568
17126 0.787961
17127 0.953419
17128 0.606766
17129 0.92392
17130 0.804627
17131 0.942563
17132 0.627492
17133 0.954088
17134 0.740631
17135 0.954159
17136 0.639486
17137 0.947462
17138 0.639876
17139 0.956942
17140 0.693491
17141 0.9079
17142 0.675364
17143 0.719165
17144 0.948332
17145 0.783711
17146 0.730765
17147 0.760519
17148 0.759031
17149 0.831167
17150 0.856576
17151 0.911407
17152 0.65721
17153 0.622588
17154 0.741733
17155 0.720286
17156 0.826686
17157 0.770132
17158 0.933717
17159 0.871313
17160 0.959641
17161 0.850045
17162 0.940147
17163 0.883645
17164 0.897631
17165 0.87789
17166 0.837029
17167 0.833948
17168 0.80145
17169 0.897634
17170 0.871543
17171 0.894219
17172 0.837003
17173 0.933929
17174 0.632549
17175 0.950053
17176 0.746512
17177 0.687473
17178 0.698159
17179 0.720339
17180 0.955968
17181 0.808461
17182 0.767685
17183 0.622752
17184 0.744222
17185 0.799516
17186 0.881649
17187 0.982881
17188 0.719801
17189 0.770709
17190 0.825081
17191 0.607123
17192 0.948139
17193 0.730901
17194 0.685344
17195 0.646079
17196 0.860105
17197 0.736873
17198 0.730901
17199 0.986138
17200 0.964665
17201 0.689533
17202 0.764198
17203 0.727613
17204 0.662103
17205 0.6496
17206 0.925279
17207 0.910475
17208 0.985923
17209 0.730901
17210 0.926322
17211 0.904436
17212 0.8993
17213 0.904012
17214 0.897527
17215 0.786189
17216 0.910799
17217 0.864493
17218 0.899014
17219 0.826504
17220 0.909734
17221 0.832983
17222 0.891897
17223 0.921691
17224 0.524387
17225 0.899192
17226 0.942069
17227 0.935782
17228 0.879548
17229 0.888997
17230 0.84531
17231 0.928695
17232 0.635501
17233 0.931923
17234 0.899117
17235 0.872752
17236 0.835658
17237 0.667082
17238 0.983766
17239 0.812258
17240 0.84446
17241 0.613545
17242 0.87371
17243 0.831782
17244 0.730901
17245 0.730901
17246 0.701492
17247 0.990892
17248 0.700311
17249 0.894779
17250 0.895582
17251 0.686253
17252 0.616332
17253 0.631325
17254 0.680973
17255 0.741955
17256 0.41623
17257 0.709429
17258 0.416272
17259 0.643962
17260 0.435048
17261 0.642227
17262 0.462522
17263 0.403646
17264 0.441591
17265 0.743982
17266 0.669972
17267 0.913253
17268 0.637054
17269 0.434834
17270 0.637183
17271 0.672455
17272 0.539196
17273 0.587297
17274 0.542048
17275 0.521759
17276 0.714279
17277 0.669498
17278 0.681913
17279 0.793231
17280 0.799991
17281 0.874071
17282 0.87291
17283 0.71473
17284 0.773745
17285 0.656753
17286 0.926182
17287 0.730901
17288 0.693942
17289 0.685997
17290 0.819845
17291 0.770077
17292 0.730901
17293 0.994525
17294 0.965103
17295 0.721614
17296 0.800074
17297 0.690666
17298 0.610624
17299 0.600264
17300 0.926758
17301 0.924948
17302 0.994421
17303 0.730901
17304 0.907125
17305 0.905096
17306 0.870437
17307 0.894214
17308 0.812047
17309 0.87276
17310 0.837007
17311 0.901975
17312 0.866617
17313 0.923389
17314 0.867436
17315 0.892286
17316 0.953217
17317 0.650834
17318 0.942058
17319 0.935336
17320 0.891857
17321 0.614962
17322 0.901604
17323 0.852435
17324 0.899485
17325 0.852658
17326 0.876183
17327 0.840598
17328 0.929503
17329 0.869417
17330 0.902843
17331 0.884709
17332 0.630764
17333 0.809128
17334 0.730901
17335 0.730901
17336 0.99665
17337 0.674254
17338 0.881984
17339 0.911456
17340 0.673534
17341 0.612528
17342 0.642308
17343 0.717308
17344 0.773058
17345 0.511549
17346 0.711239
17347 0.510235
17348 0.6794
17349 0.41865
17350 0.64657
17351 0.5061
17352 0.546543
17353 0.572038
17354 0.687449
17355 0.705061
17356 0.874815
17357 0.879467
17358 0.718716
17359 0.658004
17360 0.603177
17361 0.57261
17362 0.618224
17363 0.54398
17364 0.52787
17365 0.721977
17366 0.684374
17367 0.649405
17368 0.912212
17369 0.730901
17370 0.713252
17371 0.7412
17372 0.830452
17373 0.723718
17374 0.730901
17375 0.98669
17376 0.970644
17377 0.708895
17378 0.796126
17379 0.735177
17380 0.604227
17381 0.57661
17382 0.924878
17383 0.933742
17384 0.986532
17385 0.730901
17386 0.922901
17387 0.903077
17388 0.90344
17389 0.880515
17390 0.903363
17391 0.78642
17392 0.855292
17393 0.866243
17394 0.900017
17395 0.837198
17396 0.903763
17397 0.842449
17398 0.893755
17399 0.9251
17400 0.646956
17401 0.897654
17402 0.942163
17403 0.935953
17404 0.883098
17405 0.883034
17406 0.851069
17407 0.92698
17408 0.622608
17409 0.935148
17410 0.898252
17411 0.881964
17412 0.835645
17413 0.480955
17414 0.975982
17415 0.820198
17416 0.871445
17417 0.606686
17418 0.871629
17419 0.829877
17420 0.730901
17421 0.730901
17422 0.700155
17423 0.991289
17424 0.699295
17425 0.895785
17426 0.889134
17427 0.594924
17428 0.60546
17429 0.634241
17430 0.686797
17431 0.794104
17432 0.495042
17433 0.677605
17434 0.491472
17435 0.664149
17436 0.443951
17437 0.657419
17438 0.477976
17439 0.549509
17440 0.5696
17441 0.700417
17442 0.749086
17443 0.848419
17444 0.884747
17445 0.353346
17446 0.678645
17447 0.723963
17448 0.675419
17449 0.581712
17450 0.617879
17451 0.540153
17452 0.532763
17453 0.710737
17454 0.324257
17455 0.960465
17456 0.713335
17457 0.702451
17458 0.730901
17459 0.787139
17460 0.791932
17461 0.730901
17462 0.988731
17463 0.972895
17464 0.754578
17465 0.777961
17466 0.723746
17467 0.659404
17468 0.648394
17469 0.924025
17470 0.922783
17471 0.645928
17472 0.730901
17473 0.924833
17474 0.89726
17475 0.89973
17476 0.906091
17477 0.87328
17478 0.763867
17479 0.874765
17480 0.866009
17481 0.900292
17482 0.832299
17483 0.910769
17484 0.845383
17485 0.890941
17486 0.925174
17487 0.643193
17488 0.914264
17489 0.943414
17490 0.933322
17491 0.925067
17492 0.891265
17493 0.615257
17494 0.838203
17495 0.890061
17496 0.979004
17497 0.796254
17498 0.87342
17499 0.84918
17500 0.481509
17501 0.929706
17502 0.89537
17503 0.895846
17504 0.905732
17505 0.570214
17506 0.829417
17507 0.730901
17508 0.730901
17509 0.992184
17510 0.701151
17511 0.888236
17512 0.89923
17513 0.691475
17514 0.662935
17515 0.610881
17516 0.645705
17517 0.683619
17518 0.792354
17519 0.493418
17520 0.690323
17521 0.493461
17522 0.657347
17523 0.438501
17524 0.64528
17525 0.484317
17526 0.549558
17527 0.557945
17528 0.69624
17529 0.757969
17530 0.80713
17531 0.875183
17532 0.350191
17533 0.682527
17534 0.718684
17535 0.674121
17536 0.555629
17537 0.598566
17538 0.528553
17539 0.51588
17540 0.718636
17541 0.733259
17542 0.649128
17543 0.844332
17544 0.906702
17545 0.959119
17546 0.858084
17547 0.904188
17548 0.716003
17549 0.699552
17550 0.662359
17551 0.674195
17552 0.567106
17553 0.729311
17554 0.771309
17555 0.939695
17556 0.752913
17557 0.69104
17558 0.919443
17559 0.659184
17560 0.602176
17561 0.650042
17562 0.786446
17563 0.768106
17564 0.879001
17565 0.770308
17566 0.574867
17567 0.533041
17568 0.779445
17569 0.652382
17570 0.748146
17571 0.500826
17572 0.547421
17573 0.761635
17574 0.613733
17575 0.519746
17576 0.875657
17577 0.773465
17578 0.863514
17579 0.49869
17580 0.784472
17581 0.602122
17582 0.641442
17583 0.731314
17584 0.499942
17585 0.577929
17586 0.63329
17587 0.637407
17588 0.843871
17589 0.724944
17590 0.848215
17591 0.779874
17592 0.658687
17593 0.634955
17594 0.75045
17595 0.496465
17596 0.609287
17597 0.690227
17598 0.623766
17599 0.630168
17600 0.580822
17601 0.6144
17602 0.601457
17603 0.60143
17604 0.644412
17605 0.640893
17606 0.731012
17607 0.555857
17608 0.683834
17609 0.711037
17610 0.581865
17611 0.74767
17612 0.689543
17613 0.687582
17614 0.635784
17615 0.758289
17616 0.745335
17617 0.794852
17618 0.640282
17619 0.73784
17620 0.693236
17621 0.695199
17622 0.61032
17623 0.731638
17624 0.908945
17625 0.784881
17626 0.699341
17627 0.691933
17628 0.461316
17629 0.715567
17630 0.582829
17631 0.666404
17632 0.762332
17633 0.923781
17634 0.654163
17635 0.656968
17636 0.778554
17637 0.604055
17638 0.680816
17639 0.565931
17640 0.763989
17641 0.709006
17642 0.574259
17643 0.718091
17644 0.629656
17645 0.664305
17646 0.693804
17647 0.489936
17648 0.720803
17649 0.441392
17650 0.504445
17651 0.480564
17652 0.940384
17653 0.66523
17654 0.701701
17655 0.624126
17656 0.599478
17657 0.793079
17658 0.584137
17659 0.594932
17660 0.509123
17661 0.780881
17662 0.800728
17663 0.616097
17664 0.530862
17665 0.545137
17666 0.893163
17667 0.679812
17668 0.595251
17669 0.866651
17670 0.756821
17671 0.882345
17672 0.707033
17673 0.710884
17674 0.750272
17675 0.722038
17676 0.68285
17677 0.624626
17678 0.661205
17679 0.697184
17680 0.390543
17681 0.662105
17682 0.636779
17683 0.626252
17684 0.612233
17685 0.61965
17686 0.596273
17687 0.571286
17688 0.387943
17689 0.446963
17690 0.740233
17691 0.534272
17692 0.712733
17693 0.729696
17694 0.73231
17695 0.709694
17696 0.762822
17697 0.742866
17698 0.792296
17699 0.6879
17700 0.683076
17701 0.733528
17702 0.655549
17703 0.726155
17704 0.61594
17705 0.773264
17706 0.739026
17707 0.713893
17708 0.612415
17709 0.791365
17710 0.765112
17711 0.886477
17712 0.978915
17713 0.929247
17714 0.904569
17715 0.605087
17716 0.736519
17717 0.575538
17718 0.70845
17719 0.697178
17720 0.613179
17721 0.772773
17722 0.662725
17723 0.694169
17724 0.752825
17725 0.660338
17726 0.743659
17727 0.575071
17728 0.746543
17729 0.686435
17730 0.634961
17731 0.596216
17732 0.546369
17733 0.611108
17734 0.758548
17735 0.749244
17736 0.742568
17737 0.775514
17738 0.518594
17739 0.712546
17740 0.618655
17741 0.645462
17742 0.700399
17743 0.508294
17744 0.753324
17745 0.622891
17746 0.780342
17747 0.632288
17748 0.695287
17749 0.705509
17750 0.743473
17751 0.807615
17752 0.74205
17753 0.747394
17754 0.689455
17755 0.920776
17756 0.941419
17757 0.88431
17758 0.931109
17759 0.850431
17760 0.756356
17761 0.624351
17762 0.663149
17763 0.679801
17764 0.640487
17765 0.755311
17766 0.498736
17767 0.743088
17768 0.682389
17769 0.661023
17770 0.631639
17771 0.654943
17772 0.731461
17773 0.692232
17774 0.719887
17775 0.630576
17776 0.748429
17777 0.677766
17778 0.658694
17779 0.711772
17780 0.725325
17781 0.61004
17782 0.680205
17783 0.687664
17784 0.716223
17785 0.64642
17786 0.895365
17787 0.954068
17788 0.867496
17789 0.937077
17790 0.72415
17791 0.649025
17792 0.926582
17793 0.731975
17794 0.665013
17795 0.845638
17796 0.913557
17797 0.963426
17798 0.875342
17799 0.767808
17800 0.697198
17801 0.952595
17802 0.936992
17803 0.894553
17804 0.903207
17805 0.847591
17806 0.641587
17807 0.632295
17808 0.775095
17809 0.764106
17810 0.609096
17811 0.527153
17812 0.673257
17813 0.681532
17814 0.568247
17815 0.505565
17816 0.769682
17817 0.94883
17818 0.601615
17819 0.920891
17820 0.621412
17821 0.635275
17822 0.791364
17823 0.761509
17824 0.872245
17825 0.737031
17826 0.579888
17827 0.617338
17828 0.601978
17829 0.570629
17830 0.775288
17831 0.752175
17832 0.549589
17833 0.553413
17834 0.771753
17835 0.642412
17836 0.697198
17837 0.776679
17838 0.74933
17839 0.637726
17840 0.65441
17841 0.793424
17842 0.722947
17843 0.726124
17844 0.798151
17845 0.720108
17846 0.656572
17847 0.786171
17848 0.579399
17849 0.602695
17850 0.599164
17851 0.610901
17852 0.71849
17853 0.796129
17854 0.947933
17855 0.698549
17856 0.625102
17857 0.634336
17858 0.908703
17859 0.678911
17860 0.694163
17861 0.737968
17862 0.968555
17863 0.777485
17864 0.767224
17865 0.782457
17866 0.692569
17867 0.856022
17868 0.726321
17869 0.642947
17870 0.882815
17871 0.67761
17872 0.742687
17873 0.669425
17874 0.840881
17875 0.894402
17876 0.964792
17877 0.855001
17878 0.707891
17879 0.524594
17880 0.660323
17881 0.686937
17882 0.562876
17883 0.499584
17884 0.769538
17885 0.954672
17886 0.564683
17887 0.918305
17888 0.565707
17889 0.603804
17890 0.773188
17891 0.785027
17892 0.760763
17893 0.881461
17894 0.755192
17895 0.576988
17896 0.589112
17897 0.534159
17898 0.516874
17899 0.775925
17900 0.628362
17901 0.5319
17902 0.438405
17903 0.530089
17904 0.506921
17905 0.546995
17906 0.644821
17907 0.774075
17908 0.782473
17909 0.740022
17910 0.641
17911 0.658821
17912 0.779776
17913 0.661718
17914 0.522702
17915 0.703294
17916 0.865992
17917 0.655902
17918 0.75106
17919 0.671487
17920 0.761964
17921 0.879455
17922 0.839056
17923 0.741602
17924 0.461595
17925 0.582446
17926 0.601655
17927 0.594798
17928 0.617788
17929 0.630983
17930 0.626707
17931 0.619101
17932 0.673684
17933 0.648253
17934 0.659155
17935 0.636417
17936 0.574454
17937 0.701005
17938 0.66458
17939 0.391726
17940 0.789989
17941 0.757874
17942 0.791547
17943 0.709045
17944 0.840581
17945 0.770898
17946 0.690585
17947 0.697741
17948 0.727835
17949 0.733556
17950 0.731589
17951 0.72795
17952 0.72145
17953 0.683545
17954 0.650199
17955 0.615074
17956 0.774737
17957 0.779915
17958 0.732051
17959 0.715139
17960 0.834979
17961 0.730434
17962 0.904705
17963 0.777273
17964 0.386905
17965 0.387449
17966 0.732051
17967 0.686137
17968 0.773316
17969 0.712685
17970 0.92442
17971 0.927289
17972 0.360586
17973 0.671927
17974 0.732051
17975 0.868297
17976 0.607921
17977 0.796258
17978 0.722529
17979 0.773299
17980 0.498082
17981 0.905695
17982 0.681912
17983 0.700499
17984 0.711907
17985 0.709469
17986 0.806077
17987 0.69627
17988 0.33461
17989 0.756431
17990 0.618165
17991 0.779957
17992 0.870693
17993 0.747687
17994 0.662358
17995 0.753467
17996 0.782706
17997 0.609734
17998 0.924448
17999 0.819606
18000 0.711742
18001 0.922867
18002 0.952678
18003 0.865764
18004 0.821679
18005 0.64389
18006 0.695023
18007 0.489383
18008 0.498838
18009 0.59486
18010 0.548653
18011 0.547763
18012 0.682565
18013 0.6935
18014 0.569157
18015 0.584876
18016 0.589684
18017 0.953913
18018 0.811694
18019 0.944497
18020 0.897446
18021 0.9067
18022 0.925154
18023 0.701326
18024 0.671932
18025 0.688436
18026 0.631676
18027 0.881325
18028 0.400822
18029 0.780669
18030 0.714107
18031 0.629776
18032 0.63209
18033 0.646405
18034 0.586801
18035 0.710324
18036 0.753519
18037 0.948134
18038 0.60337
18039 0.668178
18040 0.756047
18041 0.759605
18042 0.683452
18043 0.545609
18044 0.739075
18045 0.720098
18046 0.56086
18047 0.668058
18048 0.73561
18049 0.73615
18050 0.764799
18051 0.616704
18052 0.522718
18053 0.591173
18054 0.534931
18055 0.606104
18056 0.944055
18057 0.619055
18058 0.510387
18059 0.768995
18060 0.594262
18061 0.554651
18062 0.561544
18063 0.679158
18064 0.641133
18065 0.617965
18066 0.726244
18067 0.758616
18068 0.852833
18069 0.595119
18070 0.666357
18071 0.658201
18072 0.658161
18073 0.656767
18074 0.674731
18075 0.62665
18076 0.74494
18077 0.686095
18078 0.624757
18079 0.640115
18080 0.648302
18081 0.54431
18082 0.805691
18083 0.679431
18084 0.68341
18085 0.830548
18086 0.76874
18087 0.871193
18088 0.622314
18089 0.665931
18090 0.682391
18091 0.679
18092 0.610314
18093 0.708806
18094 0.758934
18095 0.757443
18096 0.704548
18097 0.76104
18098 0.731461
18099 0.756668
18100 0.599122
18101 0.600006
18102 0.704149
18103 0.739995
18104 0.873493
18105 0.684821
18106 0.742449
18107 0.662203
18108 0.838921
18109 0.894938
18110 0.963513
18111 0.857175
18112 0.605947
18113 0.667478
18114 0.67021
18115 0.558283
18116 0.730512
18117 0.766571
18118 0.949981
18119 0.720934
18120 0.693102
18121 0.917348
18122 0.743893
18123 0.638011
18124 0.778039
18125 0.792605
18126 0.761368
18127 0.881586
18128 0.776759
18129 0.569959
18130 0.76314
18131 0.76735
18132 0.776395
18133 0.748615
18134 0.519467
18135 0.691096
18136 0.764597
18137 0.690158
18138 0.742521
18139 0.861065
18140 0.772067
18141 0.843968
18142 0.50536
18143 0.785186
18144 0.853191
18145 0.647303
18146 0.761786
18147 0.7082
18148 0.781274
18149 0.66107
18150 0.642155
18151 0.82444
18152 0.745195
18153 0.839011
18154 0.766761
18155 0.647233
18156 0.84059
18157 0.627811
18158 0.631602
18159 0.607697
18160 0.588902
18161 0.610936
18162 0.578694
18163 0.656168
18164 0.64523
18165 0.707461
18166 0.744796
18167 0.480348
18168 0.723304
18169 0.618475
18170 0.675409
18171 0.710052
18172 0.656001
18173 0.735127
18174 0.648548
