9576

1 0.00592376
2 0.0636245
3 0.0361086
4 0.0663629
5 0.0390464
6 0.0518901
7 0.000718148
8 0.012144
9 0.00833608
10 0.0293779
11 0.0574862
12 0.028025
13 0.0362411
14 0.00869837
15 0.0734792
16 0.0656309
17 0.0821071
18 0.0124889
19 0.0706382
20 0.0203866
21 0.0422366
22 0.070548
23 0.0412048
24 0.000720701
25 0.0124274
26 0.00069701
27 0.0124322
28 0.0417842
29 0.00786038
30 0.0819341
31 0.0817102
32 0.0702418
33 0.0125366
34 0.041525
35 0.0689562
36 0.0074068
37 0.0126803
38 0.453404
39 0.795805
40 0.801592
41 0.448517
42 0.35278
43 0.594657
44 0.563733
45 0.58679
46 0.552223
47 0.34428
48 0.362745
49 0.490395
50 0.58834
51 0.643852
52 0.780658
53 0.793448
54 0.72852
55 0.805156
56 0.83067
57 0.702183
58 0.862117
59 0.175547
60 0.730938
61 0.756567
62 0.654753
63 0.413463
64 0.67241
65 0.267318
66 0.749636
67 0.667193
68 0.854246
69 0.498178
70 0.716024
71 0.588133
72 0.422687
73 0.796333
74 0.669675
75 0.671238
76 0.730024
77 0.854449
78 0.434953
79 0.646347
80 0.743044
81 0.234143
82 0.880245
83 0.866407
84 0.885831
85 0.872444
86 0.865564
87 0.335589
88 0.495646
89 0.701866
90 0.911049
91 0.636929
92 0.605511
93 0.650449
94 0.714675
95 0.501529
96 0.83784
97 0.617641
98 0.759244
99 0.37523
100 0.695507
101 0.795561
102 0.658527
103 0.361497
104 0.760529
105 0.396813
106 0.789202
107 0.441942
108 0.691229
109 0.753793
110 0.581069
111 0.553025
112 0.681967
113 0.753544
114 0.668033
115 0.708277
116 0.799042
117 0.423527
118 0.40202
119 0.634834
120 0.139728
121 0.666642
122 0.697682
123 0.616853
124 0.779889
125 0.810252
126 0.949577
127 0.691219
128 0.177378
129 0.675565
130 0.706106
131 0.619463
132 0.738073
133 0.85207
134 0.842727
135 0.878358
136 0.784235
137 0.649543
138 0.844319
139 0.677448
140 0.719259
141 0.574229
142 0.612126
143 0.662949
144 0.74249
145 0.747093
146 0.52669
147 0.912266
148 0.870024
149 0.601988
150 0.589733
151 0.735042
152 0.859358
153 0.681072
154 0.736958
155 0.879793
156 0.739555
157 0.739159
158 0.371824
159 0.374845
160 0.357233
161 0.36015
162 0.712883
163 0.484768
164 0.789575
165 0.396125
166 0.423516
167 0.428424
168 0.591585
169 0.775372
170 0.795997
171 0.848995
172 0.843798
173 0.88408
174 0.812641
175 0.770965
176 0.890752
177 0.642006
178 0.719229
179 0.610536
180 0.819392
181 0.752834
182 0.290776
183 0.476146
184 0.587775
185 0.71534
186 0.786044
187 0.783309
188 0.682145
189 0.82979
190 0.697968
191 0.664236
192 0.0531984
193 0.178422
194 0.148963
195 0.427791
196 0.290741
197 0.0274431
198 0.024083
199 0.470609
200 0.0509151
201 0.201307
202 0.245644
203 0.200416
204 0.456749
205 0.855588
206 0.0629604
207 0.420572
208 0.126591
209 0.155907
210 0.811311
211 0.103011
212 0.0628242
213 0.0783385
214 0.145812
215 0.241092
216 0.17065
217 0.238842
218 0.810714
219 0.718324
220 0.731932
221 0.388097
222 0.839664
223 0.274802
224 0.196651
225 0.354578
226 0.0933018
227 0.158229
228 0.12129
229 0.257582
230 0.262543
231 0.0561521
232 0.218454
233 0.285445
234 0.0985391
235 0.740811
236 0.790007
237 0.688461
238 0.80719
239 0.757634
240 0.881928
241 0.600168
242 0.322005
243 0.121009
244 0.029783
245 0.272531
246 0.235399
247 0.216114
248 0.164522
249 0.152068
250 0.122461
251 0.382841
252 0.87973
253 0.710585
254 0.607572
255 0.159421
256 0.0485286
257 0.0939083
258 0.103566
259 0.255514
260 0.102938
261 0.112888
262 0.171013
263 0.17162
264 0.026531
265 0.169475
266 0.0317569
267 0.171632
268 0.420017
269 0.67425
270 0.598111
271 0.0233351
272 0.691315
273 0.805593
274 0.686051
275 0.300575
276 0.585887
277 0.365235
278 0.240407
279 0.861996
280 0.7226
281 0.328321
282 0.0557224
283 0.659612
284 0.442685
285 0.378192
286 0.589568
287 0.427598
288 0.0473264
289 0.632661
290 0.536025
291 0.586973
292 0.609536
293 0.535098
294 0.794475
295 0.750941
296 0.638301
297 0.447821
298 0.918939
299 0.670787
300 0.142083
301 0.927127
302 0.510558
303 0.601525
304 0.024967
305 0.760652
306 0.433247
307 0.0363297
308 0.0264817
309 0.0754086
310 0.0476437
311 0.338781
312 0.00352067
313 0.826216
314 0.158943
315 0.0220907
316 0.0174396
317 0.399688
318 0.0524547
319 0.500485
320 0.407076
321 0.012181
322 0.0046816
323 0.105065
324 0.906423
325 0.512279
326 0.771288
327 0.153561
328 0.42964
329 0.635523
330 0.715149
331 0.590319
332 0.567725
333 0.82936
334 0.790262
335 0.879609
336 0.721411
337 0.484245
338 0.180541
339 0.155953
340 0.165763
341 0.527214
342 0.680186
343 0.868114
344 0.801937
345 0.156745
346 0.401828
347 0.433434
348 0.449472
349 0.0633853
350 0.391363
351 0.419016
352 0.832628
353 0.850154
354 0.929602
355 0.925009
356 0.723417
357 0.328597
358 0.787399
359 0.889124
360 0.934558
361 0.619665
362 0.669363
363 0.179414
364 0.764875
365 0.71702
366 0.833343
367 0.633683
368 0.273641
369 0.592354
370 0.530209
371 0.142147
372 0.307
373 0.0859915
374 0.108587
375 0.0856848
376 0.0274968
377 0.816586
378 0.74476
379 0.589754
380 0.703828
381 0.633206
382 0.632263
383 0.71138
384 0.569978
385 0.802825
386 0.814727
387 0.811248
388 0.657254
389 0.709302
390 0.891568
391 0.882042
392 0.485491
393 0.0425422
394 0.136236
395 0.0602192
396 0.0581151
397 0.100986
398 0.129601
399 0.360077
400 0.0547167
401 0.164586
402 0.0546758
403 0.374354
404 0.128868
405 0.0717614
406 0.311733
407 0.178592
408 0.23245
409 0.119765
410 0.456815
411 0.075179
412 0.0962835
413 0.112941
414 0.0262072
415 0.11355
416 0.12271
417 0.0434998
418 0.134355
419 0.361011
420 0.0440002
421 0.0621013
422 0.136667
423 0.036765
424 0.0622204
425 0.0302027
426 0.0378773
427 0.378763
428 0.0270954
429 0.0386183
430 0.116472
431 0.0291926
432 0.789374
433 0.370642
434 0.582125
435 0.653877
436 0.884282
437 0.614148
438 0.845971
439 0.345025
440 0.294203
441 0.650203
442 0.414143
443 0.565341
444 0.858748
445 0.577584
446 0.714977
447 0.0493769
448 0.034057
449 0.210955
450 0.17865
451 0.0595015
452 0.251747
453 0.199487
454 0.138091
455 0.237304
456 0.241219
457 0.110707
458 0.32472
459 0.320842
460 0.381611
461 0.386349
462 0.409984
463 0.385706
464 0.409576
465 0.109401
466 0.095046
467 0.0444312
468 0.113825
469 0.326377
470 0.399228
471 0.0901439
472 0.257892
473 0.0467518
474 0.224263
475 0.0456577
476 0.0352027
477 0.0641791
478 0.0273186
479 0.112503
480 0.0264341
481 0.0295082
482 0.118358
483 0.0948717
484 0.103432
485 0.181462
486 0.0459456
487 0.205088
488 0.190753
489 0.02798
490 0.0531874
491 0.203422
492 0.200474
493 0.0590242
494 0.217722
495 0.0635925
496 0.250803
497 0.218182
498 0.366707
499 0.117832
500 0.359428
501 0.414983
502 0.446532
503 0.425086
504 0.403139
505 0.444998
506 0.398479
507 0.219728
508 0.19425
509 0.0581461
510 0.205231
511 0.216838
512 0.323383
513 0.185941
514 0.256208
515 0.0475386
516 0.106892
517 0.249596
518 0.197777
519 0.0295994
520 0.0875189
521 0.275647
522 0.104672
523 0.0259791
524 0.392185
525 0.224939
526 0.11699
527 0.44853
528 0.415289
529 0.19223
530 0.206534
531 0.144717
532 0.102721
533 0.271014
534 0.288027
535 0.168615
536 0.0909545
537 0.558409
538 0.153674
539 0.0934255
540 0.192175
541 0.311623
542 0.27458
543 0.271676
544 0.0910817
545 0.33927
546 0.226803
547 0.38401
548 0.365627
549 0.309401
550 0.0460062
551 0.365737
552 0.17745
553 0.298164
554 0.0846074
555 0.291415
556 0.133964
557 0.232556
558 0.285318
559 0.282753
560 0.0846995
561 0.108985
562 0.150794
563 0.116061
564 0.303164
565 0.215625
566 0.18303
567 0.116729
568 0.33066
569 0.306536
570 0.171501
571 0.356976
572 0.241747
573 0.214437
574 0.0848513
575 0.243859
576 0.336683
577 0.16529
578 0.18631
579 0.265816
580 0.0522583
581 0.446395
582 0.107253
583 0.429235
584 0.336449
585 0.0579769
586 0.111702
587 0.159294
588 0.203295
589 0.123702
590 0.288268
591 0.187008
592 0.359533
593 0.403326
594 0.254625
595 0.32234
596 0.228749
597 0.398803
598 0.391316
599 0.195005
600 0.0933446
601 0.114369
602 0.163181
603 0.0985565
604 0.0447879
605 0.315618
606 0.071813
607 0.137757
608 0.212716
609 0.0704839
610 0.419401
611 0.383394
612 0.0654274
613 0.193345
614 0.203628
615 0.157988
616 0.204031
617 0.24928
618 0.28593
619 0.132943
620 0.435364
621 0.186071
622 0.417036
623 0.106541
624 0.0849744
625 0.0668242
626 0.127978
627 0.124815
628 0.115127
629 0.233784
630 0.257635
631 0.0616681
632 0.351778
633 0.20929
634 0.178247
635 0.184844
636 0.174751
637 0.0763746
638 0.255335
639 0.13647
640 0.161436
641 0.172665
642 0.156755
643 0.113926
644 0.199836
645 0.285097
646 0.0564152
647 0.317506
648 0.245087
649 0.235411
650 0.222145
651 0.130644
652 0.384495
653 0.136274
654 0.164428
655 0.118099
656 0.194553
657 0.230911
658 0.187354
659 0.0958773
660 0.0425709
661 0.118101
662 0.172181
663 0.245647
664 0.0785276
665 0.0831372
666 0.279509
667 0.205059
668 0.0833606
669 0.0821757
670 0.0585927
671 0.32333
672 0.120755
673 0.203904
674 0.514885
675 0.0696646
676 0.685889
677 0.810461
678 0.871386
679 0.772048
680 0.858999
681 0.717303
682 0.871229
683 0.883129
684 0.671634
685 0.896274
686 0.747435
687 0.862229
688 0.944216
689 0.719922
690 0.530907
691 0.579306
692 0.789923
693 0.770957
694 0.703533
695 0.84141
696 0.688909
697 0.747317
698 0.864042
699 0.869959
700 0.893716
701 0.723757
702 0.813205
703 0.883689
704 0.899176
705 0.932644
706 0.820628
707 0.931396
708 0.540823
709 0.369734
710 0.208666
711 0.76976
712 0.745738
713 0.786528
714 0.721965
715 0.680304
716 0.843191
717 0.726756
718 0.552178
719 0.928759
720 0.521062
721 0.22509
722 0.381957
723 0.062465
724 0.299715
725 0.132671
726 0.0306483
727 0.140484
728 0.128784
729 0.0666009
730 0.418518
731 0.255936
732 0.603773
733 0.225168
734 0.242832
735 0.0444461
736 0.31885
737 0.441205
738 0.403222
739 0.414333
740 0.252918
741 0.142896
742 0.46322
743 0.201956
744 0.837646
745 0.689971
746 0.362038
747 0.0710903
748 0.228775
749 0.18274
750 0.839542
751 0.183177
752 0.279205
753 0.255037
754 0.132308
755 0.172269
756 0.0478774
757 0.586346
758 0.824032
759 0.133345
760 0.10664
761 0.307328
762 0.191977
763 0.18451
764 0.155597
765 0.081546
766 0.524043
767 0.523625
768 0.0920346
769 0.816453
770 0.730305
771 0.62613
772 0.0721736
773 0.218348
774 0.329862
775 0.200201
776 0.255796
777 0.21755
778 0.209352
779 0.646056
780 0.428188
781 0.660879
782 0.701669
783 0.27894
784 0.630795
785 0.637696
786 0.890328
787 0.754774
788 0.524101
789 0.00254797
790 0.838339
791 0.357456
792 0.636725
793 0.167045
794 0.710479
795 0.74953
796 0.570129
797 0.899521
798 0.963239
799 0.81157
800 0.937502
801 0.832027
802 0.192696
803 0.0658617
804 0.221003
805 0.0546477
806 0.171843
807 0.0477737
808 0.171556
809 0.0523499
810 0.158556
811 0.0564918
812 0.139207
813 0.142503
814 0.104396
815 0.122718
816 0.0588799
817 0.416953
818 0.058744
819 0.0870402
820 0.0953224
821 0.0902566
822 0.106912
823 0.192536
824 0.0659823
825 0.212575
826 0.126953
827 0.0646801
828 0.204065
829 0.242907
830 0.0360944
831 0.119151
832 0.115245
833 0.0598518
834 0.128701
835 0.0489999
836 0.143209
837 0.0318901
838 0.0447386
839 0.0259152
840 0.148336
841 0.0393673
842 0.0290869
843 0.0264583
844 0.149992
845 0.0465023
846 0.202447
847 0.0644828
848 0.241107
849 0.0650431
850 0.105911
851 0.171523
852 0.0675305
853 0.0946035
854 0.0924878
855 0.104852
856 0.0721626
857 0.0755049
858 0.0503285
859 0.113878
860 0.121149
861 0.113404
862 0.122295
863 0.108777
864 0.109337
865 0.0832245
866 0.0977809
867 0.352622
868 0.120932
869 0.117788
870 0.194715
871 0.123062
872 0.206137
873 0.0646424
874 0.052876
875 0.0662317
876 0.170659
877 0.210214
878 0.06197
879 0.0658874
880 0.0420669
881 0.0467836
882 0.0260311
883 0.0586035
884 0.0260254
885 0.0257856
886 0.0277259
887 0.0395076
888 0.0364877
889 0.194101
890 0.343861
891 0.153954
892 0.24716
893 0.273852
894 0.130318
895 0.203428
896 0.0857319
897 0.118189
898 0.336569
899 0.224137
900 0.0187895
901 0.246416
902 0.0819088
903 0.21019
904 0.167102
905 0.187099
906 0.0838421
907 0.167952
908 0.408147
909 0.257025
910 0.184741
911 0.0724376
912 0.0693327
913 0.144654
914 0.0232784
915 0.309027
916 0.181552
917 0.127159
918 0.270555
919 0.183859
920 0.225883
921 0.125917
922 0.110611
923 0.172725
924 0.00113526
925 0.115991
926 0.155276
927 0.383243
928 0.129785
929 0.266886
930 0.212648
931 0.103908
932 0.0936082
933 0.352556
934 0.280555
935 0.205334
936 0.298812
937 0.158012
938 0.15457
939 0.16801
940 0.305641
941 0.290146
942 0.113911
943 0.147442
944 0.0680946
945 0.171246
946 0.118568
947 0.0939354
948 0.17278
949 0.350884
950 0.0761566
951 0.0849658
952 0.313033
953 0.0789942
954 0.0974114
955 0.410478
956 0.400207
957 0.253948
958 0.231485
959 0.240015
960 0.239388
961 0.250068
962 0.334912
963 0.423335
964 0.221944
965 0.264514
966 0.335744
967 0.160438
968 0.207353
969 0.336052
970 0.0368696
971 0.0818778
972 0.206911
973 0.13103
974 0.484074
975 0.386856
976 0.108038
977 0.049675
978 0.109657
979 0.0922688
980 0.200385
981 0.127896
982 0.0944912
983 0.136732
984 0.127995
985 0.0999975
986 0.283954
987 0.288753
988 0.171173
989 0.25209
990 0.219999
991 0.320737
992 0.242288
993 0.356873
994 0.873532
995 0.75139
996 0.644412
997 0.892479
998 0.772644
999 0.70489
1000 0.895589
1001 0.319103
1002 0.189717
1003 0.397839
1004 0.277464
1005 0.449831
1006 0.0978765
1007 0.0990402
1008 0.0277195
1009 0.567755
1010 0.837612
1011 0.436833
1012 0.872186
1013 0.858076
1014 0.758571
1015 0.893591
1016 0.803393
1017 0.70705
1018 0.777984
1019 0.862101
1020 0.902193
1021 0.764515
1022 0.112509
1023 0.218911
1024 0.962945
1025 0.854906
1026 0.597237
1027 0.705112
1028 0.890593
1029 0.549144
1030 0.964145
1031 0.545009
1032 0.547833
1033 0.806711
1034 0.190316
1035 0.0536411
1036 0.0790246
1037 0.223442
1038 0.361738
1039 0.620002
1040 0.688759
1041 0.858691
1042 0.830295
1043 0.900535
1044 0.759273
1045 0.989009
1046 0.736171
1047 0.59134
1048 0.855705
1049 0.776833
1050 0.746382
1051 0.963625
1052 0.329405
1053 0.689324
1054 0.821244
1055 0.868659
1056 0.801322
1057 0.615108
1058 0.430365
1059 0.756616
1060 0.724558
1061 0.885126
1062 0.87693
1063 0.213823
1064 0.0331642
1065 0.183419
1066 0.116757
1067 0.122242
1068 0.375647
1069 0.821479
1070 0.844087
1071 0.806832
1072 0.74824
1073 0.22258
1074 0.326723
1075 0.151046
1076 0.22861
1077 0.108722
1078 0.230368
1079 0.414219
1080 0.0909927
1081 0.170005
1082 0.234464
1083 0.103935
1084 0.173975
1085 0.121782
1086 0.221966
1087 0.30569
1088 0.188157
1089 0.248972
1090 0.793741
1091 0.802841
1092 0.31484
1093 0.800902
1094 0.774434
1095 0.813829
1096 0.967799
1097 0.775605
1098 0.813809
1099 0.867117
1100 0.871103
1101 0.927331
1102 0.893527
1103 0.755985
1104 0.898038
1105 0.805163
1106 0.900605
1107 0.695827
1108 0.787712
1109 0.889321
1110 0.713758
1111 0.836916
1112 0.757444
1113 0.764788
1114 0.832073
1115 0.75701
1116 0.630254
1117 0.883919
1118 0.757099
1119 0.633547
1120 0.91586
1121 0.814006
1122 0.771315
1123 0.821006
1124 0.85987
1125 0.880429
1126 0.964743
1127 0.755984
1128 0.895748
1129 0.869229
1130 0.803487
1131 0.310654
1132 0.19062
1133 0.0379386
1134 0.275511
1135 0.109281
1136 0.101144
1137 0.121137
1138 0.749119
1139 0.804415
1140 0.806327
1141 0.94825
1142 0.883822
1143 0.914212
1144 0.802637
1145 0.925393
1146 0.848264
1147 0.3688
1148 0.120482
1149 0.253759
1150 0.230095
1151 0.43728
1152 0.152388
1153 0.12721
1154 0.396681
1155 0.27678
1156 0.146579
1157 0.222338
1158 0.11683
1159 0.171691
1160 0.155273
1161 0.168076
1162 0.253586
1163 0.18396
1164 0.490269
1165 0.20759
1166 0.194863
1167 0.180984
1168 0.300699
1169 0.145024
1170 0.139968
1171 0.234127
1172 0.122015
1173 0.125754
1174 0.204276
1175 0.174467
1176 0.144657
1177 0.125575
1178 0.347994
1179 0.102345
1180 0.311223
1181 0.116764
1182 0.294981
1183 0.303211
1184 0.107739
1185 0.338376
1186 0.294682
1187 0.0868438
1188 0.0681512
1189 0.124625
1190 0.366135
1191 0.276448
1192 0.140729
1193 0.173491
1194 0.389137
1195 0.0991038
1196 0.285893
1197 0.110863
1198 0.164893
1199 0.263118
1200 0.106513
1201 0.12991
1202 0.126873
1203 0.248896
1204 0.225728
1205 0.396386
1206 0.150043
1207 0.0550388
1208 0.0884016
1209 0.225405
1210 0.12271
1211 0.126203
1212 0.193716
1213 0.343008
1214 0.299577
1215 0.282484
1216 0.301193
1217 0.122206
1218 0.189459
1219 0.15427
1220 0.142083
1221 0.10928
1222 0.134744
1223 0.148489
1224 0.129795
1225 0.0621369
1226 0.302963
1227 0.0464655
1228 0.334144
1229 0.0863756
1230 0.333013
1231 0.207761
1232 0.398491
1233 0.204181
1234 0.169769
1235 0.116002
1236 0.146377
1237 0.125366
1238 0.683748
1239 0.802029
1240 0.958965
1241 0.78399
1242 0.622528
1243 0.769621
1244 0.254781
1245 0.732065
1246 0.728851
1247 0.0439111
1248 0.15481
1249 0.0610657
1250 0.0555439
1251 0.171535
1252 0.207909
1253 0.106503
1254 0.140004
1255 0.16693
1256 0.331992
1257 0.452827
1258 0.103144
1259 0.0457856
1260 0.206201
1261 0.150547
1262 0.261937
1263 0.175338
1264 0.052859
1265 0.132863
1266 0.0851256
1267 0.148777
1268 0.108421
1269 0.0716701
1270 0.109872
1271 0.215047
1272 0.144921
1273 0.099823
1274 0.0887586
1275 0.162613
1276 0.214817
1277 0.122053
1278 0.195056
1279 0.080648
1280 0.250575
1281 0.456165
1282 0.249739
1283 0.433112
1284 0.224969
1285 0.473799
1286 0.412012
1287 0.313755
1288 0.91395
1289 0.749658
1290 0.776912
1291 0.492511
1292 0.327703
1293 0.273521
1294 0.863384
1295 0.887946
1296 0.690333
1297 0.895178
1298 0.878711
1299 0.873176
1300 0.376657
1301 0.595105
1302 0.616644
1303 0.626802
1304 0.820327
1305 0.774612
1306 0.876646
1307 0.661808
1308 0.733954
1309 0.910735
1310 0.816049
1311 0.600422
1312 0.801223
1313 0.794326
1314 0.788297
1315 0.654291
1316 0.204859
1317 0.817
1318 0.681363
1319 0.750512
1320 0.952792
1321 0.553624
1322 0.397584
1323 0.858615
1324 0.588269
1325 0.785811
1326 0.95971
1327 0.737321
1328 0.857703
1329 0.783575
1330 0.883813
1331 0.848278
1332 0.877339
1333 0.775404
1334 0.837752
1335 0.790602
1336 0.953401
1337 0.636229
1338 0.936551
1339 0.751056
1340 0.757051
1341 0.785852
1342 0.865275
1343 0.803964
1344 0.556297
1345 0.923667
1346 0.736075
1347 0.770574
1348 0.720735
1349 0.158667
1350 0.105884
1351 0.26193
1352 0.045273
1353 0.174167
1354 0.219675
1355 0.274509
1356 0.356903
1357 0.0879825
1358 0.10142
1359 0.331558
1360 0.348701
1361 0.828357
1362 0.757149
1363 0.33504
1364 0.331428
1365 0.170731
1366 0.77568
1367 0.795572
1368 0.784909
1369 0.459888
1370 0.360074
1371 0.369059
1372 0.640874
1373 0.804944
1374 0.316083
1375 0.854465
1376 0.791194
1377 0.640696
1378 0.694629
1379 0.0219106
1380 0.189668
1381 0.0980866
1382 0.646833
1383 0.689549
1384 0.313386
1385 0.503302
1386 0.540276
1387 0.367236
1388 0.743739
1389 0.852002
1390 0.64699
1391 0.795408
1392 0.799934
1393 0.662891
1394 0.798056
1395 0.513344
1396 0.208802
1397 0.661039
1398 0.549737
1399 0.208017
1400 0.382188
1401 0.218893
1402 0.29916
1403 0.184611
1404 0.131755
1405 0.493594
1406 0.382895
1407 0.342579
1408 0.0637421
1409 0.223653
1410 0.528506
1411 0.300252
1412 0.0564474
1413 0.426144
1414 0.359831
1415 0.602701
1416 0.734574
1417 0.235533
1418 0.326136
1419 0.206357
1420 0.744947
1421 0.542609
1422 0.585215
1423 0.747635
1424 0.0658217
1425 0.0885688
1426 0.379736
1427 0.398827
1428 0.391575
1429 0.0655924
1430 0.189252
1431 0.0712128
1432 0.103262
1433 0.536216
1434 0.531757
1435 0.185599
1436 0.122696
1437 0.101189
1438 0.285528
1439 0.0653021
1440 0.0789228
1441 0.0769663
1442 0.079588
1443 0.130136
1444 0.21748
1445 0.150877
1446 0.117653
1447 0.153661
1448 0.0991777
1449 0.0953876
1450 0.145538
1451 0.373817
1452 0.275114
1453 0.335939
1454 0.189321
1455 0.240995
1456 0.171238
1457 0.288082
1458 0.23988
1459 0.522537
1460 0.0543862
1461 0.188499
1462 0.0420978
1463 0.34468
1464 0.132045
1465 0.296507
1466 0.184366
1467 0.180276
1468 0.0922833
1469 0.634248
1470 0.654613
1471 0.795267
1472 0.641554
1473 0.478223
1474 0.719537
1475 0.588015
1476 0.758885
1477 0.740957
1478 0.190167
1479 0.206345
1480 0.0862451
1481 0.286481
1482 0.142421
1483 0.184125
1484 0.401523
1485 0.710636
1486 0.0488777
1487 0.220709
1488 0.231184
1489 0.248535
1490 0.0717494
1491 0.489971
1492 0.776108
1493 0.617126
1494 0.114539
1495 0.0310244
1496 0.0276053
1497 0.237851
1498 0.265796
1499 0.359236
1500 0.10925
1501 0.222525
1502 0.15333
1503 0.198408
1504 0.313765
1505 0.100664
1506 0.140786
1507 0.20003
1508 0.0492544
1509 0.232803
1510 0.164641
1511 0.157876
1512 0.184998
1513 0.109113
1514 0.106204
1515 0.120814
1516 0.199412
1517 0.23459
1518 0.153666
1519 0.289158
1520 0.0447962
1521 0.109661
1522 0.114041
1523 0.105828
1524 0.187863
1525 0.0663351
1526 0.18964
1527 0.174651
1528 0.101978
1529 0.101925
1530 0.139756
1531 0.142819
1532 0.153867
1533 0.131218
1534 0.140516
1535 0.205594
1536 0.146715
1537 0.148858
1538 0.453179
1539 0.574434
1540 0.180785
1541 0.199747
1542 0.323527
1543 0.291218
1544 0.506591
1545 0.439481
1546 0.168777
1547 0.711168
1548 0.079013
1549 0.348343
1550 0.18916
1551 0.198095
1552 0.0792521
1553 0.263008
1554 0.251307
1555 0.146953
1556 0.144994
1557 0.172688
1558 0.346535
1559 0.207879
1560 0.210833
1561 0.460108
1562 0.0696889
1563 0.45727
1564 0.215835
1565 0.0333398
1566 0.0210207
1567 0.202252
1568 0.245071
1569 0.354378
1570 0.212348
1571 0.224622
1572 0.397908
1573 0.27043
1574 0.170103
1575 0.340412
1576 0.31129
1577 0.135227
1578 0.277254
1579 0.170673
1580 0.302771
1581 0.279693
1582 0.00217011
1583 0.12631
1584 0.162665
1585 0.110871
1586 0.226248
1587 0.186895
1588 0.179319
1589 0.119096
1590 0.120788
1591 0.0339362
1592 0.045434
1593 0.108353
1594 0.275784
1595 0.28512
1596 0.126895
1597 0.110142
1598 0.0958816
1599 0.139543
1600 0.247413
1601 0.136787
1602 0.259339
1603 0.310131
1604 0.176115
1605 0.30325
1606 0.0997464
1607 0.18562
1608 0.230992
1609 0.153652
1610 0.349201
1611 0.116322
1612 0.150113
1613 0.206972
1614 0.688888
1615 0.165846
1616 0.00798977
1617 0.289369
1618 0.257326
1619 0.075789
1620 0.0488506
1621 0.161614
1622 0.0564455
1623 0.178566
1624 0.123665
1625 0.0517941
1626 0.0515452
1627 0.163436
1628 0.274519
1629 0.0671367
1630 0.184479
1631 0.0276845
1632 0.333772
1633 0.215475
1634 0.224398
1635 0.165446
1636 0.100116
1637 0.162649
1638 0.093776
1639 0.229704
1640 0.349412
1641 0.07871
1642 0.125593
1643 0.00104834
1644 0.169012
1645 0.220457
1646 0.113592
1647 0.350398
1648 0.380608
1649 0.10209
1650 0.164582
1651 0.0881289
1652 0.111445
1653 0.0840454
1654 0.165449
1655 0.332468
1656 0.116545
1657 0.0905968
1658 0.104384
1659 0.0521431
1660 0.139857
1661 0.113914
1662 0.119913
1663 0.00274555
1664 0.0414139
1665 0.192544
1666 0.297567
1667 0.0979466
1668 0.120257
1669 0.0673288
1670 0.0542544
1671 0.0859648
1672 0.131553
1673 0.182827
1674 0.422878
1675 0.347186
1676 0.0786097
1677 0.215184
1678 0.432307
1679 0.328125
1680 0.0399844
1681 0.290881
1682 0.376098
1683 0.329575
1684 0.320577
1685 0.21016
1686 0.127413
1687 0.242383
1688 0.74843
1689 0.688262
1690 0.235545
1691 0.278799
1692 0.811757
1693 0.709876
1694 0.896817
1695 0.671249
1696 0.650811
1697 0.589117
1698 0.192379
1699 0.584537
1700 0.276658
1701 0.51707
1702 0.709923
1703 0.441382
1704 0.172394
1705 0.310222
1706 0.371093
1707 0.375369
1708 0.486983
1709 0.00408144
1710 0.039118
1711 0.354602
1712 0.487004
1713 0.0118946
1714 0.0345701
1715 0.216122
1716 0.201695
1717 0.194628
1718 0.10464
1719 0.155004
1720 0.298944
1721 0.168285
1722 0.11352
1723 0.214838
1724 0.0994808
1725 0.186618
1726 0.22845
1727 0.165139
1728 0.065092
1729 0.137263
1730 0.0998835
1731 0.228204
1732 0.0204566
1733 0.0624732
1734 0.167998
1735 0.0245132
1736 0.149743
1737 0.128524
1738 0.241543
1739 0.0728072
1740 0.512796
1741 0.0800158
1742 0.226534
1743 0.0602624
1744 0.0277308
1745 0.605248
1746 0.644884
1747 0.721216
1748 0.0981867
1749 0.384576
1750 0.255971
1751 0.394808
1752 0.821187
1753 0.685014
1754 0.426083
1755 0.378096
1756 0.377409
1757 0.845617
1758 0.706078
1759 0.507413
1760 0.807264
1761 0.855128
1762 0.655563
1763 0.557006
1764 0.59612
1765 0.851147
1766 0.558303
1767 0.526334
1768 0.859001
1769 0.581524
1770 0.832826
1771 0.0921529
1772 0.854668
1773 0.422299
1774 0.644213
1775 0.906049
1776 0.786454
1777 0.789193
1778 0.896261
1779 0.390191
1780 0.603574
1781 0.628205
1782 0.347901
1783 0.758737
1784 0.822359
1785 0.164208
1786 0.0751331
1787 0.777005
1788 0.780652
1789 0.50289
1790 0.337192
1791 0.455722
1792 0.884163
1793 0.907804
1794 0.416506
1795 0.900165
1796 0.78296
1797 0.712433
1798 0.660185
1799 0.579747
1800 0.753665
1801 0.745904
1802 0.724485
1803 0.410635
1804 0.0272184
1805 0.077715
1806 0.22341
1807 0.257087
1808 0.137782
1809 0.549354
1810 0.865116
1811 0.206798
1812 0.123114
1813 0.19574
1814 0.521849
1815 0.611426
1816 0.617475
1817 0.759522
1818 0.637546
1819 0.118965
1820 0.0800134
1821 0.0781567
1822 0.243467
1823 0.0409215
1824 0.161535
1825 0.296019
1826 0.318308
1827 0.441074
1828 0.583869
1829 0.626814
1830 0.299646
1831 0.517971
1832 0.516046
1833 0.0127923
1834 0.723881
1835 0.360808
1836 0.333159
1837 0.719808
1838 0.535294
1839 0.228217
1840 0.114448
1841 0.291192
1842 0.0189374
1843 0.0261675
1844 0.10003
1845 0.241002
1846 0.168954
1847 0.422282
1848 0.555052
1849 0.742405
1850 0.7798
1851 0.488811
1852 0.445241
1853 0.0350787
1854 0.0538922
1855 0.458056
1856 0.0385158
1857 0.323111
1858 0.176146
1859 0.143702
1860 0.237103
1861 0.201434
1862 0.79712
1863 0.0900658
1864 0.720609
1865 0.0809369
1866 0.1172
1867 0.0137748
1868 0.0137495
1869 0.0531715
1870 0.531313
1871 0.0813282
1872 0.695739
1873 0.36756
1874 0.658708
1875 0.716594
1876 0.381543
1877 0.713146
1878 0.664707
1879 0.868206
1880 0.694417
1881 0.165331
1882 0.676006
1883 0.730691
1884 0.722692
1885 0.405751
1886 0.731696
1887 0.690902
1888 0.900352
1889 0.453949
1890 0.497739
1891 0.405161
1892 0.862711
1893 0.444959
1894 0.043264
1895 0.316756
1896 0.565919
1897 0.50372
1898 0.685015
1899 0.683707
1900 0.706387
1901 0.135538
1902 0.699169
1903 0.68521
1904 0.137223
1905 0.426293
1906 0.272222
1907 0.660931
1908 0.255234
1909 0.216399
1910 0.443126
1911 0.521915
1912 0.478463
1913 0.644862
1914 0.0477181
1915 0.600045
1916 0.813316
1917 0.593103
1918 0.775694
1919 0.805701
1920 0.799524
1921 0.530617
1922 0.735891
1923 0.792769
1924 0.568885
1925 0.270613
1926 0.624827
1927 0.27472
1928 0.419174
1929 0.038152
1930 0.843828
1931 0.363971
1932 0.629309
1933 0.586816
1934 0.624099
1935 0.257198
1936 0.819952
1937 0.126041
1938 0.269624
1939 0.435926
1940 0.411497
1941 0.0879497
1942 0.407358
1943 0.664529
1944 0.354706
1945 0.296584
1946 0.742201
1947 0.375357
1948 0.479565
1949 0.512623
1950 0.611687
1951 0.275272
1952 0.464511
1953 0.154084
1954 0.437415
1955 0.52727
1956 0.136714
1957 0.464579
1958 0.5051
1959 0.410374
1960 0.243533
1961 0.497348
1962 0.645914
1963 0.492673
1964 0.319294
1965 0.227606
1966 0.171981
1967 0.551379
1968 0.156868
1969 0.655373
1970 0.786874
1971 0.807254
1972 0.491128
1973 0.753138
1974 0.643872
1975 0.765875
1976 0.459585
1977 0.550568
1978 0.658913
1979 0.634576
1980 0.166901
1981 0.721641
1982 0.282544
1983 0.787681
1984 0.82953
1985 0.475937
1986 0.489096
1987 0.609105
1988 0.694713
1989 0.739772
1990 0.0304968
1991 0.710762
1992 0.754867
1993 0.52358
1994 0.331561
1995 0.260777
1996 0.0235623
1997 0.31951
1998 0.615706
1999 0.108569
2000 0.488949
2001 0.0260863
2002 0.70697
2003 0.548953
2004 0.746795
2005 0.84393
2006 0.0518156
2007 0.447176
2008 0.720292
2009 0.143548
2010 0.705331
2011 0.831945
2012 0.776393
2013 0.00583915
2014 0.584245
2015 0.598349
2016 0.113534
2017 0.299342
2018 0.030824
2019 0.908991
2020 0.0628172
2021 0.558461
2022 0.18191
2023 0.762885
2024 0.548034
2025 0.67053
2026 0.46988
2027 0.541287
2028 0.697724
2029 0.0840067
2030 0.374852
2031 0.145278
2032 0.657938
2033 0.446196
2034 0.328626
2035 0.743594
2036 0.849201
2037 0.693454
2038 0.721457
2039 0.696154
2040 0.709686
2041 0.373542
2042 0.49256
2043 0.683221
2044 0.584057
2045 0.7491
2046 0.749919
2047 0.266815
2048 0.654573
2049 0.460823
2050 0.865272
2051 0.571803
2052 0.60198
2053 0.462203
2054 0.779906
2055 0.61894
2056 0.246634
2057 0.0439427
2058 0.403474
2059 0.389172
2060 0.47537
2061 0.304882
2062 0.72498
2063 0.663974
2064 0.871007
2065 0.550504
2066 0.753942
2067 0.728383
2068 0.241334
2069 0.588236
2070 0.772197
2071 0.767563
2072 0.71547
2073 0.217869
2074 0.527792
2075 0.470814
2076 0.448383
2077 0.420619
2078 0.0232374
2079 0.386244
2080 0.0221964
2081 0.229161
2082 0.334637
2083 0.0648669
2084 0.254466
2085 0.661631
2086 0.171296
2087 0.467176
2088 0.738662
2089 0.081285
2090 0.0135336
2091 0.0697198
2092 0.0474184
2093 0.174535
2094 0.516112
2095 0.629264
2096 0.288559
2097 0.0723736
2098 0.00152836
2099 0.182907
2100 0.180988
2101 0.28079
2102 0.10491
2103 0.350834
2104 0.419508
2105 0.0584468
2106 0.0197054
2107 0.513207
2108 0.443982
2109 0.924567
2110 0.191385
2111 0.612982
2112 0.271198
2113 0.866456
2114 0.529557
2115 0.520061
2116 0.427634
2117 0.261084
2118 0.60976
2119 0.516543
2120 0.665749
2121 0.788969
2122 0.0964511
2123 0.545484
2124 0.318759
2125 0.481154
2126 0.353452
2127 0.454043
2128 0.383717
2129 0.707869
2130 0.426534
2131 0.337124
2132 0.374118
2133 0.457416
2134 0.486428
2135 0.288915
2136 0.487854
2137 0.78018
2138 0.36854
2139 0.201301
2140 0.539959
2141 0.514385
2142 0.431839
2143 0.464861
2144 0.20345
2145 0.456142
2146 0.426328
2147 0.378639
2148 0.433539
2149 0.305793
2150 0.405984
2151 0.473949
2152 0.61156
2153 0.342347
2154 0.708869
2155 0.431548
2156 0.423131
2157 0.622497
2158 0.713001
2159 0.450157
2160 0.605852
2161 0.387747
2162 0.230842
2163 0.683489
2164 0.64504
2165 0.79024
2166 0.296272
2167 0.875286
2168 0.853524
2169 0.295875
2170 0.456627
2171 0.612768
2172 0.313176
2173 0.323082
2174 0.825837
2175 0.268866
2176 0.417922
2177 0.797618
2178 0.509744
2179 0.677824
2180 0.458917
2181 0.816522
2182 0.91042
2183 0.488269
2184 0.958431
2185 0.931718
2186 0.436219
2187 0.657817
2188 0.424605
2189 0.404999
2190 0.835164
2191 0.526251
2192 0.280152
2193 0.697334
2194 0.713108
2195 0.81848
2196 0.413302
2197 0.314638
2198 0.600931
2199 0.539112
2200 0.900251
2201 0.573776
2202 0.518489
2203 0.598308
2204 0.675412
2205 0.334288
2206 0.722107
2207 0.923857
2208 0.221879
2209 0.781159
2210 0.478062
2211 0.429123
2212 0.167147
2213 0.767698
2214 0.691508
2215 0.765191
2216 0.251752
2217 0.17791
2218 0.341933
2219 0.688201
2220 0.2123
2221 0.302845
2222 0.366656
2223 0.565261
2224 0.84262
2225 0.515139
2226 0.768311
2227 0.585845
2228 0.872395
2229 0.62201
2230 0.770201
2231 0.820932
2232 0.513097
2233 0.850772
2234 0.525747
2235 0.845599
2236 0.729046
2237 0.559144
2238 0.5613
2239 0.782059
2240 0.831506
2241 0.777619
2242 0.653947
2243 0.886029
2244 0.587374
2245 0.647164
2246 0.520097
2247 0.720733
2248 0.62314
2249 0.854045
2250 0.723388
2251 0.814907
2252 0.716031
2253 0.914084
2254 0.334708
2255 0.491959
2256 0.454902
2257 0.613113
2258 0.536548
2259 0.453169
2260 0.866388
2261 0.286811
2262 0.654914
2263 0.754426
2264 0.264076
2265 0.679823
2266 0.677482
2267 0.551609
2268 0.32134
2269 0.692172
2270 0.145174
2271 0.50905
2272 0.521693
2273 0.606813
2274 0.581548
2275 0.502121
2276 0.360345
2277 0.275085
2278 0.1754
2279 0.159315
2280 0.233935
2281 0.167006
2282 0.228433
2283 0.26636
2284 0.397246
2285 0.0583256
2286 0.370983
2287 0.484425
2288 0.768225
2289 0.350865
2290 0.510623
2291 0.296927
2292 0.534189
2293 0.134195
2294 0.483931
2295 0.527239
2296 0.47369
2297 0.613283
2298 0.558274
2299 0.688766
2300 0.447023
2301 0.465795
2302 0.576227
2303 0.585008
2304 0.666931
2305 0.54792
2306 0.217332
2307 0.378885
2308 0.52104
2309 0.620942
2310 0.654994
2311 0.301041
2312 0.0480889
2313 0.464085
2314 0.640332
2315 0.607189
2316 0.605565
2317 0.937464
2318 0.591322
2319 0.708057
2320 0.666702
2321 0.648636
2322 0.399998
2323 0.674343
2324 0.859398
2325 0.623385
2326 0.386602
2327 0.780061
2328 0.797964
2329 0.455199
2330 0.649654
2331 0.564691
2332 0.38623
2333 0.357059
2334 0.453066
2335 0.556845
2336 0.341434
2337 0.665829
2338 0.686965
2339 0.74042
2340 0.50846
2341 0.60885
2342 0.791015
2343 0.761759
2344 0.479863
2345 0.58226
2346 0.255104
2347 0.526585
2348 0.218683
2349 0.419086
2350 0.643948
2351 0.274859
2352 0.263757
2353 0.201261
2354 0.435686
2355 0.257598
2356 0.64095
2357 0.150321
2358 0.622558
2359 0.188603
2360 0.246135
2361 0.435058
2362 0.564985
2363 0.466909
2364 0.673759
2365 0.632914
2366 0.474091
2367 0.68554
2368 0.522117
2369 0.47924
2370 0.187804
2371 0.64187
2372 0.75262
2373 0.414575
2374 0.251886
2375 0.254498
2376 0.248838
2377 0.43642
2378 0.561324
2379 0.636881
2380 0.203455
2381 0.505673
2382 0.212839
2383 0.562331
2384 0.473056
2385 0.173802
2386 0.189322
2387 0.51735
2388 0.354672
2389 0.0501827
2390 0.643473
2391 0.437673
2392 0.0888587
2393 0.0903099
2394 0.137728
2395 0.559039
2396 0.473278
2397 0.551705
2398 0.623858
2399 0.237086
2400 0.180901
2401 0.541794
2402 0.405224
2403 0.394765
2404 0.0541663
2405 0.562745
2406 0.171325
2407 0.0935012
2408 0.500762
2409 0.454244
2410 0.110311
2411 0.750151
2412 0.35726
2413 0.512526
2414 0.162851
2415 0.460623
2416 0.20382
2417 0.412512
2418 0.457373
2419 0.456945
2420 0.475744
2421 0.507515
2422 0.682339
2423 0.478588
2424 0.669242
2425 0.454307
2426 0.647745
2427 0.373723
2428 0.733439
2429 0.860692
2430 0.240417
2431 0.3355
2432 0.404839
2433 0.854463
2434 0.532744
2435 0.429973
2436 0.565299
2437 0.567089
2438 0.382171
2439 0.72968
2440 0.358678
2441 0.641232
2442 0.5911
2443 0.629869
2444 0.45791
2445 0.420533
2446 0.679482
2447 0.443278
2448 0.57435
2449 0.649615
2450 0.49236
2451 0.131288
2452 0.159917
2453 0.688954
2454 0.725982
2455 0.278053
2456 0.240864
2457 0.149246
2458 0.578845
2459 0.492777
2460 0.152115
2461 0.445266
2462 0.669305
2463 0.526093
2464 0.487599
2465 0.465854
2466 0.115975
2467 0.696424
2468 0.725502
2469 0.218566
2470 0.571653
2471 0.524627
2472 0.3492
2473 0.55202
2474 0.698346
2475 0.854178
2476 0.890607
2477 0.709593
2478 0.764221
2479 0.641329
2480 0.960164
2481 0.500043
2482 0.522653
2483 0.427674
2484 0.512174
2485 0.736508
2486 0.464124
2487 0.851671
2488 0.692086
2489 0.712784
2490 0.505171
2491 0.806971
2492 0.737956
2493 0.54598
2494 0.507733
2495 0.632575
2496 0.727157
2497 0.742496
2498 0.760263
2499 0.933679
2500 0.967789
2501 0.619019
2502 0.582388
2503 0.365806
2504 0.213531
2505 0.267639
2506 0.139983
2507 0.725678
2508 0.477298
2509 0.489742
2510 0.360028
2511 0.464009
2512 0.535404
2513 0.927402
2514 0.810093
2515 0.543431
2516 0.266898
2517 0.481827
2518 0.333232
2519 0.798793
2520 0.35911
2521 0.0113888
2522 0.763377
2523 0.233392
2524 0.532189
2525 0.758446
2526 0.785271
2527 0.545539
2528 0.598371
2529 0.631206
2530 0.734989
2531 0.45701
2532 0.441703
2533 0.651819
2534 0.703936
2535 0.366701
2536 0.62734
2537 0.542628
2538 0.735452
2539 0.510666
2540 0.592395
2541 0.701754
2542 0.53548
2543 0.835893
2544 0.457203
2545 0.743133
2546 0.759062
2547 0.811937
2548 0.402115
2549 0.771603
2550 0.539943
2551 0.290467
2552 0.647213
2553 0.354644
2554 0.744549
2555 0.738023
2556 0.815822
2557 0.770716
2558 0.512477
2559 0.67289
2560 0.81087
2561 0.445038
2562 0.680107
2563 0.901067
2564 0.78867
2565 0.869509
2566 0.706585
2567 0.477102
2568 0.653534
2569 0.791866
2570 0.374323
2571 0.729506
2572 0.575336
2573 0.875156
2574 0.736042
2575 0.752724
2576 0.506028
2577 0.791676
2578 0.223738
2579 0.43517
2580 0.644566
2581 0.720176
2582 0.730161
2583 0.667391
2584 0.792493
2585 0.273194
2586 0.953532
2587 0.538618
2588 0.4603
2589 0.429744
2590 0.310132
2591 0.605036
2592 0.41233
2593 0.455073
2594 0.386447
2595 0.505747
2596 0.219364
2597 0.514271
2598 0.467276
2599 0.417922
2600 0.158809
2601 0.233614
2602 0.538821
2603 0.756153
2604 0.501427
2605 0.531505
2606 0.761224
2607 0.439905
2608 0.681086
2609 0.779679
2610 0.656389
2611 0.232742
2612 0.331242
2613 0.456351
2614 0.369453
2615 0.415067
2616 0.505206
2617 0.4743
2618 0.683254
2619 0.4422
2620 0.554846
2621 0.846669
2622 0.819674
2623 0.508837
2624 0.427997
2625 0.354821
2626 0.431047
2627 0.543158
2628 0.661929
2629 0.741666
2630 0.867882
2631 0.507399
2632 0.302237
2633 0.473164
2634 0.523017
2635 0.718819
2636 0.537787
2637 0.442931
2638 0.0393664
2639 0.591855
2640 0.407372
2641 0.437631
2642 0.232765
2643 0.389834
2644 0.143901
2645 0.16427
2646 0.719568
2647 0.622078
2648 0.69804
2649 0.159958
2650 0.177301
2651 0.662635
2652 0.190235
2653 0.390665
2654 0.412335
2655 0.506596
2656 0.538055
2657 0.274975
2658 0.571677
2659 0.235414
2660 0.555338
2661 0.26476
2662 0.367654
2663 0.266888
2664 0.357496
2665 0.318336
2666 0.291851
2667 0.544161
2668 0.599614
2669 0.760542
2670 0.504618
2671 0.483638
2672 0.496844
2673 0.355294
2674 0.501315
2675 0.645343
2676 0.444766
2677 0.647117
2678 0.526989
2679 0.448671
2680 0.475725
2681 0.536312
2682 0.52107
2683 0.297599
2684 0.77341
2685 0.780242
2686 0.592908
2687 0.625905
2688 0.463133
2689 0.285833
2690 0.408267
2691 0.579013
2692 0.361459
2693 0.315016
2694 0.381703
2695 0.349393
2696 0.562755
2697 0.334356
2698 0.440707
2699 0.335333
2700 0.558566
2701 0.432349
2702 0.62959
2703 0.263176
2704 0.486215
2705 0.343694
2706 0.683583
2707 0.331497
2708 0.113062
2709 0.388504
2710 0.389887
2711 0.418353
2712 0.114324
2713 0.773447
2714 0.439659
2715 0.761992
2716 0.557022
2717 0.383082
2718 0.456497
2719 0.472941
2720 0.424583
2721 0.694316
2722 0.876766
2723 0.991207
2724 0.559093
2725 0.535646
2726 0.520872
2727 0.171842
2728 0.595683
2729 0.490622
2730 0.515074
2731 0.571252
2732 0.492342
2733 0.394784
2734 0.449014
2735 0.260851
2736 0.745194
2737 0.638728
2738 0.422066
2739 0.445085
2740 0.545589
2741 0.759198
2742 0.558878
2743 0.372986
2744 0.52815
2745 0.441411
2746 0.478457
2747 0.504662
2748 0.759352
2749 0.236831
2750 0.406053
2751 0.411428
2752 0.639372
2753 0.441922
2754 0.490565
2755 0.441597
2756 0.565964
2757 0.593153
2758 0.822924
2759 0.864059
2760 0.450151
2761 0.514049
2762 0.207116
2763 0.378461
2764 0.539024
2765 0.680369
2766 0.257936
2767 0.613866
2768 0.793198
2769 0.454304
2770 0.779317
2771 0.220662
2772 0.476296
2773 0.211243
2774 0.758939
2775 0.578214
2776 0.231083
2777 0.477264
2778 0.380851
2779 0.500186
2780 0.232065
2781 0.604975
2782 0.569905
2783 0.737661
2784 0.476303
2785 0.242178
2786 0.576514
2787 0.28989
2788 0.465137
2789 0.562063
2790 0.530502
2791 0.59839
2792 0.756031
2793 0.424374
2794 0.217994
2795 0.413518
2796 0.476041
2797 0.78493
2798 0.660584
2799 0.5858
2800 0.540945
2801 0.764682
2802 0.65015
2803 0.736458
2804 0.501467
2805 0.34037
2806 0.274631
2807 0.652668
2808 0.577763
2809 0.535748
2810 0.593991
2811 0.604355
2812 0.6773
2813 0.521369
2814 0.455744
2815 0.468613
2816 0.317856
2817 0.454264
2818 0.521176
2819 0.432064
2820 0.730589
2821 0.445101
2822 0.390019
2823 0.472298
2824 0.440952
2825 0.266794
2826 0.319424
2827 0.520915
2828 0.174526
2829 0.688095
2830 0.725373
2831 0.475787
2832 0.641801
2833 0.682125
2834 0.676823
2835 0.304553
2836 0.591902
2837 0.409175
2838 0.64732
2839 0.616269
2840 0.672263
2841 0.425569
2842 0.481362
2843 0.0356038
2844 0.338164
2845 0.411138
2846 0.542564
2847 0.38929
2848 0.674778
2849 0.493253
2850 0.59415
2851 0.44501
2852 0.665883
2853 0.488539
2854 0.502207
2855 0.30988
2856 0.366656
2857 0.71792
2858 0.494521
2859 0.531226
2860 0.513828
2861 0.445012
2862 0.399888
2863 0.561745
2864 0.560032
2865 0.585211
2866 0.539098
2867 0.611944
2868 0.575089
2869 0.70036
2870 0.555561
2871 0.697583
2872 0.564973
2873 0.138341
2874 0.489874
2875 0.713017
2876 0.664587
2877 0.758202
2878 0.470608
2879 0.709324
2880 0.177786
2881 0.47371
2882 0.735141
2883 0.656709
2884 0.425373
2885 0.514384
2886 0.499807
2887 0.496568
2888 0.553446
2889 0.516405
2890 0.220241
2891 0.464784
2892 0.505497
2893 0.602817
2894 0.442676
2895 0.479135
2896 0.46699
2897 0.502221
2898 0.52569
2899 0.709224
2900 0.713047
2901 0.547097
2902 0.514233
2903 0.293456
2904 0.524108
2905 0.517093
2906 0.360646
2907 0.482254
2908 0.398077
2909 0.398304
2910 0.428991
2911 0.599471
2912 0.690733
2913 0.83188
2914 0.494686
2915 0.587933
2916 0.619018
2917 0.516811
2918 0.478655
2919 0.393071
2920 0.631366
2921 0.864558
2922 0.5819
2923 0.568687
2924 0.539944
2925 0.491486
2926 0.542534
2927 0.60722
2928 0.660493
2929 0.551394
2930 0.396755
2931 0.711144
2932 0.620611
2933 0.842556
2934 0.833918
2935 0.781765
2936 0.599207
2937 0.665868
2938 0.479112
2939 0.679076
2940 0.6985
2941 0.596481
2942 0.626055
2943 0.417571
2944 0.501393
2945 0.667373
2946 0.570154
2947 0.684457
2948 0.504736
2949 0.647483
2950 0.688997
2951 0.436322
2952 0.667059
2953 0.63428
2954 0.4456
2955 0.672602
2956 0.503468
2957 0.694044
2958 0.613557
2959 0.58198
2960 0.527032
2961 0.394312
2962 0.573743
2963 0.619556
2964 0.586787
2965 0.557333
2966 0.609028
2967 0.479622
2968 0.79214
2969 0.53621
2970 0.627434
2971 0.667062
2972 0.63291
2973 0.743852
2974 0.513735
2975 0.581285
2976 0.504693
2977 0.337058
2978 0.388491
2979 0.624764
2980 0.777958
2981 0.402508
2982 0.321544
2983 0.46294
2984 0.656624
2985 0.228901
2986 0.518138
2987 0.664801
2988 0.677217
2989 0.725349
2990 0.314489
2991 0.960065
2992 0.717974
2993 0.719415
2994 0.672952
2995 0.488129
2996 0.561228
2997 0.624922
2998 0.354849
2999 0.625285
3000 0.577237
3001 0.759783
3002 0.448296
3003 0.413353
3004 0.76704
3005 0.659638
3006 0.755297
3007 0.602781
3008 0.815923
3009 0.59711
3010 0.710961
3011 0.716254
3012 0.665867
3013 0.548166
3014 0.148348
3015 0.71317
3016 0.496581
3017 0.626239
3018 0.63527
3019 0.536152
3020 0.44522
3021 0.484625
3022 0.653285
3023 0.644355
3024 0.810411
3025 0.945893
3026 0.879091
3027 0.107044
3028 0.405493
3029 0.452695
3030 0.545545
3031 0.869966
3032 0.384633
3033 0.56056
3034 0.289461
3035 0.561792
3036 0.915491
3037 0.229657
3038 0.745412
3039 0.763271
3040 0.803809
3041 0.850869
3042 0.82736
3043 0.767323
3044 0.663046
3045 0.616952
3046 0.578036
3047 0.659623
3048 0.579639
3049 0.488711
3050 0.872181
3051 0.756843
3052 0.497082
3053 0.253624
3054 0.675097
3055 0.683873
3056 0.820274
3057 0.608954
3058 0.898438
3059 0.622407
3060 0.46534
3061 0.59149
3062 0.496631
3063 0.619156
3064 0.469677
3065 0.395252
3066 0.477488
3067 0.774941
3068 0.825074
3069 0.691016
3070 0.906855
3071 0.500236
3072 0.595213
3073 0.7331
3074 0.60179
3075 0.840554
3076 0.586882
3077 0.407704
3078 0.915792
3079 0.685039
3080 0.86941
3081 0.753857
3082 0.650783
3083 0.541974
3084 0.527679
3085 0.69438
3086 0.41526
3087 0.298837
3088 0.308677
3089 0.883587
3090 0.603377
3091 0.575199
3092 0.668639
3093 0.729597
3094 0.295996
3095 0.579213
3096 0.610816
3097 0.43421
3098 0.467792
3099 0.686342
3100 0.563436
3101 0.728436
3102 0.747597
3103 0.664815
3104 0.620467
3105 0.483692
3106 0.592362
3107 0.406174
3108 0.477382
3109 0.422835
3110 0.488758
3111 0.483247
3112 0.962433
3113 0.460766
3114 0.732207
3115 0.912505
3116 0.659601
3117 0.921178
3118 0.63678
3119 0.76468
3120 0.951668
3121 0.926669
3122 0.574549
3123 0.625671
3124 0.683346
3125 0.443555
3126 0.725921
3127 0.445889
3128 0.592291
3129 0.563051
3130 0.851902
3131 0.417028
3132 0.526057
3133 0.418006
3134 0.778615
3135 0.486775
3136 0.830703
3137 0.673579
3138 0.853186
3139 0.733997
3140 0.480981
3141 0.84266
3142 0.848034
3143 0.615935
3144 0.43649
3145 0.897228
3146 0.629079
3147 0.441488
3148 0.661991
3149 0.485134
3150 0.493175
3151 0.595707
3152 0.380877
3153 0.318482
3154 0.551188
3155 0.0724349
3156 0.645329
3157 0.660985
3158 0.500875
3159 0.220385
3160 0.473051
3161 0.422899
3162 0.787479
3163 0.465761
3164 0.599305
3165 0.561989
3166 0.0596332
3167 0.426996
3168 0.798032
3169 0.532338
3170 0.830646
3171 0.714878
3172 0.426947
3173 0.514955
3174 0.466721
3175 0.402916
3176 0.340382
3177 0.652559
3178 0.475283
3179 0.533792
3180 0.751872
3181 0.212737
3182 0.875504
3183 0.719266
3184 0.428703
3185 0.348999
3186 0.652052
3187 0.296644
3188 0.394383
3189 0.603224
3190 0.668894
3191 0.641376
3192 0.681552
3193 0.413618
3194 0.714715
3195 0.625715
3196 0.541459
3197 0.928711
3198 0.672416
3199 0.431711
3200 0.575864
3201 0.459154
3202 0.466778
3203 0.847114
3204 0.882456
3205 0.091011
3206 0.32214
3207 0.54469
3208 0.223403
3209 0.265764
3210 0.515924
3211 0.403779
3212 0.194985
3213 0.490247
3214 0.455001
3215 0.565243
3216 0.723201
3217 0.497712
3218 0.702357
3219 0.323847
3220 0.54811
3221 0.484582
3222 0.530513
3223 0.802906
3224 0.530301
3225 0.43679
3226 0.220882
3227 0.510643
3228 0.403202
3229 0.83108
3230 0.494871
3231 0.62023
3232 0.69359
3233 0.414518
3234 0.320644
3235 0.344663
3236 0.4373
3237 0.215693
3238 0.384158
3239 0.519228
3240 0.526409
3241 0.677958
3242 0.208271
3243 0.618771
3244 0.649416
3245 0.278211
3246 0.404137
3247 0.49732
3248 0.704635
3249 0.579809
3250 0.214918
3251 0.268256
3252 0.519099
3253 0.2222
3254 0.223824
3255 0.488066
3256 0.580526
3257 0.434162
3258 0.218781
3259 0.307782
3260 0.303528
3261 0.361041
3262 0.326837
3263 0.242737
3264 0.31904
3265 0.533724
3266 0.561633
3267 0.742969
3268 0.159877
3269 0.603298
3270 0.416946
3271 0.22056
3272 0.173289
3273 0.421817
3274 0.672981
3275 0.178688
3276 0.411839
3277 0.268019
3278 0.465878
3279 0.466506
3280 0.574102
3281 0.568238
3282 0.555206
3283 0.447145
3284 0.499377
3285 0.386779
3286 0.290893
3287 0.472347
3288 0.556086
3289 0.430682
3290 0.447769
3291 0.529884
3292 0.288703
3293 0.0919238
3294 0.291688
3295 0.46227
3296 0.241361
3297 0.426913
3298 0.280318
3299 0.372759
3300 0.382948
3301 0.526136
3302 0.715882
3303 0.705758
3304 0.403981
3305 0.590744
3306 0.763412
3307 0.638385
3308 0.737289
3309 0.71368
3310 0.403188
3311 0.816379
3312 0.73176
3313 0.744102
3314 0.652937
3315 0.799277
3316 0.720468
3317 0.389676
3318 0.429694
3319 0.368341
3320 0.948561
3321 0.428551
3322 0.50181
3323 0.624597
3324 0.743596
3325 0.731843
3326 0.52434
3327 0.545441
3328 0.322259
3329 0.423207
3330 0.437386
3331 0.498142
3332 0.417795
3333 0.423002
3334 0.575395
3335 0.261235
3336 0.170417
3337 0.184751
3338 0.326861
3339 0.30504
3340 0.410184
3341 0.142791
3342 0.511911
3343 0.13588
3344 0.31948
3345 0.468438
3346 0.534956
3347 0.454884
3348 0.290619
3349 0.511987
3350 0.487486
3351 0.795767
3352 0.230086
3353 0.478243
3354 0.817776
3355 0.385062
3356 0.406245
3357 0.433772
3358 0.447905
3359 0.060302
3360 0.329637
3361 0.34799
3362 0.656035
3363 0.392068
3364 0.365022
3365 0.356661
3366 0.77561
3367 0.768572
3368 0.652767
3369 0.650566
3370 0.755477
3371 0.792382
3372 0.510505
3373 0.408511
3374 0.496657
3375 0.767709
3376 0.577165
3377 0.295566
3378 0.649742
3379 0.400955
3380 0.240672
3381 0.739443
3382 0.587366
3383 0.0708675
3384 0.127189
3385 0.421761
3386 0.238096
3387 0.293098
3388 0.302047
3389 0.580003
3390 0.119442
3391 0.736976
3392 0.0760259
3393 0.276525
3394 0.305383
3395 0.328578
3396 0.504396
3397 0.322167
3398 0.510439
3399 0.0598017
3400 0.624364
3401 0.337209
3402 0.476237
3403 0.0537463
3404 0.0512243
3405 0.129139
3406 0.754696
3407 0.228199
3408 0.634846
3409 0.391271
3410 0.730376
3411 0.724761
3412 0.0240781
3413 0.120499
3414 0.160873
3415 0.691326
3416 0.8762
3417 0.684974
3418 0.847191
3419 0.844224
3420 0.779381
3421 0.0591268
3422 0.837538
3423 0.862765
3424 0.744386
3425 0.0306331
3426 0.593657
3427 0.830084
3428 0.730018
3429 0.824215
3430 0.714821
3431 0.824496
3432 0.938384
3433 0.812739
3434 0.666836
3435 0.897897
3436 0.90123
3437 0.926812
3438 0.791272
3439 0.622506
3440 0.608147
3441 0.833795
3442 0.971874
3443 0.530254
3444 0.004265
3445 0.0289278
3446 0.755169
3447 0.664112
3448 0.72069
3449 0.843155
3450 0.579522
3451 0.862451
3452 0.682017
3453 0.938129
3454 0.878666
3455 0.863884
3456 0.692086
3457 0.87941
3458 0.873093
3459 0.890488
3460 0.193298
3461 0.602441
3462 0.724948
3463 0.605144
3464 0.62561
3465 0.006764
3466 0.102372
3467 0.56188
3468 0.437094
3469 0.785854
3470 0.716442
3471 0.814512
3472 0.628903
3473 0.738804
3474 0.0182215
3475 0.730065
3476 0.903468
3477 0.547678
3478 0.380657
3479 0.800055
3480 0.723406
3481 0.507617
3482 0.30335
3483 0.0316294
3484 0.647693
3485 0.00190664
3486 0.101215
3487 0.02566
3488 0.488936
3489 0.0323515
3490 0.194957
3491 0.299666
3492 0.654526
3493 0.584156
3494 0.0109189
3495 0.0168322
3496 0.0172663
3497 0.0287804
3498 0.623051
3499 0.600473
3500 0.774164
3501 0.601826
3502 0.685169
3503 0.803629
3504 0.728289
3505 0.669371
3506 0.756874
3507 0.898983
3508 0.814088
3509 0.575834
3510 0.733987
3511 0.459659
3512 0.280779
3513 0.69284
3514 0.457132
3515 0.740233
3516 0.772301
3517 0.590507
3518 0.345946
3519 0.954291
3520 0.0307808
3521 0.133238
3522 0.616841
3523 0.00558773
3524 0.619876
3525 0.0307594
3526 0.0142403
3527 0.54086
3528 0.0366582
3529 0.0251349
3530 0.0216984
3531 0.0485571
3532 0.412604
3533 0.158415
3534 0.311646
3535 0.53089
3536 0.574631
3537 0.754846
3538 0.01756
3539 0.562254
3540 0.61723
3541 0.76739
3542 0.819587
3543 0.122003
3544 0.793776
3545 0.503268
3546 0.0459509
3547 0.517878
3548 0.576478
3549 0.628957
3550 0.0487546
3551 0.0406268
3552 0.0442772
3553 0.0441244
3554 0.310631
3555 0.0268157
3556 0.176598
3557 0.620408
3558 0.367258
3559 0.0438426
3560 0.0670438
3561 0.044258
3562 0.0488802
3563 0.0436941
3564 0.305801
3565 0.106111
3566 0.674956
3567 0.890301
3568 0.445192
3569 0.0572352
3570 0.0462526
3571 0.545627
3572 0.0390512
3573 0.594355
3574 0.694874
3575 0.539305
3576 0.846966
3577 0.782514
3578 0.822173
3579 0.927494
3580 0.921992
3581 0.886785
3582 0.583776
3583 0.691601
3584 0.816516
3585 0.785778
3586 0.885725
3587 0.809982
3588 0.625521
3589 0.866286
3590 0.843268
3591 0.840376
3592 0.831372
3593 0.811562
3594 0.756622
3595 0.849555
3596 0.616884
3597 0.847944
3598 0.821174
3599 0.578045
3600 0.687266
3601 0.830063
3602 0.939016
3603 0.71623
3604 0.938479
3605 0.765009
3606 0.867008
3607 0.765525
3608 0.677455
3609 0.647961
3610 0.842078
3611 0.869357
3612 0.774334
3613 0.975646
3614 0.935826
3615 0.609222
3616 0.903045
3617 0.836798
3618 0.757511
3619 0.913416
3620 0.847269
3621 0.575879
3622 0.793546
3623 0.836614
3624 0.918415
3625 0.684387
3626 0.653005
3627 0.880943
3628 0.925955
3629 0.537929
3630 0.925546
3631 0.922042
3632 0.635994
3633 0.956397
3634 0.89359
3635 0.83721
3636 0.738953
3637 0.85161
3638 0.97698
3639 0.913005
3640 0.787906
3641 0.941875
3642 0.748435
3643 0.724892
3644 0.860339
3645 0.598502
3646 0.823882
3647 0.778281
3648 0.63103
3649 0.628168
3650 0.712263
3651 0.631798
3652 0.800643
3653 0.643676
3654 0.648174
3655 0.939165
3656 0.603025
3657 0.927083
3658 0.79054
3659 0.892873
3660 0.821284
3661 0.964311
3662 0.687215
3663 0.720778
3664 0.847941
3665 0.718387
3666 0.789918
3667 0.818796
3668 0.793604
3669 0.881415
3670 0.735936
3671 0.882704
3672 0.505662
3673 0.767366
3674 0.63913
3675 0.895921
3676 0.837647
3677 0.661501
3678 0.89214
3679 0.771044
3680 0.859574
3681 0.976627
3682 0.683323
3683 0.960562
3684 0.710953
3685 0.889163
3686 0.926108
3687 0.807909
3688 0.737461
3689 0.844968
3690 0.873089
3691 0.655695
3692 0.640834
3693 0.894881
3694 0.860263
3695 0.836257
3696 0.70555
3697 0.864338
3698 0.571515
3699 0.803899
3700 0.884731
3701 0.629381
3702 0.756268
3703 0.77488
3704 0.789542
3705 0.885508
3706 0.753995
3707 0.799323
3708 0.798578
3709 0.663342
3710 0.642146
3711 0.778724
3712 0.794706
3713 0.805806
3714 0.648725
3715 0.842986
3716 0.90004
3717 0.870114
3718 0.678301
3719 0.72986
3720 0.923795
3721 0.782621
3722 0.102295
3723 0.913466
3724 0.754503
3725 0.942639
3726 0.769859
3727 0.687859
3728 0.951991
3729 0.869948
3730 0.894029
3731 0.717783
3732 0.580799
3733 0.864714
3734 0.699724
3735 0.731252
3736 0.874318
3737 0.822438
3738 0.688681
3739 0.563367
3740 0.654825
3741 0.622908
3742 0.847117
3743 0.886807
3744 0.806946
3745 0.840395
3746 0.770819
3747 0.756709
3748 0.615651
3749 0.872543
3750 0.834367
3751 0.857692
3752 0.775821
3753 0.851658
3754 0.849798
3755 0.974991
3756 0.863286
3757 0.855408
3758 0.762563
3759 0.723061
3760 0.898801
3761 0.446625
3762 0.591129
3763 0.819604
3764 0.713027
3765 0.75424
3766 0.876813
3767 0.865226
3768 0.822319
3769 0.695752
3770 0.679912
3771 0.463408
3772 0.75955
3773 0.712372
3774 0.911589
3775 0.672839
3776 0.674085
3777 0.690722
3778 0.815391
3779 0.78596
3780 0.87551
3781 0.79107
3782 0.862178
3783 0.792448
3784 0.822535
3785 0.971357
3786 0.861555
3787 0.942874
3788 0.934609
3789 0.666708
3790 0.805017
3791 0.870979
3792 0.869296
3793 0.986085
3794 0.751193
3795 0.843963
3796 0.742036
3797 0.84104
3798 0.597155
3799 0.943719
3800 0.906555
3801 0.797904
3802 0.830978
3803 0.615395
3804 0.687457
3805 0.839264
3806 0.817422
3807 0.843317
3808 0.316854
3809 0.122002
3810 0.0539357
3811 0.434065
3812 0.0523266
3813 0.291253
3814 0.00227618
3815 0.243917
3816 0.53393
3817 0.734899
3818 0.545048
3819 0.0367072
3820 0.18523
3821 0.425389
3822 0.0321887
3823 0.00320821
3824 0.000161364
3825 0.161168
3826 0.192875
3827 0.00191967
3828 0.00293634
3829 0.470242
3830 0.735481
3831 0.773333
3832 0.563042
3833 0.338838
3834 0.543187
3835 0.0252353
3836 0.489223
3837 0.652937
3838 0.462918
3839 0.191946
3840 0.68387
3841 0.665146
3842 0.550787
3843 0.48699
3844 0.372955
3845 0.673771
3846 0.646447
3847 0.83375
3848 0.0371318
3849 0.625579
3850 0.325189
3851 0.591314
3852 0.463089
3853 0.798807
3854 0.473255
3855 0.4456
3856 0.465655
3857 0.450699
3858 0.812857
3859 0.451258
3860 0.506512
3861 0.631066
3862 0.170698
3863 0.532107
3864 0.531398
3865 0.44602
3866 0.677452
3867 0.188375
3868 0.667409
3869 0.599473
3870 0.518971
3871 0.515271
3872 0.499952
3873 0.745008
3874 0.436727
3875 0.268023
3876 0.429331
3877 0.490882
3878 0.63645
3879 0.00154032
3880 0.658828
3881 0.649484
3882 0.927116
3883 0.0498999
3884 0.453763
3885 0.00491701
3886 0.0245642
3887 0.0385946
3888 0.160428
3889 0.22463
3890 0.0655916
3891 0.0972087
3892 0.120859
3893 0.0354184
3894 0.0180874
3895 0.635331
3896 0.0326877
3897 0.0523111
3898 0.0514893
3899 0.0533636
3900 0.0437481
3901 0.0581518
3902 0.0559922
3903 0.0464189
3904 0.0505684
3905 0.0523949
3906 0.048234
3907 0.0595862
3908 0.0523083
3909 0.0324411
3910 0.0332194
3911 0.73122
3912 0.634504
3913 0.0780978
3914 0.160783
3915 0.18453
3916 0.205322
3917 0.41033
3918 0.22167
3919 0.204596
3920 0.192804
3921 0.180942
3922 0.676577
3923 0.0177252
3924 0.492148
3925 0.139918
3926 0.609914
3927 0.354505
3928 0.042308
3929 0.69979
3930 0.0383567
3931 0.0191115
3932 0.022839
3933 0.0233042
3934 0.00488684
3935 0.836124
3936 0.0459461
3937 0.579345
3938 0.286944
3939 0.484766
3940 0.40797
3941 0.643991
3942 0.232128
3943 0.488997
3944 0.51489
3945 0.370599
3946 0.340713
3947 0.580445
3948 0.619542
3949 0.272728
3950 0.578333
3951 0.515759
3952 0.840767
3953 0.458665
3954 0.340392
3955 0.901973
3956 0.452763
3957 0.488333
3958 0.374968
3959 0.473835
3960 0.833472
3961 0.187024
3962 0.388771
3963 0.87542
3964 0.811897
3965 0.572639
3966 0.927623
3967 0.538701
3968 0.02472
3969 0.563382
3970 0.602985
3971 0.598045
3972 0.637696
3973 0.0410492
3974 0.873084
3975 0.945814
3976 0.70741
3977 0.76883
3978 0.863488
3979 0.607918
3980 0.821252
3981 0.11752
3982 0.709436
3983 0.614761
3984 0.663266
3985 0.746107
3986 0.622791
3987 0.829824
3988 0.536056
3989 0.550332
3990 0.657369
3991 0.0350525
3992 0.0402841
3993 0.00439251
3994 0.0262667
3995 0.0338724
3996 0.038725
3997 0.63273
3998 0.0383746
3999 0.0400452
4000 0.0438502
4001 0.0260857
4002 0.0299819
4003 0.0339091
4004 0.492642
4005 0.745146
4006 0.479606
4007 0.507384
4008 0.40498
4009 0.255088
4010 0.651796
4011 0.530047
4012 0.339271
4013 0.6512
4014 0.55212
4015 0.338903
4016 0.4384
4017 0.742985
4018 0.912226
4019 0.197584
4020 0.753477
4021 0.65216
4022 0.310379
4023 0.421428
4024 0.483629
4025 0.382075
4026 0.567589
4027 0.687666
4028 0.891497
4029 0.55827
4030 0.0563603
4031 0.767575
4032 0.846719
4033 0.0441538
4034 0.0292633
4035 0.0477674
4036 0.605817
4037 0.0449849
4038 0.0461999
4039 0.820157
4040 0.0493836
4041 0.685534
4042 0.722048
4043 0.663937
4044 0.79005
4045 0.542923
4046 0.0282188
4047 0.701978
4048 0.013028
4049 0.63924
4050 0.0321165
4051 0.534437
4052 0.828959
4053 0.689638
4054 0.183154
4055 0.177894
4056 0.685518
4057 0.86454
4058 0.845328
4059 0.848213
4060 0.556497
4061 0.731113
4062 0.835178
4063 0.524471
4064 0.474011
4065 0.620245
4066 0.657141
4067 0.783695
4068 0.228579
4069 0.204831
4070 0.619876
4071 0.608292
4072 0.0543809
4073 0.521361
4074 0.84259
4075 0.793157
4076 0.675019
4077 0.0322696
4078 0.581399
4079 0.103301
4080 0.162616
4081 0.242656
4082 0.00109063
4083 0.659282
4084 0.878373
4085 0.648867
4086 0.499395
4087 0.592124
4088 0.786814
4089 0.698567
4090 0.707641
4091 0.614508
4092 0.606673
4093 0.715814
4094 0.832413
4095 0.0233526
4096 0.0146464
4097 0.792259
4098 0.71255
4099 0.652427
4100 0.606607
4101 0.819318
4102 3.74795e-05
4103 0.765175
4104 0.0192618
4105 0.0267828
4106 0.641368
4107 0.672934
4108 0.0454729
4109 0.789348
4110 0.641294
4111 0.734603
4112 0.876437
4113 0.601662
4114 0.777164
4115 0.00360855
4116 0.0398343
4117 0.517509
4118 0.86502
4119 0.685617
4120 0.663315
4121 0.0163653
4122 0.440681
4123 0.620044
4124 0.099015
4125 0.139583
4126 0.148185
4127 0.823211
4128 0.591427
4129 0.744742
4130 0.656103
4131 0.549468
4132 0.587274
4133 0.732689
4134 0.226822
4135 0.00585714
4136 0.609013
4137 0.0329338
4138 0.794025
4139 0.63423
4140 0.135697
4141 0.836564
4142 0.662055
4143 0.553452
4144 0.834007
4145 0.77486
4146 0.604352
4147 0.916432
4148 0.579985
4149 0.848221
4150 0.557659
4151 0.0637664
4152 0.187616
4153 0.622417
4154 0.61242
4155 0.654924
4156 0.892092
4157 0.616761
4158 0.554041
4159 0.747303
4160 0.583042
4161 0.0441675
4162 0.040102
4163 0.0324471
4164 0.472278
4165 0.0542798
4166 0.787368
4167 0.700182
4168 0.101994
4169 0.64075
4170 0.780742
4171 0.543015
4172 0.0341706
4173 0.629882
4174 0.274912
4175 0.705175
4176 0.583226
4177 0.697774
4178 0.164001
4179 0.139037
4180 0.0280713
4181 0.525812
4182 0.441524
4183 0.702178
4184 0.798039
4185 0.114866
4186 0.617558
4187 0.739282
4188 0.530005
4189 0.816071
4190 0.102621
4191 0.638038
4192 0.790492
4193 0.654821
4194 0.549344
4195 0.621192
4196 0.0179218
4197 0.691855
4198 0.5601
4199 0.0326825
4200 0.813862
4201 0.0206897
4202 0.012781
4203 0.508984
4204 0.0274861
4205 0.543825
4206 0.870688
4207 0.708526
4208 0.0139955
4209 0.473852
4210 0.714322
4211 0.643404
4212 0.597757
4213 0.0480186
4214 0.582852
4215 0.0221935
4216 0.591115
4217 0.825386
4218 0.061403
4219 0.725995
4220 0.286008
4221 0.0734936
4222 0.385481
4223 0.922108
4224 0.725999
4225 0.453027
4226 0.702322
4227 0.0398125
4228 0.00412195
4229 0.0310567
4230 0.0350582
4231 0.0404986
4232 0.0202279
4233 0.0447761
4234 0.0320849
4235 0.0372099
4236 0.00234788
4237 0.020333
4238 0.0113217
4239 0.00787396
4240 0.336053
4241 0.394826
4242 0.598404
4243 0.387619
4244 0.190973
4245 0.547485
4246 0.653901
4247 0.222909
4248 0.288563
4249 0.519528
4250 0.413149
4251 0.485107
4252 0.437213
4253 0.383475
4254 0.55179
4255 0.602491
4256 0.143667
4257 0.758384
4258 0.0446571
4259 0.0349456
4260 0.00349038
4261 0.488803
4262 0.0567713
4263 0.00188166
4264 0.491355
4265 0.0336989
4266 0.559351
4267 0.00564689
4268 0.0342173
4269 0.0635842
4270 0.366931
4271 0.686371
4272 0.133225
4273 0.0209578
4274 0.352939
4275 0.560361
4276 0.0201163
4277 0.686664
4278 0.0678508
4279 0.0233147
4280 0.0171392
4281 0.204921
4282 0.351224
4283 0.0405755
4284 0.0418455
4285 0.0422027
4286 0.796297
4287 0.0790727
4288 0.0168493
4289 0.00932751
4290 0.654351
4291 0.0118862
4292 0.00241452
4293 0.00812525
4294 0.463601
4295 0.0498823
4296 0.0576569
4297 0.0366643
4298 0.0385048
4299 0.0209345
4300 0.61748
4301 0.0256669
4302 0.0270151
4303 0.0367587
4304 0.0362179
4305 0.00350833
4306 0.0077788
4307 0.00200809
4308 0.0554883
4309 0.0347076
4310 0.0312453
4311 0.737902
4312 0.014908
4313 0.000229828
4314 0.0472212
4315 0.415104
4316 0.643538
4317 0.0385764
4318 0.00223626
4319 0.00833725
4320 0.429487
4321 0.0359719
4322 0.193773
4323 0.0186481
4324 0.0443113
4325 0.0246302
4326 0.404601
4327 0.562766
4328 0.00400131
4329 0.149088
4330 0.33958
4331 0.0252165
4332 0.0348225
4333 0.0337695
4334 0.120485
4335 0.0312757
4336 0.766577
4337 0.0304045
4338 0.698538
4339 0.0175906
4340 0.70222
4341 0.0396994
4342 0.054326
4343 0.00345658
4344 0.185745
4345 0.603932
4346 0.282485
4347 0.533338
4348 0.114729
4349 0.00381924
4350 0.00391785
4351 0.0426159
4352 0.437786
4353 0.0301111
4354 0.0250929
4355 0.181552
4356 0.233146
4357 0.0286818
4358 0.52052
4359 0.136899
4360 0.00420009
4361 0.605648
4362 0.212926
4363 0.0583415
4364 0.525059
4365 0.00516159
4366 0.447131
4367 0.0401253
4368 0.528447
4369 0.0172953
4370 0.0387609
4371 0.00364114
4372 0.0320678
4373 0.0196567
4374 0.691502
4375 0.0148371
4376 0.0169147
4377 0.0752336
4378 0.04909
4379 0.0395088
4380 0.0194152
4381 0.000186646
4382 0.0274242
4383 0.0108403
4384 0.0218882
4385 0.0290544
4386 0.0194673
4387 0.0370883
4388 0.172526
4389 0.0337637
4390 0.124309
4391 0.605826
4392 0.0163172
4393 0.0401928
4394 0.650243
4395 0.0235997
4396 0.0061118
4397 0.0242529
4398 0.0311203
4399 0.0287697
4400 0.00556058
4401 0.6891
4402 0.00546727
4403 0.06511
4404 0.0207498
4405 0.00869713
4406 0.0429358
4407 0.021409
4408 0.054863
4409 0.180469
4410 0.0159901
4411 0.196474
4412 0.236836
4413 0.0674024
4414 0.015571
4415 0.234869
4416 0.151621
4417 0.0140673
4418 0.198196
4419 0.250156
4420 0.147432
4421 0.112001
4422 0.0105109
4423 0.000420947
4424 0.187001
4425 0.239844
4426 0.229269
4427 0.223621
4428 0.00268371
4429 0.0159104
4430 0.674111
4431 0.400686
4432 0.0528799
4433 0.053644
4434 0.0770489
4435 0.0701052
4436 0.399316
4437 0.18371
4438 0.0379316
4439 0.00294444
4440 0.019176
4441 0.0358365
4442 0.0405901
4443 0.0279303
4444 0.0358303
4445 0.0365737
4446 0.0147867
4447 0.00691946
4448 0.00164288
4449 0.000797025
4450 0.0601428
4451 0.00209033
4452 0.0499256
4453 0.0323267
4454 0.0342158
4455 0.0391772
4456 0.000604197
4457 0.601646
4458 0.00568237
4459 0.117557
4460 0.467939
4461 0.49398
4462 0.0258635
4463 0.11838
4464 0.0434783
4465 0.0286964
4466 0.0306291
4467 0.0222469
4468 0.235584
4469 0.17639
4470 0.578523
4471 0.0520934
4472 0.0279821
4473 0.00756739
4474 0.0438341
4475 0.0372049
4476 0.0402629
4477 0.0177455
4478 0.0391342
4479 0.0409909
4480 0.0458161
4481 0.0415153
4482 0.682929
4483 0.634544
4484 0.0336643
4485 0.419334
4486 0.0322787
4487 0.0258964
4488 0.0554897
4489 0.0334435
4490 0.0451103
4491 0.0169559
4492 0.718513
4493 0.0316131
4494 0.0592341
4495 0.0776965
4496 0.605464
4497 0.617458
4498 0.0248787
4499 0.00452391
4500 0.584879
4501 0.00480925
4502 0.00535949
4503 0.460535
4504 0.0195054
4505 0.00406313
4506 0.0371207
4507 0.0365707
4508 0.328828
4509 0.229331
4510 0.0415883
4511 0.044402
4512 0.833094
4513 0.0495606
4514 0.0510652
4515 0.368648
4516 0.0487774
4517 0.0438194
4518 0.575393
4519 0.0380855
4520 0.0290611
4521 0.442079
4522 0.361502
4523 0.328727
4524 0.0108738
4525 0.0527789
4526 0.793435
4527 0.0204187
4528 0.0249054
4529 0.0199622
4530 0.276113
4531 0.0378215
4532 0.0237554
4533 0.0304972
4534 0.0376433
4535 0.038115
4536 0.00610201
4537 0.0355592
4538 0.0694668
4539 0.00126348
4540 0.0371075
4541 0.0124298
4542 0.0415725
4543 0.0476656
4544 0.00194516
4545 0.0548182
4546 0.0362386
4547 0.0374563
4548 0.0489132
4549 0.0348083
4550 0.00694197
4551 0.00790636
4552 0.00547522
4553 0.0477211
4554 0.0104574
4555 0.0242272
4556 0.0277066
4557 0.0142624
4558 0.0229678
4559 0.0526789
4560 0.0459087
4561 0.0380229
4562 0.0610106
4563 0.0390878
4564 0.0404528
4565 0.0058043
4566 0.0329193
4567 0.0338975
4568 0.0108394
4569 0.00849661
4570 0.0365861
4571 0.0271147
4572 0.690549
4573 0.0240571
4574 0.0365585
4575 0.0146062
4576 0.0731559
4577 0.0352434
4578 0.0639934
4579 0.0353546
4580 0.00600438
4581 0.0319178
4582 0.0296078
4583 0.037202
4584 0.0126413
4585 0.0169544
4586 0.0141798
4587 0.0792648
4588 0.0322432
4589 0.154877
4590 0.066045
4591 0.0216295
4592 0.0634339
4593 0.145958
4594 0.0948624
4595 0.068073
4596 0.193947
4597 0.228116
4598 0.127211
4599 0.245166
4600 0.0312917
4601 0.28473
4602 0.267526
4603 0.221315
4604 0.0435031
4605 0.0291628
4606 0.123292
4607 0.0897261
4608 0.0591801
4609 0.0527111
4610 0.0534233
4611 0.00783614
4612 0.111758
4613 0.0334344
4614 0.0542932
4615 0.0849256
4616 0.0994048
4617 0.0197974
4618 0.0297554
4619 0.0428864
4620 0.22655
4621 0.114055
4622 0.229969
4623 0.105838
4624 0.138565
4625 0.150517
4626 0.154369
4627 0.253932
4628 0.140681
4629 0.274375
4630 0.168805
4631 0.13281
4632 0.0680893
4633 0.234536
4634 0.073944
4635 0.107557
4636 0.143549
4637 0.0925105
4638 0.0328379
4639 0.0564288
4640 0.0504047
4641 0.0343268
4642 0.0182923
4643 0.0350649
4644 0.0469328
4645 0.0921244
4646 0.0280709
4647 0.0682704
4648 0.114444
4649 0.0894308
4650 0.143042
4651 0.0976344
4652 0.0530078
4653 0.098358
4654 0.0380653
4655 0.0423935
4656 0.0354134
4657 0.0758478
4658 0.11527
4659 0.0773405
4660 0.058599
4661 0.0143739
4662 0.17826
4663 0.00523963
4664 0.0295483
4665 0.0542306
4666 0.0801858
4667 0.00831609
4668 0.0255115
4669 0.0439945
4670 0.027433
4671 0.000389908
4672 0.0365014
4673 0.0379923
4674 0.0414024
4675 0.0360041
4676 0.0394848
4677 0.0738525
4678 0.0214528
4679 0.0827058
4680 0.0880734
4681 0.0898427
4682 0.114976
4683 0.0361177
4684 0.0524124
4685 0.161167
4686 0.00226989
4687 0.0634152
4688 0.0641571
4689 0.0388686
4690 0.0298351
4691 0.0448013
4692 0.0825432
4693 0.0676725
4694 0.0482788
4695 0.0299386
4696 0.00179207
4697 0.0125786
4698 0.0585527
4699 0.035424
4700 0.115039
4701 0.0553314
4702 0.0061468
4703 0.0168792
4704 0.060063
4705 0.0801294
4706 0.0735121
4707 0.0619238
4708 0.0786902
4709 0.111448
4710 0.077884
4711 0.0707837
4712 0.100798
4713 0.0181675
4714 0.00382737
4715 0.0869535
4716 0.0578749
4717 0.0472315
4718 0.852089
4719 0.358898
4720 0.115203
4721 0.441638
4722 0.00139923
4723 0.479136
4724 0.456028
4725 0.00218939
4726 0.65307
4727 0.00268795
4728 0.0585576
4729 0.657629
4730 0.00567406
4731 0.104907
4732 0.819113
4733 0.150016
4734 0.0370482
4735 0.028559
4736 0.393535
4737 0.0463913
4738 0.712714
4739 0.140091
4740 0.718133
4741 0.00149274
4742 0.579481
4743 0.00218973
4744 0.048861
4745 0.83071
4746 0.00150094
4747 0.0283809
4748 0.0346896
4749 0.571023
4750 0.0756916
4751 0.00547215
4752 0.892235
4753 0.280713
4754 0.515506
4755 0.131099
4756 0.0258565
4757 0.00450281
4758 0.658253
4759 0.466421
4760 0.652734
4761 0.150521
4762 0.0486184
4763 0.525334
4764 0.0289858
4765 0.0245201
4766 0.224003
4767 0.00165142
4768 0.193006
4769 0.733762
4770 0.0313344
4771 0.434835
4772 0.0804531
4773 0.424362
4774 0.0985511
4775 0.040524
4776 0.375457
4777 0.110267
4778 0.0139455
4779 0.361378
4780 0.125571
4781 0.0207731
4782 0.049193
4783 0.628089
4784 0.0428426
4785 0.425163
4786 0.0390164
4787 0.0147793
4788 0.0426016
4789 0.000390555
4790 0.104633
4791 0.017455
4792 0.788466
4793 0.120297
4794 0.00725334
4795 0.00686765
4796 0.420708
4797 0.335246
4798 0.0235177
4799 0.583988
4800 0.0405073
4801 0.888867
4802 0.616376
4803 0.484348
4804 0.0348521
4805 0.0307536
4806 0.0051496
4807 0.614655
4808 0.753348
4809 0.139878
4810 0.0314583
4811 0.269692
4812 0.572474
4813 0.0209248
4814 0.576058
4815 0.0390236
4816 0.876136
4817 0.511805
4818 0.529812
4819 0.592615
4820 0.0850983
4821 0.39045
4822 0.465377
4823 0.775819
4824 0.582419
4825 0.624194
4826 0.0616371
4827 0.418221
4828 0.651228
4829 0.571242
4830 0.141631
4831 0.0129889
4832 0.60451
4833 0.63596
4834 0.0233958
4835 0.642858
4836 0.702579
4837 0.3776
4838 0.633108
4839 0.640981
4840 0.605782
4841 0.050638
4842 0.0319149
4843 0.0350436
4844 0.613093
4845 0.487457
4846 0.028169
4847 0.0137686
4848 0.527993
4849 0.684383
4850 0.000944118
4851 0.555034
4852 0.386713
4853 0.474836
4854 0.000414
4855 0.589399
4856 0.633089
4857 0.0205263
4858 0.500859
4859 0.624081
4860 0.615513
4861 0.661781
4862 0.646291
4863 0.586621
4864 0.654388
4865 0.76278
4866 0.62084
4867 0.583809
4868 0.58069
4869 0.565723
4870 0.282393
4871 0.482919
4872 0.623488
4873 0.104612
4874 0.0152727
4875 0.00725286
4876 0.620173
4877 0.569401
4878 0.0425345
4879 0.665544
4880 0.689256
4881 0.0142067
4882 0.844928
4883 0.0375086
4884 0.753194
4885 0.925289
4886 0.0518737
4887 0.0243253
4888 0.0329746
4889 0.0301389
4890 0.0262606
4891 0.0392576
4892 0.0799093
4893 0.0742871
4894 0.020418
4895 0.0323537
4896 0.0463309
4897 0.0499509
4898 0.0546448
4899 0.0526744
4900 0.027334
4901 0.0753405
4902 0.0275318
4903 0.0494538
4904 0.053616
4905 0.0367761
4906 0.0302682
4907 0.705063
4908 0.663686
4909 0.74101
4910 0.0256147
4911 0.0199461
4912 0.817583
4913 0.665305
4914 0.592019
4915 0.0946764
4916 0.0021612
4917 0.746357
4918 0.569872
4919 0.617915
4920 0.451238
4921 0.661458
4922 0.401839
4923 0.581269
4924 0.0502064
4925 0.0310641
4926 0.0333927
4927 0.0336927
4928 0.00420491
4929 0.0222063
4930 0.00654807
4931 0.522435
4932 0.00601127
4933 0.0359228
4934 0.029792
4935 0.0328115
4936 0.0247805
4937 0.471663
4938 0.00459408
4939 0.00513495
4940 0.0230351
4941 0.302637
4942 0.026939
4943 0.416345
4944 0.697798
4945 0.0389819
4946 0.0551611
4947 0.10421
4948 0.0558436
4949 0.0645867
4950 0.00257811
4951 0.0399974
4952 0.149194
4953 0.0580202
4954 0.0757808
4955 0.0734674
4956 0.051001
4957 0.0413226
4958 0.0345663
4959 0.757323
4960 0.424348
4961 0.0295937
4962 0.278213
4963 0.00164232
4964 0.00230572
4965 0.0142722
4966 0.661319
4967 0.449524
4968 0.037752
4969 0.40734
4970 0.435561
4971 0.00122041
4972 0.0314228
4973 0.365286
4974 0.564137
4975 0.0940897
4976 0.0743241
4977 0.234133
4978 0.485907
4979 0.00357613
4980 0.048522
4981 0.0386044
4982 0.0447723
4983 0.047653
4984 0.010486
4985 0.0377864
4986 0.0495456
4987 0.583208
4988 0.00233776
4989 0.480883
4990 0.0166956
4991 0.0169076
4992 0.126539
4993 0.142784
4994 0.565858
4995 0.170191
4996 0.0284339
4997 0.0340254
4998 0.00711578
4999 0.0241669
5000 0.000528225
5001 0.0213504
5002 0.0384011
5003 0.0465275
5004 0.0184834
5005 0.0329734
5006 0.00443555
5007 0.0329929
5008 0.000738969
5009 0.0264866
5010 0.0272703
5011 0.0125799
5012 0.0327563
5013 0.0258402
5014 0.00890922
5015 0.00332116
5016 0.0426494
5017 0.0251039
5018 0.0439562
5019 0.0392557
5020 0.0477549
5021 0.0029847
5022 0.0260896
5023 0.00440969
5024 0.0010151
5025 0.00653406
5026 0.0516741
5027 0.0992303
5028 0.117747
5029 0.0598229
5030 0.0617761
5031 0.0994654
5032 0.187575
5033 0.104679
5034 0.127581
5035 0.134904
5036 0.0816227
5037 0.0232966
5038 0.11034
5039 0.00110943
5040 0.0214542
5041 0.0236382
5042 0.023267
5043 0.0271618
5044 0.0125646
5045 0.0247491
5046 0.00309145
5047 0.0456256
5048 0.0184638
5049 0.470049
5050 0.623078
5051 0.307578
5052 0.851419
5053 0.607845
5054 0.68584
5055 0.740303
5056 0.554197
5057 0.614643
5058 0.71491
5059 0.709216
5060 0.978311
5061 0.710577
5062 0.905575
5063 0.526526
5064 0.839455
5065 0.480979
5066 0.675936
5067 0.575173
5068 0.569862
5069 0.425302
5070 0.629022
5071 0.523806
5072 0.61053
5073 0.601956
5074 0.815929
5075 0.863674
5076 0.511153
5077 0.619627
5078 0.0421331
5079 0.614887
5080 0.0295151
5081 0.0910594
5082 0.65344
5083 0.622217
5084 0.638945
5085 0.553911
5086 0.45462
5087 0.85351
5088 0.0047422
5089 0.545098
5090 0.588509
5091 0.046521
5092 0.336176
5093 0.458707
5094 0.571154
5095 0.708166
5096 0.589066
5097 0.552961
5098 0.629489
5099 0.609451
5100 0.563998
5101 0.556505
5102 0.879118
5103 0.578396
5104 0.798553
5105 0.00370492
5106 0.674049
5107 0.584853
5108 0.0319908
5109 0.000423815
5110 0.577556
5111 0.354923
5112 0.673979
5113 0.630319
5114 0.567564
5115 0.670119
5116 0.637285
5117 0.634911
5118 0.569799
5119 0.717692
5120 0.579843
5121 0.560898
5122 0.618229
5123 0.557294
5124 0.430808
5125 0.51014
5126 0.621444
5127 0.0329955
5128 0.577523
5129 0.63093
5130 0.0220528
5131 0.0112307
5132 0.761113
5133 0.602747
5134 0.0110838
5135 0.0205602
5136 0.650819
5137 0.668265
5138 0.754197
5139 0.630206
5140 0.612081
5141 0.587906
5142 0.588499
5143 0.601402
5144 0.5818
5145 0.670042
5146 0.531513
5147 0.679773
5148 0.62125
5149 0.67459
5150 0.0170253
5151 0.0455448
5152 0.496371
5153 0.509104
5154 0.542603
5155 0.627946
5156 0.73237
5157 0.593568
5158 0.544724
5159 0.705765
5160 0.72985
5161 0.521498
5162 0.504486
5163 0.835916
5164 0.460577
5165 0.535302
5166 0.471603
5167 0.849548
5168 0.99331
5169 0.529011
5170 0.577694
5171 0.786473
5172 0.784837
5173 0.393247
5174 0.457081
5175 0.579558
5176 0.671366
5177 0.545044
5178 0.683289
5179 0.879345
5180 0.625984
5181 0.757378
5182 0.768267
5183 0.0350654
5184 0.670987
5185 0.559932
5186 0.0364762
5187 0.804718
5188 0.569417
5189 0.826628
5190 0.62136
5191 0.614787
5192 0.648186
5193 0.585418
5194 0.514838
5195 0.560299
5196 0.63437
5197 0.516626
5198 0.542463
5199 0.765968
5200 0.48635
5201 0.691749
5202 0.482757
5203 0.593218
5204 0.535696
5205 0.557897
5206 0.617979
5207 0.756514
5208 0.882658
5209 0.639063
5210 0.0878534
5211 0.639409
5212 0.691829
5213 0.664098
5214 0.610117
5215 0.785595
5216 0.558516
5217 0.643399
5218 0.72135
5219 0.854102
5220 0.741469
5221 0.579302
5222 0.583865
5223 0.85394
5224 0.688272
5225 0.0372794
5226 0.00294412
5227 0.723708
5228 0.812304
5229 0.51767
5230 0.913606
5231 0.48727
5232 0.919808
5233 0.0198664
5234 0.743049
5235 0.75952
5236 0.767935
5237 0.580327
5238 0.0012833
5239 0.0252304
5240 0.0183799
5241 0.0360462
5242 0.0362211
5243 0.00444602
5244 0.0493005
5245 0.644168
5246 0.00712967
5247 0.0140625
5248 0.0402254
5249 0.010601
5250 0.499442
5251 0.0278508
5252 0.0744795
5253 0.0268407
5254 0.00412391
5255 0.0316612
5256 0.0378362
5257 0.0320635
5258 0.0297923
5259 0.0684097
5260 0.0490911
5261 0.0521463
5262 0.0426528
5263 0.673691
5264 0.0329603
5265 0.0134091
5266 0.0237949
5267 0.620533
5268 0.0389176
5269 0.0101018
5270 0.0249384
5271 0.00152761
5272 0.0251275
5273 0.0329764
5274 0.0669353
5275 0.00597655
5276 0.0141453
5277 0.0418988
5278 0.0172258
5279 0.0457327
5280 0.81789
5281 0.0260335
5282 0.0577948
5283 0.0413959
5284 0.00224607
5285 0.0687657
5286 0.531293
5287 0.0665145
5288 0.0242822
5289 0.0284081
5290 0.580593
5291 0.00648196
5292 0.038981
5293 0.0171156
5294 0.018554
5295 0.0293773
5296 0.0142054
5297 0.0265503
5298 0.0255441
5299 0.0365021
5300 0.0186861
5301 0.00347424
5302 0.0361652
5303 0.0150435
5304 0.0647143
5305 0.00290215
5306 0.0261141
5307 0.0554779
5308 0.0460003
5309 0.0401739
5310 0.0276613
5311 0.00396763
5312 0.0384909
5313 0.0300244
5314 0.0468375
5315 0.0311833
5316 0.655769
5317 0.0046536
5318 0.032657
5319 0.0861124
5320 0.000755549
5321 0.00689655
5322 0.0799638
5323 0.0408975
5324 0.0314939
5325 0.0359402
5326 0.0296301
5327 0.0353425
5328 0.0234469
5329 0.0190003
5330 0.00562035
5331 0.000173626
5332 0.52141
5333 0.0357364
5334 0.0346136
5335 0.00508491
5336 0.471635
5337 0.000806389
5338 0.00543152
5339 0.029309
5340 0.0378407
5341 0.0378163
5342 0.0313118
5343 0.020995
5344 0.0237678
5345 0.0244538
5346 0.0497049
5347 0.399399
5348 0.420292
5349 0.00380761
5350 0.00191304
5351 0.0259558
5352 0.0433383
5353 0.0198052
5354 0.0623464
5355 0.0274218
5356 0.0241586
5357 0.0684684
5358 0.625743
5359 0.0187137
5360 0.0159613
5361 0.0222372
5362 0.0233791
5363 0.0190282
5364 0.0101197
5365 0.0252139
5366 0.385024
5367 0.371913
5368 0.00610176
5369 0.0318027
5370 0.0225772
5371 0.0300786
5372 0.0377559
5373 0.0384215
5374 0.00121192
5375 0.0279696
5376 0.12596
5377 0.0212522
5378 0.0272832
5379 4.80589e-05
5380 0.0146202
5381 0.0047347
5382 0.0663974
5383 0.0117318
5384 0.045529
5385 0.640397
5386 0.0175317
5387 0.034375
5388 0.0113946
5389 0.0168167
5390 0.00905857
5391 0.00827963
5392 0.0587148
5393 0.0127872
5394 0.0705832
5395 0.000265305
5396 0.000434767
5397 0.0705837
5398 0.0403057
5399 0.35602
5400 0.563083
5401 0.0205995
5402 0.00140628
5403 0.0269282
5404 0.0219323
5405 0.0327149
5406 0.0184871
5407 0.00885075
5408 0.0366666
5409 0.0363732
5410 0.0155232
5411 0.0430199
5412 0.00121363
5413 0.0061394
5414 0.0475713
5415 0.03752
5416 0.0636794
5417 0.297629
5418 0.547365
5419 0.0293029
5420 0.0272861
5421 0.0381983
5422 0.0375833
5423 0.0165933
5424 0.013798
5425 0.557926
5426 0.0307689
5427 0.0220774
5428 0.0312939
5429 0.0288513
5430 0.0250028
5431 0.029044
5432 0.0425491
5433 0.0274585
5434 0.00975609
5435 0.00769204
5436 0.096959
5437 0.0162085
5438 0.0346569
5439 0.0353103
5440 0.0378158
5441 0.0614249
5442 0.0631326
5443 0.00404254
5444 0.00174549
5445 0.00814908
5446 0.0396002
5447 0.00134106
5448 0.0358942
5449 0.806005
5450 0.000402237
5451 0.565379
5452 0.0266479
5453 0.060089
5454 0.0597836
5455 0.0603189
5456 0.0440992
5457 0.0357031
5458 0.0256762
5459 0.0313158
5460 0.0186365
5461 0.000192707
5462 0.0224043
5463 0.0197722
5464 0.079016
5465 0.0143034
5466 0.0211855
5467 0.0183162
5468 0.000258845
5469 0.0125568
5470 0.039856
5471 0.0867146
5472 0.033691
5473 0.0314336
5474 0.0255679
5475 0.024689
5476 0.0260333
5477 0.0171626
5478 4.41097e-05
5479 0.0338825
5480 0.0423327
5481 0.0107954
5482 0.0150144
5483 0.0611995
5484 0.0357759
5485 0.0255834
5486 0.0127647
5487 0.00140075
5488 0.0311959
5489 0.0432138
5490 0.0324509
5491 0.0483184
5492 0.0424278
5493 0.00142762
5494 0.00208184
5495 0.0103116
5496 0.0192285
5497 0.193876
5498 0.0159787
5499 0.0278331
5500 0.0144825
5501 0.0237603
5502 0.0583229
5503 0.0181586
5504 0.0322787
5505 0.0385789
5506 0.015775
5507 0.00202415
5508 0.0183718
5509 0.0349388
5510 0.0251505
5511 0.031326
5512 0.0190841
5513 0.0237509
5514 0.0357626
5515 0.0660703
5516 0.0361991
5517 0.0380818
5518 0.0248484
5519 0.030453
5520 0.588441
5521 0.0300351
5522 0.00151605
5523 0.0171284
5524 0.00864932
5525 0.0228627
5526 0.0388954
5527 0.011043
5528 0.0247883
5529 0.643794
5530 0.0276159
5531 0.0227764
5532 0.0246599
5533 0.0364868
5534 0.00209584
5535 0.0846154
5536 0.0291703
5537 3.45899e-05
5538 0.0255775
5539 0.0580806
5540 0.00690239
5541 0.119811
5542 0.0169857
5543 0.0204457
5544 0.0235961
5545 0.0484034
5546 0.00628268
5547 0.0200007
5548 0.000795876
5549 0.289998
5550 0.0461957
5551 0.0162893
5552 0.886975
5553 0.554411
5554 0.0809023
5555 0.355103
5556 0.528532
5557 0.636993
5558 0.617581
5559 0.54631
5560 0.647818
5561 0.379974
5562 0.729067
5563 0.0373003
5564 0.038092
5565 0.0180019
5566 0.445064
5567 0.0374313
5568 0.364317
5569 0.394658
5570 0.493371
5571 0.496053
5572 0.460584
5573 0.551067
5574 0.0539383
5575 0.624749
5576 0.604889
5577 0.559734
5578 0.834095
5579 0.964264
5580 0.649597
5581 0.477833
5582 0.073165
5583 0.699029
5584 0.0119705
5585 0.347333
5586 0.720498
5587 0.740204
5588 0.745696
5589 0.696663
5590 0.0162623
5591 0.851005
5592 0.0371749
5593 0.368786
5594 0.202507
5595 0.709907
5596 0.0679315
5597 0.678057
5598 0.469589
5599 0.684519
5600 0.339599
5601 0.261938
5602 0.0346331
5603 0.511201
5604 0.860442
5605 0.204626
5606 0.522604
5607 0.0142838
5608 0.0286376
5609 0.852125
5610 0.653467
5611 0.813313
5612 0.298217
5613 0.613297
5614 0.97371
5615 0.838191
5616 0.735187
5617 0.0748297
5618 0.615651
5619 0.544907
5620 0.889785
5621 0.0980459
5622 0.0478275
5623 0.60409
5624 0.588762
5625 0.73166
5626 0.57063
5627 0.102088
5628 0.477535
5629 0.584372
5630 0.611322
5631 0.786382
5632 0.6675
5633 0.662487
5634 0.752108
5635 0.549564
5636 0.541623
5637 0.511137
5638 0.63664
5639 0.678438
5640 0.770542
5641 0.744957
5642 0.646535
5643 0.915883
5644 0.563486
5645 0.022529
5646 0.0353571
5647 0.0412566
5648 0.0175218
5649 0.613543
5650 0.842155
5651 0.301385
5652 0.0317358
5653 0.882555
5654 0.0308299
5655 0.791067
5656 0.525559
5657 0.69784
5658 0.0234668
5659 0.0371115
5660 0.0298892
5661 0.000395887
5662 0.00500916
5663 0.0148075
5664 0.0527292
5665 0.62843
5666 0.0715118
5667 0.601385
5668 0.100419
5669 0.605676
5670 0.458179
5671 0.438781
5672 0.0609142
5673 0.309347
5674 0.835186
5675 0.528599
5676 0.742838
5677 0.730961
5678 0.857407
5679 0.444955
5680 0.629896
5681 0.649419
5682 0.634128
5683 0.585146
5684 0.602267
5685 0.601563
5686 0.441404
5687 0.184867
5688 0.599411
5689 0.281466
5690 0.670255
5691 0.592953
5692 0.562407
5693 0.437669
5694 0.329851
5695 0.712111
5696 0.464122
5697 0.00433873
5698 0.035496
5699 0.0116894
5700 0.506087
5701 0.0342556
5702 0.621821
5703 0.569124
5704 0.128088
5705 0.0291515
5706 0.0304259
5707 0.00195423
5708 0.0253015
5709 0.0198764
5710 0.0250752
5711 0.0363954
5712 0.0278334
5713 0.0126882
5714 0.0311045
5715 0.0323472
5716 0.0329771
5717 0.00606159
5718 0.00283508
5719 0.0283982
5720 0.0290284
5721 0.0259346
5722 0.129678
5723 0.676983
5724 0.597142
5725 0.659045
5726 0.487709
5727 0.720582
5728 0.573279
5729 0.652112
5730 0.898903
5731 0.309926
5732 0.81609
5733 0.223217
5734 0.065845
5735 0.764339
5736 0.0161801
5737 0.784311
5738 0.71552
5739 0.0553593
5740 0.676055
5741 0.745096
5742 0.662743
5743 0.0266491
5744 0.666425
5745 0.453592
5746 0.0720485
5747 0.0918161
5748 0.00571356
5749 0.0374242
5750 0.0218171
5751 0.0516452
5752 0.594879
5753 0.460149
5754 0.393682
5755 0.663572
5756 0.640816
5757 0.624386
5758 0.586559
5759 0.68137
5760 0.0361004
5761 0.00327013
5762 0.00174597
5763 0.117809
5764 0.0742594
5765 0.473176
5766 0.0545843
5767 0.0262138
5768 0.0141715
5769 0.00192386
5770 0.796866
5771 0.0167825
5772 0.0112674
5773 0.0112179
5774 0.00170013
5775 0.0275938
5776 0.00834079
5777 0.493405
5778 0.0014038
5779 0.893145
5780 0.0274027
5781 0.143898
5782 0.428527
5783 0.532824
5784 0.640516
5785 0.576471
5786 0.0274889
5787 0.578571
5788 0.676898
5789 0.559864
5790 0.719023
5791 0.0444491
5792 0.0448205
5793 0.0419814
5794 0.571579
5795 0.577127
5796 0.106072
5797 0.3231
5798 0.383382
5799 0.594215
5800 0.367442
5801 0.0350166
5802 0.361867
5803 0.571333
5804 0.684561
5805 0.407724
5806 0.368503
5807 0.0489692
5808 0.489548
5809 0.828713
5810 0.501316
5811 0.595413
5812 0.687205
5813 0.0442919
5814 0.0177453
5815 0.0284624
5816 0.0533444
5817 0.0406061
5818 0.0167031
5819 0.037445
5820 0.0138321
5821 0.0155486
5822 0.0300528
5823 0.0539852
5824 0.0191753
5825 0.0332127
5826 0.0186966
5827 0.00476855
5828 0.0379426
5829 0.731353
5830 0.00953026
5831 0.0033351
5832 0.699436
5833 0.035596
5834 0.634408
5835 0.80138
5836 0.549905
5837 0.0793157
5838 0.721946
5839 0.714163
5840 0.636774
5841 0.439372
5842 0.011677
5843 0.804058
5844 0.565476
5845 0.530764
5846 0.334988
5847 0.675408
5848 0.865025
5849 0.0663207
5850 0.747597
5851 0.0185281
5852 0.0240659
5853 0.0389127
5854 0.00346497
5855 0.0564235
5856 0.564551
5857 0.404161
5858 0.0373235
5859 0.000702703
5860 0.0320779
5861 0.0246145
5862 0.0150773
5863 0.115213
5864 0.0328264
5865 0.00580804
5866 0.0269448
5867 0.0285926
5868 0.0276094
5869 0.0210098
5870 0.0278885
5871 0.516401
5872 0.537723
5873 0.87409
5874 0.0517621
5875 0.0187023
5876 0.397965
5877 0.547549
5878 0.0164601
5879 0.446095
5880 0.0200264
5881 0.478344
5882 0.0315451
5883 0.798943
5884 0.772494
5885 0.562897
5886 0.536364
5887 0.699227
5888 0.579244
5889 0.776807
5890 0.62666
5891 0.582317
5892 0.509445
5893 0.880512
5894 0.0873184
5895 0.648503
5896 0.597258
5897 0.759968
5898 0.11083
5899 0.0802488
5900 0.77672
5901 0.281125
5902 0.027719
5903 0.385614
5904 0.00211522
5905 0.0529965
5906 0.0367232
5907 0.614178
5908 0.673593
5909 0.486862
5910 0.436685
5911 0.696088
5912 0.212478
5913 0.689859
5914 0.661212
5915 0.778396
5916 0.678696
5917 0.440924
5918 0.759666
5919 0.781037
5920 0.771556
5921 0.00220333
5922 0.586412
5923 0.596538
5924 0.00870536
5925 0.821171
5926 0.90453
5927 0.839281
5928 0.0458983
5929 0.715171
5930 0.212289
5931 0.722889
5932 0.740588
5933 0.579698
5934 0.608961
5935 0.689958
5936 0.561247
5937 0.776582
5938 0.432064
5939 0.462371
5940 0.559997
5941 0.449466
5942 0.476897
5943 0.791369
5944 0.645419
5945 0.827526
5946 0.828988
5947 0.465921
5948 0.595862
5949 0.662314
5950 0.418634
5951 0.203562
5952 0.625207
5953 0.643436
5954 0.574536
5955 0.331171
5956 0.624059
5957 0.587296
5958 0.573355
5959 0.0465866
5960 0.0345496
5961 0.73137
5962 0.0518663
5963 0.635687
5964 0.600916
5965 0.0421298
5966 0.119885
5967 0.0473356
5968 0.82135
5969 0.00411528
5970 0.00901121
5971 0.825577
5972 0.851253
5973 0.249822
5974 1.52211e-05
5975 0.0151845
5976 0.000250946
5977 0.000793711
5978 0.0052936
5979 0.511433
5980 0.340237
5981 0.628973
5982 0.75729
5983 0.479692
5984 0.0462856
5985 0.00652993
5986 0.000945067
5987 0.264498
5988 0.018243
5989 0.0514071
5990 0.0309062
5991 0.42884
5992 0.477415
5993 0.0128368
5994 0.0343939
5995 0.0271822
5996 0.0251548
5997 0.0518366
5998 0.0278289
5999 0.0302667
6000 0.0456716
6001 0.0411036
6002 0.0128846
6003 0.0200731
6004 0.019947
6005 0.015241
6006 0.00436819
6007 0.0317152
6008 2.29546e-05
6009 0.0327439
6010 0.0351647
6011 0.0275707
6012 0.0491941
6013 0.100894
6014 0.0701769
6015 0.0538325
6016 0.0266423
6017 0.0444468
6018 0.00321541
6019 0.00445587
6020 0.0279095
6021 0.00771849
6022 0.00351895
6023 0.0390943
6024 0.0403553
6025 0.0730372
6026 0.0525712
6027 0.00364771
6028 0.0449186
6029 0.0102839
6030 0.00701186
6031 0.0230851
6032 0.0116174
6033 0.0279073
6034 0.0267283
6035 0.0280678
6036 0.00661501
6037 0.00443222
6038 0.0245731
6039 0.0276987
6040 0.0390369
6041 0.00427381
6042 0.0272743
6043 0.0434136
6044 0.010388
6045 0.0478535
6046 0.0159161
6047 0.0231246
6048 0.0416165
6049 0.0243264
6050 0.0292139
6051 0.00877899
6052 0.0277551
6053 0.0350371
6054 0.0311877
6055 0.0349623
6056 0.0476291
6057 0.00628567
6058 0.0137457
6059 0.0115243
6060 0.0106296
6061 0.0125486
6062 0.0249928
6063 0.00421849
6064 0.0385728
6065 0.0298322
6066 0.00671411
6067 0.0153146
6068 0.0167206
6069 0.172678
6070 0.0305394
6071 0.0363173
6072 0.0208344
6073 0.019825
6074 0.036361
6075 0.00212177
6076 0.027363
6077 0.0042917
6078 0.0388065
6079 0.0209132
6080 0.0406526
6081 0.100344
6082 0.000583426
6083 0.0259124
6084 0.00516386
6085 0.0022124
6086 0.0392405
6087 0.0368631
6088 0.0389134
6089 0.0151882
6090 0.0220213
6091 0.0239351
6092 0.0382047
6093 0.0334336
6094 0.0358399
6095 2.76836e-05
6096 0.007219
6097 0.0205773
6098 0.0314703
6099 0.0398945
6100 0.0158942
6101 0.0621246
6102 1.96789e-05
6103 0.0559013
6104 0.00366901
6105 0.0135043
6106 0.0133854
6107 0.0204047
6108 0.00417182
6109 0.102245
6110 0.00503374
6111 0.0223473
6112 0.0195411
6113 0.0175386
6114 0.0088041
6115 0.019951
6116 0.0220011
6117 0.0294496
6118 0.0480281
6119 0.015968
6120 0.0202292
6121 0.0385217
6122 0.0191993
6123 0.00690701
6124 0.00749974
6125 0.000550258
6126 0.0194718
6127 0.0509374
6128 0.00615392
6129 0.0352914
6130 0.00808006
6131 0.0171528
6132 0.00989252
6133 0.037965
6134 0.0362132
6135 0.0668729
6136 0.0291084
6137 0.0139361
6138 0.0188901
6139 0.0316723
6140 0.0297546
6141 0.0423605
6142 0.0201139
6143 0.00213484
6144 0.0146403
6145 0.0264049
6146 0.00144586
6147 0.0215708
6148 0.0419098
6149 0.0643669
6150 0.04399
6151 0.0205971
6152 0.0128611
6153 0.0337203
6154 0.0143141
6155 0.0030489
6156 0.0388105
6157 0.0394273
6158 0.586242
6159 0.0038883
6160 0.0269876
6161 0.00993486
6162 0.00597188
6163 9.16751e-05
6164 0.0327458
6165 0.0311888
6166 0.032906
6167 0.00838002
6168 0.224059
6169 0.0129809
6170 0.000557465
6171 0.000356233
6172 0.00475383
6173 0.0444552
6174 0.0314599
6175 0.0410718
6176 0.00330465
6177 0.0367875
6178 0.0348175
6179 0.0694713
6180 0.00801568
6181 0.00380671
6182 0.0253168
6183 0.0217536
6184 0.00510529
6185 0.0400274
6186 0.0289593
6187 0.0160644
6188 0.000753797
6189 7.76906e-05
6190 0.00267569
6191 0.000439846
6192 0.023115
6193 0.0265036
6194 0.0263009
6195 0.237578
6196 0.24028
6197 0.00317945
6198 0.0208239
6199 0.67278
6200 0.00291564
6201 0.0257467
6202 0.0184883
6203 0.00922967
6204 0.412795
6205 0.825133
6206 0.126611
6207 0.69754
6208 0.514419
6209 0.730979
6210 0.416672
6211 0.45602
6212 0.364525
6213 0.504077
6214 0.72427
6215 0.612852
6216 0.465044
6217 0.525179
6218 0.0198304
6219 0.130465
6220 0.68351
6221 0.752668
6222 0.894803
6223 0.528026
6224 0.779626
6225 0.677175
6226 0.630906
6227 0.620068
6228 0.786171
6229 0.828759
6230 0.49931
6231 0.78295
6232 0.567513
6233 0.546383
6234 0.649793
6235 0.917958
6236 0.597776
6237 0.595031
6238 0.584819
6239 0.809836
6240 0.587588
6241 0.748098
6242 0.82353
6243 0.69662
6244 0.669795
6245 0.531141
6246 0.422434
6247 0.604028
6248 0.592222
6249 0.553141
6250 0.915294
6251 0.730168
6252 0.506317
6253 0.810525
6254 0.713431
6255 0.452875
6256 0.638395
6257 0.697924
6258 0.0425718
6259 0.563302
6260 0.664531
6261 0.425072
6262 0.783524
6263 0.738582
6264 0.452598
6265 0.905911
6266 0.820885
6267 0.611345
6268 0.104305
6269 0.901802
6270 0.686128
6271 0.673099
6272 0.686273
6273 0.0343689
6274 0.1247
6275 0.567549
6276 0.739194
6277 0.65728
6278 0.52743
6279 0.652724
6280 0.739416
6281 0.631418
6282 0.829913
6283 0.487587
6284 0.470574
6285 0.603553
6286 0.939929
6287 0.527616
6288 0.920392
6289 0.833877
6290 0.766231
6291 0.697809
6292 0.69598
6293 0.736056
6294 0.135867
6295 0.626384
6296 0.656195
6297 0.649135
6298 0.60882
6299 0.643031
6300 0.561141
6301 0.662916
6302 0.58905
6303 0.628766
6304 0.746669
6305 0.559625
6306 0.612045
6307 0.799651
6308 0.511989
6309 0.340449
6310 0.606161
6311 0.523484
6312 0.683901
6313 0.67078
6314 0.402907
6315 0.367587
6316 0.552926
6317 0.875006
6318 0.0329193
6319 0.631974
6320 0.709853
6321 0.570577
6322 0.632662
6323 0.72746
6324 0.703216
6325 0.698431
6326 0.776458
6327 0.693224
6328 0.174575
6329 0.694181
6330 0.210879
6331 0.00400878
6332 0.630082
6333 0.609242
6334 0.00579307
6335 0.00284026
6336 0.746893
6337 0.986093
6338 0.808542
6339 0.431295
6340 0.654552
6341 0.159329
6342 0.625332
6343 0.0500791
6344 0.64406
6345 0.409641
6346 0.480443
6347 0.53605
6348 0.273855
6349 0.786338
6350 0.873711
6351 0.986304
6352 0.687745
6353 0.131822
6354 0.755065
6355 0.874701
6356 0.602218
6357 0.654392
6358 0.829513
6359 0.622229
6360 0.749913
6361 0.838499
6362 0.692217
6363 0.688189
6364 0.55721
6365 0.649637
6366 0.131586
6367 0.247073
6368 0.524885
6369 0.873592
6370 0.018009
6371 0.365064
6372 0.411684
6373 0.775522
6374 0.612708
6375 0.722908
6376 0.855413
6377 0.171927
6378 0.482972
6379 0.848666
6380 0.665078
6381 0.554801
6382 0.716501
6383 0.609198
6384 0.0310018
6385 0.729387
6386 0.0150237
6387 0.404097
6388 0.71222
6389 0.449158
6390 0.684816
6391 0.508522
6392 0.818751
6393 0.610956
6394 0.657544
6395 0.635804
6396 0.645798
6397 0.580879
6398 0.0374586
6399 0.00652125
6400 0.309026
6401 0.405271
6402 0.596893
6403 0.815289
6404 0.649083
6405 0.7395
6406 0.717891
6407 0.865317
6408 0.698359
6409 0.598134
6410 0.875693
6411 0.748597
6412 0.701154
6413 0.904389
6414 0.892675
6415 0.852766
6416 0.705885
6417 0.816484
6418 0.713554
6419 0.241315
6420 0.549951
6421 0.609662
6422 0.537302
6423 0.791077
6424 0.443536
6425 0.56235
6426 0.669525
6427 0.849071
6428 0.749934
6429 0.492993
6430 0.522993
6431 0.683846
6432 0.615781
6433 0.64697
6434 0.655396
6435 0.75145
6436 0.762548
6437 0.434623
6438 0.138359
6439 0.546577
6440 0.837972
6441 0.720727
6442 0.840596
6443 0.889731
6444 0.892394
6445 0.564701
6446 0.616495
6447 0.643992
6448 0.861444
6449 0.432096
6450 0.51662
6451 0.67108
6452 0.505324
6453 0.815935
6454 0.785993
6455 0.907732
6456 0.822408
6457 0.689055
6458 0.6074
6459 0.773575
6460 0.473961
6461 0.248794
6462 0.0637089
6463 0.778407
6464 0.0747503
6465 0.805852
6466 0.627354
6467 0.81111
6468 0.648421
6469 0.692271
6470 0.725713
6471 0.837604
6472 0.791627
6473 0.858772
6474 0.759463
6475 0.764001
6476 0.166242
6477 0.101932
6478 0.726442
6479 0.764132
6480 0.720444
6481 0.613952
6482 0.867687
6483 0.787088
6484 0.848373
6485 0.733203
6486 0.647658
6487 0.369285
6488 0.816495
6489 0.563497
6490 0.602947
6491 0.219903
6492 0.429587
6493 0.196893
6494 0.90571
6495 0.693275
6496 0.00491602
6497 0.599976
6498 0.590412
6499 0.716771
6500 0.00342807
6501 0.827232
6502 0.794387
6503 0.705502
6504 0.00977165
6505 0.639855
6506 0.759506
6507 0.062119
6508 0.650556
6509 0.775058
6510 0.866974
6511 0.552347
6512 0.0470578
6513 0.481287
6514 0.476737
6515 0.71075
6516 0.634777
6517 0.761095
6518 0.867081
6519 0.577128
6520 0.713834
6521 0.760369
6522 0.82586
6523 0.751251
6524 0.689442
6525 0.562593
6526 0.702665
6527 0.516791
6528 0.456306
6529 0.675643
6530 0.814339
6531 0.670862
6532 0.645265
6533 0.746069
6534 0.615628
6535 0.582989
6536 0.663736
6537 0.50883
6538 0.787187
6539 0.566962
6540 0.706963
6541 0.662432
6542 0.873196
6543 0.824875
6544 0.93844
6545 0.699497
6546 0.783991
6547 0.824198
6548 0.690488
6549 0.550512
6550 0.63958
6551 0.698851
6552 0.507147
6553 0.615581
6554 0.665577
6555 0.79334
6556 0.449623
6557 0.463005
6558 0.741731
6559 0.856944
6560 0.73288
6561 0.672738
6562 0.61337
6563 0.947908
6564 0.633228
6565 0.809895
6566 0.765915
6567 0.821118
6568 0.851441
6569 0.903331
6570 0.409193
6571 0.472488
6572 0.508237
6573 0.772169
6574 0.709598
6575 0.523205
6576 0.428087
6577 0.0889915
6578 0.823504
6579 0.716815
6580 0.543746
6581 0.766373
6582 0.779106
6583 0.763982
6584 0.684045
6585 0.829979
6586 0.607265
6587 0.605083
6588 0.604481
6589 0.498949
6590 0.673673
6591 0.367201
6592 0.614734
6593 0.809166
6594 0.66094
6595 0.272512
6596 0.45594
6597 0.621725
6598 0.656336
6599 0.801636
6600 0.628652
6601 0.797665
6602 0.723697
6603 0.861261
6604 0.0919357
6605 0.643897
6606 0.583767
6607 0.235881
6608 0.658979
6609 0.540878
6610 0.690981
6611 0.637817
6612 0.825324
6613 0.904941
6614 0.716796
6615 0.461438
6616 0.62779
6617 0.464265
6618 0.63039
6619 0.671741
6620 0.603553
6621 0.403695
6622 0.438351
6623 0.593898
6624 0.638571
6625 0.751522
6626 0.595202
6627 0.704849
6628 0.452146
6629 0.750131
6630 0.429857
6631 0.613877
6632 0.594805
6633 0.772281
6634 0.794938
6635 0.473746
6636 0.636441
6637 0.469176
6638 0.5985
6639 0.76075
6640 0.358106
6641 0.0881243
6642 0.760623
6643 0.858172
6644 0.607316
6645 0.465292
6646 0.858622
6647 0.573103
6648 0.877918
6649 0.579816
6650 0.869806
6651 0.696268
6652 0.77904
6653 0.499509
6654 0.613346
6655 0.785894
6656 0.689279
6657 0.651017
6658 0.688072
6659 0.559854
6660 0.570656
6661 0.772808
6662 0.767805
6663 0.599954
6664 0.799713
6665 0.472974
6666 0.76413
6667 0.569723
6668 0.719926
6669 0.593749
6670 0.60612
6671 0.784836
6672 0.756163
6673 0.453709
6674 0.756879
6675 0.876831
6676 0.818849
6677 0.615568
6678 0.661025
6679 0.586018
6680 0.474241
6681 0.501022
6682 0.798824
6683 0.716058
6684 0.470918
6685 0.0998549
6686 0.723666
6687 0.68101
6688 0.668224
6689 0.715833
6690 0.797217
6691 0.790473
6692 0.650021
6693 0.865841
6694 0.550722
6695 0.903445
6696 0.927471
6697 0.721782
6698 0.870466
6699 0.676403
6700 0.779826
6701 0.924276
6702 0.440236
6703 0.657508
6704 0.851936
6705 0.660927
6706 0.575382
6707 0.587713
6708 0.666965
6709 0.579194
6710 0.768337
6711 0.713759
6712 0.621437
6713 0.780876
6714 0.704403
6715 0.603693
6716 0.589625
6717 0.650126
6718 0.819949
6719 0.762099
6720 0.796716
6721 0.775274
6722 0.847986
6723 0.72275
6724 0.684051
6725 0.926238
6726 0.575144
6727 0.586529
6728 0.589145
6729 0.74754
6730 0.554425
6731 0.65109
6732 0.777891
6733 0.446317
6734 0.589474
6735 0.748102
6736 0.606751
6737 0.0445533
6738 0.495307
6739 0.686111
6740 0.742206
6741 0.59075
6742 0.691726
6743 0.577169
6744 0.798447
6745 0.418967
6746 0.65879
6747 0.56776
6748 0.00174373
6749 0.483938
6750 0.429142
6751 0.457774
6752 0.883711
6753 0.632153
6754 0.552741
6755 0.882087
6756 0.632794
6757 0.67113
6758 0.0848665
6759 0.786546
6760 0.694436
6761 0.0988087
6762 0.652687
6763 0.571197
6764 0.882538
6765 0.838549
6766 0.121441
6767 0.174743
6768 0.429552
6769 0.0135801
6770 0.257101
6771 0.0795033
6772 0.72172
6773 0.0525157
6774 0.913322
6775 0.348662
6776 0.553414
6777 0.692366
6778 0.597644
6779 0.532716
6780 0.141435
6781 0.481496
6782 0.860044
6783 0.547468
6784 0.680638
6785 0.613362
6786 0.617062
6787 0.900835
6788 0.739321
6789 0.483869
6790 0.644193
6791 0.869881
6792 0.70795
6793 0.274931
6794 0.277685
6795 0.79392
6796 0.812796
6797 0.338144
6798 0.618357
6799 0.780497
6800 0.588372
6801 0.0901876
6802 0.834034
6803 0.823588
6804 0.814095
6805 0.675248
6806 0.634925
6807 0.410714
6808 0.40845
6809 0.502801
6810 0.539308
6811 0.71184
6812 0.765893
6813 0.0744906
6814 0.541604
6815 0.70632
6816 0.603664
6817 0.370107
6818 0.0421117
6819 0.649193
6820 0.358463
6821 0.738383
6822 0.348717
6823 0.697612
6824 0.677193
6825 0.776021
6826 0.923479
6827 0.801159
6828 0.720605
6829 0.495541
6830 0.67016
6831 0.102291
6832 0.54822
6833 0.777894
6834 0.827635
6835 0.740318
6836 0.751897
6837 0.788804
6838 0.816933
6839 0.588773
6840 0.864445
6841 0.664255
6842 0.697101
6843 0.0357898
6844 0.474958
6845 0.234198
6846 0.368606
6847 0.226858
6848 0.512617
6849 0.760457
6850 0.496386
6851 0.655707
6852 0.665048
6853 0.631881
6854 0.139498
6855 0.270834
6856 0.751898
6857 0.559043
6858 0.489512
6859 0.771609
6860 0.289307
6861 0.536418
6862 0.445777
6863 0.749741
6864 0.0231257
6865 0.795935
6866 0.916124
6867 0.592592
6868 0.624911
6869 0.545572
6870 0.542909
6871 0.674987
6872 0.984828
6873 0.832256
6874 0.413506
6875 0.772862
6876 0.395371
6877 0.359404
6878 0.607088
6879 0.779048
6880 0.60177
6881 0.463488
6882 0.820386
6883 0.582046
6884 0.793797
6885 0.527242
6886 0.57053
6887 0.659401
6888 0.651996
6889 0.669857
6890 0.50626
6891 0.53269
6892 0.584271
6893 0.667759
6894 0.798288
6895 0.725129
6896 0.738001
6897 0.740344
6898 0.571395
6899 0.521268
6900 0.629993
6901 0.922249
6902 0.473509
6903 0.777449
6904 0.81653
6905 0.373392
6906 0.546236
6907 0.589556
6908 0.57445
6909 0.547844
6910 0.817298
6911 0.689559
6912 0.81073
6913 0.759907
6914 0.480125
6915 0.830641
6916 0.64291
6917 0.791442
6918 0.662853
6919 0.88656
6920 0.802893
6921 0.76275
6922 0.741824
6923 0.671541
6924 0.809095
6925 0.789883
6926 0.623667
6927 0.661168
6928 0.639926
6929 0.690514
6930 0.706521
6931 0.755501
6932 0.720194
6933 0.499139
6934 0.772472
6935 0.515115
6936 0.8289
6937 0.698227
6938 0.643989
6939 0.800619
6940 0.543197
6941 0.601575
6942 0.615354
6943 0.708834
6944 0.784935
6945 0.794792
6946 0.414944
6947 0.627726
6948 0.501027
6949 0.6869
6950 0.872118
6951 0.884697
6952 0.566988
6953 0.544771
6954 0.677831
6955 0.236613
6956 0.556074
6957 0.581786
6958 0.555891
6959 0.661053
6960 0.490528
6961 0.572361
6962 0.00288303
6963 0.865012
6964 0.75577
6965 0.770049
6966 0.687264
6967 0.713936
6968 0.412142
6969 0.581343
6970 0.604348
6971 0.739828
6972 0.634481
6973 0.846664
6974 0.557096
6975 0.85332
6976 0.691538
6977 0.484181
6978 0.735023
6979 0.476669
6980 0.039967
6981 0.81752
6982 0.917314
6983 0.86526
6984 0.582516
6985 0.75501
6986 0.936254
6987 0.664369
6988 0.64215
6989 0.494413
6990 0.654232
6991 0.813928
6992 0.590932
6993 0.846249
6994 0.842667
6995 0.830254
6996 0.652542
6997 0.624604
6998 0.956948
6999 0.810623
7000 0.669916
7001 0.615996
7002 0.676657
7003 0.900025
7004 0.750921
7005 0.619526
7006 0.625671
7007 0.844317
7008 0.64194
7009 0.780448
7010 0.695988
7011 0.786275
7012 0.896937
7013 0.853055
7014 0.686501
7015 0.880511
7016 0.826615
7017 0.838721
7018 0.811149
7019 0.889074
7020 0.757932
7021 0.561012
7022 0.873201
7023 0.671447
7024 0.0106966
7025 0.66675
7026 0.817811
7027 0.818034
7028 0.626862
7029 0.797368
7030 0.716732
7031 0.450022
7032 0.499872
7033 0.762939
7034 0.715679
7035 0.487672
7036 0.65635
7037 0.858311
7038 0.601152
7039 0.879541
7040 0.448493
7041 0.617246
7042 0.625383
7043 0.683222
7044 0.739655
7045 0.624043
7046 0.725124
7047 0.808017
7048 0.646189
7049 0.62514
7050 0.932148
7051 0.8276
7052 0.839048
7053 0.608221
7054 0.684293
7055 0.643006
7056 0.671948
7057 0.606549
7058 0.922782
7059 0.844696
7060 0.826994
7061 0.885705
7062 0.88902
7063 0.8303
7064 0.803157
7065 0.791506
7066 0.455498
7067 0.668327
7068 0.686227
7069 0.667496
7070 0.718248
7071 0.194675
7072 0.806898
7073 0.555864
7074 0.755962
7075 0.741098
7076 0.832018
7077 0.779181
7078 0.373512
7079 0.370528
7080 0.889058
7081 0.715993
7082 0.502502
7083 0.874986
7084 0.81933
7085 0.803972
7086 0.74742
7087 0.756367
7088 0.677099
7089 0.935615
7090 0.635034
7091 0.589809
7092 0.608736
7093 0.684152
7094 0.790768
7095 0.555425
7096 0.748212
7097 0.792373
7098 0.75962
7099 0.787489
7100 0.70145
7101 0.777343
7102 0.808623
7103 0.452982
7104 0.77597
7105 0.559091
7106 0.683613
7107 0.92436
7108 0.811053
7109 0.708491
7110 0.668462
7111 0.746104
7112 0.921945
7113 0.765984
7114 0.760414
7115 0.81121
7116 0.847401
7117 0.120754
7118 0.551915
7119 0.61154
7120 0.711372
7121 0.620329
7122 0.925441
7123 0.726825
7124 0.598289
7125 0.736559
7126 0.728578
7127 0.483598
7128 0.831643
7129 0.727137
7130 0.851419
7131 0.738962
7132 0.564021
7133 0.536195
7134 0.797744
7135 0.773744
7136 0.630527
7137 0.658209
7138 0.913211
7139 0.857812
7140 0.649787
7141 0.802457
7142 0.802547
7143 0.659472
7144 0.833483
7145 0.735825
7146 0.97893
7147 0.762334
7148 0.436669
7149 0.896623
7150 0.81582
7151 0.901606
7152 0.583699
7153 0.934268
7154 0.714
7155 0.287031
7156 0.258412
7157 0.838726
7158 0.724363
7159 0.889751
7160 0.653076
7161 0.875332
7162 0.763961
7163 0.848032
7164 0.675507
7165 0.749038
7166 0.801793
7167 0.840012
7168 0.730172
7169 0.616863
7170 0.880539
7171 0.664113
7172 0.671528
7173 0.837267
7174 0.625601
7175 0.635881
7176 0.599819
7177 0.552907
7178 0.842246
7179 0.545466
7180 0.887527
7181 0.863575
7182 0.783643
7183 0.905776
7184 0.937663
7185 0.715084
7186 0.772096
7187 0.799246
7188 0.581706
7189 0.699679
7190 0.570672
7191 0.490716
7192 0.684876
7193 0.718072
7194 0.674575
7195 0.719682
7196 0.834613
7197 0.360259
7198 0.0533758
7199 0.179083
7200 0.624205
7201 0.641539
7202 0.707594
7203 0.935271
7204 0.77439
7205 0.788941
7206 0.547224
7207 0.53364
7208 0.793361
7209 0.631297
7210 0.690236
7211 0.691185
7212 0.705655
7213 0.428265
7214 0.745392
7215 0.725041
7216 0.112644
7217 0.45547
7218 0.927973
7219 0.575298
7220 0.825931
7221 0.747031
7222 0.796512
7223 0.162034
7224 0.901422
7225 0.682073
7226 0.630851
7227 0.68159
7228 0.667763
7229 0.668738
7230 0.309366
7231 0.622183
7232 0.770113
7233 0.763563
7234 0.506334
7235 0.76222
7236 0.821895
7237 0.628706
7238 0.903372
7239 0.642001
7240 0.482344
7241 0.823357
7242 0.707292
7243 0.946346
7244 0.925132
7245 0.76727
7246 0.490774
7247 0.60422
7248 0.606543
7249 0.66209
7250 0.735101
7251 0.580628
7252 0.786389
7253 0.470057
7254 0.905393
7255 0.680064
7256 0.872722
7257 0.717272
7258 0.869238
7259 0.8148
7260 0.599475
7261 0.761029
7262 0.725564
7263 0.915368
7264 0.81476
7265 0.691816
7266 0.638168
7267 0.697688
7268 0.746079
7269 0.0141905
7270 0.803637
7271 0.406134
7272 0.0912925
7273 0.774847
7274 0.681988
7275 0.687018
7276 0.986436
7277 0.635244
7278 0.479758
7279 0.4852
7280 0.621949
7281 0.81431
7282 0.815356
7283 0.68337
7284 0.747438
7285 0.45218
7286 0.823921
7287 0.134173
7288 0.828966
7289 0.428105
7290 0.49408
7291 0.584136
7292 0.811646
7293 0.66006
7294 0.796389
7295 0.844279
7296 0.0636646
7297 0.873005
7298 0.809632
7299 0.910777
7300 0.841742
7301 0.802457
7302 0.901617
7303 0.654314
7304 0.854868
7305 0.835424
7306 0.715226
7307 0.638002
7308 0.671146
7309 0.751125
7310 0.806094
7311 0.726175
7312 0.848832
7313 0.559483
7314 0.718662
7315 0.487187
7316 0.947741
7317 0.801169
7318 0.47436
7319 0.811154
7320 0.8276
7321 0.752592
7322 0.597006
7323 0.823289
7324 0.495087
7325 0.627542
7326 0.613256
7327 0.773741
7328 0.717062
7329 0.780712
7330 0.697676
7331 0.715456
7332 0.776748
7333 0.676173
7334 0.858612
7335 0.790586
7336 0.662655
7337 0.421309
7338 0.675745
7339 0.672723
7340 0.912528
7341 0.950083
7342 0.800139
7343 0.75943
7344 0.961838
7345 0.674429
7346 0.689242
7347 0.82825
7348 0.774743
7349 0.696972
7350 0.665464
7351 0.780178
7352 0.658491
7353 0.922475
7354 0.579531
7355 0.777033
7356 0.550458
7357 0.68671
7358 0.785357
7359 0.816286
7360 0.83629
7361 0.669872
7362 0.64699
7363 0.622712
7364 0.639925
7365 0.641087
7366 0.686785
7367 0.863646
7368 0.852186
7369 0.76514
7370 0.845288
7371 0.653711
7372 0.850572
7373 0.748753
7374 0.831196
7375 0.838252
7376 0.623999
7377 0.720972
7378 0.989307
7379 0.715349
7380 0.490048
7381 0.855136
7382 0.758733
7383 0.534991
7384 0.853363
7385 0.784302
7386 0.908971
7387 0.876297
7388 0.803801
7389 0.77385
7390 0.712986
7391 0.728232
7392 0.77312
7393 0.59769
7394 0.630864
7395 0.530229
7396 0.742733
7397 0.840898
7398 0.503515
7399 0.693989
7400 0.83208
7401 0.581108
7402 0.789975
7403 0.748352
7404 0.741934
7405 0.658763
7406 0.731878
7407 0.64538
7408 0.630737
7409 0.714587
7410 0.786032
7411 0.844579
7412 0.759744
7413 0.724171
7414 0.792596
7415 0.831615
7416 0.741218
7417 0.722888
7418 0.769812
7419 0.642787
7420 0.471165
7421 0.696756
7422 0.720669
7423 0.172159
7424 0.705667
7425 0.890673
7426 0.733552
7427 0.512077
7428 0.620725
7429 0.834777
7430 0.712928
7431 0.812281
7432 0.65556
7433 0.680416
7434 0.608044
7435 0.761798
7436 0.434513
7437 0.790667
7438 0.751149
7439 0.729112
7440 0.805674
7441 0.595461
7442 0.947765
7443 0.893713
7444 0.546734
7445 0.605391
7446 0.643801
7447 0.856431
7448 0.732793
7449 0.613376
7450 0.722203
7451 0.91489
7452 0.937652
7453 0.871405
7454 0.624306
7455 0.863367
7456 0.758885
7457 0.711919
7458 0.66429
7459 0.744463
7460 0.511716
7461 0.575554
7462 0.542057
7463 0.587799
7464 0.656262
7465 0.784577
7466 0.761766
7467 0.804659
7468 0.610691
7469 0.926355
7470 0.540155
7471 0.82328
7472 0.543097
7473 0.445259
7474 0.518708
7475 0.438123
7476 0.731706
7477 0.772942
7478 0.903076
7479 0.729316
7480 0.789533
7481 0.751691
7482 0.86442
7483 0.867723
7484 0.594177
7485 0.598991
7486 0.881118
7487 0.670461
7488 0.600855
7489 0.383849
7490 0.769716
7491 0.673271
7492 0.54918
7493 0.934881
7494 0.552646
7495 0.48615
7496 0.869723
7497 0.829635
7498 0.929935
7499 0.869493
7500 0.932446
7501 0.619426
7502 0.878783
7503 0.827773
7504 0.805833
7505 0.800246
7506 0.828316
7507 0.88623
7508 0.795496
7509 0.4762
7510 0.841017
7511 0.822312
7512 0.594174
7513 0.782818
7514 0.726144
7515 0.759174
7516 0.720938
7517 0.661678
7518 0.523093
7519 0.742112
7520 0.855619
7521 0.712894
7522 0.601423
7523 0.416471
7524 0.703853
7525 0.58299
7526 0.702025
7527 0.906575
7528 0.10904
7529 0.63033
7530 0.678839
7531 0.801283
7532 0.708031
7533 0.828817
7534 0.665143
7535 0.750179
7536 0.701779
7537 0.469278
7538 0.80115
7539 0.814596
7540 0.838544
7541 0.66005
7542 0.908233
7543 0.761492
7544 0.867661
7545 0.788918
7546 0.886535
7547 0.587874
7548 0.721351
7549 0.399019
7550 0.431399
7551 0.768057
7552 0.0843706
7553 0.76901
7554 0.62101
7555 0.837007
7556 0.759268
7557 0.651257
7558 0.585533
7559 0.584189
7560 0.707276
7561 0.688733
7562 0.462087
7563 0.667875
7564 0.728223
7565 0.710922
7566 0.839174
7567 0.540657
7568 0.673586
7569 0.653686
7570 0.885967
7571 0.759107
7572 0.842916
7573 0.94113
7574 0.727005
7575 0.58172
7576 0.871108
7577 0.78608
7578 0.755535
7579 0.785422
7580 0.837432
7581 0.552999
7582 0.587777
7583 0.743497
7584 0.605666
7585 0.779929
7586 0.592006
7587 0.719121
7588 0.843193
7589 0.501152
7590 0.602651
7591 0.70923
7592 0.79923
7593 0.705627
7594 0.909536
7595 0.842471
7596 0.546053
7597 0.59623
7598 0.57594
7599 0.729008
7600 0.735578
7601 0.700004
7602 0.690157
7603 0.534264
7604 0.641598
7605 0.39575
7606 0.742787
7607 0.722485
7608 0.664188
7609 0.658509
7610 0.826756
7611 0.293938
7612 0.655122
7613 0.414411
7614 0.0591362
7615 0.599963
7616 0.0040734
7617 0.0347394
7618 0.027753
7619 0.736139
7620 0.700479
7621 0.800264
7622 0.805683
7623 0.669049
7624 0.728209
7625 0.737009
7626 0.608841
7627 0.643697
7628 0.789929
7629 0.629881
7630 0.571753
7631 0.616668
7632 0.842265
7633 0.539873
7634 0.689858
7635 0.643863
7636 0.833351
7637 0.848943
7638 0.789188
7639 0.559844
7640 0.487079
7641 0.731856
7642 0.576306
7643 0.803438
7644 0.818191
7645 0.648521
7646 0.671788
7647 0.623814
7648 0.705288
7649 0.71023
7650 0.612723
7651 0.800919
7652 0.820738
7653 0.393026
7654 0.90947
7655 0.934397
7656 0.901043
7657 0.936704
7658 0.751878
7659 0.888941
7660 0.750265
7661 0.912955
7662 0.739711
7663 0.882838
7664 0.792664
7665 0.738431
7666 0.782424
7667 0.783632
7668 0.716792
7669 0.658307
7670 0.845585
7671 0.637806
7672 0.76879
7673 0.819702
7674 0.514449
7675 0.640303
7676 0.613682
7677 0.727367
7678 0.684099
7679 0.896257
7680 0.56648
7681 0.61649
7682 0.634682
7683 0.717527
7684 0.943876
7685 0.671966
7686 0.633668
7687 0.137689
7688 0.663555
7689 0.749923
7690 0.571109
7691 0.784326
7692 0.868011
7693 0.918682
7694 0.913161
7695 0.717663
7696 0.814116
7697 0.755868
7698 0.64405
7699 0.413203
7700 0.805362
7701 0.00222924
7702 0.883911
7703 0.542303
7704 0.611263
7705 0.503952
7706 0.770449
7707 0.499744
7708 0.688272
7709 0.692527
7710 0.640867
7711 0.782462
7712 0.801378
7713 0.66278
7714 0.619848
7715 0.588858
7716 0.682391
7717 0.630008
7718 0.941173
7719 0.660826
7720 0.622106
7721 0.0681659
7722 0.706398
7723 0.773389
7724 0.488867
7725 0.871873
7726 0.57217
7727 0.98354
7728 0.647906
7729 0.769989
7730 0.779015
7731 0.379644
7732 0.536812
7733 0.361817
7734 0.648119
7735 0.522559
7736 0.810251
7737 0.62314
7738 0.734733
7739 0.692605
7740 0.776309
7741 0.560934
7742 0.776525
7743 0.825496
7744 0.0518486
7745 0.0702112
7746 0.646824
7747 0.711901
7748 0.667238
7749 0.79106
7750 0.565053
7751 0.479455
7752 0.62652
7753 0.907114
7754 0.759002
7755 0.812917
7756 0.885648
7757 0.773571
7758 0.74267
7759 0.694307
7760 0.808212
7761 0.755527
7762 0.78364
7763 0.851236
7764 0.82311
7765 0.550692
7766 0.769736
7767 0.868158
7768 0.920046
7769 0.863136
7770 0.666657
7771 0.869618
7772 0.560206
7773 0.549213
7774 0.581287
7775 0.556134
7776 0.654291
7777 0.638733
7778 0.558327
7779 0.7584
7780 0.786966
7781 0.650213
7782 0.659808
7783 0.940091
7784 0.602381
7785 0.540049
7786 0.632974
7787 0.586632
7788 0.937585
7789 0.795786
7790 0.721766
7791 0.784369
7792 0.772853
7793 0.769117
7794 0.69947
7795 0.731837
7796 0.622034
7797 0.570346
7798 0.618958
7799 0.633338
7800 0.750313
7801 0.546375
7802 0.842509
7803 0.681931
7804 0.761774
7805 0.902577
7806 0.981642
7807 0.72771
7808 0.817796
7809 0.777267
7810 0.901837
7811 0.769914
7812 0.59482
7813 0.981015
7814 0.827825
7815 0.868771
7816 0.730073
7817 0.510661
7818 0.875964
7819 0.739055
7820 0.817261
7821 0.77174
7822 0.83627
7823 0.827593
7824 0.756063
7825 0.648005
7826 0.792188
7827 0.670738
7828 0.640602
7829 0.74512
7830 0.792311
7831 0.580922
7832 0.81716
7833 0.881326
7834 0.570866
7835 0.756625
7836 0.657498
7837 0.651083
7838 0.827028
7839 0.60348
7840 0.873394
7841 0.711583
7842 0.587488
7843 0.833006
7844 0.803178
7845 0.619489
7846 0.621188
7847 0.729379
7848 0.61715
7849 0.735388
7850 0.887445
7851 0.821157
7852 0.677486
7853 0.65136
7854 0.734881
7855 0.797042
7856 0.748238
7857 0.860298
7858 0.857954
7859 0.884749
7860 0.54878
7861 0.82095
7862 0.837633
7863 0.853137
7864 0.831491
7865 0.659162
7866 0.722712
7867 0.669267
7868 0.676607
7869 0.689815
7870 0.707056
7871 0.469476
7872 0.843408
7873 0.029672
7874 0.751628
7875 0.0290066
7876 0.0260013
7877 0.0334451
7878 0.744775
7879 0.566788
7880 0.0358533
7881 0.211732
7882 0.528123
7883 0.0144151
7884 0.0271535
7885 0.0136565
7886 0.0347452
7887 0.000227999
7888 0.0224575
7889 0.985544
7890 0.582379
7891 0.0320349
7892 0.0234154
7893 0.0540897
7894 0.594395
7895 0.437976
7896 0.811281
7897 0.718407
7898 0.660044
7899 0.00304872
7900 0.244019
7901 0.138235
7902 0.00711946
7903 0.704919
7904 0.043955
7905 0.847699
7906 0.629274
7907 0.869356
7908 0.861166
7909 0.593832
7910 0.667295
7911 0.614525
7912 0.445482
7913 0.619171
7914 0.0302293
7915 0.742691
7916 0.00524522
7917 0.530968
7918 0.676408
7919 0.773453
7920 0.809234
7921 0.900243
7922 0.517774
7923 0.416598
7924 0.718492
7925 0.572628
7926 0.559673
7927 0.833778
7928 0.820462
7929 0.760871
7930 0.0507279
7931 0.0471812
7932 0.744133
7933 0.702675
7934 0.409739
7935 0.519656
7936 0.00879591
7937 0.470241
7938 0.597429
7939 0.507982
7940 0.00219513
7941 0.723225
7942 0.492723
7943 0.211575
7944 0.557685
7945 0.651421
7946 0.848953
7947 0.688484
7948 0.778618
7949 0.662829
7950 0.894289
7951 0.705387
7952 0.77415
7953 0.593831
7954 0.785792
7955 0.780928
7956 0.773373
7957 0.856858
7958 0.683368
7959 0.00113325
7960 0.0511134
7961 0.0370811
7962 0.00263905
7963 0.000277786
7964 0.0542683
7965 0.00746513
7966 0.819019
7967 0.771971
7968 0.982948
7969 0.60944
7970 0.0461195
7971 6.1202e-05
7972 0.00118551
7973 4.22426e-07
7974 2.98545e-05
7975 7.29917e-07
7976 0.0117902
7977 0.0893599
7978 0.000802676
7979 0.872507
7980 0.656385
7981 0.858801
7982 0.581749
7983 0.859988
7984 0.654913
7985 0.561027
7986 0.317354
7987 0.699946
7988 0.114282
7989 0.702156
7990 0.607994
7991 0.71491
7992 0.84769
7993 0.530357
7994 0.588594
7995 0.137235
7996 0.57795
7997 0.733116
7998 0.732016
7999 0.666228
8000 0.12028
8001 0.442072
8002 0.836489
8003 0.759854
8004 0.611463
8005 0.802083
8006 0.481255
8007 0.696261
8008 0.921234
8009 0.0986325
8010 0.591719
8011 0.54238
8012 0.593075
8013 0.0234888
8014 0.0351312
8015 0.424123
8016 0.0282797
8017 0.0281469
8018 0.706893
8019 0.11005
8020 0.146659
8021 0.444753
8022 0.597749
8023 0.104861
8024 0.707779
8025 0.430775
8026 0.733562
8027 0.716094
8028 0.596276
8029 0.663895
8030 0.659843
8031 0.273506
8032 0.378935
8033 0.425901
8034 0.589787
8035 0.687298
8036 0.110824
8037 0.0849922
8038 0.413436
8039 0.568626
8040 0.666176
8041 0.47671
8042 0.359728
8043 0.654929
8044 0.0038693
8045 0.406874
8046 0.355181
8047 0.436762
8048 0.633314
8049 0.630627
8050 0.291105
8051 0.0404256
8052 0.377091
8053 0.828464
8054 0.773999
8055 0.74647
8056 0.596005
8057 0.571731
8058 0.129869
8059 0.460955
8060 0.000156413
8061 0.533672
8062 0.000161153
8063 0.867792
8064 0.404463
8065 0.486209
8066 0.459399
8067 0.715103
8068 0.662639
8069 0.459777
8070 0.615225
8071 0.254923
8072 0.491874
8073 0.160363
8074 0.400671
8075 0.581112
8076 0.637553
8077 0.655579
8078 0.801754
8079 0.156127
8080 0.0973574
8081 0.504849
8082 0.576313
8083 0.531922
8084 0.660805
8085 0.450644
8086 0.71641
8087 0.0374562
8088 0.514543
8089 0.695374
8090 0.520916
8091 0.429573
8092 0.37768
8093 0.724327
8094 0.283248
8095 0.558577
8096 0.173972
8097 0.201529
8098 0.415569
8099 0.446193
8100 0.399082
8101 0.747743
8102 0.731804
8103 0.278468
8104 0.744545
8105 0.550005
8106 0.632207
8107 0.334991
8108 0.112062
8109 0.0167578
8110 0.38258
8111 0.428743
8112 0.411006
8113 0.270985
8114 0.456852
8115 0.22827
8116 0.574936
8117 0.500999
8118 0.446868
8119 0.613887
8120 0.487717
8121 0.366907
8122 0.929246
8123 0.126966
8124 0.0620293
8125 0.628532
8126 0.403042
8127 0.821341
8128 0.0912251
8129 0.410232
8130 0.435507
8131 0.532009
8132 0.603734
8133 0.385255
8134 0.249912
8135 0.182335
8136 0.286017
8137 0.557611
8138 0.530907
8139 0.0709962
8140 0.479959
8141 0.296616
8142 0.356449
8143 0.117382
8144 0.164812
8145 0.629782
8146 0.376021
8147 0.454726
8148 0.384373
8149 0.00413132
8150 0.365568
8151 0.0425619
8152 0.0168513
8153 0.00283719
8154 0.0136196
8155 0.0140884
8156 0.0878387
8157 0.490804
8158 0.382867
8159 0.152545
8160 0.218735
8161 0.659775
8162 0.668899
8163 0.0259833
8164 0.651559
8165 0.673311
8166 0.57557
8167 0.657581
8168 0.832948
8169 0.4442
8170 0.234135
8171 0.261019
8172 0.528891
8173 0.403095
8174 0.630084
8175 0.40073
8176 0.00386846
8177 0.0199617
8178 0.0184637
8179 0.0223736
8180 0.497386
8181 0.325407
8182 0.876752
8183 0.00822811
8184 0.393938
8185 0.669781
8186 0.00954896
8187 0.0238975
8188 0.215435
8189 0.072689
8190 0.477202
8191 0.585527
8192 0.584474
8193 0.534377
8194 0.104101
8195 0.472856
8196 0.548598
8197 0.571343
8198 0.203978
8199 0.75037
8200 0.621735
8201 0.822143
8202 0.648822
8203 0.529425
8204 0.88996
8205 0.466594
8206 0.177453
8207 0.44157
8208 0.650942
8209 0.786735
8210 0.0491536
8211 0.586022
8212 0.0373894
8213 0.0429987
8214 0.453593
8215 0.149175
8216 0.0303804
8217 0.466633
8218 0.429579
8219 0.0462021
8220 0.82351
8221 0.627535
8222 0.0623701
8223 0.382117
8224 0.850964
8225 0.650032
8226 0.0852009
8227 0.110199
8228 0.666814
8229 0.329092
8230 0.491717
8231 0.321388
8232 0.831625
8233 0.185335
8234 0.512864
8235 0.698932
8236 0.350447
8237 0.223619
8238 0.0761664
8239 0.0302711
8240 0.257573
8241 0.0681794
8242 0.0674712
8243 0.00334876
8244 0.00296913
8245 0.0407808
8246 0.00388394
8247 0.00992464
8248 0.0534398
8249 0.0330275
8250 0.00355546
8251 0.0411506
8252 0.00397009
8253 0.0497117
8254 0.00224348
8255 0.0169255
8256 0.341561
8257 0.52479
8258 0.657422
8259 0.76381
8260 0.303942
8261 0.225526
8262 0.0259895
8263 0.782955
8264 0.391428
8265 0.801929
8266 0.557258
8267 0.648392
8268 0.0212988
8269 0.0688591
8270 0.67731
8271 0.599472
8272 0.000390025
8273 0.0250426
8274 0.0139461
8275 0.0294932
8276 0.0156859
8277 0.000239869
8278 0.0202578
8279 0.0345322
8280 0.000671664
8281 0.0543
8282 0.0239143
8283 0.000313686
8284 0.00518996
8285 0.0129587
8286 0.0275366
8287 0.00712904
8288 0.00264124
8289 0.0168293
8290 0.00983328
8291 0.00722399
8292 0.102728
8293 0.0332159
8294 0.0473585
8295 0.0363428
8296 0.0011257
8297 0.0137113
8298 0.828737
8299 0.799537
8300 0.462969
8301 0.687965
8302 0.610792
8303 0.565544
8304 0.79449
8305 0.372747
8306 0.757653
8307 0.391995
8308 0.717539
8309 0.539185
8310 0.567639
8311 0.86387
8312 0.405834
8313 0.57225
8314 0.713913
8315 0.277221
8316 0.0220798
8317 0.333819
8318 0.418107
8319 0.567071
8320 0.457767
8321 0.763524
8322 0.854863
8323 0.925133
8324 0.848926
8325 0.939738
8326 0.806579
8327 0.692403
8328 0.640796
8329 0.83098
8330 0.26266
8331 0.68007
8332 0.678959
8333 0.334173
8334 0.420263
8335 0.788768
8336 0.630161
8337 0.719991
8338 0.277915
8339 0.525726
8340 0.104276
8341 0.952094
8342 0.690646
8343 0.725441
8344 0.614793
8345 0.529407
8346 0.33518
8347 0.720479
8348 0.0204316
8349 0.111311
8350 0.0433567
8351 0.625241
8352 0.587857
8353 0.657471
8354 0.818679
8355 0.489258
8356 0.67063
8357 0.0816939
8358 0.628424
8359 0.32687
8360 0.575267
8361 0.153812
8362 0.723233
8363 0.657775
8364 0.651973
8365 0.632959
8366 0.619448
8367 0.425604
8368 0.542702
8369 0.906582
8370 0.535689
8371 0.776844
8372 0.0751124
8373 0.499663
8374 0.836389
8375 0.686464
8376 0.795493
8377 0.576842
8378 0.49287
8379 0.457097
8380 0.399759
8381 0.638489
8382 0.562179
8383 0.854279
8384 0.515013
8385 0.463325
8386 0.411763
8387 0.615617
8388 0.709112
8389 0.807606
8390 0.41635
8391 0.319404
8392 0.875321
8393 0.658331
8394 0.650519
8395 0.46598
8396 0.397469
8397 0.217138
8398 0.171889
8399 0.430235
8400 0.152495
8401 0.433705
8402 0.0421992
8403 0.54548
8404 0.504555
8405 0.0775606
8406 0.225566
8407 0.259379
8408 0.569068
8409 0.740078
8410 0.772267
8411 0.20631
8412 0.711161
8413 0.433551
8414 0.0833915
8415 0.740021
8416 0.433784
8417 0.624451
8418 0.621342
8419 0.414991
8420 0.364057
8421 0.462862
8422 0.508744
8423 0.0789407
8424 0.700083
8425 0.485046
8426 0.823239
8427 0.0981
8428 0.448661
8429 0.74869
8430 0.60756
8431 0.0369067
8432 0.393603
8433 0.670593
8434 0.502642
8435 0.407771
8436 0.139111
8437 0.406813
8438 0.117379
8439 0.572005
8440 0.409429
8441 0.610657
8442 0.375946
8443 0.601935
8444 0.295793
8445 0.571527
8446 0.255777
8447 0.253315
8448 0.682954
8449 0.0346511
8450 0.521894
8451 0.0410348
8452 0.521903
8453 0.6326
8454 0.591705
8455 0.461604
8456 0.631325
8457 0.571374
8458 0.463474
8459 0.54418
8460 0.688155
8461 0.511924
8462 0.149112
8463 0.526701
8464 0.697195
8465 0.00187239
8466 0.0387396
8467 0.295826
8468 0.881674
8469 0.28344
8470 0.52031
8471 0.0409272
8472 0.538882
8473 0.575474
8474 0.629282
8475 0.536077
8476 0.715905
8477 0.633958
8478 0.594728
8479 0.42371
8480 0.340595
8481 0.153191
8482 0.487452
8483 0.783217
8484 0.555992
8485 0.513174
8486 0.816653
8487 0.962913
8488 0.299508
8489 0.544863
8490 0.0335614
8491 0.0998235
8492 0.028762
8493 0.00686096
8494 7.72108e-05
8495 0.0184808
8496 0.0364678
8497 0.0378785
8498 0.23479
8499 0.127192
8500 0.0310364
8501 0.65317
8502 0.307238
8503 0.169997
8504 0.418461
8505 0.340041
8506 0.0907171
8507 0.38502
8508 0.01672
8509 0.443888
8510 0.0264531
8511 0.0252036
8512 0.548678
8513 0.509149
8514 0.863729
8515 0.544484
8516 0.98689
8517 0.510849
8518 0.383068
8519 0.294901
8520 0.131051
8521 0.603781
8522 0.444792
8523 0.640624
8524 0.759437
8525 0.127731
8526 0.693903
8527 0.602904
8528 0.779217
8529 0.666642
8530 0.297774
8531 0.551152
8532 0.595185
8533 0.716301
8534 0.317266
8535 0.367477
8536 0.827856
8537 0.163939
8538 0.557547
8539 0.58935
8540 0.413553
8541 0.691589
8542 0.42835
8543 0.67902
8544 0.690073
8545 0.827576
8546 0.574054
8547 0.625498
8548 0.773315
8549 0.631551
8550 0.310188
8551 0.487732
8552 0.425558
8553 0.741584
8554 0.543794
8555 0.669941
8556 0.515889
8557 0.277403
8558 0.745928
8559 0.406842
8560 0.714988
8561 0.58478
8562 0.736461
8563 0.536136
8564 0.43771
8565 0.746799
8566 0.749315
8567 0.619356
8568 0.632914
8569 0.49072
8570 0.656669
8571 0.240889
8572 0.220391
8573 0.05988
8574 0.00320176
8575 0.351837
8576 0.0256955
8577 0.0308635
8578 0.313054
8579 0.206251
8580 0.544093
8581 0.686377
8582 0.731825
8583 0.854877
8584 0.587191
8585 0.553722
8586 0.858368
8587 0.526975
8588 0.416788
8589 0.378085
8590 0.0197374
8591 0.688648
8592 0.323623
8593 0.673007
8594 0.470992
8595 0.529135
8596 0.349637
8597 0.73219
8598 0.458424
8599 0.579746
8600 0.550674
8601 0.481082
8602 0.653987
8603 0.608762
8604 0.507733
8605 0.00227681
8606 0.26066
8607 0.4807
8608 0.656814
8609 0.476684
8610 0.583057
8611 0.867948
8612 0.560265
8613 0.680332
8614 0.0814167
8615 0.514524
8616 0.420332
8617 0.533444
8618 0.946734
8619 0.624231
8620 0.506746
8621 0.846115
8622 0.928011
8623 0.850309
8624 0.795948
8625 0.904587
8626 0.928001
8627 0.827502
8628 0.47656
8629 0.463428
8630 0.408007
8631 0.592212
8632 0.108146
8633 0.119743
8634 0.764739
8635 0.68214
8636 0.515303
8637 0.058357
8638 0.433877
8639 0.120357
8640 0.746111
8641 0.462992
8642 0.0201691
8643 0.161554
8644 0.716714
8645 0.401932
8646 0.00567057
8647 0.0180321
8648 0.491151
8649 0.117354
8650 0.163081
8651 0.657547
8652 0.00825916
8653 0.888738
8654 0.659328
8655 0.83938
8656 0.0291875
8657 0.286539
8658 0.270311
8659 0.0554555
8660 0.478009
8661 0.0631241
8662 0.465713
8663 0.325188
8664 0.468045
8665 0.786171
8666 0.0343889
8667 0.756143
8668 0.351918
8669 0.473056
8670 0.67686
8671 0.336161
8672 0.435203
8673 0.223425
8674 0.0740442
8675 0.543614
8676 0.0160758
8677 0.167762
8678 0.550031
8679 0.507125
8680 0.470904
8681 0.0207383
8682 0.0275507
8683 0.568268
8684 0.728639
8685 0.475147
8686 0.00950085
8687 0.100458
8688 0.294821
8689 0.716171
8690 0.293252
8691 0.574452
8692 0.720308
8693 0.541529
8694 0.494156
8695 0.153407
8696 0.487939
8697 0.432008
8698 0.313275
8699 0.0562589
8700 0.614668
8701 0.661994
8702 0.0262625
8703 0.0312733
8704 0.388834
8705 0.443912
8706 0.525411
8707 0.681898
8708 0.567899
8709 0.645506
8710 0.0407888
8711 0.0407791
8712 0.0603907
8713 0.00931646
8714 0.0616128
8715 0.0215148
8716 0.350486
8717 0.474087
8718 0.545425
8719 0.625825
8720 0.591528
8721 0.556843
8722 0.0924343
8723 0.0286526
8724 0.565406
8725 0.760008
8726 0.531551
8727 0.0916734
8728 0.519982
8729 0.744898
8730 0.530143
8731 0.799781
8732 0.700798
8733 0.715957
8734 0.66508
8735 0.475987
8736 0.666269
8737 0.697601
8738 0.584362
8739 0.654051
8740 0.785988
8741 0.973698
8742 0.49706
8743 0.00183902
8744 0.550763
8745 0.614458
8746 0.779231
8747 0.614568
8748 0.673129
8749 0.368566
8750 0.241784
8751 0.432882
8752 0.16434
8753 0.288666
8754 0.372307
8755 0.603984
8756 0.551638
8757 0.669969
8758 0.0256236
8759 0.3846
8760 0.342199
8761 0.535499
8762 0.638804
8763 0.466546
8764 0.563112
8765 0.354488
8766 0.67297
8767 0.550921
8768 0.610606
8769 0.653791
8770 0.683304
8771 0.513581
8772 0.070173
8773 0.0936998
8774 0.0764174
8775 0.628649
8776 0.339159
8777 0.625962
8778 0.534905
8779 0.622957
8780 0.531569
8781 0.074994
8782 0.639502
8783 0.399947
8784 0.400981
8785 0.93479
8786 0.658061
8787 0.6383
8788 0.784805
8789 0.844942
8790 0.0740078
8791 0.739968
8792 0.0820731
8793 0.969578
8794 0.771607
8795 0.306085
8796 0.367376
8797 0.569041
8798 0.389418
8799 0.352545
8800 0.945076
8801 0.785164
8802 0.838057
8803 0.864221
8804 0.667104
8805 0.0897653
8806 0.0769048
8807 0.447826
8808 0.426032
8809 0.593965
8810 0.629258
8811 0.453122
8812 0.40795
8813 0.0994358
8814 0.367363
8815 0.68004
8816 0.545062
8817 0.48976
8818 0.00471478
8819 0.0394468
8820 0.486012
8821 0.759931
8822 0.118952
8823 0.551796
8824 0.799065
8825 0.655593
8826 0.546086
8827 0.603887
8828 0.542353
8829 0.485591
8830 0.673788
8831 0.697932
8832 0.522818
8833 0.492772
8834 0.254067
8835 0.346301
8836 0.643994
8837 0.547617
8838 0.573591
8839 0.710638
8840 0.561208
8841 0.835786
8842 0.430994
8843 0.608404
8844 0.668585
8845 0.694217
8846 0.560343
8847 0.609379
8848 0.324795
8849 0.486393
8850 0.646917
8851 0.438644
8852 0.403021
8853 0.468787
8854 0.163772
8855 0.488427
8856 0.773198
8857 0.487855
8858 0.0925895
8859 0.685204
8860 0.477158
8861 0.525188
8862 0.890934
8863 0.712778
8864 0.805702
8865 0.472924
8866 0.461423
8867 0.694527
8868 0.60891
8869 0.108836
8870 0.187939
8871 0.273172
8872 0.314566
8873 0.693064
8874 0.0245982
8875 0.0212196
8876 0.154426
8877 0.201762
8878 0.765528
8879 0.56564
8880 0.744318
8881 0.0114167
8882 0.562251
8883 0.580016
8884 0.289364
8885 0.0681987
8886 0.05682
8887 0.605176
8888 0.0116329
8889 0.727564
8890 0.482528
8891 0.569102
8892 0.32107
8893 0.54049
8894 0.0560328
8895 0.0434953
8896 0.806554
8897 0.755604
8898 0.0692051
8899 0.0923979
8900 0.699424
8901 0.3473
8902 0.320632
8903 0.363339
8904 0.479168
8905 0.0372387
8906 0.0340989
8907 0.74257
8908 0.207026
8909 0.148108
8910 0.70431
8911 0.460387
8912 0.367186
8913 0.318772
8914 0.0714439
8915 0.624507
8916 0.729415
8917 0.63315
8918 0.0367474
8919 0.40239
8920 0.861148
8921 0.954204
8922 0.793117
8923 0.0236625
8924 0.693228
8925 0.591441
8926 0.701013
8927 0.583527
8928 0.570898
8929 0.498073
8930 0.60168
8931 0.053028
8932 0.206966
8933 0.44773
8934 0.380135
8935 0.269764
8936 0.269384
8937 0.662713
8938 0.221954
8939 0.498605
8940 0.35055
8941 0.377182
8942 0.677354
8943 0.0821307
8944 0.412409
8945 0.354285
8946 0.529093
8947 0.150684
8948 0.36702
8949 0.136942
8950 0.751158
8951 0.0229367
8952 0.354254
8953 0.74147
8954 0.771717
8955 0.527381
8956 0.768522
8957 0.0615745
8958 0.0213102
8959 0.798596
8960 0.508495
8961 0.366998
8962 0.189287
8963 0.406407
8964 0.4817
8965 0.403688
8966 0.578943
8967 0.782301
8968 0.637251
8969 0.303137
8970 0.10486
8971 0.737507
8972 0.542546
8973 0.837417
8974 0.634554
8975 0.444252
8976 0.473746
8977 0.337169
8978 0.965659
8979 0.454893
8980 0.0113451
8981 0.144439
8982 0.462448
8983 0.18216
8984 0.239664
8985 0.620383
8986 0.390182
8987 0.362827
8988 0.562012
8989 0.372204
8990 0.439718
8991 0.267198
8992 0.403128
8993 0.64061
8994 0.0368275
8995 0.40938
8996 0.480979
8997 0.420438
8998 0.743654
8999 0.429229
9000 0.599362
9001 0.428641
9002 0.602136
9003 0.489824
9004 0.427631
9005 0.174741
9006 0.256753
9007 0.645098
9008 0.475025
9009 0.522588
9010 0.159678
9011 0.131634
9012 0.168254
9013 0.766373
9014 0.784978
9015 0.654316
9016 0.571524
9017 0.547594
9018 0.584576
9019 0.713456
9020 0.618835
9021 0.547836
9022 0.568846
9023 0.396386
9024 0.112322
9025 0.00221804
9026 0.35552
9027 0.405557
9028 0.169958
9029 0.46099
9030 0.578794
9031 0.237402
9032 0.519293
9033 0.547756
9034 0.137691
9035 0.408867
9036 0.2185
9037 0.539048
9038 0.665936
9039 0.552242
9040 0.545552
9041 0.451738
9042 0.216121
9043 0.669006
9044 0.108175
9045 0.44752
9046 0.206964
9047 0.535018
9048 0.915201
9049 0.740477
9050 0.753439
9051 0.792686
9052 0.527475
9053 0.876603
9054 0.709585
9055 0.802047
9056 0.81449
9057 0.639647
9058 0.599947
9059 0.668595
9060 0.173095
9061 0.437846
9062 0.189082
9063 0.0388239
9064 0.458917
9065 0.532785
9066 0.439892
9067 0.3703
9068 0.584918
9069 0.243147
9070 0.585303
9071 0.173346
9072 0.109096
9073 0.0239326
9074 0.610721
9075 0.0298103
9076 0.0992154
9077 0.0977727
9078 0.639749
9079 0.436227
9080 0.692475
9081 0.306778
9082 0.409912
9083 0.672251
9084 0.456595
9085 0.35836
9086 0.500856
9087 0.402602
9088 0.696022
9089 0.125026
9090 0.261804
9091 0.0585081
9092 0.032616
9093 0.241587
9094 0.0849474
9095 0.639105
9096 0.738769
9097 0.0253021
9098 0.36796
9099 0.228192
9100 0.709451
9101 0.312115
9102 0.466398
9103 0.946816
9104 0.640567
9105 0.36344
9106 0.0314404
9107 0.0988113
9108 0.418335
9109 0.0417953
9110 0.806686
9111 0.513573
9112 0.790062
9113 0.868944
9114 0.618226
9115 0.389057
9116 0.147775
9117 0.588268
9118 0.0936924
9119 0.233121
9120 0.384995
9121 0.693017
9122 0.243363
9123 0.00252152
9124 0.49197
9125 0.618954
9126 0.365659
9127 0.721944
9128 0.555186
9129 0.151229
9130 0.351312
9131 0.0409335
9132 0.42227
9133 0.23632
9134 0.682489
9135 0.727114
9136 0.647022
9137 0.716465
9138 0.0384998
9139 0.442479
9140 0.438995
9141 0.55345
9142 0.581733
9143 0.0199466
9144 0.798407
9145 0.672161
9146 0.0286744
9147 0.0456353
9148 0.516971
9149 0.526413
9150 0.425731
9151 0.643731
9152 0.444798
9153 0.459751
9154 0.559542
9155 0.792603
9156 0.65973
9157 0.254791
9158 0.357226
9159 0.550032
9160 0.511712
9161 0.0519464
9162 0.276095
9163 0.393235
9164 0.502716
9165 0.525658
9166 0.641936
9167 0.490019
9168 0.521591
9169 0.418243
9170 0.714892
9171 0.709912
9172 0.0575421
9173 0.296397
9174 0.559947
9175 0.605182
9176 0.46327
9177 0.605001
9178 0.724764
9179 0.178488
9180 0.536389
9181 0.308746
9182 0.0234732
9183 0.684564
9184 0.719596
9185 0.709606
9186 0.430226
9187 0.182467
9188 0.592134
9189 0.171136
9190 0.302793
9191 0.472429
9192 0.0844057
9193 0.0504174
9194 0.649973
9195 0.594851
9196 0.697939
9197 0.615497
9198 0.674605
9199 0.668084
9200 0.811119
9201 0.195985
9202 0.670229
9203 0.604074
9204 0.62536
9205 0.748021
9206 0.267532
9207 0.069399
9208 0.279859
9209 0.314162
9210 0.836957
9211 0.675278
9212 0.532465
9213 0.212583
9214 0.787746
9215 0.424699
9216 0.81025
9217 0.866352
9218 0.0208862
9219 0.0407899
9220 0.0165183
9221 0.0235059
9222 0.616541
9223 0.300603
9224 0.252068
9225 0.405377
9226 0.339535
9227 0.3548
9228 0.21278
9229 0.325622
9230 0.397323
9231 0.242554
9232 0.297979
9233 0.363564
9234 0.11051
9235 0.513442
9236 0.791471
9237 0.802741
9238 0.43922
9239 0.0925958
9240 0.0261812
9241 0.433377
9242 0.382145
9243 0.616303
9244 0.646098
9245 0.463939
9246 0.414466
9247 0.823882
9248 0.583066
9249 0.657337
9250 0.24903
9251 0.0283649
9252 0.533686
9253 0.678378
9254 0.740533
9255 0.614396
9256 0.0725926
9257 0.633391
9258 0.0376373
9259 0.383669
9260 0.327503
9261 0.336295
9262 0.37542
9263 0.541324
9264 0.279335
9265 0.341081
9266 0.0858181
9267 0.0376602
9268 0.649025
9269 0.806492
9270 0.147395
9271 0.212136
9272 0.476378
9273 0.322883
9274 0.543952
9275 0.343071
9276 0.403695
9277 0.830449
9278 0.647199
9279 0.247392
9280 0.7358
9281 0.780824
9282 0.257068
9283 0.617931
9284 0.475141
9285 0.491031
9286 0.563791
9287 0.478992
9288 0.553384
9289 0.106345
9290 0.619373
9291 0.564234
9292 0.0767747
9293 0.251032
9294 0.668103
9295 0.470301
9296 0.821057
9297 0.0199028
9298 0.0215731
9299 0.0333322
9300 0.711678
9301 0.381194
9302 0.108829
9303 0.590329
9304 0.616599
9305 0.454261
9306 0.499467
9307 0.364875
9308 0.411666
9309 0.223387
9310 0.297224
9311 0.0437559
9312 0.361525
9313 0.219094
9314 0.426195
9315 0.162307
9316 0.128554
9317 0.568333
9318 0.933346
9319 0.585023
9320 0.84501
9321 0.789673
9322 0.114932
9323 0.601667
9324 0.139335
9325 0.568304
9326 0.452706
9327 0.290923
9328 0.646965
9329 0.162794
9330 0.303894
9331 0.405108
9332 0.45475
9333 0.220187
9334 0.045564
9335 0.0785956
9336 0.484158
9337 0.12259
9338 0.636999
9339 0.614007
9340 0.459258
9341 0.324697
9342 0.0169517
9343 0.205612
9344 0.361073
9345 0.55694
9346 0.450273
9347 0.499529
9348 0.724775
9349 0.52074
9350 0.403219
9351 0.586035
9352 0.436281
9353 0.496491
9354 0.657453
9355 0.0248592
9356 0.00989468
9357 0.399041
9358 0.458592
9359 0.112656
9360 0.368212
9361 0.471688
9362 0.237712
9363 0.355448
9364 0.451033
9365 0.311251
9366 0.671414
9367 0.695177
9368 0.689121
9369 0.585864
9370 0.0413301
9371 0.282024
9372 8.9055e-05
9373 0.0526095
9374 0.0272356
9375 0.038306
9376 4.39077e-05
9377 9.39967e-05
9378 5.03871e-05
9379 9.6876e-05
9380 0.0557402
9381 0.00255996
9382 0.0145101
9383 0.000274463
9384 0.100903
9385 0.000273701
9386 0.00568854
9387 3.37523e-05
9388 0.00917168
9389 0.0315405
9390 0.032314
9391 0.0330109
9392 0.0340861
9393 0.032861
9394 0.0264694
9395 0.0123164
9396 0.0857022
9397 2.14277e-05
9398 0.0113476
9399 0.0258225
9400 0.0263732
9401 0.0288736
9402 0.0344925
9403 0.00248317
9404 0.00257491
9405 0.00121983
9406 0.000173468
9407 0.0442096
9408 0.00214128
9409 0.0282784
9410 5.89788e-05
9411 0.000464791
9412 0.000932757
9413 0.64603
9414 0.543828
9415 0.293493
9416 0.273493
9417 0.613238
9418 0.421832
9419 0.370588
9420 0.549292
9421 0.0621847
9422 0.0825091
9423 0.0419551
9424 0.0587461
9425 0.0555366
9426 0.00179417
9427 0.00370283
9428 0.0205694
9429 0.0395115
9430 0.0448869
9431 0.000465229
9432 0.00387448
9433 0.00409644
9434 0.0181599
9435 0.0161397
9436 0.00597871
9437 0.00693408
9438 0.248871
9439 2.10276e-05
9440 0.000237515
9441 0.00283114
9442 0.0190238
9443 0.0347905
9444 0.0436556
9445 0.275939
9446 0.0161444
9447 0.541846
9448 0.690691
9449 0.413289
9450 0.139942
9451 0.523487
9452 0.178088
9453 0.490194
9454 0.702435
9455 0.936186
9456 0.70728
9457 0.127522
9458 0.188145
9459 0.278809
9460 0.677609
9461 0.0292172
9462 0.675494
9463 0.0429783
9464 0.655453
9465 0.0433849
9466 0.39379
9467 0.00898116
9468 0.0171006
9469 0.0400342
9470 0.00580225
9471 0.030487
9472 0.069181
9473 0.0319298
9474 0.0122181
9475 0.0682882
9476 0.0126976
9477 0.0330748
9478 0.0327289
9479 0.0491176
9480 0.00148225
9481 0.00109717
9482 0.0646559
9483 0.00514012
9484 0.059585
9485 0.0738329
9486 0.0333258
9487 0.0333691
9488 0.00460503
9489 0.023302
9490 0.0342069
9491 0.0291771
9492 0.0533705
9493 0.0066939
9494 0.00860121
9495 0.00907179
9496 0.021431
9497 0.036283
9498 0.067857
9499 0.0696035
9500 0.033849
9501 0.045386
9502 0.0475975
9503 0.0610482
9504 0.0418823
9505 0.0196383
9506 0.044104
9507 0.0727596
9508 0.0382623
9509 0.0364669
9510 0.0476673
9511 0.0142279
9512 0.00964259
9513 0.0351036
9514 0.0382275
9515 0.0420787
9516 0.00596256
9517 0.0431926
9518 0.0608193
9519 0.0343843
9520 0.0416157
9521 0.0293416
9522 0.00402484
9523 0.0434929
9524 0.0375581
9525 0.0433269
9526 0.0440744
9527 0.051887
9528 0.0529612
9529 0.0469419
9530 0.128425
9531 0.000266504
9532 0.042657
9533 0.0295929
9534 0.00220769
9535 0.000174507
9536 0.000196259
9537 0.000472429
9538 8.15899e-05
9539 0.00185865
9540 0.0304919
9541 0.000371971
9542 0.00643017
9543 0.000401497
9544 0.0317753
9545 0.0372702
9546 0.00104876
9547 0.0207231
9548 0.0336849
9549 0.0463673
9550 0.0384111
9551 0.0491106
9552 0.0146592
9553 0.0776211
9554 0.0316027
9555 0.031096
9556 0.0237747
9557 0.0430202
9558 0.0448927
9559 0.0404935
9560 0.0616263
9561 0.0626176
9562 0.596656
9563 0.597753
9564 0.132105
9565 0.171383
9566 0.439386
9567 0.539326
9568 0.00581793
9569 0.0352355
9570 0.00586037
9571 0.0253837
9572 0.00906071
9573 0.0604996
9574 0.04469
9575 0.177917
9576 0.00909416
