10111

1 0.0357264
2 0.0047059
3 0.0348135
4 0.0602884
5 0.0488432
6 0.0371409
7 0.0163834
8 0.0171112
9 0.0243989
10 0.00890983
11 0.0076109
12 0.00682797
13 0.058048
14 0.0614984
15 0.0537461
16 0.0668517
17 0.040588
18 0.066028
19 0.0733584
20 0.0745522
21 0.0737623
22 0.0281616
23 0.000495327
24 0.0444385
25 0.0650951
26 0.0243834
27 0.0715245
28 0.165288
29 0.00597748
30 0.0169523
31 0.00350254
32 0.101689
33 0.0174878
34 0.0208247
35 0.075255
36 0.000930793
37 0.0251848
38 0.000282915
39 0.0171706
40 0.00285366
41 0.00046214
42 0.0172206
43 0.00104632
44 0.00093928
45 0.0173602
46 0.175408
47 0.00104924
48 0.0703437
49 0.0728116
50 0.0662481
51 0.00753985
52 0.0398282
53 0.000910352
54 0.715217
55 0.800263
56 0.160529
57 0.475837
58 0.623612
59 0.526734
60 0.502653
61 0.605868
62 0.162689
63 0.667729
64 0.483702
65 0.618992
66 0.501563
67 0.63535
68 0.582235
69 0.619709
70 0.474467
71 0.615839
72 0.628254
73 0.757534
74 0.666974
75 0.648969
76 0.784654
77 0.714479
78 0.427458
79 0.615907
80 0.656112
81 0.790001
82 0.792166
83 0.582378
84 0.671516
85 0.593189
86 0.770239
87 0.608714
88 0.536913
89 0.55688
90 0.587386
91 0.462851
92 0.635859
93 0.526283
94 0.50103
95 0.555215
96 0.431107
97 0.496796
98 0.653536
99 0.503938
100 0.531037
101 0.31521
102 0.597086
103 0.544476
104 0.872322
105 0.548296
106 0.546699
107 0.757034
108 0.577485
109 0.592999
110 0.951851
111 0.720449
112 0.480473
113 0.445167
114 0.478363
115 0.553092
116 0.531046
117 0.548778
118 0.617405
119 0.774932
120 0.584535
121 0.579291
122 0.72877
123 0.533122
124 0.677794
125 0.703745
126 0.170928
127 0.765173
128 0.753327
129 0.683445
130 0.641957
131 0.562638
132 0.56354
133 0.502272
134 0.521903
135 0.837655
136 0.718897
137 0.67741
138 0.571088
139 0.587688
140 0.546591
141 0.429801
142 0.478218
143 0.891437
144 0.170165
145 0.788247
146 0.753535
147 0.629666
148 0.609224
149 0.516115
150 0.682047
151 0.680875
152 0.625791
153 0.492211
154 0.508003
155 0.51299
156 0.585411
157 0.594617
158 0.438801
159 0.665906
160 0.586775
161 0.627654
162 0.557166
163 0.588652
164 0.792849
165 0.552972
166 0.59952
167 0.524609
168 0.544498
169 0.603663
170 0.562809
171 0.739225
172 0.592533
173 0.619598
174 0.664637
175 0.563947
176 0.724409
177 0.68296
178 0.555624
179 0.585884
180 0.601026
181 0.721722
182 0.848721
183 0.716256
184 0.875409
185 0.430249
186 0.468554
187 0.791705
188 0.738145
189 0.317223
190 0.486035
191 0.767378
192 0.75919
193 0.81962
194 0.201517
195 0.936387
196 0.832474
197 0.190207
198 0.510819
199 0.464697
200 0.524204
201 0.0182874
202 0.281664
203 0.00530606
204 0.0463797
205 0.036216
206 0.303128
207 0.406217
208 0.226842
209 0.145221
210 0.384192
211 0.60963
212 0.14112
213 0.0483169
214 0.497184
215 0.226787
216 0.0405008
217 0.344046
218 0.317672
219 0.896206
220 0.696227
221 0.922151
222 0.538019
223 0.0341359
224 0.783348
225 0.625766
226 0.643486
227 0.760248
228 0.5105
229 0.029741
230 0.700649
231 0.214563
232 0.926151
233 0.453285
234 0.624625
235 0.771594
236 0.182973
237 0.440235
238 0.474231
239 0.311251
240 0.830084
241 0.715452
242 0.688661
243 0.787816
244 0.891921
245 0.260959
246 0.789752
247 0.795717
248 0.923211
249 0.109557
250 0.302136
251 0.145916
252 0.268707
253 0.030415
254 0.159801
255 0.233238
256 0.140027
257 0.491165
258 0.692584
259 0.0420335
260 0.151103
261 0.637698
262 0.309664
263 0.071591
264 0.327988
265 0.219305
266 0.329458
267 0.0599435
268 0.593032
269 0.0599923
270 0.208576
271 0.277613
272 0.0418745
273 0.302578
274 0.182188
275 0.493563
276 0.25749
277 0.0456931
278 0.163474
279 0.0583379
280 0.163992
281 0.0509775
282 0.162159
283 0.164002
284 0.0507193
285 0.755979
286 0.674797
287 0.56676
288 0.647128
289 0.0264226
290 0.492632
291 0.608169
292 0.369033
293 0.485834
294 0.092057
295 0.739922
296 0.371815
297 0.595595
298 0.577929
299 0.0451611
300 0.615948
301 0.404968
302 0.0118361
303 0.756797
304 0.5649
305 0.427737
306 0.551152
307 0.0135128
308 0.534161
309 0.648481
310 0.74366
311 0.632398
312 0.503724
313 0.571107
314 0.398161
315 0.853403
316 0.444846
317 0.145294
318 0.503102
319 0.546706
320 0.576397
321 0.561509
322 0.626789
323 0.486352
324 0.266848
325 0.370985
326 0.0919815
327 0.619698
328 0.590449
329 0.690152
330 0.872682
331 0.502571
332 0.00444579
333 0.0375982
334 0.342949
335 0.42983
336 0.0261347
337 0.503195
338 0.102954
339 0.683144
340 0.00316127
341 0.017271
342 0.0213518
343 0.0509415
344 0.0922386
345 0.26424
346 0.0767258
347 0.612933
348 0.631274
349 0.751416
350 0.465515
351 0.772445
352 0.812987
353 0.834217
354 0.539948
355 0.811244
356 0.764251
357 0.685851
358 0.654919
359 0.600531
360 0.0130102
361 0.46688
362 0.805904
363 0.275757
364 0.331212
365 0.717759
366 0.912826
367 0.221685
368 0.582068
369 0.420171
370 0.454485
371 0.294076
372 0.91336
373 0.931025
374 0.0240838
375 0.729049
376 0.00285667
377 0.547235
378 0.629754
379 0.740814
380 0.76926
381 0.639448
382 0.023299
383 0.85484
384 0.854185
385 0.263949
386 0.911735
387 0.658952
388 0.388181
389 0.28788
390 0.729673
391 0.822017
392 0.609962
393 0.871346
394 0.710769
395 0.188263
396 0.566583
397 0.378344
398 0.0728398
399 0.364614
400 0.356123
401 0.0556707
402 0.747937
403 0.570056
404 0.493344
405 0.672443
406 0.630266
407 0.579028
408 0.774661
409 0.727603
410 0.683559
411 0.448182
412 0.938434
413 0.706539
414 0.625564
415 0.535076
416 0.555226
417 0.747202
418 0.731725
419 0.663084
420 0.735543
421 0.631539
422 0.169561
423 0.108801
424 0.183045
425 0.317394
426 0.565485
427 0.0480367
428 0.52518
429 0.364629
430 0.0676486
431 0.478091
432 0.109135
433 0.230616
434 0.463108
435 0.0426342
436 0.336582
437 0.11895
438 0.243603
439 0.296673
440 0.1956
441 0.306015
442 0.417955
443 0.477339
444 0.577562
445 0.507822
446 0.547691
447 0.0453483
448 0.0412864
449 0.191702
450 0.810673
451 0.409116
452 0.666786
453 0.580731
454 0.505761
455 0.614958
456 0.677166
457 0.646521
458 0.867688
459 0.564785
460 0.638701
461 0.656727
462 0.637733
463 0.941325
464 0.627574
465 0.518885
466 0.620762
467 0.747797
468 0.52512
469 0.607747
470 0.682163
471 0.0583384
472 0.306
473 0.0632828
474 0.302811
475 0.359449
476 0.332851
477 0.347467
478 0.452308
479 0.373795
480 0.048985
481 0.0448292
482 0.440928
483 0.508797
484 0.487844
485 0.422501
486 0.0685923
487 0.564445
488 0.079778
489 0.153216
490 0.32734
491 0.136726
492 0.0545822
493 0.352646
494 0.0382072
495 0.041644
496 0.466737
497 0.0678116
498 0.0547932
499 0.0458755
500 0.0800786
501 0.348901
502 0.189024
503 0.295745
504 0.307291
505 0.385816
506 0.339926
507 0.0663249
508 0.232047
509 0.598477
510 0.539158
511 0.593295
512 0.0491082
513 0.555357
514 0.560464
515 0.0474018
516 0.331186
517 0.336299
518 0.363937
519 0.358261
520 0.259209
521 0.334902
522 0.33421
523 0.0821479
524 0.330044
525 0.0434466
526 0.0694182
527 0.0757177
528 0.153671
529 0.0777044
530 0.530297
531 0.31068
532 0.482466
533 0.0459834
534 0.52716
535 0.220081
536 0.308714
537 0.401228
538 0.237799
539 0.229538
540 0.421123
541 0.46751
542 0.344725
543 0.0742441
544 0.090157
545 0.488494
546 0.183227
547 0.380854
548 0.564848
549 0.121768
550 0.303535
551 0.294397
552 0.200929
553 0.176717
554 0.330796
555 0.183689
556 0.285065
557 0.516781
558 0.0661442
559 0.60166
560 0.445303
561 0.257711
562 0.252557
563 0.265918
564 0.26149
565 0.224225
566 0.311201
567 0.539146
568 0.227251
569 0.136192
570 0.196652
571 0.0632004
572 0.04092
573 0.2743
574 0.331108
575 0.126877
576 0.230406
577 0.327549
578 0.39516
579 0.119561
580 0.0538769
581 0.431406
582 0.563784
583 0.604989
584 0.468462
585 0.536203
586 0.219446
587 0.308818
588 0.436808
589 0.34563
590 0.316072
591 0.298358
592 0.0455765
593 0.56847
594 0.365835
595 0.585478
596 0.429343
597 0.563667
598 0.586046
599 0.451454
600 0.511903
601 0.446244
602 0.517282
603 0.0774818
604 0.2672
605 0.560524
606 0.382409
607 0.268055
608 0.177018
609 0.213278
610 0.181728
611 0.183534
612 0.337492
613 0.499072
614 0.512989
615 0.12307
616 0.231672
617 0.506187
618 0.513986
619 0.192044
620 0.478476
621 0.219162
622 0.366115
623 0.556953
624 0.218337
625 0.149058
626 0.547845
627 0.284579
628 0.266838
629 0.248932
630 0.329119
631 0.308406
632 0.33111
633 0.149279
634 0.337968
635 0.300183
636 0.105995
637 0.148918
638 0.373519
639 0.205794
640 0.32833
641 0.0811929
642 0.251772
643 0.324769
644 0.0867524
645 0.26902
646 0.525631
647 0.42283
648 0.172827
649 0.131294
650 0.389262
651 0.336299
652 0.278449
653 0.127807
654 0.150366
655 0.230389
656 0.605472
657 0.409678
658 0.0757541
659 0.247403
660 0.20233
661 0.19562
662 0.120673
663 0.0154727
664 0.49371
665 0.126318
666 0.714657
667 0.735427
668 0.827706
669 0.812374
670 0.899929
671 0.866149
672 0.720424
673 0.694839
674 0.74854
675 0.923793
676 0.691579
677 0.916213
678 0.899091
679 0.263738
680 0.859605
681 0.399362
682 0.702256
683 0.941828
684 0.774639
685 0.891353
686 0.600659
687 0.868812
688 0.733495
689 0.801004
690 0.867349
691 0.722753
692 0.612785
693 0.575831
694 0.793782
695 0.783794
696 0.725433
697 0.799096
698 0.60733
699 0.386502
700 0.163281
701 0.798766
702 0.753336
703 0.838687
704 0.854349
705 0.196609
706 0.444877
707 0.969409
708 0.790799
709 0.657654
710 0.853744
711 0.812711
712 0.953792
713 0.757478
714 0.77895
715 0.945
716 0.805449
717 0.918652
718 0.823478
719 0.123906
720 0.862573
721 0.388294
722 0.105702
723 0.682695
724 0.0428972
725 0.151013
726 0.253292
727 0.293377
728 0.68772
729 0.125038
730 0.87178
731 0.412238
732 0.385708
733 0.187018
734 0.548473
735 0.925628
736 0.0261942
737 0.36322
738 0.0840904
739 0.197279
740 0.235232
741 0.0451817
742 0.765916
743 0.58585
744 0.467952
745 0.13098
746 0.338815
747 0.35429
748 0.421067
749 0.383712
750 0.222009
751 0.768993
752 0.859251
753 0.756173
754 0.177833
755 0.584534
756 0.449014
757 0.704447
758 0.591936
759 0.233853
760 0.554628
761 0.692383
762 0.13135
763 0.699563
764 0.824715
765 0.708275
766 0.565365
767 0.808851
768 0.841315
769 0.0797979
770 0.238094
771 0.150929
772 0.0689616
773 0.06857
774 0.151201
775 0.157198
776 0.129728
777 0.0744612
778 0.11643
779 0.0693075
780 0.0828612
781 0.0450907
782 0.276616
783 0.466575
784 0.163815
785 0.0418437
786 0.579713
787 0.0363861
788 0.0474803
789 0.0530837
790 0.129944
791 0.0602447
792 0.042658
793 0.034999
794 0.501514
795 0.0355821
796 0.0987643
797 0.0340462
798 0.0336398
799 0.0461972
800 0.0326852
801 0.110716
802 0.039477
803 0.247986
804 0.210773
805 0.0662491
806 0.0749676
807 0.34931
808 0.0785384
809 0.0758118
810 0.0700415
811 0.0671784
812 0.0624794
813 0.0387646
814 0.0638551
815 0.0883626
816 0.204162
817 0.154726
818 0.0689278
819 0.119923
820 0.0744148
821 0.013998
822 0.0418337
823 0.082552
824 0.278054
825 0.0416093
826 0.0425331
827 0.251878
828 0.401584
829 0.0459415
830 0.52996
831 0.48233
832 0.482011
833 0.0458183
834 0.0420971
835 0.218467
836 0.0415964
837 0.299845
838 0.0987589
839 0.036069
840 0.414396
841 0.0334424
842 0.0340312
843 0.291662
844 0.0800419
845 0.0401533
846 0.188229
847 0.0326615
848 0.0791745
849 0.0556709
850 0.0199067
851 0.248623
852 0.187084
853 0.214554
854 0.623114
855 0.695546
856 0.64708
857 0.625917
858 0.712379
859 0.445369
860 0.471962
861 0.300392
862 0.155011
863 0.521918
864 0.370463
865 0.221796
866 0.18273
867 0.556529
868 0.15694
869 0.387691
870 0.339722
871 0.0751053
872 0.521807
873 0.327512
874 0.0987165
875 0.147633
876 0.199954
877 0.192083
878 0.457732
879 0.195232
880 0.0645286
881 0.0752938
882 0.245533
883 0.226621
884 0.186945
885 0.213948
886 0.455783
887 0.231355
888 0.224307
889 0.314584
890 0.205956
891 0.134929
892 0.529476
893 0.138122
894 0.482035
895 0.237489
896 0.35047
897 0.359929
898 0.818012
899 0.28991
900 0.250745
901 0.250752
902 0.290726
903 0.686315
904 0.105469
905 0.343793
906 0.500863
907 0.254978
908 0.330956
909 0.376254
910 0.625584
911 0.49485
912 0.331683
913 0.25401
914 0.33556
915 0.244376
916 0.43223
917 0.555327
918 0.393088
919 0.247685
920 0.601618
921 0.0426488
922 0.807117
923 0.538367
924 0.853126
925 0.854501
926 0.724377
927 0.299258
928 0.142151
929 0.569754
930 0.388322
931 0.410838
932 0.211083
933 0.34288
934 0.0693814
935 0.950023
936 0.799241
937 0.956866
938 0.640744
939 0.914143
940 0.80146
941 0.6833
942 0.50866
943 0.323373
944 0.357481
945 0.0341829
946 0.250561
947 0.66529
948 0.62947
949 0.810472
950 0.851247
951 0.75906
952 0.763258
953 0.602214
954 0.801807
955 0.743402
956 0.854622
957 0.88126
958 0.540056
959 0.65319
960 0.643911
961 0.200451
962 0.224184
963 0.242949
964 0.201403
965 0.485693
966 0.640978
967 0.627591
968 0.631018
969 0.57364
970 0.859614
971 0.648287
972 0.861668
973 0.746304
974 0.56563
975 0.812465
976 0.826989
977 0.875215
978 0.749231
979 0.851867
980 0.663108
981 0.80309
982 0.865842
983 0.889745
984 0.603873
985 0.908875
986 0.474612
987 0.670797
988 0.750078
989 0.765965
990 0.545244
991 0.213288
992 0.198122
993 0.263748
994 0.312635
995 0.306339
996 0.139845
997 0.580027
998 0.0336883
999 0.558511
1000 0.29584
1001 0.548022
1002 0.592853
1003 0.739699
1004 0.63984
1005 0.532325
1006 0.250439
1007 0.39821
1008 0.240573
1009 0.108005
1010 0.561081
1011 0.149754
1012 0.575866
1013 0.344917
1014 0.254213
1015 0.222087
1016 0.180124
1017 0.257683
1018 0.446338
1019 0.248248
1020 0.225175
1021 0.383765
1022 0.0820912
1023 0.57934
1024 0.107336
1025 0.28471
1026 0.442242
1027 0.212438
1028 0.14324
1029 0.308247
1030 0.0566155
1031 0.108939
1032 0.704284
1033 0.89093
1034 0.761319
1035 0.602329
1036 0.723231
1037 0.751333
1038 0.815167
1039 0.80765
1040 0.848053
1041 0.892936
1042 0.63495
1043 0.856706
1044 0.926191
1045 0.764743
1046 0.889306
1047 0.762273
1048 0.74819
1049 0.89338
1050 0.571252
1051 0.701887
1052 0.866938
1053 0.79921
1054 0.715904
1055 0.878947
1056 0.740488
1057 0.835389
1058 0.769271
1059 0.607479
1060 0.65917
1061 0.841386
1062 0.674212
1063 0.803272
1064 0.603012
1065 0.111686
1066 0.101145
1067 0.533657
1068 0.192692
1069 0.0965745
1070 0.171371
1071 0.63875
1072 0.548879
1073 0.653315
1074 0.83494
1075 0.723795
1076 0.723673
1077 0.75122
1078 0.134279
1079 0.321096
1080 0.431612
1081 0.413071
1082 0.36285
1083 0.44916
1084 0.298713
1085 0.453927
1086 0.770578
1087 0.701069
1088 0.69797
1089 0.978609
1090 0.756439
1091 0.828275
1092 0.77846
1093 0.495315
1094 0.311343
1095 0.630261
1096 0.252628
1097 0.263514
1098 0.38019
1099 0.12339
1100 0.0948716
1101 0.227419
1102 0.412782
1103 0.276764
1104 0.259331
1105 0.231281
1106 0.402607
1107 0.365989
1108 0.271349
1109 0.161087
1110 0.194431
1111 0.337137
1112 0.931226
1113 0.394437
1114 0.797828
1115 0.774143
1116 0.86887
1117 0.751613
1118 0.799397
1119 0.479333
1120 0.661351
1121 0.547363
1122 0.187543
1123 0.0944515
1124 0.288231
1125 0.157069
1126 0.283025
1127 0.158537
1128 0.0377447
1129 0.387442
1130 0.133631
1131 0.184815
1132 0.273436
1133 0.270169
1134 0.369044
1135 0.424974
1136 0.207818
1137 0.546128
1138 0.393513
1139 0.384491
1140 0.471318
1141 0.0540385
1142 0.486588
1143 0.157785
1144 0.14113
1145 0.298297
1146 0.159666
1147 0.947138
1148 0.8385
1149 0.735591
1150 0.455949
1151 0.720174
1152 0.707828
1153 0.826255
1154 0.86971
1155 0.92243
1156 0.663696
1157 0.31255
1158 0.83399
1159 0.162264
1160 0.403404
1161 0.374829
1162 0.176292
1163 0.176324
1164 0.102474
1165 0.294346
1166 0.299171
1167 0.287393
1168 0.323065
1169 0.153396
1170 0.336651
1171 0.315498
1172 0.26604
1173 0.154052
1174 0.208485
1175 0.507746
1176 0.220493
1177 0.244253
1178 0.289841
1179 0.608152
1180 0.466418
1181 0.379895
1182 0.588865
1183 0.715371
1184 0.389228
1185 0.329695
1186 0.650186
1187 0.391591
1188 0.820092
1189 0.753666
1190 0.705566
1191 0.616037
1192 0.695196
1193 0.378155
1194 0.798942
1195 0.62888
1196 0.604723
1197 0.459506
1198 0.897671
1199 0.68238
1200 0.762915
1201 0.661165
1202 0.727587
1203 0.877905
1204 0.891609
1205 0.808028
1206 0.868343
1207 0.834584
1208 0.868546
1209 0.309968
1210 0.301752
1211 0.126946
1212 0.941011
1213 0.754592
1214 0.851793
1215 0.578375
1216 0.726453
1217 0.595905
1218 0.874332
1219 0.619896
1220 0.877582
1221 0.794919
1222 0.822485
1223 0.893157
1224 0.72861
1225 0.921553
1226 0.866616
1227 0.777403
1228 0.796697
1229 0.898144
1230 0.809255
1231 0.891301
1232 0.943278
1233 0.741493
1234 0.84761
1235 0.85878
1236 0.919286
1237 0.969139
1238 0.786039
1239 0.718411
1240 0.965802
1241 0.824973
1242 0.902117
1243 0.669753
1244 0.916373
1245 0.678144
1246 0.634042
1247 0.193109
1248 0.317606
1249 0.244589
1250 0.419646
1251 0.126757
1252 0.973672
1253 0.272472
1254 0.747078
1255 0.435366
1256 0.35405
1257 0.844157
1258 0.954292
1259 0.778913
1260 0.713759
1261 0.756727
1262 0.870009
1263 0.164927
1264 0.777397
1265 0.832421
1266 0.811333
1267 0.816583
1268 0.329622
1269 0.341982
1270 0.380198
1271 0.592237
1272 0.668491
1273 0.487801
1274 0.388661
1275 0.959288
1276 0.667028
1277 0.135385
1278 0.0784955
1279 0.919677
1280 0.878305
1281 0.814128
1282 0.577723
1283 0.632586
1284 0.85437
1285 0.865953
1286 0.813501
1287 0.535619
1288 0.130573
1289 0.275544
1290 0.881912
1291 0.911879
1292 0.405789
1293 0.684947
1294 0.301712
1295 0.402181
1296 0.395278
1297 0.232147
1298 0.120245
1299 0.245164
1300 0.153856
1301 0.41647
1302 0.0125485
1303 0.559753
1304 0.137109
1305 0.154852
1306 0.333929
1307 0.139338
1308 0.114536
1309 0.785731
1310 0.166414
1311 0.497619
1312 0.372868
1313 0.0376621
1314 0.175314
1315 0.153321
1316 0.246564
1317 0.137044
1318 0.0780723
1319 0.0726539
1320 0.1238
1321 0.163994
1322 0.342177
1323 0.541144
1324 0.152503
1325 0.116116
1326 0.0878462
1327 0.204106
1328 0.0916145
1329 0.173931
1330 0.5274
1331 0.191296
1332 0.354666
1333 0.179713
1334 0.27829
1335 0.243696
1336 0.596124
1337 0.104046
1338 0.320483
1339 0.0393567
1340 0.106055
1341 0.277168
1342 0.196898
1343 0.140913
1344 0.186751
1345 0.166247
1346 0.0125036
1347 0.413658
1348 0.0536884
1349 0.26935
1350 0.431815
1351 0.424058
1352 0.110685
1353 0.117859
1354 0.128842
1355 0.461292
1356 0.207935
1357 0.096233
1358 0.239112
1359 0.348761
1360 0.48221
1361 0.302895
1362 0.0573498
1363 0.401347
1364 0.274269
1365 0.243279
1366 0.176828
1367 0.399572
1368 0.388477
1369 0.0717075
1370 0.205042
1371 0.0393349
1372 0.0862552
1373 0.515838
1374 0.504864
1375 0.537786
1376 0.189338
1377 0.258074
1378 0.408859
1379 0.575688
1380 0.389666
1381 0.0861091
1382 0.158874
1383 0.220087
1384 0.237757
1385 0.345299
1386 0.15194
1387 0.142262
1388 0.345724
1389 0.438878
1390 0.27914
1391 0.334829
1392 0.372343
1393 0.542445
1394 0.239174
1395 0.653508
1396 0.648945
1397 0.386092
1398 0.657358
1399 0.621597
1400 0.120756
1401 0.0328408
1402 0.0667238
1403 0.0355407
1404 0.298752
1405 0.0508051
1406 0.174435
1407 0.311791
1408 0.22264
1409 0.00302052
1410 0.232106
1411 0.467733
1412 0.416545
1413 0.347276
1414 0.425502
1415 0.163965
1416 0.00260865
1417 0.389694
1418 0.105141
1419 0.0991537
1420 0.286725
1421 0.306507
1422 0.173618
1423 0.178393
1424 0.0555668
1425 0.11334
1426 0.451686
1427 0.276457
1428 0.336005
1429 0.185165
1430 0.254707
1431 0.143992
1432 0.112421
1433 0.404439
1434 0.263914
1435 0.270789
1436 0.258895
1437 0.408622
1438 0.0718612
1439 0.282617
1440 0.281513
1441 0.0432862
1442 0.280421
1443 0.0308099
1444 0.214612
1445 0.147391
1446 0.114142
1447 0.616063
1448 0.258316
1449 0.278211
1450 0.126957
1451 0.167193
1452 0.327376
1453 0.271506
1454 0.389933
1455 0.124106
1456 0.0159798
1457 0.302679
1458 0.618912
1459 0.13044
1460 0.180767
1461 0.446481
1462 0.237307
1463 0.304984
1464 0.357044
1465 0.926324
1466 0.828384
1467 0.709332
1468 0.898259
1469 0.500467
1470 0.0652555
1471 0.396492
1472 0.667844
1473 0.384414
1474 0.270369
1475 0.294404
1476 0.168759
1477 0.205585
1478 0.317249
1479 0.371949
1480 0.00258072
1481 0.0352
1482 0.141852
1483 0.772321
1484 0.622923
1485 0.294051
1486 0.126291
1487 0.169215
1488 0.49803
1489 0.486431
1490 0.513908
1491 0.518357
1492 0.156553
1493 0.237113
1494 0.630655
1495 0.552776
1496 0.598342
1497 0.865539
1498 0.812985
1499 0.307218
1500 0.459383
1501 0.34537
1502 0.810561
1503 0.656932
1504 0.744814
1505 0.81655
1506 0.803268
1507 0.695456
1508 0.811523
1509 0.430547
1510 0.431394
1511 0.52578
1512 0.64882
1513 0.605766
1514 0.580124
1515 0.213038
1516 0.448515
1517 0.794258
1518 0.665862
1519 0.58122
1520 0.275426
1521 0.286172
1522 0.592657
1523 0.191229
1524 0.110408
1525 0.51134
1526 0.726798
1527 0.498587
1528 0.0117244
1529 0.0964077
1530 0.631942
1531 0.0317726
1532 0.370245
1533 0.481594
1534 0.198065
1535 0.288581
1536 0.267816
1537 0.642269
1538 0.152339
1539 0.341939
1540 0.270307
1541 0.200162
1542 0.281881
1543 0.323993
1544 0.203411
1545 0.271859
1546 0.0390258
1547 0.0508096
1548 0.0311075
1549 0.587202
1550 0.610914
1551 0.566968
1552 0.83612
1553 0.260842
1554 0.240675
1555 0.56551
1556 0.501717
1557 0.0864991
1558 0.305443
1559 0.245909
1560 0.0339199
1561 0.0457769
1562 0.324986
1563 0.0496999
1564 0.177734
1565 0.252589
1566 0.117139
1567 0.345324
1568 0.187654
1569 0.0640435
1570 0.271038
1571 0.33542
1572 0.10011
1573 0.24774
1574 0.299625
1575 0.147644
1576 0.313292
1577 0.00306185
1578 0.0689219
1579 0.344334
1580 0.111642
1581 0.170557
1582 0.264319
1583 0.530246
1584 0.195029
1585 0.2231
1586 0.12511
1587 0.0856421
1588 0.354236
1589 0.2911
1590 0.0121057
1591 0.0626998
1592 0.461906
1593 0.0517036
1594 0.487125
1595 0.275465
1596 0.152346
1597 0.04787
1598 0.229644
1599 0.170825
1600 0.35915
1601 0.189171
1602 0.0536651
1603 0.180727
1604 0.0189484
1605 0.302355
1606 0.136143
1607 0.0791759
1608 0.0513956
1609 0.213102
1610 0.328594
1611 0.291389
1612 0.248461
1613 0.33285
1614 0.354867
1615 0.00242237
1616 0.275858
1617 0.274748
1618 0.113769
1619 0.4468
1620 0.0545073
1621 0.218681
1622 0.0518636
1623 0.327543
1624 0.208728
1625 0.0985596
1626 0.417865
1627 0.159677
1628 0.166975
1629 0.0532074
1630 0.215905
1631 0.191122
1632 0.33711
1633 0.240179
1634 0.0461924
1635 0.110027
1636 0.159089
1637 0.248569
1638 0.187069
1639 0.468344
1640 0.198638
1641 0.050095
1642 0.088274
1643 0.0979418
1644 0.128921
1645 0.183664
1646 0.0445096
1647 0.0542039
1648 0.0846552
1649 0.0732734
1650 0.20077
1651 0.187524
1652 0.140465
1653 0.736885
1654 0.185672
1655 0.267094
1656 0.191941
1657 0.298978
1658 0.234506
1659 0.0571817
1660 0.238627
1661 0.200912
1662 0.212596
1663 0.221629
1664 0.22789
1665 0.257691
1666 0.033113
1667 0.0686324
1668 0.299895
1669 0.345403
1670 0.0622458
1671 0.115569
1672 0.287672
1673 0.275219
1674 0.403523
1675 0.242501
1676 0.235971
1677 0.150645
1678 0.228279
1679 0.193995
1680 0.586867
1681 0.590222
1682 0.260626
1683 0.0936391
1684 0.461709
1685 0.214066
1686 0.529188
1687 0.300773
1688 0.373054
1689 0.462574
1690 0.302811
1691 0.294988
1692 0.344094
1693 0.0914022
1694 0.25794
1695 0.0670178
1696 0.319122
1697 0.470679
1698 0.0444557
1699 0.171266
1700 0.23202
1701 0.0693802
1702 0.278193
1703 0.32564
1704 0.188234
1705 0.180146
1706 0.258308
1707 0.41334
1708 0.197007
1709 0.157586
1710 0.136488
1711 0.0934402
1712 0.402712
1713 0.227055
1714 0.0692892
1715 0.392703
1716 0.292477
1717 0.323233
1718 0.20741
1719 0.469036
1720 0.219252
1721 0.464175
1722 0.392
1723 0.372423
1724 0.388612
1725 0.434124
1726 0.286988
1727 0.057846
1728 0.152469
1729 0.238015
1730 0.36656
1731 0.114399
1732 0.362265
1733 0.158303
1734 0.332708
1735 0.104559
1736 0.00438273
1737 0.312253
1738 0.16659
1739 0.408662
1740 0.313798
1741 0.225114
1742 0.550152
1743 0.0507282
1744 0.0432536
1745 0.315917
1746 0.0399774
1747 0.0638665
1748 0.0898961
1749 0.276004
1750 0.446974
1751 0.0357568
1752 0.358084
1753 0.0826088
1754 0.712072
1755 0.521342
1756 0.297764
1757 0.111505
1758 0.130198
1759 0.0747077
1760 0.391999
1761 0.231973
1762 0.0502805
1763 0.236203
1764 0.0701504
1765 0.399488
1766 0.356279
1767 0.25662
1768 0.0884528
1769 0.287648
1770 0.0594692
1771 0.10128
1772 0.0529847
1773 0.288811
1774 0.227703
1775 0.0584247
1776 0.418956
1777 0.102183
1778 0.173277
1779 0.0861082
1780 0.489848
1781 0.21976
1782 0.171695
1783 0.596175
1784 0.0291532
1785 0.475103
1786 0.0751118
1787 0.153627
1788 0.363995
1789 0.050475
1790 0.0500484
1791 0.212042
1792 0.242771
1793 0.0411115
1794 0.726608
1795 0.489114
1796 0.14886
1797 0.586357
1798 0.247533
1799 0.742127
1800 0.952563
1801 0.609261
1802 0.722512
1803 0.745032
1804 0.821326
1805 0.582519
1806 0.801811
1807 0.716724
1808 0.544785
1809 0.63743
1810 0.723034
1811 0.709811
1812 0.718755
1813 0.719993
1814 0.539957
1815 0.853245
1816 0.631013
1817 0.478961
1818 0.601322
1819 0.619908
1820 0.681458
1821 0.26273
1822 0.65989
1823 0.710538
1824 0.922477
1825 0.779309
1826 0.470678
1827 0.447421
1828 0.685014
1829 0.74811
1830 0.553598
1831 0.69799
1832 0.584267
1833 0.74247
1834 0.947854
1835 0.544428
1836 0.517124
1837 0.747071
1838 0.877221
1839 0.840981
1840 0.797827
1841 0.787009
1842 0.617724
1843 0.570772
1844 0.833252
1845 0.860955
1846 0.739376
1847 0.950504
1848 0.688171
1849 0.25729
1850 0.348285
1851 0.612469
1852 0.922451
1853 0.541102
1854 0.663462
1855 0.574346
1856 0.683306
1857 0.920221
1858 0.725869
1859 0.899682
1860 0.654971
1861 0.545566
1862 0.618828
1863 0.679371
1864 0.776247
1865 0.55491
1866 0.662552
1867 0.706864
1868 0.597422
1869 0.91036
1870 0.676339
1871 0.859776
1872 0.63402
1873 0.92153
1874 0.89145
1875 0.710721
1876 0.717991
1877 0.833993
1878 0.568724
1879 0.739152
1880 0.776972
1881 0.59674
1882 0.718427
1883 0.945179
1884 0.705612
1885 0.607585
1886 0.620493
1887 0.642582
1888 0.552554
1889 0.828367
1890 0.643096
1891 0.735378
1892 0.925198
1893 0.637254
1894 0.785723
1895 0.64886
1896 0.663191
1897 0.536132
1898 0.590216
1899 0.61177
1900 0.834307
1901 0.718581
1902 0.688688
1903 0.777576
1904 0.5957
1905 0.786028
1906 0.599871
1907 0.532397
1908 0.889876
1909 0.53458
1910 0.701532
1911 0.589038
1912 0.937516
1913 0.934211
1914 0.111973
1915 0.548644
1916 0.18872
1917 0.169253
1918 0.0686731
1919 0.705421
1920 0.443084
1921 0.357458
1922 0.552697
1923 0.558866
1924 0.511614
1925 0.830303
1926 0.674462
1927 0.620985
1928 0.676375
1929 0.179915
1930 0.40806
1931 0.377315
1932 0.277115
1933 0.104443
1934 0.860442
1935 0.428224
1936 0.534188
1937 0.599773
1938 0.447052
1939 0.6858
1940 0.790156
1941 0.684166
1942 0.207092
1943 0.270394
1944 0.842611
1945 0.420916
1946 0.409696
1947 0.597352
1948 0.473683
1949 0.748339
1950 0.596117
1951 0.228036
1952 0.762355
1953 0.795789
1954 0.713205
1955 0.220179
1956 0.880975
1957 0.193647
1958 0.74982
1959 0.802905
1960 0.974574
1961 0.734309
1962 0.495204
1963 0.640417
1964 0.448294
1965 0.612856
1966 0.598924
1967 0.989794
1968 0.521672
1969 0.623854
1970 0.637599
1971 0.592287
1972 0.763707
1973 0.810703
1974 0.116497
1975 0.0159706
1976 0.0843356
1977 0.216873
1978 0.33499
1979 0.270101
1980 0.211705
1981 0.0794001
1982 0.383224
1983 0.250105
1984 0.381107
1985 0.0349133
1986 0.19569
1987 0.0263671
1988 0.272356
1989 0.0651021
1990 0.0718855
1991 0.162004
1992 0.0131956
1993 0.135117
1994 0.15161
1995 0.189335
1996 0.36442
1997 0.143201
1998 0.26554
1999 0.106641
2000 0.110586
2001 0.011109
2002 0.267694
2003 0.246365
2004 0.222003
2005 0.0762188
2006 0.0382533
2007 0.110565
2008 0.0178722
2009 0.00787329
2010 0.034685
2011 0.246091
2012 0.167349
2013 0.444255
2014 0.186469
2015 0.169278
2016 0.107115
2017 0.219029
2018 0.0299238
2019 0.177034
2020 0.10746
2021 0.671031
2022 0.574878
2023 0.288642
2024 0.4086
2025 0.0659349
2026 0.109316
2027 0.0870188
2028 0.370693
2029 0.304902
2030 0.142703
2031 0.599754
2032 0.124488
2033 0.112553
2034 0.529054
2035 0.249401
2036 0.732179
2037 0.198493
2038 0.652773
2039 0.639385
2040 0.620203
2041 0.722605
2042 0.665863
2043 0.0535792
2044 0.0693877
2045 0.288305
2046 0.128834
2047 0.12927
2048 0.0473858
2049 0.299045
2050 0.559106
2051 0.696292
2052 0.839241
2053 0.20384
2054 0.671963
2055 0.421063
2056 0.126502
2057 0.259961
2058 0.0353814
2059 0.0832475
2060 0.328898
2061 0.125643
2062 0.586
2063 0.433913
2064 0.904009
2065 0.686234
2066 0.739059
2067 0.946079
2068 0.15468
2069 0.806342
2070 0.377244
2071 0.341487
2072 0.074376
2073 0.936026
2074 0.235451
2075 0.502794
2076 0.199849
2077 0.639759
2078 0.621942
2079 0.761465
2080 0.326181
2081 0.750687
2082 0.365664
2083 0.719354
2084 0.555943
2085 0.217321
2086 0.10436
2087 0.437965
2088 0.865501
2089 0.635653
2090 0.224067
2091 0.562061
2092 0.891088
2093 0.127126
2094 0.261335
2095 0.314233
2096 0.122098
2097 0.344287
2098 0.568043
2099 0.430575
2100 0.607369
2101 0.158242
2102 0.659122
2103 0.626865
2104 0.764983
2105 0.387078
2106 0.799878
2107 0.681252
2108 0.753777
2109 0.510764
2110 0.719299
2111 0.0447665
2112 0.661026
2113 0.508765
2114 0.505833
2115 0.675887
2116 0.543551
2117 0.0250302
2118 0.757332
2119 0.477624
2120 0.579917
2121 0.777746
2122 0.234562
2123 0.904299
2124 0.562438
2125 0.305815
2126 0.424251
2127 0.590399
2128 0.741623
2129 0.651383
2130 0.849279
2131 0.52985
2132 0.118746
2133 0.307411
2134 0.392052
2135 0.659756
2136 0.479587
2137 0.498907
2138 0.148355
2139 0.678895
2140 0.723913
2141 0.300369
2142 0.763279
2143 0.463374
2144 0.80766
2145 0.504746
2146 0.737398
2147 0.492575
2148 0.692558
2149 0.574212
2150 0.020109
2151 0.512333
2152 0.147659
2153 0.429787
2154 0.041309
2155 0.630977
2156 0.330234
2157 0.333364
2158 0.916662
2159 0.14657
2160 0.564951
2161 0.66171
2162 0.765823
2163 0.831839
2164 0.116502
2165 0.825401
2166 0.0365112
2167 0.367952
2168 0.720848
2169 0.778101
2170 0.663428
2171 0.0187976
2172 0.357788
2173 0.517292
2174 0.282054
2175 0.534896
2176 0.560611
2177 0.558315
2178 0.401718
2179 0.13141
2180 0.579546
2181 0.590588
2182 0.888986
2183 0.363228
2184 0.0609181
2185 0.646456
2186 0.424928
2187 0.465674
2188 0.255799
2189 0.698204
2190 0.0417225
2191 0.420287
2192 0.0902513
2193 0.7276
2194 0.802387
2195 0.221436
2196 0.533822
2197 0.498275
2198 0.566679
2199 0.666446
2200 0.716152
2201 0.466744
2202 0.759362
2203 0.758889
2204 0.90217
2205 0.547065
2206 0.723134
2207 0.475931
2208 0.236507
2209 0.733919
2210 0.227797
2211 0.407168
2212 0.46089
2213 0.46647
2214 0.431578
2215 0.125989
2216 0.402513
2217 0.137629
2218 0.245766
2219 0.126773
2220 0.490824
2221 0.0912626
2222 0.291056
2223 0.122426
2224 0.0689818
2225 0.0900884
2226 0.13331
2227 0.108167
2228 0.623187
2229 0.259631
2230 0.165129
2231 0.656369
2232 0.326434
2233 0.173737
2234 0.0241211
2235 0.482451
2236 0.689917
2237 0.681907
2238 0.590853
2239 0.602365
2240 0.828037
2241 0.425988
2242 0.628539
2243 0.20108
2244 0.47499
2245 0.135949
2246 0.604901
2247 0.625075
2248 0.00708749
2249 0.266595
2250 0.549362
2251 0.463474
2252 0.831107
2253 0.855133
2254 0.513292
2255 0.431364
2256 0.751984
2257 0.379882
2258 0.562103
2259 0.957963
2260 0.140059
2261 0.307239
2262 0.380801
2263 0.672912
2264 0.431284
2265 0.142032
2266 0.726254
2267 0.304278
2268 0.552482
2269 0.633407
2270 0.787677
2271 0.251659
2272 0.19972
2273 0.572076
2274 0.520392
2275 0.635738
2276 0.518085
2277 0.564654
2278 0.730625
2279 0.643017
2280 0.728492
2281 0.579575
2282 0.645038
2283 0.563901
2284 0.589329
2285 0.351275
2286 0.0877431
2287 0.654289
2288 0.674945
2289 0.633606
2290 0.773889
2291 0.236558
2292 0.80187
2293 0.53788
2294 0.410859
2295 0.854349
2296 0.808308
2297 0.467429
2298 0.558801
2299 0.392623
2300 0.658572
2301 0.257072
2302 0.460788
2303 0.018091
2304 0.401698
2305 0.507074
2306 0.194521
2307 0.747265
2308 0.478703
2309 0.531648
2310 0.650846
2311 0.560833
2312 0.473124
2313 0.683055
2314 0.487037
2315 0.705027
2316 0.290894
2317 0.430575
2318 0.3966
2319 0.625903
2320 0.463609
2321 0.481165
2322 0.513649
2323 0.259029
2324 0.767698
2325 0.0967571
2326 0.744477
2327 0.464669
2328 0.382794
2329 0.624046
2330 0.329756
2331 0.788194
2332 0.520664
2333 0.565807
2334 0.593634
2335 0.845858
2336 0.783402
2337 0.936867
2338 0.520931
2339 0.922667
2340 0.815623
2341 0.325622
2342 0.795494
2343 0.601233
2344 0.43417
2345 0.382234
2346 0.771465
2347 0.80258
2348 0.390525
2349 0.583054
2350 0.691159
2351 0.817294
2352 0.657463
2353 0.477553
2354 0.730679
2355 0.75686
2356 0.89467
2357 0.768241
2358 0.788563
2359 0.716313
2360 0.409533
2361 0.710168
2362 0.842776
2363 0.56848
2364 0.428835
2365 0.440598
2366 0.529266
2367 0.542782
2368 0.875793
2369 0.781159
2370 0.557151
2371 0.266387
2372 0.428041
2373 0.212117
2374 0.410672
2375 0.577809
2376 0.487786
2377 0.159102
2378 0.222009
2379 0.390915
2380 0.726205
2381 0.329056
2382 0.408278
2383 0.146973
2384 0.144742
2385 0.342665
2386 0.497591
2387 0.248695
2388 0.346058
2389 0.330094
2390 0.343766
2391 0.0827332
2392 0.418881
2393 0.312213
2394 0.609269
2395 0.636627
2396 0.698644
2397 0.544312
2398 0.000753169
2399 0.542809
2400 0.433918
2401 0.511444
2402 0.616239
2403 0.400451
2404 0.597077
2405 0.393317
2406 0.709837
2407 0.722829
2408 0.789868
2409 0.718177
2410 0.660997
2411 0.655762
2412 0.582894
2413 0.723363
2414 0.637112
2415 0.628226
2416 0.526486
2417 0.230105
2418 0.62143
2419 0.605746
2420 0.79377
2421 0.560758
2422 0.704951
2423 0.301096
2424 0.472569
2425 0.874801
2426 0.441009
2427 0.338317
2428 0.76161
2429 0.28877
2430 0.876268
2431 0.442482
2432 0.284465
2433 0.219141
2434 0.450089
2435 0.719144
2436 0.461912
2437 0.677615
2438 0.620942
2439 0.356611
2440 0.626067
2441 0.377618
2442 0.659499
2443 0.645289
2444 0.591225
2445 0.549826
2446 0.495502
2447 0.667312
2448 0.517373
2449 0.637155
2450 0.674838
2451 0.630579
2452 0.645395
2453 0.468383
2454 0.699478
2455 0.518217
2456 0.428397
2457 0.682329
2458 0.326454
2459 0.473058
2460 0.65511
2461 0.258069
2462 0.440439
2463 0.268087
2464 0.43757
2465 0.171819
2466 0.234063
2467 0.195685
2468 0.184891
2469 0.603039
2470 0.267035
2471 0.566714
2472 0.169914
2473 0.562995
2474 0.185871
2475 0.649654
2476 0.506072
2477 0.540725
2478 0.385568
2479 0.743914
2480 0.162334
2481 0.152266
2482 0.29927
2483 0.474087
2484 0.137126
2485 0.498472
2486 0.424211
2487 0.4809
2488 0.459617
2489 0.373795
2490 0.602282
2491 0.603865
2492 0.412913
2493 0.433646
2494 0.477272
2495 0.529068
2496 0.385373
2497 0.24271
2498 0.609222
2499 0.435918
2500 0.502059
2501 0.301253
2502 0.735886
2503 0.485474
2504 0.658181
2505 0.34067
2506 0.377068
2507 0.0932557
2508 0.560835
2509 0.439665
2510 0.732791
2511 0.229605
2512 0.822446
2513 0.298986
2514 0.327492
2515 0.569175
2516 0.5541
2517 0.561339
2518 0.598096
2519 0.539592
2520 0.526979
2521 0.0573783
2522 0.641134
2523 0.149454
2524 0.413039
2525 0.669381
2526 0.160768
2527 0.415267
2528 0.622749
2529 0.425152
2530 0.490132
2531 0.437405
2532 0.625999
2533 0.658448
2534 0.631802
2535 0.514272
2536 0.601724
2537 0.331261
2538 0.449827
2539 0.474229
2540 0.860392
2541 0.759095
2542 0.835537
2543 0.518104
2544 0.675379
2545 0.534811
2546 0.463752
2547 0.692506
2548 0.737661
2549 0.464718
2550 0.721405
2551 0.611868
2552 0.49989
2553 0.645088
2554 0.600023
2555 0.704069
2556 0.557486
2557 0.341921
2558 0.749038
2559 0.605267
2560 0.820741
2561 0.354436
2562 0.223185
2563 0.362746
2564 0.350753
2565 0.435694
2566 0.396151
2567 0.543351
2568 0.532593
2569 0.475919
2570 0.505027
2571 0.626627
2572 0.630583
2573 0.359544
2574 0.613719
2575 0.354173
2576 0.305495
2577 0.147073
2578 0.355734
2579 0.765116
2580 0.590041
2581 0.621947
2582 0.611787
2583 0.970646
2584 0.642707
2585 0.602261
2586 0.316284
2587 0.558678
2588 0.890035
2589 0.8176
2590 0.951083
2591 0.385261
2592 0.609999
2593 0.544927
2594 0.760478
2595 0.490604
2596 0.812023
2597 0.616572
2598 0.125643
2599 0.730632
2600 0.544282
2601 0.497725
2602 0.846516
2603 0.609942
2604 0.889068
2605 0.769366
2606 0.730679
2607 0.875817
2608 0.792699
2609 0.78517
2610 0.745504
2611 0.737753
2612 0.704673
2613 0.709475
2614 0.732088
2615 0.184019
2616 0.624383
2617 0.303596
2618 0.629983
2619 0.51332
2620 0.904099
2621 0.550567
2622 0.532537
2623 0.225156
2624 0.59695
2625 0.244166
2626 0.790734
2627 0.774951
2628 0.689162
2629 0.625669
2630 0.676832
2631 0.495863
2632 0.480017
2633 0.75601
2634 0.768313
2635 0.272514
2636 0.60592
2637 0.439708
2638 0.565232
2639 0.390243
2640 0.456182
2641 0.192724
2642 0.537473
2643 0.3178
2644 0.755248
2645 0.40215
2646 0.575639
2647 0.476155
2648 0.762644
2649 0.679314
2650 0.452555
2651 0.779679
2652 0.657286
2653 0.495106
2654 0.681417
2655 0.49702
2656 0.49644
2657 0.332123
2658 0.61577
2659 0.862764
2660 0.588414
2661 0.750279
2662 0.701648
2663 0.49023
2664 0.54593
2665 0.600584
2666 0.432723
2667 0.704186
2668 0.478024
2669 0.798437
2670 0.473236
2671 0.462984
2672 0.579783
2673 0.386108
2674 0.229075
2675 0.372744
2676 0.576034
2677 0.498232
2678 0.637016
2679 0.456371
2680 0.550399
2681 0.526313
2682 0.107399
2683 0.110144
2684 0.349952
2685 0.461112
2686 0.511963
2687 0.0411862
2688 0.387343
2689 0.352117
2690 0.471106
2691 0.589471
2692 0.189723
2693 0.740038
2694 0.564223
2695 0.570553
2696 0.695263
2697 0.618795
2698 0.531597
2699 0.67401
2700 0.181117
2701 0.52422
2702 0.384749
2703 0.355861
2704 0.378575
2705 0.620621
2706 0.482173
2707 0.0215942
2708 0.324416
2709 0.419681
2710 0.536007
2711 0.352109
2712 0.35272
2713 0.26433
2714 0.329252
2715 0.503661
2716 0.56662
2717 0.613148
2718 0.502729
2719 0.201132
2720 0.620167
2721 0.425627
2722 0.778943
2723 0.784469
2724 0.599268
2725 0.444039
2726 0.368308
2727 0.607927
2728 0.42404
2729 0.685621
2730 0.553124
2731 0.738937
2732 0.620765
2733 0.317499
2734 0.751996
2735 0.474608
2736 0.565291
2737 0.146615
2738 0.693149
2739 0.389389
2740 0.872997
2741 0.361953
2742 0.470514
2743 0.435594
2744 0.589061
2745 0.726101
2746 0.398407
2747 0.431743
2748 0.436319
2749 0.466363
2750 0.357779
2751 0.863012
2752 0.16037
2753 0.450839
2754 0.451404
2755 0.522429
2756 0.569301
2757 0.463371
2758 0.207072
2759 0.0545899
2760 0.388016
2761 0.351497
2762 0.364365
2763 0.510388
2764 0.099203
2765 0.344461
2766 0.28228
2767 0.458383
2768 0.598719
2769 0.499378
2770 0.564996
2771 0.61461
2772 0.298667
2773 0.348893
2774 0.498035
2775 0.511769
2776 0.466462
2777 0.628258
2778 0.554954
2779 0.557683
2780 0.412957
2781 0.232665
2782 0.462903
2783 0.230552
2784 0.519
2785 0.763355
2786 0.592487
2787 0.56619
2788 0.533378
2789 0.627014
2790 0.148421
2791 0.420231
2792 0.76464
2793 0.367877
2794 0.192945
2795 0.435413
2796 0.482083
2797 0.476171
2798 0.678337
2799 0.448334
2800 0.796586
2801 0.612431
2802 0.438588
2803 0.657877
2804 0.230715
2805 0.34572
2806 0.0550821
2807 0.552691
2808 0.728699
2809 0.747908
2810 0.519066
2811 0.452886
2812 0.77105
2813 0.531332
2814 0.793676
2815 0.77636
2816 0.527968
2817 0.52124
2818 0.664781
2819 0.469348
2820 0.351724
2821 0.473107
2822 0.550744
2823 0.425414
2824 0.458547
2825 0.518866
2826 0.502897
2827 0.336063
2828 0.316394
2829 0.383774
2830 0.584599
2831 0.617128
2832 0.314689
2833 0.363204
2834 0.519981
2835 0.441698
2836 0.474631
2837 0.559038
2838 0.45391
2839 0.348251
2840 0.389001
2841 0.280026
2842 0.669044
2843 0.278014
2844 0.63971
2845 0.653632
2846 0.201258
2847 0.796988
2848 0.603402
2849 0.539523
2850 0.552705
2851 0.596167
2852 0.511431
2853 0.334268
2854 0.511169
2855 0.137302
2856 0.394918
2857 0.314259
2858 0.124222
2859 0.171859
2860 0.745081
2861 0.432878
2862 0.526173
2863 0.52369
2864 0.340395
2865 0.540368
2866 0.448424
2867 0.168895
2868 0.227323
2869 0.453893
2870 0.73709
2871 0.523268
2872 0.158528
2873 0.490561
2874 0.637065
2875 0.591221
2876 0.226268
2877 0.477555
2878 0.281247
2879 0.23187
2880 0.495642
2881 0.211866
2882 0.537735
2883 0.55596
2884 0.415985
2885 0.76277
2886 0.396914
2887 0.721437
2888 0.114111
2889 0.508411
2890 0.450985
2891 0.594471
2892 0.61053
2893 0.565836
2894 0.252682
2895 0.492842
2896 0.601673
2897 0.528428
2898 0.106439
2899 0.603072
2900 0.343
2901 0.583961
2902 0.451932
2903 0.599929
2904 0.618391
2905 0.129901
2906 0.445775
2907 0.11332
2908 0.345261
2909 0.246722
2910 0.422753
2911 0.591265
2912 0.493622
2913 0.432013
2914 0.52411
2915 0.46711
2916 0.428525
2917 0.457116
2918 0.58589
2919 0.308457
2920 0.0640127
2921 0.751573
2922 0.75135
2923 0.667979
2924 0.551023
2925 0.703547
2926 0.478135
2927 0.309063
2928 0.687563
2929 0.535021
2930 0.38514
2931 0.626939
2932 0.474955
2933 0.745685
2934 0.454874
2935 0.495814
2936 0.545192
2937 0.646783
2938 0.496788
2939 0.418651
2940 0.342702
2941 0.725794
2942 0.804167
2943 0.510006
2944 0.619345
2945 0.452681
2946 0.388985
2947 0.469744
2948 0.499052
2949 0.405889
2950 0.325917
2951 0.376983
2952 0.157668
2953 0.515755
2954 0.216912
2955 0.226762
2956 0.763357
2957 0.197392
2958 0.728959
2959 0.817584
2960 0.756676
2961 0.791031
2962 0.78814
2963 0.636055
2964 0.404511
2965 0.808386
2966 0.294592
2967 0.564897
2968 0.486421
2969 0.567753
2970 0.312098
2971 0.692858
2972 0.50906
2973 0.577982
2974 0.611415
2975 0.681471
2976 0.416455
2977 0.686126
2978 0.707406
2979 0.620964
2980 0.584225
2981 0.719466
2982 0.844034
2983 0.767558
2984 0.699807
2985 0.74246
2986 0.723511
2987 0.670245
2988 0.868729
2989 0.624564
2990 0.653964
2991 0.560115
2992 0.770149
2993 0.820789
2994 0.897757
2995 0.495932
2996 0.488742
2997 0.485889
2998 0.717981
2999 0.76843
3000 0.480495
3001 0.470983
3002 0.459155
3003 0.834639
3004 0.471565
3005 0.830836
3006 0.306262
3007 0.847792
3008 0.802465
3009 0.854529
3010 0.905542
3011 0.73471
3012 0.936316
3013 0.932066
3014 0.561195
3015 0.653728
3016 0.51408
3017 0.242118
3018 0.832858
3019 0.545488
3020 0.398406
3021 0.706424
3022 0.56111
3023 0.250362
3024 0.491912
3025 0.312474
3026 0.410996
3027 0.103536
3028 0.512231
3029 0.489574
3030 0.479437
3031 0.513596
3032 0.567327
3033 0.6685
3034 0.494467
3035 0.491563
3036 0.242079
3037 0.483192
3038 0.436026
3039 0.45731
3040 0.486167
3041 0.720404
3042 0.329955
3043 0.79097
3044 0.889496
3045 0.876438
3046 0.634376
3047 0.559093
3048 0.758188
3049 0.64313
3050 0.733634
3051 0.597646
3052 0.685457
3053 0.695936
3054 0.563913
3055 0.647187
3056 0.550254
3057 0.457634
3058 0.812412
3059 0.566598
3060 0.686257
3061 0.602181
3062 0.53562
3063 0.181189
3064 0.445536
3065 0.578389
3066 0.555284
3067 0.393502
3068 0.234779
3069 0.498319
3070 0.543469
3071 0.617135
3072 0.846311
3073 0.857424
3074 0.889287
3075 0.684858
3076 0.745478
3077 0.662833
3078 0.799091
3079 0.556839
3080 0.915335
3081 0.596536
3082 0.923308
3083 0.687988
3084 0.629583
3085 0.940701
3086 0.817144
3087 0.887336
3088 0.817908
3089 0.951504
3090 0.406982
3091 0.527654
3092 0.764296
3093 0.754087
3094 0.525113
3095 0.463011
3096 0.623242
3097 0.811096
3098 0.837156
3099 0.814376
3100 0.532664
3101 0.72482
3102 0.782487
3103 0.460312
3104 0.862469
3105 0.536623
3106 0.561783
3107 0.82066
3108 0.1294
3109 0.659648
3110 0.662098
3111 0.821761
3112 0.770602
3113 0.496924
3114 0.721668
3115 0.95886
3116 0.637131
3117 0.560842
3118 0.799386
3119 0.97876
3120 0.673157
3121 0.44598
3122 0.0785494
3123 0.367395
3124 0.765501
3125 0.0946186
3126 0.645665
3127 0.750864
3128 0.559274
3129 0.756684
3130 0.876218
3131 0.460798
3132 0.808314
3133 0.742574
3134 0.690393
3135 0.778891
3136 0.754632
3137 0.900448
3138 0.979433
3139 0.398944
3140 0.813929
3141 0.392013
3142 0.238363
3143 0.442603
3144 0.586024
3145 0.485505
3146 0.691968
3147 0.847965
3148 0.839716
3149 0.94157
3150 0.940257
3151 0.513099
3152 0.763961
3153 0.464909
3154 0.358125
3155 0.502213
3156 0.70648
3157 0.691941
3158 0.749755
3159 0.749172
3160 0.524174
3161 0.792518
3162 0.738567
3163 0.615948
3164 0.818776
3165 0.781816
3166 0.938354
3167 0.663847
3168 0.768549
3169 0.578632
3170 0.405589
3171 0.550218
3172 0.78567
3173 0.667859
3174 0.554943
3175 0.745976
3176 0.601741
3177 0.884881
3178 0.613509
3179 0.627097
3180 0.742425
3181 0.742923
3182 0.791067
3183 0.725194
3184 0.562753
3185 0.587519
3186 0.633074
3187 0.616041
3188 0.555596
3189 0.487686
3190 0.19067
3191 0.461713
3192 0.517393
3193 0.272371
3194 0.212981
3195 0.384148
3196 0.174541
3197 0.491309
3198 0.31949
3199 0.122529
3200 0.479062
3201 0.285414
3202 0.537763
3203 0.455531
3204 0.629443
3205 0.423546
3206 0.528191
3207 0.502067
3208 0.190277
3209 0.331164
3210 0.184856
3211 0.41698
3212 0.123339
3213 0.526324
3214 0.417144
3215 0.423176
3216 0.62825
3217 0.153992
3218 0.243796
3219 0.30422
3220 0.0629414
3221 0.515427
3222 0.596161
3223 0.45764
3224 0.470196
3225 0.302127
3226 0.559131
3227 0.43053
3228 0.354414
3229 0.225984
3230 0.377711
3231 0.56426
3232 6.48265e-05
3233 0.0186375
3234 0.0182729
3235 0.403523
3236 0.791543
3237 0.690036
3238 0.351527
3239 0.29623
3240 0.38428
3241 0.417553
3242 0.640974
3243 0.74065
3244 0.51863
3245 0.374572
3246 0.58452
3247 0.407641
3248 0.276745
3249 0.686639
3250 0.453035
3251 0.560076
3252 0.313731
3253 0.260422
3254 0.715374
3255 0.508625
3256 0.344328
3257 0.717554
3258 0.325669
3259 0.33177
3260 0.411913
3261 0.430494
3262 0.578155
3263 0.827369
3264 0.907076
3265 0.861448
3266 0.630583
3267 0.595713
3268 0.35258
3269 0.374192
3270 0.137408
3271 0.4943
3272 0.485874
3273 0.388805
3274 0.391866
3275 0.0420042
3276 0.386659
3277 0.177789
3278 0.429178
3279 0.598353
3280 0.741965
3281 0.198114
3282 0.533604
3283 0.549119
3284 0.410537
3285 0.268045
3286 0.43823
3287 0.864403
3288 0.66286
3289 0.538779
3290 0.407114
3291 0.872322
3292 0.555298
3293 0.762205
3294 0.478205
3295 0.099759
3296 0.110041
3297 0.345572
3298 0.354403
3299 0.261688
3300 0.630244
3301 0.497097
3302 0.249943
3303 0.372024
3304 0.228779
3305 0.640838
3306 0.677522
3307 0.344076
3308 0.478474
3309 0.23181
3310 0.483629
3311 0.387514
3312 0.221254
3313 0.26055
3314 0.571555
3315 0.300967
3316 0.194751
3317 0.293518
3318 0.487593
3319 0.438518
3320 0.539146
3321 0.65213
3322 0.726645
3323 0.500891
3324 0.0073045
3325 0.114008
3326 0.682621
3327 0.326644
3328 0.226169
3329 0.441703
3330 0.462785
3331 0.101563
3332 0.158602
3333 0.149087
3334 0.150846
3335 0.41057
3336 0.671773
3337 0.549117
3338 0.174644
3339 0.496877
3340 0.153916
3341 0.561718
3342 0.324678
3343 0.867519
3344 0.481199
3345 0.581185
3346 0.329727
3347 0.168802
3348 0.59468
3349 0.559174
3350 0.308608
3351 0.302349
3352 0.0121343
3353 0.764501
3354 0.733318
3355 0.605161
3356 0.382052
3357 0.569414
3358 0.457432
3359 0.296522
3360 0.258771
3361 0.10044
3362 0.21747
3363 0.562131
3364 0.00310571
3365 0.618084
3366 0.282259
3367 0.77836
3368 0.551982
3369 0.663597
3370 0.662635
3371 0.638597
3372 0.50253
3373 0.550171
3374 0.00694791
3375 0.000145171
3376 0.646807
3377 0.231729
3378 0.1391
3379 0.444114
3380 0.386066
3381 0.129052
3382 0.840075
3383 0.606923
3384 0.0182926
3385 0.229153
3386 0.0503109
3387 0.531397
3388 0.0473151
3389 0.487496
3390 0.06005
3391 0.0154775
3392 0.296854
3393 0.287444
3394 0.35501
3395 0.213997
3396 0.307804
3397 0.373196
3398 0.331113
3399 0.450784
3400 0.401499
3401 0.3802
3402 0.52841
3403 0.226045
3404 0.250084
3405 0.727789
3406 0.237157
3407 0.370766
3408 0.3111
3409 0.298098
3410 0.823787
3411 0.265149
3412 0.612082
3413 0.508907
3414 0.758867
3415 0.393439
3416 0.551899
3417 0.352386
3418 0.0504077
3419 0.380727
3420 0.355684
3421 0.285402
3422 0.678368
3423 0.390501
3424 0.145712
3425 0.0473026
3426 0.0961778
3427 0.176949
3428 0.412411
3429 0.307501
3430 0.320188
3431 0.0882554
3432 0.360478
3433 0.218855
3434 0.300326
3435 0.0630237
3436 0.298604
3437 0.138363
3438 0.318088
3439 0.311779
3440 0.394449
3441 0.531985
3442 0.355004
3443 0.583296
3444 0.180839
3445 0.310146
3446 0.000164523
3447 0.321691
3448 0.490338
3449 0.243294
3450 0.535344
3451 0.000182334
3452 0.0187882
3453 0.063088
3454 0.0341222
3455 0.263592
3456 0.000727928
3457 0.257679
3458 4.59342e-05
3459 0.245378
3460 0.220853
3461 0.476125
3462 0.0296886
3463 0.69008
3464 0.0357398
3465 0.585201
3466 0.781905
3467 0.260702
3468 0.401027
3469 0.352326
3470 0.533389
3471 0.838311
3472 0.37334
3473 0.448341
3474 0.633003
3475 0.868504
3476 0.730042
3477 0.538599
3478 0.553638
3479 0.65213
3480 0.684755
3481 0.83528
3482 0.845306
3483 0.624698
3484 0.781415
3485 0.60231
3486 0.541023
3487 0.568554
3488 0.640117
3489 0.610762
3490 0.667667
3491 0.556756
3492 0.338928
3493 0.626865
3494 0.0583508
3495 0.47408
3496 0.535993
3497 0.715051
3498 0.25202
3499 0.515516
3500 0.249618
3501 0.0271791
3502 0.256691
3503 0.00252594
3504 0.518771
3505 0.363036
3506 0.549841
3507 0.671908
3508 0.497929
3509 0.530369
3510 0.77942
3511 0.540996
3512 0.697883
3513 0.851471
3514 0.797468
3515 0.795468
3516 0.623465
3517 0.264888
3518 0.338708
3519 0.556567
3520 0.782757
3521 0.677751
3522 0.116345
3523 0.749055
3524 0.793721
3525 0.706038
3526 0.627063
3527 0.250098
3528 0.636639
3529 0.0120918
3530 0.374337
3531 0.701423
3532 0.504895
3533 0.861934
3534 0.611837
3535 0.506108
3536 0.748274
3537 0.666538
3538 0.699094
3539 0.00012407
3540 0.719594
3541 0.506846
3542 0.569089
3543 0.312897
3544 0.100403
3545 0.170091
3546 0.438781
3547 0.120522
3548 0.177868
3549 0.550974
3550 0.00519335
3551 0.60378
3552 0.136722
3553 0.474842
3554 0.00149652
3555 0.381443
3556 0.59215
3557 0.846809
3558 0.114805
3559 0.271302
3560 0.722674
3561 0.698062
3562 0.67508
3563 0.54069
3564 0.590278
3565 0.703941
3566 0.904236
3567 0.765275
3568 0.0302432
3569 0.55021
3570 0.238203
3571 0.695634
3572 0.525536
3573 0.37152
3574 0.932169
3575 0.385147
3576 0.780748
3577 0.593525
3578 0.72707
3579 0.216
3580 0.162951
3581 0.4673
3582 0.314825
3583 0.335292
3584 0.268859
3585 0.579265
3586 0.599521
3587 0.288598
3588 0.46787
3589 0.173284
3590 0.758319
3591 0.479512
3592 0.519607
3593 0.0206133
3594 0.0092918
3595 0.00913863
3596 0.0471728
3597 0.819074
3598 0.666365
3599 0.151927
3600 0.0476717
3601 0.656714
3602 0.198155
3603 0.135799
3604 0.414954
3605 0.287825
3606 0.427919
3607 0.0344746
3608 0.0954494
3609 0.20265
3610 0.274755
3611 0.240443
3612 0.0194983
3613 0.0228918
3614 0.0164408
3615 0.12265
3616 0.103808
3617 0.00833322
3618 0.00545239
3619 0.688793
3620 0.0360979
3621 1.62081e-05
3622 0.00645541
3623 0.163757
3624 0.660032
3625 0.0274304
3626 0.764202
3627 0.0578592
3628 0.0937486
3629 0.381447
3630 0.823153
3631 0.590918
3632 0.342873
3633 0.0260474
3634 0.583383
3635 0.71109
3636 0.435361
3637 0.148314
3638 0.137573
3639 0.451885
3640 0.412222
3641 0.645091
3642 0.549254
3643 0.618731
3644 0.436561
3645 0.675133
3646 0.64947
3647 0.078133
3648 0.196127
3649 0.415984
3650 0.0980157
3651 0.596823
3652 0.10156
3653 0.590043
3654 0.436544
3655 0.581141
3656 0.510478
3657 0.106289
3658 0.618426
3659 0.685234
3660 0.608431
3661 0.0152053
3662 0.491456
3663 0.462224
3664 0.459097
3665 0.642796
3666 0.536222
3667 0.0538142
3668 0.00216989
3669 0.506514
3670 0.464361
3671 0.114394
3672 0.596732
3673 0.632845
3674 0.657997
3675 0.829395
3676 0.05817
3677 0.266427
3678 0.045796
3679 0.409328
3680 0.740824
3681 0.76828
3682 0.766785
3683 0.701577
3684 0.553495
3685 0.503495
3686 0.825424
3687 0.843486
3688 0.780375
3689 0.910507
3690 0.60216
3691 0.678233
3692 0.883517
3693 0.864765
3694 0.544052
3695 0.0285597
3696 0.714823
3697 0.68632
3698 0.560994
3699 0.972069
3700 0.960997
3701 0.855873
3702 0.782313
3703 0.793725
3704 0.587843
3705 0.651671
3706 0.894859
3707 0.701217
3708 0.932377
3709 0.579846
3710 0.908248
3711 0.701549
3712 0.556723
3713 0.719731
3714 0.74797
3715 0.235345
3716 0.00518388
3717 0.0110621
3718 0.863578
3719 0.8609
3720 0.818085
3721 0.770993
3722 0.907358
3723 0.875989
3724 0.89882
3725 0.811958
3726 0.667019
3727 0.705243
3728 0.843684
3729 0.837934
3730 0.751104
3731 0.634992
3732 0.716686
3733 0.692238
3734 0.0112511
3735 0.850074
3736 0.00422459
3737 0.784337
3738 0.813267
3739 0.607856
3740 0.319006
3741 0.0326791
3742 0.699106
3743 0.786547
3744 0.786094
3745 0.565532
3746 0.677949
3747 0.246371
3748 0.177438
3749 0.00635785
3750 0.593336
3751 0.163917
3752 0.0477268
3753 0.730706
3754 0.0517398
3755 0.457897
3756 0.13377
3757 0.749627
3758 0.574696
3759 0.502195
3760 0.0142157
3761 0.0349536
3762 0.576497
3763 0.609036
3764 0.63474
3765 0.652818
3766 0.025623
3767 0.60084
3768 0.687207
3769 0.643054
3770 0.580021
3771 0.0487774
3772 0.0967248
3773 0.700434
3774 0.161193
3775 0.0393657
3776 0.045137
3777 0.0917524
3778 0.38254
3779 0.447683
3780 0.947099
3781 0.674737
3782 0.212403
3783 0.781754
3784 0.626046
3785 0.504946
3786 0.0487111
3787 0.560006
3788 0.99147
3789 0.790622
3790 0.809579
3791 0.560148
3792 0.927491
3793 0.724288
3794 0.87137
3795 0.841134
3796 0.699383
3797 0.89614
3798 0.949414
3799 0.649238
3800 0.0110043
3801 0.577581
3802 0.618716
3803 0.726566
3804 0.596041
3805 0.0436784
3806 0.0362274
3807 0.509692
3808 0.0518424
3809 0.0523359
3810 0.631505
3811 0.0328989
3812 0.752807
3813 0.240679
3814 0.900823
3815 0.966253
3816 0.709255
3817 0.0455106
3818 0.714891
3819 0.349797
3820 0.521716
3821 0.564286
3822 0.433041
3823 0.0165433
3824 0.171367
3825 0.0629338
3826 0.614928
3827 0.817524
3828 0.191015
3829 0.69356
3830 0.568931
3831 0.545471
3832 0.0482109
3833 0.0527625
3834 0.0363401
3835 0.0199471
3836 0.0680593
3837 0.51759
3838 0.0364021
3839 0.0494538
3840 0.048522
3841 0.0462873
3842 0.0364021
3843 0.0477674
3844 0.0463913
3845 0.0363932
3846 0.456538
3847 0.0317436
3848 0.188805
3849 0.798851
3850 0.49193
3851 0.47508
3852 0.0334214
3853 0.775278
3854 0.523254
3855 0.503908
3856 0.784545
3857 0.564116
3858 0.562315
3859 0.816989
3860 0.879038
3861 0.745762
3862 0.756321
3863 0.849809
3864 0.808307
3865 0.75586
3866 0.837368
3867 0.865603
3868 0.819207
3869 0.795407
3870 0.76921
3871 0.742168
3872 0.612077
3873 0.817214
3874 0.814848
3875 0.871968
3876 0.732733
3877 0.78421
3878 0.629603
3879 0.581382
3880 0.898247
3881 0.807744
3882 0.797193
3883 0.943012
3884 0.889364
3885 0.929546
3886 0.948592
3887 0.815556
3888 0.677299
3889 0.881643
3890 0.731018
3891 0.690868
3892 0.828687
3893 0.753027
3894 0.903772
3895 0.872895
3896 0.699597
3897 0.761726
3898 0.989293
3899 0.897523
3900 0.790018
3901 0.791327
3902 0.869502
3903 0.659856
3904 0.884364
3905 0.8114
3906 0.774678
3907 0.829124
3908 0.710828
3909 0.571618
3910 0.712658
3911 0.762489
3912 0.7298
3913 0.865273
3914 0.861625
3915 0.441871
3916 0.910458
3917 0.862467
3918 0.774307
3919 0.723521
3920 0.748981
3921 0.72696
3922 0.78874
3923 0.850712
3924 0.632514
3925 0.937416
3926 0.618678
3927 0.874508
3928 0.703803
3929 0.778426
3930 0.716763
3931 0.819203
3932 0.832689
3933 0.972821
3934 0.925626
3935 0.788242
3936 0.71819
3937 0.578927
3938 0.631691
3939 0.911166
3940 0.9797
3941 0.585679
3942 0.786182
3943 0.693354
3944 0.785128
3945 0.717663
3946 0.802118
3947 0.438625
3948 0.733756
3949 0.662911
3950 0.850592
3951 0.809486
3952 0.766496
3953 0.847136
3954 0.559982
3955 0.216297
3956 0.87863
3957 0.970501
3958 0.573208
3959 0.925903
3960 0.946006
3961 0.863545
3962 0.664961
3963 0.924881
3964 0.68655
3965 0.728877
3966 0.91772
3967 0.861285
3968 0.840894
3969 0.792679
3970 0.89912
3971 0.959641
3972 0.52891
3973 0.731798
3974 0.815064
3975 0.741342
3976 0.728445
3977 0.895004
3978 0.476193
3979 0.526622
3980 0.748758
3981 0.721495
3982 0.85157
3983 0.565267
3984 0.679005
3985 0.730199
3986 0.851041
3987 0.564397
3988 0.873621
3989 0.799182
3990 0.815099
3991 0.848319
3992 0.498256
3993 0.545591
3994 0.477313
3995 0.922041
3996 0.853334
3997 0.887159
3998 0.841727
3999 0.941875
4000 0.618105
4001 0.827103
4002 0.0991567
4003 0.888135
4004 0.880601
4005 0.618722
4006 0.947199
4007 0.787613
4008 0.874955
4009 0.801307
4010 0.817154
4011 0.803007
4012 0.0880862
4013 0.814978
4014 0.850019
4015 0.904123
4016 0.695385
4017 0.678588
4018 0.909718
4019 0.785653
4020 0.696781
4021 0.62239
4022 0.643854
4023 0.85181
4024 0.739203
4025 0.885065
4026 0.726474
4027 0.837687
4028 0.0105015
4029 0.771182
4030 0.815575
4031 0.856972
4032 0.840995
4033 0.630023
4034 0.770941
4035 0.859628
4036 0.799605
4037 0.716571
4038 0.687594
4039 0.866711
4040 0.681694
4041 0.794055
4042 0.777923
4043 0.743873
4044 0.728805
4045 0.874217
4046 0.649317
4047 0.916498
4048 0.906979
4049 0.774174
4050 0.771633
4051 0.569689
4052 0.978245
4053 0.693973
4054 0.925614
4055 0.724348
4056 0.573479
4057 0.863173
4058 0.66657
4059 0.618465
4060 0.897019
4061 0.635283
4062 0.941141
4063 0.919343
4064 0.655911
4065 0.886469
4066 0.709664
4067 0.740978
4068 0.759262
4069 0.971998
4070 0.66406
4071 0.616864
4072 0.795847
4073 0.813301
4074 0.73319
4075 0.94278
4076 0.880332
4077 0.688681
4078 0.843294
4079 0.635639
4080 0.828382
4081 0.815246
4082 0.859823
4083 0.636652
4084 0.758986
4085 0.436835
4086 0.0174759
4087 0.0443556
4088 0.155279
4089 0.0201634
4090 0.350287
4091 0.462799
4092 0.0717959
4093 0.568182
4094 0.0021106
4095 0.757686
4096 0.252851
4097 0.554927
4098 0.464305
4099 0.135006
4100 0.728456
4101 0.0299766
4102 0.383602
4103 0.688635
4104 0.5134
4105 0.535907
4106 0.525125
4107 0.506978
4108 0.368913
4109 0.626653
4110 0.0885563
4111 0.566764
4112 0.807726
4113 0.21958
4114 0.693113
4115 0.454501
4116 0.660983
4117 0.536042
4118 0.123828
4119 0.509121
4120 0.575879
4121 0.250209
4122 0.179419
4123 0.570843
4124 0.111323
4125 0.529388
4126 0.423643
4127 0.383127
4128 0.251793
4129 0.670687
4130 0.690336
4131 0.418965
4132 0.618097
4133 0.502935
4134 0.561568
4135 0.671701
4136 0.36071
4137 0.0065436
4138 0.545724
4139 0.49566
4140 0.923192
4141 0.691927
4142 0.00580879
4143 0.582695
4144 0.634099
4145 0.739936
4146 0.606595
4147 0.457417
4148 0.434601
4149 0.615121
4150 0.489535
4151 0.519441
4152 0.620386
4153 0.0211635
4154 0.148091
4155 0.0228374
4156 0.0895022
4157 0.141416
4158 0.172265
4159 0.174379
4160 0.212991
4161 0.156198
4162 0.159036
4163 0.126056
4164 0.965058
4165 0.710281
4166 0.0259975
4167 0.0537748
4168 0.778419
4169 0.0409576
4170 0.0108462
4171 0.0445188
4172 0.0515962
4173 0.0576245
4174 0.0239322
4175 0.812754
4176 0.033268
4177 0.0355029
4178 0.0356467
4179 0.691755
4180 0.0471457
4181 0.0345065
4182 0.102914
4183 0.0982353
4184 0.145693
4185 0.201842
4186 0.134218
4187 0.195305
4188 0.0980575
4189 0.0269204
4190 0.0412579
4191 0.0542387
4192 0.0207973
4193 0.0415618
4194 0.470402
4195 0.520234
4196 0.473897
4197 0.0330542
4198 0.844743
4199 0.0347409
4200 0.0198662
4201 0.0191067
4202 0.013926
4203 0.417834
4204 0.0294198
4205 0.6755
4206 0.205703
4207 0.170101
4208 0.638555
4209 0.642996
4210 0.500259
4211 0.367905
4212 0.568133
4213 0.0353194
4214 0.824263
4215 0.54764
4216 0.0623503
4217 0.670957
4218 0.620136
4219 0.693002
4220 0.34276
4221 0.433327
4222 0.59577
4223 0.728139
4224 0.739311
4225 0.764339
4226 0.394895
4227 0.326868
4228 0.399667
4229 0.701752
4230 0.711828
4231 0.553604
4232 0.331669
4233 0.49506
4234 0.143518
4235 0.276503
4236 0.252752
4237 0.701783
4238 0.903965
4239 0.572849
4240 0.58829
4241 0.715385
4242 0.691865
4243 0.612719
4244 0.787763
4245 0.661965
4246 0.0389793
4247 0.641638
4248 0.259221
4249 0.870441
4250 0.818042
4251 0.854735
4252 0.42197
4253 0.641435
4254 0.0485655
4255 0.648882
4256 0.773488
4257 0.838451
4258 0.818956
4259 0.555913
4260 0.932654
4261 0.529118
4262 0.0347895
4263 0.0889193
4264 0.0443368
4265 0.0177581
4266 0.00417532
4267 0.435537
4268 0.0137951
4269 0.0362702
4270 0.0134466
4271 0.0132669
4272 0.0136928
4273 0.0232871
4274 0.0285688
4275 0.616733
4276 0.579587
4277 0.448408
4278 0.398948
4279 0.847879
4280 0.603395
4281 0.607142
4282 0.507929
4283 0.00842989
4284 0.159209
4285 0.706331
4286 0.72997
4287 0.663057
4288 0.787731
4289 0.484021
4290 0.662914
4291 0.559742
4292 0.735889
4293 0.535112
4294 0.568476
4295 0.168395
4296 0.682134
4297 0.493713
4298 0.113007
4299 0.92327
4300 0.76061
4301 0.557039
4302 0.0868747
4303 0.687849
4304 0.784005
4305 0.699482
4306 0.525205
4307 0.722827
4308 0.788334
4309 0.795402
4310 0.050332
4311 0.049656
4312 0.045529
4313 0.00345661
4314 0.0493836
4315 0.953669
4316 0.73563
4317 0.712535
4318 0.0311747
4319 0.0425472
4320 0.0522602
4321 0.746386
4322 0.49082
4323 0.0862102
4324 0.602991
4325 0.67223
4326 0.635334
4327 0.858993
4328 0.158761
4329 0.723416
4330 0.119852
4331 0.000248969
4332 0.61495
4333 0.863203
4334 0.710912
4335 0.892587
4336 0.774127
4337 0.911742
4338 0.752347
4339 0.0492856
4340 0.276756
4341 0.501652
4342 0.934274
4343 0.879474
4344 0.746527
4345 0.00412234
4346 0.651284
4347 0.010504
4348 0.775488
4349 0.790527
4350 0.516221
4351 0.785057
4352 0.70146
4353 0.9882
4354 0.574092
4355 0.845223
4356 0.725274
4357 0.954488
4358 0.907095
4359 0.75317
4360 0.870665
4361 0.799777
4362 0.797889
4363 0.641648
4364 0.563816
4365 0.816358
4366 0.00742053
4367 0.0196189
4368 0.0398412
4369 0.837861
4370 0.0289371
4371 0.577654
4372 0.610463
4373 0.580961
4374 0.646584
4375 0.750787
4376 0.0119938
4377 0.646906
4378 0.55987
4379 0.479548
4380 0.732899
4381 0.825321
4382 0.748408
4383 0.526454
4384 0.81654
4385 0.416497
4386 0.692514
4387 0.597064
4388 0.833325
4389 0.731376
4390 0.89154
4391 0.797476
4392 0.711979
4393 0.681415
4394 0.684985
4395 0.674483
4396 0.541207
4397 0.00185574
4398 0.621097
4399 0.533088
4400 0.0626867
4401 0.521564
4402 0.870798
4403 0.181783
4404 0.136013
4405 0.184273
4406 0.830226
4407 0.785583
4408 0.744719
4409 0.689278
4410 0.797499
4411 0.0346272
4412 0.625852
4413 0.0218936
4414 0.0344464
4415 0.735423
4416 0.0285051
4417 0.033428
4418 0.755674
4419 0.750909
4420 0.253796
4421 0.226558
4422 0.115785
4423 0.159543
4424 0.689851
4425 0.27207
4426 0.155669
4427 0.0265401
4428 0.647171
4429 0.122813
4430 0.704493
4431 0.379291
4432 0.723744
4433 0.506378
4434 0.110761
4435 0.624406
4436 0.874572
4437 0.0402037
4438 0.0359375
4439 0.0444581
4440 0.596699
4441 0.770647
4442 0.0982409
4443 0.021115
4444 0.708794
4445 0.751773
4446 0.112674
4447 0.97536
4448 0.700707
4449 0.868978
4450 0.0423323
4451 0.78442
4452 0.923064
4453 0.648109
4454 0.555778
4455 0.591516
4456 0.658184
4457 0.606847
4458 0.678194
4459 0.610605
4460 0.889878
4461 0.559378
4462 0.0723517
4463 0.493196
4464 0.559183
4465 0.099429
4466 0.151103
4467 0.799836
4468 0.582703
4469 0.101386
4470 0.416472
4471 0.79139
4472 0.673368
4473 0.525369
4474 0.941621
4475 0.659384
4476 0.0414619
4477 0.643364
4478 0.77134
4479 0.640888
4480 0.60194
4481 0.0508846
4482 0.551413
4483 0.364129
4484 0.641957
4485 0.100846
4486 0.530958
4487 0.0666729
4488 0.525091
4489 0.379922
4490 0.57331
4491 0.697544
4492 0.938209
4493 0.82825
4494 0.714905
4495 0.0471112
4496 0.0427232
4497 0.638845
4498 0.826042
4499 0.592096
4500 0.618033
4501 0.655424
4502 0.60256
4503 0.00884091
4504 0.834342
4505 0.589152
4506 0.888423
4507 0.398055
4508 0.429139
4509 0.420329
4510 0.398206
4511 0.416341
4512 0.704314
4513 0.767079
4514 0.0423629
4515 0.00215735
4516 0.0197479
4517 0.0173209
4518 0.0137951
4519 0.0126047
4520 0.0120748
4521 0.0519383
4522 0.0119938
4523 0.0235686
4524 0.0182856
4525 0.0188118
4526 0.0190778
4527 0.0233809
4528 0.0255432
4529 0.907648
4530 0.875457
4531 0.514008
4532 0.728169
4533 0.329312
4534 0.365498
4535 0.406079
4536 0.538503
4537 0.376663
4538 0.2912
4539 0.329977
4540 0.379379
4541 0.0980998
4542 0.120558
4543 0.342828
4544 0.366316
4545 0.251165
4546 0.829861
4547 0.00220295
4548 0.0124837
4549 0.611695
4550 0.0109341
4551 0.648249
4552 0.00414223
4553 0.0342238
4554 0.702433
4555 0.589875
4556 0.740269
4557 0.564709
4558 0.0052082
4559 0.0304812
4560 0.0511787
4561 0.0137023
4562 0.631267
4563 0.0244418
4564 0.350566
4565 0.378034
4566 0.541596
4567 0.00344917
4568 0.0329208
4569 0.00989366
4570 0.700426
4571 0.0205566
4572 0.0221046
4573 0.0216589
4574 0.0337324
4575 0.592303
4576 0.744812
4577 0.0538163
4578 0.0010501
4579 0.000128646
4580 0.017865
4581 0.0480821
4582 0.0127803
4583 0.614802
4584 0.0109373
4585 0.022179
4586 0.0346921
4587 0.0313618
4588 0.0193407
4589 0.0442456
4590 0.0120748
4591 0.0146025
4592 0.0525267
4593 0.475169
4594 0.0214758
4595 0.31482
4596 0.473762
4597 0.0143857
4598 0.647748
4599 0.0226318
4600 0.0166349
4601 0.264157
4602 0.610772
4603 0.0849611
4604 0.0389293
4605 0.0432071
4606 0.479984
4607 0.0219846
4608 0.0434981
4609 0.0995989
4610 0.385834
4611 0.00444589
4612 0.00232726
4613 0.0022201
4614 0.189013
4615 0.297636
4616 0.0151962
4617 0.435324
4618 0.00169023
4619 0.00174532
4620 0.0317842
4621 0.0205703
4622 0.0244418
4623 0.0132668
4624 0.417541
4625 0.00412763
4626 0.814497
4627 0.024096
4628 0.365757
4629 0.0137023
4630 0.0309628
4631 0.0499476
4632 0.606978
4633 0.818226
4634 0.0244699
4635 0.0249162
4636 0.524564
4637 0.83582
4638 0.395808
4639 0.241026
4640 0.0139126
4641 0.0289609
4642 0.209265
4643 0.796234
4644 0.379369
4645 0.47913
4646 0.56543
4647 0.561005
4648 0.693461
4649 0.256782
4650 0.0455258
4651 0.09758
4652 0.344812
4653 0.0122703
4654 0.00747588
4655 0.494482
4656 0.0394982
4657 0.634857
4658 0.036806
4659 0.068603
4660 0.023824
4661 0.501256
4662 0.0220082
4663 0.0222406
4664 0.352605
4665 0.0221372
4666 0.0335548
4667 0.0812543
4668 0.0183048
4669 0.0122371
4670 0.031112
4671 0.0275824
4672 0.0264216
4673 0.0254867
4674 0.0319483
4675 0.0348561
4676 0.0409489
4677 0.0291577
4678 0.0406842
4679 0.0792181
4680 0.633766
4681 0.000256423
4682 0.0257151
4683 0.0359896
4684 0.0207509
4685 0.692569
4686 0.0118369
4687 0.00309066
4688 0.507013
4689 0.485986
4690 0.0163536
4691 0.696708
4692 0.0155008
4693 0.0308727
4694 0.00876239
4695 0.0729918
4696 0.026554
4697 0.0255124
4698 0.184337
4699 0.0899607
4700 0.201964
4701 0.238413
4702 0.0189061
4703 0.22909
4704 0.157127
4705 0.170951
4706 0.100509
4707 0.17191
4708 0.145435
4709 0.0403783
4710 0.0383715
4711 0.105708
4712 0.217542
4713 0.145045
4714 0.0252924
4715 0.0723596
4716 0.0277227
4717 0.0200112
4718 0.270699
4719 0.473811
4720 0.593994
4721 0.00235291
4722 0.0317472
4723 0.666201
4724 0.0217018
4725 0.0189001
4726 0.746998
4727 0.316541
4728 0.0675437
4729 0.0475782
4730 0.0534481
4731 0.0431689
4732 0.0404237
4733 0.0388317
4734 0.0613656
4735 0.0953231
4736 0.0369921
4737 0.045251
4738 0.883809
4739 0.0354686
4740 0.000675282
4741 0.0435727
4742 0.0492284
4743 0.0374146
4744 0.479054
4745 0.0278066
4746 0.0183335
4747 0.0602581
4748 0.00592463
4749 0.00379847
4750 0.0798318
4751 0.00246016
4752 0.0372485
4753 0.0195593
4754 0.104826
4755 0.0405281
4756 0.394683
4757 0.0176986
4758 0.0310254
4759 0.0531528
4760 0.562267
4761 0.0260024
4762 0.831011
4763 0.453393
4764 0.20423
4765 0.170469
4766 0.0321811
4767 0.0298085
4768 0.184085
4769 0.0336178
4770 0.011086
4771 0.0319794
4772 0.0248901
4773 0.027172
4774 0.109724
4775 0.0433107
4776 0.0141348
4777 0.0368141
4778 0.0357309
4779 0.0125362
4780 0.0442073
4781 0.0401255
4782 0.0413605
4783 0.0354085
4784 0.049932
4785 0.00368326
4786 0.189669
4787 0.907032
4788 0.767081
4789 0.0103488
4790 0.0231166
4791 0.0278033
4792 0.0299087
4793 0.0231549
4794 0.193199
4795 0.45724
4796 0.0288057
4797 0.0525289
4798 0.00440939
4799 0.0280127
4800 0.032985
4801 0.777284
4802 0.0391392
4803 0.901397
4804 0.0411448
4805 0.0416186
4806 0.00553599
4807 0.0118173
4808 0.717471
4809 0.0744424
4810 0.0869137
4811 0.0361382
4812 0.0368034
4813 0.0785527
4814 0.0441328
4815 0.0460165
4816 0.0144018
4817 0.0362334
4818 0.0461999
4819 0.0363889
4820 0.429401
4821 0.492521
4822 0.0396994
4823 0.0498327
4824 0.617839
4825 0.055149
4826 0.0357494
4827 0.331702
4828 0.0361492
4829 0.593203
4830 0.00557951
4831 0.101926
4832 0.103744
4833 0.0344355
4834 0.0285635
4835 0.0561409
4836 0.0400252
4837 0.359539
4838 0.123567
4839 0.740684
4840 0.00221511
4841 0.034846
4842 0.0300961
4843 0.0022345
4844 0.500034
4845 0.0261267
4846 0.0202683
4847 0.0213846
4848 0.0383372
4849 0.00554276
4850 0.028143
4851 0.00406662
4852 0.0301494
4853 0.0386086
4854 0.0691649
4855 0.0123841
4856 0.016781
4857 0.0351408
4858 0.0209973
4859 0.023048
4860 0.00361448
4861 0.042786
4862 0.0421005
4863 0.0325494
4864 0.0323855
4865 0.0430888
4866 0.0375759
4867 0.0129143
4868 0.00484852
4869 0.000402252
4870 0.0316841
4871 0.060054
4872 0.0174365
4873 0.00752632
4874 0.0040806
4875 0.0389138
4876 0.0381849
4877 0.0370623
4878 0.00490751
4879 0.0377899
4880 0.0447386
4881 0.053182
4882 0.0610065
4883 0.0612094
4884 0.0529084
4885 0.0389649
4886 0.0282911
4887 0.0115533
4888 0.0402967
4889 0.0169539
4890 0.0355248
4891 0.0318595
4892 0.0295874
4893 0.021699
4894 0.0263047
4895 0.0282573
4896 0.0440193
4897 0.189036
4898 0.00424579
4899 0.0335832
4900 0.0275574
4901 0.0243408
4902 0.00878331
4903 0.023477
4904 0.0645766
4905 0.00888995
4906 0.699457
4907 0.0624037
4908 0.0295062
4909 0.0541154
4910 0.0616602
4911 0.0797707
4912 0.0234392
4913 0.0167391
4914 0.0149181
4915 0.0125401
4916 0.0501678
4917 0.0064034
4918 0.0101269
4919 0.00786935
4920 0.0112555
4921 0.0265119
4922 0.0197506
4923 0.0317983
4924 0.00625661
4925 0.0382198
4926 0.0334831
4927 0.699883
4928 0.0471064
4929 0.0326666
4930 0.0332631
4931 0.0500911
4932 0.0111578
4933 0.0201944
4934 0.00705132
4935 0.0346096
4936 0.0796827
4937 0.0299431
4938 0.0572248
4939 0.0170818
4940 0.0686097
4941 0.0433957
4942 0.0370681
4943 0.0826065
4944 0.147171
4945 0.105653
4946 0.0221444
4947 0.191456
4948 0.190511
4949 0.157585
4950 0.0986156
4951 0.15309
4952 0.161757
4953 0.0660852
4954 0.191224
4955 0.224015
4956 0.125354
4957 0.0466618
4958 0.175326
4959 0.136192
4960 0.186231
4961 0.0560297
4962 0.0421261
4963 0.0907625
4964 0.145188
4965 0.0591791
4966 0.0356071
4967 0.110252
4968 0.0390642
4969 0.109806
4970 0.14034
4971 0.104549
4972 0.10648
4973 0.00523692
4974 0.100061
4975 0.0375594
4976 0.077526
4977 0.107569
4978 0.0488865
4979 0.0618201
4980 0.100037
4981 0.0591776
4982 0.147315
4983 0.0963792
4984 0.0921776
4985 0.0537253
4986 0.080424
4987 0.0519596
4988 0.131275
4989 0.0658891
4990 0.0658578
4991 0.127418
4992 0.136504
4993 0.26682
4994 0.121068
4995 0.0492267
4996 0.30178
4997 0.123123
4998 0.104283
4999 0.16039
5000 0.0668859
5001 0.0434023
5002 0.105179
5003 0.0639092
5004 0.17438
5005 0.0542305
5006 0.023619
5007 0.0222719
5008 0.0969238
5009 0.0675844
5010 0.102639
5011 0.0390197
5012 0.0520879
5013 0.108331
5014 0.0907498
5015 0.023995
5016 0.0700607
5017 0.119367
5018 0.0989342
5019 0.0190601
5020 0.0247375
5021 0.0701479
5022 0.0868478
5023 0.0158441
5024 0.0560455
5025 0.133265
5026 0.205857
5027 0.0620559
5028 0.0877519
5029 0.199338
5030 0.0431618
5031 0.0424907
5032 0.0799336
5033 0.050773
5034 0.0583473
5035 0.112853
5036 0.113817
5037 0.0814849
5038 0.110023
5039 0.177801
5040 0.013191
5041 0.169081
5042 0.152115
5043 0.179917
5044 0.0958603
5045 0.00705556
5046 0.0686021
5047 0.000226783
5048 0.0141328
5049 0.0826661
5050 0.0131537
5051 0.0231511
5052 0.0507596
5053 0.0550991
5054 0.077681
5055 0.0802124
5056 0.026378
5057 0.0315372
5058 0.126559
5059 0.077815
5060 0.0763662
5061 0.0358339
5062 0.000868941
5063 0.0362569
5064 0.0461637
5065 0.0833703
5066 0.070972
5067 0.081334
5068 0.0754735
5069 0.0378672
5070 0.0476852
5071 0.045453
5072 0.0649421
5073 0.0405078
5074 0.144774
5075 0.749609
5076 0.3268
5077 0.0139922
5078 0.0557181
5079 0.579715
5080 0.00207105
5081 0.0107139
5082 0.0335389
5083 0.0771742
5084 0.671892
5085 0.741843
5086 0.00150094
5087 0.0461918
5088 0.109824
5089 0.0461448
5090 0.011086
5091 0.260583
5092 0.29347
5093 0.462358
5094 0.0252194
5095 0.274882
5096 0.0043595
5097 0.278463
5098 0.143015
5099 0.00453099
5100 0.00939279
5101 0.487038
5102 0.752693
5103 0.689778
5104 0.562108
5105 0.0803368
5106 0.120858
5107 0.0217563
5108 0.79197
5109 0.0375841
5110 0.153353
5111 0.480606
5112 0.151767
5113 0.57925
5114 0.0841042
5115 0.0219718
5116 0.00268199
5117 0.00372709
5118 0.575496
5119 0.0291309
5120 0.856953
5121 0.021861
5122 0.640348
5123 0.00686345
5124 0.44914
5125 0.00685962
5126 0.0385409
5127 0.747398
5128 0.00405031
5129 0.00392152
5130 0.0822763
5131 0.163181
5132 0.136936
5133 0.0051474
5134 0.509832
5135 0.0301252
5136 0.273525
5137 0.0163238
5138 0.0422262
5139 0.697876
5140 0.0419524
5141 0.601977
5142 0.859656
5143 0.510057
5144 0.621964
5145 0.332407
5146 0.0343067
5147 0.579641
5148 0.196654
5149 0.376248
5150 0.48602
5151 0.0383399
5152 0.0508225
5153 0.657915
5154 0.615054
5155 0.538208
5156 0.618915
5157 0.770046
5158 0.557647
5159 0.545656
5160 0.424986
5161 0.611341
5162 0.537724
5163 0.651107
5164 0.0237521
5165 0.620074
5166 0.630077
5167 0.705677
5168 0.827445
5169 0.193032
5170 0.013917
5171 0.668784
5172 0.626935
5173 0.00390497
5174 0.735149
5175 0.054028
5176 0.59429
5177 0.602272
5178 0.641059
5179 0.590631
5180 0.660709
5181 0.0214227
5182 0.667233
5183 0.0286944
5184 0.671636
5185 0.61013
5186 0.532313
5187 0.639832
5188 0.0600702
5189 0.678092
5190 0.628705
5191 0.0363154
5192 0.622802
5193 0.657921
5194 0.629649
5195 0.624794
5196 0.800247
5197 0.0738625
5198 0.658946
5199 0.625402
5200 0.443775
5201 0.419725
5202 0.520503
5203 0.656161
5204 0.684609
5205 0.629294
5206 0.056808
5207 0.854479
5208 0.777929
5209 0.838879
5210 0.695745
5211 0.726657
5212 0.580041
5213 0.651522
5214 0.587925
5215 0.0604077
5216 0.65455
5217 0.660777
5218 0.629477
5219 0.695517
5220 0.710732
5221 0.944515
5222 0.0260133
5223 0.52051
5224 0.580462
5225 0.742864
5226 0.680284
5227 0.719862
5228 0.750587
5229 0.893864
5230 0.695323
5231 0.502944
5232 0.773437
5233 0.80225
5234 0.585931
5235 0.597616
5236 0.730582
5237 0.917296
5238 0.356574
5239 0.876206
5240 0.612847
5241 0.0244329
5242 0.00970564
5243 0.561386
5244 0.798426
5245 0.0330929
5246 0.61848
5247 0.0250961
5248 0.0316207
5249 0.0341388
5250 0.0250782
5251 0.0320549
5252 0.0328831
5253 0.0325422
5254 0.00205587
5255 0.000171088
5256 0.0480077
5257 0.0800432
5258 0.105851
5259 0.0331935
5260 0.301443
5261 0.0233908
5262 0.0467385
5263 0.686502
5264 0.309928
5265 0.031294
5266 0.0400417
5267 0.0279712
5268 0.511896
5269 0.00339344
5270 0.0241876
5271 0.772923
5272 0.134886
5273 0.651629
5274 0.128811
5275 0.023869
5276 0.00247708
5277 0.0398319
5278 0.0469042
5279 0.0464683
5280 0.0543165
5281 0.0220201
5282 0.67496
5283 0.661046
5284 0.0414777
5285 0.0406997
5286 0.094266
5287 0.651448
5288 0.440579
5289 0.0467347
5290 0.0408025
5291 0.17092
5292 0.0761267
5293 0.00500984
5294 0.0316489
5295 0.0222509
5296 0.0688747
5297 0.109591
5298 0.0613186
5299 0.0363438
5300 0.0484507
5301 0.0515813
5302 0.734024
5303 0.0508441
5304 0.0497171
5305 0.0574439
5306 0.00568832
5307 0.914381
5308 0.000395837
5309 0.0377249
5310 0.0116144
5311 0.0135731
5312 0.652931
5313 0.47879
5314 0.033665
5315 0.44838
5316 0.00766255
5317 0.86691
5318 0.669314
5319 0.725829
5320 0.642654
5321 0.0545672
5322 0.0106971
5323 0.0074789
5324 0.511543
5325 0.948748
5326 0.0629912
5327 0.850073
5328 0.122715
5329 0.646647
5330 0.652708
5331 0.00496114
5332 0.00649499
5333 0.0287431
5334 0.699847
5335 0.482059
5336 0.052017
5337 0.0569672
5338 0.0466805
5339 0.0206452
5340 0.0283704
5341 0.0234213
5342 0.0447111
5343 0.0315845
5344 0.0341465
5345 0.0391645
5346 0.0329728
5347 0.018241
5348 0.0663861
5349 0.0797627
5350 0.0775671
5351 0.0748798
5352 0.0377851
5353 0.0191326
5354 0.0231055
5355 0.0350891
5356 0.626271
5357 0.0300977
5358 0.00380569
5359 0.656959
5360 0.0371902
5361 0.0238651
5362 0.615635
5363 0.0230116
5364 0.572639
5365 0.0186825
5366 0.0222204
5367 0.0654475
5368 0.556497
5369 0.671132
5370 0.0104037
5371 0.105774
5372 0.202218
5373 0.0122983
5374 0.00188205
5375 0.053329
5376 0.0469906
5377 0.0333422
5378 0.0448602
5379 0.00349333
5380 0.0419733
5381 0.0317422
5382 0.0507101
5383 0.0384485
5384 0.0286204
5385 0.0168096
5386 0.030786
5387 0.0048189
5388 0.0304729
5389 0.617253
5390 0.0351239
5391 0.0139048
5392 0.0255969
5393 0.0252761
5394 0.0279096
5395 0.0198891
5396 0.0268486
5397 0.0325733
5398 0.00660991
5399 0.0496934
5400 0.0367122
5401 0.0744328
5402 0.101573
5403 0.641138
5404 0.6858
5405 0.29756
5406 0.743342
5407 0.499046
5408 0.770708
5409 0.518202
5410 0.0537484
5411 0.565469
5412 0.00346644
5413 0.300464
5414 0.664446
5415 0.0435194
5416 0.840013
5417 0.702666
5418 0.545146
5419 0.0342194
5420 0.0473854
5421 0.00565122
5422 0.26498
5423 0.402401
5424 0.301333
5425 0.590089
5426 0.047819
5427 0.619013
5428 0.744992
5429 0.651036
5430 0.0517864
5431 0.594963
5432 0.00770603
5433 0.779612
5434 0.657519
5435 0.0117819
5436 0.0121772
5437 0.00573684
5438 0.466591
5439 0.62485
5440 0.563743
5441 0.00503496
5442 0.00439669
5443 0.0327188
5444 0.328853
5445 0.434
5446 0.300815
5447 0.643353
5448 0.538716
5449 0.698661
5450 0.693381
5451 0.744484
5452 0.609183
5453 0.656973
5454 0.497205
5455 0.65625
5456 0.57242
5457 0.688133
5458 0.504276
5459 0.61149
5460 0.513132
5461 0.743755
5462 0.5615
5463 0.70978
5464 0.45504
5465 0.71665
5466 0.732255
5467 0.642552
5468 0.67688
5469 0.623946
5470 0.489
5471 0.507091
5472 0.60122
5473 0.00358111
5474 0.483018
5475 0.03012
5476 0.661689
5477 0.615185
5478 0.764986
5479 0.623582
5480 0.540629
5481 0.746455
5482 0.548651
5483 0.584378
5484 0.806487
5485 0.496205
5486 0.526073
5487 0.758985
5488 0.542705
5489 0.475147
5490 0.666889
5491 0.622535
5492 0.664022
5493 0.652019
5494 0.650857
5495 0.621305
5496 0.674754
5497 0.61782
5498 0.891117
5499 0.689207
5500 0.572184
5501 0.698362
5502 0.608721
5503 0.559704
5504 0.612079
5505 0.627426
5506 0.599421
5507 0.72824
5508 0.589073
5509 0.580661
5510 0.621613
5511 0.440876
5512 0.569067
5513 0.601615
5514 0.64242
5515 0.588719
5516 0.593172
5517 0.638208
5518 0.907461
5519 0.587642
5520 0.625961
5521 0.618768
5522 0.613704
5523 0.651683
5524 0.662787
5525 0.662363
5526 0.804032
5527 0.797518
5528 0.669662
5529 0.682975
5530 0.699706
5531 0.664299
5532 0.618821
5533 0.0235228
5534 0.729298
5535 0.614112
5536 0.734108
5537 0.713723
5538 0.0353442
5539 0.835861
5540 0.0730466
5541 0.408879
5542 0.852031
5543 0.490979
5544 0.71536
5545 0.337659
5546 0.716952
5547 0.797484
5548 0.669182
5549 0.949365
5550 0.639562
5551 0.0211978
5552 0.586739
5553 0.633504
5554 0.634019
5555 0.741862
5556 0.674638
5557 0.458714
5558 0.611035
5559 0.793103
5560 0.623928
5561 0.669216
5562 0.639275
5563 0.791252
5564 0.447276
5565 0.669841
5566 0.0220147
5567 0.627357
5568 0.655464
5569 0.753178
5570 0.755291
5571 0.666843
5572 0.00914184
5573 0.528053
5574 0.517916
5575 0.797236
5576 0.625885
5577 0.652727
5578 0.660704
5579 0.715731
5580 0.766717
5581 0.64716
5582 0.817239
5583 0.735786
5584 0.520533
5585 0.821371
5586 0.731852
5587 0.790494
5588 0.681759
5589 0.939727
5590 0.0209615
5591 0.697598
5592 0.918536
5593 0.661516
5594 0.771322
5595 0.706641
5596 0.746188
5597 0.0379423
5598 0.392453
5599 0.73585
5600 0.0435812
5601 0.00288436
5602 0.0274423
5603 0.038302
5604 0.680216
5605 0.155006
5606 0.0290156
5607 0.017288
5608 0.0277763
5609 0.213317
5610 0.0546806
5611 0.04521
5612 0.0438153
5613 0.0345063
5614 0.0423897
5615 0.049274
5616 0.0494155
5617 0.0490353
5618 0.0523804
5619 0.0165945
5620 0.000357606
5621 0.0135622
5622 0.0379047
5623 0.0235047
5624 0.0711657
5625 0.0441692
5626 0.555351
5627 0.0302263
5628 0.151087
5629 0.0934858
5630 0.0138825
5631 0.0223482
5632 0.545807
5633 0.0184339
5634 0.142704
5635 0.0201475
5636 0.0169128
5637 0.0252194
5638 0.00931212
5639 0.0184143
5640 0.0518578
5641 0.0264551
5642 0.0121772
5643 0.2509
5644 0.269268
5645 0.0172617
5646 0.0348357
5647 0.0119339
5648 0.0271084
5649 0.0288616
5650 0.569649
5651 0.0187817
5652 0.0355358
5653 0.0149938
5654 0.315603
5655 0.0489042
5656 0.000856524
5657 0.0136831
5658 0.0247329
5659 0.0127803
5660 0.00545577
5661 0.000804262
5662 0.0146025
5663 0.0379167
5664 0.0338439
5665 0.0294903
5666 0.0370537
5667 0.0412251
5668 0.0410857
5669 0.182064
5670 0.0258036
5671 0.58727
5672 0.363194
5673 0.0363268
5674 0.00311902
5675 0.0191006
5676 0.267287
5677 0.637235
5678 0.032023
5679 9.55177e-05
5680 0.00131005
5681 0.0139126
5682 0.0256313
5683 0.662763
5684 0.0242641
5685 0.0294951
5686 0.681956
5687 0.309861
5688 0.0193254
5689 0.751304
5690 0.0346199
5691 0.0338577
5692 0.415682
5693 0.615756
5694 0.0395136
5695 0.0231297
5696 0.0416024
5697 0.39715
5698 0.0104092
5699 0.0110478
5700 0.00619786
5701 0.486453
5702 0.0259989
5703 0.0186451
5704 0.681109
5705 0.174248
5706 0.011598
5707 0.524019
5708 0.00315415
5709 0.0234794
5710 0.00321961
5711 0.0247241
5712 0.0285597
5713 0.0326336
5714 0.571933
5715 0.0403034
5716 0.0341035
5717 0.0392802
5718 0.466693
5719 0.0350673
5720 0.201143
5721 0.102914
5722 0.0218326
5723 0.00187678
5724 0.012375
5725 0.0290254
5726 0.593502
5727 0.571321
5728 0.0258725
5729 0.709643
5730 0.00061669
5731 0.0283615
5732 0.0210952
5733 0.0422331
5734 0.0180391
5735 0.399928
5736 0.0401174
5737 0.146068
5738 0.0324529
5739 0.0412839
5740 0.0505392
5741 0.803376
5742 0.0308048
5743 0.0402081
5744 0.0541185
5745 0.0262411
5746 0.0291611
5747 0.31914
5748 0.0305329
5749 0.0244243
5750 0.0587991
5751 0.0203988
5752 0.000304692
5753 0.0156874
5754 0.0328093
5755 0.0285139
5756 0.0127355
5757 0.013596
5758 0.00661059
5759 0.0349556
5760 0.0147536
5761 0.0414596
5762 0.0520731
5763 0.0264858
5764 0.0154357
5765 0.145496
5766 0.0261842
5767 0.0136193
5768 0.0204833
5769 0.0211806
5770 0.0293976
5771 0.0423931
5772 0.016339
5773 0.561509
5774 0.148102
5775 0.0454504
5776 0.0487385
5777 0.163214
5778 0.0522081
5779 0.159313
5780 0.00148794
5781 0.00515171
5782 0.0030072
5783 0.0059992
5784 0.00405905
5785 0.60882
5786 0.0228992
5787 0.0395727
5788 0.00428648
5789 0.0427701
5790 0.0413511
5791 0.045551
5792 0.0157397
5793 0.0403267
5794 0.241652
5795 0.00341291
5796 0.0166048
5797 0.112887
5798 0.0382202
5799 0.000752571
5800 0.0369738
5801 0.00280001
5802 0.0453036
5803 0.00496426
5804 0.0819445
5805 0.0823355
5806 0.020285
5807 0.551238
5808 0.0666124
5809 0.00904719
5810 0.0198934
5811 0.0291993
5812 0.0027483
5813 0.0317726
5814 0.0683536
5815 0.0249028
5816 0.112075
5817 0.764599
5818 0.0397723
5819 0.0226639
5820 0.0116145
5821 0.0362181
5822 0.0110236
5823 0.0177145
5824 0.0301671
5825 0.0125869
5826 0.240707
5827 0.0187244
5828 0.0193345
5829 0.118431
5830 0.0323022
5831 0.00830314
5832 0.0262964
5833 0.0641719
5834 0.00397929
5835 0.0268606
5836 0.0246692
5837 0.0201968
5838 0.0378938
5839 0.00522066
5840 0.0136535
5841 0.0400824
5842 0.756618
5843 0.029263
5844 0.0192499
5845 0.0234975
5846 0.0184438
5847 0.0891168
5848 0.0417729
5849 0.00880178
5850 0.016656
5851 0.00964844
5852 0.00267443
5853 0.020092
5854 0.0408837
5855 0.0334301
5856 0.0046036
5857 0.000288075
5858 0.0181125
5859 0.0265751
5860 0.0230466
5861 0.0420486
5862 0.0578142
5863 0.0134235
5864 0.523869
5865 0.740131
5866 0.205862
5867 0.0155947
5868 0.00944998
5869 0.488963
5870 0.0212246
5871 0.739596
5872 0.0339048
5873 0.00053463
5874 0.493143
5875 0.189574
5876 0.364019
5877 0.625248
5878 0.00691698
5879 0.696197
5880 0.745291
5881 0.765941
5882 0.589112
5883 0.21415
5884 0.839273
5885 0.0879965
5886 0.6332
5887 0.0368758
5888 0.0362032
5889 0.000103218
5890 0.346399
5891 0.0662513
5892 0.0795569
5893 0.0655564
5894 0.57256
5895 0.000620837
5896 0.86688
5897 0.0314913
5898 0.0232986
5899 0.0183631
5900 0.753136
5901 0.0226457
5902 0.0399509
5903 0.896172
5904 0.383094
5905 0.0443666
5906 0.0381058
5907 0.367811
5908 0.951421
5909 0.0498605
5910 0.0588476
5911 0.0841573
5912 0.0493372
5913 0.0442075
5914 0.0416015
5915 0.798742
5916 0.399226
5917 0.756305
5918 0.4413
5919 0.418541
5920 0.678541
5921 0.0462994
5922 0.156885
5923 0.852118
5924 0.280723
5925 0.691561
5926 0.0244355
5927 0.472037
5928 0.0170804
5929 0.0580616
5930 0.0281239
5931 0.0119293
5932 0.0765461
5933 0.697939
5934 0.928647
5935 0.691622
5936 0.718301
5937 0.693352
5938 0.10521
5939 0.591933
5940 0.837054
5941 0.908099
5942 0.0285122
5943 0.667682
5944 0.590634
5945 0.0455722
5946 0.0520281
5947 0.0330944
5948 0.0639169
5949 0.967016
5950 0.920999
5951 0.0120609
5952 0.0355481
5953 0.541001
5954 0.477726
5955 0.879558
5956 0.611517
5957 0.729306
5958 0.0100424
5959 0.114275
5960 0.491768
5961 0.461302
5962 0.0361218
5963 0.0828384
5964 0.0488403
5965 0.761306
5966 0.760715
5967 0.0569879
5968 0.0321139
5969 0.0112318
5970 0.000564552
5971 0.00475981
5972 0.00512103
5973 0.00644828
5974 0.707449
5975 0.0387387
5976 0.582971
5977 0.412364
5978 0.264181
5979 0.715233
5980 0.756092
5981 0.626203
5982 0.669863
5983 0.644551
5984 0.63351
5985 0.0238328
5986 0.534797
5987 0.548354
5988 0.031827
5989 0.283695
5990 0.000478836
5991 0.744548
5992 0.759086
5993 0.0378112
5994 0.561544
5995 0.643358
5996 0.0345142
5997 0.64559
5998 0.0366582
5999 0.553386
6000 0.000361287
6001 0.607966
6002 0.0258757
6003 0.0199479
6004 0.0438395
6005 0.0544749
6006 0.0295822
6007 0.182481
6008 0.0463801
6009 0.0211932
6010 0.0192423
6011 0.0233437
6012 0.0394536
6013 0.0219359
6014 0.0190035
6015 0.000697157
6016 0.0188115
6017 0.0362863
6018 0.543632
6019 0.0456788
6020 0.00582378
6021 0.342624
6022 0.00024984
6023 0.673958
6024 0.00469159
6025 0.0215651
6026 0.533859
6027 0.675387
6028 0.755845
6029 0.0498981
6030 0.274611
6031 0.0319863
6032 0.000571858
6033 0.766765
6034 0.887767
6035 0.408355
6036 0.159933
6037 0.311096
6038 0.470674
6039 0.773518
6040 0.012066
6041 0.00373103
6042 0.582332
6043 0.0974114
6044 0.474872
6045 0.653006
6046 0.707132
6047 0.437645
6048 0.539896
6049 0.658076
6050 0.00942411
6051 0.030601
6052 0.0445737
6053 0.0202322
6054 0.00952339
6055 0.00344049
6056 0.0218909
6057 0.0406612
6058 0.0126262
6059 0.0257854
6060 0.0017722
6061 0.0314116
6062 0.0188511
6063 0.0686262
6064 0.0414917
6065 0.019648
6066 0.0010924
6067 0.0193162
6068 0.429563
6069 0.298128
6070 0.0105633
6071 0.570654
6072 0.791385
6073 0.902632
6074 0.472627
6075 0.0245818
6076 0.635002
6077 0.0859627
6078 0.0472485
6079 0.749992
6080 0.00571319
6081 0.0308286
6082 0.885812
6083 0.0874514
6084 0.592105
6085 0.0471555
6086 0.000511608
6087 0.0169884
6088 0.475899
6089 0.0354012
6090 0.836146
6091 0.797311
6092 0.00434176
6093 0.0226633
6094 0.0192852
6095 0.0290637
6096 0.0263799
6097 0.01429
6098 0.879466
6099 0.0350663
6100 0.0127881
6101 0.0108922
6102 0.600526
6103 0.0531661
6104 0.0139098
6105 0.0273252
6106 0.811548
6107 0.65973
6108 0.0128773
6109 0.0411466
6110 0.023944
6111 0.00258089
6112 0.618511
6113 0.0240052
6114 4.06535e-05
6115 0.0208731
6116 0.0432975
6117 0.0490773
6118 0.0277838
6119 0.0207293
6120 0.00203018
6121 0.00269722
6122 0.0415404
6123 0.602629
6124 0.653723
6125 0.535347
6126 0.543497
6127 0.0277632
6128 0.720099
6129 0.023755
6130 0.0300816
6131 0.450854
6132 0.0497698
6133 0.148084
6134 0.28387
6135 0.582654
6136 0.59628
6137 0.682116
6138 0.755163
6139 0.626932
6140 0.586531
6141 0.0528483
6142 0.00671908
6143 0.650306
6144 0.543145
6145 0.851379
6146 0.384187
6147 0.514304
6148 0.737282
6149 0.765828
6150 0.681953
6151 0.867522
6152 0.0334348
6153 0.0341534
6154 0.315603
6155 0.704955
6156 0.674746
6157 0.725918
6158 0.415802
6159 0.703832
6160 0.820931
6161 0.0225689
6162 0.453641
6163 0.384986
6164 0.000410277
6165 0.755212
6166 0.551718
6167 0.62294
6168 0.796583
6169 0.406375
6170 0.513555
6171 0.0305934
6172 0.717565
6173 0.386862
6174 0.2891
6175 0.709132
6176 0.525969
6177 0.702952
6178 0.66755
6179 0.564763
6180 0.47682
6181 0.753232
6182 0.728972
6183 0.725946
6184 0.668033
6185 0.32117
6186 0.00201727
6187 0.0217447
6188 0.0288527
6189 0.0174404
6190 0.0256553
6191 0.0154654
6192 0.0636277
6193 0.0200954
6194 0.0165381
6195 0.00562702
6196 0.0346367
6197 0.024124
6198 0.0339361
6199 0.0155567
6200 0.0178499
6201 0.0353409
6202 0.0493758
6203 0.0473399
6204 0.0270692
6205 0.0328523
6206 0.00388063
6207 0.000155616
6208 0.0065442
6209 0.0239775
6210 0.0667427
6211 0.0148421
6212 0.020528
6213 0.0111431
6214 0.0281071
6215 0.0485196
6216 0.0114213
6217 0.014095
6218 0.0325486
6219 0.0178664
6220 0.0136722
6221 0.0313203
6222 0.0332954
6223 0.0314942
6224 0.0483613
6225 0.0280245
6226 0.0330613
6227 0.0277481
6228 0.0401143
6229 0.00856051
6230 0.00111245
6231 0.0297688
6232 0.0502379
6233 0.027867
6234 0.0208567
6235 0.015692
6236 0.0218937
6237 0.0191841
6238 0.0246801
6239 0.037253
6240 0.030696
6241 0.0515423
6242 0.000524478
6243 0.00610575
6244 0.0057465
6245 0.0160323
6246 4.40772e-05
6247 0.0120938
6248 0.0429278
6249 0.0776176
6250 0.0265145
6251 0.0278054
6252 0.00532952
6253 0.00263066
6254 0.016429
6255 0.0188348
6256 0.021463
6257 0.0250588
6258 0.0322808
6259 0.0299633
6260 0.0414272
6261 0.00322933
6262 0.0242297
6263 0.00355733
6264 0.0402526
6265 0.0140739
6266 0.0132338
6267 0.00632814
6268 0.0402272
6269 0.0389769
6270 0.00904375
6271 0.0240006
6272 0.0150592
6273 0.000940867
6274 0.0074409
6275 0.036792
6276 0.0117952
6277 5.78028e-05
6278 0.000514619
6279 0.0253085
6280 0.0138112
6281 0.0267209
6282 0.0006073
6283 0.0265863
6284 0.0119239
6285 0.0247511
6286 0.0732772
6287 0.00721074
6288 6.12068e-05
6289 0.0110245
6290 0.461117
6291 0.000421603
6292 0.00742966
6293 0.436632
6294 0.00720494
6295 0.00891282
6296 0.0360677
6297 0.0193998
6298 0.0224868
6299 0.0245085
6300 0.033467
6301 0.014202
6302 0.00615446
6303 0.0391257
6304 0.0294426
6305 0.0805562
6306 0.0500791
6307 0.0795385
6308 0.0698161
6309 0.0258257
6310 0.0143715
6311 0.00164669
6312 0.022495
6313 0.0268611
6314 0.0433846
6315 0.0019345
6316 0.0436097
6317 0.0225901
6318 0.0304139
6319 0.00692945
6320 0.0651247
6321 0.0499191
6322 0.0101527
6323 0.00108557
6324 0.00247996
6325 0.0111577
6326 0.0305633
6327 0.0135994
6328 0.0327007
6329 0.0120629
6330 0.01463
6331 0.0227647
6332 0.0227527
6333 0.00630322
6334 0.0301559
6335 0.0239557
6336 0.0343716
6337 0.0158113
6338 0.071985
6339 0.00620919
6340 0.0093021
6341 0.00758555
6342 0.0326636
6343 0.0302325
6344 0.0236078
6345 0.0495395
6346 0.00206817
6347 0.0285516
6348 0.0338177
6349 0.00317482
6350 0.0325883
6351 0.0286409
6352 0.0317434
6353 0.0308383
6354 0.0353477
6355 0.685118
6356 0.67873
6357 0.816975
6358 0.8399
6359 0.735042
6360 0.797908
6361 0.370102
6362 0.708893
6363 0.591849
6364 0.68341
6365 0.687285
6366 0.68894
6367 0.941584
6368 0.783147
6369 0.257401
6370 0.879855
6371 0.406756
6372 0.630669
6373 0.967957
6374 0.752706
6375 0.469772
6376 0.678034
6377 0.724152
6378 0.0169031
6379 0.37256
6380 0.638179
6381 0.672123
6382 0.486491
6383 0.619142
6384 0.583332
6385 0.453967
6386 0.616415
6387 0.625292
6388 0.576003
6389 0.752009
6390 0.875262
6391 0.630244
6392 0.708944
6393 0.655666
6394 0.631821
6395 0.839557
6396 0.206332
6397 0.361138
6398 0.0215839
6399 0.0453798
6400 0.794755
6401 0.660041
6402 0.654654
6403 0.652353
6404 0.600078
6405 0.508371
6406 0.583343
6407 0.43764
6408 0.832251
6409 0.0341305
6410 0.032634
6411 0.000419991
6412 0.0265991
6413 0.0059305
6414 0.0212342
6415 0.00756513
6416 0.0184201
6417 0.0233767
6418 0.000707638
6419 0.0154412
6420 0.0344157
6421 0.00884097
6422 0.000714008
6423 0.0394315
6424 0.0371361
6425 0.0115572
6426 0.0206517
6427 0.020944
6428 0.00141441
6429 0.0187696
6430 0.0110188
6431 0.0326593
6432 0.101968
6433 0.054504
6434 0.055404
6435 0.0353752
6436 0.0300841
6437 0.0216525
6438 0.0109561
6439 0.0109596
6440 0.0307287
6441 0.0209732
6442 0.0108455
6443 0.0109638
6444 0.00270905
6445 0.000124658
6446 0.0299775
6447 0.000492442
6448 0.0232886
6449 0.00427022
6450 0.000467337
6451 0.473383
6452 0.84378
6453 0.752331
6454 0.582078
6455 0.591921
6456 0.68958
6457 0.552354
6458 0.411697
6459 0.662919
6460 0.50629
6461 0.601249
6462 0.941746
6463 0.70444
6464 0.449491
6465 0.902705
6466 0.48252
6467 0.599886
6468 0.34788
6469 0.853993
6470 0.838832
6471 0.881898
6472 0.846013
6473 0.707383
6474 0.753139
6475 0.530785
6476 0.529186
6477 0.778039
6478 0.856644
6479 0.771361
6480 0.699037
6481 0.772805
6482 0.558304
6483 0.890511
6484 0.647129
6485 0.671264
6486 0.373224
6487 0.687993
6488 0.536997
6489 0.818503
6490 0.727449
6491 0.558755
6492 0.661597
6493 0.76098
6494 0.767826
6495 0.631534
6496 0.76669
6497 0.685314
6498 0.172647
6499 0.333403
6500 0.592551
6501 0.558588
6502 0.0301892
6503 0.0423017
6504 0.51111
6505 0.304362
6506 0.682164
6507 0.812592
6508 0.703017
6509 0.533577
6510 0.874741
6511 0.679943
6512 0.719679
6513 0.859939
6514 0.801358
6515 0.760456
6516 0.602887
6517 0.799247
6518 0.724416
6519 0.756948
6520 0.694552
6521 0.44771
6522 0.751798
6523 0.690382
6524 0.754588
6525 0.894766
6526 0.561204
6527 0.689755
6528 0.847493
6529 0.718045
6530 0.251755
6531 0.765796
6532 0.782325
6533 0.626539
6534 0.816717
6535 0.07588
6536 0.128865
6537 0.326838
6538 0.596101
6539 0.0980451
6540 0.743919
6541 0.648612
6542 0.663454
6543 0.671742
6544 0.845895
6545 0.876144
6546 0.622118
6547 0.815205
6548 0.627148
6549 0.7539
6550 0.58247
6551 0.483955
6552 0.749507
6553 0.684311
6554 0.180179
6555 0.560215
6556 0.780126
6557 0.739323
6558 0.552202
6559 0.583093
6560 0.0465069
6561 0.727344
6562 0.496051
6563 0.859079
6564 0.709905
6565 0.684591
6566 0.597302
6567 0.673118
6568 0.821595
6569 0.807052
6570 0.614428
6571 0.676085
6572 0.498579
6573 0.456216
6574 0.642165
6575 0.0142859
6576 0.690488
6577 0.512779
6578 0.629417
6579 0.0245928
6580 0.811861
6581 0.559844
6582 0.738002
6583 0.726767
6584 0.707508
6585 0.787143
6586 0.720646
6587 0.853728
6588 0.893892
6589 0.803897
6590 0.682074
6591 0.471005
6592 0.725218
6593 0.77223
6594 0.541483
6595 0.7763
6596 0.064784
6597 0.741692
6598 0.79377
6599 0.838565
6600 0.750503
6601 0.757091
6602 0.904687
6603 0.817138
6604 0.690027
6605 0.714095
6606 0.752679
6607 0.848136
6608 0.700642
6609 0.400773
6610 0.741143
6611 0.889193
6612 0.809237
6613 0.590415
6614 0.670387
6615 0.691981
6616 0.613863
6617 0.435973
6618 0.363376
6619 0.625335
6620 0.573092
6621 0.0140712
6622 0.792931
6623 0.905049
6624 0.922355
6625 0.61959
6626 0.722364
6627 0.832757
6628 0.701481
6629 0.477058
6630 0.00261018
6631 0.662509
6632 0.697872
6633 0.545697
6634 0.661308
6635 0.00379676
6636 0.165556
6637 0.115366
6638 0.683097
6639 0.568573
6640 0.901994
6641 0.122081
6642 0.55598
6643 0.198349
6644 0.213141
6645 0.744766
6646 0.640027
6647 0.675376
6648 0.788555
6649 0.815184
6650 0.46954
6651 0.572043
6652 0.549846
6653 0.248163
6654 0.870087
6655 0.547536
6656 0.402742
6657 0.862292
6658 0.667595
6659 0.609241
6660 0.719167
6661 0.816724
6662 0.829199
6663 0.916793
6664 0.541659
6665 0.459178
6666 0.533787
6667 0.36433
6668 0.00336572
6669 0.523856
6670 0.911912
6671 0.745502
6672 0.723842
6673 0.898098
6674 0.808523
6675 0.626139
6676 0.615923
6677 0.785578
6678 0.585574
6679 0.916181
6680 0.598326
6681 0.883925
6682 0.793323
6683 0.565091
6684 0.884854
6685 0.717148
6686 0.854416
6687 0.978155
6688 0.823952
6689 0.678773
6690 0.585905
6691 0.912488
6692 0.813228
6693 0.655496
6694 0.657386
6695 0.666814
6696 0.632193
6697 0.542291
6698 0.809598
6699 0.449322
6700 0.813147
6701 0.559412
6702 0.681183
6703 0.512438
6704 0.546842
6705 0.810853
6706 0.6076
6707 0.444946
6708 0.820526
6709 0.758655
6710 0.713939
6711 0.766343
6712 0.679155
6713 0.309205
6714 0.790902
6715 0.465962
6716 0.533064
6717 0.965233
6718 0.638232
6719 0.566221
6720 0.701307
6721 0.938281
6722 0.761496
6723 0.695557
6724 0.715178
6725 0.770531
6726 0.716217
6727 0.807651
6728 0.61811
6729 0.616192
6730 0.777871
6731 0.914007
6732 0.65123
6733 0.357645
6734 0.810903
6735 0.581832
6736 0.413419
6737 0.90006
6738 0.959773
6739 0.662333
6740 0.830915
6741 0.795918
6742 0.885428
6743 0.590783
6744 0.872172
6745 0.866027
6746 0.909154
6747 0.823004
6748 0.711961
6749 0.0938691
6750 0.793295
6751 0.810564
6752 0.578042
6753 0.868792
6754 0.857666
6755 0.783746
6756 0.00391049
6757 0.913114
6758 0.611158
6759 0.874972
6760 0.514987
6761 0.780133
6762 0.698388
6763 0.225033
6764 0.845751
6765 0.785196
6766 0.409225
6767 0.460101
6768 0.438072
6769 0.368678
6770 0.00268962
6771 0.62313
6772 0.745309
6773 0.599602
6774 0.781517
6775 0.263784
6776 0.78625
6777 0.45494
6778 0.593873
6779 0.710174
6780 0.98497
6781 0.642812
6782 0.703224
6783 0.892604
6784 0.941249
6785 0.732487
6786 0.777685
6787 0.78047
6788 0.879389
6789 0.450684
6790 0.722103
6791 0.669328
6792 0.618659
6793 0.622316
6794 0.77742
6795 0.683274
6796 0.768007
6797 0.532632
6798 0.572689
6799 0.736113
6800 0.612237
6801 0.387436
6802 0.434779
6803 0.681519
6804 0.529188
6805 0.685289
6806 0.52054
6807 0.708201
6808 0.971265
6809 0.705247
6810 0.751227
6811 0.163004
6812 0.346384
6813 0.641772
6814 0.695425
6815 0.771209
6816 0.581381
6817 0.713653
6818 0.00769707
6819 0.63221
6820 0.689767
6821 0.615757
6822 0.403329
6823 0.671388
6824 0.528784
6825 0.749248
6826 0.536284
6827 0.737098
6828 0.00515863
6829 0.408534
6830 0.0379182
6831 0.665681
6832 0.738252
6833 0.621818
6834 0.362978
6835 0.890669
6836 0.676848
6837 0.430485
6838 0.567626
6839 0.871517
6840 0.0894949
6841 0.744114
6842 0.613837
6843 0.760608
6844 0.85156
6845 0.631316
6846 0.855516
6847 0.414982
6848 0.697097
6849 0.581112
6850 0.526636
6851 0.829185
6852 0.781503
6853 0.550122
6854 0.728814
6855 0.716291
6856 0.740269
6857 0.860929
6858 0.26171
6859 0.533957
6860 0.772477
6861 0.597673
6862 0.0426435
6863 0.559828
6864 0.631661
6865 0.954352
6866 0.681926
6867 0.620877
6868 0.626188
6869 0.868972
6870 0.364833
6871 0.66335
6872 0.632066
6873 0.614775
6874 0.782467
6875 0.508151
6876 0.668102
6877 0.627641
6878 0.781596
6879 0.695895
6880 0.632953
6881 0.87244
6882 0.604491
6883 0.932903
6884 0.708194
6885 0.71772
6886 0.769644
6887 0.578312
6888 0.706397
6889 0.753967
6890 0.887596
6891 0.842461
6892 0.530717
6893 0.659982
6894 0.550329
6895 0.820426
6896 0.827586
6897 0.613749
6898 0.77634
6899 0.561566
6900 0.762447
6901 0.747284
6902 0.68597
6903 0.680285
6904 0.693249
6905 0.822495
6906 0.618474
6907 0.690686
6908 0.704421
6909 0.885868
6910 0.709914
6911 0.704709
6912 0.655038
6913 0.619247
6914 0.627352
6915 0.823119
6916 0.821717
6917 0.633543
6918 0.616245
6919 0.702803
6920 0.753131
6921 0.93014
6922 0.917925
6923 0.379973
6924 0.87121
6925 0.92893
6926 0.330408
6927 0.806064
6928 0.677967
6929 0.567472
6930 0.663458
6931 0.930407
6932 0.74418
6933 0.770754
6934 0.944072
6935 0.5928
6936 0.756312
6937 0.722705
6938 0.657561
6939 0.740327
6940 0.502669
6941 0.648341
6942 0.47132
6943 0.704978
6944 0.6667
6945 0.522286
6946 0.612484
6947 0.657335
6948 0.776546
6949 0.830108
6950 0.842062
6951 0.492442
6952 0.582896
6953 0.603916
6954 0.609995
6955 0.779147
6956 0.584037
6957 0.852558
6958 0.517778
6959 0.62278
6960 0.682977
6961 0.811995
6962 0.664048
6963 0.402543
6964 0.505569
6965 0.877385
6966 0.780743
6967 0.772262
6968 0.628343
6969 0.574219
6970 0.868494
6971 0.768626
6972 0.741823
6973 0.650324
6974 0.788854
6975 0.864774
6976 0.627725
6977 0.525904
6978 0.799881
6979 0.679702
6980 0.570635
6981 0.559562
6982 0.690442
6983 0.632259
6984 0.802795
6985 0.654093
6986 0.327932
6987 0.516247
6988 0.502891
6989 0.557148
6990 0.747654
6991 0.608764
6992 0.766858
6993 0.616991
6994 0.741063
6995 0.66579
6996 0.542794
6997 0.824997
6998 0.654744
6999 0.681146
7000 0.711745
7001 0.506104
7002 0.756573
7003 0.481196
7004 0.676853
7005 0.753608
7006 0.346631
7007 0.657506
7008 0.672193
7009 0.808982
7010 0.565142
7011 0.510669
7012 0.78239
7013 0.906134
7014 0.15983
7015 0.540979
7016 0.649157
7017 0.739873
7018 0.815367
7019 0.755279
7020 0.637353
7021 0.601072
7022 0.881929
7023 0.628848
7024 0.57333
7025 0.583944
7026 0.432509
7027 0.570635
7028 0.638284
7029 0.67018
7030 0.0318652
7031 0.806566
7032 0.636335
7033 0.947247
7034 0.503262
7035 0.407879
7036 0.825116
7037 0.787051
7038 0.843942
7039 0.553123
7040 0.706619
7041 0.726558
7042 0.495947
7043 0.545414
7044 0.639994
7045 0.878463
7046 0.634396
7047 0.605893
7048 0.0380749
7049 0.587236
7050 0.904827
7051 0.721367
7052 0.696858
7053 0.777624
7054 0.31003
7055 0.645359
7056 0.152793
7057 0.656345
7058 0.120779
7059 0.765211
7060 0.593452
7061 0.76212
7062 0.827519
7063 0.734148
7064 0.501837
7065 0.501884
7066 0.904399
7067 0.851721
7068 0.662844
7069 0.779006
7070 0.792675
7071 0.70593
7072 0.525595
7073 0.610322
7074 0.461411
7075 0.514161
7076 0.0692368
7077 0.0118824
7078 0.920679
7079 0.556336
7080 0.33475
7081 0.629731
7082 0.327013
7083 0.483681
7084 0.650835
7085 0.628787
7086 0.731132
7087 0.754227
7088 0.808652
7089 0.874722
7090 0.05032
7091 0.560864
7092 0.560323
7093 0.65989
7094 0.675141
7095 0.625001
7096 0.622538
7097 0.815243
7098 0.707993
7099 0.63343
7100 0.634438
7101 0.605874
7102 0.602062
7103 0.864576
7104 0.806424
7105 0.633398
7106 0.65754
7107 0.635901
7108 0.630469
7109 0.672268
7110 0.603883
7111 0.543255
7112 0.253455
7113 0.634432
7114 0.569651
7115 0.706094
7116 0.717204
7117 0.684713
7118 0.717701
7119 0.456166
7120 0.656478
7121 0.553471
7122 0.573369
7123 0.6334
7124 0.581217
7125 0.126613
7126 0.643423
7127 0.704642
7128 0.721758
7129 0.48143
7130 0.661742
7131 0.737751
7132 0.723172
7133 0.766317
7134 0.798957
7135 0.693351
7136 0.668024
7137 0.53195
7138 0.846225
7139 0.755803
7140 0.574271
7141 0.903756
7142 0.694027
7143 0.650067
7144 0.701821
7145 0.631022
7146 0.675441
7147 0.76362
7148 0.737822
7149 0.552891
7150 0.875392
7151 0.770016
7152 0.873212
7153 0.554428
7154 0.583128
7155 0.722523
7156 0.880575
7157 0.919543
7158 0.655896
7159 0.722705
7160 0.710141
7161 0.763394
7162 0.716095
7163 0.62934
7164 0.614457
7165 0.795297
7166 0.640316
7167 0.890603
7168 0.563886
7169 0.784192
7170 0.753869
7171 0.616792
7172 0.678918
7173 0.757146
7174 0.76563
7175 0.732021
7176 0.903114
7177 0.677875
7178 0.587699
7179 0.599948
7180 0.794252
7181 0.695204
7182 0.750765
7183 0.645183
7184 0.898275
7185 0.798741
7186 0.714635
7187 0.630399
7188 0.704818
7189 0.75678
7190 0.675745
7191 0.702829
7192 0.863911
7193 0.496231
7194 0.55079
7195 0.675828
7196 0.750486
7197 0.610969
7198 0.786164
7199 0.677322
7200 0.766602
7201 0.535842
7202 0.735139
7203 0.686897
7204 0.548159
7205 0.631047
7206 0.601368
7207 0.872672
7208 0.706747
7209 0.818044
7210 0.565227
7211 0.463485
7212 0.503469
7213 0.0283839
7214 0.102641
7215 0.629725
7216 0.690349
7217 0.749509
7218 0.383022
7219 0.609673
7220 0.500027
7221 0.053603
7222 0.660145
7223 0.712651
7224 0.689013
7225 0.445485
7226 0.0624597
7227 0.0105559
7228 0.386994
7229 0.793499
7230 0.508062
7231 0.439063
7232 0.467692
7233 0.0903633
7234 0.759242
7235 0.101995
7236 0.0541808
7237 0.364091
7238 0.398209
7239 0.406273
7240 0.45289
7241 0.938622
7242 0.705832
7243 0.857463
7244 0.860889
7245 0.666385
7246 0.624679
7247 0.849777
7248 0.648119
7249 0.640476
7250 0.59394
7251 0.765347
7252 0.659853
7253 0.863912
7254 0.62101
7255 0.312838
7256 0.612805
7257 0.568849
7258 0.656434
7259 0.74824
7260 0.86514
7261 0.502151
7262 0.866761
7263 0.654449
7264 0.637787
7265 0.839209
7266 0.810398
7267 0.789029
7268 0.454877
7269 0.796444
7270 0.835943
7271 0.667219
7272 0.767738
7273 0.715923
7274 0.768108
7275 0.685374
7276 0.779701
7277 0.726795
7278 0.690997
7279 0.661538
7280 0.611714
7281 0.758404
7282 0.820408
7283 0.345767
7284 0.550276
7285 0.683546
7286 0.843024
7287 0.658975
7288 0.735839
7289 0.685945
7290 0.968505
7291 0.763508
7292 0.857127
7293 0.848471
7294 0.490403
7295 0.729882
7296 0.609351
7297 0.848692
7298 0.72711
7299 0.822033
7300 0.449131
7301 0.939717
7302 0.728193
7303 0.553851
7304 0.714834
7305 0.883702
7306 0.745212
7307 0.879947
7308 0.645848
7309 0.846749
7310 0.84805
7311 0.765824
7312 0.0189805
7313 0.784496
7314 0.765489
7315 0.85153
7316 0.696222
7317 0.698788
7318 0.800402
7319 0.851925
7320 0.262277
7321 0.837028
7322 0.440763
7323 0.87202
7324 0.545194
7325 0.906789
7326 0.728062
7327 0.0607447
7328 0.0133525
7329 0.462042
7330 0.501742
7331 0.479412
7332 0.606769
7333 0.798183
7334 0.664861
7335 0.405698
7336 0.421722
7337 0.814292
7338 0.865829
7339 0.504036
7340 0.489899
7341 0.796524
7342 0.420377
7343 0.538277
7344 0.437735
7345 0.645283
7346 0.940268
7347 0.643314
7348 0.565755
7349 0.733079
7350 0.713051
7351 0.545603
7352 0.529277
7353 0.681813
7354 0.728821
7355 0.87531
7356 0.787733
7357 0.573195
7358 0.955728
7359 0.792663
7360 0.442111
7361 0.875484
7362 0.469024
7363 0.756667
7364 0.580752
7365 0.561839
7366 0.837972
7367 0.987225
7368 0.760314
7369 0.822527
7370 0.699093
7371 0.858956
7372 0.898377
7373 0.78031
7374 0.0834624
7375 0.830544
7376 0.39125
7377 0.530664
7378 0.799553
7379 0.574279
7380 0.600387
7381 0.623016
7382 0.81481
7383 0.780036
7384 0.581148
7385 0.940369
7386 0.754914
7387 0.826602
7388 0.742343
7389 0.887979
7390 0.312148
7391 0.383126
7392 0.771795
7393 0.618567
7394 0.376389
7395 0.829761
7396 0.780641
7397 0.774734
7398 0.47837
7399 0.520277
7400 0.72551
7401 0.581523
7402 0.572324
7403 0.58906
7404 0.635375
7405 0.637853
7406 0.902732
7407 0.87641
7408 0.83799
7409 0.690522
7410 0.913265
7411 0.639176
7412 0.737233
7413 0.718626
7414 0.271078
7415 0.808547
7416 0.678397
7417 0.443515
7418 0.352559
7419 0.459247
7420 0.582186
7421 0.398495
7422 0.599634
7423 0.562953
7424 0.77718
7425 0.650386
7426 0.61882
7427 0.546356
7428 0.548052
7429 0.868696
7430 0.493767
7431 0.289792
7432 0.0578643
7433 0.514783
7434 0.30357
7435 0.911066
7436 0.708943
7437 0.529077
7438 0.122639
7439 0.59736
7440 0.837914
7441 0.0805946
7442 0.319246
7443 0.733313
7444 0.582845
7445 0.880165
7446 0.670185
7447 0.406372
7448 0.687071
7449 0.563635
7450 0.542086
7451 0.683619
7452 0.601273
7453 0.9234
7454 0.68844
7455 0.963409
7456 0.20001
7457 0.905297
7458 0.684752
7459 0.620552
7460 0.774774
7461 0.7937
7462 0.894961
7463 0.311697
7464 0.928945
7465 0.81802
7466 0.72317
7467 0.652557
7468 0.675512
7469 0.80776
7470 0.748967
7471 0.817859
7472 0.700945
7473 0.4925
7474 0.879085
7475 0.792074
7476 0.653494
7477 0.781314
7478 0.238645
7479 0.597671
7480 0.87903
7481 0.683608
7482 0.791184
7483 0.0764461
7484 0.863938
7485 0.742005
7486 0.683614
7487 0.388452
7488 0.0509408
7489 0.60196
7490 0.625539
7491 0.769772
7492 0.841535
7493 0.839566
7494 0.643459
7495 0.887603
7496 0.602556
7497 0.563547
7498 0.760614
7499 0.512637
7500 0.699687
7501 0.634589
7502 0.797968
7503 0.806403
7504 0.687336
7505 0.633614
7506 0.842358
7507 0.82442
7508 0.824557
7509 0.894485
7510 0.862261
7511 0.607804
7512 0.808042
7513 0.815782
7514 0.834062
7515 0.942704
7516 0.699212
7517 0.742006
7518 0.850889
7519 0.589387
7520 0.531633
7521 0.602378
7522 0.334592
7523 0.60765
7524 0.745184
7525 0.835312
7526 0.634883
7527 0.83323
7528 0.594479
7529 0.748369
7530 0.873326
7531 0.846898
7532 0.65523
7533 0.566522
7534 0.735155
7535 0.806211
7536 0.647761
7537 0.549833
7538 0.520182
7539 0.575359
7540 0.718152
7541 0.756703
7542 0.846561
7543 0.639435
7544 0.544872
7545 0.548139
7546 0.700901
7547 0.520991
7548 0.328933
7549 0.920037
7550 0.921332
7551 0.643628
7552 0.184675
7553 0.847261
7554 0.805934
7555 0.511399
7556 0.796319
7557 0.803664
7558 0.60346
7559 0.970296
7560 0.673743
7561 0.661615
7562 0.797607
7563 0.599759
7564 0.475997
7565 0.684184
7566 0.801514
7567 0.828906
7568 0.740968
7569 0.498658
7570 0.575682
7571 0.397813
7572 0.407658
7573 0.829868
7574 0.467162
7575 0.68605
7576 0.679251
7577 0.506348
7578 0.586406
7579 0.668625
7580 0.531146
7581 0.75666
7582 0.564645
7583 0.231958
7584 0.483703
7585 0.631917
7586 0.276452
7587 0.55642
7588 0.689632
7589 0.917121
7590 0.872643
7591 0.58984
7592 0.634556
7593 0.931846
7594 0.801023
7595 0.883649
7596 0.669366
7597 0.749958
7598 0.746934
7599 0.762385
7600 0.62997
7601 0.647106
7602 0.561704
7603 0.726881
7604 0.748492
7605 0.88323
7606 0.672576
7607 0.722009
7608 0.76653
7609 0.611015
7610 0.732456
7611 0.842914
7612 0.668861
7613 0.917224
7614 0.805379
7615 0.727178
7616 0.611509
7617 0.499233
7618 0.689962
7619 0.820417
7620 0.753643
7621 0.458773
7622 0.756217
7623 0.734316
7624 0.536071
7625 0.44517
7626 0.837113
7627 0.562325
7628 0.268394
7629 0.863037
7630 0.858874
7631 0.516459
7632 0.786898
7633 0.567939
7634 0.69179
7635 0.689789
7636 0.744109
7637 0.773564
7638 0.826414
7639 0.676524
7640 0.796117
7641 0.776491
7642 0.725061
7643 0.741123
7644 0.810407
7645 0.732876
7646 0.754697
7647 0.618275
7648 0.590855
7649 0.873647
7650 0.832645
7651 0.567065
7652 0.888939
7653 0.712922
7654 0.697864
7655 0.987098
7656 0.767181
7657 0.563718
7658 0.326025
7659 0.786306
7660 0.75444
7661 0.775098
7662 0.910849
7663 0.667887
7664 0.759721
7665 0.695575
7666 0.637627
7667 0.679014
7668 0.68787
7669 0.800347
7670 0.574559
7671 0.67534
7672 0.748033
7673 0.653048
7674 0.436654
7675 0.804138
7676 0.732604
7677 0.702363
7678 0.649558
7679 0.553377
7680 0.742749
7681 0.602945
7682 0.97134
7683 0.63934
7684 0.853628
7685 0.808906
7686 0.761126
7687 0.750986
7688 0.895547
7689 0.901387
7690 0.762209
7691 0.81904
7692 0.0216014
7693 0.742892
7694 0.787436
7695 0.665502
7696 0.806139
7697 0.855527
7698 0.807113
7699 0.911705
7700 0.0970844
7701 0.622195
7702 0.73469
7703 0.566936
7704 0.848994
7705 0.930274
7706 0.849798
7707 0.444145
7708 0.424224
7709 0.425901
7710 0.843587
7711 0.572217
7712 0.888877
7713 0.913884
7714 0.566311
7715 0.568319
7716 0.815426
7717 0.693928
7718 0.755669
7719 0.637871
7720 0.647568
7721 0.66504
7722 0.77858
7723 0.635316
7724 0.741817
7725 0.594125
7726 0.929578
7727 0.910154
7728 0.646793
7729 0.848438
7730 0.936545
7731 0.791851
7732 0.865828
7733 0.797977
7734 0.675044
7735 0.00478108
7736 0.610991
7737 0.519558
7738 0.747454
7739 0.731941
7740 0.623299
7741 0.782549
7742 0.500486
7743 0.637974
7744 0.757864
7745 0.917939
7746 0.891073
7747 0.852975
7748 0.71062
7749 0.747544
7750 0.768222
7751 0.632156
7752 0.756332
7753 0.826136
7754 0.874148
7755 0.606136
7756 0.73529
7757 0.631288
7758 0.901406
7759 0.642281
7760 0.612302
7761 0.925901
7762 0.909665
7763 0.841678
7764 0.885162
7765 0.793603
7766 0.781259
7767 0.864002
7768 0.780044
7769 0.558274
7770 0.745096
7771 0.817483
7772 0.622446
7773 0.727048
7774 0.823238
7775 0.8362
7776 0.49864
7777 0.846411
7778 0.80247
7779 0.66033
7780 0.480783
7781 0.676226
7782 0.398173
7783 0.679292
7784 0.672834
7785 0.718541
7786 0.91071
7787 0.692527
7788 0.734374
7789 0.680905
7790 0.641694
7791 0.437237
7792 0.589242
7793 0.577142
7794 0.518482
7795 0.649994
7796 0.917565
7797 0.906221
7798 0.658594
7799 0.657863
7800 0.695986
7801 0.667659
7802 0.758547
7803 0.684331
7804 0.517699
7805 0.795185
7806 0.889949
7807 0.664039
7808 0.817859
7809 0.681286
7810 0.72731
7811 0.921841
7812 0.486018
7813 0.74336
7814 0.523331
7815 0.562081
7816 0.535282
7817 0.598408
7818 0.753985
7819 0.589191
7820 0.715628
7821 0.771375
7822 0.845895
7823 0.793333
7824 0.421845
7825 0.633247
7826 0.899276
7827 0.539138
7828 0.644016
7829 0.612681
7830 0.763038
7831 0.587245
7832 0.920969
7833 0.185604
7834 0.79843
7835 0.557054
7836 0.943658
7837 0.803099
7838 0.655777
7839 0.507878
7840 0.472588
7841 0.40001
7842 0.618006
7843 0.711801
7844 0.564605
7845 0.208473
7846 0.669433
7847 0.771064
7848 0.731499
7849 0.771664
7850 0.619627
7851 0.705796
7852 0.857709
7853 0.721492
7854 0.854208
7855 0.701818
7856 0.727592
7857 0.511618
7858 0.87209
7859 0.674856
7860 0.529567
7861 0.865551
7862 0.310507
7863 0.807349
7864 0.644026
7865 0.811296
7866 0.748406
7867 0.730711
7868 0.658693
7869 0.858763
7870 0.707909
7871 0.432521
7872 0.729465
7873 0.636803
7874 0.687237
7875 0.563582
7876 0.859437
7877 0.628871
7878 0.730634
7879 0.287626
7880 0.418486
7881 0.084053
7882 0.564839
7883 0.568959
7884 0.630905
7885 0.559824
7886 0.790685
7887 0.911673
7888 0.901934
7889 0.674816
7890 0.616079
7891 0.697867
7892 0.697374
7893 0.655103
7894 0.497727
7895 0.860973
7896 0.651746
7897 0.761027
7898 0.880049
7899 0.811807
7900 0.691576
7901 0.653137
7902 0.787334
7903 0.790767
7904 0.0698705
7905 0.667532
7906 0.500475
7907 0.464757
7908 0.629755
7909 0.620355
7910 0.584442
7911 0.886261
7912 0.604666
7913 0.742184
7914 0.873431
7915 0.657475
7916 0.636493
7917 0.814074
7918 0.936352
7919 0.868442
7920 0.62537
7921 0.749111
7922 0.734646
7923 0.650024
7924 0.568042
7925 0.625258
7926 0.608838
7927 0.524781
7928 0.552885
7929 0.757442
7930 0.800294
7931 0.875398
7932 0.68814
7933 0.733744
7934 0.573633
7935 0.668076
7936 0.499577
7937 0.615379
7938 0.719848
7939 0.411717
7940 0.858703
7941 0.805797
7942 0.888871
7943 0.761635
7944 0.726857
7945 0.487458
7946 0.646424
7947 0.68141
7948 0.734612
7949 0.723455
7950 0.67843
7951 0.571183
7952 0.817459
7953 0.761747
7954 0.64611
7955 0.620091
7956 0.676378
7957 0.0912911
7958 0.800493
7959 0.85013
7960 0.807328
7961 0.23975
7962 0.72244
7963 0.748071
7964 0.584343
7965 0.642109
7966 0.712405
7967 0.61615
7968 0.624296
7969 0.607306
7970 0.638615
7971 0.668583
7972 0.560151
7973 0.664566
7974 0.623354
7975 0.718544
7976 0.716685
7977 0.812891
7978 0.727269
7979 0.761807
7980 0.640234
7981 0.600799
7982 0.64334
7983 0.720051
7984 0.728768
7985 0.617043
7986 0.787158
7987 0.790126
7988 0.478354
7989 0.680894
7990 0.802674
7991 0.605509
7992 0.612556
7993 0.825293
7994 0.586674
7995 0.639046
7996 0.716962
7997 0.803305
7998 0.520813
7999 0.905618
8000 0.843544
8001 0.7234
8002 0.651953
8003 0.669347
8004 0.0759808
8005 0.709397
8006 0.662399
8007 0.409218
8008 0.662537
8009 0.765897
8010 0.612335
8011 0.775321
8012 0.48907
8013 0.805617
8014 0.870539
8015 0.745795
8016 0.683131
8017 0.69961
8018 0.685077
8019 0.638605
8020 0.57133
8021 0.882079
8022 0.51517
8023 0.452724
8024 0.843748
8025 0.779874
8026 0.474092
8027 0.749979
8028 0.765357
8029 0.809941
8030 0.559328
8031 0.835439
8032 0.753117
8033 0.766446
8034 0.657996
8035 0.736324
8036 0.582873
8037 0.916472
8038 0.638945
8039 0.786225
8040 0.746555
8041 0.871666
8042 0.434189
8043 0.627317
8044 0.741237
8045 0.605552
8046 0.639005
8047 0.585175
8048 0.712487
8049 0.716806
8050 0.701786
8051 0.757196
8052 0.70239
8053 0.789917
8054 0.700304
8055 0.618506
8056 0.686756
8057 0.871877
8058 0.931717
8059 0.771562
8060 0.679701
8061 0.670553
8062 0.963144
8063 0.958303
8064 0.723612
8065 0.85818
8066 0.733963
8067 0.607663
8068 0.887962
8069 0.818091
8070 0.551618
8071 0.743636
8072 0.882711
8073 0.866891
8074 0.79388
8075 0.848345
8076 0.556846
8077 0.635622
8078 0.777164
8079 0.833318
8080 0.666472
8081 0.761059
8082 0.617008
8083 0.835219
8084 0.692242
8085 0.751725
8086 0.711258
8087 0.694517
8088 0.471007
8089 0.799307
8090 0.871385
8091 0.562174
8092 0.784389
8093 0.503911
8094 0.793991
8095 0.771044
8096 0.52995
8097 0.822688
8098 0.668935
8099 0.630415
8100 0.608939
8101 0.76441
8102 0.735474
8103 0.786803
8104 0.708011
8105 0.783753
8106 0.877796
8107 0.803478
8108 0.787424
8109 0.783726
8110 0.748058
8111 0.646903
8112 0.618431
8113 0.672769
8114 0.401594
8115 0.65799
8116 0.894814
8117 0.859392
8118 0.862222
8119 0.944042
8120 0.833247
8121 0.74903
8122 0.87002
8123 0.916861
8124 0.787038
8125 0.941997
8126 0.842114
8127 0.570589
8128 0.721431
8129 0.816549
8130 0.772948
8131 0.795159
8132 0.872638
8133 0.777382
8134 0.766998
8135 0.527856
8136 0.736087
8137 0.955413
8138 0.71428
8139 0.893362
8140 0.758694
8141 0.525957
8142 0.513561
8143 0.440633
8144 0.752665
8145 0.529661
8146 0.746767
8147 0.440278
8148 0.913893
8149 0.743758
8150 0.739988
8151 0.760899
8152 0.70461
8153 0.784799
8154 0.651415
8155 0.765276
8156 0.727856
8157 0.841655
8158 0.926845
8159 0.922574
8160 0.796486
8161 0.84879
8162 0.675624
8163 0.763537
8164 0.780748
8165 0.839084
8166 0.783271
8167 0.595003
8168 0.696583
8169 0.630795
8170 0.760457
8171 0.801705
8172 0.828649
8173 0.732066
8174 0.884195
8175 0.588033
8176 0.504523
8177 0.844269
8178 0.731165
8179 0.534045
8180 0.76469
8181 0.73157
8182 0.540357
8183 0.570553
8184 0.908379
8185 0.791144
8186 0.719814
8187 0.734134
8188 0.733049
8189 0.673348
8190 0.701828
8191 0.773961
8192 0.866818
8193 0.785426
8194 0.610417
8195 0.739418
8196 0.804905
8197 0.925066
8198 0.57634
8199 0.808724
8200 0.688805
8201 0.689019
8202 0.881549
8203 0.650434
8204 0.858091
8205 0.968201
8206 0.916018
8207 0.515879
8208 0.47943
8209 0.634657
8210 0.65835
8211 0.836946
8212 0.882458
8213 0.73779
8214 0.625227
8215 0.698325
8216 0.439836
8217 0.633265
8218 0.259317
8219 0.670279
8220 0.664738
8221 0.637662
8222 0.033392
8223 0.691576
8224 0.0164593
8225 0.0241156
8226 0.0228183
8227 0.362625
8228 0.557748
8229 0.0338665
8230 0.0469004
8231 0.329413
8232 0.0143932
8233 0.0149524
8234 0.00018379
8235 0.010304
8236 0.0117579
8237 0.00719568
8238 0.0233243
8239 0.0180544
8240 0.0932681
8241 0.708629
8242 0.89854
8243 0.496154
8244 0.0466304
8245 0.00721596
8246 0.0173911
8247 0.00188683
8248 0.00667953
8249 0.848645
8250 0.0175406
8251 0.585079
8252 0.678035
8253 0.751525
8254 0.857473
8255 0.625958
8256 0.720711
8257 0.852402
8258 0.739047
8259 0.376512
8260 0.75763
8261 0.0799316
8262 0.752349
8263 0.601396
8264 0.90426
8265 0.449204
8266 0.82663
8267 0.710708
8268 0.605792
8269 0.533506
8270 0.301189
8271 0.623529
8272 0.0117704
8273 0.682916
8274 0.731391
8275 0.761293
8276 0.503995
8277 0.721705
8278 0.62838
8279 0.138856
8280 0.0352471
8281 0.0267586
8282 0.817365
8283 0.612765
8284 0.902357
8285 0.0180015
8286 0.0485858
8287 0.490282
8288 0.547914
8289 0.899378
8290 0.49568
8291 0.655344
8292 0.81323
8293 0.56947
8294 0.645295
8295 0.641556
8296 0.88196
8297 0.945297
8298 0.648918
8299 0.73747
8300 0.905165
8301 0.790584
8302 0.691456
8303 0.804004
8304 0.765736
8305 0.519211
8306 0.822647
8307 0.688937
8308 0.720344
8309 0.0155629
8310 0.0001397
8311 0.0333931
8312 0.0340656
8313 1.55977e-05
8314 5.85498e-05
8315 0.0133588
8316 0.0138723
8317 0.00755733
8318 0.000710468
8319 0.283021
8320 0.0569622
8321 0.396493
8322 9.42245e-05
8323 0.000144563
8324 0.000297844
8325 0.0231001
8326 0.0855368
8327 0.106092
8328 0.957054
8329 0.649983
8330 0.796633
8331 0.253352
8332 0.776565
8333 0.713905
8334 0.802698
8335 0.323659
8336 0.545582
8337 0.393916
8338 0.34197
8339 0.688829
8340 0.623882
8341 0.653923
8342 0.623915
8343 0.764642
8344 0.7231
8345 0.671206
8346 0.693026
8347 0.892979
8348 0.941174
8349 0.645016
8350 0.740453
8351 0.653332
8352 0.0555374
8353 0.626101
8354 0.0607922
8355 0.00376194
8356 0.635801
8357 0.0105108
8358 0.857895
8359 0.0858068
8360 0.71541
8361 0.704821
8362 0.0814
8363 0.478628
8364 0.111155
8365 0.635706
8366 0.634651
8367 0.460845
8368 0.398529
8369 0.362735
8370 0.584538
8371 0.690144
8372 0.62617
8373 0.921424
8374 0.835637
8375 0.869662
8376 0.555161
8377 0.605903
8378 0.295092
8379 0.640306
8380 0.172691
8381 0.448513
8382 0.544373
8383 0.558819
8384 0.654015
8385 0.548691
8386 0.815149
8387 0.00504066
8388 0.0536551
8389 0.449562
8390 0.405177
8391 0.325786
8392 0.542348
8393 0.597462
8394 0.583555
8395 0.419737
8396 0.192502
8397 0.45345
8398 0.528034
8399 0.71805
8400 0.712325
8401 0.709754
8402 0.171617
8403 0.306293
8404 0.275534
8405 0.170102
8406 0.416293
8407 0.673707
8408 0.0453814
8409 0.649916
8410 0.433981
8411 0.623664
8412 0.764966
8413 0.50351
8414 0.324767
8415 0.0475575
8416 0.374833
8417 0.000160384
8418 0.271634
8419 0.0499693
8420 0.629983
8421 0.00298083
8422 0.51814
8423 0.492801
8424 0.271349
8425 0.0256862
8426 0.0447137
8427 0.499684
8428 0.66488
8429 0.777196
8430 0.946716
8431 0.471071
8432 0.69274
8433 0.378138
8434 0.606373
8435 0.644466
8436 0.576349
8437 0.00407113
8438 0.472315
8439 0.265362
8440 0.487432
8441 0.363803
8442 0.486319
8443 0.71982
8444 0.52506
8445 0.481664
8446 0.558564
8447 0.123734
8448 0.209141
8449 0.618944
8450 0.254551
8451 0.0234934
8452 0.366502
8453 0.622576
8454 0.136529
8455 0.14045
8456 0.340828
8457 0.733115
8458 0.610333
8459 0.693988
8460 0.671984
8461 0.252812
8462 0.263654
8463 0.374495
8464 0.570226
8465 0.612259
8466 0.252431
8467 0.699596
8468 0.238407
8469 0.374801
8470 0.455373
8471 0.658565
8472 0.60741
8473 0.12257
8474 0.588502
8475 0.655672
8476 0.588763
8477 0.922771
8478 0.784368
8479 0.153715
8480 0.175772
8481 0.621277
8482 0.0849244
8483 0.143082
8484 0.696154
8485 0.0828221
8486 0.522041
8487 0.854785
8488 0.82334
8489 0.822901
8490 0.473733
8491 0.598544
8492 0.533809
8493 0.450552
8494 0.778545
8495 0.66103
8496 0.774013
8497 0.472859
8498 0.86536
8499 0.692801
8500 0.821741
8501 0.618508
8502 0.864006
8503 0.654927
8504 0.6604
8505 0.583425
8506 0.632248
8507 0.492261
8508 0.420572
8509 0.513587
8510 0.802583
8511 0.782982
8512 0.908897
8513 0.821008
8514 0.799902
8515 0.860514
8516 0.660956
8517 0.568432
8518 0.519146
8519 0.713979
8520 0.621558
8521 0.0607206
8522 0.445171
8523 0.555106
8524 0.328102
8525 0.495172
8526 0.52765
8527 0.479456
8528 0.547001
8529 0.759149
8530 0.357039
8531 0.541547
8532 0.492381
8533 0.727664
8534 0.754587
8535 0.656647
8536 0.739141
8537 0.680446
8538 0.653942
8539 0.804241
8540 0.461627
8541 0.458503
8542 0.781551
8543 0.688169
8544 0.540832
8545 0.716899
8546 0.673711
8547 0.731271
8548 0.162586
8549 0.387786
8550 0.58009
8551 0.47764
8552 0.270876
8553 0.585459
8554 0.363763
8555 0.0154704
8556 0.099251
8557 0.107743
8558 0.929269
8559 0.0056445
8560 0.589925
8561 0.00324571
8562 0.195044
8563 0.624158
8564 0.546251
8565 0.562129
8566 0.586004
8567 0.54491
8568 0.0427673
8569 0.568098
8570 0.049742
8571 0.421972
8572 0.509306
8573 0.617036
8574 0.275662
8575 0.696693
8576 0.757201
8577 0.73471
8578 0.305929
8579 0.00629583
8580 0.00537328
8581 0.028458
8582 0.00274266
8583 0.132312
8584 0.0341223
8585 0.110174
8586 0.0385087
8587 0.0876498
8588 0.00345772
8589 0.0984234
8590 0.565085
8591 0.459472
8592 0.742443
8593 0.508797
8594 0.485243
8595 0.886013
8596 0.709288
8597 0.555722
8598 0.507381
8599 0.805476
8600 0.653708
8601 0.672495
8602 0.589516
8603 0.0175358
8604 0.207805
8605 0.185168
8606 0.589081
8607 0.542379
8608 0.48648
8609 0.115476
8610 0.692645
8611 0.229247
8612 0.0335995
8613 0.541926
8614 0.647201
8615 0.404838
8616 0.0531437
8617 0.636125
8618 0.0219626
8619 0.00211173
8620 0.00711343
8621 0.0335307
8622 0.0175898
8623 0.00675533
8624 0.414589
8625 0.813429
8626 0.81882
8627 0.534925
8628 0.665069
8629 0.574406
8630 0.557731
8631 0.210546
8632 0.70626
8633 0.71692
8634 0.832381
8635 0.428154
8636 0.576297
8637 0.49109
8638 0.0711773
8639 0.584469
8640 0.507807
8641 0.791096
8642 0.577667
8643 0.023919
8644 0.717613
8645 0.0344788
8646 0.346895
8647 0.909968
8648 0.701596
8649 0.581486
8650 0.470207
8651 0.711787
8652 0.733426
8653 0.439124
8654 0.0752886
8655 0.706499
8656 0.746349
8657 0.77468
8658 0.632633
8659 0.612674
8660 0.259906
8661 0.673793
8662 0.754191
8663 0.587679
8664 0.441743
8665 0.576053
8666 0.288625
8667 0.0779697
8668 0.00497759
8669 0.017927
8670 0.535566
8671 0.58938
8672 0.545865
8673 0.561437
8674 0.551682
8675 0.61908
8676 0.682611
8677 0.387396
8678 0.738916
8679 0.667803
8680 0.307901
8681 0.434619
8682 0.797642
8683 0.629343
8684 0.753347
8685 0.445007
8686 0.37725
8687 0.581327
8688 0.517433
8689 0.613166
8690 0.337285
8691 0.367038
8692 0.695937
8693 0.0676536
8694 0.375948
8695 0.0218908
8696 0.00844344
8697 0.0794786
8698 0.104441
8699 0.514216
8700 0.480719
8701 0.50199
8702 0.624921
8703 0.579522
8704 0.339408
8705 0.663695
8706 0.0265649
8707 0.402624
8708 0.429878
8709 0.190835
8710 0.340293
8711 0.685037
8712 0.00795472
8713 0.54621
8714 0.0232697
8715 0.0243437
8716 0.804831
8717 0.849809
8718 0.666374
8719 0.665992
8720 0.668526
8721 0.0471302
8722 0.65376
8723 0.701684
8724 0.591232
8725 0.776853
8726 0.503409
8727 0.648258
8728 0.0982141
8729 0.0525523
8730 0.836153
8731 0.245992
8732 0.0810192
8733 0.578741
8734 0.598394
8735 0.810571
8736 0.811092
8737 0.0343835
8738 0.499036
8739 0.847806
8740 0.838136
8741 0.119323
8742 0.794704
8743 0.163027
8744 0.334348
8745 0.389118
8746 0.0215967
8747 0.176713
8748 0.0756155
8749 0.401802
8750 0.33339
8751 0.691714
8752 0.75427
8753 0.718219
8754 0.806717
8755 0.0203964
8756 0.0127519
8757 0.0469066
8758 0.0109615
8759 0.25228
8760 0.00224655
8761 0.0633174
8762 0.0408969
8763 0.00615287
8764 0.0636222
8765 0.019277
8766 0.687105
8767 0.569267
8768 0.0218209
8769 0.993468
8770 0.0322333
8771 0.592417
8772 0.0809302
8773 0.642
8774 0.169458
8775 0.649491
8776 0.000627796
8777 0.0321526
8778 0.0743799
8779 0.00444162
8780 0.106012
8781 0.0265386
8782 0.00622469
8783 0.417431
8784 0.701387
8785 0.318366
8786 0.441959
8787 0.545213
8788 0.000429142
8789 0.0403053
8790 0.0345819
8791 0.00952788
8792 0.00237983
8793 0.0478751
8794 0.0137705
8795 7.55863e-05
8796 0.499125
8797 0.439059
8798 0.554021
8799 0.93352
8800 0.798023
8801 0.720283
8802 0.774963
8803 0.684327
8804 0.5029
8805 0.439652
8806 0.0229935
8807 0.00455988
8808 0.0210399
8809 0.740437
8810 0.728542
8811 0.660862
8812 0.547656
8813 0.0700957
8814 0.0273122
8815 0.529772
8816 0.560202
8817 0.770583
8818 0.594201
8819 0.538281
8820 0.480229
8821 0.731799
8822 0.138301
8823 0.858156
8824 0.762734
8825 0.75088
8826 0.839297
8827 0.736561
8828 0.569454
8829 0.0838779
8830 0.654787
8831 0.0443946
8832 0.841796
8833 0.466137
8834 0.784253
8835 0.568954
8836 0.455677
8837 0.753993
8838 0.844973
8839 0.668901
8840 0.726302
8841 0.912214
8842 0.746833
8843 0.140592
8844 0.736498
8845 0.273555
8846 0.546609
8847 0.529863
8848 0.723113
8849 0.00904278
8850 0.0240045
8851 0.00736828
8852 0.000322716
8853 0.00022004
8854 0.00595153
8855 0.0307116
8856 0.055559
8857 0.801594
8858 0.257415
8859 0.327331
8860 0.0302565
8861 0.00857364
8862 0.0257874
8863 0.000350139
8864 0.147502
8865 0.0923264
8866 0.487978
8867 0.658153
8868 0.798754
8869 0.770757
8870 0.635296
8871 0.539051
8872 0.621903
8873 0.775213
8874 0.629868
8875 0.427647
8876 0.423607
8877 0.127725
8878 0.0733759
8879 0.567281
8880 0.0911787
8881 0.0560152
8882 0.0438919
8883 0.314417
8884 0.653529
8885 0.165539
8886 0.364835
8887 0.791411
8888 0.677914
8889 0.489975
8890 0.928681
8891 0.0126051
8892 0.80731
8893 0.367225
8894 0.502679
8895 0.0637953
8896 0.0107586
8897 0.539195
8898 0.625258
8899 0.363489
8900 0.243328
8901 0.668232
8902 0.761498
8903 0.57231
8904 0.0987879
8905 0.752599
8906 0.0837569
8907 0.00420883
8908 0.372718
8909 0.331928
8910 0.17248
8911 0.518206
8912 0.678548
8913 0.159022
8914 0.260443
8915 0.524466
8916 0.235021
8917 0.245391
8918 0.531859
8919 0.191514
8920 0.280523
8921 0.0768904
8922 0.766513
8923 0.796382
8924 0.10117
8925 0.480861
8926 0.563466
8927 0.69344
8928 0.438774
8929 0.682169
8930 0.061865
8931 0.54689
8932 0.348015
8933 0.47767
8934 0.28295
8935 0.468307
8936 0.235607
8937 0.470952
8938 0.610625
8939 0.310947
8940 0.475123
8941 0.539839
8942 0.0461072
8943 0.867589
8944 0.611942
8945 0.859985
8946 0.511578
8947 0.743542
8948 0.399111
8949 0.59955
8950 0.507324
8951 0.587325
8952 0.548609
8953 0.300474
8954 0.704023
8955 0.58063
8956 0.485516
8957 0.0212392
8958 0.590421
8959 0.429906
8960 0.818176
8961 0.722913
8962 0.724579
8963 0.093936
8964 0.283774
8965 0.343085
8966 0.0690306
8967 0.479556
8968 0.444813
8969 0.820766
8970 0.704941
8971 0.610475
8972 0.666984
8973 0.616735
8974 0.0484787
8975 0.222654
8976 0.295892
8977 0.695295
8978 0.806729
8979 0.582475
8980 0.25302
8981 0.163664
8982 0.0036302
8983 0.634454
8984 0.0906984
8985 0.473561
8986 0.644304
8987 0.581176
8988 0.601278
8989 0.551879
8990 0.0577295
8991 0.521776
8992 0.742483
8993 0.633843
8994 0.247533
8995 0.507073
8996 0.290479
8997 0.0142936
8998 0.0409559
8999 0.0145931
9000 0.0617298
9001 0.0328225
9002 0.935195
9003 0.578709
9004 0.578396
9005 0.432804
9006 0.693893
9007 0.384074
9008 0.809666
9009 0.681809
9010 0.349271
9011 0.530725
9012 0.436728
9013 0.702123
9014 0.602621
9015 0.514297
9016 0.804697
9017 0.466329
9018 0.0264636
9019 0.469545
9020 0.440544
9021 0.307753
9022 0.379397
9023 0.283379
9024 0.442147
9025 0.23343
9026 0.454976
9027 0.565897
9028 0.487371
9029 0.0520788
9030 0.00924726
9031 0.000310738
9032 0.707218
9033 0.706968
9034 0.00102145
9035 0.0355794
9036 0.0264558
9037 0.119609
9038 0.0167706
9039 0.429296
9040 0.686555
9041 0.376309
9042 0.495216
9043 0.46828
9044 0.256269
9045 0.455746
9046 0.00435947
9047 0.518291
9048 0.718575
9049 0.691834
9050 0.668667
9051 0.298859
9052 0.2598
9053 0.0541907
9054 0.0382137
9055 0.122658
9056 0.560192
9057 0.591457
9058 0.492158
9059 0.233256
9060 0.579832
9061 0.476789
9062 0.372556
9063 0.787906
9064 0.641791
9065 0.635845
9066 0.0069296
9067 0.0279462
9068 0.0286058
9069 0.740222
9070 0.615682
9071 0.774035
9072 0.641677
9073 0.0299743
9074 8.95862e-05
9075 9.7821e-05
9076 0.00196883
9077 0.00119013
9078 0.0210791
9079 0.860833
9080 0.792638
9081 0.00344837
9082 0.00133109
9083 0.585121
9084 0.802893
9085 0.901035
9086 0.605634
9087 0.687079
9088 0.462176
9089 0.526629
9090 0.879597
9091 0.205086
9092 0.00456285
9093 0.672171
9094 0.290623
9095 0.235619
9096 0.392892
9097 0.238437
9098 0.322023
9099 0.0763902
9100 0.0713822
9101 0.870085
9102 0.0406437
9103 0.0355013
9104 0.26767
9105 0.237936
9106 0.4988
9107 0.784247
9108 0.404958
9109 0.30874
9110 0.784992
9111 0.3022
9112 0.778041
9113 0.344497
9114 0.367887
9115 0.539461
9116 0.740978
9117 0.616376
9118 0.642555
9119 0.359066
9120 0.0383967
9121 0.516813
9122 0.0272199
9123 0.0393252
9124 0.237147
9125 0.769775
9126 0.0405885
9127 0.0575623
9128 0.0476194
9129 0.765497
9130 0.439958
9131 0.425098
9132 0.58327
9133 0.0299401
9134 0.0261029
9135 0.286608
9136 0.381158
9137 0.65546
9138 0.41598
9139 0.302188
9140 0.571659
9141 0.585316
9142 0.667043
9143 0.749296
9144 0.75576
9145 0.687493
9146 0.682955
9147 0.639299
9148 0.49735
9149 0.513398
9150 0.702606
9151 0.671049
9152 0.640144
9153 0.0672051
9154 0.0455612
9155 0.606036
9156 0.796367
9157 0.0213069
9158 0.525341
9159 0.612986
9160 0.227673
9161 0.620344
9162 0.850953
9163 0.847679
9164 0.06502
9165 0.0184929
9166 0.169046
9167 0.375207
9168 0.817447
9169 0.85423
9170 0.872259
9171 0.850138
9172 0.695522
9173 0.705219
9174 0.646028
9175 0.0344894
9176 0.162384
9177 0.449771
9178 0.381933
9179 0.63807
9180 0.626888
9181 0.815357
9182 0.903135
9183 0.615809
9184 0.741501
9185 0.634551
9186 0.661198
9187 0.77366
9188 0.567665
9189 0.670454
9190 0.515755
9191 0.741934
9192 0.460442
9193 0.779466
9194 0.566263
9195 0.629247
9196 0.0013011
9197 0.120739
9198 0.725089
9199 0.80201
9200 0.738933
9201 0.568008
9202 0.49109
9203 0.915231
9204 0.855481
9205 0.0902151
9206 0.672061
9207 0.691642
9208 0.452643
9209 0.223298
9210 0.501567
9211 0.40153
9212 0.403006
9213 0.714915
9214 0.764712
9215 0.417518
9216 0.655725
9217 0.153493
9218 0.161823
9219 0.322034
9220 0.402759
9221 0.441617
9222 0.3561
9223 0.778346
9224 0.60996
9225 0.623152
9226 0.262808
9227 0.703364
9228 0.652072
9229 0.634478
9230 0.497357
9231 0.733049
9232 0.809658
9233 0.0383118
9234 0.78719
9235 0.0421683
9236 0.239373
9237 0.159128
9238 0.0231301
9239 0.469187
9240 0.776269
9241 0.669734
9242 0.0757082
9243 0.0489234
9244 0.560887
9245 0.60413
9246 0.148633
9247 0.698449
9248 0.319239
9249 0.546279
9250 0.523194
9251 0.674426
9252 0.0411452
9253 0.427978
9254 0.72008
9255 0.629772
9256 0.513772
9257 0.530245
9258 0.508731
9259 0.709464
9260 0.686083
9261 0.582244
9262 0.371575
9263 0.64195
9264 0.672009
9265 0.432495
9266 0.557362
9267 0.629594
9268 0.43432
9269 0.349483
9270 0.497471
9271 0.509409
9272 0.575513
9273 0.388865
9274 0.0477884
9275 0.841708
9276 0.726978
9277 0.658089
9278 0.106324
9279 0.0351156
9280 0.845954
9281 0.173991
9282 0.174887
9283 0.00325708
9284 0.00308485
9285 0.0510987
9286 0.0180012
9287 0.150821
9288 0.410831
9289 0.699921
9290 0.184932
9291 0.613727
9292 0.426058
9293 0.515107
9294 0.382711
9295 0.153816
9296 0.466
9297 0.0490911
9298 0.0185896
9299 0.739895
9300 0.600896
9301 0.722872
9302 0.491189
9303 0.479022
9304 0.575622
9305 0.428901
9306 0.675569
9307 0.729639
9308 0.713178
9309 0.30689
9310 0.311592
9311 0.0026187
9312 0.0451514
9313 0.461322
9314 0.582949
9315 0.721907
9316 0.39672
9317 0.585744
9318 0.721971
9319 0.32827
9320 0.656729
9321 0.531523
9322 0.515498
9323 0.690678
9324 0.718369
9325 0.728154
9326 0.727736
9327 0.100921
9328 0.186112
9329 0.533428
9330 0.519717
9331 0.490267
9332 0.862758
9333 0.724074
9334 0.000154701
9335 0.612777
9336 0.919056
9337 0.285851
9338 0.916048
9339 0.505263
9340 0.365816
9341 0.617399
9342 0.781758
9343 0.619617
9344 0.368207
9345 0.0226807
9346 0.660185
9347 0.452794
9348 0.431012
9349 0.236191
9350 0.190564
9351 0.862326
9352 0.68266
9353 0.648423
9354 0.700406
9355 0.076629
9356 0.48237
9357 0.596529
9358 0.20496
9359 0.693973
9360 0.503634
9361 0.507091
9362 0.922445
9363 0.788651
9364 0.482406
9365 0.827453
9366 0.680522
9367 0.818986
9368 0.918012
9369 0.863452
9370 0.539755
9371 0.630601
9372 0.666453
9373 0.776731
9374 0.605521
9375 0.61945
9376 0.80517
9377 0.66625
9378 0.0846556
9379 0.00743711
9380 0.740472
9381 0.865099
9382 0.216469
9383 0.0090267
9384 0.635783
9385 0.0603953
9386 0.190181
9387 0.263845
9388 0.474935
9389 0.19215
9390 0.661231
9391 0.706917
9392 0.804186
9393 0.00883964
9394 0.0542918
9395 0.748966
9396 0.612362
9397 0.597009
9398 0.603897
9399 0.872455
9400 0.806201
9401 0.571029
9402 0.851279
9403 0.522703
9404 0.626081
9405 0.544377
9406 0.410439
9407 0.710309
9408 0.0216966
9409 0.0848992
9410 0.413402
9411 0.258017
9412 0.0970785
9413 0.530905
9414 0.537651
9415 0.468015
9416 0.344757
9417 0.479796
9418 0.568237
9419 0.459375
9420 0.610358
9421 0.301442
9422 0.850125
9423 0.794407
9424 0.45039
9425 0.0203307
9426 0.265187
9427 0.642096
9428 0.515193
9429 0.589493
9430 0.548025
9431 0.731408
9432 0.651793
9433 0.41859
9434 0.267062
9435 0.341095
9436 0.482311
9437 0.265487
9438 0.283851
9439 0.307884
9440 0.546261
9441 0.633627
9442 0.344647
9443 0.706206
9444 0.0399612
9445 0.625781
9446 0.474182
9447 0.565334
9448 0.872403
9449 0.592827
9450 0.728934
9451 0.621835
9452 0.388768
9453 0.327874
9454 0.801458
9455 0.439361
9456 0.598953
9457 0.530432
9458 0.394565
9459 0.662666
9460 0.10264
9461 0.710177
9462 0.560335
9463 0.302054
9464 0.435875
9465 0.53611
9466 0.587671
9467 0.513223
9468 0.605122
9469 0.177259
9470 0.729455
9471 0.00260054
9472 0.515681
9473 0.629604
9474 0.45511
9475 0.43808
9476 0.513935
9477 0.117435
9478 0.453445
9479 0.505879
9480 0.0783606
9481 0.212763
9482 0.0462532
9483 0.457086
9484 0.407606
9485 0.47899
9486 0.738387
9487 0.404511
9488 0.637454
9489 0.80816
9490 0.667094
9491 0.507119
9492 0.913976
9493 0.742649
9494 0.61744
9495 0.630826
9496 0.507425
9497 0.0809517
9498 0.760843
9499 0.311345
9500 0.429869
9501 0.908129
9502 0.387056
9503 0.403995
9504 0.0251125
9505 0.296987
9506 0.696024
9507 0.563403
9508 0.747446
9509 0.630921
9510 0.536652
9511 0.65748
9512 0.605449
9513 0.442495
9514 0.46236
9515 0.669509
9516 0.506336
9517 0.619426
9518 0.796114
9519 0.63628
9520 0.682315
9521 0.763968
9522 0.694964
9523 0.333482
9524 0.343502
9525 0.356138
9526 0.630086
9527 0.372189
9528 0.65554
9529 0.00411142
9530 0.0302006
9531 0.115188
9532 0.015208
9533 0.0100114
9534 0.692076
9535 0.156642
9536 0.177321
9537 0.376323
9538 0.401259
9539 0.675139
9540 0.759671
9541 0.510642
9542 0.195975
9543 0.439415
9544 0.00103789
9545 0.00850107
9546 0.0300703
9547 0.000235273
9548 0.000575006
9549 0.719723
9550 0.0646042
9551 0.726097
9552 0.652761
9553 0.633067
9554 0.654175
9555 0.656035
9556 0.471396
9557 0.57745
9558 0.274274
9559 0.257424
9560 0.448558
9561 0.249576
9562 0.42943
9563 0.250142
9564 0.37192
9565 0.887327
9566 0.185137
9567 0.719648
9568 0.436955
9569 0.497177
9570 0.577425
9571 0.543164
9572 0.551702
9573 0.486722
9574 0.760815
9575 0.713793
9576 0.582488
9577 0.713453
9578 0.599197
9579 0.40042
9580 0.469482
9581 0.0295698
9582 0.538954
9583 0.743127
9584 0.7311
9585 0.557586
9586 0.885425
9587 0.468297
9588 0.55156
9589 0.776262
9590 0.823002
9591 0.158193
9592 0.678634
9593 0.517945
9594 0.40239
9595 0.682555
9596 0.532683
9597 0.608429
9598 0.589374
9599 0.16544
9600 0.0481053
9601 0.511434
9602 0.779779
9603 0.700519
9604 0.635135
9605 0.376388
9606 0.68061
9607 0.820042
9608 0.686665
9609 0.877451
9610 0.869331
9611 0.884809
9612 0.894329
9613 0.891061
9614 0.857889
9615 0.794832
9616 0.962966
9617 0.281749
9618 0.325378
9619 0.684782
9620 0.797217
9621 0.014767
9622 0.872771
9623 0.814602
9624 0.0367404
9625 0.017823
9626 0.58786
9627 0.0713485
9628 0.048781
9629 0.462964
9630 0.455372
9631 0.490634
9632 0.422384
9633 0.528065
9634 0.740196
9635 0.651297
9636 0.794426
9637 0.589528
9638 0.686175
9639 0.373474
9640 0.426473
9641 0.710462
9642 0.117795
9643 0.599882
9644 0.693472
9645 0.46817
9646 0.84785
9647 0.654889
9648 0.771172
9649 0.348038
9650 0.534719
9651 0.769037
9652 0.595166
9653 0.617208
9654 0.454424
9655 0.315149
9656 0.592407
9657 0.375184
9658 0.590166
9659 0.723592
9660 0.0284992
9661 0.334234
9662 0.409914
9663 0.307837
9664 0.191745
9665 0.684988
9666 0.52493
9667 0.63225
9668 0.721956
9669 0.566943
9670 0.774463
9671 0.446533
9672 0.681866
9673 0.443919
9674 0.130649
9675 0.623946
9676 0.517667
9677 0.60512
9678 0.465393
9679 0.200112
9680 0.836928
9681 0.667741
9682 0.596977
9683 0.41091
9684 0.584422
9685 0.462367
9686 0.616103
9687 0.0932725
9688 0.456389
9689 0.397827
9690 0.484718
9691 0.312732
9692 0.0667111
9693 0.336961
9694 0.100086
9695 0.738021
9696 0.0998969
9697 0.408946
9698 0.374568
9699 0.714226
9700 0.447431
9701 0.677734
9702 0.684963
9703 0.455834
9704 0.630263
9705 0.0334104
9706 0.453565
9707 0.461824
9708 0.829701
9709 0.638777
9710 0.026487
9711 0.45381
9712 0.0110735
9713 0.546423
9714 0.0688927
9715 0.582813
9716 0.217853
9717 0.214487
9718 0.501415
9719 0.430147
9720 0.523921
9721 0.464299
9722 0.0758585
9723 0.648493
9724 0.514307
9725 0.456911
9726 0.518544
9727 0.853219
9728 0.487927
9729 0.533814
9730 0.0610067
9731 0.563398
9732 0.670686
9733 0.595124
9734 0.594899
9735 0.0267879
9736 0.526248
9737 0.486617
9738 0.257156
9739 0.362682
9740 0.21887
9741 0.174132
9742 0.178943
9743 0.899263
9744 0.447261
9745 0.236563
9746 0.842096
9747 0.742837
9748 0.841246
9749 0.842114
9750 0.60176
9751 0.584341
9752 0.426991
9753 0.249226
9754 0.413785
9755 0.531568
9756 0.667869
9757 0.350876
9758 0.676179
9759 0.455307
9760 0.3771
9761 0.00565193
9762 0.160833
9763 0.719571
9764 0.324944
9765 0.437273
9766 0.0810892
9767 0.0178439
9768 0.197659
9769 0.134177
9770 0.460986
9771 0.508831
9772 0.533185
9773 0.491194
9774 0.655899
9775 0.56297
9776 0.443213
9777 0.418292
9778 0.085536
9779 0.0368654
9780 0.578594
9781 0.789566
9782 0.640873
9783 0.637846
9784 0.30963
9785 0.542566
9786 0.166632
9787 0.155016
9788 0.269591
9789 0.771516
9790 0.765643
9791 0.626264
9792 0.598605
9793 0.523345
9794 0.681773
9795 0.558545
9796 0.751421
9797 0.675446
9798 0.689253
9799 0.546757
9800 0.862623
9801 0.452575
9802 0.584256
9803 0.586309
9804 0.623126
9805 0.342888
9806 0.674066
9807 0.451588
9808 0.546379
9809 0.445393
9810 0.267717
9811 0.672436
9812 0.193093
9813 0.147535
9814 0.844736
9815 0.503586
9816 0.377706
9817 0.206275
9818 0.449375
9819 0.00723108
9820 0.7682
9821 0.0193238
9822 0.604243
9823 0.413791
9824 0.0977818
9825 0.519143
9826 0.464983
9827 0.292483
9828 0.885398
9829 0.639251
9830 0.52624
9831 0.617132
9832 0.394321
9833 0.807667
9834 0.213363
9835 0.343208
9836 0.0667495
9837 0.116951
9838 0.209015
9839 0.168727
9840 0.0214269
9841 0.0145011
9842 0.5754
9843 0.881694
9844 0.767179
9845 0.777322
9846 0.485524
9847 0.0235667
9848 0.129233
9849 0.581228
9850 0.428639
9851 0.430301
9852 0.450782
9853 0.387547
9854 0.195255
9855 0.0558016
9856 0.232603
9857 0.369777
9858 0.332836
9859 0.247192
9860 0.366297
9861 0.141936
9862 0.42811
9863 0.552103
9864 0.445223
9865 0.408533
9866 0.140037
9867 0.0710527
9868 0.0375531
9869 0.394486
9870 0.341927
9871 0.393032
9872 0.756068
9873 0.515812
9874 0.526137
9875 0.505176
9876 0.0288849
9877 0.0931207
9878 0.689695
9879 0.331751
9880 0.672436
9881 0.484658
9882 0.672483
9883 0.782728
9884 0.259083
9885 0.290708
9886 0.50653
9887 0.442944
9888 0.454697
9889 0.504021
9890 0.115779
9891 0.500367
9892 0.630504
9893 0.302211
9894 0.0393309
9895 0.0326123
9896 0.718949
9897 0.413046
9898 0.630155
9899 0.446459
9900 0.335196
9901 0.91493
9902 0.567981
9903 0.813868
9904 0.857496
9905 0.520089
9906 0.659281
9907 0.127094
9908 0.316458
9909 0.451521
9910 0.523283
9911 0.913967
9912 0.694343
9913 0.525855
9914 0.357938
9915 0.790038
9916 0.294696
9917 0.000136776
9918 0.00362873
9919 0.0208178
9920 0.0149752
9921 0.0481075
9922 0.0324849
9923 0.00642612
9924 8.29826e-05
9925 0.000350835
9926 0.0145319
9927 0.0233846
9928 0.000593366
9929 0.0372159
9930 8.34833e-05
9931 0.0236637
9932 0.0220075
9933 0.0137075
9934 0.0104949
9935 0.000250315
9936 0.00405626
9937 0.000548611
9938 6.07746e-05
9939 9.52297e-05
9940 0.000181214
9941 0.0569036
9942 0.0321931
9943 0.0299215
9944 0.0364133
9945 0.0358997
9946 0.0355815
9947 0.0338336
9948 0.00570366
9949 0.000694058
9950 0.00807347
9951 0.00300452
9952 0.0309884
9953 6.86422e-05
9954 0.00448505
9955 0.00667497
9956 0.000297606
9957 0.000249728
9958 0.000161327
9959 0.00269911
9960 0.0322496
9961 9.9342e-05
9962 0.000101388
9963 0.000250418
9964 0.000146096
9965 0.000116609
9966 0.00327819
9967 0.000236157
9968 0.00920412
9969 0.0364902
9970 0.0011019
9971 0.00149863
9972 0.0296316
9973 0.00175585
9974 0.0255174
9975 0.0161521
9976 0.01398
9977 0.0505164
9978 0.035368
9979 0.0120671
9980 0.00800272
9981 0.0397224
9982 0.0103756
9983 0.0163628
9984 0.014845
9985 0.0418535
9986 0.0511679
9987 0.0814511
9988 0.413744
9989 0.14019
9990 0.634728
9991 0.425744
9992 0.0556845
9993 0.509745
9994 0.123941
9995 0.518891
9996 0.179498
9997 0.539922
9998 0.16918
9999 0.499702
10000 0.795967
10001 0.0221675
10002 0.69173
10003 0.205824
10004 0.465252
10005 0.20854
10006 0.469571
10007 0.231633
10008 0.676513
10009 0.00278678
10010 0.639957
10011 0.74206
10012 0.0505656
10013 0.447462
10014 0.0169619
10015 0.013328
10016 0.546886
10017 0.431081
10018 0.666121
10019 0.395134
10020 0.468911
10021 0.0169483
10022 0.0244788
10023 0.0387441
10024 0.050537
10025 0.0127552
10026 0.0200271
10027 0.015545
10028 0.0125138
10029 0.0252043
10030 0.00750382
10031 0.00520324
10032 0.0448873
10033 0.038802
10034 0.0346794
10035 0.00135196
10036 0.0380914
10037 0.0578568
10038 0.0591702
10039 0.0254306
10040 0.00171071
10041 0.0393451
10042 0.00166765
10043 0.0114969
10044 0.038745
10045 0.0392867
10046 0.0236118
10047 0.00390547
10048 0.0390851
10049 0.0312737
10050 0.0338921
10051 0.0365666
10052 0.032205
10053 0.0566416
10054 0.0591494
10055 0.0259763
10056 0.00439859
10057 0.00198931
10058 0.00856115
10059 0.0418047
10060 0.041572
10061 0.0281638
10062 0.0385707
10063 0.00423854
10064 0.067716
10065 0.0337378
10066 0.0152166
10067 0.0415605
10068 0.0512477
10069 0.148524
10070 0.0455558
10071 0.00162908
10072 0.0135596
10073 0.0173985
10074 0.0303023
10075 0.0155344
10076 0.0542673
10077 0.0541441
10078 0.000192767
10079 6.56378e-05
10080 0.0174772
10081 0.0107082
10082 0.0604849
10083 0.0268987
10084 0.0453087
10085 0.0172324
10086 0.0381191
10087 0.0378328
10088 0.0206411
10089 0.0395874
10090 0.0373667
10091 0.0387689
10092 0.03599
10093 0.0326719
10094 0.0371288
10095 0.0405537
10096 0.0467525
10097 0.000173916
10098 0.0340303
10099 0.00109691
10100 0.00809264
10101 0.0192409
10102 0.322319
10103 0.418559
10104 0.108318
10105 0.159596
10106 0.15894
10107 0.635525
10108 0.53134
10109 0.401134
10110 0.377779
10111 0.202954
