20835

1 0.715034
2 0.725823
3 0.714707
4 0.715528
5 0.935912
6 0.941257
7 0.753035
8 0.751335
9 0.660575
10 0.66561
11 0.764094
12 0.930223
13 0.668175
14 0.916578
15 0.719011
16 0.908459
17 0.612497
18 0.753498
19 0.913148
20 0.908243
21 0.744506
22 0.766045
23 0.610693
24 0.927054
25 0.803911
26 0.751434
27 0.911275
28 0.940054
29 0.623959
30 0.796778
31 0.91256
32 0.910315
33 0.62059
34 0.759428
35 0.580697
36 0.918705
37 0.890083
38 0.932892
39 0.904312
40 0.912281
41 0.931769
42 0.744817
43 0.758736
44 0.894862
45 0.734746
46 0.592904
47 0.75843
48 0.915255
49 0.951886
50 0.610793
51 0.938885
52 0.706687
53 0.614047
54 0.812812
55 0.717626
56 0.598118
57 0.915954
58 0.918259
59 0.949098
60 0.708825
61 0.705703
62 0.66026
63 0.717785
64 0.731551
65 0.675911
66 0.700565
67 0.9738
68 0.988404
69 0.771759
70 0.678031
71 0.738956
72 0.946321
73 0.817125
74 0.625637
75 0.614067
76 0.955762
77 0.931748
78 0.780941
79 0.944217
80 0.832189
81 0.953549
82 0.962616
83 0.700052
84 0.727539
85 0.759844
86 0.777326
87 0.732664
88 0.617587
89 0.958639
90 0.946068
91 0.955637
92 0.948438
93 0.985636
94 0.625795
95 0.724571
96 0.756486
97 0.757899
98 0.61138
99 0.958763
100 0.950062
101 0.943499
102 0.749355
103 0.960135
104 0.699726
105 0.755339
106 0.720323
107 0.932995
108 0.952438
109 0.776238
110 0.793344
111 0.965168
112 0.975328
113 0.79912
114 0.644258
115 0.764011
116 0.717128
117 0.668078
118 0.710618
119 0.987904
120 0.715852
121 0.715656
122 0.713383
123 0.701721
124 0.707386
125 0.974579
126 0.731285
127 0.7317
128 0.741695
129 0.82434
130 0.818452
131 0.750308
132 0.696283
133 0.748181
134 0.974911
135 0.737865
136 0.814766
137 0.609458
138 0.775116
139 0.627477
140 0.792846
141 0.738842
142 0.599795
143 0.776657
144 0.680855
145 0.798074
146 0.737765
147 0.598012
148 0.778651
149 0.669157
150 0.805473
151 0.895663
152 0.722215
153 0.690937
154 0.758319
155 0.630587
156 0.715366
157 0.767209
158 0.689376
159 0.627443
160 0.71742
161 0.688596
162 0.775324
163 0.627817
164 0.798155
165 0.762406
166 0.661673
167 0.632305
168 0.700269
169 0.676964
170 0.763772
171 0.720866
172 0.737378
173 0.680533
174 0.63678
175 0.759603
176 0.695363
177 0.667352
178 0.779092
179 0.711841
180 0.73173
181 0.742108
182 0.614841
183 0.592246
184 0.605403
185 0.745101
186 0.812545
187 0.710968
188 0.606616
189 0.715024
190 0.659065
191 0.760588
192 0.69874
193 0.745022
194 0.740448
195 0.771988
196 0.739618
197 0.732393
198 0.756765
199 0.77558
200 0.801446
201 0.662027
202 0.665079
203 0.783136
204 0.691315
205 0.775913
206 0.667242
207 0.774145
208 0.767084
209 0.663322
210 0.666892
211 0.763632
212 0.766562
213 0.766177
214 0.784102
215 0.599157
216 0.756979
217 0.771373
218 0.708383
219 0.716366
220 0.732622
221 0.840212
222 0.711113
223 0.748928
224 0.929802
225 0.740754
226 0.770506
227 0.881385
228 0.841011
229 0.833654
230 0.695049
231 0.898
232 0.687432
233 0.774998
234 0.703907
235 0.828083
236 0.787895
237 0.634949
238 0.90056
239 0.84276
240 0.921777
241 0.813537
242 0.920455
243 0.815754
244 0.750523
245 0.751676
246 0.77583
247 0.795548
248 0.934139
249 0.748106
250 0.84475
251 0.911359
252 0.792681
253 0.708698
254 0.638596
255 0.877174
256 0.904639
257 0.827633
258 0.853105
259 0.908011
260 0.827187
261 0.905044
262 0.747733
263 0.779962
264 0.928584
265 0.920298
266 0.757492
267 0.941287
268 0.57979
269 0.907322
270 0.62199
271 0.715772
272 0.604639
273 0.706722
274 0.916801
275 0.671648
276 0.758654
277 0.738479
278 0.755221
279 0.861631
280 0.920088
281 0.850632
282 0.8852
283 0.94985
284 0.742271
285 0.595522
286 0.705666
287 0.836308
288 0.786134
289 0.473027
290 0.801469
291 0.742241
292 0.93945
293 0.759336
294 0.910228
295 0.563914
296 0.751674
297 0.658101
298 0.656868
299 0.684522
300 0.963381
301 0.643407
302 0.931467
303 0.731933
304 0.751192
305 0.735293
306 0.789305
307 0.762964
308 0.909626
309 0.636227
310 0.829258
311 0.876271
312 0.634389
313 0.942758
314 0.774902
315 0.758619
316 0.675243
317 0.633051
318 0.812459
319 0.8397
320 0.633717
321 0.841208
322 0.949362
323 0.663305
324 0.675262
325 0.727953
326 0.76682
327 0.890642
328 0.764132
329 0.811213
330 0.709686
331 0.786605
332 0.719174
333 0.731355
334 0.728024
335 0.721251
336 0.740229
337 0.744072
338 0.615436
339 0.757716
340 0.818317
341 0.830091
342 0.704939
343 0.736964
344 0.748939
345 0.908853
346 0.926621
347 0.775679
348 0.845997
349 0.741096
350 0.613511
351 0.815909
352 0.581267
353 0.765449
354 0.792872
355 0.918132
356 0.962268
357 0.666296
358 0.729123
359 0.858277
360 0.765135
361 0.81987
362 0.829997
363 0.790146
364 0.769744
365 0.702337
366 0.763861
367 0.792953
368 0.721203
369 0.703611
370 0.634474
371 0.739874
372 0.773329
373 0.765808
374 0.607966
375 0.673727
376 0.863804
377 0.949855
378 0.654651
379 0.695997
380 0.642529
381 0.757738
382 0.724874
383 0.76816
384 0.797375
385 0.758693
386 0.750671
387 0.532133
388 0.696327
389 0.655544
390 0.700303
391 0.727406
392 0.755785
393 0.557637
394 0.651897
395 0.813674
396 0.705525
397 0.778563
398 0.711511
399 0.785309
400 0.95891
401 0.834935
402 0.748501
403 0.752996
404 0.804355
405 0.636998
406 0.908984
407 0.838724
408 0.740557
409 0.721165
410 0.484032
411 0.562645
412 0.838975
413 0.880125
414 0.67764
415 0.467736
416 0.782612
417 0.598256
418 0.826373
419 0.757276
420 0.662707
421 0.953946
422 0.652564
423 0.966225
424 0.777551
425 0.552691
426 0.628953
427 0.694032
428 0.638489
429 0.758455
430 0.548048
431 0.563457
432 0.796046
433 0.642118
434 0.733107
435 0.620123
436 0.629802
437 0.705362
438 0.72405
439 0.623446
440 0.912071
441 0.738516
442 0.677526
443 0.757428
444 0.886216
445 0.873853
446 0.8135
447 0.714352
448 0.533724
449 0.771914
450 0.86951
451 0.886639
452 0.751188
453 0.893567
454 0.953611
455 0.844163
456 0.969278
457 0.860945
458 0.819435
459 0.895905
460 0.91338
461 0.958227
462 0.656644
463 0.875582
464 0.640227
465 0.780641
466 0.94981
467 0.814753
468 0.764594
469 0.740668
470 0.575829
471 0.839682
472 0.753608
473 0.833836
474 0.761563
475 0.53601
476 0.782423
477 0.770809
478 0.542238
479 0.653329
480 0.778422
481 0.799602
482 0.899001
483 0.804091
484 0.871859
485 0.924766
486 0.63267
487 0.704837
488 0.771609
489 0.89383
490 0.776267
491 0.742198
492 0.735555
493 0.686176
494 0.689891
495 0.932111
496 0.944598
497 0.697139
498 0.801239
499 0.699549
500 0.68735
501 0.615462
502 0.553797
503 0.689324
504 0.900022
505 0.577656
506 0.774438
507 0.678046
508 0.862674
509 0.721217
510 0.587574
511 0.743152
512 0.92691
513 0.599991
514 0.804688
515 0.889889
516 0.751721
517 0.807703
518 0.651116
519 0.727399
520 0.714447
521 0.882074
522 0.944933
523 0.853032
524 0.879753
525 0.930226
526 0.923742
527 0.886433
528 0.934795
529 0.812802
530 0.864077
531 0.607474
532 0.853629
533 0.768578
534 0.915262
535 0.581359
536 0.777326
537 0.805568
538 0.907181
539 0.938164
540 0.67341
541 0.905735
542 0.905007
543 0.942956
544 0.790295
545 0.827266
546 0.617795
547 0.600529
548 0.576574
549 0.787502
550 0.764779
551 0.767183
552 0.748822
553 0.856557
554 0.631988
555 0.762306
556 0.755973
557 0.818969
558 0.892812
559 0.747217
560 0.891102
561 0.713427
562 0.715297
563 0.831018
564 0.807776
565 0.697772
566 0.948522
567 0.681905
568 0.743366
569 0.755673
570 0.971607
571 0.979864
572 0.97787
573 0.685653
574 0.682322
575 0.738297
576 0.775557
577 0.793757
578 0.695949
579 0.95734
580 0.727947
581 0.632095
582 0.683648
583 0.748001
584 0.749472
585 0.935115
586 0.969765
587 0.700211
588 0.806138
589 0.760673
590 0.935857
591 0.632404
592 0.862554
593 0.626341
594 0.518944
595 0.905304
596 0.786327
597 0.76976
598 0.607259
599 0.877171
600 0.72086
601 0.967421
602 0.865337
603 0.853077
604 0.555898
605 0.732807
606 0.590215
607 0.786429
608 0.695827
609 0.621859
610 0.954489
611 0.738054
612 0.733461
613 0.688999
614 0.677245
615 0.76922
616 0.749497
617 0.773438
618 0.684935
619 0.784039
620 0.732432
621 0.698348
622 0.768172
623 0.77959
624 0.698189
625 0.825598
626 0.795923
627 0.740575
628 0.719747
629 0.660595
630 0.676586
631 0.545097
632 0.725663
633 0.719769
634 0.67234
635 0.815394
636 0.747984
637 0.71075
638 0.646299
639 0.827498
640 0.805529
641 0.858584
642 0.685415
643 0.639755
644 0.74689
645 0.642143
646 0.77546
647 0.756438
648 0.60527
649 0.765501
650 0.778168
651 0.738203
652 0.705688
653 0.649131
654 0.786022
655 0.761483
656 0.839297
657 0.895269
658 0.722002
659 0.699829
660 0.648921
661 0.7784
662 0.790705
663 0.691263
664 0.893449
665 0.769022
666 0.659441
667 0.636013
668 0.585067
669 0.793656
670 0.709647
671 0.594895
672 0.837213
673 0.781209
674 0.742591
675 0.694064
676 0.728499
677 0.611599
678 0.756673
679 0.805802
680 0.793926
681 0.694831
682 0.702545
683 0.608011
684 0.814267
685 0.680086
686 0.795823
687 0.815782
688 0.844756
689 0.914995
690 0.678612
691 0.535039
692 0.873218
693 0.919612
694 0.874817
695 0.829927
696 0.824879
697 0.761467
698 0.860615
699 0.671277
700 0.797094
701 0.863019
702 0.75151
703 0.770557
704 0.903829
705 0.700511
706 0.614312
707 0.607806
708 0.715687
709 0.770988
710 0.885327
711 0.808852
712 0.793591
713 0.68553
714 0.714058
715 0.635349
716 0.653931
717 0.790359
718 0.832375
719 0.775962
720 0.715039
721 0.686943
722 0.69111
723 0.727794
724 0.720987
725 0.719733
726 0.779231
727 0.705802
728 0.63816
729 0.968037
730 0.863323
731 0.862916
732 0.71302
733 0.697468
734 0.89698
735 0.695274
736 0.692129
737 0.804697
738 0.746928
739 0.764373
740 0.831903
741 0.827795
742 0.780866
743 0.789965
744 0.689886
745 0.791815
746 0.822694
747 0.579988
748 0.764139
749 0.910896
750 0.261472
751 0.261499
752 0.076169
753 0.3272
754 0.412924
755 0.0523583
756 0.270331
757 0.159709
758 0.291952
759 0.311189
760 0.252186
761 0.364278
762 0.252777
763 0.171024
764 0.253722
765 0.252111
766 0.239463
767 0.533719
768 0.438641
769 0.32851
770 0.252874
771 0.459001
772 0.348457
773 0.532448
774 0.442922
775 0.337032
776 0.28458
777 0.196045
778 0.142928
779 0.300956
780 0.466617
781 0.252744
782 0.790148
783 0.160746
784 0.848435
785 0.201317
786 0.181363
787 0.239514
788 0.339195
789 0.144262
790 0.532126
791 0.295675
792 0.33428
793 0.305496
794 0.295508
795 0.22684
796 0.549199
797 0.333804
798 0.59895
799 0.299082
800 0.474266
801 0.267525
802 0.248696
803 0.156447
804 0.0987066
805 0.212653
806 0.491125
807 0.733149
808 0.61572
809 0.3171
810 0.348425
811 0.324744
812 0.674583
813 0.292935
814 0.16984
815 0.537274
816 0.283356
817 0.117473
818 0.664128
819 0.323213
820 0.184842
821 0.235989
822 0.355453
823 0.189617
824 0.306645
825 0.334746
826 0.663431
827 0.662146
828 0.402339
829 0.864778
830 0.544741
831 0.534032
832 0.791816
833 0.381116
834 0.673457
835 0.737282
836 0.695409
837 0.123689
838 0.286518
839 0.93893
840 0.125457
841 0.551785
842 0.445615
843 0.509195
844 0.292539
845 0.671565
846 0.593085
847 0.290844
848 0.516763
849 0.67403
850 0.125448
851 0.741854
852 0.400307
853 0.361771
854 0.44861
855 0.338477
856 0.661793
857 0.759912
858 0.465734
859 0.792444
860 0.44547
861 0.201507
862 0.523046
863 0.395958
864 0.249376
865 0.512384
866 0.271734
867 0.27285
868 0.25875
869 0.559177
870 0.429954
871 0.277709
872 0.298489
873 0.0937936
874 0.162658
875 0.320039
876 0.513065
877 0.470147
878 0.253749
879 0.257834
880 0.427329
881 0.421237
882 0.484479
883 0.193337
884 0.419084
885 0.294264
886 0.343651
887 0.258029
888 0.319442
889 0.45337
890 0.338721
891 0.224817
892 0.252031
893 0.254837
894 0.159177
895 0.249367
896 0.251978
897 0.320865
898 0.322908
899 0.0304412
900 0.31656
901 0.294476
902 0.394447
903 0.245439
904 0.341866
905 0.257415
906 0.241171
907 0.147474
908 0.252198
909 0.328025
910 0.325339
911 0.390552
912 0.377187
913 0.0594786
914 0.348177
915 0.254678
916 0.345153
917 0.344392
918 0.0456111
919 0.683346
920 0.297454
921 0.489282
922 0.633401
923 0.666933
924 0.448528
925 0.754167
926 0.374873
927 0.0519615
928 0.396016
929 0.345224
930 0.259054
931 0.555
932 0.246931
933 0.468472
934 0.460222
935 0.325613
936 0.0918639
937 0.327535
938 0.076155
939 0.228272
940 0.558166
941 0.24771
942 0.244982
943 0.240098
944 0.337877
945 0.119581
946 0.0912342
947 0.395781
948 0.456634
949 0.51069
950 0.445455
951 0.40334
952 0.43024
953 0.483993
954 0.472557
955 0.50785
956 0.44567
957 0.539182
958 0.530374
959 0.522775
960 0.402895
961 0.0914879
962 0.492601
963 0.421877
964 0.45799
965 0.425227
966 0.327246
967 0.558405
968 0.547751
969 0.443178
970 0.429507
971 0.545371
972 0.527063
973 0.545249
974 0.447974
975 0.344894
976 0.552422
977 0.319764
978 0.332101
979 0.330073
980 0.52233
981 0.47049
982 0.430126
983 0.611721
984 0.328381
985 0.129879
986 0.305823
987 0.215777
988 0.472577
989 0.254972
990 0.139483
991 0.224376
992 0.224633
993 0.36719
994 0.790542
995 0.31099
996 0.274966
997 0.178393
998 0.231778
999 0.340566
1000 0.311895
1001 0.198054
1002 0.0393243
1003 0.326947
1004 0.384037
1005 0.152112
1006 0.325843
1007 0.220352
1008 0.315975
1009 0.198648
1010 0.236076
1011 0.25197
1012 0.268216
1013 0.337389
1014 0.254413
1015 0.349428
1016 0.259196
1017 0.291316
1018 0.38694
1019 0.123799
1020 0.290852
1021 0.252031
1022 0.350507
1023 0.317828
1024 0.318451
1025 0.333741
1026 0.26876
1027 0.274886
1028 0.232502
1029 0.307276
1030 0.305472
1031 0.333419
1032 0.170142
1033 0.323184
1034 0.330254
1035 0.322378
1036 0.308783
1037 0.132572
1038 0.303458
1039 0.437692
1040 0.278267
1041 0.491808
1042 0.282264
1043 0.0724542
1044 0.050284
1045 0.326191
1046 0.489296
1047 0.29946
1048 0.300825
1049 0.192464
1050 0.277894
1051 0.106911
1052 0.244805
1053 0.150004
1054 0.165938
1055 0.375796
1056 0.556078
1057 0.509012
1058 0.150551
1059 0.170169
1060 0.29781
1061 0.529401
1062 0.665726
1063 0.0765832
1064 0.199949
1065 0.443339
1066 0.554378
1067 0.545173
1068 0.468912
1069 0.555444
1070 0.531376
1071 0.449447
1072 0.322115
1073 0.423238
1074 0.490112
1075 0.408547
1076 0.42775
1077 0.540342
1078 0.344486
1079 0.508565
1080 0.481295
1081 0.453559
1082 0.492608
1083 0.473558
1084 0.444648
1085 0.427348
1086 0.516163
1087 0.0785052
1088 0.494027
1089 0.475147
1090 0.070588
1091 0.195387
1092 0.521392
1093 0.531526
1094 0.469866
1095 0.514536
1096 0.469193
1097 0.517292
1098 0.52777
1099 0.162329
1100 0.0749219
1101 0.0368224
1102 0.0645846
1103 0.0795307
1104 0.314814
1105 0.207428
1106 0.350483
1107 0.200248
1108 0.347537
1109 0.346507
1110 0.19726
1111 0.303368
1112 0.199857
1113 0.161328
1114 0.127474
1115 0.12452
1116 0.191917
1117 0.160712
1118 0.205959
1119 0.0556473
1120 0.175783
1121 0.549855
1122 0.111742
1123 0.333767
1124 0.31763
1125 0.266856
1126 0.519181
1127 0.240317
1128 0.168558
1129 0.573512
1130 0.390874
1131 0.344714
1132 0.109814
1133 0.229236
1134 0.212989
1135 0.335389
1136 0.0731804
1137 0.536172
1138 0.149383
1139 0.761444
1140 0.150101
1141 0.0919776
1142 0.580348
1143 0.131341
1144 0.103785
1145 0.407417
1146 0.331641
1147 0.134402
1148 0.520981
1149 0.465981
1150 0.325652
1151 0.221584
1152 0.0750808
1153 0.369703
1154 0.0333555
1155 0.276818
1156 0.115887
1157 0.255728
1158 0.262214
1159 0.235097
1160 0.281496
1161 0.295824
1162 0.261725
1163 0.246106
1164 0.27583
1165 0.216823
1166 0.289239
1167 0.259258
1168 0.236384
1169 0.310578
1170 0.227869
1171 0.299827
1172 0.338082
1173 0.191554
1174 0.103033
1175 0.138313
1176 0.444707
1177 0.408802
1178 0.250197
1179 0.306286
1180 0.419752
1181 0.15192
1182 0.287716
1183 0.363205
1184 0.440979
1185 0.13343
1186 0.120492
1187 0.11781
1188 0.19732
1189 0.23229
1190 0.320869
1191 0.246229
1192 0.302961
1193 0.308717
1194 0.0761943
1195 0.315276
1196 0.0883969
1197 0.348126
1198 0.562752
1199 0.336152
1200 0.577549
1201 0.380908
1202 0.199127
1203 0.156603
1204 0.074456
1205 0.198812
1206 0.431187
1207 0.630925
1208 0.179918
1209 0.259542
1210 0.262412
1211 0.204002
1212 0.218053
1213 0.232424
1214 0.248686
1215 0.326417
1216 0.591655
1217 0.164855
1218 0.273824
1219 0.564244
1220 0.316574
1221 0.246164
1222 0.125852
1223 0.658617
1224 0.782488
1225 0.442349
1226 0.0832715
1227 0.968594
1228 0.0787835
1229 0.118309
1230 0.344479
1231 0.0847916
1232 0.130293
1233 0.682212
1234 0.313364
1235 0.284417
1236 0.246255
1237 0.0298254
1238 0.293686
1239 0.218553
1240 0.340074
1241 0.269439
1242 0.252209
1243 0.321531
1244 0.321397
1245 0.0361142
1246 0.565923
1247 0.57394
1248 0.723258
1249 0.587976
1250 0.677167
1251 0.301813
1252 0.365523
1253 0.705181
1254 0.0410261
1255 0.0597635
1256 0.0494157
1257 0.400756
1258 0.0756389
1259 0.0673961
1260 0.111278
1261 0.149401
1262 0.114412
1263 0.76422
1264 0.190974
1265 0.186987
1266 0.452953
1267 0.117769
1268 0.128801
1269 0.272176
1270 0.390853
1271 0.338334
1272 0.106832
1273 0.29438
1274 0.0637724
1275 0.331492
1276 0.617021
1277 0.275744
1278 0.696258
1279 0.582636
1280 0.197328
1281 0.123605
1282 0.118786
1283 0.238765
1284 0.283081
1285 0.350671
1286 0.414338
1287 0.0408213
1288 0.0405368
1289 0.351436
1290 0.197596
1291 0.476685
1292 0.36429
1293 0.752934
1294 0.518817
1295 0.301923
1296 0.743678
1297 0.45256
1298 0.0748305
1299 0.389594
1300 0.217551
1301 0.100059
1302 0.484104
1303 0.533077
1304 0.486145
1305 0.268137
1306 0.247252
1307 0.363698
1308 0.386857
1309 0.371096
1310 0.241015
1311 0.131575
1312 0.37159
1313 0.542455
1314 0.148768
1315 0.561887
1316 0.623833
1317 0.894706
1318 0.734534
1319 0.479746
1320 0.765814
1321 0.817138
1322 0.697
1323 0.478708
1324 0.12789
1325 0.120614
1326 0.291163
1327 0.619473
1328 0.572204
1329 0.572412
1330 0.141445
1331 0.443928
1332 0.322527
1333 0.114357
1334 0.290624
1335 0.272752
1336 0.384435
1337 0.538262
1338 0.66456
1339 0.856385
1340 0.674219
1341 0.0807186
1342 0.824486
1343 0.593532
1344 0.200368
1345 0.123268
1346 0.713326
1347 0.634341
1348 0.464017
1349 0.829703
1350 0.698237
1351 0.718947
1352 0.901101
1353 0.724669
1354 0.73711
1355 0.955079
1356 0.841119
1357 0.672867
1358 0.720824
1359 0.775644
1360 0.340485
1361 0.616846
1362 0.385454
1363 0.655043
1364 0.584089
1365 0.622016
1366 0.505113
1367 0.667768
1368 0.695818
1369 0.0744586
1370 0.346392
1371 0.291723
1372 0.406141
1373 0.440969
1374 0.383488
1375 0.151682
1376 0.305524
1377 0.474601
1378 0.164718
1379 0.700128
1380 0.324517
1381 0.267882
1382 0.389145
1383 0.284516
1384 0.418797
1385 0.649584
1386 0.620609
1387 0.53107
1388 0.463173
1389 0.325705
1390 0.0881886
1391 0.567494
1392 0.510069
1393 0.511071
1394 0.442051
1395 0.382731
1396 0.539356
1397 0.515117
1398 0.503307
1399 0.307621
1400 0.750733
1401 0.288454
1402 0.688382
1403 0.307861
1404 0.0441223
1405 0.159908
1406 0.432933
1407 0.127782
1408 0.66401
1409 0.499186
1410 0.55171
1411 0.805035
1412 0.271232
1413 0.428666
1414 0.439874
1415 0.46597
1416 0.611938
1417 0.401178
1418 0.660053
1419 0.763166
1420 0.439817
1421 0.0615144
1422 0.192279
1423 0.320809
1424 0.286334
1425 0.258846
1426 0.358404
1427 0.343635
1428 0.188158
1429 0.715513
1430 0.285176
1431 0.0935734
1432 0.31242
1433 0.342965
1434 0.650276
1435 0.262531
1436 0.392784
1437 0.257203
1438 0.361659
1439 0.453808
1440 0.189307
1441 0.358168
1442 0.506716
1443 0.217752
1444 0.327664
1445 0.091591
1446 0.318748
1447 0.335075
1448 0.459451
1449 0.371594
1450 0.3229
1451 0.242077
1452 0.203879
1453 0.497807
1454 0.50246
1455 0.607456
1456 0.146437
1457 0.519709
1458 0.204009
1459 0.387329
1460 0.482059
1461 0.60247
1462 0.148944
1463 0.510604
1464 0.400635
1465 0.733638
1466 0.231761
1467 0.703364
1468 0.497361
1469 0.694846
1470 0.535754
1471 0.262244
1472 0.509674
1473 0.746025
1474 0.785761
1475 0.421887
1476 0.567627
1477 0.894958
1478 0.825918
1479 0.685852
1480 0.856895
1481 0.6747
1482 0.123726
1483 0.206454
1484 0.287122
1485 0.64875
1486 0.164265
1487 0.0460757
1488 0.230043
1489 0.215596
1490 0.166107
1491 0.458827
1492 0.330778
1493 0.274071
1494 0.25055
1495 0.581626
1496 0.332863
1497 0.386832
1498 0.185055
1499 0.600082
1500 0.121106
1501 0.296221
1502 0.492318
1503 0.240706
1504 0.765426
1505 0.684385
1506 0.750228
1507 0.43858
1508 0.470418
1509 0.419509
1510 0.317998
1511 0.523923
1512 0.251212
1513 0.303235
1514 0.173782
1515 0.218913
1516 0.263009
1517 0.287893
1518 0.0858557
1519 0.436676
1520 0.289705
1521 0.494974
1522 0.26168
1523 0.593265
1524 0.260168
1525 0.251293
1526 0.32216
1527 0.170691
1528 0.383428
1529 0.299296
1530 0.42974
1531 0.223396
1532 0.239809
1533 0.45456
1534 0.585696
1535 0.223039
1536 0.264336
1537 0.218988
1538 0.350476
1539 0.67195
1540 0.656692
1541 0.656908
1542 0.593909
1543 0.139536
1544 0.217942
1545 0.334942
1546 0.351287
1547 0.572791
1548 0.795339
1549 0.149643
1550 0.591787
1551 0.707751
1552 0.660167
1553 0.672071
1554 0.254403
1555 0.127192
1556 0.341219
1557 0.680636
1558 0.133982
1559 0.322532
1560 0.734476
1561 0.412715
1562 0.66601
1563 0.704819
1564 0.16425
1565 0.647353
1566 0.454232
1567 0.665325
1568 0.786215
1569 0.86863
1570 0.870798
1571 0.144305
1572 0.856146
1573 0.678021
1574 0.366492
1575 0.16925
1576 0.498486
1577 0.771801
1578 0.0804096
1579 0.358834
1580 0.55771
1581 0.610126
1582 0.335228
1583 0.0973349
1584 0.291463
1585 0.501306
1586 0.635057
1587 0.847235
1588 0.281335
1589 0.454262
1590 0.359743
1591 0.112404
1592 0.397403
1593 0.0867763
1594 0.147494
1595 0.295973
1596 0.262496
1597 0.348209
1598 0.557683
1599 0.528638
1600 0.350235
1601 0.380553
1602 0.400586
1603 0.612867
1604 0.133428
1605 0.292126
1606 0.281155
1607 0.576264
1608 0.248838
1609 0.321515
1610 0.627908
1611 0.748268
1612 0.510224
1613 0.672849
1614 0.720401
1615 0.446668
1616 0.151346
1617 0.203051
1618 0.167077
1619 0.211706
1620 0.479689
1621 0.523363
1622 0.156966
1623 0.896907
1624 0.695079
1625 0.27679
1626 0.593352
1627 0.253221
1628 0.282628
1629 0.311668
1630 0.788252
1631 0.514408
1632 0.743473
1633 0.422689
1634 0.951637
1635 0.625297
1636 0.569808
1637 0.197814
1638 0.969395
1639 0.860122
1640 0.0979015
1641 0.718597
1642 0.0817967
1643 0.256712
1644 0.432557
1645 0.215345
1646 0.0496124
1647 0.153211
1648 0.099724
1649 0.253617
1650 0.0465287
1651 0.215896
1652 0.230376
1653 0.250199
1654 0.587723
1655 0.27447
1656 0.162602
1657 0.431689
1658 0.328358
1659 0.0794011
1660 0.136361
1661 0.200271
1662 0.230304
1663 0.215822
1664 0.582145
1665 0.250286
1666 0.424078
1667 0.374963
1668 0.525102
1669 0.105899
1670 0.108451
1671 0.236817
1672 0.451684
1673 0.182571
1674 0.194153
1675 0.334653
1676 0.18101
1677 0.945717
1678 0.579374
1679 0.724325
1680 0.583895
1681 0.515452
1682 0.530073
1683 0.301781
1684 0.605454
1685 0.714636
1686 0.456663
1687 0.129341
1688 0.491319
1689 0.78519
1690 0.181241
1691 0.0905901
1692 0.631379
1693 0.909774
1694 0.772053
1695 0.911226
1696 0.901778
1697 0.2516
1698 0.679097
1699 0.462144
1700 0.679747
1701 0.703412
1702 0.766065
1703 0.502571
1704 0.755275
1705 0.57862
1706 0.716933
1707 0.807942
1708 0.880078
1709 0.810044
1710 0.328305
1711 0.467524
1712 0.710517
1713 0.862158
1714 0.668835
1715 0.911291
1716 0.924663
1717 0.843628
1718 0.762415
1719 0.621072
1720 0.670535
1721 0.431795
1722 0.887814
1723 0.394896
1724 0.66673
1725 0.736734
1726 0.894596
1727 0.776925
1728 0.705766
1729 0.764384
1730 0.744428
1731 0.802487
1732 0.873958
1733 0.897735
1734 0.903159
1735 0.66475
1736 0.38338
1737 0.650484
1738 0.450963
1739 0.650696
1740 0.659656
1741 0.658087
1742 0.439135
1743 0.739128
1744 0.896331
1745 0.464854
1746 0.479894
1747 0.646889
1748 0.352324
1749 0.581126
1750 0.476592
1751 0.306778
1752 0.60427
1753 0.692365
1754 0.654351
1755 0.654314
1756 0.573961
1757 0.817767
1758 0.682083
1759 0.668825
1760 0.575134
1761 0.688003
1762 0.875826
1763 0.586709
1764 0.794195
1765 0.82848
1766 0.691909
1767 0.736677
1768 0.598514
1769 0.885612
1770 0.890564
1771 0.798562
1772 0.67362
1773 0.786358
1774 0.673771
1775 0.573429
1776 0.906154
1777 0.889632
1778 0.83114
1779 0.792679
1780 0.663783
1781 0.572221
1782 0.821756
1783 0.704736
1784 0.774397
1785 0.70898
1786 0.554452
1787 0.517342
1788 0.961724
1789 0.919836
1790 0.699353
1791 0.749163
1792 0.599281
1793 0.575679
1794 0.771776
1795 0.664488
1796 0.863479
1797 0.668076
1798 0.434196
1799 0.837982
1800 0.727029
1801 0.673654
1802 0.678493
1803 0.933838
1804 0.904276
1805 0.751598
1806 0.809348
1807 0.714306
1808 0.383058
1809 0.719508
1810 0.707396
1811 0.902432
1812 0.954155
1813 0.853516
1814 0.890685
1815 0.82784
1816 0.74171
1817 0.875279
1818 0.521949
1819 0.493563
1820 0.457599
1821 0.620474
1822 0.668557
1823 0.349973
1824 0.682113
1825 0.752635
1826 0.653703
1827 0.610443
1828 0.451895
1829 0.660619
1830 0.384627
1831 0.888428
1832 0.810458
1833 0.563575
1834 0.584103
1835 0.836494
1836 0.503004
1837 0.499543
1838 0.574496
1839 0.476674
1840 0.801531
1841 0.746395
1842 0.713211
1843 0.483366
1844 0.611694
1845 0.899358
1846 0.562419
1847 0.733146
1848 0.515812
1849 0.693818
1850 0.628714
1851 0.489953
1852 0.680596
1853 0.860911
1854 0.454509
1855 0.605835
1856 0.47398
1857 0.837351
1858 0.713406
1859 0.7556
1860 0.623437
1861 0.364397
1862 0.490626
1863 0.844957
1864 0.852371
1865 0.465251
1866 0.840369
1867 0.789351
1868 0.712844
1869 0.889297
1870 0.559888
1871 0.896543
1872 0.714947
1873 0.207579
1874 0.486348
1875 0.672121
1876 0.803984
1877 0.706363
1878 0.856211
1879 0.856646
1880 0.869993
1881 0.736907
1882 0.562594
1883 0.34631
1884 0.787341
1885 0.470981
1886 0.917776
1887 0.775163
1888 0.534434
1889 0.600412
1890 0.719854
1891 0.790176
1892 0.464335
1893 0.6465
1894 0.638506
1895 0.5524
1896 0.716252
1897 0.403497
1898 0.9368
1899 0.686694
1900 0.885838
1901 0.843758
1902 0.341537
1903 0.563831
1904 0.758988
1905 0.53761
1906 0.530407
1907 0.581471
1908 0.884996
1909 0.822864
1910 0.840015
1911 0.664102
1912 0.84716
1913 0.703417
1914 0.895826
1915 0.790031
1916 0.881455
1917 0.843161
1918 0.812669
1919 0.875447
1920 0.702518
1921 0.902757
1922 0.632679
1923 0.45068
1924 0.628367
1925 0.447785
1926 0.847315
1927 0.654369
1928 0.748688
1929 0.663245
1930 0.870102
1931 0.838823
1932 0.849349
1933 0.718495
1934 0.822332
1935 0.69801
1936 0.765866
1937 0.683532
1938 0.696391
1939 0.237643
1940 0.112068
1941 0.199898
1942 0.833844
1943 0.589371
1944 0.67238
1945 0.856348
1946 0.757326
1947 0.767127
1948 0.277246
1949 0.313898
1950 0.684162
1951 0.707112
1952 0.591379
1953 0.294252
1954 0.506843
1955 0.703714
1956 0.687446
1957 0.734811
1958 0.889912
1959 0.693655
1960 0.613378
1961 0.591535
1962 0.440705
1963 0.319566
1964 0.650841
1965 0.752334
1966 0.720116
1967 0.701565
1968 0.692212
1969 0.800331
1970 0.26882
1971 0.500714
1972 0.669415
1973 0.839006
1974 0.47052
1975 0.382318
1976 0.396202
1977 0.272503
1978 0.298607
1979 0.645397
1980 0.658518
1981 0.335943
1982 0.897178
1983 0.626173
1984 0.789268
1985 0.563433
1986 0.531737
1987 0.531143
1988 0.483006
1989 0.761409
1990 0.880805
1991 0.922375
1992 0.780533
1993 0.904584
1994 0.944369
1995 0.654748
1996 0.693434
1997 0.595475
1998 0.698518
1999 0.613116
2000 0.174992
2001 0.355916
2002 0.810859
2003 0.321455
2004 0.384065
2005 0.614228
2006 0.298279
2007 0.408562
2008 0.686388
2009 0.727183
2010 0.743815
2011 0.867126
2012 0.83222
2013 0.628446
2014 0.314767
2015 0.238397
2016 0.238682
2017 0.496881
2018 0.730057
2019 0.554624
2020 0.609027
2021 0.864263
2022 0.667872
2023 0.33683
2024 0.413661
2025 0.46192
2026 0.578047
2027 0.195929
2028 0.203253
2029 0.570925
2030 0.729814
2031 0.461369
2032 0.474495
2033 0.593905
2034 0.581057
2035 0.514225
2036 0.47501
2037 0.775056
2038 0.669689
2039 0.577511
2040 0.75391
2041 0.864936
2042 0.763893
2043 0.871461
2044 0.692538
2045 0.812167
2046 0.379481
2047 0.476278
2048 0.872736
2049 0.863059
2050 0.45588
2051 0.631048
2052 0.385088
2053 0.4773
2054 0.624785
2055 0.803427
2056 0.486789
2057 0.576682
2058 0.818557
2059 0.88649
2060 0.504355
2061 0.588035
2062 0.47535
2063 0.584222
2064 0.78986
2065 0.839284
2066 0.797398
2067 0.644143
2068 0.221989
2069 0.582887
2070 0.210094
2071 0.313798
2072 0.738397
2073 0.357359
2074 0.449019
2075 0.35654
2076 0.595613
2077 0.539746
2078 0.800163
2079 0.468429
2080 0.782592
2081 0.247993
2082 0.574744
2083 0.865112
2084 0.603112
2085 0.652669
2086 0.608891
2087 0.587235
2088 0.51231
2089 0.274618
2090 0.504604
2091 0.505835
2092 0.241133
2093 0.601474
2094 0.378017
2095 0.677023
2096 0.134765
2097 0.879163
2098 0.68937
2099 0.447463
2100 0.722532
2101 0.424356
2102 0.677712
2103 0.550805
2104 0.651688
2105 0.888721
2106 0.750134
2107 0.816219
2108 0.78007
2109 0.673485
2110 0.546926
2111 0.856842
2112 0.708256
2113 0.888777
2114 0.675718
2115 0.867604
2116 0.696057
2117 0.718326
2118 0.454446
2119 0.608702
2120 0.811965
2121 0.68502
2122 0.716835
2123 0.754682
2124 0.811781
2125 0.817194
2126 0.884346
2127 0.738567
2128 0.802503
2129 0.786827
2130 0.610579
2131 0.711048
2132 0.673545
2133 0.726346
2134 0.74138
2135 0.848416
2136 0.643023
2137 0.863629
2138 0.653948
2139 0.915398
2140 0.656275
2141 0.909675
2142 0.794133
2143 0.902999
2144 0.81976
2145 0.843162
2146 0.888351
2147 0.810188
2148 0.810265
2149 0.832424
2150 0.748432
2151 0.971316
2152 0.730053
2153 0.809236
2154 0.749959
2155 0.950799
2156 0.913553
2157 0.590735
2158 0.679548
2159 0.868361
2160 0.696836
2161 0.633769
2162 0.754709
2163 0.788906
2164 0.583747
2165 0.761539
2166 0.765283
2167 0.952572
2168 0.825882
2169 0.909163
2170 0.720449
2171 0.825491
2172 0.771745
2173 0.510326
2174 0.555314
2175 0.626032
2176 0.66757
2177 0.747711
2178 0.895395
2179 0.75685
2180 0.933264
2181 0.748531
2182 0.803883
2183 0.846142
2184 0.627755
2185 0.754301
2186 0.784812
2187 0.792121
2188 0.464192
2189 0.694049
2190 0.970851
2191 0.73305
2192 0.843735
2193 0.803114
2194 0.881664
2195 0.758505
2196 0.770188
2197 0.577084
2198 0.942187
2199 0.78333
2200 0.811991
2201 0.79533
2202 0.808869
2203 0.848483
2204 0.712572
2205 0.666251
2206 0.563021
2207 0.75288
2208 0.908882
2209 0.615333
2210 0.624395
2211 0.697901
2212 0.951685
2213 0.752825
2214 0.768569
2215 0.658067
2216 0.803416
2217 0.68146
2218 0.730456
2219 0.732703
2220 0.830237
2221 0.728387
2222 0.88998
2223 0.684877
2224 0.523734
2225 0.771873
2226 0.656959
2227 0.733583
2228 0.939956
2229 0.715709
2230 0.702757
2231 0.893488
2232 0.683999
2233 0.846282
2234 0.852791
2235 0.876746
2236 0.616349
2237 0.457287
2238 0.718835
2239 0.795297
2240 0.712261
2241 0.571218
2242 0.694976
2243 0.551488
2244 0.876578
2245 0.518671
2246 0.716224
2247 0.933213
2248 0.861443
2249 0.872022
2250 0.818402
2251 0.887908
2252 0.950276
2253 0.48741
2254 0.921359
2255 0.604838
2256 0.677852
2257 0.843851
2258 0.834344
2259 0.815853
2260 0.851056
2261 0.757414
2262 0.727695
2263 0.987696
2264 0.730427
2265 0.976282
2266 0.67159
2267 0.787067
2268 0.688638
2269 0.693963
2270 0.762631
2271 0.869548
2272 0.606808
2273 0.844803
2274 0.710434
2275 0.807901
2276 0.857461
2277 0.823603
2278 0.830122
2279 0.700915
2280 0.583679
2281 0.668056
2282 0.591951
2283 0.665748
2284 0.899388
2285 0.820584
2286 0.915195
2287 0.939483
2288 0.549066
2289 0.877178
2290 0.96257
2291 0.474736
2292 0.673329
2293 0.803746
2294 0.72663
2295 0.709269
2296 0.694266
2297 0.435878
2298 0.555194
2299 0.611723
2300 0.712779
2301 0.658822
2302 0.847269
2303 0.712955
2304 0.628091
2305 0.463034
2306 0.439276
2307 0.776896
2308 0.728099
2309 0.742403
2310 0.671138
2311 0.931159
2312 0.847339
2313 0.75168
2314 0.664128
2315 0.69478
2316 0.691756
2317 0.802009
2318 0.380476
2319 0.700544
2320 0.983007
2321 0.693803
2322 0.883776
2323 0.869218
2324 0.946457
2325 0.488142
2326 0.495584
2327 0.513031
2328 0.721282
2329 0.781204
2330 0.839304
2331 0.80684
2332 0.799743
2333 0.815508
2334 0.869786
2335 0.666845
2336 0.766701
2337 0.831375
2338 0.601315
2339 0.694471
2340 0.754611
2341 0.730615
2342 0.628465
2343 0.882629
2344 0.915014
2345 0.516946
2346 0.696961
2347 0.769133
2348 0.730679
2349 0.590092
2350 0.858464
2351 0.777421
2352 0.695673
2353 0.577866
2354 0.625577
2355 0.572627
2356 0.677739
2357 0.820177
2358 0.490518
2359 0.625891
2360 0.573164
2361 0.679625
2362 0.554402
2363 0.615268
2364 0.456581
2365 0.554197
2366 0.536369
2367 0.748754
2368 0.800763
2369 0.745685
2370 0.920032
2371 0.914955
2372 0.83559
2373 0.672847
2374 0.79026
2375 0.855507
2376 0.653088
2377 0.888665
2378 0.696127
2379 0.730177
2380 0.949768
2381 0.738489
2382 0.842882
2383 0.889833
2384 0.860864
2385 0.832988
2386 0.921573
2387 0.957573
2388 0.765813
2389 0.969664
2390 0.497991
2391 0.700425
2392 0.862305
2393 0.805268
2394 0.916245
2395 0.77059
2396 0.92064
2397 0.904451
2398 0.857718
2399 0.465724
2400 0.719143
2401 0.749396
2402 0.850273
2403 0.462683
2404 0.824301
2405 0.946386
2406 0.721939
2407 0.893475
2408 0.684407
2409 0.629556
2410 0.893656
2411 0.65236
2412 0.843926
2413 0.743057
2414 0.789246
2415 0.89046
2416 0.759504
2417 0.71498
2418 0.842782
2419 0.782246
2420 0.92215
2421 0.609482
2422 0.626604
2423 0.736248
2424 0.441799
2425 0.728913
2426 0.788214
2427 0.702423
2428 0.519512
2429 0.71508
2430 0.690335
2431 0.577805
2432 0.695678
2433 0.52683
2434 0.633672
2435 0.464193
2436 0.72208
2437 0.650557
2438 0.668808
2439 0.815249
2440 0.681982
2441 0.792804
2442 0.813814
2443 0.630464
2444 0.450106
2445 0.759001
2446 0.32221
2447 0.825815
2448 0.689052
2449 0.597239
2450 0.562102
2451 0.765098
2452 0.947057
2453 0.647273
2454 0.821389
2455 0.674133
2456 0.771207
2457 0.706201
2458 0.821242
2459 0.570592
2460 0.78664
2461 0.584798
2462 0.784611
2463 0.635974
2464 0.650858
2465 0.776697
2466 0.617101
2467 0.705613
2468 0.494406
2469 0.665444
2470 0.691748
2471 0.621565
2472 0.715368
2473 0.768388
2474 0.7056
2475 0.573674
2476 0.585628
2477 0.616474
2478 0.529699
2479 0.506097
2480 0.61097
2481 0.769143
2482 0.679556
2483 0.427342
2484 0.648315
2485 0.811021
2486 0.651335
2487 0.830087
2488 0.695112
2489 0.787322
2490 0.891233
2491 0.817676
2492 0.938354
2493 0.741554
2494 0.651785
2495 0.599434
2496 0.592756
2497 0.230542
2498 0.839411
2499 0.837274
2500 0.742451
2501 0.854121
2502 0.774067
2503 0.291103
2504 0.0312218
2505 0.0920697
2506 0.0527393
2507 0.0327053
2508 0.0858747
2509 0.0478982
2510 0.401013
2511 0.0560903
2512 0.0615696
2513 0.10461
2514 0.388574
2515 0.181417
2516 0.175679
2517 0.179788
2518 0.0193154
2519 0.147287
2520 0.300567
2521 0.0115874
2522 0.256119
2523 0.178
2524 0.174273
2525 0.134396
2526 0.282555
2527 0.153357
2528 0.151767
2529 0.315693
2530 0.122535
2531 0.181221
2532 0.201022
2533 0.0348385
2534 0.165854
2535 0.18025
2536 0.174396
2537 0.171848
2538 0.146454
2539 0.145007
2540 0.14571
2541 0.176798
2542 0.0226908
2543 0.143706
2544 0.314978
2545 0.144862
2546 0.5527
2547 0.143164
2548 0.0150759
2549 0.00967364
2550 0.446366
2551 0.3084
2552 0.164434
2553 0.178515
2554 0.0637852
2555 0.179757
2556 0.16291
2557 0.170607
2558 0.0243554
2559 0.176635
2560 0.172269
2561 0.135152
2562 0.167376
2563 0.146747
2564 0.149893
2565 0.15797
2566 0.143813
2567 0.146472
2568 0.14657
2569 0.144758
2570 0.18045
2571 0.181733
2572 0.143226
2573 0.0119163
2574 0.0496433
2575 0.118866
2576 0.0141762
2577 0.452116
2578 0.27222
2579 0.0476125
2580 0.0748745
2581 0.273233
2582 0.0316216
2583 0.21858
2584 0.331825
2585 0.331376
2586 0.0350883
2587 0.368458
2588 0.0319623
2589 0.326195
2590 0.0564516
2591 0.34429
2592 0.0318684
2593 0.0288621
2594 0.0648269
2595 0.0339855
2596 0.325323
2597 0.0285441
2598 0.345465
2599 0.0275235
2600 0.453442
2601 0.165875
2602 0.281254
2603 0.182563
2604 0.0142702
2605 0.0310047
2606 0.265895
2607 0.055296
2608 0.632749
2609 0.324315
2610 0.248891
2611 0.187493
2612 0.291845
2613 0.0163912
2614 0.24904
2615 0.138321
2616 0.222804
2617 0.669154
2618 0.451737
2619 0.0663336
2620 0.327002
2621 0.181733
2622 0.182479
2623 0.173136
2624 0.0131648
2625 0.481999
2626 0.0197918
2627 0.0661345
2628 0.47124
2629 0.445955
2630 0.132185
2631 0.32643
2632 0.0074296
2633 0.451177
2634 0.010506
2635 0.177684
2636 0.182018
2637 0.175358
2638 0.29895
2639 0.10644
2640 0.278804
2641 0.399032
2642 0.0892285
2643 0.342906
2644 0.0329404
2645 0.304162
2646 0.0488108
2647 0.271209
2648 0.0302948
2649 0.0743704
2650 0.348401
2651 0.514126
2652 0.34171
2653 0.323889
2654 0.5008
2655 0.310607
2656 0.250723
2657 0.315961
2658 0.0578099
2659 0.234884
2660 0.323255
2661 0.0242969
2662 0.0315648
2663 0.0656451
2664 0.600026
2665 0.332687
2666 0.0463422
2667 0.459755
2668 0.325776
2669 0.419717
2670 0.410022
2671 0.0840522
2672 0.53803
2673 0.031101
2674 0.150252
2675 0.0477509
2676 0.104349
2677 0.0168489
2678 0.32398
2679 0.541312
2680 0.103217
2681 0.0823576
2682 0.485485
2683 0.0323119
2684 0.0961834
2685 0.128082
2686 0.0666207
2687 0.370331
2688 0.0132252
2689 0.400673
2690 0.030951
2691 0.0276128
2692 0.0828787
2693 0.0660893
2694 0.0367267
2695 0.013177
2696 0.10474
2697 0.485225
2698 0.0139904
2699 0.137923
2700 0.043479
2701 0.0231931
2702 0.391027
2703 0.238175
2704 0.0910264
2705 0.113716
2706 0.435998
2707 0.32473
2708 0.19237
2709 0.172894
2710 0.0150139
2711 0.0171985
2712 0.108521
2713 0.320003
2714 0.261979
2715 0.345468
2716 0.0202444
2717 0.0222118
2718 0.259075
2719 0.323679
2720 0.34979
2721 0.353758
2722 0.0411723
2723 0.0377991
2724 0.0195308
2725 0.0370328
2726 0.199481
2727 0.0578712
2728 0.118925
2729 0.251535
2730 0.348601
2731 0.244427
2732 0.290329
2733 0.0316589
2734 0.260158
2735 0.0212348
2736 0.611657
2737 0.0940039
2738 0.079831
2739 0.132747
2740 0.144541
2741 0.0378388
2742 0.144657
2743 0.292566
2744 0.012088
2745 0.0302593
2746 0.379778
2747 0.172368
2748 0.177707
2749 0.0455992
2750 0.769594
2751 0.220075
2752 0.112673
2753 0.47022
2754 0.219442
2755 0.294811
2756 0.514338
2757 0.319835
2758 0.406135
2759 0.398194
2760 0.193054
2761 0.10571
2762 0.171907
2763 0.0761096
2764 0.578902
2765 0.463997
2766 0.650416
2767 0.0705981
2768 0.15996
2769 0.199999
2770 0.397746
2771 0.47291
2772 0.172794
2773 0.210753
2774 0.250491
2775 0.0298256
2776 0.119492
2777 0.240451
2778 0.62651
2779 0.422934
2780 0.726828
2781 0.676719
2782 0.219905
2783 0.481161
2784 0.2789
2785 0.447908
2786 0.496405
2787 0.437772
2788 0.578814
2789 0.0253695
2790 0.151259
2791 0.579008
2792 0.00106516
2793 0.666533
2794 0.489658
2795 0.261974
2796 0.103194
2797 0.518844
2798 0.250677
2799 0.247855
2800 0.273709
2801 0.0392968
2802 0.049615
2803 0.00371069
2804 0.163459
2805 0.0442215
2806 0.0867975
2807 0.0657402
2808 0.0181802
2809 0.249266
2810 0.0144849
2811 0.252383
2812 0.0823077
2813 0.168103
2814 0.283111
2815 0.161804
2816 0.0881561
2817 0.163153
2818 0.252569
2819 0.0150953
2820 0.121128
2821 0.0263442
2822 0.0519071
2823 0.849706
2824 0.336163
2825 0.0410321
2826 0.0953788
2827 0.0441822
2828 0.159084
2829 0.0729011
2830 0.0325929
2831 0.0410139
2832 0.0580165
2833 0.310156
2834 0.0896654
2835 0.284729
2836 0.24315
2837 0.00263562
2838 0.0149978
2839 0.021449
2840 0.0827127
2841 0.0352968
2842 0.0441822
2843 0.0289633
2844 0.0322991
2845 0.224973
2846 0.0510476
2847 0.30569
2848 0.0316601
2849 0.0519071
2850 0.0143546
2851 0.773786
2852 0.483864
2853 0.0151049
2854 0.0205729
2855 0.4032
2856 0.403262
2857 0.0960352
2858 0.214472
2859 0.0167945
2860 0.254083
2861 0.0380115
2862 0.0194826
2863 0.066018
2864 0.00854768
2865 0.04297
2866 0.584325
2867 0.210615
2868 0.116278
2869 0.170408
2870 0.123845
2871 0.44485
2872 0.0231079
2873 0.552765
2874 0.112426
2875 0.755703
2876 0.37133
2877 0.000764844
2878 0.229501
2879 0.050042
2880 0.282121
2881 0.121045
2882 0.00523538
2883 0.0770429
2884 0.0719455
2885 0.117748
2886 0.0401502
2887 0.0620535
2888 0.250218
2889 0.063049
2890 0.0491593
2891 0.0406528
2892 0.310933
2893 0.0397068
2894 0.497018
2895 0.0253877
2896 0.25585
2897 0.00156892
2898 0.265658
2899 0.248574
2900 0.0403689
2901 0.00349655
2902 0.222008
2903 0.278668
2904 0.0162652
2905 0.487334
2906 0.00701643
2907 0.0213232
2908 0.177651
2909 0.0523259
2910 0.0084203
2911 0.00116202
2912 0.0527637
2913 0.0132698
2914 0.282715
2915 0.0476362
2916 0.160315
2917 0.0756897
2918 0.0100882
2919 0.147896
2920 0.0637344
2921 0.154296
2922 0.0405289
2923 0.0313846
2924 0.0144296
2925 0.0149502
2926 0.0194155
2927 0.145453
2928 0.017496
2929 0.0178389
2930 0.0175186
2931 0.0541812
2932 0.0364582
2933 0.0165362
2934 0.153715
2935 0.0484196
2936 0.0178113
2937 0.0153278
2938 0.022664
2939 0.00314508
2940 0.0463482
2941 0.0148578
2942 0.107125
2943 0.0545256
2944 0.0232287
2945 0.34197
2946 0.171893
2947 0.113888
2948 0.0374719
2949 0.0188719
2950 0.183978
2951 0.0378329
2952 0.498954
2953 0.152663
2954 0.176027
2955 0.138775
2956 0.254729
2957 0.0583307
2958 0.171454
2959 0.0303212
2960 0.166497
2961 0.25028
2962 0.254794
2963 0.153575
2964 0.0115632
2965 0.486258
2966 0.299965
2967 0.0513829
2968 0.022486
2969 0.169409
2970 0.00713516
2971 0.260007
2972 0.0796268
2973 0.297618
2974 0.153575
2975 0.154889
2976 0.0644992
2977 0.425952
2978 0.0520317
2979 0.155191
2980 0.10223
2981 0.299604
2982 0.0601334
2983 0.0042522
2984 0.133107
2985 0.244928
2986 0.0393978
2987 0.109424
2988 0.0845812
2989 0.0161667
2990 0.0659679
2991 0.0171552
2992 0.0988763
2993 0.0295323
2994 0.138621
2995 0.00855059
2996 0.0165044
2997 0.0421343
2998 0.0303241
2999 0.0166999
3000 0.0352984
3001 0.129458
3002 0.196142
3003 0.274299
3004 0.0159475
3005 0.0338188
3006 0.15137
3007 0.162638
3008 0.251978
3009 0.498792
3010 0.0285574
3011 0.125507
3012 0.0286053
3013 0.174326
3014 0.00893241
3015 0.283136
3016 0.0394184
3017 0.0650547
3018 0.136425
3019 0.274655
3020 0.0943388
3021 0.0259404
3022 0.0219657
3023 0.0974237
3024 0.000982908
3025 0.0567569
3026 0.146814
3027 0.0826881
3028 0.0836682
3029 0.0221048
3030 0.153078
3031 0.0229904
3032 0.0524424
3033 0.0310589
3034 0.0343616
3035 0.262044
3036 0.0413839
3037 0.0304268
3038 0.138792
3039 0.0692529
3040 0.225914
3041 0.227684
3042 0.0214096
3043 0.15271
3044 0.091677
3045 0.00239667
3046 0.243326
3047 0.0121675
3048 0.15755
3049 0.179375
3050 0.147009
3051 0.0263252
3052 0.146145
3053 0.0170864
3054 0.0395277
3055 0.0220396
3056 0.184476
3057 0.0313033
3058 0.0316614
3059 0.0409087
3060 0.00152106
3061 0.160451
3062 0.156532
3063 0.029721
3064 0.0105579
3065 0.0282942
3066 0.0387383
3067 0.0213288
3068 0.00105554
3069 0.532938
3070 0.400424
3071 0.0108165
3072 0.428406
3073 0.653928
3074 0.642659
3075 0.272851
3076 0.0479013
3077 0.528137
3078 0.238973
3079 0.0879199
3080 0.00752842
3081 0.163379
3082 0.393308
3083 0.492618
3084 0.282261
3085 0.427451
3086 0.306995
3087 0.655892
3088 0.00721587
3089 0.666078
3090 0.504179
3091 0.10073
3092 0.50174
3093 0.063139
3094 0.0587163
3095 0.234911
3096 0.0160655
3097 0.106639
3098 0.288199
3099 0.0305797
3100 0.0441123
3101 0.0312671
3102 0.164831
3103 0.0349639
3104 0.0296827
3105 0.0381236
3106 0.00842733
3107 0.0193761
3108 0.147893
3109 0.110451
3110 0.550624
3111 0.598209
3112 0.305434
3113 0.302837
3114 0.297618
3115 0.487334
3116 0.020962
3117 0.0267984
3118 0.0214279
3119 0.146484
3120 0.447884
3121 0.295384
3122 0.0531343
3123 0.0365201
3124 0.0235002
3125 0.09628
3126 0.288199
3127 0.216471
3128 0.501522
3129 0.304444
3130 0.165084
3131 0.0765235
3132 0.106302
3133 0.695563
3134 0.503664
3135 0.042506
3136 0.301782
3137 0.404128
3138 0.507255
3139 0.442462
3140 0.30569
3141 0.0461481
3142 0.498792
3143 0.45707
3144 0.284803
3145 0.0792122
3146 0.00152644
3147 0.00234282
3148 0.297534
3149 0.0251895
3150 0.0461481
3151 0.177159
3152 0.507255
3153 0.301782
3154 0.00927536
3155 0.0572889
3156 0.581278
3157 0.203019
3158 0.00277879
3159 0.105943
3160 0.139156
3161 0.0190054
3162 0.0113012
3163 0.0342158
3164 0.297534
3165 0.0311829
3166 0.0386721
3167 0.242733
3168 0.032269
3169 0.0235454
3170 0.480842
3171 0.0428638
3172 0.0443766
3173 0.0582315
3174 0.0535659
3175 0.0199734
3176 0.0170324
3177 0.00591673
3178 0.151411
3179 0.425004
3180 0.0177613
3181 0.0105305
3182 0.174186
3183 0.183152
3184 0.47584
3185 0.240105
3186 0.158137
3187 0.0754744
3188 0.406677
3189 0.815178
3190 0.0897494
3191 0.138707
3192 0.879117
3193 0.3412
3194 0.359109
3195 0.118378
3196 0.025189
3197 0.0968236
3198 0.121127
3199 0.0826271
3200 0.0318341
3201 0.0103713
3202 0.452712
3203 0.600288
3204 0.279331
3205 0.0877455
3206 0.248235
3207 0.261733
3208 0.408375
3209 0.0114284
3210 0.0551138
3211 0.0271937
3212 0.750962
3213 0.293683
3214 0.399286
3215 0.288558
3216 0.437188
3217 0.56957
3218 0.440549
3219 0.609372
3220 0.298369
3221 0.330694
3222 0.167826
3223 0.0613558
3224 0.0419354
3225 0.0144186
3226 0.190542
3227 0.00633234
3228 0.0744347
3229 0.462767
3230 0.224842
3231 0.0351231
3232 0.290411
3233 0.00407186
3234 0.0234633
3235 0.00582911
3236 0.0724479
3237 0.0138638
3238 0.13948
3239 0.0673229
3240 0.0267482
3241 0.0248865
3242 0.0209883
3243 0.480252
3244 0.475739
3245 0.0250716
3246 0.201471
3247 0.177019
3248 0.0365871
3249 0.276859
3250 0.0408289
3251 0.0531193
3252 0.0964691
3253 0.130482
3254 0.0789032
3255 0.0803025
3256 0.0770078
3257 0.0794966
3258 0.214439
3259 0.0209956
3260 0.221874
3261 0.0479158
3262 0.200747
3263 0.0690869
3264 0.438754
3265 0.130437
3266 0.0497987
3267 0.0607804
3268 0.0783242
3269 0.0752261
3270 0.0284396
3271 0.011335
3272 0.114599
3273 0.116647
3274 0.885062
3275 0.0886871
3276 0.199838
3277 0.355865
3278 0.520353
3279 0.0536339
3280 0.455491
3281 0.59809
3282 0.674406
3283 0.44001
3284 0.0173712
3285 0.106001
3286 0.81853
3287 0.790316
3288 0.398557
3289 0.112405
3290 0.00881826
3291 0.00116427
3292 0.0138899
3293 0.01056
3294 0.0243771
3295 0.00327698
3296 0.378641
3297 0.237655
3298 0.0094686
3299 0.0579052
3300 0.00147561
3301 0.142089
3302 0.0154223
3303 0.00364212
3304 0.00889822
3305 0.0150014
3306 0.495399
3307 0.48164
3308 0.276877
3309 0.0331904
3310 0.464079
3311 0.0532427
3312 0.431563
3313 0.234936
3314 0.0716449
3315 0.0937684
3316 0.0638637
3317 0.0507699
3318 0.190407
3319 0.139911
3320 0.297096
3321 0.0509802
3322 0.118191
3323 0.0110404
3324 0.0433322
3325 0.178788
3326 0.0104286
3327 0.701094
3328 0.323635
3329 0.295956
3330 0.0151955
3331 0.0346329
3332 0.0993491
3333 0.171521
3334 0.0458117
3335 0.0175037
3336 0.065057
3337 0.0682895
3338 0.0282072
3339 0.297064
3340 0.0494351
3341 0.111514
3342 0.252381
3343 0.295956
3344 0.0650808
3345 0.0690048
3346 0.078509
3347 0.0547159
3348 0.106613
3349 0.0388775
3350 0.154244
3351 0.115191
3352 0.316831
3353 0.444006
3354 0.56731
3355 0.0346936
3356 0.199571
3357 0.0641873
3358 0.0766332
3359 0.0110343
3360 0.00374898
3361 0.12894
3362 0.12568
3363 0.0960859
3364 0.0166211
3365 0.0284197
3366 0.0691062
3367 0.00293146
3368 0.0646867
3369 0.00995788
3370 0.00826515
3371 0.00899419
3372 0.297226
3373 0.0434701
3374 0.0170925
3375 0.0117702
3376 0.00761212
3377 0.012824
3378 0.00675738
3379 0.322046
3380 0.0631419
3381 0.684054
3382 0.00904196
3383 0.00336311
3384 0.325341
3385 0.0959133
3386 0.00569674
3387 0.667654
3388 0.0970373
3389 0.137547
3390 0.00450149
3391 0.0151232
3392 0.0112117
3393 0.363739
3394 0.142128
3395 0.0169018
3396 0.111517
3397 0.279325
3398 0.0227017
3399 0.179742
3400 0.60388
3401 0.121079
3402 0.0114742
3403 0.530077
3404 0.0678159
3405 0.270076
3406 0.0456
3407 0.0115741
3408 0.0224834
3409 0.0633612
3410 0.0485062
3411 0.0652637
3412 0.614024
3413 0.438025
3414 0.270842
3415 0.59534
3416 0.698455
3417 0.375405
3418 0.394144
3419 0.971189
3420 0.472631
3421 0.8323
3422 0.428489
3423 0.0458622
3424 0.217544
3425 0.240377
3426 0.174571
3427 0.0880068
3428 0.406426
3429 0.0589159
3430 0.0118818
3431 0.0525161
3432 0.110661
3433 0.134984
3434 0.0762184
3435 0.652913
3436 0.22088
3437 0.119378
3438 0.144661
3439 0.0678435
3440 0.537143
3441 0.22088
3442 0.115299
3443 0.226206
3444 0.70837
3445 0.0421844
3446 0.00983463
3447 0.0151046
3448 0.0290879
3449 0.0502538
3450 0.0152538
3451 0.0493209
3452 0.011668
3453 0.0487174
3454 0.0846857
3455 0.0373277
3456 0.082082
3457 0.0115718
3458 0.0444345
3459 0.0911874
3460 0.0749703
3461 0.0343719
3462 0.227073
3463 0.0797494
3464 0.118796
3465 0.558632
3466 0.214489
3467 0.204876
3468 0.185165
3469 0.34581
3470 0.204876
3471 0.656128
3472 0.191709
3473 0.147158
3474 0.108201
3475 0.0204604
3476 0.0119662
3477 0.190087
3478 0.0298345
3479 0.0238314
3480 0.0225556
3481 0.238876
3482 0.0462613
3483 0.0675745
3484 0.21187
3485 0.0809191
3486 0.168297
3487 0.0864639
3488 0.306263
3489 0.26981
3490 0.421002
3491 0.258603
3492 0.112496
3493 0.35024
3494 0.162585
3495 0.0809063
3496 0.0234697
3497 0.083106
3498 0.135782
3499 0.270065
3500 0.493626
3501 0.0118138
3502 0.09447
3503 0.254556
3504 0.177932
3505 0.371771
3506 0.292403
3507 0.278808
3508 0.19935
3509 0.626148
3510 0.00908476
3511 0.0242199
3512 0.0970328
3513 0.253958
3514 0.13928
3515 0.165477
3516 0.124056
3517 0.102388
3518 0.258633
3519 0.0446056
3520 0.0437772
3521 0.281923
3522 0.0225654
3523 0.0361263
3524 0.0199945
3525 0.0315438
3526 0.22223
3527 0.00805975
3528 0.0818962
3529 0.0453446
3530 0.0326198
3531 0.0310814
3532 0.0211836
3533 0.0224915
3534 0.00389448
3535 0.0217824
3536 0.246836
3537 0.00879746
3538 0.0262192
3539 0.221728
3540 0.040792
3541 0.0432208
3542 0.0582712
3543 0.191142
3544 0.0113083
3545 0.0378114
3546 0.03431
3547 0.0120014
3548 0.465828
3549 0.285753
3550 0.468524
3551 0.183382
3552 0.131502
3553 0.195043
3554 0.751533
3555 0.130643
3556 0.139943
3557 0.394918
3558 0.0357256
3559 0.0368345
3560 0.125202
3561 0.122053
3562 0.0910162
3563 0.531988
3564 0.495013
3565 0.244129
3566 0.0532787
3567 0.0679244
3568 0.39443
3569 0.356688
3570 0.651619
3571 0.720675
3572 0.363953
3573 0.490865
3574 0.380317
3575 0.0183924
3576 0.09834
3577 0.0409146
3578 0.0453885
3579 0.56541
3580 0.533473
3581 0.651974
3582 0.592481
3583 0.17808
3584 0.103425
3585 0.00538869
3586 0.118477
3587 0.452939
3588 0.105059
3589 0.0108334
3590 0.0371732
3591 0.408825
3592 0.0407384
3593 0.0347306
3594 0.0235532
3595 0.106688
3596 0.161394
3597 0.509179
3598 0.0414071
3599 0.163549
3600 0.0864841
3601 0.0505627
3602 0.331588
3603 0.416935
3604 0.0349684
3605 0.34356
3606 0.27104
3607 0.0915346
3608 0.44959
3609 0.749924
3610 0.611904
3611 0.573208
3612 0.26449
3613 0.048482
3614 0.481262
3615 0.093067
3616 0.154639
3617 0.146368
3618 0.274964
3619 0.135365
3620 0.429622
3621 0.0770688
3622 0.446714
3623 0.0897289
3624 0.14011
3625 0.14567
3626 0.041061
3627 0.133014
3628 0.337699
3629 0.00403356
3630 0.449092
3631 0.00553636
3632 0.233968
3633 0.0818559
3634 0.121074
3635 0.0909598
3636 0.180017
3637 0.0250927
3638 0.0566144
3639 0.0146237
3640 0.0921582
3641 0.0164691
3642 0.118936
3643 0.124902
3644 0.136967
3645 0.10502
3646 0.0531025
3647 0.103984
3648 0.0886823
3649 0.0775271
3650 0.175924
3651 0.0234135
3652 0.0102508
3653 0.118309
3654 0.0658669
3655 0.185372
3656 0.0944164
3657 0.0557606
3658 0.0474777
3659 0.0548314
3660 0.0259049
3661 0.652175
3662 0.358457
3663 0.553484
3664 0.21617
3665 0.0324854
3666 0.122027
3667 0.377059
3668 0.513681
3669 0.314042
3670 0.353735
3671 0.106419
3672 0.322324
3673 0.160795
3674 0.301986
3675 0.58124
3676 0.292803
3677 0.34594
3678 0.350909
3679 0.321324
3680 0.0174998
3681 0.228045
3682 0.0443897
3683 0.0461143
3684 0.345056
3685 0.308147
3686 0.262391
3687 0.374065
3688 0.556926
3689 0.3955
3690 0.0148599
3691 0.0661825
3692 0.110892
3693 0.0128907
3694 0.0171182
3695 0.216457
3696 0.214203
3697 0.0810232
3698 0.110183
3699 0.529438
3700 0.187927
3701 0.0291919
3702 0.402255
3703 0.0117996
3704 0.113113
3705 0.0365285
3706 0.142189
3707 0.0436839
3708 0.0313395
3709 0.0547664
3710 0.0352457
3711 0.0399101
3712 0.196671
3713 0.219661
3714 0.574951
3715 0.0901777
3716 0.0172002
3717 0.0234218
3718 0.141632
3719 0.101632
3720 0.0966722
3721 0.0633556
3722 0.181151
3723 0.0215617
3724 0.0467808
3725 0.0467343
3726 0.0118091
3727 0.0747279
3728 0.153343
3729 0.252088
3730 0.269964
3731 0.607437
3732 0.49791
3733 0.175413
3734 0.0658038
3735 0.0092834
3736 0.0736075
3737 0.0740548
3738 0.0616064
3739 0.035407
3740 0.0116344
3741 0.147372
3742 0.184932
3743 0.791808
3744 0.0390521
3745 0.414852
3746 0.0631831
3747 0.183154
3748 0.0322384
3749 0.0537095
3750 0.0610693
3751 0.0577988
3752 0.0963734
3753 0.286102
3754 0.0386406
3755 0.0455073
3756 0.124135
3757 0.138227
3758 0.0873398
3759 0.0593178
3760 0.0615826
3761 0.245988
3762 0.0522473
3763 0.162619
3764 0.013673
3765 0.108752
3766 0.0286713
3767 0.0747885
3768 0.040754
3769 0.168056
3770 0.164553
3771 0.147954
3772 0.420677
3773 0.140913
3774 0.157573
3775 0.348279
3776 0.446565
3777 0.34068
3778 0.0660259
3779 0.0811795
3780 0.0334008
3781 0.116283
3782 0.159465
3783 0.0744727
3784 0.315091
3785 0.162142
3786 0.125456
3787 0.074007
3788 0.151742
3789 0.427108
3790 0.123587
3791 0.155616
3792 0.0237036
3793 0.097405
3794 0.0329936
3795 0.444766
3796 0.0374216
3797 0.110248
3798 0.581904
3799 0.370376
3800 0.339438
3801 0.032155
3802 0.360695
3803 0.531018
3804 0.100342
3805 0.30463
3806 0.17151
3807 0.421907
3808 0.128739
3809 0.287647
3810 0.079732
3811 0.296218
3812 0.133588
3813 0.102716
3814 0.125397
3815 0.23221
3816 0.809101
3817 0.108752
3818 0.0744913
3819 0.00901809
3820 0.0257158
3821 0.138759
3822 0.70388
3823 0.111145
3824 0.799555
3825 0.586796
3826 0.0553726
3827 0.0293992
3828 0.334611
3829 0.130054
3830 0.038648
3831 0.0306347
3832 0.162875
3833 0.0523681
3834 0.0406646
3835 0.0253425
3836 0.0595598
3837 0.10377
3838 0.0488917
3839 0.0486792
3840 0.0785422
3841 0.0304025
3842 0.0531697
3843 0.660541
3844 0.269652
3845 0.609782
3846 0.655153
3847 0.742961
3848 0.558556
3849 0.42368
3850 0.283796
3851 0.166127
3852 0.208395
3853 0.418167
3854 0.865926
3855 0.648024
3856 0.78342
3857 0.393897
3858 0.397795
3859 0.459494
3860 0.726548
3861 0.701954
3862 0.436162
3863 0.741322
3864 0.834717
3865 0.564191
3866 0.317008
3867 0.22446
3868 0.444961
3869 0.170689
3870 0.550345
3871 0.504471
3872 0.816428
3873 0.400433
3874 0.495399
3875 0.0884683
3876 0.342434
3877 0.249176
3878 0.405393
3879 0.724819
3880 0.473297
3881 0.652477
3882 0.3589
3883 0.718024
3884 0.521191
3885 0.329185
3886 0.423907
3887 0.353185
3888 0.721354
3889 0.320281
3890 0.111591
3891 0.624433
3892 0.0163995
3893 0.506839
3894 0.538489
3895 0.530785
3896 0.392719
3897 0.301781
3898 0.345698
3899 0.666133
3900 0.567122
3901 0.823438
3902 0.0305694
3903 0.208617
3904 0.00276109
3905 0.0350895
3906 0.0449483
3907 0.755142
3908 0.00821906
3909 0.0220347
3910 0.272292
3911 0.0119533
3912 0.485808
3913 0.108464
3914 0.346897
3915 0.0852135
3916 0.152519
3917 0.469936
3918 0.113132
3919 0.0425444
3920 0.172742
3921 0.0400308
3922 0.670878
3923 0.459086
3924 0.691633
3925 0.752535
3926 0.174059
3927 0.368258
3928 0.368465
3929 0.509665
3930 0.158398
3931 0.423713
3932 0.452054
3933 0.0733534
3934 0.069401
3935 0.387312
3936 0.42018
3937 0.0728942
3938 0.0946007
3939 0.400341
3940 0.259501
3941 0.0214588
3942 0.252558
3943 0.0114143
3944 0.183555
3945 0.0397535
3946 0.13326
3947 0.0512689
3948 0.040438
3949 0.179361
3950 0.154424
3951 0.559989
3952 0.176293
3953 0.0771203
3954 0.105244
3955 0.352633
3956 0.713399
3957 0.692113
3958 0.458635
3959 0.429326
3960 0.502511
3961 0.485051
3962 0.424758
3963 0.615835
3964 0.613644
3965 0.28565
3966 0.469491
3967 0.56083
3968 0.786286
3969 0.455491
3970 0.75661
3971 0.13647
3972 0.149953
3973 0.194178
3974 0.408203
3975 0.0143979
3976 0.00293137
3977 0.0119104
3978 0.0249481
3979 0.313756
3980 0.0520535
3981 0.0198088
3982 0.159889
3983 0.265039
3984 0.508138
3985 0.299459
3986 0.197728
3987 0.027144
3988 0.173705
3989 0.435691
3990 0.181976
3991 0.460737
3992 0.802978
3993 0.399341
3994 0.0550143
3995 0.218297
3996 0.110131
3997 0.217438
3998 0.501348
3999 0.233014
4000 0.283983
4001 0.423391
4002 0.0398518
4003 0.0415678
4004 0.495591
4005 0.173641
4006 0.462597
4007 0.123345
4008 0.586265
4009 0.237975
4010 0.364348
4011 0.152119
4012 0.111788
4013 0.573669
4014 0.568594
4015 0.459368
4016 0.346602
4017 0.480196
4018 0.543367
4019 0.664557
4020 0.286452
4021 0.231603
4022 0.371085
4023 0.166475
4024 0.837593
4025 0.919406
4026 0.709565
4027 0.779776
4028 0.651087
4029 0.816372
4030 0.783857
4031 0.844984
4032 0.830484
4033 0.893161
4034 0.556432
4035 0.951253
4036 0.689476
4037 0.661272
4038 0.636306
4039 0.768621
4040 0.585151
4041 0.705922
4042 0.687002
4043 0.591298
4044 0.720827
4045 0.602449
4046 0.669417
4047 0.766179
4048 0.703193
4049 0.699875
4050 0.756565
4051 0.801842
4052 0.726716
4053 0.623673
4054 0.913644
4055 0.816291
4056 0.937166
4057 0.914641
4058 0.917953
4059 0.945908
4060 0.935891
4061 0.844793
4062 0.703315
4063 0.834018
4064 0.716392
4065 0.753138
4066 0.701222
4067 0.905126
4068 0.915506
4069 0.606178
4070 0.702393
4071 0.679468
4072 0.771142
4073 0.786815
4074 0.892124
4075 0.643273
4076 0.916886
4077 0.908243
4078 0.895369
4079 0.631846
4080 0.821284
4081 0.903118
4082 0.898273
4083 0.897152
4084 0.916301
4085 0.845154
4086 0.889524
4087 0.550402
4088 0.818676
4089 0.346759
4090 0.581497
4091 0.296917
4092 0.930782
4093 0.360451
4094 0.538414
4095 0.731259
4096 0.167631
4097 0.275928
4098 0.538952
4099 0.515849
4100 0.329673
4101 0.361401
4102 0.382368
4103 0.369926
4104 0.454422
4105 0.506054
4106 0.467316
4107 0.452581
4108 0.445708
4109 0.6492
4110 0.605556
4111 0.401908
4112 0.255439
4113 0.248517
4114 0.241886
4115 0.208933
4116 0.569529
4117 0.462465
4118 0.363541
4119 0.340621
4120 0.344727
4121 0.268458
4122 0.820098
4123 0.38539
4124 0.476193
4125 0.405151
4126 0.36119
4127 0.62221
4128 0.374843
4129 0.45659
4130 0.131982
4131 0.379301
4132 0.270467
4133 0.523933
4134 0.282252
4135 0.684333
4136 0.291722
4137 0.811745
4138 0.272203
4139 0.426595
4140 0.369383
4141 0.392013
4142 0.496894
4143 0.414104
4144 0.621423
4145 0.408937
4146 0.524541
4147 0.509191
4148 0.253343
4149 0.963917
4150 0.1099
4151 0.702375
4152 0.476203
4153 0.324245
4154 0.38574
4155 0.288484
4156 0.614275
4157 0.225746
4158 0.725806
4159 0.462733
4160 0.45094
4161 0.152643
4162 0.334229
4163 0.534969
4164 0.329167
4165 0.300997
4166 0.153995
4167 0.397986
4168 0.137133
4169 0.325173
4170 0.390876
4171 0.392946
4172 0.222505
4173 0.3103
4174 0.470798
4175 0.532687
4176 0.374493
4177 0.611358
4178 0.124281
4179 0.752355
4180 0.236679
4181 0.125783
4182 0.145772
4183 0.0929501
4184 0.376491
4185 0.675908
4186 0.498933
4187 0.177822
4188 0.18697
4189 0.539028
4190 0.847867
4191 0.357233
4192 0.394678
4193 0.414991
4194 0.589003
4195 0.362486
4196 0.294097
4197 0.224767
4198 0.343708
4199 0.337732
4200 0.539028
4201 0.375042
4202 0.498933
4203 0.177822
4204 0.460464
4205 0.263869
4206 0.218116
4207 0.532687
4208 0.670531
4209 0.491262
4210 0.26644
4211 0.330804
4212 0.29894
4213 0.188974
4214 0.413059
4215 0.332768
4216 0.360275
4217 0.396606
4218 0.476657
4219 0.317492
4220 0.277997
4221 0.393918
4222 0.483676
4223 0.141334
4224 0.447843
4225 0.489217
4226 0.396578
4227 0.342837
4228 0.701653
4229 0.496225
4230 0.509155
4231 0.408307
4232 0.433087
4233 0.213035
4234 0.861231
4235 0.361997
4236 0.635965
4237 0.284413
4238 0.746043
4239 0.403193
4240 0.534104
4241 0.360429
4242 0.152058
4243 0.528198
4244 0.380963
4245 0.546148
4246 0.747494
4247 0.47118
4248 0.51159
4249 0.385819
4250 0.470118
4251 0.538747
4252 0.177736
4253 0.712964
4254 0.218116
4255 0.396005
4256 0.231698
4257 0.620065
4258 0.47955
4259 0.385218
4260 0.602608
4261 0.483526
4262 0.615178
4263 0.623973
4264 0.24926
4265 0.236609
4266 0.519921
4267 0.661401
4268 0.188566
4269 0.483442
4270 0.4453
4271 0.189364
4272 0.62603
4273 0.454311
4274 0.338736
4275 0.371508
4276 0.544312
4277 0.342432
4278 0.422749
4279 0.788536
4280 0.473635
4281 0.195986
4282 0.273587
4283 0.64572
4284 0.569921
4285 0.507559
4286 0.362256
4287 0.298544
4288 0.469225
4289 0.386082
4290 0.46863
4291 0.587584
4292 0.625193
4293 0.692071
4294 0.605742
4295 0.518151
4296 0.456386
4297 0.601829
4298 0.135395
4299 0.246966
4300 0.358307
4301 0.763969
4302 0.705651
4303 0.4248
4304 0.452148
4305 0.236356
4306 0.161514
4307 0.429829
4308 0.704461
4309 0.43868
4310 0.18864
4311 0.466223
4312 0.546031
4313 0.0995066
4314 0.409181
4315 0.465167
4316 0.360715
4317 0.551934
4318 0.949226
4319 0.432627
4320 0.323183
4321 0.0774309
4322 0.501816
4323 0.342539
4324 0.641139
4325 0.625531
4326 0.410502
4327 0.449755
4328 0.638194
4329 0.392693
4330 0.487717
4331 0.411372
4332 0.799559
4333 0.714473
4334 0.739551
4335 0.391153
4336 0.390327
4337 0.375042
4338 0.199344
4339 0.72125
4340 0.585905
4341 0.614295
4342 0.43868
4343 0.23986
4344 0.234009
4345 0.26554
4346 0.225541
4347 0.182303
4348 0.424809
4349 0.597269
4350 0.875538
4351 0.490034
4352 0.552948
4353 0.45722
4354 0.350064
4355 0.369868
4356 0.299126
4357 0.486765
4358 0.483338
4359 0.450828
4360 0.737482
4361 0.540369
4362 0.526041
4363 0.35383
4364 0.780541
4365 0.558635
4366 0.454106
4367 0.452939
4368 0.372044
4369 0.355816
4370 0.423388
4371 0.479384
4372 0.141528
4373 0.498663
4374 0.401286
4375 0.584654
4376 0.417208
4377 0.591183
4378 0.239602
4379 0.539438
4380 0.559262
4381 0.242106
4382 0.625538
4383 0.268138
4384 0.457431
4385 0.478189
4386 0.464478
4387 0.523317
4388 0.442418
4389 0.457488
4390 0.723713
4391 0.301982
4392 0.22052
4393 0.236611
4394 0.821457
4395 0.366179
4396 0.795578
4397 0.599268
4398 0.698218
4399 0.854481
4400 0.426603
4401 0.708509
4402 0.286733
4403 0.436976
4404 0.701242
4405 0.527866
4406 0.551044
4407 0.473811
4408 0.613195
4409 0.330401
4410 0.677649
4411 0.164836
4412 0.204542
4413 0.708855
4414 0.448642
4415 0.318095
4416 0.452912
4417 0.587521
4418 0.382499
4419 0.486647
4420 0.397485
4421 0.575831
4422 0.483697
4423 0.230166
4424 0.445189
4425 0.538933
4426 0.44115
4427 0.729528
4428 0.65435
4429 0.521187
4430 0.323707
4431 0.730941
4432 0.559995
4433 0.37009
4434 0.347547
4435 0.449138
4436 0.553729
4437 0.0743007
4438 0.441266
4439 0.334822
4440 0.233992
4441 0.269461
4442 0.349296
4443 0.238509
4444 0.378264
4445 0.211627
4446 0.548843
4447 0.126085
4448 0.298865
4449 0.506054
4450 0.445708
4451 0.367415
4452 0.2588
4453 0.249501
4454 0.595723
4455 0.303498
4456 0.263869
4457 0.497385
4458 0.670342
4459 0.560327
4460 0.228859
4461 0.0588194
4462 0.447931
4463 0.493742
4464 0.451886
4465 0.525775
4466 0.656955
4467 0.38381
4468 0.0614842
4469 0.535475
4470 0.558045
4471 0.449267
4472 0.66695
4473 0.552835
4474 0.424621
4475 0.265405
4476 0.45681
4477 0.23986
4478 0.483497
4479 0.630621
4480 0.393683
4481 0.620828
4482 0.484835
4483 0.542437
4484 0.495343
4485 0.198785
4486 0.511448
4487 0.221611
4488 0.258996
4489 0.255439
4490 0.698115
4491 0.265676
4492 0.086856
4493 0.229258
4494 0.242104
4495 0.267028
4496 0.427848
4497 0.509536
4498 0.366081
4499 0.273188
4500 0.132545
4501 0.267638
4502 0.641951
4503 0.623657
4504 0.248648
4505 0.0455444
4506 0.26554
4507 0.219321
4508 0.748271
4509 0.262
4510 0.405018
4511 0.702375
4512 0.630707
4513 0.526769
4514 0.444749
4515 0.612708
4516 0.398941
4517 0.698115
4518 0.704615
4519 0.18864
4520 0.509536
4521 0.241185
4522 0.436983
4523 0.656955
4524 0.0584651
4525 0.449267
4526 0.424455
4527 0.0481137
4528 0.278677
4529 0.563303
4530 0.627649
4531 0.3353
4532 0.218639
4533 0.206291
4534 0.0721116
4535 0.495381
4536 0.527485
4537 0.267638
4538 0.239151
4539 0.228476
4540 0.272415
4541 0.663345
4542 0.546031
4543 0.265405
4544 0.45653
4545 0.249812
4546 0.262819
4547 0.487031
4548 0.623974
4549 0.24926
4550 0.221994
4551 0.588463
4552 0.413134
4553 0.575581
4554 0.653871
4555 0.595157
4556 0.780945
4557 0.457882
4558 0.721244
4559 0.249594
4560 0.585907
4561 0.228159
4562 0.670775
4563 0.632015
4564 0.62901
4565 0.795417
4566 0.794188
4567 0.26471
4568 0.542227
4569 0.332742
4570 0.467131
4571 0.481345
4572 0.189706
4573 0.227336
4574 0.370291
4575 0.430626
4576 0.528989
4577 0.643242
4578 0.447546
4579 0.456615
4580 0.453378
4581 0.744893
4582 0.533626
4583 0.425922
4584 0.169039
4585 0.182971
4586 0.522707
4587 0.0711286
4588 0.576295
4589 0.732506
4590 0.570475
4591 0.0742841
4592 0.348413
4593 0.162047
4594 0.423469
4595 0.236624
4596 0.41124
4597 0.46846
4598 0.179859
4599 0.725128
4600 0.56118
4601 0.0580777
4602 0.337271
4603 0.559797
4604 0.220491
4605 0.350432
4606 0.399168
4607 0.39458
4608 0.378522
4609 0.69523
4610 0.551483
4611 0.30966
4612 0.67946
4613 0.730018
4614 0.832785
4615 0.725593
4616 0.344548
4617 0.369751
4618 0.366547
4619 0.271021
4620 0.404515
4621 0.342689
4622 0.367796
4623 0.413037
4624 0.371362
4625 0.292925
4626 0.370514
4627 0.351856
4628 0.287038
4629 0.332331
4630 0.365288
4631 0.443166
4632 0.208642
4633 0.0864766
4634 0.31457
4635 0.0968995
4636 0.190705
4637 0.492572
4638 0.237164
4639 0.49093
4640 0.348154
4641 0.352037
4642 0.404162
4643 0.366367
4644 0.299613
4645 0.318479
4646 0.293447
4647 0.269359
4648 0.170161
4649 0.34752
4650 0.335783
4651 0.366919
4652 0.373344
4653 0.205299
4654 0.37135
4655 0.194248
4656 0.313159
4657 0.387828
4658 0.319296
4659 0.172984
4660 0.333611
4661 0.344164
4662 0.34576
4663 0.346475
4664 0.251509
4665 0.4122
4666 0.14506
4667 0.149806
4668 0.351431
4669 0.571423
4670 0.396524
4671 0.275586
4672 0.315017
4673 0.425851
4674 0.792276
4675 0.33116
4676 0.654092
4677 0.445453
4678 0.445279
4679 0.271595
4680 0.517576
4681 0.454434
4682 0.368277
4683 0.521161
4684 0.422404
4685 0.716171
4686 0.472806
4687 0.57367
4688 0.445681
4689 0.64392
4690 0.626373
4691 0.37964
4692 0.5889
4693 0.722091
4694 0.64956
4695 0.416767
4696 0.140021
4697 0.511377
4698 0.842989
4699 0.550841
4700 0.445587
4701 0.459232
4702 0.589568
4703 0.555104
4704 0.37252
4705 0.381429
4706 0.145517
4707 0.585858
4708 0.387734
4709 0.539178
4710 0.420842
4711 0.631566
4712 0.504252
4713 0.348588
4714 0.572663
4715 0.343811
4716 0.444511
4717 0.41164
4718 0.44202
4719 0.519448
4720 0.483988
4721 0.357603
4722 0.436746
4723 0.434442
4724 0.531879
4725 0.421084
4726 0.389175
4727 0.145133
4728 0.604024
4729 0.462795
4730 0.409628
4731 0.486905
4732 0.540747
4733 0.415354
4734 0.394667
4735 0.403633
4736 0.437565
4737 0.419941
4738 0.4338
4739 0.474074
4740 0.454756
4741 0.407224
4742 0.607043
4743 0.622413
4744 0.40717
4745 0.595861
4746 0.495605
4747 0.454919
4748 0.366879
4749 0.457773
4750 0.391956
4751 0.484601
4752 0.441093
4753 0.44322
4754 0.138708
4755 0.38534
4756 0.198959
4757 0.67817
4758 0.0978444
4759 0.330311
4760 0.0894863
4761 0.320584
4762 0.610345
4763 0.359408
4764 0.442817
4765 0.305095
4766 0.402915
4767 0.443473
4768 0.331818
4769 0.409305
4770 0.387126
4771 0.379918
4772 0.361503
4773 0.428266
4774 0.339789
4775 0.620089
4776 0.509529
4777 0.534451
4778 0.366976
4779 0.368246
4780 0.365892
4781 0.215026
4782 0.328221
4783 0.165668
4784 0.348607
4785 0.333809
4786 0.36938
4787 0.342699
4788 0.326766
4789 0.766633
4790 0.336736
4791 0.511457
4792 0.288618
4793 0.486039
4794 0.384508
4795 0.539714
4796 0.267579
4797 0.36993
4798 0.724245
4799 0.530343
4800 0.654555
4801 0.554185
4802 0.682475
4803 0.832524
4804 0.558366
4805 0.137351
4806 0.118023
4807 0.610289
4808 0.871947
4809 0.582585
4810 0.0702342
4811 0.495854
4812 0.600398
4813 0.123359
4814 0.169643
4815 0.414327
4816 0.3347
4817 0.347525
4818 0.669575
4819 0.547758
4820 0.061435
4821 0.361819
4822 0.450915
4823 0.285746
4824 0.568789
4825 0.357445
4826 0.357236
4827 0.441565
4828 0.559092
4829 0.684448
4830 0.723607
4831 0.456374
4832 0.763116
4833 0.857611
4834 0.460528
4835 0.574071
4836 0.489702
4837 0.585611
4838 0.688779
4839 0.64865
4840 0.809808
4841 0.653179
4842 0.576724
4843 0.484352
4844 0.586663
4845 0.504131
4846 0.531036
4847 0.461521
4848 0.410618
4849 0.538884
4850 0.486754
4851 0.360481
4852 0.642914
4853 0.419425
4854 0.422749
4855 0.476855
4856 0.527876
4857 0.704238
4858 0.571633
4859 0.494918
4860 0.564095
4861 0.675799
4862 0.249059
4863 0.573433
4864 0.439249
4865 0.59167
4866 0.116221
4867 0.577571
4868 0.577139
4869 0.107643
4870 0.684209
4871 0.444839
4872 0.582753
4873 0.669641
4874 0.507385
4875 0.477294
4876 0.735754
4877 0.484979
4878 0.418017
4879 0.524007
4880 0.60535
4881 0.712906
4882 0.699843
4883 0.568383
4884 0.546105
4885 0.862526
4886 0.587982
4887 0.429788
4888 0.837416
4889 0.453844
4890 0.668325
4891 0.800343
4892 0.622982
4893 0.778545
4894 0.503962
4895 0.308184
4896 0.297342
4897 0.344253
4898 0.335408
4899 0.293274
4900 0.305421
4901 0.449459
4902 0.312689
4903 0.297009
4904 0.349781
4905 0.364213
4906 0.369033
4907 0.340047
4908 0.300228
4909 0.336947
4910 0.37285
4911 0.367399
4912 0.367476
4913 0.186965
4914 0.220859
4915 0.34313
4916 0.0896278
4917 0.383928
4918 0.382617
4919 0.203961
4920 0.50987
4921 0.457504
4922 0.414861
4923 0.212648
4924 0.449569
4925 0.440602
4926 0.461405
4927 0.414316
4928 0.150819
4929 0.154405
4930 0.503209
4931 0.13872
4932 0.155775
4933 0.421219
4934 0.431437
4935 0.408185
4936 0.385904
4937 0.423779
4938 0.422334
4939 0.197715
4940 0.416114
4941 0.440478
4942 0.350027
4943 0.401668
4944 0.441646
4945 0.407101
4946 0.30891
4947 0.320099
4948 0.466176
4949 0.306999
4950 0.362468
4951 0.284578
4952 0.270096
4953 0.406139
4954 0.426738
4955 0.442594
4956 0.434386
4957 0.570648
4958 0.375717
4959 0.420549
4960 0.402508
4961 0.298135
4962 0.37772
4963 0.476578
4964 0.419196
4965 0.569389
4966 0.647125
4967 0.426111
4968 0.410287
4969 0.401063
4970 0.603269
4971 0.435986
4972 0.445225
4973 0.403264
4974 0.445156
4975 0.413814
4976 0.457415
4977 0.434699
4978 0.251702
4979 0.385946
4980 0.419958
4981 0.418553
4982 0.40313
4983 0.154088
4984 0.219901
4985 0.368641
4986 0.39363
4987 0.496327
4988 0.345921
4989 0.658108
4990 0.480699
4991 0.279832
4992 0.166281
4993 0.148932
4994 0.593891
4995 0.552041
4996 0.443979
4997 0.170536
4998 0.532968
4999 0.263587
5000 0.161325
5001 0.159191
5002 0.558263
5003 0.23598
5004 0.449732
5005 0.278796
5006 0.669457
5007 0.233068
5008 0.323594
5009 0.189115
5010 0.66306
5011 0.472764
5012 0.653156
5013 0.499097
5014 0.735444
5015 0.255866
5016 0.421371
5017 0.196156
5018 0.281907
5019 0.383335
5020 0.647215
5021 0.122263
5022 0.367574
5023 0.255058
5024 0.108063
5025 0.236175
5026 0.0555482
5027 0.152238
5028 0.245669
5029 0.205344
5030 0.117461
5031 0.47142
5032 0.298817
5033 0.362597
5034 0.318065
5035 0.131608
5036 0.105892
5037 0.0563819
5038 0.110987
5039 0.421097
5040 0.40858
5041 0.250464
5042 0.268581
5043 0.127026
5044 0.0608834
5045 0.430379
5046 0.390641
5047 0.290387
5048 0.151012
5049 0.246303
5050 0.252388
5051 0.253266
5052 0.323239
5053 0.190226
5054 0.223377
5055 0.0915179
5056 0.139504
5057 0.158269
5058 0.382682
5059 0.142211
5060 0.139826
5061 0.102573
5062 0.409173
5063 0.166984
5064 0.164054
5065 0.248676
5066 0.372595
5067 0.148186
5068 0.35788
5069 0.350787
5070 0.38221
5071 0.365386
5072 0.484682
5073 0.309428
5074 0.104952
5075 0.412241
5076 0.366513
5077 0.449719
5078 0.166448
5079 0.0941523
5080 0.232169
5081 0.291567
5082 0.383862
5083 0.306519
5084 0.30429
5085 0.13835
5086 0.374033
5087 0.196856
5088 0.290822
5089 0.404342
5090 0.271418
5091 0.286083
5092 0.225118
5093 0.218877
5094 0.217888
5095 0.312247
5096 0.537742
5097 0.561729
5098 0.701452
5099 0.663472
5100 0.392116
5101 0.336519
5102 0.692574
5103 0.304433
5104 0.0769444
5105 0.368925
5106 0.263652
5107 0.292953
5108 0.225365
5109 0.450401
5110 0.262101
5111 0.291204
5112 0.180187
5113 0.236755
5114 0.663345
5115 0.236837
5116 0.416636
5117 0.450445
5118 0.167975
5119 0.262819
5120 0.226927
5121 0.615429
5122 0.243122
5123 0.564038
5124 0.411898
5125 0.0396774
5126 0.243122
5127 0.254004
5128 0.275006
5129 0.451653
5130 0.236755
5131 0.273188
5132 0.517761
5133 0.0545009
5134 0.232377
5135 0.229258
5136 0.219336
5137 0.258976
5138 0.219697
5139 0.102225
5140 0.225365
5141 0.258996
5142 0.331767
5143 0.112168
5144 0.544977
5145 0.211785
5146 0.611274
5147 0.568761
5148 0.25554
5149 0.221611
5150 0.704461
5151 0.585307
5152 0.265676
5153 0.242104
5154 0.47955
5155 0.236837
5156 0.653376
5157 0.66695
5158 0.395321
5159 0.224008
5160 0.55395
5161 0.602608
5162 0.523764
5163 0.627614
5164 0.872129
5165 0.697973
5166 0.948068
5167 0.296183
5168 0.0393025
5169 0.412761
5170 0.324702
5171 0.440198
5172 0.406231
5173 0.434875
5174 0.283851
5175 0.177091
5176 0.463738
5177 0.300707
5178 0.414794
5179 0.442305
5180 0.379549
5181 0.354414
5182 0.41132
5183 0.174125
5184 0.229902
5185 0.463063
5186 0.172002
5187 0.273441
5188 0.261486
5189 0.148674
5190 0.115034
5191 0.124922
5192 0.207146
5193 0.342237
5194 0.186832
5195 0.103316
5196 0.153872
5197 0.216012
5198 0.333841
5199 0.217081
5200 0.20083
5201 0.271006
5202 0.459341
5203 0.121265
5204 0.084046
5205 0.114051
5206 0.320563
5207 0.175583
5208 0.209489
5209 0.129165
5210 0.234443
5211 0.240786
5212 0.156693
5213 0.159956
5214 0.608308
5215 0.241831
5216 0.42547
5217 0.117209
5218 0.50306
5219 0.363638
5220 0.297564
5221 0.172946
5222 0.346073
5223 0.35423
5224 0.297321
5225 0.272311
5226 0.407192
5227 0.240964
5228 0.112856
5229 0.348978
5230 0.21409
5231 0.236007
5232 0.25099
5233 0.176597
5234 0.0531156
5235 0.445039
5236 0.267225
5237 0.178828
5238 0.379986
5239 0.187287
5240 0.559962
5241 0.235803
5242 0.578046
5243 0.321668
5244 0.295934
5245 0.270225
5246 0.17095
5247 0.2826
5248 0.377719
5249 0.142243
5250 0.454201
5251 0.449069
5252 0.165751
5253 0.22856
5254 0.216138
5255 0.41096
5256 0.226036
5257 0.218974
5258 0.281486
5259 0.171688
5260 0.162435
5261 0.394418
5262 0.260589
5263 0.241502
5264 0.207572
5265 0.12868
5266 0.242369
5267 0.117345
5268 0.392742
5269 0.330536
5270 0.183702
5271 0.285317
5272 0.246338
5273 0.245347
5274 0.292536
5275 0.0890381
5276 0.133431
5277 0.169038
5278 0.177887
5279 0.116909
5280 0.172283
5281 0.30356
5282 0.242436
5283 0.121768
5284 0.241235
5285 0.381284
5286 0.281737
5287 0.214625
5288 0.276488
5289 0.325321
5290 0.328193
5291 0.246843
5292 0.272348
5293 0.264407
5294 0.301338
5295 0.296076
5296 0.193499
5297 0.264826
5298 0.284685
5299 0.345001
5300 0.27594
5301 0.28678
5302 0.298642
5303 0.233256
5304 0.679421
5305 0.226057
5306 0.23523
5307 0.354374
5308 0.267892
5309 0.273285
5310 0.243448
5311 0.305926
5312 0.292216
5313 0.244017
5314 0.366672
5315 0.158977
5316 0.126584
5317 0.367818
5318 0.464802
5319 0.170245
5320 0.265047
5321 0.131153
5322 0.298896
5323 0.172504
5324 0.279473
5325 0.294794
5326 0.306311
5327 0.210036
5328 0.373634
5329 0.298959
5330 0.251692
5331 0.286008
5332 0.183181
5333 0.265864
5334 0.201222
5335 0.337895
5336 0.31364
5337 0.217696
5338 0.202709
5339 0.384994
5340 0.346689
5341 0.559674
5342 0.449333
5343 0.333087
5344 0.613914
5345 0.274999
5346 0.136453
5347 0.080909
5348 0.247283
5349 0.240517
5350 0.183532
5351 0.28807
5352 0.272547
5353 0.330757
5354 0.573542
5355 0.369123
5356 0.398093
5357 0.0428855
5358 0.331734
5359 0.222726
5360 0.0894823
5361 0.383111
5362 0.249095
5363 0.255102
5364 0.276857
5365 0.561038
5366 0.464554
5367 0.706463
5368 0.59676
5369 0.683887
5370 0.554774
5371 0.712765
5372 0.217382
5373 0.34846
5374 0.480723
5375 0.574735
5376 0.421469
5377 0.358886
5378 0.187196
5379 0.597191
5380 0.425015
5381 0.569722
5382 0.518545
5383 0.48701
5384 0.439566
5385 0.419894
5386 0.580507
5387 0.103327
5388 0.18578
5389 0.129422
5390 0.07283
5391 0.202535
5392 0.0251167
5393 0.599194
5394 0.514479
5395 0.361693
5396 0.199354
5397 0.185172
5398 0.73647
5399 0.470978
5400 0.144024
5401 0.58278
5402 0.427082
5403 0.928805
5404 0.250567
5405 0.10423
5406 0.091994
5407 0.248828
5408 0.400498
5409 0.462208
5410 0.624457
5411 0.445493
5412 0.130961
5413 0.407028
5414 0.296057
5415 0.0413351
5416 0.531976
5417 0.805524
5418 0.441254
5419 0.50694
5420 0.132518
5421 0.523569
5422 0.490066
5423 0.372674
5424 0.50284
5425 0.543501
5426 0.360605
5427 0.503375
5428 0.349583
5429 0.0781002
5430 0.177349
5431 0.234674
5432 0.567486
5433 0.506804
5434 0.545791
5435 0.124087
5436 0.115912
5437 0.430183
5438 0.654592
5439 0.622766
5440 0.71118
5441 0.75747
5442 0.533675
5443 0.552689
5444 0.467676
5445 0.502524
5446 0.498778
5447 0.0750288
5448 0.102401
5449 0.539368
5450 0.0963458
5451 0.249232
5452 0.11938
5453 0.49349
5454 0.333976
5455 0.200444
5456 0.438185
5457 0.404786
5458 0.422953
5459 0.664944
5460 0.563989
5461 0.60105
5462 0.338261
5463 0.161076
5464 0.458003
5465 0.346087
5466 0.699442
5467 0.529091
5468 0.413437
5469 0.532757
5470 0.43035
5471 0.288237
5472 0.432735
5473 0.487054
5474 0.422732
5475 0.283562
5476 0.122382
5477 0.178161
5478 0.698873
5479 0.275052
5480 0.279348
5481 0.0956555
5482 0.145199
5483 0.458207
5484 0.589005
5485 0.505822
5486 0.644519
5487 0.61302
5488 0.488651
5489 0.54148
5490 0.595982
5491 0.428065
5492 0.671865
5493 0.541282
5494 0.710228
5495 0.123435
5496 0.134265
5497 0.318565
5498 0.055344
5499 0.61668
5500 0.156725
5501 0.542919
5502 0.463177
5503 0.739299
5504 0.286674
5505 0.606274
5506 0.106906
5507 0.513523
5508 0.282784
5509 0.101518
5510 0.445853
5511 0.401067
5512 0.4563
5513 0.338957
5514 0.389184
5515 0.492149
5516 0.426426
5517 0.514804
5518 0.430676
5519 0.340836
5520 0.407601
5521 0.58026
5522 0.60367
5523 0.510961
5524 0.560808
5525 0.280737
5526 0.340853
5527 0.502087
5528 0.452356
5529 0.564571
5530 0.566432
5531 0.412907
5532 0.523405
5533 0.282357
5534 0.0368354
5535 0.282525
5536 0.385717
5537 0.338561
5538 0.236647
5539 0.464768
5540 0.342352
5541 0.239452
5542 0.38503
5543 0.0213144
5544 0.192583
5545 0.0322056
5546 0.369975
5547 0.058845
5548 0.13679
5549 0.18545
5550 0.452806
5551 0.238017
5552 0.541749
5553 0.428508
5554 0.187573
5555 0.269385
5556 0.383216
5557 0.0276894
5558 0.243933
5559 0.391394
5560 0.302201
5561 0.306944
5562 0.598108
5563 0.264933
5564 0.0279901
5565 0.455475
5566 0.0785122
5567 0.543515
5568 0.408285
5569 0.228497
5570 0.367707
5571 0.331456
5572 0.0956705
5573 0.47381
5574 0.640018
5575 0.574801
5576 0.51262
5577 0.223151
5578 0.629651
5579 0.781867
5580 0.582341
5581 0.419084
5582 0.317584
5583 0.618243
5584 0.567017
5585 0.594979
5586 0.0873708
5587 0.572511
5588 0.499853
5589 0.3161
5590 0.246411
5591 0.488557
5592 0.542506
5593 0.0708673
5594 0.270168
5595 0.419204
5596 0.435992
5597 0.371825
5598 0.647186
5599 0.0850911
5600 0.0509772
5601 0.159878
5602 0.166567
5603 0.218387
5604 0.194772
5605 0.393602
5606 0.36982
5607 0.737935
5608 0.578133
5609 0.57709
5610 0.282285
5611 0.944342
5612 0.781869
5613 0.363088
5614 0.853305
5615 0.658547
5616 0.5103
5617 0.83059
5618 0.847508
5619 0.742662
5620 0.731233
5621 0.377992
5622 0.623243
5623 0.60053
5624 0.657868
5625 0.577142
5626 0.625649
5627 0.808582
5628 0.441288
5629 0.670347
5630 0.894296
5631 0.750713
5632 0.910684
5633 0.61605
5634 0.946974
5635 0.780942
5636 0.275036
5637 0.647567
5638 0.434738
5639 0.705891
5640 0.501873
5641 0.705831
5642 0.355542
5643 0.518422
5644 0.245781
5645 0.861759
5646 0.299024
5647 0.651679
5648 0.255832
5649 0.867231
5650 0.522075
5651 0.308008
5652 0.84828
5653 0.871245
5654 0.909319
5655 0.144792
5656 0.687484
5657 0.279171
5658 0.659085
5659 0.627162
5660 0.611693
5661 0.447023
5662 0.57311
5663 0.206792
5664 0.220538
5665 0.398398
5666 0.591508
5667 0.468094
5668 0.720622
5669 0.641543
5670 0.342814
5671 0.252296
5672 0.636283
5673 0.241845
5674 0.521288
5675 0.587612
5676 0.70264
5677 0.715413
5678 0.832917
5679 0.823182
5680 0.884008
5681 0.763934
5682 0.186983
5683 0.477968
5684 0.483927
5685 0.466009
5686 0.136995
5687 0.720982
5688 0.239016
5689 0.226403
5690 0.569404
5691 0.207907
5692 0.630184
5693 0.396729
5694 0.561677
5695 0.767134
5696 0.623641
5697 0.551178
5698 0.452997
5699 0.945395
5700 0.655853
5701 0.801939
5702 0.773061
5703 0.460018
5704 0.220259
5705 0.209668
5706 0.654077
5707 0.784843
5708 0.847153
5709 0.575281
5710 0.468436
5711 0.719461
5712 0.684416
5713 0.57146
5714 0.631033
5715 0.608539
5716 0.805695
5717 0.782471
5718 0.885929
5719 0.28246
5720 0.21055
5721 0.43231
5722 0.440333
5723 0.852468
5724 0.635506
5725 0.655487
5726 0.721148
5727 0.642874
5728 0.800292
5729 0.461261
5730 0.357373
5731 0.427711
5732 0.729426
5733 0.415144
5734 0.79783
5735 0.664162
5736 0.700771
5737 0.656735
5738 0.788371
5739 0.709894
5740 0.498504
5741 0.864049
5742 0.590094
5743 0.443375
5744 0.774342
5745 0.315546
5746 0.550141
5747 0.643251
5748 0.780569
5749 0.938373
5750 0.837452
5751 0.800304
5752 0.812604
5753 0.279217
5754 0.597308
5755 0.622068
5756 0.783658
5757 0.667295
5758 0.874847
5759 0.601717
5760 0.5426
5761 0.512923
5762 0.850368
5763 0.688769
5764 0.385234
5765 0.699893
5766 0.711571
5767 0.832614
5768 0.481881
5769 0.742942
5770 0.739105
5771 0.687587
5772 0.549121
5773 0.321717
5774 0.309425
5775 0.559945
5776 0.941623
5777 0.42402
5778 0.718091
5779 0.806262
5780 0.570696
5781 0.637474
5782 0.523738
5783 0.606937
5784 0.548309
5785 0.84575
5786 0.166374
5787 0.706575
5788 0.118059
5789 0.922009
5790 0.815398
5791 0.674481
5792 0.603489
5793 0.819407
5794 0.300219
5795 0.692942
5796 0.376339
5797 0.491697
5798 0.520763
5799 0.803713
5800 0.784016
5801 0.594874
5802 0.759315
5803 0.692339
5804 0.574352
5805 0.760305
5806 0.915452
5807 0.315294
5808 0.371076
5809 0.702969
5810 0.564125
5811 0.63564
5812 0.303354
5813 0.475993
5814 0.405486
5815 0.503571
5816 0.625419
5817 0.687952
5818 0.898441
5819 0.756529
5820 0.897714
5821 0.550372
5822 0.728627
5823 0.67215
5824 0.27525
5825 0.668012
5826 0.77827
5827 0.531141
5828 0.24846
5829 0.570593
5830 0.897249
5831 0.9297
5832 0.495455
5833 0.409016
5834 0.259745
5835 0.899402
5836 0.624298
5837 0.747845
5838 0.666096
5839 0.469427
5840 0.758986
5841 0.592843
5842 0.917279
5843 0.471331
5844 0.798177
5845 0.687763
5846 0.573408
5847 0.645669
5848 0.643141
5849 0.678465
5850 0.573485
5851 0.535844
5852 0.781027
5853 0.669504
5854 0.744634
5855 0.824772
5856 0.585497
5857 0.727793
5858 0.898206
5859 0.653404
5860 0.694129
5861 0.281106
5862 0.710899
5863 0.739671
5864 0.696773
5865 0.72954
5866 0.645732
5867 0.797601
5868 0.660953
5869 0.678383
5870 0.883559
5871 0.783673
5872 0.169096
5873 0.284584
5874 0.824181
5875 0.335158
5876 0.861089
5877 0.617197
5878 0.449676
5879 0.609687
5880 0.63329
5881 0.831158
5882 0.799739
5883 0.448372
5884 0.452384
5885 0.491175
5886 0.388692
5887 0.750232
5888 0.319596
5889 0.68045
5890 0.738146
5891 0.54419
5892 0.802786
5893 0.563956
5894 0.801654
5895 0.570543
5896 0.861203
5897 0.332599
5898 0.704732
5899 0.81103
5900 0.678398
5901 0.77068
5902 0.515473
5903 0.626955
5904 0.842521
5905 0.476641
5906 0.526558
5907 0.675041
5908 0.849078
5909 0.80596
5910 0.765408
5911 0.730179
5912 0.789543
5913 0.434577
5914 0.571744
5915 0.615817
5916 0.502464
5917 0.63132
5918 0.582081
5919 0.640316
5920 0.413666
5921 0.470851
5922 0.62131
5923 0.582673
5924 0.885336
5925 0.607071
5926 0.771169
5927 0.760273
5928 0.729439
5929 0.402245
5930 0.605583
5931 0.76754
5932 0.747496
5933 0.714064
5934 0.650623
5935 0.753288
5936 0.762258
5937 0.686424
5938 0.259048
5939 0.376528
5940 0.875361
5941 0.898913
5942 0.885946
5943 0.748923
5944 0.699807
5945 0.664064
5946 0.61228
5947 0.54419
5948 0.181085
5949 0.687354
5950 0.807091
5951 0.856266
5952 0.246597
5953 0.637291
5954 0.67458
5955 0.57687
5956 0.409251
5957 0.570334
5958 0.403825
5959 0.576378
5960 0.60277
5961 0.867773
5962 0.675111
5963 0.66262
5964 0.657496
5965 0.238503
5966 0.842991
5967 0.739445
5968 0.399324
5969 0.54046
5970 0.532659
5971 0.577263
5972 0.633162
5973 0.760815
5974 0.793229
5975 0.360363
5976 0.633886
5977 0.656573
5978 0.672021
5979 0.723777
5980 0.669972
5981 0.818403
5982 0.844184
5983 0.643315
5984 0.8383
5985 0.607941
5986 0.563076
5987 0.561358
5988 0.614795
5989 0.788754
5990 0.487277
5991 0.525264
5992 0.498895
5993 0.296152
5994 0.166226
5995 0.354859
5996 0.306995
5997 0.495009
5998 0.452929
5999 0.385241
6000 0.851895
6001 0.568839
6002 0.289712
6003 0.279609
6004 0.44164
6005 0.481972
6006 0.670852
6007 0.540436
6008 0.735406
6009 0.270794
6010 0.46067
6011 0.560454
6012 0.618845
6013 0.425827
6014 0.348603
6015 0.53564
6016 0.436925
6017 0.36256
6018 0.546499
6019 0.222436
6020 0.834019
6021 0.688332
6022 0.545923
6023 0.553601
6024 0.508692
6025 0.806616
6026 0.26149
6027 0.239247
6028 0.20183
6029 0.238341
6030 0.327328
6031 0.472034
6032 0.43299
6033 0.377775
6034 0.727178
6035 0.714066
6036 0.374995
6037 0.399221
6038 0.538876
6039 0.686552
6040 0.431563
6041 0.306715
6042 0.765022
6043 0.574935
6044 0.477394
6045 0.470005
6046 0.584901
6047 0.645789
6048 0.680289
6049 0.555891
6050 0.502148
6051 0.290959
6052 0.388174
6053 0.465115
6054 0.137937
6055 0.750516
6056 0.209529
6057 0.816393
6058 0.569019
6059 0.635931
6060 0.760944
6061 0.759756
6062 0.846806
6063 0.779122
6064 0.0717004
6065 0.61765
6066 0.318112
6067 0.302099
6068 0.494834
6069 0.076259
6070 0.950361
6071 0.717189
6072 0.730318
6073 0.449938
6074 0.563342
6075 0.347295
6076 0.655189
6077 0.802284
6078 0.329864
6079 0.625778
6080 0.630929
6081 0.821997
6082 0.829995
6083 0.433362
6084 0.608271
6085 0.275401
6086 0.662236
6087 0.616895
6088 0.779763
6089 0.610877
6090 0.384817
6091 0.536838
6092 0.500862
6093 0.495886
6094 0.774283
6095 0.111421
6096 0.680016
6097 0.539495
6098 0.51746
6099 0.19836
6100 0.0749675
6101 0.631397
6102 0.775801
6103 0.422126
6104 0.565656
6105 0.720048
6106 0.628178
6107 0.843492
6108 0.498389
6109 0.628554
6110 0.619774
6111 0.494712
6112 0.530423
6113 0.734173
6114 0.919671
6115 0.12747
6116 0.323928
6117 0.536633
6118 0.829373
6119 0.6497
6120 0.565077
6121 0.803424
6122 0.617857
6123 0.797973
6124 0.0385723
6125 0.29687
6126 0.23791
6127 0.71582
6128 0.270911
6129 0.513527
6130 0.459858
6131 0.677599
6132 0.216264
6133 0.702578
6134 0.60771
6135 0.540891
6136 0.749761
6137 0.586954
6138 0.729713
6139 0.554335
6140 0.845946
6141 0.722769
6142 0.36663
6143 0.687034
6144 0.351196
6145 0.257396
6146 0.681606
6147 0.879079
6148 0.573506
6149 0.0701453
6150 0.72534
6151 0.653649
6152 0.517247
6153 0.731573
6154 0.869842
6155 0.651478
6156 0.57125
6157 0.779924
6158 0.537798
6159 0.318036
6160 0.641622
6161 0.849957
6162 0.867019
6163 0.495541
6164 0.563937
6165 0.509091
6166 0.92898
6167 0.709911
6168 0.663348
6169 0.604423
6170 0.617599
6171 0.57246
6172 0.712928
6173 0.822995
6174 0.37161
6175 0.767586
6176 0.182037
6177 0.236641
6178 0.366835
6179 0.299011
6180 0.877556
6181 0.645558
6182 0.29853
6183 0.461664
6184 0.527974
6185 0.338585
6186 0.636585
6187 0.199331
6188 0.315772
6189 0.109917
6190 0.492963
6191 0.341684
6192 0.055196
6193 0.356083
6194 0.693415
6195 0.680214
6196 0.670466
6197 0.44837
6198 0.330094
6199 0.273499
6200 0.686165
6201 0.187257
6202 0.821032
6203 0.370618
6204 0.675912
6205 0.45986
6206 0.487614
6207 0.937538
6208 0.56209
6209 0.49262
6210 0.785412
6211 0.294686
6212 0.513327
6213 0.703025
6214 0.903122
6215 0.787737
6216 0.719723
6217 0.733654
6218 0.614377
6219 0.759858
6220 0.786952
6221 0.622019
6222 0.879721
6223 0.7966
6224 0.647357
6225 0.809241
6226 0.506633
6227 0.740638
6228 0.85043
6229 0.468703
6230 0.744279
6231 0.390143
6232 0.522798
6233 0.743145
6234 0.746213
6235 0.52021
6236 0.363246
6237 0.187932
6238 0.259512
6239 0.203372
6240 0.447722
6241 0.588904
6242 0.189743
6243 0.575279
6244 0.507193
6245 0.559108
6246 0.608178
6247 0.38664
6248 0.338602
6249 0.318442
6250 0.305209
6251 0.460685
6252 0.334016
6253 0.355631
6254 0.389401
6255 0.429372
6256 0.400921
6257 0.864231
6258 0.265504
6259 0.677713
6260 0.503787
6261 0.466835
6262 0.447059
6263 0.285545
6264 0.148048
6265 0.526123
6266 0.7121
6267 0.304994
6268 0.736862
6269 0.751868
6270 0.373599
6271 0.62619
6272 0.540759
6273 0.222955
6274 0.0358224
6275 0.131932
6276 0.109822
6277 0.275069
6278 0.0605249
6279 0.0726916
6280 0.187943
6281 0.55889
6282 0.41012
6283 0.493886
6284 0.198553
6285 0.0503576
6286 0.206926
6287 0.593374
6288 0.488324
6289 0.484135
6290 0.0967042
6291 0.2374
6292 0.539294
6293 0.250954
6294 0.601248
6295 0.233046
6296 0.817338
6297 0.418779
6298 0.272795
6299 0.582177
6300 0.62081
6301 0.508372
6302 0.0995579
6303 0.218013
6304 0.165081
6305 0.576654
6306 0.398849
6307 0.848049
6308 0.502956
6309 0.438151
6310 0.45657
6311 0.768471
6312 0.901035
6313 0.376934
6314 0.575015
6315 0.314585
6316 0.635185
6317 0.0701451
6318 0.6912
6319 0.282338
6320 0.0572856
6321 0.230468
6322 0.817162
6323 0.185118
6324 0.82643
6325 0.275578
6326 0.425997
6327 0.195495
6328 0.182171
6329 0.430788
6330 0.0396479
6331 0.104001
6332 0.809041
6333 0.363972
6334 0.202002
6335 0.60147
6336 0.35451
6337 0.849595
6338 0.650512
6339 0.927665
6340 0.636763
6341 0.666571
6342 0.328642
6343 0.134806
6344 0.376924
6345 0.490587
6346 0.127513
6347 0.184762
6348 0.138328
6349 0.4967
6350 0.698799
6351 0.253341
6352 0.735056
6353 0.551196
6354 0.855112
6355 0.624495
6356 0.857002
6357 0.263973
6358 0.715196
6359 0.165455
6360 0.23
6361 0.346628
6362 0.0528837
6363 0.059709
6364 0.598285
6365 0.495139
6366 0.299904
6367 0.130439
6368 0.433541
6369 0.235474
6370 0.889962
6371 0.554589
6372 0.437375
6373 0.849991
6374 0.440671
6375 0.598332
6376 0.785124
6377 0.865058
6378 0.789519
6379 0.781097
6380 0.734729
6381 0.265373
6382 0.703051
6383 0.183106
6384 0.073638
6385 0.062902
6386 0.602701
6387 0.188899
6388 0.617514
6389 0.0580011
6390 0.604305
6391 0.383311
6392 0.0736853
6393 0.616295
6394 0.204812
6395 0.121806
6396 0.143685
6397 0.162165
6398 0.24418
6399 0.729888
6400 0.689907
6401 0.659209
6402 0.668951
6403 0.658494
6404 0.944155
6405 0.700898
6406 0.634123
6407 0.814079
6408 0.372044
6409 0.654511
6410 0.654041
6411 0.71929
6412 0.552861
6413 0.869065
6414 0.524841
6415 0.546083
6416 0.823104
6417 0.704935
6418 0.677035
6419 0.677742
6420 0.537449
6421 0.892981
6422 0.839936
6423 0.576166
6424 0.541006
6425 0.459789
6426 0.546959
6427 0.78937
6428 0.632222
6429 0.634268
6430 0.735398
6431 0.835126
6432 0.698321
6433 0.812812
6434 0.515704
6435 0.763158
6436 0.904497
6437 0.909797
6438 0.746046
6439 0.789087
6440 0.915871
6441 0.766445
6442 0.745545
6443 0.75615
6444 0.525478
6445 0.835175
6446 0.734006
6447 0.791283
6448 0.737775
6449 0.707448
6450 0.653781
6451 0.753373
6452 0.53723
6453 0.330514
6454 0.893834
6455 0.699789
6456 0.600046
6457 0.816491
6458 0.949051
6459 0.797441
6460 0.943091
6461 0.881372
6462 0.745666
6463 0.869674
6464 0.863247
6465 0.687098
6466 0.789294
6467 0.6402
6468 0.495569
6469 0.723047
6470 0.654003
6471 0.578803
6472 0.752137
6473 0.734326
6474 0.84719
6475 0.903595
6476 0.565158
6477 0.579391
6478 0.951816
6479 0.658131
6480 0.95866
6481 0.708064
6482 0.756544
6483 0.861419
6484 0.770034
6485 0.772898
6486 0.635295
6487 0.748354
6488 0.855919
6489 0.554414
6490 0.390155
6491 0.820543
6492 0.833284
6493 0.596109
6494 0.836006
6495 0.453728
6496 0.429257
6497 0.691315
6498 0.825269
6499 0.734538
6500 0.760804
6501 0.832554
6502 0.766058
6503 0.561014
6504 0.797339
6505 0.750148
6506 0.454398
6507 0.68592
6508 0.602291
6509 0.748725
6510 0.694364
6511 0.846616
6512 0.726923
6513 0.502778
6514 0.685961
6515 0.6807
6516 0.678595
6517 0.739141
6518 0.771063
6519 0.885606
6520 0.507748
6521 0.72274
6522 0.778835
6523 0.818462
6524 0.860302
6525 0.617696
6526 0.500001
6527 0.647602
6528 0.857127
6529 0.736182
6530 0.848739
6531 0.879301
6532 0.624398
6533 0.762568
6534 0.869345
6535 0.732347
6536 0.563279
6537 0.900352
6538 0.875384
6539 0.525916
6540 0.669407
6541 0.756429
6542 0.731733
6543 0.908574
6544 0.393766
6545 0.829076
6546 0.721339
6547 0.647328
6548 0.812295
6549 0.765279
6550 0.821515
6551 0.756053
6552 0.855218
6553 0.911268
6554 0.504285
6555 0.394982
6556 0.611356
6557 0.630279
6558 0.881517
6559 0.479772
6560 0.617215
6561 0.710013
6562 0.880915
6563 0.598758
6564 0.340151
6565 0.742701
6566 0.435888
6567 0.838638
6568 0.739555
6569 0.774642
6570 0.91369
6571 0.540025
6572 0.750471
6573 0.905154
6574 0.857268
6575 0.562187
6576 0.554675
6577 0.75535
6578 0.801963
6579 0.824942
6580 0.748221
6581 0.853966
6582 0.549908
6583 0.718766
6584 0.89706
6585 0.624528
6586 0.874257
6587 0.456084
6588 0.646658
6589 0.567211
6590 0.78852
6591 0.741843
6592 0.908757
6593 0.842393
6594 0.718403
6595 0.767358
6596 0.567873
6597 0.778423
6598 0.66604
6599 0.572292
6600 0.877409
6601 0.758832
6602 0.740641
6603 0.829756
6604 0.828288
6605 0.913888
6606 0.798069
6607 0.804175
6608 0.659624
6609 0.833121
6610 0.845844
6611 0.844044
6612 0.817853
6613 0.709339
6614 0.95007
6615 0.623883
6616 0.887176
6617 0.675842
6618 0.95896
6619 0.699594
6620 0.926085
6621 0.855243
6622 0.864133
6623 0.937451
6624 0.75271
6625 0.859106
6626 0.72502
6627 0.788643
6628 0.454653
6629 0.467329
6630 0.782857
6631 0.745673
6632 0.710047
6633 0.699391
6634 0.842118
6635 0.854402
6636 0.721159
6637 0.852628
6638 0.880489
6639 0.671339
6640 0.626252
6641 0.680399
6642 0.65703
6643 0.862522
6644 0.621902
6645 0.863209
6646 0.875525
6647 0.597758
6648 0.636411
6649 0.573437
6650 0.659067
6651 0.684315
6652 0.529525
6653 0.517142
6654 0.821538
6655 0.705502
6656 0.814507
6657 0.867018
6658 0.573949
6659 0.865399
6660 0.843731
6661 0.920934
6662 0.434107
6663 0.309516
6664 0.676171
6665 0.634044
6666 0.565418
6667 0.703323
6668 0.560717
6669 0.609142
6670 0.797971
6671 0.928242
6672 0.524209
6673 0.17166
6674 0.283115
6675 0.595929
6676 0.628323
6677 0.86313
6678 0.635873
6679 0.543748
6680 0.955478
6681 0.699272
6682 0.831943
6683 0.839162
6684 0.863223
6685 0.701606
6686 0.806517
6687 0.778132
6688 0.792841
6689 0.778359
6690 0.688405
6691 0.543343
6692 0.722967
6693 0.930631
6694 0.844803
6695 0.790801
6696 0.971946
6697 0.95651
6698 0.756757
6699 0.817773
6700 0.85678
6701 0.669906
6702 0.819968
6703 0.61753
6704 0.639338
6705 0.798232
6706 0.462162
6707 0.584639
6708 0.722107
6709 0.790428
6710 0.717184
6711 0.796647
6712 0.757281
6713 0.783106
6714 0.859856
6715 0.61049
6716 0.704904
6717 0.759258
6718 0.322036
6719 0.705605
6720 0.590875
6721 0.920123
6722 0.746696
6723 0.851271
6724 0.94294
6725 0.658288
6726 0.68
6727 0.759472
6728 0.654944
6729 0.62346
6730 0.737884
6731 0.670355
6732 0.803303
6733 0.743194
6734 0.722978
6735 0.852885
6736 0.587413
6737 0.763024
6738 0.829435
6739 0.813532
6740 0.674436
6741 0.892261
6742 0.858551
6743 0.93173
6744 0.692272
6745 0.561838
6746 0.821468
6747 0.875824
6748 0.769789
6749 0.632688
6750 0.643879
6751 0.867833
6752 0.794824
6753 0.494915
6754 0.654373
6755 0.719292
6756 0.459008
6757 0.746528
6758 0.736624
6759 0.824335
6760 0.716693
6761 0.679186
6762 0.791818
6763 0.789755
6764 0.696861
6765 0.513795
6766 0.525794
6767 0.874406
6768 0.514967
6769 0.926263
6770 0.510528
6771 0.684173
6772 0.520724
6773 0.257663
6774 0.411904
6775 0.542783
6776 0.485907
6777 0.480426
6778 0.421382
6779 0.833394
6780 0.774642
6781 0.484664
6782 0.624493
6783 0.390502
6784 0.462056
6785 0.529961
6786 0.546884
6787 0.60463
6788 0.804141
6789 0.583515
6790 0.460392
6791 0.876158
6792 0.219459
6793 0.494434
6794 0.767545
6795 0.914156
6796 0.525725
6797 0.577686
6798 0.343115
6799 0.435037
6800 0.784963
6801 0.817087
6802 0.570396
6803 0.923025
6804 0.621096
6805 0.795036
6806 0.610126
6807 0.903687
6808 0.815708
6809 0.791346
6810 0.803865
6811 0.78334
6812 0.555853
6813 0.782891
6814 0.415343
6815 0.561526
6816 0.736418
6817 0.675007
6818 0.350389
6819 0.584385
6820 0.591075
6821 0.566471
6822 0.455542
6823 0.890311
6824 0.940386
6825 0.939751
6826 0.954063
6827 0.686363
6828 0.703076
6829 0.696564
6830 0.742165
6831 0.72411
6832 0.76171
6833 0.844555
6834 0.858047
6835 0.704204
6836 0.816674
6837 0.916888
6838 0.891657
6839 0.902877
6840 0.90381
6841 0.747004
6842 0.277349
6843 0.557337
6844 0.563573
6845 0.409389
6846 0.804001
6847 0.864369
6848 0.494666
6849 0.245874
6850 0.610512
6851 0.915204
6852 0.827435
6853 0.529251
6854 0.565581
6855 0.845801
6856 0.551365
6857 0.839058
6858 0.914018
6859 0.803671
6860 0.738814
6861 0.659875
6862 0.859225
6863 0.614147
6864 0.672017
6865 0.877813
6866 0.356081
6867 0.766497
6868 0.908108
6869 0.895567
6870 0.629367
6871 0.544139
6872 0.579731
6873 0.63087
6874 0.735581
6875 0.619734
6876 0.831275
6877 0.679851
6878 0.57464
6879 0.825866
6880 0.980832
6881 0.837337
6882 0.793575
6883 0.621231
6884 0.641641
6885 0.473543
6886 0.703298
6887 0.630407
6888 0.621899
6889 0.680982
6890 0.578621
6891 0.306307
6892 0.884061
6893 0.91125
6894 0.837355
6895 0.808032
6896 0.964452
6897 0.721751
6898 0.868326
6899 0.726089
6900 0.407904
6901 0.455381
6902 0.632718
6903 0.498279
6904 0.573685
6905 0.456749
6906 0.285004
6907 0.784265
6908 0.329063
6909 0.555469
6910 0.638053
6911 0.515346
6912 0.824013
6913 0.637516
6914 0.442172
6915 0.948478
6916 0.536067
6917 0.809325
6918 0.836425
6919 0.618806
6920 0.751383
6921 0.482602
6922 0.258481
6923 0.296116
6924 0.62124
6925 0.556419
6926 0.910704
6927 0.777047
6928 0.69018
6929 0.740358
6930 0.785008
6931 0.505475
6932 0.521385
6933 0.457187
6934 0.776677
6935 0.754524
6936 0.693503
6937 0.747612
6938 0.747208
6939 0.821725
6940 0.613766
6941 0.753458
6942 0.906201
6943 0.743814
6944 0.840836
6945 0.762001
6946 0.738491
6947 0.676476
6948 0.909926
6949 0.718704
6950 0.704565
6951 0.951215
6952 0.932744
6953 0.940014
6954 0.722444
6955 0.86636
6956 0.95416
6957 0.673425
6958 0.783323
6959 0.62174
6960 0.9102
6961 0.825521
6962 0.774339
6963 0.784989
6964 0.564286
6965 0.674136
6966 0.694128
6967 0.897676
6968 0.781876
6969 0.785755
6970 0.682505
6971 0.488915
6972 0.796298
6973 0.874563
6974 0.909905
6975 0.934448
6976 0.769821
6977 0.760115
6978 0.729739
6979 0.809648
6980 0.69436
6981 0.878899
6982 0.487933
6983 0.758192
6984 0.574228
6985 0.712239
6986 0.682159
6987 0.772416
6988 0.821933
6989 0.847207
6990 0.464283
6991 0.80245
6992 0.647389
6993 0.239424
6994 0.825396
6995 0.560215
6996 0.673817
6997 0.667404
6998 0.625799
6999 0.645598
7000 0.935836
7001 0.256118
7002 0.726113
7003 0.54017
7004 0.462496
7005 0.806733
7006 0.724022
7007 0.892554
7008 0.819356
7009 0.789665
7010 0.807925
7011 0.74019
7012 0.672807
7013 0.711015
7014 0.412559
7015 0.609704
7016 0.697457
7017 0.670572
7018 0.431316
7019 0.848143
7020 0.886339
7021 0.815619
7022 0.748416
7023 0.810344
7024 0.824739
7025 0.909858
7026 0.778044
7027 0.598982
7028 0.691602
7029 0.481069
7030 0.597674
7031 0.548018
7032 0.649294
7033 0.924236
7034 0.670847
7035 0.770502
7036 0.808995
7037 0.866534
7038 0.75197
7039 0.881695
7040 0.83147
7041 0.875125
7042 0.511788
7043 0.514257
7044 0.83216
7045 0.887342
7046 0.80926
7047 0.581863
7048 0.775918
7049 0.636405
7050 0.645875
7051 0.923046
7052 0.870029
7053 0.635721
7054 0.710814
7055 0.910663
7056 0.904277
7057 0.7728
7058 0.847993
7059 0.572039
7060 0.676063
7061 0.650844
7062 0.794063
7063 0.762072
7064 0.806169
7065 0.664986
7066 0.759717
7067 0.881773
7068 0.65661
7069 0.76659
7070 0.823571
7071 0.420908
7072 0.720737
7073 0.764687
7074 0.812996
7075 0.769929
7076 0.91792
7077 0.624624
7078 0.55084
7079 0.272791
7080 0.139183
7081 0.466492
7082 0.578231
7083 0.800631
7084 0.588018
7085 0.559791
7086 0.728101
7087 0.494092
7088 0.607915
7089 0.413739
7090 0.829948
7091 0.812247
7092 0.577186
7093 0.702832
7094 0.767991
7095 0.295381
7096 0.579783
7097 0.504319
7098 0.826682
7099 0.870153
7100 0.834791
7101 0.726106
7102 0.878898
7103 0.716943
7104 0.716332
7105 0.588791
7106 0.783761
7107 0.80498
7108 0.750584
7109 0.751015
7110 0.678095
7111 0.851825
7112 0.73836
7113 0.889937
7114 0.685942
7115 0.72199
7116 0.901908
7117 0.829153
7118 0.762195
7119 0.695644
7120 0.534945
7121 0.822809
7122 0.724356
7123 0.929228
7124 0.952224
7125 0.926332
7126 0.653532
7127 0.636788
7128 0.905705
7129 0.718599
7130 0.590309
7131 0.877722
7132 0.758081
7133 0.570123
7134 0.97116
7135 0.748514
7136 0.574913
7137 0.615911
7138 0.948962
7139 0.653824
7140 0.713007
7141 0.644387
7142 0.636523
7143 0.643227
7144 0.703222
7145 0.898335
7146 0.75623
7147 0.71225
7148 0.759323
7149 0.802056
7150 0.883877
7151 0.674547
7152 0.610292
7153 0.934489
7154 0.818841
7155 0.899629
7156 0.759112
7157 0.594683
7158 0.5202
7159 0.868758
7160 0.888112
7161 0.840165
7162 0.699157
7163 0.929592
7164 0.806647
7165 0.601978
7166 0.574334
7167 0.758162
7168 0.369243
7169 0.107976
7170 0.40891
7171 0.457324
7172 0.757296
7173 0.827228
7174 0.480323
7175 0.868832
7176 0.802236
7177 0.460119
7178 0.783021
7179 0.690058
7180 0.791213
7181 0.722189
7182 0.597439
7183 0.741232
7184 0.819297
7185 0.790568
7186 0.711378
7187 0.822931
7188 0.609019
7189 0.61703
7190 0.836391
7191 0.871783
7192 0.848751
7193 0.917695
7194 0.776293
7195 0.963016
7196 0.735071
7197 0.865483
7198 0.823987
7199 0.693322
7200 0.763159
7201 0.899046
7202 0.632811
7203 0.610918
7204 0.731185
7205 0.611684
7206 0.747856
7207 0.647617
7208 0.615522
7209 0.585871
7210 0.537567
7211 0.609585
7212 0.724497
7213 0.789875
7214 0.792653
7215 0.82155
7216 0.703532
7217 0.687894
7218 0.68126
7219 0.781496
7220 0.611422
7221 0.758063
7222 0.61358
7223 0.634643
7224 0.771724
7225 0.480106
7226 0.512158
7227 0.898475
7228 0.698882
7229 0.32104
7230 0.681185
7231 0.785369
7232 0.761536
7233 0.862469
7234 0.830999
7235 0.73043
7236 0.764309
7237 0.935998
7238 0.68925
7239 0.769062
7240 0.745875
7241 0.691774
7242 0.664086
7243 0.830492
7244 0.896219
7245 0.775968
7246 0.899146
7247 0.889073
7248 0.780119
7249 0.820156
7250 0.799398
7251 0.421937
7252 0.700714
7253 0.764201
7254 0.718676
7255 0.728242
7256 0.635748
7257 0.757892
7258 0.646778
7259 0.707833
7260 0.856251
7261 0.734483
7262 0.923717
7263 0.677394
7264 0.881242
7265 0.630011
7266 0.89925
7267 0.809845
7268 0.260313
7269 0.760556
7270 0.723148
7271 0.731922
7272 0.50391
7273 0.898197
7274 0.497812
7275 0.629021
7276 0.758249
7277 0.813471
7278 0.700432
7279 0.952985
7280 0.747001
7281 0.826601
7282 0.708937
7283 0.79276
7284 0.63356
7285 0.741716
7286 0.918086
7287 0.779617
7288 0.422634
7289 0.825277
7290 0.844517
7291 0.957407
7292 0.786059
7293 0.896213
7294 0.837772
7295 0.827801
7296 0.78306
7297 0.867446
7298 0.590705
7299 0.832746
7300 0.674398
7301 0.857828
7302 0.871412
7303 0.743796
7304 0.805958
7305 0.771646
7306 0.698729
7307 0.761067
7308 0.627254
7309 0.847587
7310 0.69653
7311 0.804592
7312 0.839021
7313 0.634126
7314 0.745177
7315 0.784948
7316 0.582762
7317 0.78261
7318 0.688535
7319 0.897307
7320 0.43165
7321 0.738184
7322 0.66202
7323 0.636019
7324 0.733428
7325 0.679444
7326 0.561462
7327 0.663861
7328 0.777776
7329 0.661711
7330 0.829651
7331 0.831045
7332 0.804069
7333 0.87404
7334 0.724844
7335 0.915913
7336 0.842891
7337 0.94518
7338 0.912952
7339 0.889999
7340 0.874714
7341 0.947366
7342 0.827588
7343 0.789853
7344 0.601671
7345 0.830881
7346 0.700853
7347 0.903666
7348 0.71824
7349 0.903631
7350 0.811268
7351 0.753258
7352 0.869734
7353 0.529997
7354 0.941575
7355 0.531359
7356 0.858187
7357 0.773981
7358 0.855035
7359 0.792215
7360 0.969009
7361 0.774837
7362 0.808311
7363 0.807681
7364 0.864477
7365 0.745704
7366 0.87096
7367 0.630552
7368 0.669979
7369 0.89393
7370 0.679641
7371 0.812474
7372 0.368851
7373 0.875173
7374 0.918398
7375 0.860432
7376 0.572909
7377 0.655236
7378 0.964024
7379 0.709958
7380 0.652761
7381 0.926355
7382 0.482689
7383 0.620612
7384 0.815122
7385 0.762034
7386 0.821885
7387 0.839703
7388 0.76898
7389 0.747383
7390 0.680467
7391 0.569825
7392 0.920836
7393 0.798678
7394 0.914648
7395 0.936353
7396 0.799987
7397 0.772957
7398 0.656133
7399 0.796403
7400 0.969843
7401 0.908692
7402 0.724641
7403 0.916377
7404 0.775585
7405 0.679862
7406 0.709261
7407 0.787953
7408 0.717398
7409 0.54999
7410 0.24145
7411 0.483522
7412 0.681307
7413 0.835965
7414 0.845937
7415 0.948021
7416 0.804738
7417 0.839452
7418 0.649234
7419 0.887465
7420 0.398358
7421 0.72714
7422 0.713888
7423 0.348282
7424 0.84227
7425 0.672763
7426 0.727447
7427 0.752688
7428 0.826012
7429 0.822129
7430 0.862834
7431 0.832899
7432 0.65232
7433 0.601456
7434 0.699493
7435 0.830745
7436 0.462715
7437 0.565797
7438 0.684983
7439 0.729636
7440 0.863863
7441 0.682902
7442 0.851008
7443 0.944164
7444 0.672876
7445 0.573567
7446 0.935515
7447 0.780945
7448 0.834712
7449 0.814527
7450 0.527699
7451 0.718356
7452 0.771094
7453 0.802977
7454 0.626145
7455 0.540444
7456 0.279254
7457 0.786883
7458 0.558221
7459 0.619213
7460 0.729538
7461 0.580802
7462 0.964319
7463 0.857475
7464 0.812987
7465 0.673198
7466 0.745179
7467 0.956618
7468 0.920433
7469 0.867979
7470 0.755089
7471 0.931631
7472 0.915727
7473 0.932855
7474 0.607699
7475 0.951146
7476 0.875107
7477 0.776126
7478 0.871917
7479 0.85448
7480 0.902931
7481 0.969177
7482 0.868673
7483 0.831571
7484 0.665299
7485 0.636018
7486 0.667414
7487 0.763884
7488 0.885915
7489 0.884006
7490 0.781682
7491 0.714005
7492 0.536723
7493 0.570477
7494 0.724145
7495 0.663471
7496 0.65977
7497 0.917501
7498 0.428572
7499 0.413612
7500 0.728666
7501 0.609937
7502 0.725557
7503 0.658121
7504 0.950001
7505 0.921613
7506 0.902091
7507 0.83751
7508 0.784987
7509 0.725182
7510 0.538065
7511 0.5693
7512 0.666059
7513 0.603376
7514 0.693095
7515 0.786257
7516 0.605223
7517 0.646602
7518 0.797094
7519 0.811338
7520 0.763779
7521 0.777159
7522 0.591393
7523 0.84767
7524 0.936154
7525 0.837983
7526 0.928097
7527 0.952337
7528 0.851042
7529 0.873785
7530 0.838388
7531 0.757256
7532 0.895793
7533 0.742858
7534 0.849886
7535 0.853577
7536 0.886058
7537 0.74732
7538 0.882421
7539 0.805642
7540 0.774172
7541 0.893855
7542 0.87912
7543 0.659593
7544 0.944777
7545 0.792058
7546 0.695909
7547 0.815399
7548 0.494033
7549 0.913267
7550 0.886756
7551 0.785087
7552 0.555742
7553 0.783966
7554 0.397657
7555 0.662984
7556 0.52751
7557 0.527534
7558 0.930258
7559 0.842494
7560 0.800779
7561 0.679397
7562 0.842825
7563 0.895946
7564 0.837872
7565 0.83301
7566 0.67367
7567 0.932035
7568 0.925271
7569 0.607037
7570 0.511117
7571 0.372038
7572 0.848021
7573 0.217463
7574 0.690368
7575 0.765433
7576 0.632185
7577 0.0615413
7578 0.0576847
7579 0.411275
7580 0.118599
7581 0.112148
7582 0.67267
7583 0.245749
7584 0.477425
7585 0.700066
7586 0.109831
7587 0.0797022
7588 0.451992
7589 0.66723
7590 0.699971
7591 0.109786
7592 0.667423
7593 0.0739256
7594 0.411407
7595 0.466188
7596 0.095365
7597 0.0615626
7598 0.85309
7599 0.503983
7600 0.897455
7601 0.817464
7602 0.917474
7603 0.660687
7604 0.828235
7605 0.793245
7606 0.806763
7607 0.748608
7608 0.834517
7609 0.705188
7610 0.801443
7611 0.80067
7612 0.896726
7613 0.883564
7614 0.861419
7615 0.83908
7616 0.856823
7617 0.949766
7618 0.772418
7619 0.589834
7620 0.646911
7621 0.664927
7622 0.723135
7623 0.680968
7624 0.873557
7625 0.89267
7626 0.837236
7627 0.924743
7628 0.805332
7629 0.944289
7630 0.920431
7631 0.794936
7632 0.61471
7633 0.767693
7634 0.778233
7635 0.681107
7636 0.41125
7637 0.712903
7638 0.784783
7639 0.764542
7640 0.689486
7641 0.510028
7642 0.822733
7643 0.573304
7644 0.866632
7645 0.827018
7646 0.958873
7647 0.829718
7648 0.866966
7649 0.462578
7650 0.726743
7651 0.769158
7652 0.870749
7653 0.887586
7654 0.717714
7655 0.685422
7656 0.672327
7657 0.737502
7658 0.597637
7659 0.690769
7660 0.931071
7661 0.845972
7662 0.952476
7663 0.834359
7664 0.843571
7665 0.85679
7666 0.662767
7667 0.735717
7668 0.826984
7669 0.795309
7670 0.90007
7671 0.723805
7672 0.819895
7673 0.501533
7674 0.915963
7675 0.540676
7676 0.767632
7677 0.51688
7678 0.540078
7679 0.670237
7680 0.456841
7681 0.490988
7682 0.289236
7683 0.280806
7684 0.715606
7685 0.948509
7686 0.911214
7687 0.834671
7688 0.666753
7689 0.807776
7690 0.761926
7691 0.653286
7692 0.918304
7693 0.785349
7694 0.664603
7695 0.871842
7696 0.780864
7697 0.736802
7698 0.653624
7699 0.711298
7700 0.793339
7701 0.893053
7702 0.818085
7703 0.790072
7704 0.822959
7705 0.772351
7706 0.728654
7707 0.563091
7708 0.852385
7709 0.28947
7710 0.791917
7711 0.733087
7712 0.594364
7713 0.726488
7714 0.554987
7715 0.585225
7716 0.631506
7717 0.823631
7718 0.808065
7719 0.896839
7720 0.852614
7721 0.735307
7722 0.845962
7723 0.432184
7724 0.634255
7725 0.445556
7726 0.866334
7727 0.393844
7728 0.795836
7729 0.859766
7730 0.335297
7731 0.724101
7732 0.802386
7733 0.794613
7734 0.535371
7735 0.409204
7736 0.859082
7737 0.556793
7738 0.898294
7739 0.825917
7740 0.806135
7741 0.862204
7742 0.889841
7743 0.722324
7744 0.880931
7745 0.480643
7746 0.65205
7747 0.472055
7748 0.252647
7749 0.594707
7750 0.572734
7751 0.412285
7752 0.762045
7753 0.618883
7754 0.688347
7755 0.678391
7756 0.906322
7757 0.866708
7758 0.747006
7759 0.830267
7760 0.510458
7761 0.878022
7762 0.903019
7763 0.785783
7764 0.535849
7765 0.478315
7766 0.748302
7767 0.673843
7768 0.701253
7769 0.450544
7770 0.64617
7771 0.529598
7772 0.70318
7773 0.423251
7774 0.543277
7775 0.583085
7776 0.840943
7777 0.677657
7778 0.471101
7779 0.7574
7780 0.513375
7781 0.436779
7782 0.495057
7783 0.741649
7784 0.82788
7785 0.939803
7786 0.747431
7787 0.705959
7788 0.867626
7789 0.772127
7790 0.712705
7791 0.770674
7792 0.593791
7793 0.736548
7794 0.777618
7795 0.865013
7796 0.686922
7797 0.63111
7798 0.535123
7799 0.445948
7800 0.711412
7801 0.563743
7802 0.791041
7803 0.563828
7804 0.555799
7805 0.880883
7806 0.744443
7807 0.703841
7808 0.85519
7809 0.54723
7810 0.67543
7811 0.908508
7812 0.80622
7813 0.908002
7814 0.458737
7815 0.370638
7816 0.521188
7817 0.493467
7818 0.947953
7819 0.971291
7820 0.741599
7821 0.424908
7822 0.634542
7823 0.691501
7824 0.797567
7825 0.661539
7826 0.872157
7827 0.667214
7828 0.67728
7829 0.672905
7830 0.642691
7831 0.968669
7832 0.628035
7833 0.550322
7834 0.567739
7835 0.561145
7836 0.842481
7837 0.752927
7838 0.610207
7839 0.84952
7840 0.751168
7841 0.687659
7842 0.743556
7843 0.708092
7844 0.712531
7845 0.769061
7846 0.75966
7847 0.532
7848 0.907086
7849 0.865543
7850 0.86181
7851 0.621611
7852 0.750069
7853 0.649885
7854 0.881376
7855 0.892008
7856 0.897254
7857 0.764226
7858 0.949153
7859 0.508511
7860 0.724493
7861 0.78887
7862 0.823062
7863 0.682312
7864 0.612504
7865 0.921895
7866 0.717145
7867 0.67896
7868 0.77758
7869 0.76016
7870 0.912349
7871 0.781218
7872 0.692166
7873 0.420269
7874 0.903547
7875 0.800974
7876 0.682919
7877 0.584908
7878 0.850789
7879 0.57341
7880 0.908373
7881 0.791848
7882 0.6968
7883 0.762486
7884 0.624705
7885 0.766791
7886 0.784887
7887 0.718232
7888 0.813569
7889 0.86348
7890 0.926661
7891 0.706763
7892 0.804014
7893 0.856431
7894 0.844457
7895 0.708986
7896 0.810444
7897 0.693911
7898 0.815865
7899 0.843881
7900 0.906989
7901 0.749648
7902 0.828446
7903 0.820888
7904 0.873672
7905 0.939814
7906 0.666969
7907 0.886259
7908 0.795273
7909 0.781001
7910 0.708769
7911 0.628318
7912 0.933198
7913 0.888628
7914 0.841755
7915 0.751379
7916 0.601648
7917 0.659419
7918 0.685121
7919 0.64388
7920 0.593684
7921 0.813285
7922 0.785547
7923 0.745866
7924 0.712219
7925 0.565494
7926 0.761326
7927 0.729215
7928 0.756779
7929 0.692994
7930 0.72448
7931 0.586931
7932 0.834409
7933 0.936957
7934 0.820768
7935 0.928057
7936 0.84449
7937 0.917587
7938 0.719052
7939 0.805555
7940 0.543195
7941 0.862984
7942 0.853533
7943 0.822088
7944 0.323683
7945 0.773596
7946 0.450732
7947 0.912909
7948 0.892439
7949 0.845864
7950 0.825531
7951 0.95366
7952 0.563104
7953 0.736965
7954 0.64913
7955 0.75866
7956 0.669443
7957 0.861569
7958 0.845395
7959 0.806193
7960 0.787666
7961 0.930182
7962 0.782852
7963 0.873617
7964 0.684213
7965 0.656793
7966 0.698629
7967 0.879012
7968 0.837458
7969 0.882677
7970 0.789128
7971 0.892602
7972 0.912461
7973 0.773853
7974 0.889649
7975 0.853637
7976 0.840007
7977 0.846991
7978 0.804952
7979 0.934124
7980 0.775257
7981 0.819582
7982 0.680299
7983 0.770439
7984 0.685322
7985 0.712245
7986 0.59375
7987 0.825525
7988 0.788902
7989 0.776125
7990 0.84373
7991 0.699336
7992 0.701525
7993 0.868048
7994 0.920023
7995 0.550112
7996 0.928343
7997 0.747044
7998 0.713599
7999 0.866926
8000 0.841314
8001 0.599827
8002 0.837084
8003 0.717227
8004 0.415057
8005 0.929093
8006 0.868114
8007 0.737235
8008 0.592331
8009 0.46603
8010 0.913455
8011 0.615803
8012 0.85917
8013 0.941305
8014 0.968179
8015 0.822268
8016 0.936703
8017 0.784534
8018 0.785762
8019 0.868845
8020 0.514793
8021 0.723813
8022 0.547536
8023 0.939188
8024 0.748581
8025 0.73769
8026 0.765424
8027 0.949257
8028 0.700264
8029 0.748147
8030 0.529125
8031 0.881045
8032 0.824281
8033 0.5465
8034 0.533294
8035 0.684217
8036 0.87223
8037 0.931367
8038 0.905205
8039 0.790736
8040 0.81084
8041 0.769468
8042 0.797949
8043 0.83059
8044 0.779542
8045 0.805246
8046 0.910308
8047 0.895922
8048 0.744318
8049 0.471522
8050 0.767698
8051 0.916756
8052 0.617331
8053 0.444434
8054 0.56419
8055 0.941548
8056 0.883145
8057 0.9205
8058 0.470913
8059 0.951345
8060 0.588146
8061 0.44379
8062 0.829266
8063 0.654597
8064 0.648025
8065 0.56798
8066 0.937559
8067 0.929881
8068 0.636885
8069 0.949694
8070 0.900338
8071 0.685453
8072 0.80387
8073 0.79797
8074 0.806292
8075 0.977151
8076 0.852156
8077 0.860416
8078 0.747463
8079 0.825173
8080 0.750252
8081 0.755395
8082 0.683167
8083 0.73433
8084 0.65463
8085 0.76666
8086 0.642452
8087 0.887275
8088 0.779169
8089 0.830969
8090 0.757527
8091 0.783513
8092 0.879398
8093 0.987031
8094 0.860345
8095 0.821438
8096 0.864916
8097 0.907861
8098 0.603146
8099 0.74102
8100 0.78521
8101 0.66278
8102 0.711334
8103 0.711933
8104 0.642327
8105 0.618306
8106 0.827209
8107 0.830243
8108 0.593315
8109 0.947223
8110 0.844861
8111 0.730316
8112 0.817684
8113 0.856438
8114 0.947151
8115 0.803351
8116 0.896126
8117 0.885619
8118 0.869759
8119 0.827944
8120 0.708013
8121 0.748789
8122 0.675404
8123 0.694669
8124 0.836385
8125 0.880989
8126 0.50947
8127 0.906866
8128 0.856702
8129 0.701877
8130 0.896667
8131 0.771599
8132 0.683009
8133 0.845379
8134 0.920112
8135 0.938754
8136 0.616166
8137 0.581631
8138 0.717748
8139 0.928518
8140 0.681552
8141 0.77078
8142 0.623595
8143 0.64229
8144 0.68691
8145 0.737889
8146 0.779489
8147 0.128204
8148 0.851446
8149 0.547825
8150 0.406806
8151 0.624349
8152 0.813496
8153 0.833038
8154 0.836096
8155 0.671029
8156 0.51941
8157 0.511783
8158 0.70408
8159 0.685278
8160 0.980946
8161 0.79783
8162 0.72407
8163 0.805591
8164 0.729859
8165 0.757174
8166 0.743491
8167 0.868491
8168 0.809594
8169 0.625548
8170 0.608168
8171 0.935016
8172 0.681968
8173 0.721683
8174 0.783422
8175 0.76774
8176 0.815048
8177 0.812334
8178 0.749943
8179 0.853913
8180 0.714302
8181 0.837256
8182 0.690099
8183 0.812093
8184 0.745682
8185 0.748497
8186 0.532483
8187 0.424217
8188 0.851026
8189 0.704216
8190 0.313715
8191 0.443654
8192 0.283844
8193 0.704183
8194 0.915861
8195 0.958437
8196 0.794421
8197 0.750682
8198 0.746633
8199 0.627155
8200 0.659761
8201 0.754889
8202 0.788761
8203 0.84651
8204 0.640389
8205 0.889298
8206 0.93517
8207 0.832437
8208 0.686049
8209 0.857105
8210 0.684522
8211 0.70402
8212 0.62203
8213 0.574368
8214 0.903104
8215 0.527846
8216 0.82505
8217 0.704644
8218 0.504291
8219 0.523751
8220 0.665458
8221 0.70523
8222 0.810472
8223 0.736311
8224 0.542126
8225 0.850266
8226 0.677108
8227 0.909592
8228 0.856721
8229 0.788135
8230 0.710142
8231 0.743245
8232 0.391633
8233 0.772028
8234 0.443852
8235 0.784152
8236 0.69177
8237 0.820114
8238 0.709503
8239 0.768764
8240 0.876273
8241 0.891398
8242 0.777983
8243 0.812225
8244 0.791725
8245 0.893085
8246 0.70048
8247 0.741646
8248 0.625869
8249 0.712873
8250 0.722649
8251 0.764089
8252 0.965035
8253 0.465138
8254 0.554344
8255 0.676376
8256 0.79633
8257 0.57983
8258 0.30885
8259 0.46912
8260 0.712064
8261 0.433656
8262 0.760156
8263 0.702931
8264 0.897187
8265 0.726984
8266 0.688548
8267 0.894722
8268 0.930514
8269 0.71191
8270 0.892216
8271 0.781297
8272 0.678275
8273 0.711564
8274 0.791524
8275 0.759143
8276 0.499141
8277 0.691538
8278 0.900657
8279 0.852029
8280 0.716624
8281 0.854635
8282 0.757558
8283 0.74857
8284 0.520158
8285 0.771495
8286 0.691185
8287 0.882066
8288 0.891528
8289 0.981356
8290 0.985017
8291 0.868644
8292 0.857232
8293 0.796119
8294 0.669587
8295 0.7377
8296 0.660832
8297 0.409868
8298 0.78375
8299 0.92157
8300 0.837301
8301 0.777867
8302 0.433815
8303 0.501732
8304 0.848407
8305 0.736777
8306 0.269962
8307 0.809471
8308 0.521542
8309 0.589726
8310 0.476986
8311 0.451683
8312 0.760429
8313 0.785428
8314 0.722723
8315 0.736411
8316 0.801808
8317 0.565311
8318 0.638496
8319 0.607699
8320 0.898719
8321 0.698687
8322 0.833601
8323 0.669266
8324 0.917942
8325 0.853974
8326 0.684334
8327 0.651758
8328 0.731492
8329 0.648359
8330 0.545768
8331 0.698176
8332 0.561846
8333 0.639973
8334 0.655244
8335 0.683254
8336 0.709742
8337 0.683366
8338 0.950369
8339 0.704734
8340 0.83082
8341 0.808813
8342 0.735324
8343 0.874165
8344 0.680673
8345 0.791724
8346 0.852569
8347 0.567135
8348 0.662947
8349 0.686458
8350 0.638137
8351 0.924958
8352 0.777059
8353 0.672587
8354 0.749747
8355 0.855009
8356 0.935362
8357 0.777727
8358 0.62139
8359 0.568603
8360 0.551681
8361 0.720594
8362 0.825185
8363 0.933364
8364 0.80902
8365 0.785075
8366 0.79523
8367 0.813002
8368 0.78762
8369 0.890673
8370 0.777004
8371 0.807642
8372 0.655262
8373 0.671074
8374 0.600222
8375 0.542268
8376 0.592159
8377 0.842545
8378 0.336552
8379 0.773167
8380 0.745061
8381 0.734095
8382 0.714541
8383 0.743155
8384 0.802943
8385 0.703965
8386 0.626562
8387 0.857167
8388 0.570605
8389 0.523139
8390 0.821621
8391 0.930776
8392 0.775488
8393 0.754634
8394 0.533868
8395 0.775068
8396 0.786917
8397 0.678155
8398 0.725922
8399 0.565455
8400 0.679948
8401 0.904727
8402 0.883805
8403 0.790958
8404 0.857705
8405 0.868726
8406 0.663909
8407 0.641966
8408 0.78608
8409 0.924468
8410 0.87737
8411 0.902068
8412 0.781828
8413 0.887855
8414 0.821667
8415 0.863206
8416 0.723337
8417 0.862465
8418 0.82572
8419 0.713041
8420 0.69867
8421 0.759567
8422 0.743329
8423 0.489809
8424 0.821628
8425 0.865
8426 0.806685
8427 0.842937
8428 0.873254
8429 0.826315
8430 0.826527
8431 0.706445
8432 0.715158
8433 0.795541
8434 0.521603
8435 0.661587
8436 0.623277
8437 0.689056
8438 0.508906
8439 0.962006
8440 0.832892
8441 0.754618
8442 0.863839
8443 0.809036
8444 0.635417
8445 0.919066
8446 0.886926
8447 0.744507
8448 0.849516
8449 0.759968
8450 0.800877
8451 0.718803
8452 0.85309
8453 0.612123
8454 0.817775
8455 0.522221
8456 0.450542
8457 0.63594
8458 0.873142
8459 0.770625
8460 0.737532
8461 0.814798
8462 0.696028
8463 0.707486
8464 0.808462
8465 0.870643
8466 0.913774
8467 0.92016
8468 0.66022
8469 0.270315
8470 0.571449
8471 0.586054
8472 0.738845
8473 0.832734
8474 0.794184
8475 0.507674
8476 0.968254
8477 0.884487
8478 0.587734
8479 0.768742
8480 0.916767
8481 0.890426
8482 0.823044
8483 0.665264
8484 0.950462
8485 0.84571
8486 0.648197
8487 0.661699
8488 0.828893
8489 0.813684
8490 0.80157
8491 0.865701
8492 0.668303
8493 0.762813
8494 0.710373
8495 0.636626
8496 0.637909
8497 0.738298
8498 0.572135
8499 0.709869
8500 0.744165
8501 0.870559
8502 0.908759
8503 0.76603
8504 0.581456
8505 0.734615
8506 0.564332
8507 0.763629
8508 0.865589
8509 0.677834
8510 0.785525
8511 0.539963
8512 0.846398
8513 0.734436
8514 0.799683
8515 0.580054
8516 0.624283
8517 0.669438
8518 0.717682
8519 0.819953
8520 0.966185
8521 0.963349
8522 0.913772
8523 0.960712
8524 0.723957
8525 0.647993
8526 0.800684
8527 0.704247
8528 0.750582
8529 0.844367
8530 0.896695
8531 0.85088
8532 0.59886
8533 0.652349
8534 0.474417
8535 0.919377
8536 0.629853
8537 0.373453
8538 0.864259
8539 0.775576
8540 0.843659
8541 0.896041
8542 0.805476
8543 0.522874
8544 0.34993
8545 0.591472
8546 0.734681
8547 0.716589
8548 0.734922
8549 0.626519
8550 0.777178
8551 0.496142
8552 0.761899
8553 0.508168
8554 0.695468
8555 0.738673
8556 0.681509
8557 0.551902
8558 0.554465
8559 0.881713
8560 0.760658
8561 0.936519
8562 0.765397
8563 0.79159
8564 0.788527
8565 0.803905
8566 0.821467
8567 0.824465
8568 0.820625
8569 0.880291
8570 0.79551
8571 0.610019
8572 0.935719
8573 0.568314
8574 0.727239
8575 0.80934
8576 0.788976
8577 0.768497
8578 0.664724
8579 0.645934
8580 0.83836
8581 0.704215
8582 0.803556
8583 0.614274
8584 0.790837
8585 0.850938
8586 0.729015
8587 0.529954
8588 0.921781
8589 0.889437
8590 0.863428
8591 0.745579
8592 0.901825
8593 0.905629
8594 0.808907
8595 0.793896
8596 0.845782
8597 0.599195
8598 0.618368
8599 0.718245
8600 0.622255
8601 0.687535
8602 0.826594
8603 0.706793
8604 0.711223
8605 0.653022
8606 0.716468
8607 0.695284
8608 0.671861
8609 0.774079
8610 0.748253
8611 0.535509
8612 0.643885
8613 0.654532
8614 0.60758
8615 0.757011
8616 0.651175
8617 0.648127
8618 0.833838
8619 0.678325
8620 0.806039
8621 0.713366
8622 0.606309
8623 0.826628
8624 0.716587
8625 0.88099
8626 0.644894
8627 0.745509
8628 0.762771
8629 0.77974
8630 0.727583
8631 0.899091
8632 0.649251
8633 0.771532
8634 0.5365
8635 0.605187
8636 0.846801
8637 0.736651
8638 0.723297
8639 0.770035
8640 0.840452
8641 0.675005
8642 0.409948
8643 0.382906
8644 0.438297
8645 0.76974
8646 0.870356
8647 0.767024
8648 0.810556
8649 0.793487
8650 0.801465
8651 0.764596
8652 0.866905
8653 0.877461
8654 0.745389
8655 0.893154
8656 0.64127
8657 0.721674
8658 0.718803
8659 0.781718
8660 0.662826
8661 0.804087
8662 0.64039
8663 0.702258
8664 0.770333
8665 0.83264
8666 0.737936
8667 0.822757
8668 0.942202
8669 0.643672
8670 0.725977
8671 0.878426
8672 0.821486
8673 0.876398
8674 0.838145
8675 0.710207
8676 0.656898
8677 0.762465
8678 0.523324
8679 0.894563
8680 0.846624
8681 0.885824
8682 0.526589
8683 0.771612
8684 0.832239
8685 0.844375
8686 0.907055
8687 0.717315
8688 0.91532
8689 0.663727
8690 0.736279
8691 0.778325
8692 0.854255
8693 0.778388
8694 0.920619
8695 0.738489
8696 0.737905
8697 0.726318
8698 0.69924
8699 0.80519
8700 0.807863
8701 0.927205
8702 0.74904
8703 0.707066
8704 0.798346
8705 0.946657
8706 0.668201
8707 0.823563
8708 0.477809
8709 0.509311
8710 0.789931
8711 0.886221
8712 0.798594
8713 0.506491
8714 0.767884
8715 0.657851
8716 0.68964
8717 0.887092
8718 0.638731
8719 0.825163
8720 0.926781
8721 0.741009
8722 0.797153
8723 0.823128
8724 0.856093
8725 0.865252
8726 0.757616
8727 0.87692
8728 0.851977
8729 0.747371
8730 0.776238
8731 0.908015
8732 0.851483
8733 0.569525
8734 0.658734
8735 0.657121
8736 0.668108
8737 0.687323
8738 0.68208
8739 0.651483
8740 0.554969
8741 0.659186
8742 0.715636
8743 0.734603
8744 0.588343
8745 0.64266
8746 0.935674
8747 0.41876
8748 0.758666
8749 0.503284
8750 0.375273
8751 0.85484
8752 0.67323
8753 0.748328
8754 0.907484
8755 0.561964
8756 0.851884
8757 0.620326
8758 0.792914
8759 0.759206
8760 0.731774
8761 0.695874
8762 0.671439
8763 0.624025
8764 0.626552
8765 0.609177
8766 0.737636
8767 0.683618
8768 0.689555
8769 0.824243
8770 0.755353
8771 0.761188
8772 0.748907
8773 0.800947
8774 0.703327
8775 0.816446
8776 0.861321
8777 0.688894
8778 0.852423
8779 0.668625
8780 0.665555
8781 0.630054
8782 0.548765
8783 0.909501
8784 0.878324
8785 0.760819
8786 0.799146
8787 0.658469
8788 0.749499
8789 0.840815
8790 0.702123
8791 0.503006
8792 0.541648
8793 0.693414
8794 0.742537
8795 0.809787
8796 0.46744
8797 0.95426
8798 0.946201
8799 0.77866
8800 0.812498
8801 0.701572
8802 0.458615
8803 0.586999
8804 0.742338
8805 0.528908
8806 0.579112
8807 0.736302
8808 0.524493
8809 0.566966
8810 0.94102
8811 0.783091
8812 0.420291
8813 0.598309
8814 0.619033
8815 0.779431
8816 0.616812
8817 0.653826
8818 0.664773
8819 0.934897
8820 0.657449
8821 0.83165
8822 0.879587
8823 0.756294
8824 0.765843
8825 0.591196
8826 0.720843
8827 0.846381
8828 0.956197
8829 0.940875
8830 0.872032
8831 0.758748
8832 0.757214
8833 0.616679
8834 0.509383
8835 0.499021
8836 0.537067
8837 0.611146
8838 0.617901
8839 0.687891
8840 0.61729
8841 0.70815
8842 0.637425
8843 0.73429
8844 0.818858
8845 0.934118
8846 0.687237
8847 0.960644
8848 0.876439
8849 0.914792
8850 0.694756
8851 0.715437
8852 0.667849
8853 0.678537
8854 0.767056
8855 0.414023
8856 0.847954
8857 0.717037
8858 0.664775
8859 0.645848
8860 0.829721
8861 0.826558
8862 0.738608
8863 0.813293
8864 0.480919
8865 0.770698
8866 0.77101
8867 0.861282
8868 0.960012
8869 0.945106
8870 0.915599
8871 0.796678
8872 0.889471
8873 0.859767
8874 0.69858
8875 0.836506
8876 0.648945
8877 0.633265
8878 0.725107
8879 0.514362
8880 0.407353
8881 0.874519
8882 0.518694
8883 0.742483
8884 0.832927
8885 0.7988
8886 0.686523
8887 0.811338
8888 0.665096
8889 0.658386
8890 0.58001
8891 0.58322
8892 0.380572
8893 0.521467
8894 0.580332
8895 0.752672
8896 0.72256
8897 0.85285
8898 0.778729
8899 0.816962
8900 0.632924
8901 0.941098
8902 0.914613
8903 0.80949
8904 0.634208
8905 0.638948
8906 0.868698
8907 0.798397
8908 0.82488
8909 0.771621
8910 0.867319
8911 0.903184
8912 0.745952
8913 0.857611
8914 0.744582
8915 0.657301
8916 0.820316
8917 0.686979
8918 0.93183
8919 0.910867
8920 0.672467
8921 0.649329
8922 0.868008
8923 0.709896
8924 0.746121
8925 0.801283
8926 0.55902
8927 0.754475
8928 0.694228
8929 0.778148
8930 0.547775
8931 0.820467
8932 0.832062
8933 0.729191
8934 0.944047
8935 0.830078
8936 0.725089
8937 0.777227
8938 0.920528
8939 0.978112
8940 0.811954
8941 0.980383
8942 0.764454
8943 0.807155
8944 0.812522
8945 0.627455
8946 0.805953
8947 0.788492
8948 0.77577
8949 0.785906
8950 0.919473
8951 0.861351
8952 0.376278
8953 0.455349
8954 0.751338
8955 0.805654
8956 0.850358
8957 0.822557
8958 0.908315
8959 0.822775
8960 0.736208
8961 0.842334
8962 0.878451
8963 0.749055
8964 0.822023
8965 0.771781
8966 0.622963
8967 0.908672
8968 0.864961
8969 0.742263
8970 0.881616
8971 0.707633
8972 0.729376
8973 0.787176
8974 0.766556
8975 0.465454
8976 0.478231
8977 0.657814
8978 0.915958
8979 0.603696
8980 0.509568
8981 0.747192
8982 0.674972
8983 0.697273
8984 0.743378
8985 0.599528
8986 0.506551
8987 0.745275
8988 0.348206
8989 0.462696
8990 0.653181
8991 0.609941
8992 0.774371
8993 0.745654
8994 0.833375
8995 0.876846
8996 0.688703
8997 0.756535
8998 0.680783
8999 0.863567
9000 0.842951
9001 0.80249
9002 0.740566
9003 0.575876
9004 0.692232
9005 0.763361
9006 0.664818
9007 0.576865
9008 0.720683
9009 0.618967
9010 0.707195
9011 0.794811
9012 0.766873
9013 0.762329
9014 0.663728
9015 0.755484
9016 0.90284
9017 0.80398
9018 0.921311
9019 0.878691
9020 0.963444
9021 0.76743
9022 0.834432
9023 0.763366
9024 0.602391
9025 0.67115
9026 0.593383
9027 0.6918
9028 0.701235
9029 0.653252
9030 0.526994
9031 0.735559
9032 0.737086
9033 0.75356
9034 0.773051
9035 0.688088
9036 0.722104
9037 0.737084
9038 0.798356
9039 0.795506
9040 0.637689
9041 0.85544
9042 0.860539
9043 0.865366
9044 0.720727
9045 0.895553
9046 0.761076
9047 0.822654
9048 0.842439
9049 0.83438
9050 0.569495
9051 0.589739
9052 0.4589
9053 0.550157
9054 0.530357
9055 0.844529
9056 0.680534
9057 0.647137
9058 0.760336
9059 0.683932
9060 0.824992
9061 0.54157
9062 0.525107
9063 0.4868
9064 0.532585
9065 0.700226
9066 0.818983
9067 0.459568
9068 0.530471
9069 0.668106
9070 0.721022
9071 0.66626
9072 0.843937
9073 0.548037
9074 0.802684
9075 0.787702
9076 0.766555
9077 0.70023
9078 0.524565
9079 0.708088
9080 0.757989
9081 0.772236
9082 0.595864
9083 0.71286
9084 0.634984
9085 0.555371
9086 0.908456
9087 0.710963
9088 0.842222
9089 0.490791
9090 0.676151
9091 0.828561
9092 0.705093
9093 0.676908
9094 0.891998
9095 0.714314
9096 0.764202
9097 0.743288
9098 0.694617
9099 0.843228
9100 0.720297
9101 0.727427
9102 0.547477
9103 0.848297
9104 0.603505
9105 0.537323
9106 0.653484
9107 0.73803
9108 0.765443
9109 0.727631
9110 0.591998
9111 0.786585
9112 0.77189
9113 0.756812
9114 0.54465
9115 0.804177
9116 0.896615
9117 0.62705
9118 0.615193
9119 0.6011
9120 0.485459
9121 0.690282
9122 0.625438
9123 0.678735
9124 0.680951
9125 0.680985
9126 0.829291
9127 0.765415
9128 0.883008
9129 0.85528
9130 0.758158
9131 0.662997
9132 0.730052
9133 0.340587
9134 0.15828
9135 0.230172
9136 0.857531
9137 0.875268
9138 0.644296
9139 0.642569
9140 0.909279
9141 0.756361
9142 0.889881
9143 0.897002
9144 0.771689
9145 0.845866
9146 0.7902
9147 0.541191
9148 0.945399
9149 0.844683
9150 0.837485
9151 0.567934
9152 0.871352
9153 0.892902
9154 0.919361
9155 0.85418
9156 0.905847
9157 0.850614
9158 0.720078
9159 0.909203
9160 0.868027
9161 0.90691
9162 0.852346
9163 0.873275
9164 0.878105
9165 0.859226
9166 0.850823
9167 0.895386
9168 0.792439
9169 0.865355
9170 0.842329
9171 0.727542
9172 0.815619
9173 0.803043
9174 0.900316
9175 0.903496
9176 0.861864
9177 0.695248
9178 0.872698
9179 0.851564
9180 0.837945
9181 0.952603
9182 0.895097
9183 0.921367
9184 0.79641
9185 0.897916
9186 0.852852
9187 0.955658
9188 0.90779
9189 0.755781
9190 0.831637
9191 0.718395
9192 0.837839
9193 0.871571
9194 0.827111
9195 0.888674
9196 0.836152
9197 0.863262
9198 0.851327
9199 0.830839
9200 0.86196
9201 0.846822
9202 0.910126
9203 0.421801
9204 0.895166
9205 0.918698
9206 0.819285
9207 0.684338
9208 0.828838
9209 0.935667
9210 0.913547
9211 0.801133
9212 0.80362
9213 0.910465
9214 0.85689
9215 0.804542
9216 0.904585
9217 0.817371
9218 0.878825
9219 0.835126
9220 0.881024
9221 0.82055
9222 0.955305
9223 0.69552
9224 0.624582
9225 0.803372
9226 0.918028
9227 0.562199
9228 0.831023
9229 0.924984
9230 0.934902
9231 0.902204
9232 0.649468
9233 0.718156
9234 0.807745
9235 0.82459
9236 0.645856
9237 0.830492
9238 0.898605
9239 0.738108
9240 0.852752
9241 0.906879
9242 0.787491
9243 0.816494
9244 0.83924
9245 0.806896
9246 0.879132
9247 0.766146
9248 0.887149
9249 0.758429
9250 0.74735
9251 0.900251
9252 0.740893
9253 0.833858
9254 0.819666
9255 0.85589
9256 0.875776
9257 0.864421
9258 0.925347
9259 0.788646
9260 0.798388
9261 0.825598
9262 0.918616
9263 0.808775
9264 0.896902
9265 0.861493
9266 0.869799
9267 0.918012
9268 0.892248
9269 0.81102
9270 0.846018
9271 0.81379
9272 0.874672
9273 0.890583
9274 0.748999
9275 0.91867
9276 0.858016
9277 0.860724
9278 0.870052
9279 0.896161
9280 0.871171
9281 0.845149
9282 0.801793
9283 0.857077
9284 0.664921
9285 0.808945
9286 0.769592
9287 0.841033
9288 0.868167
9289 0.886017
9290 0.905343
9291 0.851674
9292 0.941074
9293 0.773585
9294 0.818001
9295 0.831104
9296 0.811816
9297 0.888321
9298 0.864725
9299 0.977831
9300 0.739618
9301 0.818618
9302 0.83274
9303 0.861539
9304 0.83942
9305 0.821319
9306 0.892596
9307 0.880262
9308 0.899765
9309 0.815476
9310 0.956773
9311 0.876891
9312 0.886812
9313 0.946574
9314 0.797479
9315 0.944222
9316 0.873388
9317 0.916845
9318 0.820932
9319 0.89364
9320 0.966218
9321 0.842183
9322 0.720016
9323 0.783243
9324 0.808936
9325 0.88295
9326 0.801685
9327 0.822864
9328 0.907174
9329 0.815277
9330 0.799291
9331 0.905315
9332 0.85993
9333 0.868239
9334 0.85388
9335 0.878101
9336 0.66853
9337 0.906801
9338 0.82299
9339 0.815445
9340 0.859651
9341 0.845628
9342 0.837754
9343 0.781867
9344 0.778551
9345 0.842692
9346 0.890402
9347 0.881568
9348 0.85891
9349 0.862921
9350 0.846428
9351 0.875128
9352 0.846445
9353 0.903802
9354 0.877588
9355 0.865975
9356 0.827412
9357 0.873776
9358 0.815745
9359 0.748792
9360 0.88736
9361 0.891004
9362 0.872221
9363 0.919659
9364 0.934756
9365 0.904701
9366 0.835096
9367 0.839623
9368 0.809364
9369 0.870429
9370 0.941818
9371 0.932011
9372 0.890611
9373 0.913147
9374 0.843777
9375 0.866575
9376 0.864984
9377 0.904447
9378 0.952825
9379 0.848061
9380 0.880765
9381 0.944383
9382 0.844822
9383 0.885925
9384 0.745999
9385 0.747113
9386 0.804373
9387 0.89635
9388 0.863618
9389 0.843884
9390 0.784102
9391 0.941055
9392 0.810757
9393 0.84868
9394 0.936586
9395 0.867335
9396 0.886138
9397 0.899057
9398 0.906973
9399 0.911578
9400 0.862057
9401 0.849332
9402 0.914192
9403 0.922006
9404 0.883528
9405 0.705724
9406 0.970835
9407 0.825906
9408 0.778622
9409 0.900046
9410 0.901378
9411 0.730689
9412 0.774227
9413 0.91712
9414 0.883039
9415 0.613974
9416 0.696262
9417 0.802215
9418 0.864275
9419 0.852064
9420 0.838968
9421 0.865918
9422 0.560508
9423 0.807055
9424 0.907229
9425 0.858385
9426 0.89194
9427 0.761311
9428 0.838578
9429 0.911276
9430 0.841715
9431 0.924328
9432 0.894147
9433 0.786513
9434 0.89735
9435 0.894647
9436 0.87074
9437 0.897248
9438 0.844817
9439 0.873759
9440 0.901504
9441 0.837408
9442 0.717437
9443 0.776821
9444 0.839282
9445 0.846692
9446 0.841006
9447 0.893391
9448 0.92285
9449 0.7462
9450 0.698255
9451 0.792068
9452 0.954316
9453 0.842934
9454 0.944876
9455 0.881198
9456 0.931745
9457 0.747585
9458 0.656972
9459 0.90142
9460 0.782651
9461 0.893515
9462 0.863153
9463 0.911115
9464 0.824284
9465 0.837102
9466 0.750062
9467 0.855155
9468 0.880652
9469 0.76387
9470 0.848089
9471 0.864276
9472 0.857096
9473 0.871044
9474 0.884989
9475 0.874643
9476 0.786494
9477 0.861682
9478 0.868931
9479 0.851625
9480 0.787029
9481 0.935994
9482 0.849218
9483 0.795234
9484 0.792802
9485 0.878042
9486 0.780381
9487 0.734556
9488 0.904701
9489 0.868706
9490 0.835956
9491 0.789409
9492 0.891172
9493 0.748566
9494 0.872522
9495 0.833533
9496 0.886449
9497 0.901446
9498 0.886688
9499 0.880091
9500 0.789051
9501 0.827831
9502 0.884373
9503 0.932489
9504 0.801351
9505 0.864219
9506 0.888311
9507 0.741969
9508 0.879898
9509 0.858255
9510 0.823126
9511 0.800818
9512 0.857968
9513 0.795838
9514 0.723682
9515 0.862317
9516 0.839702
9517 0.853799
9518 0.863349
9519 0.824013
9520 0.833956
9521 0.843875
9522 0.796853
9523 0.8263
9524 0.844299
9525 0.856411
9526 0.87118
9527 0.915302
9528 0.827492
9529 0.900238
9530 0.884314
9531 0.828352
9532 0.867918
9533 0.819069
9534 0.815578
9535 0.83728
9536 0.802772
9537 0.784829
9538 0.892177
9539 0.833629
9540 0.816545
9541 0.83936
9542 0.845335
9543 0.840134
9544 0.897709
9545 0.85338
9546 0.802829
9547 0.889657
9548 0.791069
9549 0.858029
9550 0.858773
9551 0.756593
9552 0.849119
9553 0.839089
9554 0.806054
9555 0.877956
9556 0.844523
9557 0.911431
9558 0.824131
9559 0.786367
9560 0.906403
9561 0.805349
9562 0.904976
9563 0.870005
9564 0.903509
9565 0.80855
9566 0.68953
9567 0.870922
9568 0.898727
9569 0.871781
9570 0.856689
9571 0.819986
9572 0.849525
9573 0.899047
9574 0.880337
9575 0.844036
9576 0.915314
9577 0.87515
9578 0.894081
9579 0.844317
9580 0.869631
9581 0.812342
9582 0.781185
9583 0.834701
9584 0.833865
9585 0.85492
9586 0.75761
9587 0.818793
9588 0.75488
9589 0.82534
9590 0.844926
9591 0.882225
9592 0.877002
9593 0.876048
9594 0.908116
9595 0.868116
9596 0.858862
9597 0.802146
9598 0.788813
9599 0.779979
9600 0.814808
9601 0.799431
9602 0.801647
9603 0.881028
9604 0.721399
9605 0.786889
9606 0.656413
9607 0.806692
9608 0.90695
9609 0.655518
9610 0.626319
9611 0.921576
9612 0.758039
9613 0.709854
9614 0.897312
9615 0.902949
9616 0.728953
9617 0.810772
9618 0.804251
9619 0.911657
9620 0.851863
9621 0.851742
9622 0.836704
9623 0.777177
9624 0.880829
9625 0.877203
9626 0.915081
9627 0.863315
9628 0.829501
9629 0.802569
9630 0.869012
9631 0.711632
9632 0.425656
9633 0.879357
9634 0.922479
9635 0.744416
9636 0.923047
9637 0.541588
9638 0.823367
9639 0.835965
9640 0.816151
9641 0.814898
9642 0.801154
9643 0.896412
9644 0.879736
9645 0.518318
9646 0.724974
9647 0.965014
9648 0.463918
9649 0.871921
9650 0.843469
9651 0.83716
9652 0.905973
9653 0.907237
9654 0.546326
9655 0.938954
9656 0.821527
9657 0.918375
9658 0.871253
9659 0.86932
9660 0.879681
9661 0.906717
9662 0.762819
9663 0.891434
9664 0.65419
9665 0.76416
9666 0.703303
9667 0.820566
9668 0.898307
9669 0.615628
9670 0.767477
9671 0.825835
9672 0.42126
9673 0.727548
9674 0.791726
9675 0.837568
9676 0.806009
9677 0.841718
9678 0.927594
9679 0.888009
9680 0.845969
9681 0.976672
9682 0.841028
9683 0.740549
9684 0.83894
9685 0.871577
9686 0.888572
9687 0.714182
9688 0.854866
9689 0.86593
9690 0.675399
9691 0.716209
9692 0.707245
9693 0.741485
9694 0.710424
9695 0.736774
9696 0.821579
9697 0.95896
9698 0.645681
9699 0.706484
9700 0.923846
9701 0.831242
9702 0.946385
9703 0.828339
9704 0.821532
9705 0.76698
9706 0.738983
9707 0.866732
9708 0.904986
9709 0.87407
9710 0.64841
9711 0.75563
9712 0.845303
9713 0.828069
9714 0.717749
9715 0.948549
9716 0.577584
9717 0.799618
9718 0.789745
9719 0.809074
9720 0.711751
9721 0.632318
9722 0.720798
9723 0.830921
9724 0.830314
9725 0.779709
9726 0.802648
9727 0.918005
9728 0.840523
9729 0.833452
9730 0.621373
9731 0.830671
9732 0.803625
9733 0.923274
9734 0.884492
9735 0.890643
9736 0.802383
9737 0.845666
9738 0.826923
9739 0.868093
9740 0.862201
9741 0.885369
9742 0.767218
9743 0.819515
9744 0.898961
9745 0.912348
9746 0.90139
9747 0.91056
9748 0.860729
9749 0.851126
9750 0.885731
9751 0.807865
9752 0.925775
9753 0.876927
9754 0.788884
9755 0.781681
9756 0.852405
9757 0.8142
9758 0.925848
9759 0.891878
9760 0.905061
9761 0.725638
9762 0.851014
9763 0.820767
9764 0.825044
9765 0.891123
9766 0.845277
9767 0.846238
9768 0.773153
9769 0.673874
9770 0.687645
9771 0.832828
9772 0.889049
9773 0.957106
9774 0.849335
9775 0.851299
9776 0.851505
9777 0.786102
9778 0.950266
9779 0.799347
9780 0.914822
9781 0.839907
9782 0.884138
9783 0.932
9784 0.922463
9785 0.822918
9786 0.70711
9787 0.834808
9788 0.809027
9789 0.812742
9790 0.911774
9791 0.854124
9792 0.837969
9793 0.881306
9794 0.852905
9795 0.807513
9796 0.784793
9797 0.807486
9798 0.760882
9799 0.964451
9800 0.77296
9801 0.876523
9802 0.873188
9803 0.837312
9804 0.79753
9805 0.881914
9806 0.871977
9807 0.986639
9808 0.821658
9809 0.829502
9810 0.763767
9811 0.714271
9812 0.852422
9813 0.786667
9814 0.879266
9815 0.862796
9816 0.698165
9817 0.755647
9818 0.8429
9819 0.917894
9820 0.774939
9821 0.824798
9822 0.903258
9823 0.888888
9824 0.879586
9825 0.887276
9826 0.888647
9827 0.785412
9828 0.801881
9829 0.986244
9830 0.709148
9831 0.924874
9832 0.449127
9833 0.888676
9834 0.884224
9835 0.926157
9836 0.93059
9837 0.906324
9838 0.831891
9839 0.750043
9840 0.801908
9841 0.888104
9842 0.880907
9843 0.88294
9844 0.820443
9845 0.814414
9846 0.877392
9847 0.833618
9848 0.952593
9849 0.860722
9850 0.879929
9851 0.862049
9852 0.893657
9853 0.785808
9854 0.921142
9855 0.809023
9856 0.878539
9857 0.866892
9858 0.801617
9859 0.833751
9860 0.860859
9861 0.837317
9862 0.803933
9863 0.840801
9864 0.814046
9865 0.881965
9866 0.902876
9867 0.854561
9868 0.848457
9869 0.907566
9870 0.879186
9871 0.917949
9872 0.792462
9873 0.668077
9874 0.867896
9875 0.623964
9876 0.793339
9877 0.917665
9878 0.884995
9879 0.756299
9880 0.875228
9881 0.851576
9882 0.918016
9883 0.646495
9884 0.812484
9885 0.753945
9886 0.618531
9887 0.932237
9888 0.840998
9889 0.747667
9890 0.804988
9891 0.689129
9892 0.742333
9893 0.868185
9894 0.792319
9895 0.825154
9896 0.872654
9897 0.836687
9898 0.894632
9899 0.838146
9900 0.800875
9901 0.945981
9902 0.902068
9903 0.786318
9904 0.900013
9905 0.909658
9906 0.864796
9907 0.903651
9908 0.947035
9909 0.881737
9910 0.804599
9911 0.844276
9912 0.838438
9913 0.934333
9914 0.912154
9915 0.933439
9916 0.713987
9917 0.85228
9918 0.694213
9919 0.803708
9920 0.742975
9921 0.803268
9922 0.807604
9923 0.86283
9924 0.66207
9925 0.746679
9926 0.840366
9927 0.90303
9928 0.901701
9929 0.624465
9930 0.880746
9931 0.892281
9932 0.897008
9933 0.699594
9934 0.871787
9935 0.843765
9936 0.710227
9937 0.595112
9938 0.845755
9939 0.718526
9940 0.832029
9941 0.779286
9942 0.982398
9943 0.825001
9944 0.906771
9945 0.896108
9946 0.81466
9947 0.910522
9948 0.883619
9949 0.926822
9950 0.823068
9951 0.897175
9952 0.913991
9953 0.90144
9954 0.834588
9955 0.832967
9956 0.872138
9957 0.844004
9958 0.938345
9959 0.84055
9960 0.848142
9961 0.874217
9962 0.901997
9963 0.87045
9964 0.858612
9965 0.834291
9966 0.846815
9967 0.734913
9968 0.808212
9969 0.780188
9970 0.831096
9971 0.888452
9972 0.900983
9973 0.888629
9974 0.747591
9975 0.817906
9976 0.870713
9977 0.867981
9978 0.738422
9979 0.903857
9980 0.891738
9981 0.877016
9982 0.868585
9983 0.830235
9984 0.848703
9985 0.770242
9986 0.868606
9987 0.684568
9988 0.806665
9989 0.803094
9990 0.663095
9991 0.828131
9992 0.731917
9993 0.857361
9994 0.805575
9995 0.637475
9996 0.724627
9997 0.805496
9998 0.866466
9999 0.831617
10000 0.864683
10001 0.899347
10002 0.865097
10003 0.893578
10004 0.861454
10005 0.862702
10006 0.735731
10007 0.805463
10008 0.788414
10009 0.860462
10010 0.852664
10011 0.849283
10012 0.836997
10013 0.836882
10014 0.898459
10015 0.904905
10016 0.853899
10017 0.910547
10018 0.927065
10019 0.854377
10020 0.875117
10021 0.939377
10022 0.763601
10023 0.870455
10024 0.905571
10025 0.914788
10026 0.820645
10027 0.837732
10028 0.864423
10029 0.715235
10030 0.805642
10031 0.870651
10032 0.922002
10033 0.823566
10034 0.898545
10035 0.786964
10036 0.696988
10037 0.858123
10038 0.926549
10039 0.845714
10040 0.866199
10041 0.863811
10042 0.786424
10043 0.768614
10044 0.929127
10045 0.891877
10046 0.899318
10047 0.851019
10048 0.985025
10049 0.864555
10050 0.848707
10051 0.879732
10052 0.780911
10053 0.824426
10054 0.868461
10055 0.923976
10056 0.885137
10057 0.914677
10058 0.946081
10059 0.832134
10060 0.844821
10061 0.87778
10062 0.911275
10063 0.811535
10064 0.564439
10065 0.958826
10066 0.859206
10067 0.795551
10068 0.932284
10069 0.854548
10070 0.964471
10071 0.925833
10072 0.929973
10073 0.937666
10074 0.936738
10075 0.922247
10076 0.915668
10077 0.863048
10078 0.850827
10079 0.882994
10080 0.791413
10081 0.894358
10082 0.892421
10083 0.857412
10084 0.87858
10085 0.914442
10086 0.873006
10087 0.873748
10088 0.855467
10089 0.764459
10090 0.835957
10091 0.962897
10092 0.914289
10093 0.764433
10094 0.771315
10095 0.642892
10096 0.854913
10097 0.822838
10098 0.770053
10099 0.659027
10100 0.862072
10101 0.76345
10102 0.806654
10103 0.922397
10104 0.803951
10105 0.810569
10106 0.463446
10107 0.479878
10108 0.74904
10109 0.773173
10110 0.860275
10111 0.878903
10112 0.781441
10113 0.712444
10114 0.73905
10115 0.719412
10116 0.83836
10117 0.756334
10118 0.812027
10119 0.864992
10120 0.908254
10121 0.925198
10122 0.847352
10123 0.720936
10124 0.863456
10125 0.92059
10126 0.855497
10127 0.859429
10128 0.91647
10129 0.864387
10130 0.83262
10131 0.87368
10132 0.911391
10133 0.738985
10134 0.866817
10135 0.938301
10136 0.623132
10137 0.894112
10138 0.761982
10139 0.805871
10140 0.822494
10141 0.904554
10142 0.860764
10143 0.701134
10144 0.881407
10145 0.881618
10146 0.878859
10147 0.904629
10148 0.828979
10149 0.815646
10150 0.884603
10151 0.83457
10152 0.723478
10153 0.834664
10154 0.968764
10155 0.893693
10156 0.903761
10157 0.709821
10158 0.87146
10159 0.802553
10160 0.934603
10161 0.8679
10162 0.898729
10163 0.861155
10164 0.904574
10165 0.933362
10166 0.894191
10167 0.87419
10168 0.899618
10169 0.864373
10170 0.976979
10171 0.869491
10172 0.924198
10173 0.907464
10174 0.849211
10175 0.888238
10176 0.871772
10177 0.818758
10178 0.84097
10179 0.74718
10180 0.922954
10181 0.620146
10182 0.839608
10183 0.739607
10184 0.856223
10185 0.906565
10186 0.913295
10187 0.864546
10188 0.928661
10189 0.925309
10190 0.872131
10191 0.918391
10192 0.937212
10193 0.883939
10194 0.926202
10195 0.982142
10196 0.929194
10197 0.914406
10198 0.807901
10199 0.489774
10200 0.736766
10201 0.801105
10202 0.908837
10203 0.84094
10204 0.887739
10205 0.76718
10206 0.648482
10207 0.723991
10208 0.87109
10209 0.793636
10210 0.879595
10211 0.935632
10212 0.77503
10213 0.890699
10214 0.922683
10215 0.786785
10216 0.911354
10217 0.925425
10218 0.913288
10219 0.912631
10220 0.906488
10221 0.922539
10222 0.927494
10223 0.932244
10224 0.830947
10225 0.768405
10226 0.869224
10227 0.803028
10228 0.92105
10229 0.941012
10230 0.911417
10231 0.935088
10232 0.930087
10233 0.916367
10234 0.931887
10235 0.875208
10236 0.799946
10237 0.861029
10238 0.904621
10239 0.939422
10240 0.847886
10241 0.936428
10242 0.896802
10243 0.904473
10244 0.935013
10245 0.969944
10246 0.843009
10247 0.861202
10248 0.867394
10249 0.801679
10250 0.894603
10251 0.846596
10252 0.811453
10253 0.960182
10254 0.764227
10255 0.697539
10256 0.963915
10257 0.869535
10258 0.91539
10259 0.787091
10260 0.887939
10261 0.76646
10262 0.866603
10263 0.819619
10264 0.727106
10265 0.808059
10266 0.908886
10267 0.84128
10268 0.796698
10269 0.866117
10270 0.906537
10271 0.878779
10272 0.887992
10273 0.873049
10274 0.848984
10275 0.83956
10276 0.835636
10277 0.898579
10278 0.884773
10279 0.772529
10280 0.866687
10281 0.845056
10282 0.89371
10283 0.8124
10284 0.682846
10285 0.743494
10286 0.759238
10287 0.880727
10288 0.833444
10289 0.877613
10290 0.690179
10291 0.945753
10292 0.908665
10293 0.952123
10294 0.541169
10295 0.729559
10296 0.934902
10297 0.868289
10298 0.9541
10299 0.761018
10300 0.950906
10301 0.837771
10302 0.862444
10303 0.862216
10304 0.934579
10305 0.871115
10306 0.842164
10307 0.935742
10308 0.883844
10309 0.886784
10310 0.877773
10311 0.894824
10312 0.875867
10313 0.76955
10314 0.898042
10315 0.767377
10316 0.896857
10317 0.886801
10318 0.788276
10319 0.879269
10320 0.9157
10321 0.842902
10322 0.756244
10323 0.646247
10324 0.746493
10325 0.816331
10326 0.843962
10327 0.982506
10328 0.856948
10329 0.909639
10330 0.746928
10331 0.976534
10332 0.898736
10333 0.841973
10334 0.932137
10335 0.789095
10336 0.831597
10337 0.858736
10338 0.874415
10339 0.876766
10340 0.87385
10341 0.80466
10342 0.889199
10343 0.901665
10344 0.880141
10345 0.875244
10346 0.879711
10347 0.839125
10348 0.937187
10349 0.941791
10350 0.909524
10351 0.885669
10352 0.900335
10353 0.964452
10354 0.891508
10355 0.884001
10356 0.83722
10357 0.812389
10358 0.942711
10359 0.886628
10360 0.879517
10361 0.956194
10362 0.923242
10363 0.896428
10364 0.847212
10365 0.916877
10366 0.89526
10367 0.926517
10368 0.982563
10369 0.742017
10370 0.83214
10371 0.950121
10372 0.830275
10373 0.596709
10374 0.727237
10375 0.854237
10376 0.819002
10377 0.77149
10378 0.756949
10379 0.910028
10380 0.802834
10381 0.849902
10382 0.905294
10383 0.969123
10384 0.92285
10385 0.808666
10386 0.797476
10387 0.826706
10388 0.774322
10389 0.870213
10390 0.741473
10391 0.925342
10392 0.868964
10393 0.881502
10394 0.81811
10395 0.860061
10396 0.803954
10397 0.86713
10398 0.745508
10399 0.75527
10400 0.832364
10401 0.850495
10402 0.670864
10403 0.826877
10404 0.742264
10405 0.878044
10406 0.857084
10407 0.858584
10408 0.863861
10409 0.893117
10410 0.839186
10411 0.717184
10412 0.868156
10413 0.87419
10414 0.849851
10415 0.782267
10416 0.759409
10417 0.78061
10418 0.791873
10419 0.773102
10420 0.805898
10421 0.735804
10422 0.770359
10423 0.726929
10424 0.871494
10425 0.800271
10426 0.824127
10427 0.82254
10428 0.844766
10429 0.864768
10430 0.756713
10431 0.880178
10432 0.87017
10433 0.833138
10434 0.832987
10435 0.928946
10436 0.914556
10437 0.872906
10438 0.876299
10439 0.911346
10440 0.903684
10441 0.891601
10442 0.87056
10443 0.92277
10444 0.822209
10445 0.855403
10446 0.904883
10447 0.910521
10448 0.860211
10449 0.822492
10450 0.820125
10451 0.874802
10452 0.878613
10453 0.909182
10454 0.912996
10455 0.869519
10456 0.87976
10457 0.907834
10458 0.900172
10459 0.910343
10460 0.798796
10461 0.906717
10462 0.963842
10463 0.891645
10464 0.747758
10465 0.873712
10466 0.795753
10467 0.917776
10468 0.895975
10469 0.881205
10470 0.846874
10471 0.772459
10472 0.853929
10473 0.922745
10474 0.895628
10475 0.899408
10476 0.918574
10477 0.911758
10478 0.888096
10479 0.918801
10480 0.916889
10481 0.920776
10482 0.899539
10483 0.761055
10484 0.809917
10485 0.923007
10486 0.860677
10487 0.851717
10488 0.851433
10489 0.895082
10490 0.853812
10491 0.901761
10492 0.918564
10493 0.861977
10494 0.884612
10495 0.898829
10496 0.886068
10497 0.892043
10498 0.919706
10499 0.918137
10500 0.914041
10501 0.884424
10502 0.906133
10503 0.91329
10504 0.934457
10505 0.903509
10506 0.85058
10507 0.772294
10508 0.87418
10509 0.714906
10510 0.885086
10511 0.826785
10512 0.883096
10513 0.926071
10514 0.834782
10515 0.809818
10516 0.90954
10517 0.956663
10518 0.896502
10519 0.753774
10520 0.750511
10521 0.872685
10522 0.793028
10523 0.818669
10524 0.893568
10525 0.789503
10526 0.846012
10527 0.938948
10528 0.8915
10529 0.801547
10530 0.949487
10531 0.756055
10532 0.720553
10533 0.917792
10534 0.900267
10535 0.91839
10536 0.865767
10537 0.858408
10538 0.871802
10539 0.864213
10540 0.862751
10541 0.706101
10542 0.864379
10543 0.963161
10544 0.740812
10545 0.922424
10546 0.889553
10547 0.907679
10548 0.788127
10549 0.772886
10550 0.789835
10551 0.904876
10552 0.708349
10553 0.863305
10554 0.71315
10555 0.87423
10556 0.91536
10557 0.900446
10558 0.899887
10559 0.88383
10560 0.880864
10561 0.799538
10562 0.809677
10563 0.865701
10564 0.858999
10565 0.809146
10566 0.763162
10567 0.881121
10568 0.822963
10569 0.847491
10570 0.9014
10571 0.912072
10572 0.859792
10573 0.934268
10574 0.892691
10575 0.835762
10576 0.73659
10577 0.866679
10578 0.756588
10579 0.783488
10580 0.854556
10581 0.85998
10582 0.921052
10583 0.861792
10584 0.85906
10585 0.899236
10586 0.826235
10587 0.801935
10588 0.902506
10589 0.883714
10590 0.873456
10591 0.860269
10592 0.875454
10593 0.918046
10594 0.777591
10595 0.869383
10596 0.754717
10597 0.751075
10598 0.859866
10599 0.905729
10600 0.895408
10601 0.846285
10602 0.909004
10603 0.862673
10604 0.896835
10605 0.881345
10606 0.914742
10607 0.904465
10608 0.939346
10609 0.858417
10610 0.919849
10611 0.910744
10612 0.730293
10613 0.819663
10614 0.866099
10615 0.916697
10616 0.912879
10617 0.879987
10618 0.854391
10619 0.928932
10620 0.763444
10621 0.905845
10622 0.92536
10623 0.880797
10624 0.904563
10625 0.842916
10626 0.781758
10627 0.875024
10628 0.893108
10629 0.915922
10630 0.864702
10631 0.651738
10632 0.846059
10633 0.810771
10634 0.783361
10635 0.80165
10636 0.916197
10637 0.930078
10638 0.916037
10639 0.886176
10640 0.896617
10641 0.88886
10642 0.900332
10643 0.906829
10644 0.930119
10645 0.904711
10646 0.910126
10647 0.885276
10648 0.919076
10649 0.921456
10650 0.8994
10651 0.911691
10652 0.83439
10653 0.902199
10654 0.880739
10655 0.787825
10656 0.886431
10657 0.865583
10658 0.879857
10659 0.893018
10660 0.82939
10661 0.851977
10662 0.83459
10663 0.861922
10664 0.790278
10665 0.890352
10666 0.912569
10667 0.84953
10668 0.829123
10669 0.861758
10670 0.895029
10671 0.882602
10672 0.874897
10673 0.853282
10674 0.759645
10675 0.880488
10676 0.888226
10677 0.864305
10678 0.800751
10679 0.866893
10680 0.920663
10681 0.8748
10682 0.838755
10683 0.918439
10684 0.847725
10685 0.772822
10686 0.869864
10687 0.976606
10688 0.817906
10689 0.953334
10690 0.882993
10691 0.905102
10692 0.848836
10693 0.889853
10694 0.804025
10695 0.842427
10696 0.890969
10697 0.89724
10698 0.741195
10699 0.920054
10700 0.889034
10701 0.894175
10702 0.908187
10703 0.869067
10704 0.867761
10705 0.88432
10706 0.850186
10707 0.854461
10708 0.869321
10709 0.930499
10710 0.893863
10711 0.931996
10712 0.488103
10713 0.860447
10714 0.729677
10715 0.868777
10716 0.853457
10717 0.807098
10718 0.814974
10719 0.76466
10720 0.758915
10721 0.97832
10722 0.839739
10723 0.842442
10724 0.818579
10725 0.891613
10726 0.869383
10727 0.852264
10728 0.699499
10729 0.821466
10730 0.883342
10731 0.935979
10732 0.781139
10733 0.928511
10734 0.86407
10735 0.763599
10736 0.770056
10737 0.821222
10738 0.97085
10739 0.750744
10740 0.87886
10741 0.905317
10742 0.67134
10743 0.86891
10744 0.896537
10745 0.911792
10746 0.725496
10747 0.747232
10748 0.904356
10749 0.802565
10750 0.902748
10751 0.898244
10752 0.911917
10753 0.9507
10754 0.91959
10755 0.755291
10756 0.7719
10757 0.795738
10758 0.70772
10759 0.894705
10760 0.858766
10761 0.932143
10762 0.871852
10763 0.819864
10764 0.680659
10765 0.666993
10766 0.862291
10767 0.941298
10768 0.916905
10769 0.871718
10770 0.884156
10771 0.821143
10772 0.896109
10773 0.885923
10774 0.915356
10775 0.884091
10776 0.850761
10777 0.908825
10778 0.685431
10779 0.625482
10780 0.820791
10781 0.673127
10782 0.896247
10783 0.854321
10784 0.940095
10785 0.868924
10786 0.757776
10787 0.893851
10788 0.860244
10789 0.922923
10790 0.94878
10791 0.920048
10792 0.92407
10793 0.877947
10794 0.866122
10795 0.900285
10796 0.937462
10797 0.853647
10798 0.882923
10799 0.877114
10800 0.886824
10801 0.806053
10802 0.92403
10803 0.931838
10804 0.443729
10805 0.918136
10806 0.443851
10807 0.464845
10808 0.788425
10809 0.876708
10810 0.816111
10811 0.900435
10812 0.819537
10813 0.473237
10814 0.825765
10815 0.900881
10816 0.63364
10817 0.468275
10818 0.882865
10819 0.42795
10820 0.798669
10821 0.893367
10822 0.780338
10823 0.457891
10824 0.445513
10825 0.800873
10826 0.8359
10827 0.865764
10828 0.65906
10829 0.797688
10830 0.617515
10831 0.455539
10832 0.820729
10833 0.805418
10834 0.81648
10835 0.80975
10836 0.503899
10837 0.850662
10838 0.951943
10839 0.914461
10840 0.90853
10841 0.488767
10842 0.863687
10843 0.797749
10844 0.729822
10845 0.838207
10846 0.830864
10847 0.891946
10848 0.883504
10849 0.937001
10850 0.851435
10851 0.568755
10852 0.891699
10853 0.759915
10854 0.876059
10855 0.774571
10856 0.93328
10857 0.919646
10858 0.852524
10859 0.778754
10860 0.842296
10861 0.882845
10862 0.874412
10863 0.672769
10864 0.82362
10865 0.897443
10866 0.967933
10867 0.781059
10868 0.505138
10869 0.795547
10870 0.727316
10871 0.764223
10872 0.772879
10873 0.585484
10874 0.498305
10875 0.757049
10876 0.749853
10877 0.609472
10878 0.544417
10879 0.810894
10880 0.66159
10881 0.623392
10882 0.527675
10883 0.734839
10884 0.779999
10885 0.602932
10886 0.515893
10887 0.521633
10888 0.460654
10889 0.408568
10890 0.641847
10891 0.728916
10892 0.790046
10893 0.467119
10894 0.909338
10895 0.802656
10896 0.944155
10897 0.769061
10898 0.630226
10899 0.461512
10900 0.510764
10901 0.833195
10902 0.621469
10903 0.592248
10904 0.602341
10905 0.530089
10906 0.819491
10907 0.785888
10908 0.87324
10909 0.764114
10910 0.839295
10911 0.873461
10912 0.715239
10913 0.617406
10914 0.743699
10915 0.779735
10916 0.777082
10917 0.589766
10918 0.637538
10919 0.675837
10920 0.644845
10921 0.662957
10922 0.741608
10923 0.665567
10924 0.587455
10925 0.549651
10926 0.6966
10927 0.585665
10928 0.480271
10929 0.565181
10930 0.641407
10931 0.548478
10932 0.335335
10933 0.536017
10934 0.898318
10935 0.77425
10936 0.876441
10937 0.672821
10938 0.653702
10939 0.459539
10940 0.662503
10941 0.62153
10942 0.822719
10943 0.946136
10944 0.93879
10945 0.941467
10946 0.81191
10947 0.964342
10948 0.939885
10949 0.879732
10950 0.977314
10951 0.96365
10952 0.847802
10953 0.681454
10954 0.973681
10955 0.855303
10956 0.931864
10957 0.974321
10958 0.970912
10959 0.891232
10960 0.940303
10961 0.820143
10962 0.934676
10963 0.931412
10964 0.9931
10965 0.692009
10966 0.978576
10967 0.943867
10968 0.8618
10969 0.879315
10970 0.985254
10971 0.888764
10972 0.917033
10973 0.880334
10974 0.968627
10975 0.910119
10976 0.968732
10977 0.893666
10978 0.951973
10979 0.984382
10980 0.906536
10981 0.832405
10982 0.996325
10983 0.867455
10984 0.867971
10985 0.920304
10986 0.983044
10987 0.949566
10988 0.774734
10989 0.716719
10990 0.927679
10991 0.924882
10992 0.921118
10993 0.880616
10994 0.986247
10995 0.832425
10996 0.925042
10997 0.939116
10998 0.985502
10999 0.979829
11000 0.668421
11001 0.940313
11002 0.957502
11003 0.934016
11004 0.994256
11005 0.93813
11006 0.979551
11007 0.916024
11008 0.937183
11009 0.900748
11010 0.795494
11011 0.962334
11012 0.921938
11013 0.669813
11014 0.691632
11015 0.93448
11016 0.841249
11017 0.936584
11018 0.982998
11019 0.929632
11020 0.883801
11021 0.919365
11022 0.912728
11023 0.97389
11024 0.930673
11025 0.716448
11026 0.971988
11027 0.726305
11028 0.896435
11029 0.938232
11030 0.938734
11031 0.811857
11032 0.929511
11033 0.907197
11034 0.85318
11035 0.981782
11036 0.722496
11037 0.879353
11038 0.954387
11039 0.95338
11040 0.903268
11041 0.945278
11042 0.922757
11043 0.928573
11044 0.878508
11045 0.97957
11046 0.912318
11047 0.810683
11048 0.975731
11049 0.665239
11050 0.882296
11051 0.982864
11052 0.822683
11053 0.874952
11054 0.952864
11055 0.915773
11056 0.943136
11057 0.946307
11058 0.877753
11059 0.922861
11060 0.891887
11061 0.828293
11062 0.883623
11063 0.933964
11064 0.872865
11065 0.988258
11066 0.901489
11067 0.864797
11068 0.916605
11069 0.78871
11070 0.871441
11071 0.939102
11072 0.91283
11073 0.886568
11074 0.916731
11075 0.783059
11076 0.98027
11077 0.975218
11078 0.927893
11079 0.892156
11080 0.883897
11081 0.963413
11082 0.989579
11083 0.984739
11084 0.949238
11085 0.857966
11086 0.989749
11087 0.924755
11088 0.985493
11089 0.897159
11090 0.934515
11091 0.878586
11092 0.956511
11093 0.86476
11094 0.889258
11095 0.916683
11096 0.963351
11097 0.953668
11098 0.747753
11099 0.830142
11100 0.826589
11101 0.914971
11102 0.975759
11103 0.961467
11104 0.955019
11105 0.917278
11106 0.731928
11107 0.958236
11108 0.895594
11109 0.980759
11110 0.983142
11111 0.923203
11112 0.956925
11113 0.976532
11114 0.762784
11115 0.738588
11116 0.924375
11117 0.890023
11118 0.985356
11119 0.878142
11120 0.804022
11121 0.894222
11122 0.869357
11123 0.956916
11124 0.929454
11125 0.869992
11126 0.917145
11127 0.995457
11128 0.971703
11129 0.763676
11130 0.796728
11131 0.975153
11132 0.790949
11133 0.885243
11134 0.886748
11135 0.883006
11136 0.928027
11137 0.77618
11138 0.844316
11139 0.992496
11140 0.864396
11141 0.802719
11142 0.846949
11143 0.976619
11144 0.963147
11145 0.982721
11146 0.922546
11147 0.98055
11148 0.935494
11149 0.850174
11150 0.863132
11151 0.849536
11152 0.965993
11153 0.886564
11154 0.799593
11155 0.969967
11156 0.85642
11157 0.775918
11158 0.960948
11159 0.90743
11160 0.935361
11161 0.918098
11162 0.978424
11163 0.983089
11164 0.64538
11165 0.955648
11166 0.986979
11167 0.695886
11168 0.857044
11169 0.859342
11170 0.885788
11171 0.891427
11172 0.745259
11173 0.787949
11174 0.76142
11175 0.825405
11176 0.933404
11177 0.944004
11178 0.910732
11179 0.941953
11180 0.918915
11181 0.946605
11182 0.882586
11183 0.94929
11184 0.730192
11185 0.789552
11186 0.950042
11187 0.919101
11188 0.911105
11189 0.93002
11190 0.920355
11191 0.94259
11192 0.767242
11193 0.805163
11194 0.872682
11195 0.937792
11196 0.882593
11197 0.906971
11198 0.93564
11199 0.725601
11200 0.911916
11201 0.962753
11202 0.862987
11203 0.911053
11204 0.929924
11205 0.798421
11206 0.935473
11207 0.899746
11208 0.939214
11209 0.759507
11210 0.969341
11211 0.734849
11212 0.954828
11213 0.884985
11214 0.806393
11215 0.93924
11216 0.774818
11217 0.630747
11218 0.68486
11219 0.643877
11220 0.957604
11221 0.820534
11222 0.887145
11223 0.798787
11224 0.728594
11225 0.874528
11226 0.851224
11227 0.850817
11228 0.875032
11229 0.959362
11230 0.934096
11231 0.831522
11232 0.780398
11233 0.969855
11234 0.979939
11235 0.835658
11236 0.959615
11237 0.841406
11238 0.623713
11239 0.867629
11240 0.913358
11241 0.957689
11242 0.912679
11243 0.994462
11244 0.715317
11245 0.840579
11246 0.664953
11247 0.738301
11248 0.66982
11249 0.972348
11250 0.904691
11251 0.714955
11252 0.984382
11253 0.934066
11254 0.998487
11255 0.953488
11256 0.797458
11257 0.973691
11258 0.664027
11259 0.987072
11260 0.898745
11261 0.864491
11262 0.956203
11263 0.929127
11264 0.832256
11265 0.990283
11266 0.973763
11267 0.98155
11268 0.98218
11269 0.900425
11270 0.98852
11271 0.935126
11272 0.976633
11273 0.919552
11274 0.875751
11275 0.93799
11276 0.990467
11277 0.983301
11278 0.89188
11279 0.986474
11280 0.885212
11281 0.940105
11282 0.834933
11283 0.792731
11284 0.844841
11285 0.978388
11286 0.905537
11287 0.715118
11288 0.889101
11289 0.672285
11290 0.985064
11291 0.792956
11292 0.964963
11293 0.95397
11294 0.903525
11295 0.892675
11296 0.96626
11297 0.964345
11298 0.823612
11299 0.917307
11300 0.899242
11301 0.848213
11302 0.982399
11303 0.917254
11304 0.905294
11305 0.914803
11306 0.894479
11307 0.960329
11308 0.981911
11309 0.912979
11310 0.760965
11311 0.910727
11312 0.961274
11313 0.806358
11314 0.714904
11315 0.929848
11316 0.793282
11317 0.883591
11318 0.761892
11319 0.847643
11320 0.936435
11321 0.964319
11322 0.74992
11323 0.998061
11324 0.753413
11325 0.967805
11326 0.823273
11327 0.974306
11328 0.85521
11329 0.957177
11330 0.871322
11331 0.984687
11332 0.939079
11333 0.786276
11334 0.889371
11335 0.895732
11336 0.767715
11337 0.821994
11338 0.864612
11339 0.993417
11340 0.828503
11341 0.98175
11342 0.799889
11343 0.668104
11344 0.91161
11345 0.710066
11346 0.877644
11347 0.941754
11348 0.893521
11349 0.640658
11350 0.768086
11351 0.80488
11352 0.870711
11353 0.963165
11354 0.777912
11355 0.876338
11356 0.971041
11357 0.861191
11358 0.955324
11359 0.9481
11360 0.923714
11361 0.885683
11362 0.953699
11363 0.906677
11364 0.994363
11365 0.933436
11366 0.964808
11367 0.89867
11368 0.923981
11369 0.939763
11370 0.910716
11371 0.870135
11372 0.900995
11373 0.930315
11374 0.903116
11375 0.8822
11376 0.917609
11377 0.958372
11378 0.940781
11379 0.962175
11380 0.892039
11381 0.852872
11382 0.893148
11383 0.971675
11384 0.884516
11385 0.852889
11386 0.884027
11387 0.923232
11388 0.967453
11389 0.744342
11390 0.964059
11391 0.84921
11392 0.67591
11393 0.975714
11394 0.943204
11395 0.970882
11396 0.979032
11397 0.940271
11398 0.938345
11399 0.897657
11400 0.908207
11401 0.984913
11402 0.983878
11403 0.8355
11404 0.972048
11405 0.969701
11406 0.954309
11407 0.90044
11408 0.916859
11409 0.886009
11410 0.84305
11411 0.870409
11412 0.873692
11413 0.936156
11414 0.8826
11415 0.893513
11416 0.772032
11417 0.916269
11418 0.898853
11419 0.992883
11420 0.899953
11421 0.884682
11422 0.981314
11423 0.918642
11424 0.880373
11425 0.83961
11426 0.878349
11427 0.985008
11428 0.766809
11429 0.906239
11430 0.87589
11431 0.779318
11432 0.934659
11433 0.911551
11434 0.928722
11435 0.987764
11436 0.939688
11437 0.873108
11438 0.874758
11439 0.933237
11440 0.958537
11441 0.848744
11442 0.942314
11443 0.904154
11444 0.894627
11445 0.714721
11446 0.584571
11447 0.939757
11448 0.765314
11449 0.694246
11450 0.877531
11451 0.935036
11452 0.942488
11453 0.904405
11454 0.943783
11455 0.844865
11456 0.88086
11457 0.884738
11458 0.804877
11459 0.969253
11460 0.869598
11461 0.81828
11462 0.963706
11463 0.827566
11464 0.924854
11465 0.910126
11466 0.84321
11467 0.943974
11468 0.961636
11469 0.90673
11470 0.921858
11471 0.927484
11472 0.912338
11473 0.882408
11474 0.856713
11475 0.752687
11476 0.86201
11477 0.949008
11478 0.879442
11479 0.887783
11480 0.70344
11481 0.878892
11482 0.990345
11483 0.74418
11484 0.950168
11485 0.841987
11486 0.756606
11487 0.953808
11488 0.955473
11489 0.811009
11490 0.93566
11491 0.697995
11492 0.53628
11493 0.885362
11494 0.557737
11495 0.75551
11496 0.7747
11497 0.857126
11498 0.983258
11499 0.930009
11500 0.931325
11501 0.919742
11502 0.986968
11503 0.968853
11504 0.956674
11505 0.952918
11506 0.821634
11507 0.972581
11508 0.852719
11509 0.990524
11510 0.984604
11511 0.929088
11512 0.608017
11513 0.968552
11514 0.961277
11515 0.911304
11516 0.969637
11517 0.982872
11518 0.952699
11519 0.900363
11520 0.942515
11521 0.934413
11522 0.937268
11523 0.943348
11524 0.895826
11525 0.968159
11526 0.901625
11527 0.938275
11528 0.955204
11529 0.93764
11530 0.959569
11531 0.946112
11532 0.934146
11533 0.968704
11534 0.990021
11535 0.975514
11536 0.810079
11537 0.940253
11538 0.952912
11539 0.710218
11540 0.966722
11541 0.885886
11542 0.92132
11543 0.891705
11544 0.881398
11545 0.663706
11546 0.979099
11547 0.792591
11548 0.810367
11549 0.956079
11550 0.985007
11551 0.922531
11552 0.971647
11553 0.93873
11554 0.966894
11555 0.909555
11556 0.96502
11557 0.987183
11558 0.842933
11559 0.893624
11560 0.814923
11561 0.986551
11562 0.856874
11563 0.868683
11564 0.94583
11565 0.948983
11566 0.97508
11567 0.822636
11568 0.940635
11569 0.967471
11570 0.943659
11571 0.714023
11572 0.942958
11573 0.949039
11574 0.948952
11575 0.940028
11576 0.898191
11577 0.892017
11578 0.873021
11579 0.891964
11580 0.891855
11581 0.927667
11582 0.888979
11583 0.755624
11584 0.946162
11585 0.855476
11586 0.909199
11587 0.94777
11588 0.976608
11589 0.88733
11590 0.955793
11591 0.822371
11592 0.882239
11593 0.931359
11594 0.823805
11595 0.883155
11596 0.958042
11597 0.906327
11598 0.866938
11599 0.700377
11600 0.951022
11601 0.758629
11602 0.855414
11603 0.883632
11604 0.757628
11605 0.942091
11606 0.887705
11607 0.929313
11608 0.929878
11609 0.940699
11610 0.897437
11611 0.956416
11612 0.944604
11613 0.838803
11614 0.788407
11615 0.788007
11616 0.855428
11617 0.950223
11618 0.874053
11619 0.905379
11620 0.931299
11621 0.80755
11622 0.868198
11623 0.894772
11624 0.695969
11625 0.87503
11626 0.903133
11627 0.857699
11628 0.806818
11629 0.965476
11630 0.885705
11631 0.796215
11632 0.938626
11633 0.881113
11634 0.909491
11635 0.875596
11636 0.906258
11637 0.998334
11638 0.994443
11639 0.952285
11640 0.678428
11641 0.934451
11642 0.738184
11643 0.859007
11644 0.989085
11645 0.807537
11646 0.982808
11647 0.867303
11648 0.642369
11649 0.957512
11650 0.906624
11651 0.896191
11652 0.886404
11653 0.957284
11654 0.816094
11655 0.654423
11656 0.995747
11657 0.953352
11658 0.894964
11659 0.771893
11660 0.987129
11661 0.988288
11662 0.926421
11663 0.734126
11664 0.915471
11665 0.981309
11666 0.960985
11667 0.905121
11668 0.791023
11669 0.920665
11670 0.988278
11671 0.926521
11672 0.929252
11673 0.786942
11674 0.982795
11675 0.884232
11676 0.952824
11677 0.917462
11678 0.824909
11679 0.861434
11680 0.742053
11681 0.92025
11682 0.853215
11683 0.782212
11684 0.694751
11685 0.658614
11686 0.817435
11687 0.895917
11688 0.822753
11689 0.82775
11690 0.715011
11691 0.855081
11692 0.83307
11693 0.826032
11694 0.882138
11695 0.959528
11696 0.853661
11697 0.954628
11698 0.73307
11699 0.848549
11700 0.940906
11701 0.845717
11702 0.939756
11703 0.872268
11704 0.802207
11705 0.987511
11706 0.96549
11707 0.928101
11708 0.834384
11709 0.831453
11710 0.933869
11711 0.794085
11712 0.927516
11713 0.847913
11714 0.888711
11715 0.939309
11716 0.890409
11717 0.896161
11718 0.906538
11719 0.887783
11720 0.914257
11721 0.941088
11722 0.958293
11723 0.853165
11724 0.818122
11725 0.834158
11726 0.893669
11727 0.859158
11728 0.864506
11729 0.868489
11730 0.868943
11731 0.913151
11732 0.935699
11733 0.847311
11734 0.841301
11735 0.960734
11736 0.755262
11737 0.942014
11738 0.788764
11739 0.888868
11740 0.702165
11741 0.732218
11742 0.810428
11743 0.731563
11744 0.980685
11745 0.83681
11746 0.83139
11747 0.875562
11748 0.780698
11749 0.831598
11750 0.928249
11751 0.955983
11752 0.891852
11753 0.872505
11754 0.843474
11755 0.800041
11756 0.901647
11757 0.900805
11758 0.736311
11759 0.936442
11760 0.78564
11761 0.943851
11762 0.722957
11763 0.681876
11764 0.889202
11765 0.954173
11766 0.913612
11767 0.927825
11768 0.906252
11769 0.874345
11770 0.869421
11771 0.811688
11772 0.824718
11773 0.891505
11774 0.897082
11775 0.859872
11776 0.916085
11777 0.864564
11778 0.875484
11779 0.940406
11780 0.878495
11781 0.848481
11782 0.938173
11783 0.659105
11784 0.847484
11785 0.836237
11786 0.928587
11787 0.893943
11788 0.919541
11789 0.703238
11790 0.95684
11791 0.870828
11792 0.808736
11793 0.800722
11794 0.926104
11795 0.831893
11796 0.939645
11797 0.956452
11798 0.943273
11799 0.834975
11800 0.9697
11801 0.901661
11802 0.91633
11803 0.868838
11804 0.940191
11805 0.939247
11806 0.918853
11807 0.877033
11808 0.937898
11809 0.842821
11810 0.849918
11811 0.910476
11812 0.880158
11813 0.80589
11814 0.895958
11815 0.976471
11816 0.884303
11817 0.884851
11818 0.911273
11819 0.910734
11820 0.877781
11821 0.903264
11822 0.681725
11823 0.860998
11824 0.795491
11825 0.763637
11826 0.828526
11827 0.732352
11828 0.889727
11829 0.956787
11830 0.84061
11831 0.917609
11832 0.735992
11833 0.976203
11834 0.931733
11835 0.873004
11836 0.822672
11837 0.910958
11838 0.883878
11839 0.952129
11840 0.903993
11841 0.914269
11842 0.860748
11843 0.775605
11844 0.890904
11845 0.750917
11846 0.856679
11847 0.927953
11848 0.779137
11849 0.908412
11850 0.963435
11851 0.812258
11852 0.855163
11853 0.904035
11854 0.899147
11855 0.906853
11856 0.891839
11857 0.78612
11858 0.877507
11859 0.638994
11860 0.94752
11861 0.922074
11862 0.901067
11863 0.92348
11864 0.917475
11865 0.92391
11866 0.711133
11867 0.952412
11868 0.853782
11869 0.806988
11870 0.923657
11871 0.913221
11872 0.937332
11873 0.855148
11874 0.951989
11875 0.640303
11876 0.935592
11877 0.877044
11878 0.919528
11879 0.847741
11880 0.941531
11881 0.936357
11882 0.948238
11883 0.917125
11884 0.938664
11885 0.903189
11886 0.916541
11887 0.814115
11888 0.756235
11889 0.853591
11890 0.912663
11891 0.961315
11892 0.961916
11893 0.880993
11894 0.891526
11895 0.80857
11896 0.835423
11897 0.859961
11898 0.77607
11899 0.976276
11900 0.936528
11901 0.969233
11902 0.758682
11903 0.872015
11904 0.843799
11905 0.9717
11906 0.896629
11907 0.894174
11908 0.922019
11909 0.872725
11910 0.878705
11911 0.803831
11912 0.698534
11913 0.984063
11914 0.956328
11915 0.869233
11916 0.948869
11917 0.829092
11918 0.784732
11919 0.957253
11920 0.951055
11921 0.870576
11922 0.771817
11923 0.934827
11924 0.865667
11925 0.900571
11926 0.712254
11927 0.963771
11928 0.938674
11929 0.964686
11930 0.845736
11931 0.895926
11932 0.817629
11933 0.836403
11934 0.921087
11935 0.958327
11936 0.894094
11937 0.816862
11938 0.932032
11939 0.801003
11940 0.805025
11941 0.816596
11942 0.942491
11943 0.964369
11944 0.901605
11945 0.915656
11946 0.963413
11947 0.9571
11948 0.615175
11949 0.841483
11950 0.913764
11951 0.953705
11952 0.878983
11953 0.928722
11954 0.78851
11955 0.937457
11956 0.951551
11957 0.906575
11958 0.880025
11959 0.764615
11960 0.884204
11961 0.904546
11962 0.932758
11963 0.963168
11964 0.879907
11965 0.882397
11966 0.857351
11967 0.82067
11968 0.853398
11969 0.808441
11970 0.784092
11971 0.896956
11972 0.861971
11973 0.902269
11974 0.907248
11975 0.935039
11976 0.934521
11977 0.913774
11978 0.96865
11979 0.870871
11980 0.947344
11981 0.850319
11982 0.853331
11983 0.956385
11984 0.804602
11985 0.958347
11986 0.898451
11987 0.901639
11988 0.968151
11989 0.905198
11990 0.924137
11991 0.813256
11992 0.869106
11993 0.864904
11994 0.895157
11995 0.868159
11996 0.945266
11997 0.927258
11998 0.901283
11999 0.890174
12000 0.835531
12001 0.947752
12002 0.946738
12003 0.936668
12004 0.953395
12005 0.924359
12006 0.971072
12007 0.942319
12008 0.911093
12009 0.979218
12010 0.75826
12011 0.965339
12012 0.858501
12013 0.890115
12014 0.837694
12015 0.894205
12016 0.755326
12017 0.982227
12018 0.915828
12019 0.877399
12020 0.896786
12021 0.839072
12022 0.888229
12023 0.666824
12024 0.970162
12025 0.974452
12026 0.937176
12027 0.891545
12028 0.911844
12029 0.75928
12030 0.928844
12031 0.930108
12032 0.89474
12033 0.912441
12034 0.918762
12035 0.914054
12036 0.870525
12037 0.915057
12038 0.872374
12039 0.965163
12040 0.910478
12041 0.86978
12042 0.935386
12043 0.965038
12044 0.879276
12045 0.808668
12046 0.849998
12047 0.93818
12048 0.960416
12049 0.723642
12050 0.959464
12051 0.826625
12052 0.927865
12053 0.944009
12054 0.90369
12055 0.731156
12056 0.631226
12057 0.703424
12058 0.921969
12059 0.864649
12060 0.956001
12061 0.935311
12062 0.82466
12063 0.852533
12064 0.848655
12065 0.821146
12066 0.892041
12067 0.904479
12068 0.922083
12069 0.955784
12070 0.81537
12071 0.846941
12072 0.962328
12073 0.814165
12074 0.781734
12075 0.945907
12076 0.905979
12077 0.748992
12078 0.89248
12079 0.86042
12080 0.868838
12081 0.889513
12082 0.9718
12083 0.939062
12084 0.8149
12085 0.956584
12086 0.878085
12087 0.9045
12088 0.917976
12089 0.921648
12090 0.850216
12091 0.922975
12092 0.865699
12093 0.993759
12094 0.75859
12095 0.86394
12096 0.902411
12097 0.918059
12098 0.833776
12099 0.815816
12100 0.927813
12101 0.862655
12102 0.860534
12103 0.844963
12104 0.918266
12105 0.853995
12106 0.922753
12107 0.900216
12108 0.769203
12109 0.901531
12110 0.877587
12111 0.866077
12112 0.913211
12113 0.801505
12114 0.982298
12115 0.885356
12116 0.887727
12117 0.930527
12118 0.922294
12119 0.855666
12120 0.935764
12121 0.952
12122 0.805201
12123 0.827643
12124 0.950735
12125 0.851188
12126 0.928176
12127 0.837192
12128 0.919848
12129 0.842648
12130 0.900575
12131 0.958445
12132 0.892999
12133 0.885519
12134 0.893177
12135 0.86863
12136 0.724946
12137 0.899953
12138 0.879997
12139 0.960109
12140 0.942576
12141 0.855163
12142 0.834633
12143 0.868815
12144 0.79208
12145 0.958948
12146 0.924032
12147 0.802422
12148 0.752309
12149 0.917976
12150 0.825335
12151 0.961084
12152 0.906555
12153 0.968265
12154 0.875564
12155 0.976089
12156 0.87574
12157 0.766239
12158 0.88697
12159 0.87459
12160 0.797478
12161 0.846204
12162 0.927377
12163 0.901545
12164 0.81815
12165 0.838001
12166 0.821937
12167 0.9248
12168 0.86413
12169 0.803553
12170 0.814523
12171 0.960849
12172 0.911779
12173 0.967983
12174 0.935457
12175 0.970825
12176 0.848365
12177 0.836588
12178 0.822152
12179 0.828746
12180 0.991464
12181 0.838812
12182 0.861481
12183 0.947768
12184 0.985818
12185 0.976353
12186 0.671608
12187 0.989874
12188 0.809241
12189 0.905979
12190 0.825776
12191 0.841337
12192 0.93454
12193 0.904106
12194 0.870841
12195 0.83765
12196 0.891154
12197 0.923116
12198 0.872078
12199 0.885996
12200 0.896471
12201 0.860153
12202 0.98152
12203 0.84425
12204 0.915798
12205 0.652166
12206 0.843199
12207 0.970765
12208 0.690484
12209 0.955007
12210 0.966222
12211 0.629603
12212 0.913889
12213 0.747623
12214 0.920487
12215 0.858325
12216 0.849867
12217 0.962168
12218 0.952873
12219 0.899305
12220 0.803478
12221 0.929013
12222 0.954328
12223 0.923292
12224 0.78919
12225 0.939777
12226 0.921387
12227 0.833164
12228 0.688918
12229 0.68479
12230 0.860262
12231 0.897717
12232 0.89715
12233 0.879642
12234 0.940339
12235 0.80236
12236 0.808084
12237 0.891282
12238 0.921263
12239 0.979054
12240 0.857385
12241 0.886431
12242 0.87092
12243 0.92879
12244 0.85403
12245 0.881399
12246 0.849891
12247 0.918469
12248 0.908756
12249 0.979285
12250 0.778196
12251 0.799036
12252 0.684179
12253 0.939481
12254 0.959798
12255 0.84643
12256 0.804919
12257 0.922549
12258 0.791439
12259 0.90254
12260 0.836773
12261 0.757449
12262 0.909825
12263 0.890451
12264 0.867925
12265 0.930956
12266 0.918696
12267 0.832582
12268 0.794241
12269 0.8699
12270 0.791806
12271 0.913401
12272 0.884187
12273 0.862145
12274 0.925016
12275 0.686351
12276 0.939344
12277 0.839348
12278 0.711954
12279 0.719073
12280 0.942866
12281 0.804641
12282 0.910889
12283 0.934661
12284 0.938148
12285 0.90918
12286 0.889701
12287 0.893583
12288 0.958982
12289 0.858807
12290 0.930616
12291 0.957322
12292 0.98046
12293 0.769469
12294 0.905739
12295 0.817496
12296 0.900929
12297 0.890554
12298 0.871671
12299 0.866672
12300 0.812096
12301 0.873132
12302 0.644296
12303 0.8832
12304 0.918179
12305 0.770762
12306 0.839753
12307 0.961108
12308 0.814155
12309 0.894527
12310 0.90262
12311 0.946762
12312 0.868878
12313 0.822103
12314 0.908932
12315 0.95191
12316 0.918881
12317 0.749026
12318 0.822867
12319 0.72832
12320 0.930253
12321 0.966465
12322 0.897508
12323 0.908325
12324 0.95059
12325 0.90306
12326 0.802245
12327 0.8732
12328 0.820709
12329 0.818982
12330 0.963966
12331 0.877585
12332 0.971241
12333 0.841594
12334 0.826596
12335 0.887448
12336 0.959165
12337 0.715971
12338 0.891615
12339 0.905629
12340 0.93975
12341 0.747774
12342 0.900723
12343 0.846322
12344 0.911085
12345 0.888438
12346 0.858825
12347 0.878036
12348 0.743727
12349 0.96182
12350 0.865878
12351 0.781583
12352 0.883264
12353 0.851585
12354 0.902275
12355 0.853044
12356 0.952546
12357 0.871345
12358 0.831298
12359 0.883523
12360 0.818804
12361 0.933481
12362 0.911441
12363 0.950764
12364 0.862445
12365 0.759768
12366 0.932795
12367 0.864711
12368 0.907836
12369 0.887352
12370 0.817282
12371 0.864106
12372 0.851967
12373 0.934196
12374 0.968947
12375 0.816272
12376 0.683981
12377 0.932072
12378 0.88501
12379 0.712665
12380 0.885436
12381 0.949198
12382 0.992273
12383 0.867058
12384 0.855023
12385 0.947472
12386 0.95037
12387 0.867324
12388 0.932084
12389 0.912633
12390 0.828679
12391 0.721112
12392 0.902662
12393 0.864225
12394 0.922119
12395 0.826668
12396 0.835163
12397 0.802354
12398 0.900994
12399 0.923613
12400 0.889286
12401 0.982462
12402 0.787552
12403 0.86937
12404 0.893676
12405 0.919858
12406 0.879827
12407 0.830946
12408 0.910072
12409 0.852431
12410 0.922461
12411 0.846163
12412 0.939603
12413 0.91907
12414 0.740345
12415 0.623373
12416 0.877522
12417 0.860685
12418 0.920895
12419 0.952561
12420 0.797476
12421 0.963639
12422 0.834921
12423 0.895428
12424 0.884616
12425 0.87835
12426 0.72845
12427 0.960869
12428 0.965556
12429 0.923318
12430 0.823322
12431 0.9722
12432 0.968438
12433 0.871347
12434 0.834972
12435 0.901173
12436 0.682601
12437 0.934866
12438 0.867229
12439 0.91011
12440 0.875478
12441 0.875038
12442 0.852224
12443 0.928244
12444 0.853149
12445 0.902298
12446 0.933579
12447 0.898895
12448 0.594405
12449 0.904074
12450 0.681855
12451 0.867084
12452 0.884018
12453 0.805329
12454 0.948817
12455 0.91303
12456 0.778323
12457 0.8558
12458 0.813788
12459 0.674158
12460 0.907845
12461 0.828951
12462 0.877216
12463 0.889191
12464 0.854114
12465 0.854928
12466 0.898101
12467 0.925826
12468 0.940152
12469 0.902845
12470 0.805074
12471 0.891585
12472 0.918613
12473 0.926095
12474 0.866635
12475 0.930184
12476 0.963108
12477 0.71768
12478 0.929085
12479 0.640783
12480 0.667177
12481 0.913497
12482 0.932767
12483 0.93582
12484 0.830043
12485 0.802131
12486 0.965302
12487 0.813091
12488 0.863766
12489 0.881712
12490 0.932132
12491 0.918685
12492 0.865922
12493 0.886551
12494 0.896745
12495 0.890152
12496 0.887835
12497 0.885828
12498 0.958666
12499 0.974228
12500 0.894112
12501 0.864893
12502 0.833576
12503 0.905167
12504 0.881832
12505 0.862853
12506 0.950194
12507 0.916256
12508 0.906069
12509 0.795336
12510 0.951895
12511 0.875841
12512 0.924376
12513 0.877671
12514 0.956788
12515 0.812156
12516 0.926406
12517 0.850844
12518 0.941621
12519 0.921493
12520 0.814837
12521 0.957837
12522 0.815317
12523 0.93988
12524 0.861965
12525 0.832431
12526 0.971615
12527 0.85387
12528 0.855439
12529 0.659746
12530 0.826991
12531 0.899979
12532 0.815927
12533 0.93894
12534 0.854419
12535 0.845133
12536 0.919891
12537 0.903001
12538 0.976671
12539 0.872826
12540 0.913408
12541 0.959216
12542 0.949465
12543 0.861638
12544 0.972725
12545 0.89
12546 0.944538
12547 0.921225
12548 0.862221
12549 0.935504
12550 0.872986
12551 0.657489
12552 0.884477
12553 0.681651
12554 0.750316
12555 0.980297
12556 0.842237
12557 0.811808
12558 0.877781
12559 0.855786
12560 0.88811
12561 0.807104
12562 0.861308
12563 0.867071
12564 0.7532
12565 0.932976
12566 0.63078
12567 0.632653
12568 0.824919
12569 0.951384
12570 0.794913
12571 0.849659
12572 0.896423
12573 0.899164
12574 0.942043
12575 0.915899
12576 0.886116
12577 0.954465
12578 0.825662
12579 0.798099
12580 0.879196
12581 0.888501
12582 0.918883
12583 0.895931
12584 0.845874
12585 0.648315
12586 0.93741
12587 0.827873
12588 0.894482
12589 0.902256
12590 0.854431
12591 0.720784
12592 0.853312
12593 0.92143
12594 0.923291
12595 0.817618
12596 0.886292
12597 0.813083
12598 0.893527
12599 0.764842
12600 0.992965
12601 0.907304
12602 0.764289
12603 0.953444
12604 0.546858
12605 0.691423
12606 0.692324
12607 0.949417
12608 0.623757
12609 0.757904
12610 0.959852
12611 0.931324
12612 0.895686
12613 0.636013
12614 0.942949
12615 0.933474
12616 0.829639
12617 0.906744
12618 0.908082
12619 0.924041
12620 0.876666
12621 0.871382
12622 0.906502
12623 0.883231
12624 0.931043
12625 0.944371
12626 0.870969
12627 0.772952
12628 0.568974
12629 0.975174
12630 0.56708
12631 0.728564
12632 0.686432
12633 0.831502
12634 0.876296
12635 0.907071
12636 0.888967
12637 0.917387
12638 0.858688
12639 0.901393
12640 0.832429
12641 0.934817
12642 0.958018
12643 0.971993
12644 0.945004
12645 0.745576
12646 0.854585
12647 0.859317
12648 0.973514
12649 0.95543
12650 0.964441
12651 0.836529
12652 0.949812
12653 0.946354
12654 0.872837
12655 0.769259
12656 0.654976
12657 0.77295
12658 0.851243
12659 0.881444
12660 0.901307
12661 0.980256
12662 0.883963
12663 0.8651
12664 0.882055
12665 0.97272
12666 0.787416
12667 0.871171
12668 0.940158
12669 0.841431
12670 0.860154
12671 0.867695
12672 0.964237
12673 0.899781
12674 0.778524
12675 0.88868
12676 0.903151
12677 0.935243
12678 0.913854
12679 0.960448
12680 0.893155
12681 0.853335
12682 0.860183
12683 0.899356
12684 0.869089
12685 0.890656
12686 0.914647
12687 0.873603
12688 0.829424
12689 0.854633
12690 0.936698
12691 0.962225
12692 0.822055
12693 0.850775
12694 0.875266
12695 0.945705
12696 0.893924
12697 0.818845
12698 0.897951
12699 0.916229
12700 0.741633
12701 0.944068
12702 0.70937
12703 0.612472
12704 0.907346
12705 0.758596
12706 0.745321
12707 0.812893
12708 0.87323
12709 0.947569
12710 0.872164
12711 0.919789
12712 0.811136
12713 0.886576
12714 0.667667
12715 0.919895
12716 0.932148
12717 0.943618
12718 0.9132
12719 0.84402
12720 0.803342
12721 0.891229
12722 0.878929
12723 0.893836
12724 0.841953
12725 0.860824
12726 0.984356
12727 0.872909
12728 0.866811
12729 0.931411
12730 0.87108
12731 0.954955
12732 0.942883
12733 0.797921
12734 0.982464
12735 0.904926
12736 0.591745
12737 0.861282
12738 0.818305
12739 0.790516
12740 0.981225
12741 0.841992
12742 0.829709
12743 0.838165
12744 0.979143
12745 0.94991
12746 0.965596
12747 0.931041
12748 0.956204
12749 0.864807
12750 0.876669
12751 0.959371
12752 0.786633
12753 0.944044
12754 0.933136
12755 0.856205
12756 0.881149
12757 0.921635
12758 0.947775
12759 0.849682
12760 0.885974
12761 0.93654
12762 0.877325
12763 0.784454
12764 0.859118
12765 0.849297
12766 0.912059
12767 0.844829
12768 0.974499
12769 0.876926
12770 0.927273
12771 0.969956
12772 0.916529
12773 0.88967
12774 0.896628
12775 0.909391
12776 0.985213
12777 0.921157
12778 0.973087
12779 0.91438
12780 0.882944
12781 0.93224
12782 0.942735
12783 0.943686
12784 0.922542
12785 0.9252
12786 0.87311
12787 0.872065
12788 0.792596
12789 0.849212
12790 0.619062
12791 0.944049
12792 0.908543
12793 0.949995
12794 0.896307
12795 0.959342
12796 0.991872
12797 0.961723
12798 0.89578
12799 0.796576
12800 0.863703
12801 0.821424
12802 0.863823
12803 0.912513
12804 0.86243
12805 0.978692
12806 0.760132
12807 0.815969
12808 0.963916
12809 0.963213
12810 0.941139
12811 0.85215
12812 0.68121
12813 0.844788
12814 0.73123
12815 0.950515
12816 0.946307
12817 0.90551
12818 0.946984
12819 0.960495
12820 0.667339
12821 0.917054
12822 0.948684
12823 0.826324
12824 0.712012
12825 0.95925
12826 0.940257
12827 0.934003
12828 0.94916
12829 0.596133
12830 0.829241
12831 0.754527
12832 0.895094
12833 0.749038
12834 0.819224
12835 0.812456
12836 0.972581
12837 0.834473
12838 0.865616
12839 0.912001
12840 0.919498
12841 0.915699
12842 0.91723
12843 0.824011
12844 0.935919
12845 0.78642
12846 0.782031
12847 0.935046
12848 0.686033
12849 0.869594
12850 0.894839
12851 0.94239
12852 0.866372
12853 0.803014
12854 0.861125
12855 0.850558
12856 0.863693
12857 0.911841
12858 0.828287
12859 0.885222
12860 0.941785
12861 0.882382
12862 0.933518
12863 0.851834
12864 0.931809
12865 0.774428
12866 0.928007
12867 0.971627
12868 0.860416
12869 0.861113
12870 0.919053
12871 0.883275
12872 0.932531
12873 0.806348
12874 0.932322
12875 0.896978
12876 0.959029
12877 0.961974
12878 0.909231
12879 0.927872
12880 0.84029
12881 0.907911
12882 0.820673
12883 0.909287
12884 0.831766
12885 0.846691
12886 0.951775
12887 0.945272
12888 0.924282
12889 0.971838
12890 0.851087
12891 0.925601
12892 0.81822
12893 0.924309
12894 0.909724
12895 0.889035
12896 0.84395
12897 0.90682
12898 0.983718
12899 0.940668
12900 0.87765
12901 0.918746
12902 0.788019
12903 0.759688
12904 0.966195
12905 0.909423
12906 0.83556
12907 0.862531
12908 0.874202
12909 0.867439
12910 0.78379
12911 0.901899
12912 0.922707
12913 0.953566
12914 0.95401
12915 0.89094
12916 0.926565
12917 0.87791
12918 0.921932
12919 0.786524
12920 0.963067
12921 0.806779
12922 0.88972
12923 0.975982
12924 0.81589
12925 0.805105
12926 0.962637
12927 0.948099
12928 0.943497
12929 0.953117
12930 0.959969
12931 0.896538
12932 0.947055
12933 0.917141
12934 0.925937
12935 0.90276
12936 0.945146
12937 0.947452
12938 0.924879
12939 0.947597
12940 0.95708
12941 0.895247
12942 0.954166
12943 0.858551
12944 0.822133
12945 0.854329
12946 0.985424
12947 0.905959
12948 0.898122
12949 0.876948
12950 0.948421
12951 0.97438
12952 0.967825
12953 0.961267
12954 0.854733
12955 0.605826
12956 0.936358
12957 0.781234
12958 0.854497
12959 0.942264
12960 0.899217
12961 0.82811
12962 0.958697
12963 0.960689
12964 0.783646
12965 0.747197
12966 0.92615
12967 0.927435
12968 0.881902
12969 0.836697
12970 0.822255
12971 0.608411
12972 0.921411
12973 0.872843
12974 0.905045
12975 0.904326
12976 0.909845
12977 0.966039
12978 0.876034
12979 0.904301
12980 0.966826
12981 0.913033
12982 0.851834
12983 0.96881
12984 0.960798
12985 0.913398
12986 0.978305
12987 0.877568
12988 0.895906
12989 0.83153
12990 0.883924
12991 0.902739
12992 0.899325
12993 0.876469
12994 0.912468
12995 0.956051
12996 0.961805
12997 0.829415
12998 0.855795
12999 0.948379
13000 0.878344
13001 0.898227
13002 0.943453
13003 0.791739
13004 0.836131
13005 0.839912
13006 0.891666
13007 0.900789
13008 0.856923
13009 0.893816
13010 0.894177
13011 0.855509
13012 0.925983
13013 0.861618
13014 0.823165
13015 0.774236
13016 0.898562
13017 0.88794
13018 0.970345
13019 0.758432
13020 0.680748
13021 0.937934
13022 0.834884
13023 0.80662
13024 0.962367
13025 0.969462
13026 0.765008
13027 0.882947
13028 0.826764
13029 0.946433
13030 0.939118
13031 0.960302
13032 0.936778
13033 0.935003
13034 0.871794
13035 0.72559
13036 0.9205
13037 0.671369
13038 0.901332
13039 0.881228
13040 0.93606
13041 0.927487
13042 0.943267
13043 0.958668
13044 0.909103
13045 0.912513
13046 0.878245
13047 0.953176
13048 0.880061
13049 0.856575
13050 0.842586
13051 0.905541
13052 0.907883
13053 0.880445
13054 0.834384
13055 0.86193
13056 0.833129
13057 0.824619
13058 0.886184
13059 0.844468
13060 0.876816
13061 0.962078
13062 0.925351
13063 0.788259
13064 0.918206
13065 0.815054
13066 0.764115
13067 0.833257
13068 0.871311
13069 0.755436
13070 0.692162
13071 0.919922
13072 0.80724
13073 0.893685
13074 0.676643
13075 0.89845
13076 0.718948
13077 0.705482
13078 0.893858
13079 0.682153
13080 0.946302
13081 0.922689
13082 0.936274
13083 0.949422
13084 0.701246
13085 0.80932
13086 0.882051
13087 0.836617
13088 0.745209
13089 0.972132
13090 0.942349
13091 0.978551
13092 0.91781
13093 0.695087
13094 0.846528
13095 0.873917
13096 0.803672
13097 0.830766
13098 0.8258
13099 0.925769
13100 0.921899
13101 0.870366
13102 0.787953
13103 0.838572
13104 0.80802
13105 0.824419
13106 0.808639
13107 0.875981
13108 0.84069
13109 0.96451
13110 0.939971
13111 0.911465
13112 0.952663
13113 0.937185
13114 0.941191
13115 0.936359
13116 0.837225
13117 0.869139
13118 0.932172
13119 0.877059
13120 0.94452
13121 0.905361
13122 0.854285
13123 0.855047
13124 0.819456
13125 0.804312
13126 0.917863
13127 0.915067
13128 0.937433
13129 0.859307
13130 0.922359
13131 0.859866
13132 0.84002
13133 0.957379
13134 0.875617
13135 0.981177
13136 0.957794
13137 0.926955
13138 0.945549
13139 0.935216
13140 0.825437
13141 0.95935
13142 0.82948
13143 0.938314
13144 0.899655
13145 0.942683
13146 0.96715
13147 0.864607
13148 0.898976
13149 0.911539
13150 0.870611
13151 0.865506
13152 0.821738
13153 0.824311
13154 0.903051
13155 0.879419
13156 0.847876
13157 0.797357
13158 0.793194
13159 0.915339
13160 0.759965
13161 0.893701
13162 0.951118
13163 0.902676
13164 0.841158
13165 0.854522
13166 0.830391
13167 0.792474
13168 0.725749
13169 0.80159
13170 0.716924
13171 0.911986
13172 0.944125
13173 0.921481
13174 0.896901
13175 0.901817
13176 0.927912
13177 0.939671
13178 0.772794
13179 0.956468
13180 0.870158
13181 0.904935
13182 0.894786
13183 0.992923
13184 0.854848
13185 0.940413
13186 0.939126
13187 0.905735
13188 0.808633
13189 0.874879
13190 0.883978
13191 0.85802
13192 0.881631
13193 0.897093
13194 0.902944
13195 0.962064
13196 0.970262
13197 0.953689
13198 0.822779
13199 0.809673
13200 0.877932
13201 0.897802
13202 0.922158
13203 0.758702
13204 0.916886
13205 0.708772
13206 0.908756
13207 0.915613
13208 0.881569
13209 0.771575
13210 0.800092
13211 0.966047
13212 0.938854
13213 0.980703
13214 0.847806
13215 0.943479
13216 0.882053
13217 0.87326
13218 0.933385
13219 0.827862
13220 0.837329
13221 0.851958
13222 0.920524
13223 0.898167
13224 0.891639
13225 0.93821
13226 0.876626
13227 0.89686
13228 0.723255
13229 0.789673
13230 0.871731
13231 0.845213
13232 0.861189
13233 0.887319
13234 0.927734
13235 0.946486
13236 0.91501
13237 0.882538
13238 0.887079
13239 0.856791
13240 0.935979
13241 0.90113
13242 0.825438
13243 0.888117
13244 0.947596
13245 0.90049
13246 0.617011
13247 0.944477
13248 0.628606
13249 0.852754
13250 0.903484
13251 0.882618
13252 0.883405
13253 0.947489
13254 0.88953
13255 0.897315
13256 0.852379
13257 0.914107
13258 0.909326
13259 0.973065
13260 0.844077
13261 0.90875
13262 0.917086
13263 0.843479
13264 0.800057
13265 0.942936
13266 0.833944
13267 0.929258
13268 0.812688
13269 0.927377
13270 0.639267
13271 0.835594
13272 0.828143
13273 0.813512
13274 0.904082
13275 0.894675
13276 0.932649
13277 0.806109
13278 0.888679
13279 0.89605
13280 0.746382
13281 0.934089
13282 0.861597
13283 0.897916
13284 0.883957
13285 0.940137
13286 0.905509
13287 0.920744
13288 0.842787
13289 0.797243
13290 0.938727
13291 0.916977
13292 0.935622
13293 0.89571
13294 0.856782
13295 0.907882
13296 0.776959
13297 0.971297
13298 0.967925
13299 0.962295
13300 0.80498
13301 0.947037
13302 0.909974
13303 0.788363
13304 0.921376
13305 0.91327
13306 0.982381
13307 0.901256
13308 0.942378
13309 0.702489
13310 0.958192
13311 0.811517
13312 0.900327
13313 0.926232
13314 0.951823
13315 0.75649
13316 0.871333
13317 0.918867
13318 0.947727
13319 0.960456
13320 0.932442
13321 0.91
13322 0.904627
13323 0.917739
13324 0.81528
13325 0.843086
13326 0.816078
13327 0.90119
13328 0.870291
13329 0.832864
13330 0.969748
13331 0.975519
13332 0.791811
13333 0.858491
13334 0.818949
13335 0.821866
13336 0.968637
13337 0.850584
13338 0.816375
13339 0.736296
13340 0.906401
13341 0.828458
13342 0.921918
13343 0.959734
13344 0.909198
13345 0.808019
13346 0.898161
13347 0.900536
13348 0.897341
13349 0.97702
13350 0.905925
13351 0.893753
13352 0.963783
13353 0.927442
13354 0.91482
13355 0.722641
13356 0.870934
13357 0.85998
13358 0.675759
13359 0.828161
13360 0.978025
13361 0.892733
13362 0.947939
13363 0.82042
13364 0.913259
13365 0.951225
13366 0.914254
13367 0.932101
13368 0.94978
13369 0.92082
13370 0.974846
13371 0.917657
13372 0.963032
13373 0.833165
13374 0.971134
13375 0.96877
13376 0.667669
13377 0.872532
13378 0.771812
13379 0.810384
13380 0.936123
13381 0.890398
13382 0.879095
13383 0.921187
13384 0.903363
13385 0.80353
13386 0.899385
13387 0.975331
13388 0.799013
13389 0.874595
13390 0.897486
13391 0.879619
13392 0.964998
13393 0.960004
13394 0.884723
13395 0.800507
13396 0.971148
13397 0.847139
13398 0.931437
13399 0.794666
13400 0.960407
13401 0.942416
13402 0.916401
13403 0.91684
13404 0.816634
13405 0.850179
13406 0.930184
13407 0.915846
13408 0.922087
13409 0.902858
13410 0.837692
13411 0.953548
13412 0.946213
13413 0.856279
13414 0.812822
13415 0.939831
13416 0.882919
13417 0.895676
13418 0.860724
13419 0.815511
13420 0.923377
13421 0.545154
13422 0.896498
13423 0.770526
13424 0.921249
13425 0.926952
13426 0.957789
13427 0.898081
13428 0.852442
13429 0.984688
13430 0.918528
13431 0.753559
13432 0.8954
13433 0.730926
13434 0.916583
13435 0.802363
13436 0.864275
13437 0.807172
13438 0.854065
13439 0.872988
13440 0.765555
13441 0.922247
13442 0.887457
13443 0.901892
13444 0.959482
13445 0.980655
13446 0.951879
13447 0.95108
13448 0.945973
13449 0.944202
13450 0.938931
13451 0.912829
13452 0.838533
13453 0.90873
13454 0.836358
13455 0.934379
13456 0.924457
13457 0.882844
13458 0.796775
13459 0.540619
13460 0.81101
13461 0.931906
13462 0.841676
13463 0.732722
13464 0.924566
13465 0.987386
13466 0.901031
13467 0.934971
13468 0.875725
13469 0.789971
13470 0.935787
13471 0.697758
13472 0.92935
13473 0.857425
13474 0.856661
13475 0.781344
13476 0.768684
13477 0.718377
13478 0.9474
13479 0.847178
13480 0.896213
13481 0.941089
13482 0.911534
13483 0.876608
13484 0.875905
13485 0.909528
13486 0.893967
13487 0.77091
13488 0.880385
13489 0.902064
13490 0.73449
13491 0.730582
13492 0.893673
13493 0.849241
13494 0.730348
13495 0.611943
13496 0.891718
13497 0.865872
13498 0.935063
13499 0.88456
13500 0.89777
13501 0.959154
13502 0.89146
13503 0.958644
13504 0.961715
13505 0.951409
13506 0.968295
13507 0.833803
13508 0.901688
13509 0.790662
13510 0.635225
13511 0.953876
13512 0.882847
13513 0.986552
13514 0.906315
13515 0.762051
13516 0.745256
13517 0.871449
13518 0.885389
13519 0.8206
13520 0.863032
13521 0.966572
13522 0.823925
13523 0.805455
13524 0.851583
13525 0.85426
13526 0.855402
13527 0.836193
13528 0.915702
13529 0.881075
13530 0.83638
13531 0.975548
13532 0.958709
13533 0.960719
13534 0.836399
13535 0.878413
13536 0.923375
13537 0.909796
13538 0.964018
13539 0.790252
13540 0.961393
13541 0.912679
13542 0.841212
13543 0.539052
13544 0.755482
13545 0.884112
13546 0.774968
13547 0.961151
13548 0.810636
13549 0.712906
13550 0.906555
13551 0.834114
13552 0.936434
13553 0.959336
13554 0.859074
13555 0.85829
13556 0.899834
13557 0.75085
13558 0.934642
13559 0.843513
13560 0.756876
13561 0.87917
13562 0.826869
13563 0.832706
13564 0.85927
13565 0.891275
13566 0.938458
13567 0.837491
13568 0.851772
13569 0.832632
13570 0.974151
13571 0.863404
13572 0.8002
13573 0.86926
13574 0.847931
13575 0.663045
13576 0.905295
13577 0.968044
13578 0.894863
13579 0.930146
13580 0.93833
13581 0.872237
13582 0.915746
13583 0.954379
13584 0.946215
13585 0.839472
13586 0.886304
13587 0.965894
13588 0.888296
13589 0.939993
13590 0.941714
13591 0.897212
13592 0.910281
13593 0.927892
13594 0.87585
13595 0.821881
13596 0.757657
13597 0.869446
13598 0.843118
13599 0.927908
13600 0.937646
13601 0.790122
13602 0.93268
13603 0.86599
13604 0.880698
13605 0.940352
13606 0.915689
13607 0.5744
13608 0.905777
13609 0.872264
13610 0.944551
13611 0.777934
13612 0.8964
13613 0.956585
13614 0.937867
13615 0.990936
13616 0.894296
13617 0.855788
13618 0.855569
13619 0.956973
13620 0.848045
13621 0.812372
13622 0.81603
13623 0.906337
13624 0.901319
13625 0.822666
13626 0.91607
13627 0.894893
13628 0.960868
13629 0.925942
13630 0.926886
13631 0.9319
13632 0.914266
13633 0.942671
13634 0.85955
13635 0.945107
13636 0.903835
13637 0.875658
13638 0.952356
13639 0.787677
13640 0.782908
13641 0.964539
13642 0.929306
13643 0.891464
13644 0.90753
13645 0.848592
13646 0.872069
13647 0.927323
13648 0.882857
13649 0.920451
13650 0.966317
13651 0.983757
13652 0.899947
13653 0.951923
13654 0.932246
13655 0.887137
13656 0.929875
13657 0.802442
13658 0.663416
13659 0.921401
13660 0.909663
13661 0.632393
13662 0.633151
13663 0.907978
13664 0.71836
13665 0.900293
13666 0.742153
13667 0.885562
13668 0.9355
13669 0.895898
13670 0.938896
13671 0.820751
13672 0.816628
13673 0.965628
13674 0.891157
13675 0.990198
13676 0.918126
13677 0.843321
13678 0.924806
13679 0.950273
13680 0.847091
13681 0.920316
13682 0.942521
13683 0.980155
13684 0.9684
13685 0.851771
13686 0.951088
13687 0.913343
13688 0.831706
13689 0.966304
13690 0.92853
13691 0.92149
13692 0.935255
13693 0.910847
13694 0.897545
13695 0.924859
13696 0.93865
13697 0.7437
13698 0.830259
13699 0.740687
13700 0.947584
13701 0.865704
13702 0.955761
13703 0.878497
13704 0.705542
13705 0.900434
13706 0.912506
13707 0.687089
13708 0.931297
13709 0.87005
13710 0.847924
13711 0.942803
13712 0.878097
13713 0.871252
13714 0.956551
13715 0.958489
13716 0.935386
13717 0.963686
13718 0.925433
13719 0.763792
13720 0.750262
13721 0.820243
13722 0.936574
13723 0.950185
13724 0.623598
13725 0.919602
13726 0.854632
13727 0.852812
13728 0.939615
13729 0.888922
13730 0.865766
13731 0.905182
13732 0.880955
13733 0.78929
13734 0.928325
13735 0.80984
13736 0.882853
13737 0.957445
13738 0.894368
13739 0.966946
13740 0.873805
13741 0.892348
13742 0.77847
13743 0.911592
13744 0.777259
13745 0.947971
13746 0.913537
13747 0.911211
13748 0.61625
13749 0.827194
13750 0.79102
13751 0.612136
13752 0.585545
13753 0.902992
13754 0.937346
13755 0.859608
13756 0.871612
13757 0.888599
13758 0.789173
13759 0.908951
13760 0.68527
13761 0.863319
13762 0.706737
13763 0.674935
13764 0.844135
13765 0.743054
13766 0.901344
13767 0.976568
13768 0.878448
13769 0.883754
13770 0.773986
13771 0.876466
13772 0.932095
13773 0.960848
13774 0.852169
13775 0.969844
13776 0.939975
13777 0.96492
13778 0.808411
13779 0.828062
13780 0.876373
13781 0.949679
13782 0.926367
13783 0.899504
13784 0.916456
13785 0.89832
13786 0.903077
13787 0.902189
13788 0.93957
13789 0.711656
13790 0.91601
13791 0.921988
13792 0.983654
13793 0.766583
13794 0.834245
13795 0.861322
13796 0.839128
13797 0.91878
13798 0.696126
13799 0.968296
13800 0.926961
13801 0.97234
13802 0.87634
13803 0.967651
13804 0.895372
13805 0.97238
13806 0.850138
13807 0.850437
13808 0.820047
13809 0.919116
13810 0.952291
13811 0.8843
13812 0.829254
13813 0.863034
13814 0.843516
13815 0.892996
13816 0.741208
13817 0.710379
13818 0.76754
13819 0.69098
13820 0.915516
13821 0.818053
13822 0.870528
13823 0.922166
13824 0.897338
13825 0.922188
13826 0.867689
13827 0.81482
13828 0.934558
13829 0.971573
13830 0.929003
13831 0.991826
13832 0.85497
13833 0.965895
13834 0.800557
13835 0.820576
13836 0.793472
13837 0.787279
13838 0.933555
13839 0.982956
13840 0.749603
13841 0.543861
13842 0.933652
13843 0.956864
13844 0.917288
13845 0.90911
13846 0.941182
13847 0.764029
13848 0.857371
13849 0.740575
13850 0.662885
13851 0.884428
13852 0.841999
13853 0.891612
13854 0.857481
13855 0.807018
13856 0.885051
13857 0.940201
13858 0.740644
13859 0.800872
13860 0.865332
13861 0.831939
13862 0.731431
13863 0.940792
13864 0.776236
13865 0.862073
13866 0.810069
13867 0.73755
13868 0.79911
13869 0.716054
13870 0.898489
13871 0.817278
13872 0.900928
13873 0.852372
13874 0.931274
13875 0.949288
13876 0.820448
13877 0.942716
13878 0.70975
13879 0.845855
13880 0.957949
13881 0.862006
13882 0.864579
13883 0.921188
13884 0.933731
13885 0.873649
13886 0.96382
13887 0.886764
13888 0.871653
13889 0.925306
13890 0.921172
13891 0.802473
13892 0.906073
13893 0.855222
13894 0.711081
13895 0.738592
13896 0.928155
13897 0.872076
13898 0.964653
13899 0.933157
13900 0.761317
13901 0.94281
13902 0.963074
13903 0.885911
13904 0.883781
13905 0.932824
13906 0.957489
13907 0.900492
13908 0.731547
13909 0.757745
13910 0.947787
13911 0.833402
13912 0.84691
13913 0.709946
13914 0.967925
13915 0.906624
13916 0.878382
13917 0.85455
13918 0.93622
13919 0.927595
13920 0.838486
13921 0.940228
13922 0.941847
13923 0.887474
13924 0.757033
13925 0.83727
13926 0.731067
13927 0.721213
13928 0.946554
13929 0.870369
13930 0.957434
13931 0.769938
13932 0.869181
13933 0.756741
13934 0.681479
13935 0.912722
13936 0.930182
13937 0.98993
13938 0.948225
13939 0.93379
13940 0.878192
13941 0.968708
13942 0.885021
13943 0.933578
13944 0.931228
13945 0.911975
13946 0.963493
13947 0.969247
13948 0.788278
13949 0.94201
13950 0.890843
13951 0.895755
13952 0.86444
13953 0.745275
13954 0.952464
13955 0.89226
13956 0.687355
13957 0.753523
13958 0.867648
13959 0.758273
13960 0.932619
13961 0.82478
13962 0.761742
13963 0.888064
13964 0.835077
13965 0.873369
13966 0.865742
13967 0.784801
13968 0.929134
13969 0.828165
13970 0.797091
13971 0.838661
13972 0.892407
13973 0.797436
13974 0.822063
13975 0.923823
13976 0.88203
13977 0.575347
13978 0.712364
13979 0.630752
13980 0.925171
13981 0.897245
13982 0.910921
13983 0.676512
13984 0.960875
13985 0.923142
13986 0.607641
13987 0.950493
13988 0.794706
13989 0.888015
13990 0.734517
13991 0.871654
13992 0.929671
13993 0.682784
13994 0.917115
13995 0.878052
13996 0.970232
13997 0.834304
13998 0.864098
13999 0.903699
14000 0.894932
14001 0.833159
14002 0.862348
14003 0.79521
14004 0.789012
14005 0.81082
14006 0.969087
14007 0.929909
14008 0.92942
14009 0.875483
14010 0.960659
14011 0.885643
14012 0.815262
14013 0.882224
14014 0.937592
14015 0.948492
14016 0.93605
14017 0.816193
14018 0.678
14019 0.875297
14020 0.917043
14021 0.950077
14022 0.930336
14023 0.837328
14024 0.902831
14025 0.740196
14026 0.685366
14027 0.94723
14028 0.945341
14029 0.728182
14030 0.789489
14031 0.787531
14032 0.48933
14033 0.783283
14034 0.75428
14035 0.837237
14036 0.930522
14037 0.942138
14038 0.945436
14039 0.867882
14040 0.901056
14041 0.941705
14042 0.916736
14043 0.940305
14044 0.897865
14045 0.946789
14046 0.894588
14047 0.832601
14048 0.951098
14049 0.716147
14050 0.797669
14051 0.948377
14052 0.947759
14053 0.898147
14054 0.787267
14055 0.894395
14056 0.932034
14057 0.972979
14058 0.88367
14059 0.930898
14060 0.924413
14061 0.888981
14062 0.904281
14063 0.751743
14064 0.823344
14065 0.962546
14066 0.859915
14067 0.894751
14068 0.89256
14069 0.905911
14070 0.84693
14071 0.911595
14072 0.948305
14073 0.941712
14074 0.874054
14075 0.847812
14076 0.909422
14077 0.879873
14078 0.817812
14079 0.979507
14080 0.809559
14081 0.889043
14082 0.790672
14083 0.92106
14084 0.976307
14085 0.954443
14086 0.930052
14087 0.777654
14088 0.793316
14089 0.919697
14090 0.835696
14091 0.900298
14092 0.939501
14093 0.828316
14094 0.954713
14095 0.956538
14096 0.734331
14097 0.818071
14098 0.878715
14099 0.97129
14100 0.856692
14101 0.908008
14102 0.860651
14103 0.848953
14104 0.832968
14105 0.819513
14106 0.886512
14107 0.932679
14108 0.906055
14109 0.876923
14110 0.821382
14111 0.942442
14112 0.729929
14113 0.639356
14114 0.90988
14115 0.913417
14116 0.945746
14117 0.753837
14118 0.933482
14119 0.776016
14120 0.806488
14121 0.896123
14122 0.977338
14123 0.959592
14124 0.944426
14125 0.957381
14126 0.729585
14127 0.950169
14128 0.861036
14129 0.953911
14130 0.94001
14131 0.939066
14132 0.870507
14133 0.978143
14134 0.798921
14135 0.924187
14136 0.85692
14137 0.884057
14138 0.748623
14139 0.893261
14140 0.94677
14141 0.623984
14142 0.927529
14143 0.972383
14144 0.909865
14145 0.861468
14146 0.924275
14147 0.921064
14148 0.84208
14149 0.660123
14150 0.853488
14151 0.905271
14152 0.933182
14153 0.667447
14154 0.862646
14155 0.934125
14156 0.93919
14157 0.985735
14158 0.866641
14159 0.962383
14160 0.897255
14161 0.978153
14162 0.815821
14163 0.902448
14164 0.957038
14165 0.934093
14166 0.927971
14167 0.659362
14168 0.92093
14169 0.815044
14170 0.907979
14171 0.886876
14172 0.898712
14173 0.902446
14174 0.941469
14175 0.905655
14176 0.922812
14177 0.949818
14178 0.872632
14179 0.941781
14180 0.924301
14181 0.903386
14182 0.852981
14183 0.928248
14184 0.939641
14185 0.844262
14186 0.716892
14187 0.84251
14188 0.906061
14189 0.856609
14190 0.806514
14191 0.60661
14192 0.94949
14193 0.625453
14194 0.870043
14195 0.798365
14196 0.708652
14197 0.923703
14198 0.947467
14199 0.984264
14200 0.936416
14201 0.669322
14202 0.966986
14203 0.923932
14204 0.67002
14205 0.896116
14206 0.687086
14207 0.911175
14208 0.968266
14209 0.89577
14210 0.925239
14211 0.852278
14212 0.97336
14213 0.951982
14214 0.822604
14215 0.932502
14216 0.875283
14217 0.795996
14218 0.903172
14219 0.929
14220 0.871529
14221 0.798449
14222 0.920839
14223 0.87218
14224 0.946731
14225 0.858227
14226 0.847966
14227 0.944687
14228 0.958186
14229 0.887172
14230 0.737343
14231 0.890183
14232 0.819192
14233 0.951228
14234 0.930189
14235 0.804804
14236 0.679007
14237 0.912209
14238 0.975645
14239 0.970599
14240 0.815727
14241 0.811034
14242 0.873131
14243 0.830759
14244 0.890583
14245 0.89896
14246 0.743093
14247 0.843552
14248 0.86274
14249 0.800383
14250 0.920187
14251 0.93506
14252 0.914546
14253 0.787226
14254 0.640696
14255 0.931693
14256 0.901573
14257 0.979487
14258 0.679746
14259 0.695427
14260 0.976974
14261 0.94106
14262 0.948106
14263 0.893905
14264 0.919828
14265 0.881489
14266 0.952709
14267 0.968304
14268 0.837816
14269 0.918489
14270 0.74969
14271 0.818344
14272 0.941253
14273 0.882381
14274 0.908143
14275 0.864005
14276 0.828732
14277 0.925154
14278 0.590715
14279 0.680629
14280 0.521357
14281 0.899026
14282 0.69836
14283 0.817494
14284 0.898055
14285 0.935635
14286 0.977909
14287 0.884204
14288 0.714443
14289 0.876693
14290 0.779202
14291 0.904172
14292 0.916671
14293 0.918609
14294 0.790888
14295 0.698013
14296 0.809013
14297 0.838707
14298 0.599019
14299 0.852456
14300 0.797589
14301 0.982553
14302 0.797353
14303 0.983248
14304 0.691921
14305 0.859946
14306 0.833708
14307 0.879414
14308 0.894632
14309 0.917383
14310 0.643491
14311 0.933364
14312 0.969739
14313 0.970526
14314 0.783156
14315 0.832209
14316 0.918515
14317 0.970184
14318 0.880801
14319 0.865016
14320 0.946346
14321 0.505806
14322 0.800115
14323 0.623313
14324 0.660239
14325 0.547308
14326 0.60077
14327 0.825671
14328 0.579821
14329 0.589377
14330 0.757429
14331 0.659653
14332 0.612607
14333 0.579553
14334 0.699447
14335 0.5836
14336 0.757421
14337 0.827395
14338 0.805101
14339 0.800222
14340 0.926603
14341 0.773912
14342 0.74436
14343 0.849856
14344 0.743563
14345 0.728319
14346 0.882163
14347 0.787853
14348 0.739706
14349 0.807999
14350 0.619304
14351 0.524338
14352 0.600847
14353 0.782129
14354 0.575127
14355 0.618896
14356 0.633427
14357 0.774473
14358 0.616878
14359 0.640812
14360 0.64103
14361 0.644802
14362 0.719425
14363 0.698706
14364 0.80491
14365 0.766169
14366 0.729721
14367 0.661591
14368 0.791672
14369 0.886254
14370 0.892377
14371 0.88488
14372 0.804319
14373 0.743079
14374 0.742481
14375 0.763737
14376 0.733861
14377 0.629513
14378 0.647046
14379 0.794183
14380 0.747988
14381 0.604175
14382 0.594846
14383 0.652061
14384 0.787869
14385 0.799
14386 0.709992
14387 0.765212
14388 0.778106
14389 0.750692
14390 0.707552
14391 0.899881
14392 0.502241
14393 0.594417
14394 0.747529
14395 0.897714
14396 0.881265
14397 0.866368
14398 0.880932
14399 0.951281
14400 0.909665
14401 0.834454
14402 0.791501
14403 0.668641
14404 0.722936
14405 0.684211
14406 0.653332
14407 0.770199
14408 0.804216
14409 0.750456
14410 0.714488
14411 0.706458
14412 0.565048
14413 0.611845
14414 0.790677
14415 0.680019
14416 0.681409
14417 0.715025
14418 0.76288
14419 0.732379
14420 0.764823
14421 0.678444
14422 0.661948
14423 0.692847
14424 0.800246
14425 0.73228
14426 0.782431
14427 0.801629
14428 0.696675
14429 0.76822
14430 0.698996
14431 0.800717
14432 0.6195
14433 0.531819
14434 0.635931
14435 0.639569
14436 0.555177
14437 0.572691
14438 0.704906
14439 0.755693
14440 0.6342
14441 0.753206
14442 0.663902
14443 0.595611
14444 0.656191
14445 0.675622
14446 0.720158
14447 0.671805
14448 0.68249
14449 0.705239
14450 0.862351
14451 0.599044
14452 0.678402
14453 0.81219
14454 0.7366
14455 0.68526
14456 0.740545
14457 0.74225
14458 0.646248
14459 0.675135
14460 0.745379
14461 0.564173
14462 0.640477
14463 0.698489
14464 0.628175
14465 0.919509
14466 0.927753
14467 0.901971
14468 0.914035
14469 0.597062
14470 0.580644
14471 0.702046
14472 0.647486
14473 0.766073
14474 0.765505
14475 0.723831
14476 0.754585
14477 0.692178
14478 0.6955
14479 0.645222
14480 0.630255
14481 0.716704
14482 0.643231
14483 0.64601
14484 0.935748
14485 0.703665
14486 0.682651
14487 0.62498
14488 0.580331
14489 0.747897
14490 0.58027
14491 0.751273
14492 0.760042
14493 0.50632
14494 0.82948
14495 0.713622
14496 0.719202
14497 0.801686
14498 0.655473
14499 0.70626
14500 0.896176
14501 0.803505
14502 0.786178
14503 0.634079
14504 0.803601
14505 0.683907
14506 0.554696
14507 0.691284
14508 0.732553
14509 0.767431
14510 0.790926
14511 0.69474
14512 0.732478
14513 0.690368
14514 0.796784
14515 0.762434
14516 0.707029
14517 0.714312
14518 0.775817
14519 0.661562
14520 0.659911
14521 0.649171
14522 0.668036
14523 0.470925
14524 0.739306
14525 0.687632
14526 0.693484
14527 0.709689
14528 0.826696
14529 0.73967
14530 0.6783
14531 0.814294
14532 0.649066
14533 0.771052
14534 0.92544
14535 0.73322
14536 0.788555
14537 0.710782
14538 0.720848
14539 0.905197
14540 0.766744
14541 0.639629
14542 0.591023
14543 0.805552
14544 0.609088
14545 0.735366
14546 0.613673
14547 0.70772
14548 0.683556
14549 0.724928
14550 0.705971
14551 0.722488
14552 0.730149
14553 0.681525
14554 0.702125
14555 0.812697
14556 0.807241
14557 0.72564
14558 0.701214
14559 0.80633
14560 0.603479
14561 0.717782
14562 0.84392
14563 0.805642
14564 0.709261
14565 0.92564
14566 0.810352
14567 0.773641
14568 0.708128
14569 0.620668
14570 0.80447
14571 0.672698
14572 0.48603
14573 0.813835
14574 0.681436
14575 0.813144
14576 0.71852
14577 0.46631
14578 0.805593
14579 0.739117
14580 0.656177
14581 0.784384
14582 0.549798
14583 0.776612
14584 0.776359
14585 0.573637
14586 0.544896
14587 0.75651
14588 0.689225
14589 0.638333
14590 0.762548
14591 0.67103
14592 0.769831
14593 0.723313
14594 0.700995
14595 0.689396
14596 0.601076
14597 0.624948
14598 0.700398
14599 0.690344
14600 0.748771
14601 0.766376
14602 0.757412
14603 0.630052
14604 0.711577
14605 0.683268
14606 0.68014
14607 0.814059
14608 0.886713
14609 0.926708
14610 0.727062
14611 0.723486
14612 0.757923
14613 0.689367
14614 0.697928
14615 0.744314
14616 0.70766
14617 0.758273
14618 0.758478
14619 0.628998
14620 0.628647
14621 0.644112
14622 0.741218
14623 0.618348
14624 0.71651
14625 0.781165
14626 0.738073
14627 0.687561
14628 0.622933
14629 0.736957
14630 0.764062
14631 0.816727
14632 0.772245
14633 0.790991
14634 0.672407
14635 0.783825
14636 0.804584
14637 0.756283
14638 0.6357
14639 0.695376
14640 0.596977
14641 0.614249
14642 0.84192
14643 0.861346
14644 0.888785
14645 0.683014
14646 0.72053
14647 0.757241
14648 0.740836
14649 0.742633
14650 0.756367
14651 0.840777
14652 0.837649
14653 0.773727
14654 0.899309
14655 0.854828
14656 0.891811
14657 0.90175
14658 0.890886
14659 0.703635
14660 0.803951
14661 0.822645
14662 0.691853
14663 0.689988
14664 0.610131
14665 0.66505
14666 0.744687
14667 0.896217
14668 0.698886
14669 0.89785
14670 0.955482
14671 0.700803
14672 0.779786
14673 0.675651
14674 0.661234
14675 0.782738
14676 0.676385
14677 0.692147
14678 0.853098
14679 0.760744
14680 0.59862
14681 0.587204
14682 0.690472
14683 0.714842
14684 0.672108
14685 0.794087
14686 0.618084
14687 0.728032
14688 0.934693
14689 0.745767
14690 0.747204
14691 0.824456
14692 0.807886
14693 0.882966
14694 0.638917
14695 0.628502
14696 0.718374
14697 0.778769
14698 0.659197
14699 0.692321
14700 0.737024
14701 0.661593
14702 0.497356
14703 0.709871
14704 0.87382
14705 0.738255
14706 0.738531
14707 0.710958
14708 0.661649
14709 0.654888
14710 0.642502
14711 0.705043
14712 0.815464
14713 0.632064
14714 0.776931
14715 0.824488
14716 0.756256
14717 0.764254
14718 0.854896
14719 0.765751
14720 0.76967
14721 0.727255
14722 0.743247
14723 0.74308
14724 0.628899
14725 0.68126
14726 0.691366
14727 0.716165
14728 0.67547
14729 0.712931
14730 0.740267
14731 0.627264
14732 0.654129
14733 0.695108
14734 0.742125
14735 0.692851
14736 0.689349
14737 0.753728
14738 0.777233
14739 0.757912
14740 0.770946
14741 0.52206
14742 0.827459
14743 0.593732
14744 0.636568
14745 0.575594
14746 0.756307
14747 0.611323
14748 0.826848
14749 0.485021
14750 0.795734
14751 0.682602
14752 0.57653
14753 0.714989
14754 0.534972
14755 0.651827
14756 0.738986
14757 0.482768
14758 0.550083
14759 0.617332
14760 0.491333
14761 0.546486
14762 0.511945
14763 0.901269
14764 0.71806
14765 0.861888
14766 0.974741
14767 0.820292
14768 0.925222
14769 0.863363
14770 0.64103
14771 0.649753
14772 0.950486
14773 0.606596
14774 0.682143
14775 0.585238
14776 0.821021
14777 0.790743
14778 0.715719
14779 0.924716
14780 0.672014
14781 0.840366
14782 0.73838
14783 0.701868
14784 0.455726
14785 0.708657
14786 0.393569
14787 0.446974
14788 0.419022
14789 0.438815
14790 0.63322
14791 0.806663
14792 0.970486
14793 0.765625
14794 0.834361
14795 0.902811
14796 0.712825
14797 0.864825
14798 0.811791
14799 0.766408
14800 0.723276
14801 0.852223
14802 0.804835
14803 0.718701
14804 0.793656
14805 0.62913
14806 0.488087
14807 0.270131
14808 0.602402
14809 0.426136
14810 0.281893
14811 0.430747
14812 0.609411
14813 0.68664
14814 0.742079
14815 0.866526
14816 0.453624
14817 0.808829
14818 0.547903
14819 0.44285
14820 0.451227
14821 0.404709
14822 0.472389
14823 0.449539
14824 0.506282
14825 0.383679
14826 0.718582
14827 0.774206
14828 0.787902
14829 0.781768
14830 0.783407
14831 0.580549
14832 0.487545
14833 0.890363
14834 0.687279
14835 0.41181
14836 0.783139
14837 0.790694
14838 0.786516
14839 0.886574
14840 0.653508
14841 0.823539
14842 0.671419
14843 0.388822
14844 0.733197
14845 0.262726
14846 0.58881
14847 0.635932
14848 0.557048
14849 0.674403
14850 0.686069
14851 0.749578
14852 0.471513
14853 0.464438
14854 0.426366
14855 0.696822
14856 0.855318
14857 0.584205
14858 0.668481
14859 0.574077
14860 0.824711
14861 0.767207
14862 0.735603
14863 0.251033
14864 0.453823
14865 0.337147
14866 0.698305
14867 0.494628
14868 0.776106
14869 0.356971
14870 0.770778
14871 0.269061
14872 0.853469
14873 0.743372
14874 0.686311
14875 0.729514
14876 0.330234
14877 0.757067
14878 0.782185
14879 0.584543
14880 0.765108
14881 0.626675
14882 0.90058
14883 0.660976
14884 0.858966
14885 0.694222
14886 0.634395
14887 0.593392
14888 0.586413
14889 0.866547
14890 0.835892
14891 0.549422
14892 0.73432
14893 0.692976
14894 0.58588
14895 0.80642
14896 0.643367
14897 0.464701
14898 0.740805
14899 0.455504
14900 0.724151
14901 0.794431
14902 0.745703
14903 0.728584
14904 0.770867
14905 0.725316
14906 0.547809
14907 0.863939
14908 0.551718
14909 0.371066
14910 0.649618
14911 0.469009
14912 0.367282
14913 0.474868
14914 0.753731
14915 0.615765
14916 0.829908
14917 0.349758
14918 0.819039
14919 0.895427
14920 0.696556
14921 0.651835
14922 0.769471
14923 0.730173
14924 0.49506
14925 0.549291
14926 0.308036
14927 0.732753
14928 0.333262
14929 0.147111
14930 0.360174
14931 0.448884
14932 0.560188
14933 0.422085
14934 0.647888
14935 0.547539
14936 0.58794
14937 0.330187
14938 0.562383
14939 0.792514
14940 0.594914
14941 0.696704
14942 0.514444
14943 0.353694
14944 0.820982
14945 0.740174
14946 0.764862
14947 0.544933
14948 0.615723
14949 0.601051
14950 0.727047
14951 0.78688
14952 0.899306
14953 0.687687
14954 0.450438
14955 0.695786
14956 0.725818
14957 0.363901
14958 0.409222
14959 0.854363
14960 0.824769
14961 0.633492
14962 0.832823
14963 0.817094
14964 0.48512
14965 0.725474
14966 0.819366
14967 0.459513
14968 0.896551
14969 0.411877
14970 0.854725
14971 0.724429
14972 0.698547
14973 0.837736
14974 0.775004
14975 0.698592
14976 0.471615
14977 0.338183
14978 0.783759
14979 0.821583
14980 0.693581
14981 0.969973
14982 0.617118
14983 0.887365
14984 0.791952
14985 0.480253
14986 0.776624
14987 0.805753
14988 0.319418
14989 0.562758
14990 0.839465
14991 0.525838
14992 0.171822
14993 0.840135
14994 0.767692
14995 0.899596
14996 0.60489
14997 0.741945
14998 0.866223
14999 0.647422
15000 0.924929
15001 0.779819
15002 0.899802
15003 0.784064
15004 0.642189
15005 0.706453
15006 0.42341
15007 0.719477
15008 0.557466
15009 0.703858
15010 0.492428
15011 0.714736
15012 0.486852
15013 0.365824
15014 0.654879
15015 0.763537
15016 0.73037
15017 0.530797
15018 0.369932
15019 0.391408
15020 0.462419
15021 0.73109
15022 0.699454
15023 0.840554
15024 0.648497
15025 0.709182
15026 0.942904
15027 0.592785
15028 0.912321
15029 0.516851
15030 0.732488
15031 0.685006
15032 0.56341
15033 0.837447
15034 0.791092
15035 0.324635
15036 0.610304
15037 0.346857
15038 0.283755
15039 0.711203
15040 0.73275
15041 0.714471
15042 0.337795
15043 0.356131
15044 0.362923
15045 0.61144
15046 0.589346
15047 0.542241
15048 0.679285
15049 0.584628
15050 0.721206
15051 0.556786
15052 0.725864
15053 0.659222
15054 0.75615
15055 0.46077
15056 0.425317
15057 0.651153
15058 0.689957
15059 0.769754
15060 0.767407
15061 0.712968
15062 0.498847
15063 0.736773
15064 0.782132
15065 0.872169
15066 0.632358
15067 0.757744
15068 0.358081
15069 0.577048
15070 0.948024
15071 0.432913
15072 0.534332
15073 0.53937
15074 0.871351
15075 0.686025
15076 0.479654
15077 0.352792
15078 0.825974
15079 0.347118
15080 0.683821
15081 0.504896
15082 0.312271
15083 0.476842
15084 0.581421
15085 0.769356
15086 0.625849
15087 0.121637
15088 0.547247
15089 0.292683
15090 0.647498
15091 0.875852
15092 0.819085
15093 0.167574
15094 0.889955
15095 0.617749
15096 0.612182
15097 0.687362
15098 0.745526
15099 0.691777
15100 0.699788
15101 0.728973
15102 0.380216
15103 0.365361
15104 0.32336
15105 0.707524
15106 0.318161
15107 0.622454
15108 0.802859
15109 0.808444
15110 0.513288
15111 0.65418
15112 0.728029
15113 0.720666
15114 0.318333
15115 0.719849
15116 0.795527
15117 0.819835
15118 0.862978
15119 0.747388
15120 0.307228
15121 0.689127
15122 0.700768
15123 0.674583
15124 0.739929
15125 0.684314
15126 0.597576
15127 0.710604
15128 0.924254
15129 0.70599
15130 0.57856
15131 0.651108
15132 0.685833
15133 0.749328
15134 0.685991
15135 0.865605
15136 0.753032
15137 0.77841
15138 0.729783
15139 0.592049
15140 0.452756
15141 0.601972
15142 0.772603
15143 0.750111
15144 0.330428
15145 0.916729
15146 0.952108
15147 0.323316
15148 0.364045
15149 0.488117
15150 0.753313
15151 0.599039
15152 0.806021
15153 0.327922
15154 0.714793
15155 0.681598
15156 0.784632
15157 0.659151
15158 0.764317
15159 0.668729
15160 0.782783
15161 0.4262
15162 0.829943
15163 0.863138
15164 0.312381
15165 0.697825
15166 0.371121
15167 0.23377
15168 0.529472
15169 0.307711
15170 0.58158
15171 0.312677
15172 0.367426
15173 0.540226
15174 0.793519
15175 0.679396
15176 0.349245
15177 0.330458
15178 0.337224
15179 0.63258
15180 0.411774
15181 0.823687
15182 0.321767
15183 0.480831
15184 0.311058
15185 0.341832
15186 0.317012
15187 0.703208
15188 0.468732
15189 0.674305
15190 0.328603
15191 0.535871
15192 0.57109
15193 0.537025
15194 0.316333
15195 0.373364
15196 0.696974
15197 0.642042
15198 0.56985
15199 0.623527
15200 0.355185
15201 0.327047
15202 0.523636
15203 0.881885
15204 0.338287
15205 0.351865
15206 0.327802
15207 0.735403
15208 0.335128
15209 0.58111
15210 0.296387
15211 0.813565
15212 0.326873
15213 0.626957
15214 0.649039
15215 0.314105
15216 0.711919
15217 0.628225
15218 0.686501
15219 0.654629
15220 0.635366
15221 0.286634
15222 0.289775
15223 0.519732
15224 0.60887
15225 0.556607
15226 0.759204
15227 0.733916
15228 0.755296
15229 0.552269
15230 0.804897
15231 0.544709
15232 0.473217
15233 0.725337
15234 0.664075
15235 0.689816
15236 0.657586
15237 0.874991
15238 0.486269
15239 0.329441
15240 0.662268
15241 0.645341
15242 0.700655
15243 0.91351
15244 0.702891
15245 0.862114
15246 0.628254
15247 0.545921
15248 0.777643
15249 0.521774
15250 0.55131
15251 0.505137
15252 0.760018
15253 0.436091
15254 0.717341
15255 0.339196
15256 0.482142
15257 0.718317
15258 0.472263
15259 0.34746
15260 0.654355
15261 0.539857
15262 0.322384
15263 0.699861
15264 0.573239
15265 0.597307
15266 0.620627
15267 0.367013
15268 0.659068
15269 0.755946
15270 0.850812
15271 0.927546
15272 0.446926
15273 0.602074
15274 0.257329
15275 0.594864
15276 0.615822
15277 0.63393
15278 0.64021
15279 0.538425
15280 0.795456
15281 0.591801
15282 0.854025
15283 0.557718
15284 0.380326
15285 0.639632
15286 0.928395
15287 0.673875
15288 0.672019
15289 0.770264
15290 0.575236
15291 0.52008
15292 0.927342
15293 0.699987
15294 0.71598
15295 0.784047
15296 0.737971
15297 0.59828
15298 0.588956
15299 0.717156
15300 0.77356
15301 0.714194
15302 0.484306
15303 0.601072
15304 0.647074
15305 0.727503
15306 0.496408
15307 0.567252
15308 0.764576
15309 0.618044
15310 0.458623
15311 0.675505
15312 0.672377
15313 0.588703
15314 0.723615
15315 0.706556
15316 0.663884
15317 0.917619
15318 0.71119
15319 0.900941
15320 0.778685
15321 0.434643
15322 0.734841
15323 0.679842
15324 0.409625
15325 0.628053
15326 0.819734
15327 0.720181
15328 0.737187
15329 0.556871
15330 0.521792
15331 0.519073
15332 0.586777
15333 0.548188
15334 0.653471
15335 0.552723
15336 0.423507
15337 0.624911
15338 0.659916
15339 0.675988
15340 0.745515
15341 0.821473
15342 0.745585
15343 0.760611
15344 0.663076
15345 0.539915
15346 0.534977
15347 0.957981
15348 0.467404
15349 0.304603
15350 0.528945
15351 0.739264
15352 0.631826
15353 0.450567
15354 0.680232
15355 0.619203
15356 0.492702
15357 0.766099
15358 0.69845
15359 0.875392
15360 0.75588
15361 0.765159
15362 0.691975
15363 0.756968
15364 0.649331
15365 0.688425
15366 0.550772
15367 0.620152
15368 0.628189
15369 0.82401
15370 0.770949
15371 0.658962
15372 0.534243
15373 0.775164
15374 0.801358
15375 0.752892
15376 0.452087
15377 0.628506
15378 0.829197
15379 0.726002
15380 0.661021
15381 0.743275
15382 0.636977
15383 0.717588
15384 0.755307
15385 0.537795
15386 0.782933
15387 0.660472
15388 0.813809
15389 0.731485
15390 0.81824
15391 0.741199
15392 0.747873
15393 0.594375
15394 0.575022
15395 0.640724
15396 0.482798
15397 0.656286
15398 0.918554
15399 0.613314
15400 0.42544
15401 0.582111
15402 0.472673
15403 0.733879
15404 0.673637
15405 0.788992
15406 0.313556
15407 0.828837
15408 0.699058
15409 0.719147
15410 0.805443
15411 0.53033
15412 0.543403
15413 0.706103
15414 0.700012
15415 0.632651
15416 0.412736
15417 0.76337
15418 0.867691
15419 0.612089
15420 0.639091
15421 0.489569
15422 0.500909
15423 0.536407
15424 0.738998
15425 0.822036
15426 0.777459
15427 0.706912
15428 0.66902
15429 0.62449
15430 0.680643
15431 0.662696
15432 0.800888
15433 0.820765
15434 0.67866
15435 0.671354
15436 0.705886
15437 0.712471
15438 0.705072
15439 0.823084
15440 0.725454
15441 0.724114
15442 0.602779
15443 0.724661
15444 0.744463
15445 0.904362
15446 0.733318
15447 0.591439
15448 0.581632
15449 0.875408
15450 0.618635
15451 0.741971
15452 0.64294
15453 0.646598
15454 0.535649
15455 0.698956
15456 0.747048
15457 0.570503
15458 0.722447
15459 0.747892
15460 0.672301
15461 0.8506
15462 0.519749
15463 0.698698
15464 0.689171
15465 0.975526
15466 0.794825
15467 0.69599
15468 0.656644
15469 0.5961
15470 0.598076
15471 0.718047
15472 0.763214
15473 0.436759
15474 0.88296
15475 0.644363
15476 0.66372
15477 0.819978
15478 0.43925
15479 0.682104
15480 0.603634
15481 0.79392
15482 0.503556
15483 0.647727
15484 0.597481
15485 0.822936
15486 0.867622
15487 0.687027
15488 0.598622
15489 0.577052
15490 0.535713
15491 0.68333
15492 0.639216
15493 0.776227
15494 0.798487
15495 0.777276
15496 0.560833
15497 0.409284
15498 0.438722
15499 0.750743
15500 0.707266
15501 0.595457
15502 0.708264
15503 0.762912
15504 0.67489
15505 0.680024
15506 0.720423
15507 0.468224
15508 0.590475
15509 0.457375
15510 0.791162
15511 0.860503
15512 0.720643
15513 0.804803
15514 0.536174
15515 0.750411
15516 0.736581
15517 0.592648
15518 0.572661
15519 0.60149
15520 0.489611
15521 0.567754
15522 0.65159
15523 0.792893
15524 0.447287
15525 0.695983
15526 0.74061
15527 0.611429
15528 0.50425
15529 0.62856
15530 0.836608
15531 0.657708
15532 0.655255
15533 0.625978
15534 0.816945
15535 0.917145
15536 0.540838
15537 0.758225
15538 0.669796
15539 0.689945
15540 0.659207
15541 0.669959
15542 0.556466
15543 0.867163
15544 0.778956
15545 0.822985
15546 0.773298
15547 0.649822
15548 0.819454
15549 0.600944
15550 0.701806
15551 0.551435
15552 0.796203
15553 0.729439
15554 0.561623
15555 0.726997
15556 0.827144
15557 0.66372
15558 0.579214
15559 0.58604
15560 0.509828
15561 0.418935
15562 0.394713
15563 0.662568
15564 0.427766
15565 0.654925
15566 0.518964
15567 0.813388
15568 0.545449
15569 0.713059
15570 0.332372
15571 0.562055
15572 0.383692
15573 0.542319
15574 0.78096
15575 0.55023
15576 0.546276
15577 0.596529
15578 0.669498
15579 0.495937
15580 0.506896
15581 0.652508
15582 0.75999
15583 0.431908
15584 0.855762
15585 0.839318
15586 0.497269
15587 0.586115
15588 0.673905
15589 0.748286
15590 0.678573
15591 0.683241
15592 0.774368
15593 0.903102
15594 0.714164
15595 0.594705
15596 0.684003
15597 0.523354
15598 0.684654
15599 0.454928
15600 0.629013
15601 0.765936
15602 0.654777
15603 0.709346
15604 0.795691
15605 0.710022
15606 0.745734
15607 0.646685
15608 0.74114
15609 0.365993
15610 0.646096
15611 0.503815
15612 0.842316
15613 0.711357
15614 0.696832
15615 0.526693
15616 0.438496
15617 0.434648
15618 0.636358
15619 0.672845
15620 0.54732
15621 0.318602
15622 0.803252
15623 0.668744
15624 0.849706
15625 0.394538
15626 0.493607
15627 0.407855
15628 0.7409
15629 0.694822
15630 0.733332
15631 0.577822
15632 0.324953
15633 0.738394
15634 0.435585
15635 0.741605
15636 0.566845
15637 0.708329
15638 0.746361
15639 0.354485
15640 0.694182
15641 0.330789
15642 0.499505
15643 0.680375
15644 0.790146
15645 0.404422
15646 0.700731
15647 0.691176
15648 0.415574
15649 0.717197
15650 0.571337
15651 0.65462
15652 0.648133
15653 0.4368
15654 0.657239
15655 0.539475
15656 0.426755
15657 0.700395
15658 0.616714
15659 0.4438
15660 0.737377
15661 0.58319
15662 0.796277
15663 0.639921
15664 0.592143
15665 0.62835
15666 0.70936
15667 0.648382
15668 0.382922
15669 0.543234
15670 0.462805
15671 0.910833
15672 0.338908
15673 0.648262
15674 0.574278
15675 0.540562
15676 0.604079
15677 0.614479
15678 0.634087
15679 0.213191
15680 0.887078
15681 0.76737
15682 0.739594
15683 0.831439
15684 0.611004
15685 0.55527
15686 0.580215
15687 0.499285
15688 0.631693
15689 0.551657
15690 0.581188
15691 0.701204
15692 0.378998
15693 0.777559
15694 0.869399
15695 0.64153
15696 0.628745
15697 0.718261
15698 0.956344
15699 0.646019
15700 0.633919
15701 0.629849
15702 0.665899
15703 0.928261
15704 0.569346
15705 0.578036
15706 0.703007
15707 0.542612
15708 0.350653
15709 0.565325
15710 0.658275
15711 0.695452
15712 0.583643
15713 0.531655
15714 0.754194
15715 0.672669
15716 0.566084
15717 0.685165
15718 0.6661
15719 0.48203
15720 0.599456
15721 0.702306
15722 0.601346
15723 0.720107
15724 0.722025
15725 0.650381
15726 0.862878
15727 0.588263
15728 0.649063
15729 0.685895
15730 0.742203
15731 0.745265
15732 0.81318
15733 0.736616
15734 0.600046
15735 0.695183
15736 0.788101
15737 0.766217
15738 0.305863
15739 0.562298
15740 0.517867
15741 0.452872
15742 0.5515
15743 0.271633
15744 0.778612
15745 0.678622
15746 0.524536
15747 0.611212
15748 0.431493
15749 0.401917
15750 0.689859
15751 0.434793
15752 0.477614
15753 0.750888
15754 0.475134
15755 0.554987
15756 0.830264
15757 0.699683
15758 0.791682
15759 0.772614
15760 0.624498
15761 0.404756
15762 0.618664
15763 0.457391
15764 0.684736
15765 0.550904
15766 0.816305
15767 0.645182
15768 0.704925
15769 0.598571
15770 0.884371
15771 0.619583
15772 0.633692
15773 0.839121
15774 0.610918
15775 0.797417
15776 0.618447
15777 0.645712
15778 0.813132
15779 0.526805
15780 0.674898
15781 0.6985
15782 0.728766
15783 0.539587
15784 0.569903
15785 0.632126
15786 0.814199
15787 0.789397
15788 0.871641
15789 0.520754
15790 0.0362732
15791 0.570852
15792 0.772431
15793 0.523657
15794 0.769689
15795 0.766039
15796 0.657922
15797 0.330323
15798 0.845244
15799 0.668524
15800 0.684743
15801 0.512597
15802 0.490268
15803 0.567247
15804 0.747271
15805 0.681833
15806 0.475301
15807 0.48198
15808 0.783061
15809 0.580314
15810 0.755229
15811 0.523809
15812 0.500158
15813 0.751202
15814 0.589883
15815 0.506808
15816 0.711176
15817 0.753852
15818 0.823394
15819 0.877419
15820 0.560873
15821 0.664596
15822 0.540124
15823 0.671939
15824 0.861803
15825 0.695636
15826 0.7417
15827 0.650786
15828 0.394012
15829 0.764763
15830 0.854571
15831 0.55362
15832 0.730326
15833 0.7353
15834 0.771446
15835 0.862652
15836 0.595177
15837 0.775178
15838 0.332495
15839 0.75926
15840 0.817353
15841 0.775409
15842 0.863766
15843 0.69251
15844 0.852611
15845 0.932935
15846 0.43281
15847 0.688066
15848 0.67675
15849 0.840625
15850 0.754848
15851 0.679836
15852 0.724745
15853 0.693755
15854 0.730386
15855 0.744631
15856 0.782265
15857 0.571818
15858 0.677745
15859 0.731754
15860 0.741073
15861 0.55012
15862 0.587141
15863 0.480984
15864 0.753275
15865 0.683581
15866 0.56632
15867 0.78054
15868 0.56455
15869 0.544932
15870 0.560518
15871 0.69187
15872 0.709936
15873 0.959472
15874 0.840563
15875 0.652519
15876 0.770713
15877 0.902272
15878 0.863
15879 0.623159
15880 0.8421
15881 0.850394
15882 0.497125
15883 0.686567
15884 0.521227
15885 0.404457
15886 0.500905
15887 0.799111
15888 0.949271
15889 0.511591
15890 0.520207
15891 0.518841
15892 0.813131
15893 0.850382
15894 0.911064
15895 0.57085
15896 0.83935
15897 0.790278
15898 0.488305
15899 0.771413
15900 0.499007
15901 0.431097
15902 0.918083
15903 0.638002
15904 0.804042
15905 0.772173
15906 0.706448
15907 0.404136
15908 0.755964
15909 0.960399
15910 0.437814
15911 0.732499
15912 0.586197
15913 0.240642
15914 0.806507
15915 0.824877
15916 0.768341
15917 0.418071
15918 0.678086
15919 0.707304
15920 0.46985
15921 0.762181
15922 0.683988
15923 0.668958
15924 0.567076
15925 0.831093
15926 0.662572
15927 0.852885
15928 0.917247
15929 0.491788
15930 0.514474
15931 0.608148
15932 0.602906
15933 0.443772
15934 0.458524
15935 0.630684
15936 0.835404
15937 0.670899
15938 0.677489
15939 0.609244
15940 0.580812
15941 0.839734
15942 0.827473
15943 0.902552
15944 0.784303
15945 0.746858
15946 0.815311
15947 0.682914
15948 0.718022
15949 0.845694
15950 0.755842
15951 0.452102
15952 0.712185
15953 0.524945
15954 0.605093
15955 0.708459
15956 0.504655
15957 0.904187
15958 0.654303
15959 0.425785
15960 0.563134
15961 0.633596
15962 0.540685
15963 0.4395
15964 0.529701
15965 0.705665
15966 0.760634
15967 0.576106
15968 0.580944
15969 0.706912
15970 0.754285
15971 0.447943
15972 0.467155
15973 0.550561
15974 0.631953
15975 0.910598
15976 0.709889
15977 0.828703
15978 0.770395
15979 0.685884
15980 0.625002
15981 0.774836
15982 0.499376
15983 0.51487
15984 0.647079
15985 0.787476
15986 0.542775
15987 0.85706
15988 0.57292
15989 0.450806
15990 0.728025
15991 0.931851
15992 0.721175
15993 0.759291
15994 0.810344
15995 0.762661
15996 0.696097
15997 0.681585
15998 0.699783
15999 0.852871
16000 0.388026
16001 0.510194
16002 0.25535
16003 0.324503
16004 0.281073
16005 0.690265
16006 0.778337
16007 0.534264
16008 0.584293
16009 0.69229
16010 0.535185
16011 0.518177
16012 0.76748
16013 0.536827
16014 0.767682
16015 0.747369
16016 0.833915
16017 0.302142
16018 0.52617
16019 0.710332
16020 0.639106
16021 0.708129
16022 0.513954
16023 0.761215
16024 0.773895
16025 0.827834
16026 0.801611
16027 0.960272
16028 0.672634
16029 0.855172
16030 0.888853
16031 0.869859
16032 0.576521
16033 0.800758
16034 0.862672
16035 0.706076
16036 0.629268
16037 0.491766
16038 0.833777
16039 0.391823
16040 0.55531
16041 0.638009
16042 0.724199
16043 0.772384
16044 0.537712
16045 0.641165
16046 0.71267
16047 0.93973
16048 0.878087
16049 0.489331
16050 0.41711
16051 0.750296
16052 0.625987
16053 0.641767
16054 0.748917
16055 0.899595
16056 0.829809
16057 0.678128
16058 0.649258
16059 0.613117
16060 0.396298
16061 0.781467
16062 0.741486
16063 0.787424
16064 0.917889
16065 0.583294
16066 0.761675
16067 0.909757
16068 0.8656
16069 0.551532
16070 0.59361
16071 0.813603
16072 0.858787
16073 0.711361
16074 0.749531
16075 0.714377
16076 0.904506
16077 0.703004
16078 0.752342
16079 0.381109
16080 0.80448
16081 0.839237
16082 0.718516
16083 0.836784
16084 0.656291
16085 0.591303
16086 0.718046
16087 0.651583
16088 0.534082
16089 0.885631
16090 0.483198
16091 0.607593
16092 0.555306
16093 0.624066
16094 0.574002
16095 0.378782
16096 0.903627
16097 0.582419
16098 0.588724
16099 0.744087
16100 0.335591
16101 0.756523
16102 0.910296
16103 0.603765
16104 0.698232
16105 0.555469
16106 0.608368
16107 0.537446
16108 0.753063
16109 0.776881
16110 0.857592
16111 0.541137
16112 0.594465
16113 0.753703
16114 0.281556
16115 0.867999
16116 0.764725
16117 0.753956
16118 0.613656
16119 0.763378
16120 0.806753
16121 0.867385
16122 0.876559
16123 0.774096
16124 0.834975
16125 0.748611
16126 0.812465
16127 0.494088
16128 0.959761
16129 0.840468
16130 0.616483
16131 0.633988
16132 0.643193
16133 0.754442
16134 0.784461
16135 0.532112
16136 0.620568
16137 0.695399
16138 0.779682
16139 0.343118
16140 0.700281
16141 0.659629
16142 0.640524
16143 0.748499
16144 0.321692
16145 0.661243
16146 0.50573
16147 0.502992
16148 0.390471
16149 0.83437
16150 0.48061
16151 0.659521
16152 0.731659
16153 0.663046
16154 0.701082
16155 0.670261
16156 0.843202
16157 0.821196
16158 0.901046
16159 0.659573
16160 0.927013
16161 0.749712
16162 0.858188
16163 0.743897
16164 0.649596
16165 0.424835
16166 0.531605
16167 0.649726
16168 0.640398
16169 0.683064
16170 0.532977
16171 0.454428
16172 0.578926
16173 0.684969
16174 0.573837
16175 0.565436
16176 0.676814
16177 0.589361
16178 0.700915
16179 0.606564
16180 0.788919
16181 0.79057
16182 0.29141
16183 0.844276
16184 0.755664
16185 0.604024
16186 0.806037
16187 0.605651
16188 0.734545
16189 0.483322
16190 0.699536
16191 0.721589
16192 0.809082
16193 0.886604
16194 0.537788
16195 0.566043
16196 0.520068
16197 0.511838
16198 0.531126
16199 0.54047
16200 0.825136
16201 0.300473
16202 0.677162
16203 0.769608
16204 0.669305
16205 0.696247
16206 0.670684
16207 0.725409
16208 0.588408
16209 0.578739
16210 0.741846
16211 0.706007
16212 0.663952
16213 0.165999
16214 0.310281
16215 0.334894
16216 0.591514
16217 0.67324
16218 0.438015
16219 0.584211
16220 0.62042
16221 0.825645
16222 0.559077
16223 0.712582
16224 0.636692
16225 0.772449
16226 0.322236
16227 0.608351
16228 0.566846
16229 0.484062
16230 0.529484
16231 0.796271
16232 0.758051
16233 0.720548
16234 0.618914
16235 0.594804
16236 0.827665
16237 0.57656
16238 0.683646
16239 0.475017
16240 0.56855
16241 0.561384
16242 0.676389
16243 0.766802
16244 0.85985
16245 0.861004
16246 0.662894
16247 0.704604
16248 0.684804
16249 0.619934
16250 0.782923
16251 0.735687
16252 0.829282
16253 0.840555
16254 0.618227
16255 0.819828
16256 0.531421
16257 0.978843
16258 0.583106
16259 0.681641
16260 0.446444
16261 0.710585
16262 0.75741
16263 0.709654
16264 0.69375
16265 0.929776
16266 0.864905
16267 0.618334
16268 0.56017
16269 0.661573
16270 0.746211
16271 0.64461
16272 0.822714
16273 0.79194
16274 0.754551
16275 0.584396
16276 0.451255
16277 0.532478
16278 0.514576
16279 0.674251
16280 0.748077
16281 0.776715
16282 0.749202
16283 0.640947
16284 0.674621
16285 0.656809
16286 0.50167
16287 0.692954
16288 0.628228
16289 0.447494
16290 0.657239
16291 0.430684
16292 0.684339
16293 0.619127
16294 0.691744
16295 0.790948
16296 0.709443
16297 0.484084
16298 0.668579
16299 0.776146
16300 0.934495
16301 0.679503
16302 0.638029
16303 0.832548
16304 0.688532
16305 0.698978
16306 0.590528
16307 0.363425
16308 0.358069
16309 0.919623
16310 0.949856
16311 0.750047
16312 0.77976
16313 0.871039
16314 0.616478
16315 0.288192
16316 0.477681
16317 0.359308
16318 0.778496
16319 0.619316
16320 0.503876
16321 0.574569
16322 0.807084
16323 0.564094
16324 0.598937
16325 0.534078
16326 0.396724
16327 0.574486
16328 0.557421
16329 0.55366
16330 0.612275
16331 0.586262
16332 0.65676
16333 0.398044
16334 0.715402
16335 0.640764
16336 0.643108
16337 0.776767
16338 0.602573
16339 0.770965
16340 0.620871
16341 0.642872
16342 0.649274
16343 0.545372
16344 0.733755
16345 0.650077
16346 0.854181
16347 0.694334
16348 0.693569
16349 0.556837
16350 0.792853
16351 0.407474
16352 0.703755
16353 0.718844
16354 0.807498
16355 0.501631
16356 0.686163
16357 0.526522
16358 0.959034
16359 0.662888
16360 0.611899
16361 0.804942
16362 0.515223
16363 0.714867
16364 0.717496
16365 0.796214
16366 0.587905
16367 0.70347
16368 0.689274
16369 0.80496
16370 0.425404
16371 0.782131
16372 0.800987
16373 0.632717
16374 0.675556
16375 0.638471
16376 0.356025
16377 0.125051
16378 0.739417
16379 0.81281
16380 0.611054
16381 0.69842
16382 0.679187
16383 0.879306
16384 0.723548
16385 0.772367
16386 0.58897
16387 0.897082
16388 0.600993
16389 0.430588
16390 0.833398
16391 0.671046
16392 0.345471
16393 0.418663
16394 0.40929
16395 0.313923
16396 0.861961
16397 0.671814
16398 0.429457
16399 0.807486
16400 0.641073
16401 0.774554
16402 0.570434
16403 0.638793
16404 0.602846
16405 0.562228
16406 0.67283
16407 0.398506
16408 0.840929
16409 0.764447
16410 0.788487
16411 0.861158
16412 0.854018
16413 0.682639
16414 0.741397
16415 0.620053
16416 0.831298
16417 0.673993
16418 0.813115
16419 0.447075
16420 0.684799
16421 0.351733
16422 0.63633
16423 0.381952
16424 0.783532
16425 0.678429
16426 0.740859
16427 0.544913
16428 0.659371
16429 0.705825
16430 0.58629
16431 0.221209
16432 0.592515
16433 0.568745
16434 0.709516
16435 0.950496
16436 0.88421
16437 0.519708
16438 0.570124
16439 0.601527
16440 0.918515
16441 0.63635
16442 0.896982
16443 0.58689
16444 0.690035
16445 0.657823
16446 0.836901
16447 0.770742
16448 0.87931
16449 0.609232
16450 0.792523
16451 0.748786
16452 0.716345
16453 0.761644
16454 0.721275
16455 0.892348
16456 0.698198
16457 0.553744
16458 0.791688
16459 0.729847
16460 0.47115
16461 0.64668
16462 0.843567
16463 0.502176
16464 0.46574
16465 0.681776
16466 0.87815
16467 0.932142
16468 0.175454
16469 0.715329
16470 0.594381
16471 0.561439
16472 0.786692
16473 0.710404
16474 0.469078
16475 0.771887
16476 0.378854
16477 0.818457
16478 0.792266
16479 0.598991
16480 0.483828
16481 0.817234
16482 0.659131
16483 0.661329
16484 0.806428
16485 0.545181
16486 0.951688
16487 0.935375
16488 0.862062
16489 0.775632
16490 0.590749
16491 0.75348
16492 0.227038
16493 0.725846
16494 0.655083
16495 0.825866
16496 0.68915
16497 0.668988
16498 0.742032
16499 0.533262
16500 0.556667
16501 0.569241
16502 0.772621
16503 0.701556
16504 0.611155
16505 0.690033
16506 0.531822
16507 0.626758
16508 0.82136
16509 0.737464
16510 0.680085
16511 0.691586
16512 0.687559
16513 0.503878
16514 0.757988
16515 0.539329
16516 0.857075
16517 0.891944
16518 0.820193
16519 0.778074
16520 0.780236
16521 0.755269
16522 0.664166
16523 0.585224
16524 0.442421
16525 0.856624
16526 0.71454
16527 0.379654
16528 0.729046
16529 0.845032
16530 0.79421
16531 0.827674
16532 0.580994
16533 0.820364
16534 0.657837
16535 0.809399
16536 0.705524
16537 0.748983
16538 0.584462
16539 0.500143
16540 0.694548
16541 0.764569
16542 0.682327
16543 0.625773
16544 0.714609
16545 0.656362
16546 0.731301
16547 0.375142
16548 0.604976
16549 0.658228
16550 0.563651
16551 0.664065
16552 0.542931
16553 0.756093
16554 0.588733
16555 0.732238
16556 0.878559
16557 0.647082
16558 0.687764
16559 0.673185
16560 0.808137
16561 0.815916
16562 0.636926
16563 0.447227
16564 0.718945
16565 0.662751
16566 0.677878
16567 0.813378
16568 0.617719
16569 0.841722
16570 0.744991
16571 0.724866
16572 0.667445
16573 0.735183
16574 0.787636
16575 0.657659
16576 0.654502
16577 0.732128
16578 0.70044
16579 0.459056
16580 0.573364
16581 0.907941
16582 0.687565
16583 0.794712
16584 0.583731
16585 0.694995
16586 0.823895
16587 0.837992
16588 0.783122
16589 0.579995
16590 0.741706
16591 0.627416
16592 0.491398
16593 0.522868
16594 0.631177
16595 0.725525
16596 0.70539
16597 0.684719
16598 0.743279
16599 0.716641
16600 0.692382
16601 0.629269
16602 0.398115
16603 0.836946
16604 0.688072
16605 0.388187
16606 0.696048
16607 0.768642
16608 0.842417
16609 0.746251
16610 0.870495
16611 0.608256
16612 0.515393
16613 0.502506
16614 0.726529
16615 0.847293
16616 0.646415
16617 0.776577
16618 0.731916
16619 0.656731
16620 0.655783
16621 0.818069
16622 0.936647
16623 0.738581
16624 0.897395
16625 0.92866
16626 0.576015
16627 0.596036
16628 0.609839
16629 0.672157
16630 0.67865
16631 0.650222
16632 0.700138
16633 0.739266
16634 0.704368
16635 0.730694
16636 0.754681
16637 0.625566
16638 0.263221
16639 0.852766
16640 0.706721
16641 0.607531
16642 0.335335
16643 0.604022
16644 0.748629
16645 0.603373
16646 0.802653
16647 0.637863
16648 0.748744
16649 0.767384
16650 0.655699
16651 0.691495
16652 0.762148
16653 0.736633
16654 0.718271
16655 0.929981
16656 0.766462
16657 0.750612
16658 0.641862
16659 0.625602
16660 0.769093
16661 0.812929
16662 0.676526
16663 0.80752
16664 0.319773
16665 0.827267
16666 0.77404
16667 0.443745
16668 0.809609
16669 0.683129
16670 0.714566
16671 0.5589
16672 0.452178
16673 0.662015
16674 0.619568
16675 0.723895
16676 0.699057
16677 0.667972
16678 0.787566
16679 0.760577
16680 0.858028
16681 0.805814
16682 0.784351
16683 0.670267
16684 0.701858
16685 0.773011
16686 0.671954
16687 0.906896
16688 0.692747
16689 0.642346
16690 0.636424
16691 0.422542
16692 0.656679
16693 0.774309
16694 0.855478
16695 0.789776
16696 0.742687
16697 0.603022
16698 0.840444
16699 0.69925
16700 0.694621
16701 0.379723
16702 0.302131
16703 0.65776
16704 0.803244
16705 0.71634
16706 0.544308
16707 0.708255
16708 0.874053
16709 0.808939
16710 0.726542
16711 0.898985
16712 0.712354
16713 0.791843
16714 0.820399
16715 0.495697
16716 0.585863
16717 0.584226
16718 0.919412
16719 0.833875
16720 0.729555
16721 0.515554
16722 0.717162
16723 0.55633
16724 0.633137
16725 0.421222
16726 0.668865
16727 0.231383
16728 0.600754
16729 0.621604
16730 0.618218
16731 0.82658
16732 0.736961
16733 0.509552
16734 0.747591
16735 0.564775
16736 0.712858
16737 0.702451
16738 0.353509
16739 0.580388
16740 0.915545
16741 0.430294
16742 0.534383
16743 0.709573
16744 0.754118
16745 0.479894
16746 0.818177
16747 0.440269
16748 0.514743
16749 0.851758
16750 0.740125
16751 0.642967
16752 0.827177
16753 0.695893
16754 0.756369
16755 0.673948
16756 0.718748
16757 0.754601
16758 0.453298
16759 0.603875
16760 0.726812
16761 0.497146
16762 0.666382
16763 0.523095
16764 0.596521
16765 0.767892
16766 0.812187
16767 0.602302
16768 0.643255
16769 0.612849
16770 0.716554
16771 0.575472
16772 0.747542
16773 0.680658
16774 0.73187
16775 0.632021
16776 0.723804
16777 0.691188
16778 0.399449
16779 0.660101
16780 0.637122
16781 0.744257
16782 0.696289
16783 0.454252
16784 0.796936
16785 0.580096
16786 0.742794
16787 0.814233
16788 0.77212
16789 0.759137
16790 0.594675
16791 0.670145
16792 0.877314
16793 0.587114
16794 0.648814
16795 0.642286
16796 0.572794
16797 0.822646
16798 0.569537
16799 0.752476
16800 0.727057
16801 0.655366
16802 0.453555
16803 0.675736
16804 0.640993
16805 0.590815
16806 0.689672
16807 0.533234
16808 0.516556
16809 0.418771
16810 0.738943
16811 0.665964
16812 0.72462
16813 0.68436
16814 0.712312
16815 0.755787
16816 0.748071
16817 0.717104
16818 0.641328
16819 0.704825
16820 0.804166
16821 0.895086
16822 0.65412
16823 0.758765
16824 0.626575
16825 0.782046
16826 0.72846
16827 0.667795
16828 0.805748
16829 0.807812
16830 0.831696
16831 0.68206
16832 0.589801
16833 0.712776
16834 0.735846
16835 0.769028
16836 0.726561
16837 0.730747
16838 0.817776
16839 0.753959
16840 0.364789
16841 0.783375
16842 0.797575
16843 0.874829
16844 0.753136
16845 0.547103
16846 0.589412
16847 0.513608
16848 0.767141
16849 0.756802
16850 0.66884
16851 0.815245
16852 0.486634
16853 0.80416
16854 0.758913
16855 0.742234
16856 0.735445
16857 0.655026
16858 0.735392
16859 0.81058
16860 0.740123
16861 0.468455
16862 0.516973
16863 0.472584
16864 0.754217
16865 0.376303
16866 0.700611
16867 0.602048
16868 0.673256
16869 0.626696
16870 0.76364
16871 0.665805
16872 0.707151
16873 0.674187
16874 0.446864
16875 0.78464
16876 0.742745
16877 0.759733
16878 0.57648
16879 0.591699
16880 0.619158
16881 0.568663
16882 0.560396
16883 0.66973
16884 0.772954
16885 0.615445
16886 0.831149
16887 0.811525
16888 0.661087
16889 0.671134
16890 0.575905
16891 0.142064
16892 0.311065
16893 0.744063
16894 0.621572
16895 0.780208
16896 0.878911
16897 0.63216
16898 0.725662
16899 0.718648
16900 0.611737
16901 0.683513
16902 0.62199
16903 0.767201
16904 0.617827
16905 0.549453
16906 0.783434
16907 0.676398
16908 0.555109
16909 0.910989
16910 0.464996
16911 0.529391
16912 0.804661
16913 0.832209
16914 0.986638
16915 0.540535
16916 0.668663
16917 0.633537
16918 0.72289
16919 0.800347
16920 0.815591
16921 0.880982
16922 0.640497
16923 0.619584
16924 0.680922
16925 0.85437
16926 0.643941
16927 0.572926
16928 0.836764
16929 0.726798
16930 0.6941
16931 0.809108
16932 0.663227
16933 0.761871
16934 0.650274
16935 0.550135
16936 0.490157
16937 0.723952
16938 0.584782
16939 0.91531
16940 0.889358
16941 0.737369
16942 0.752693
16943 0.674087
16944 0.79415
16945 0.728787
16946 0.516515
16947 0.768287
16948 0.690585
16949 0.474791
16950 0.706719
16951 0.707913
16952 0.747774
16953 0.70152
16954 0.630722
16955 0.680201
16956 0.814003
16957 0.343101
16958 0.475878
16959 0.682963
16960 0.552935
16961 0.749948
16962 0.716197
16963 0.842494
16964 0.666414
16965 0.738927
16966 0.526696
16967 0.642412
16968 0.737482
16969 0.812498
16970 0.866961
16971 0.575153
16972 0.692362
16973 0.832051
16974 0.816308
16975 0.555054
16976 0.710205
16977 0.827442
16978 0.679468
16979 0.649683
16980 0.691656
16981 0.838895
16982 0.904838
16983 0.485423
16984 0.479556
16985 0.760744
16986 0.773131
16987 0.704558
16988 0.690325
16989 0.83966
16990 0.456573
16991 0.647379
16992 0.72184
16993 0.440202
16994 0.616594
16995 0.902033
16996 0.791342
16997 0.868137
16998 0.493994
16999 0.886808
17000 0.610067
17001 0.765159
17002 0.826606
17003 0.76929
17004 0.638861
17005 0.840952
17006 0.856836
17007 0.71618
17008 0.692194
17009 0.522909
17010 0.656953
17011 0.817994
17012 0.70183
17013 0.608159
17014 0.872793
17015 0.485059
17016 0.751748
17017 0.810311
17018 0.763299
17019 0.454875
17020 0.523731
17021 0.664138
17022 0.678713
17023 0.772565
17024 0.709314
17025 0.74533
17026 0.874473
17027 0.730901
17028 0.76391
17029 0.643073
17030 0.774567
17031 0.720633
17032 0.862989
17033 0.927658
17034 0.939838
17035 0.712266
17036 0.616952
17037 0.740999
17038 0.701996
17039 0.634404
17040 0.807924
17041 0.857906
17042 0.672525
17043 0.641866
17044 0.395245
17045 0.884733
17046 0.764934
17047 0.829346
17048 0.773316
17049 0.567945
17050 0.729161
17051 0.89127
17052 0.70835
17053 0.764194
17054 0.696477
17055 0.651362
17056 0.699348
17057 0.535729
17058 0.623646
17059 0.902292
17060 0.404277
17061 0.52304
17062 0.530973
17063 0.679837
17064 0.693016
17065 0.651558
17066 0.808736
17067 0.690994
17068 0.73161
17069 0.611939
17070 0.796685
17071 0.623916
17072 0.801745
17073 0.697541
17074 0.734624
17075 0.958237
17076 0.709893
17077 0.731187
17078 0.715666
17079 0.718275
17080 0.724283
17081 0.554288
17082 0.710509
17083 0.730405
17084 0.798129
17085 0.801532
17086 0.761816
17087 0.615212
17088 0.822119
17089 0.790028
17090 0.667417
17091 0.744515
17092 0.765164
17093 0.833633
17094 0.691029
17095 0.597091
17096 0.307686
17097 0.515676
17098 0.654179
17099 0.395889
17100 0.753191
17101 0.606935
17102 0.623998
17103 0.432657
17104 0.839451
17105 0.650458
17106 0.710374
17107 0.786577
17108 0.508386
17109 0.89169
17110 0.729265
17111 0.683633
17112 0.616731
17113 0.884466
17114 0.971018
17115 0.570735
17116 0.778363
17117 0.874915
17118 0.695451
17119 0.730234
17120 0.765235
17121 0.838659
17122 0.78738
17123 0.702111
17124 0.605761
17125 0.797396
17126 0.834307
17127 0.777322
17128 0.633711
17129 0.848425
17130 0.610697
17131 0.471836
17132 0.942731
17133 0.64254
17134 0.499713
17135 0.562654
17136 0.53883
17137 0.763453
17138 0.699904
17139 0.66996
17140 0.63324
17141 0.781071
17142 0.744421
17143 0.777513
17144 0.782842
17145 0.417316
17146 0.679588
17147 0.731074
17148 0.816554
17149 0.529079
17150 0.758803
17151 0.899992
17152 0.75177
17153 0.361694
17154 0.614972
17155 0.796571
17156 0.74496
17157 0.930736
17158 0.73226
17159 0.695751
17160 0.817003
17161 0.717946
17162 0.878921
17163 0.461102
17164 0.407691
17165 0.630658
17166 0.80328
17167 0.44732
17168 0.281764
17169 0.433706
17170 0.688901
17171 0.265875
17172 0.777052
17173 0.370353
17174 0.512811
17175 0.963317
17176 0.573893
17177 0.829712
17178 0.158376
17179 0.690799
17180 0.584758
17181 0.294929
17182 0.422762
17183 0.942253
17184 0.299306
17185 0.549014
17186 0.700443
17187 0.795786
17188 0.586842
17189 0.446184
17190 0.452569
17191 0.747433
17192 0.793593
17193 0.645478
17194 0.785111
17195 0.574979
17196 0.862276
17197 0.575568
17198 0.514591
17199 0.675295
17200 0.646726
17201 0.855772
17202 0.836854
17203 0.683779
17204 0.82556
17205 0.804392
17206 0.79731
17207 0.660737
17208 0.633902
17209 0.50743
17210 0.442052
17211 0.850849
17212 0.733681
17213 0.501008
17214 0.898384
17215 0.608911
17216 0.616823
17217 0.307091
17218 0.585526
17219 0.562308
17220 0.655
17221 0.675769
17222 0.548219
17223 0.860874
17224 0.357619
17225 0.527004
17226 0.584373
17227 0.501221
17228 0.662108
17229 0.479088
17230 0.456381
17231 0.548339
17232 0.692547
17233 0.835043
17234 0.869684
17235 0.729886
17236 0.409178
17237 0.587137
17238 0.699394
17239 0.692479
17240 0.867607
17241 0.577448
17242 0.484695
17243 0.728743
17244 0.369911
17245 0.409974
17246 0.306323
17247 0.471762
17248 0.293475
17249 0.651471
17250 0.451957
17251 0.737288
17252 0.277766
17253 0.57903
17254 0.565169
17255 0.344717
17256 0.26968
17257 0.489998
17258 0.75165
17259 0.331253
17260 0.662215
17261 0.45704
17262 0.486722
17263 0.650881
17264 0.582979
17265 0.722722
17266 0.73925
17267 0.397005
17268 0.467511
17269 0.519984
17270 0.675425
17271 0.515076
17272 0.349251
17273 0.812579
17274 0.537457
17275 0.519794
17276 0.810813
17277 0.355717
17278 0.508799
17279 0.618625
17280 0.341677
17281 0.420209
17282 0.655079
17283 0.625669
17284 0.75064
17285 0.324265
17286 0.677548
17287 0.825442
17288 0.586922
17289 0.770462
17290 0.759362
17291 0.829412
17292 0.985139
17293 0.798161
17294 0.692207
17295 0.635578
17296 0.402794
17297 0.491425
17298 0.57395
17299 0.537977
17300 0.791626
17301 0.304096
17302 0.548329
17303 0.719985
17304 0.896073
17305 0.712421
17306 0.633494
17307 0.449808
17308 0.613521
17309 0.498445
17310 0.393324
17311 0.520793
17312 0.64637
17313 0.416928
17314 0.534748
17315 0.553584
17316 0.366551
17317 0.995893
17318 0.727475
17319 0.632964
17320 0.640254
17321 0.708957
17322 0.624119
17323 0.742275
17324 0.634818
17325 0.704334
17326 0.704066
17327 0.594244
17328 0.781922
17329 0.627702
17330 0.814123
17331 0.673681
17332 0.618173
17333 0.693243
17334 0.658033
17335 0.526411
17336 0.629677
17337 0.546885
17338 0.589538
17339 0.447141
17340 0.781143
17341 0.705511
17342 0.666045
17343 0.0968136
17344 0.438947
17345 0.42345
17346 0.392927
17347 0.491182
17348 0.912493
17349 0.361578
17350 0.59079
17351 0.52829
17352 0.828572
17353 0.769483
17354 0.480875
17355 0.583408
17356 0.776639
17357 0.520944
17358 0.442629
17359 0.575441
17360 0.660603
17361 0.666825
17362 0.603868
17363 0.373249
17364 0.420875
17365 0.744428
17366 0.853953
17367 0.456077
17368 0.553697
17369 0.909694
17370 0.367206
17371 0.527972
17372 0.648875
17373 0.314314
17374 0.671685
17375 0.734726
17376 0.861038
17377 0.422782
17378 0.650227
17379 0.792212
17380 0.787541
17381 0.610681
17382 0.262958
17383 0.613265
17384 0.561163
17385 0.624557
17386 0.56353
17387 0.506951
17388 0.843407
17389 0.809553
17390 0.74819
17391 0.571294
17392 0.593965
17393 0.548017
17394 0.589185
17395 0.365059
17396 0.253615
17397 0.542046
17398 0.692998
17399 0.505226
17400 0.504521
17401 0.722766
17402 0.589183
17403 0.614304
17404 0.401282
17405 0.747538
17406 0.74203
17407 0.779714
17408 0.358129
17409 0.586247
17410 0.302253
17411 0.413055
17412 0.43873
17413 0.621248
17414 0.77721
17415 0.343891
17416 0.536659
17417 0.741538
17418 0.381927
17419 0.582665
17420 0.501394
17421 0.637968
17422 0.607761
17423 0.559217
17424 0.629144
17425 0.50741
17426 0.54054
17427 0.657736
17428 0.694919
17429 0.872186
17430 0.6419
17431 0.293806
17432 0.690324
17433 0.40933
17434 0.660072
17435 0.620935
17436 0.795809
17437 0.458846
17438 0.58263
17439 0.567987
17440 0.61327
17441 0.655753
17442 0.747934
17443 0.760242
17444 0.588838
17445 0.602593
17446 0.689695
17447 0.35444
17448 0.478927
17449 0.403984
17450 0.589186
17451 0.333183
17452 0.53252
17453 0.795911
17454 0.454382
17455 0.233388
17456 0.657742
17457 0.437515
17458 0.454406
17459 0.439018
17460 0.740906
17461 0.610955
17462 0.637922
17463 0.638432
17464 0.87783
17465 0.605483
17466 0.681828
17467 0.622189
17468 0.637796
17469 0.519138
17470 0.471259
17471 0.827344
17472 0.673139
17473 0.299934
17474 0.521661
17475 0.476633
17476 0.606278
17477 0.583249
17478 0.90835
17479 0.340026
17480 0.324218
17481 0.377214
17482 0.752269
17483 0.713746
17484 0.316153
17485 0.402775
17486 0.179041
17487 0.202806
17488 0.719565
17489 0.680224
17490 0.272541
17491 0.446269
17492 0.805582
17493 0.685181
17494 0.595494
17495 0.467818
17496 0.414638
17497 0.645252
17498 0.640447
17499 0.812568
17500 0.669785
17501 0.612921
17502 0.588063
17503 0.467891
17504 0.404432
17505 0.698719
17506 0.545186
17507 0.482062
17508 0.412335
17509 0.744234
17510 0.294087
17511 0.346195
17512 0.457341
17513 0.531222
17514 0.695706
17515 0.951603
17516 0.588449
17517 0.658765
17518 0.654586
17519 0.6567
17520 0.881256
17521 0.543316
17522 0.719996
17523 0.878869
17524 0.569805
17525 0.717522
17526 0.783754
17527 0.821426
17528 0.772384
17529 0.478132
17530 0.263846
17531 0.705688
17532 0.441342
17533 0.479509
17534 0.72019
17535 0.731732
17536 0.792226
17537 0.488286
17538 0.828981
17539 0.718338
17540 0.77099
17541 0.702953
17542 0.510677
17543 0.535767
17544 0.846616
17545 0.60911
17546 0.714196
17547 0.613981
17548 0.758056
17549 0.499308
17550 0.466911
17551 0.664962
17552 0.892787
17553 0.573104
17554 0.543776
17555 0.870409
17556 0.570753
17557 0.654734
17558 0.748105
17559 0.510356
17560 0.793659
17561 0.802849
17562 0.378756
17563 0.440151
17564 0.74034
17565 0.58429
17566 0.786131
17567 0.707122
17568 0.786877
17569 0.371622
17570 0.753998
17571 0.553234
17572 0.371984
17573 0.364231
17574 0.919025
17575 0.775404
17576 0.856508
17577 0.840275
17578 0.733677
17579 0.559039
17580 0.387702
17581 0.596087
17582 0.609335
17583 0.5214
17584 0.650112
17585 0.569969
17586 0.824767
17587 0.592505
17588 0.613849
17589 0.84613
17590 0.669563
17591 0.184838
17592 0.660241
17593 0.35581
17594 0.724752
17595 0.465384
17596 0.4885
17597 0.423702
17598 0.546228
17599 0.533965
17600 0.238114
17601 0.605709
17602 0.58881
17603 0.578915
17604 0.316688
17605 0.647991
17606 0.878458
17607 0.699963
17608 0.973234
17609 0.908336
17610 0.290297
17611 0.235171
17612 0.63894
17613 0.329109
17614 0.640956
17615 0.640656
17616 0.587728
17617 0.496561
17618 0.893328
17619 0.806852
17620 0.361038
17621 0.796799
17622 0.323289
17623 0.523717
17624 0.804822
17625 0.614376
17626 0.456736
17627 0.757212
17628 0.553813
17629 0.789625
17630 0.58571
17631 0.815511
17632 0.653041
17633 0.573876
17634 0.676621
17635 0.648926
17636 0.527138
17637 0.978183
17638 0.756171
17639 0.854851
17640 0.824198
17641 0.889133
17642 0.825024
17643 0.883798
17644 0.969479
17645 0.416312
17646 0.729119
17647 0.646531
17648 0.744714
17649 0.842464
17650 0.638923
17651 0.796973
17652 0.734518
17653 0.667573
17654 0.959256
17655 0.834233
17656 0.832206
17657 0.816412
17658 0.724353
17659 0.940338
17660 0.938506
17661 0.940144
17662 0.876991
17663 0.654372
17664 0.749825
17665 0.919148
17666 0.716889
17667 0.711968
17668 0.624858
17669 0.904009
17670 0.702805
17671 0.74072
17672 0.797774
17673 0.469029
17674 0.757565
17675 0.809952
17676 0.86912
17677 0.87461
17678 0.67678
17679 0.69428
17680 0.719943
17681 0.898692
17682 0.772072
17683 0.690655
17684 0.707934
17685 0.862925
17686 0.913409
17687 0.842624
17688 0.790754
17689 0.931907
17690 0.773642
17691 0.889302
17692 0.875431
17693 0.658375
17694 0.961624
17695 0.720659
17696 0.599135
17697 0.776015
17698 0.629064
17699 0.730735
17700 0.89352
17701 0.686952
17702 0.695025
17703 0.730498
17704 0.668424
17705 0.716434
17706 0.82166
17707 0.850832
17708 0.78117
17709 0.783303
17710 0.74558
17711 0.833851
17712 0.849461
17713 0.727181
17714 0.832509
17715 0.972404
17716 0.979114
17717 0.781911
17718 0.755469
17719 0.846342
17720 0.798466
17721 0.833498
17722 0.640645
17723 0.764128
17724 0.834349
17725 0.643069
17726 0.659166
17727 0.753653
17728 0.944196
17729 0.828471
17730 0.792252
17731 0.924039
17732 0.7426
17733 0.899741
17734 0.831714
17735 0.756034
17736 0.939149
17737 0.91052
17738 0.675005
17739 0.691585
17740 0.818672
17741 0.809367
17742 0.844919
17743 0.719692
17744 0.788172
17745 0.786564
17746 0.776221
17747 0.809265
17748 0.608376
17749 0.790644
17750 0.945113
17751 0.696973
17752 0.855323
17753 0.805144
17754 0.783087
17755 0.863534
17756 0.82557
17757 0.572887
17758 0.870882
17759 0.595649
17760 0.889233
17761 0.742493
17762 0.668904
17763 0.807624
17764 0.727916
17765 0.798243
17766 0.852268
17767 0.65646
17768 0.822824
17769 0.738053
17770 0.802506
17771 0.798124
17772 0.812651
17773 0.86876
17774 0.74025
17775 0.868592
17776 0.896285
17777 0.808142
17778 0.600202
17779 0.729412
17780 0.693485
17781 0.755937
17782 0.605178
17783 0.875183
17784 0.835526
17785 0.775683
17786 0.719558
17787 0.810015
17788 0.716607
17789 0.788351
17790 0.957231
17791 0.862234
17792 0.876353
17793 0.880665
17794 0.530301
17795 0.418236
17796 0.33824
17797 0.266948
17798 0.41388
17799 0.692337
17800 0.311737
17801 0.565002
17802 0.284003
17803 0.534761
17804 0.442832
17805 0.71489
17806 0.229168
17807 0.589635
17808 0.422211
17809 0.692171
17810 0.519037
17811 0.531143
17812 0.711799
17813 0.824813
17814 0.904387
17815 0.434882
17816 0.443573
17817 0.149802
17818 0.719908
17819 0.672836
17820 0.658613
17821 0.462563
17822 0.558463
17823 0.552589
17824 0.610823
17825 0.36644
17826 0.760293
17827 0.372482
17828 0.724111
17829 0.223023
17830 0.556399
17831 0.505823
17832 0.725474
17833 0.872925
17834 0.381138
17835 0.661675
17836 0.741072
17837 0.247141
17838 0.442227
17839 0.119022
17840 0.720852
17841 0.322953
17842 0.407291
17843 0.567374
17844 0.12993
17845 0.52213
17846 0.450067
17847 0.681669
17848 0.552498
17849 0.643413
17850 0.562072
17851 0.213483
17852 0.426428
17853 0.457163
17854 0.102496
17855 0.816678
17856 0.306973
17857 0.128026
17858 0.776526
17859 0.61353
17860 0.438366
17861 0.300223
17862 0.775586
17863 0.389206
17864 0.883438
17865 0.602512
17866 0.751988
17867 0.911593
17868 0.825392
17869 0.800893
17870 0.562615
17871 0.511594
17872 0.483515
17873 0.850503
17874 0.457545
17875 0.69766
17876 0.616462
17877 0.537947
17878 0.757366
17879 0.409886
17880 0.879641
17881 0.657063
17882 0.653479
17883 0.914601
17884 0.973285
17885 0.59762
17886 0.825501
17887 0.632225
17888 0.701273
17889 0.812993
17890 0.663674
17891 0.67457
17892 0.749359
17893 0.691387
17894 0.792291
17895 0.65465
17896 0.686232
17897 0.812424
17898 0.695346
17899 0.59663
17900 0.282008
17901 0.0195313
17902 0.739191
17903 0.851285
17904 0.434948
17905 0.584812
17906 0.689802
17907 0.641953
17908 0.485371
17909 0.620208
17910 0.179105
17911 0.27612
17912 0.667814
17913 0.607984
17914 0.209728
17915 0.196331
17916 0.170947
17917 0.485525
17918 0.718829
17919 0.598993
17920 0.65514
17921 0.302712
17922 0.345229
17923 0.812344
17924 0.712019
17925 0.794656
17926 0.711424
17927 0.535634
17928 0.73524
17929 0.622914
17930 0.700169
17931 0.636082
17932 0.359837
17933 0.328062
17934 0.871708
17935 0.803756
17936 0.826508
17937 0.621962
17938 0.678135
17939 0.286197
17940 0.641057
17941 0.708175
17942 0.0522315
17943 0.67452
17944 0.479077
17945 0.742794
17946 0.874714
17947 0.311072
17948 0.143656
17949 0.129743
17950 0.281263
17951 0.628728
17952 0.857876
17953 0.920936
17954 0.468326
17955 0.611062
17956 0.750633
17957 0.557642
17958 0.775026
17959 0.959719
17960 0.820332
17961 0.0494755
17962 0.401019
17963 0.765601
17964 0.328563
17965 0.473045
17966 0.544393
17967 0.556377
17968 0.371636
17969 0.438102
17970 0.181857
17971 0.413887
17972 0.399429
17973 0.295182
17974 0.208132
17975 0.283344
17976 0.367348
17977 0.869667
17978 0.845353
17979 0.866192
17980 0.728775
17981 0.489931
17982 0.714618
17983 0.704453
17984 0.5471
17985 0.63969
17986 0.882828
17987 0.888674
17988 0.567905
17989 0.746602
17990 0.622092
17991 0.690919
17992 0.746339
17993 0.428095
17994 0.857255
17995 0.891473
17996 0.634125
17997 0.704208
17998 0.629071
17999 0.524739
18000 0.622069
18001 0.360276
18002 0.788022
18003 0.629211
18004 0.456899
18005 0.69904
18006 0.704892
18007 0.593536
18008 0.893954
18009 0.799885
18010 0.616292
18011 0.431906
18012 0.677687
18013 0.421675
18014 0.485827
18015 0.550199
18016 0.55648
18017 0.392109
18018 0.295058
18019 0.635188
18020 0.517772
18021 0.398938
18022 0.669386
18023 0.524153
18024 0.563263
18025 0.678989
18026 0.439992
18027 0.797573
18028 0.620519
18029 0.6018
18030 0.576536
18031 0.491494
18032 0.633374
18033 0.624582
18034 0.629349
18035 0.79933
18036 0.789775
18037 0.909619
18038 0.51086
18039 0.620034
18040 0.929219
18041 0.671713
18042 0.613587
18043 0.0314635
18044 0.790853
18045 0.559581
18046 0.814846
18047 0.717369
18048 0.822837
18049 0.657752
18050 0.675075
18051 0.570787
18052 0.831732
18053 0.706817
18054 0.835266
18055 0.79186
18056 0.79974
18057 0.712142
18058 0.817379
18059 0.70829
18060 0.687833
18061 0.823603
18062 0.306312
18063 0.151328
18064 0.624356
18065 0.748889
18066 0.132588
18067 0.224181
18068 0.374136
18069 0.132193
18070 0.476662
18071 0.332342
18072 0.796845
18073 0.72846
18074 0.516591
18075 0.687375
18076 0.622936
18077 0.629383
18078 0.653502
18079 0.247555
18080 0.852969
18081 0.240837
18082 0.38628
18083 0.743334
18084 0.631873
18085 0.806767
18086 0.667079
18087 0.874863
18088 0.3357
18089 0.467571
18090 0.560629
18091 0.604881
18092 0.443918
18093 0.561776
18094 0.581877
18095 0.713202
18096 0.728347
18097 0.525182
18098 0.286527
18099 0.652783
18100 0.550722
18101 0.655679
18102 0.353708
18103 0.71438
18104 0.0482062
18105 0.371601
18106 0.620801
18107 0.434394
18108 0.468634
18109 0.721427
18110 0.726898
18111 0.923666
18112 0.761631
18113 0.682812
18114 0.790559
18115 0.504304
18116 0.408699
18117 0.289191
18118 0.602893
18119 0.49331
18120 0.585041
18121 0.257253
18122 0.545691
18123 0.602065
18124 0.503454
18125 0.478179
18126 0.467966
18127 0.502662
18128 0.606897
18129 0.75961
18130 0.463873
18131 0.335307
18132 0.086365
18133 0.686185
18134 0.587036
18135 0.63594
18136 0.577146
18137 0.622711
18138 0.472916
18139 0.613861
18140 0.701449
18141 0.951273
18142 0.583826
18143 0.30466
18144 0.40838
18145 0.522814
18146 0.484393
18147 0.796218
18148 0.58753
18149 0.455681
18150 0.609566
18151 0.614027
18152 0.328301
18153 0.669763
18154 0.798229
18155 0.711541
18156 0.855497
18157 0.603237
18158 0.744816
18159 0.607697
18160 0.561875
18161 0.630415
18162 0.604821
18163 0.668197
18164 0.847161
18165 0.367457
18166 0.637296
18167 0.667921
18168 0.484207
18169 0.566601
18170 0.351064
18171 0.0347856
18172 0.383925
18173 0.321676
18174 0.659984
18175 0.946693
18176 0.807943
18177 0.764084
18178 0.926182
18179 0.768743
18180 0.902206
18181 0.157217
18182 0.154432
18183 0.373827
18184 0.237012
18185 0.414271
18186 0.431987
18187 0.701469
18188 0.916916
18189 0.163803
18190 0.734743
18191 0.183542
18192 0.66355
18193 0.17515
18194 0.62355
18195 0.187651
18196 0.345941
18197 0.268511
18198 0.369843
18199 0.441583
18200 0.496283
18201 0.752591
18202 0.329678
18203 0.902182
18204 0.732265
18205 0.490318
18206 0.305267
18207 0.314753
18208 0.675139
18209 0.593735
18210 0.2865
18211 0.69565
18212 0.576823
18213 0.530303
18214 0.548741
18215 0.656256
18216 0.554247
18217 0.658242
18218 0.750771
18219 0.487655
18220 0.409133
18221 0.441546
18222 0.224356
18223 0.515548
18224 0.424115
18225 0.610753
18226 0.0698461
18227 0.568518
18228 0.773767
18229 0.414799
18230 0.501304
18231 0.558012
18232 0.748092
18233 0.79163
18234 0.670873
18235 0.740004
18236 0.499773
18237 0.382847
18238 0.541415
18239 0.368336
18240 0.369089
18241 0.608344
18242 0.699549
18243 0.705523
18244 0.588144
18245 0.081662
18246 0.959624
18247 0.77228
18248 0.689773
18249 0.829131
18250 0.924911
18251 0.576795
18252 0.710101
18253 0.56241
18254 0.463552
18255 0.57116
18256 0.742154
18257 0.82725
18258 0.789402
18259 0.791932
18260 0.746028
18261 0.710317
18262 0.298861
18263 0.387019
18264 0.303099
18265 0.407172
18266 0.171207
18267 0.728379
18268 0.486334
18269 0.397554
18270 0.590494
18271 0.552888
18272 0.586334
18273 0.539022
18274 0.717116
18275 0.600269
18276 0.693152
18277 0.709879
18278 0.600794
18279 0.407784
18280 0.408334
18281 0.666301
18282 0.726497
18283 0.4466
18284 0.872818
18285 0.46927
18286 0.838267
18287 0.478539
18288 0.841323
18289 0.716095
18290 0.576485
18291 0.733013
18292 0.627745
18293 0.450356
18294 0.798026
18295 0.837787
18296 0.689936
18297 0.667076
18298 0.607855
18299 0.8036
18300 0.774768
18301 0.679845
18302 0.729226
18303 0.663342
18304 0.619005
18305 0.793191
18306 0.450558
18307 0.567412
18308 0.586783
18309 0.713111
18310 0.642357
18311 0.638233
18312 0.463242
18313 0.884868
18314 0.559108
18315 0.612954
18316 0.741229
18317 0.693789
18318 0.910118
18319 0.638634
18320 0.623899
18321 0.758738
18322 0.13628
18323 0.0391748
18324 0.147373
18325 0.495924
18326 0.754859
18327 0.622346
18328 0.859755
18329 0.804735
18330 0.876346
18331 0.86687
18332 0.923753
18333 0.813769
18334 0.681188
18335 0.878352
18336 0.829292
18337 0.640062
18338 0.782198
18339 0.723062
18340 0.780757
18341 0.746563
18342 0.915437
18343 0.935592
18344 0.898141
18345 0.789476
18346 0.728802
18347 0.792617
18348 0.860967
18349 0.769162
18350 0.768045
18351 0.727604
18352 0.850222
18353 0.866347
18354 0.767461
18355 0.865817
18356 0.479229
18357 0.880969
18358 0.924455
18359 0.880113
18360 0.775989
18361 0.90413
18362 0.541227
18363 0.507586
18364 0.651762
18365 0.187256
18366 0.0398248
18367 0.136914
18368 0.380125
18369 0.64855
18370 0.31823
18371 0.669895
18372 0.4737
18373 0.79684
18374 0.614
18375 0.672924
18376 0.834527
18377 0.846296
18378 0.628888
18379 0.823052
18380 0.866229
18381 0.811841
18382 0.652608
18383 0.827392
18384 0.766331
18385 0.885939
18386 0.639382
18387 0.964926
18388 0.78569
18389 0.576758
18390 0.940114
18391 0.0604738
18392 0.457235
18393 0.462643
18394 0.316552
18395 0.49112
18396 0.617572
18397 0.804864
18398 0.393526
18399 0.296874
18400 0.913036
18401 0.860643
18402 0.753444
18403 0.641379
18404 0.838022
18405 0.767185
18406 0.792662
18407 0.606689
18408 0.737038
18409 0.861525
18410 0.624249
18411 0.739638
18412 0.883104
18413 0.770882
18414 0.763426
18415 0.501565
18416 0.578693
18417 0.790647
18418 0.688769
18419 0.716326
18420 0.865258
18421 0.535799
18422 0.733051
18423 0.562145
18424 0.815555
18425 0.605185
18426 0.882064
18427 0.734214
18428 0.71754
18429 0.532411
18430 0.386845
18431 0.563549
18432 0.453171
18433 0.807861
18434 0.646188
18435 0.59452
18436 0.827304
18437 0.439851
18438 0.812991
18439 0.393343
18440 0.430318
18441 0.468696
18442 0.847695
18443 0.509663
18444 0.83717
18445 0.737579
18446 0.671045
18447 0.458059
18448 0.593
18449 0.47153
18450 0.769112
18451 0.836528
18452 0.906159
18453 0.90216
18454 0.741993
18455 0.749076
18456 0.684106
18457 0.81158
18458 0.729794
18459 0.49589
18460 0.674434
18461 0.562468
18462 0.555612
18463 0.517713
18464 0.766701
18465 0.937557
18466 0.555221
18467 0.592956
18468 0.819613
18469 0.894666
18470 0.804196
18471 0.506104
18472 0.65682
18473 0.566826
18474 0.652579
18475 0.644798
18476 0.880672
18477 0.923334
18478 0.707537
18479 0.885983
18480 0.825192
18481 0.771841
18482 0.807109
18483 0.721322
18484 0.412764
18485 0.806327
18486 0.519516
18487 0.56613
18488 0.817369
18489 0.832944
18490 0.880731
18491 0.751477
18492 0.702924
18493 0.803844
18494 0.910166
18495 0.497377
18496 0.826841
18497 0.802618
18498 0.664981
18499 0.583067
18500 0.622591
18501 0.489906
18502 0.458776
18503 0.248961
18504 0.693105
18505 0.857722
18506 0.917522
18507 0.758447
18508 0.925373
18509 0.36399
18510 0.795149
18511 0.771954
18512 0.945738
18513 0.68029
18514 0.813419
18515 0.63817
18516 0.782146
18517 0.894371
18518 0.858219
18519 0.216606
18520 0.432965
18521 0.230829
18522 0.440056
18523 0.263652
18524 0.37115
18525 0.655728
18526 0.48105
18527 0.745007
18528 0.552409
18529 0.801589
18530 0.769753
18531 0.681681
18532 0.815587
18533 0.736939
18534 0.820474
18535 0.796408
18536 0.772599
18537 0.74893
18538 0.825789
18539 0.931511
18540 0.729738
18541 0.70109
18542 0.604535
18543 0.139639
18544 0.841457
18545 0.412549
18546 0.395409
18547 0.448789
18548 0.56196
18549 0.732034
18550 0.908569
18551 0.704177
18552 0.450551
18553 0.834783
18554 0.732883
18555 0.928229
18556 0.857552
18557 0.92058
18558 0.918127
18559 0.805397
18560 0.949128
18561 0.909269
18562 0.962539
18563 0.805297
18564 0.879957
18565 0.720769
18566 0.845925
18567 0.947425
18568 0.734838
18569 0.624184
18570 0.544752
18571 0.90906
18572 0.550095
18573 0.730281
18574 0.513858
18575 0.469411
18576 0.869094
18577 0.526741
18578 0.70099
18579 0.684967
18580 0.752535
18581 0.768272
18582 0.808054
18583 0.621802
18584 0.813166
18585 0.604551
18586 0.764536
18587 0.808657
18588 0.88409
18589 0.602813
18590 0.706313
18591 0.777823
18592 0.626678
18593 0.401928
18594 0.498941
18595 0.515781
18596 0.735069
18597 0.875704
18598 0.812791
18599 0.581553
18600 0.662418
18601 0.800743
18602 0.441083
18603 0.726063
18604 0.515153
18605 0.723495
18606 0.798851
18607 0.450229
18608 0.455189
18609 0.855026
18610 0.632075
18611 0.738664
18612 0.402821
18613 0.654633
18614 0.830678
18615 0.747261
18616 0.513539
18617 0.598977
18618 0.429534
18619 0.749138
18620 0.499193
18621 0.320534
18622 0.298547
18623 0.721376
18624 0.775096
18625 0.902487
18626 0.792241
18627 0.422004
18628 0.738359
18629 0.454539
18630 0.713965
18631 0.919584
18632 0.80302
18633 0.788529
18634 0.807918
18635 0.762839
18636 0.876888
18637 0.797135
18638 0.552875
18639 0.719307
18640 0.797398
18641 0.617586
18642 0.835811
18643 0.755452
18644 0.674
18645 0.758468
18646 0.810118
18647 0.546755
18648 0.512873
18649 0.836078
18650 0.916812
18651 0.868736
18652 0.54174
18653 0.903371
18654 0.965921
18655 0.622009
18656 0.585423
18657 0.762498
18658 0.66762
18659 0.825727
18660 0.943659
18661 0.81287
18662 0.97013
18663 0.890284
18664 0.776351
18665 0.802519
18666 0.698348
18667 0.746913
18668 0.633952
18669 0.934716
18670 0.62479
18671 0.849651
18672 0.779368
18673 0.719594
18674 0.872419
18675 0.802929
18676 0.835456
18677 0.846966
18678 0.97048
18679 0.850166
18680 0.803554
18681 0.781908
18682 0.88316
18683 0.896479
18684 0.924195
18685 0.634564
18686 0.953654
18687 0.569669
18688 0.878354
18689 0.876251
18690 0.703398
18691 0.874617
18692 0.70169
18693 0.916143
18694 0.901435
18695 0.741928
18696 0.819532
18697 0.807525
18698 0.818532
18699 0.757289
18700 0.788197
18701 0.593218
18702 0.70936
18703 0.824717
18704 0.759199
18705 0.772754
18706 0.79507
18707 0.74501
18708 0.738463
18709 0.906877
18710 0.900706
18711 0.846026
18712 0.903835
18713 0.842619
18714 0.674459
18715 0.765804
18716 0.871546
18717 0.896231
18718 0.97329
18719 0.831637
18720 0.925753
18721 0.846154
18722 0.519145
18723 0.842227
18724 0.688873
18725 0.834242
18726 0.867078
18727 0.790722
18728 0.447466
18729 0.554159
18730 0.551689
18731 0.56945
18732 0.509896
18733 0.740072
18734 0.650405
18735 0.735242
18736 0.505999
18737 0.617696
18738 0.473148
18739 0.778525
18740 0.881737
18741 0.821257
18742 0.503871
18743 0.717605
18744 0.550678
18745 0.601237
18746 0.623304
18747 0.864077
18748 0.651083
18749 0.557796
18750 0.813865
18751 0.785321
18752 0.691916
18753 0.66448
18754 0.891445
18755 0.769894
18756 0.713521
18757 0.451358
18758 0.643575
18759 0.546063
18760 0.648726
18761 0.609974
18762 0.306622
18763 0.702717
18764 0.766916
18765 0.759232
18766 0.730093
18767 0.892378
18768 0.709207
18769 0.854575
18770 0.701783
18771 0.606068
18772 0.703983
18773 0.470391
18774 0.672046
18775 0.417511
18776 0.389559
18777 0.636917
18778 0.663731
18779 0.63759
18780 0.649483
18781 0.688518
18782 0.831584
18783 0.738838
18784 0.475954
18785 0.51132
18786 0.44235
18787 0.673107
18788 0.931921
18789 0.871704
18790 0.796976
18791 0.721055
18792 0.767273
18793 0.598172
18794 0.566955
18795 0.556504
18796 0.483699
18797 0.420518
18798 0.608717
18799 0.837611
18800 0.604771
18801 0.721415
18802 0.444128
18803 0.900471
18804 0.508715
18805 0.511635
18806 0.725164
18807 0.896085
18808 0.795276
18809 0.493801
18810 0.732147
18811 0.442689
18812 0.441833
18813 0.766965
18814 0.797696
18815 0.529656
18816 0.527258
18817 0.762017
18818 0.722111
18819 0.724169
18820 0.669041
18821 0.442692
18822 0.865021
18823 0.698346
18824 0.661976
18825 0.785532
18826 0.850453
18827 0.683407
18828 0.967792
18829 0.6704
18830 0.703095
18831 0.500468
18832 0.726197
18833 0.769585
18834 0.69703
18835 0.557235
18836 0.529416
18837 0.639171
18838 0.596435
18839 0.691931
18840 0.54308
18841 0.594679
18842 0.799789
18843 0.645136
18844 0.688549
18845 0.644213
18846 0.774909
18847 0.700022
18848 0.801335
18849 0.68722
18850 0.727161
18851 0.560413
18852 0.698726
18853 0.567144
18854 0.7245
18855 0.533921
18856 0.435706
18857 0.730017
18858 0.43675
18859 0.68133
18860 0.741099
18861 0.57715
18862 0.619567
18863 0.645969
18864 0.804729
18865 0.764146
18866 0.550918
18867 0.664282
18868 0.763779
18869 0.749492
18870 0.721258
18871 0.669713
18872 0.457747
18873 0.709196
18874 0.584399
18875 0.435982
18876 0.665675
18877 0.791373
18878 0.777075
18879 0.764817
18880 0.6917
18881 0.613174
18882 0.570387
18883 0.22153
18884 0.711851
18885 0.835732
18886 0.820404
18887 0.848636
18888 0.783798
18889 0.866681
18890 0.73689
18891 0.88526
18892 0.893404
18893 0.988868
18894 0.794995
18895 0.897807
18896 0.739335
18897 0.814467
18898 0.894715
18899 0.931895
18900 0.743464
18901 0.859454
18902 0.68959
18903 0.779732
18904 0.716892
18905 0.948668
18906 0.738693
18907 0.938158
18908 0.766036
18909 0.718003
18910 0.687782
18911 0.823969
18912 0.892765
18913 0.758621
18914 0.730111
18915 0.893273
18916 0.624177
18917 0.602411
18918 0.72526
18919 0.931783
18920 0.69299
18921 0.910335
18922 0.808729
18923 0.658168
18924 0.642888
18925 0.710785
18926 0.801519
18927 0.922225
18928 0.612967
18929 0.933677
18930 0.908792
18931 0.955845
18932 0.832265
18933 0.89062
18934 0.937878
18935 0.943533
18936 0.896347
18937 0.791399
18938 0.912027
18939 0.848349
18940 0.624281
18941 0.79436
18942 0.820078
18943 0.908068
18944 0.919052
18945 0.641185
18946 0.91616
18947 0.719371
18948 0.909554
18949 0.924355
18950 0.887308
18951 0.777549
18952 0.602716
18953 0.821614
18954 0.966628
18955 0.984177
18956 0.905701
18957 0.75491
18958 0.990765
18959 0.62045
18960 0.621652
18961 0.903325
18962 0.742707
18963 0.602465
18964 0.719783
18965 0.820948
18966 0.495625
18967 0.860521
18968 0.589676
18969 0.884192
18970 0.76016
18971 0.726226
18972 0.736911
18973 0.850276
18974 0.693128
18975 0.924119
18976 0.932952
18977 0.781822
18978 0.773612
18979 0.96305
18980 0.697478
18981 0.88386
18982 0.883099
18983 0.872352
18984 0.957514
18985 0.664611
18986 0.658932
18987 0.849396
18988 0.736703
18989 0.787479
18990 0.970763
18991 0.956247
18992 0.817016
18993 0.638839
18994 0.874041
18995 0.583245
18996 0.987541
18997 0.512998
18998 0.753844
18999 0.890033
19000 0.943688
19001 0.928422
19002 0.572262
19003 0.902428
19004 0.910171
19005 0.915382
19006 0.489329
19007 0.674466
19008 0.674762
19009 0.958614
19010 0.759136
19011 0.938616
19012 0.737034
19013 0.694929
19014 0.694133
19015 0.69028
19016 0.853162
19017 0.824066
19018 0.910451
19019 0.71156
19020 0.740199
19021 0.817986
19022 0.688098
19023 0.709632
19024 0.655365
19025 0.736032
19026 0.762622
19027 0.748772
19028 0.707946
19029 0.792282
19030 0.730807
19031 0.717193
19032 0.778662
19033 0.774818
19034 0.718686
19035 0.624663
19036 0.75606
19037 0.64132
19038 0.800227
19039 0.811384
19040 0.761802
19041 0.685664
19042 0.683582
19043 0.696725
19044 0.724319
19045 0.748455
19046 0.819621
19047 0.90402
19048 0.833136
19049 0.834604
19050 0.749971
19051 0.760902
19052 0.705459
19053 0.647951
19054 0.743253
19055 0.737798
19056 0.574376
19057 0.809609
19058 0.691763
19059 0.686073
19060 0.680134
19061 0.621291
19062 0.839248
19063 0.841803
19064 0.897742
19065 0.671969
19066 0.646214
19067 0.775791
19068 0.820569
19069 0.786104
19070 0.850775
19071 0.734422
19072 0.682064
19073 0.664434
19074 0.785271
19075 0.732324
19076 0.835649
19077 0.636626
19078 0.794476
19079 0.811137
19080 0.769934
19081 0.729442
19082 0.650337
19083 0.60476
19084 0.743181
19085 0.701924
19086 0.767488
19087 0.466154
19088 0.644172
19089 0.726307
19090 0.628822
19091 0.581363
19092 0.590195
19093 0.799544
19094 0.66713
19095 0.825021
19096 0.674478
19097 0.6627
19098 0.948416
19099 0.753943
19100 0.720301
19101 0.659077
19102 0.697484
19103 0.763473
19104 0.784456
19105 0.84493
19106 0.759247
19107 0.748966
19108 0.770302
19109 0.700576
19110 0.576643
19111 0.763758
19112 0.910086
19113 0.705276
19114 0.715387
19115 0.947029
19116 0.697537
19117 0.708283
19118 0.710751
19119 0.689688
19120 0.634466
19121 0.637311
19122 0.76221
19123 0.847889
19124 0.937513
19125 0.838745
19126 0.807096
19127 0.947279
19128 0.942474
19129 0.933368
19130 0.58943
19131 0.758244
19132 0.921595
19133 0.725311
19134 0.658266
19135 0.908223
19136 0.94701
19137 0.710199
19138 0.941042
19139 0.695289
19140 0.732919
19141 0.909021
19142 0.786983
19143 0.732033
19144 0.886893
19145 0.908253
19146 0.888964
19147 0.737225
19148 0.53874
19149 0.915824
19150 0.91492
19151 0.901436
19152 0.878873
19153 0.899842
19154 0.71587
19155 0.892648
19156 0.808374
19157 0.71479
19158 0.733992
19159 0.89078
19160 0.597343
19161 0.740016
19162 0.639552
19163 0.606645
19164 0.937034
19165 0.717532
19166 0.731061
19167 0.886068
19168 0.794161
19169 0.777149
19170 0.995125
19171 0.770212
19172 0.768918
19173 0.994522
19174 0.720628
19175 0.707645
19176 0.722985
19177 0.691678
19178 0.747596
19179 0.816743
19180 0.748203
19181 0.902566
19182 0.729249
19183 0.72424
19184 0.764405
19185 0.691182
19186 0.741611
19187 0.754513
19188 0.895217
19189 0.75959
19190 0.93639
19191 0.708753
19192 0.958746
19193 0.96795
19194 0.861619
19195 0.783545
19196 0.955888
19197 0.624079
19198 0.846362
19199 0.760142
19200 0.82207
19201 0.799549
19202 0.765416
19203 0.926741
19204 0.729832
19205 0.972103
19206 0.939205
19207 0.75848
19208 0.998625
19209 0.902547
19210 0.714153
19211 0.695168
19212 0.952288
19213 0.949557
19214 0.963514
19215 0.748979
19216 0.940702
19217 0.946368
19218 0.723872
19219 0.689749
19220 0.941365
19221 0.684977
19222 0.961201
19223 0.968955
19224 0.955793
19225 0.713271
19226 0.824372
19227 0.855093
19228 0.799864
19229 0.976742
19230 0.997091
19231 0.761786
19232 0.770531
19233 0.684328
19234 0.718119
19235 0.750756
19236 0.729126
19237 0.702331
19238 0.724126
19239 0.683324
19240 0.975521
19241 0.763923
19242 0.709604
19243 0.749571
19244 0.969106
19245 0.766033
19246 0.731536
19247 0.706092
19248 0.983758
19249 0.811785
19250 0.825818
19251 0.742068
19252 0.704909
19253 0.803958
19254 0.722107
19255 0.733404
19256 0.709629
19257 0.852451
19258 0.96998
19259 0.761283
19260 0.740404
19261 0.620559
19262 0.753901
19263 0.671428
19264 0.735952
19265 0.77634
19266 0.756334
19267 0.707569
19268 0.646233
19269 0.693171
19270 0.780221
19271 0.751862
19272 0.688679
19273 0.635373
19274 0.685332
19275 0.791177
19276 0.762068
19277 0.741596
19278 0.658318
19279 0.662686
19280 0.782413
19281 0.708125
19282 0.63074
19283 0.764539
19284 0.780917
19285 0.783493
19286 0.589728
19287 0.726955
19288 0.834779
19289 0.728832
19290 0.67788
19291 0.671616
19292 0.695799
19293 0.808507
19294 0.770356
19295 0.759521
19296 0.632109
19297 0.606453
19298 0.765366
19299 0.708617
19300 0.694886
19301 0.706746
19302 0.67325
19303 0.695931
19304 0.710381
19305 0.659784
19306 0.578359
19307 0.638128
19308 0.883974
19309 0.784789
19310 0.819414
19311 0.948472
19312 0.844766
19313 0.773985
19314 0.763916
19315 0.78709
19316 0.63481
19317 0.703074
19318 0.729455
19319 0.705071
19320 0.741359
19321 0.620849
19322 0.614795
19323 0.760199
19324 0.772379
19325 0.765556
19326 0.728634
19327 0.758828
19328 0.658786
19329 0.720412
19330 0.733334
19331 0.701877
19332 0.712544
19333 0.704527
19334 0.949798
19335 0.947339
19336 0.76925
19337 0.723397
19338 0.739499
19339 0.747671
19340 0.734147
19341 0.949738
19342 0.690966
19343 0.90388
19344 0.711953
19345 0.905097
19346 0.767018
19347 0.774035
19348 0.887805
19349 0.883946
19350 0.631877
19351 0.906764
19352 0.697507
19353 0.749594
19354 0.90198
19355 0.919767
19356 0.73009
19357 0.760636
19358 0.901297
19359 0.910844
19360 0.723799
19361 0.704231
19362 0.773237
19363 0.884431
19364 0.888705
19365 0.931811
19366 0.892363
19367 0.885579
19368 0.940881
19369 0.705816
19370 0.775268
19371 0.761352
19372 0.900463
19373 0.758594
19374 0.634213
19375 0.723071
19376 0.909683
19377 0.703081
19378 0.916749
19379 0.950131
19380 0.891342
19381 0.710635
19382 0.894323
19383 0.744674
19384 0.772515
19385 0.752741
19386 0.755881
19387 0.782708
19388 0.767209
19389 0.78153
19390 0.769327
19391 0.98852
19392 0.78426
19393 0.74634
19394 0.697019
19395 0.980982
19396 0.731739
19397 0.746852
19398 0.756852
19399 0.953404
19400 0.93918
19401 0.721593
19402 0.952677
19403 0.94095
19404 0.704384
19405 0.935658
19406 0.938266
19407 0.96096
19408 0.705922
19409 0.932022
19410 0.716845
19411 0.709968
19412 0.957161
19413 0.949689
19414 0.752424
19415 0.745909
19416 0.964618
19417 0.71324
19418 0.702047
19419 0.955245
19420 0.967057
19421 0.741542
19422 0.933033
19423 0.941741
19424 0.949188
19425 0.729178
19426 0.680138
19427 0.778033
19428 0.708638
19429 0.948304
19430 0.941737
19431 0.685142
19432 0.776876
19433 0.956841
19434 0.973242
19435 0.734388
19436 0.715518
19437 0.946452
19438 0.714052
19439 0.769367
19440 0.758035
19441 0.795014
19442 0.754993
19443 0.69674
19444 0.804686
19445 0.637323
19446 0.707805
19447 0.735307
19448 0.730961
19449 0.709169
19450 0.6957
19451 0.699804
19452 0.697886
19453 0.730823
19454 0.738558
19455 0.972029
19456 0.706871
19457 0.752047
19458 0.974691
19459 0.757884
19460 0.982129
19461 0.719947
19462 0.976741
19463 0.736002
19464 0.757549
19465 0.977187
19466 0.71968
19467 0.755795
19468 0.828628
19469 0.75694
19470 0.752832
19471 0.979449
19472 0.704444
19473 0.740776
19474 0.97822
19475 0.813836
19476 0.710285
19477 0.717615
19478 0.721819
19479 0.821722
19480 0.848856
19481 0.823587
19482 0.709321
19483 0.738148
19484 0.758595
19485 0.832225
19486 0.71287
19487 0.710317
19488 0.71633
19489 0.975679
19490 0.755027
19491 0.832807
19492 0.698181
19493 0.743172
19494 0.843935
19495 0.785953
19496 0.821231
19497 0.72394
19498 0.677235
19499 0.794038
19500 0.751112
19501 0.791974
19502 0.70612
19503 0.713251
19504 0.767527
19505 0.769805
19506 0.768384
19507 0.706019
19508 0.682338
19509 0.630106
19510 0.690234
19511 0.788832
19512 0.718361
19513 0.823999
19514 0.781928
19515 0.638138
19516 0.755415
19517 0.744305
19518 0.752004
19519 0.695566
19520 0.691037
19521 0.782853
19522 0.672025
19523 0.698846
19524 0.697678
19525 0.730388
19526 0.779887
19527 0.777072
19528 0.612436
19529 0.758165
19530 0.74239
19531 0.665253
19532 0.724603
19533 0.805871
19534 0.749765
19535 0.65048
19536 0.78022
19537 0.712239
19538 0.688371
19539 0.716146
19540 0.672417
19541 0.621995
19542 0.809931
19543 0.73655
19544 0.689938
19545 0.708991
19546 0.734784
19547 0.715149
19548 0.757985
19549 0.750386
19550 0.632655
19551 0.780435
19552 0.781542
19553 0.784125
19554 0.788316
19555 0.795238
19556 0.719167
19557 0.71997
19558 0.718058
19559 0.717895
19560 0.686127
19561 0.717063
19562 0.71651
19563 0.898233
19564 0.978979
19565 0.979105
19566 0.950715
19567 0.71901
19568 0.97775
19569 0.899606
19570 0.976609
19571 0.871137
19572 0.927657
19573 0.955429
19574 0.954169
19575 0.902695
19576 0.944775
19577 0.975706
19578 0.933414
19579 0.955301
19580 0.977159
19581 0.944781
19582 0.94075
19583 0.9519
19584 0.9413
19585 0.952059
19586 0.953768
19587 0.953949
19588 0.947302
19589 0.95353
19590 0.95419
19591 0.974674
19592 0.945997
19593 0.9842
19594 0.945396
19595 0.930015
19596 0.955058
19597 0.918496
19598 0.946624
19599 0.945519
19600 0.913244
19601 0.946897
19602 0.931811
19603 0.941031
19604 0.90906
19605 0.932786
19606 0.955603
19607 0.934881
19608 0.945273
19609 0.956679
19610 0.91744
19611 0.94402
19612 0.904802
19613 0.956111
19614 0.887151
19615 0.931465
19616 0.957484
19617 0.981933
19618 0.955837
19619 0.904758
19620 0.946645
19621 0.957534
19622 0.953702
19623 0.929761
19624 0.94049
19625 0.897764
19626 0.940131
19627 0.935447
19628 0.720382
19629 0.721319
19630 0.719153
19631 0.718449
19632 0.759018
19633 0.719577
19634 0.713773
19635 0.713391
19636 0.721903
19637 0.72061
19638 0.715749
19639 0.718074
19640 0.673668
19641 0.722948
19642 0.727432
19643 0.89704
19644 0.979393
19645 0.979351
19646 0.951155
19647 0.747611
19648 0.985951
19649 0.975954
19650 0.957161
19651 0.952244
19652 0.953282
19653 0.948825
19654 0.944711
19655 0.9731
19656 0.929707
19657 0.955878
19658 0.975398
19659 0.944584
19660 0.942852
19661 0.949801
19662 0.956288
19663 0.952507
19664 0.942148
19665 0.954088
19666 0.923868
19667 0.914892
19668 0.964289
19669 0.946088
19670 0.92587
19671 0.942637
19672 0.987643
19673 0.939174
19674 0.929556
19675 0.936558
19676 0.948526
19677 0.94674
19678 0.952996
19679 0.922662
19680 0.941312
19681 0.949589
19682 0.90136
19683 0.87505
19684 0.955875
19685 0.931933
19686 0.900118
19687 0.953283
19688 0.957052
19689 0.925569
19690 0.949764
19691 0.957595
19692 0.912744
19693 0.93512
19694 0.935677
19695 0.965181
19696 0.952539
19697 0.954692
19698 0.89761
19699 0.878315
19700 0.936827
19701 0.954464
19702 0.872923
19703 0.955161
19704 0.961283
19705 0.922917
19706 0.960561
19707 0.933199
19708 0.716897
19709 0.720782
19710 0.716465
19711 0.718227
19712 0.764636
19713 0.673294
19714 0.715823
19715 0.726638
19716 0.71971
19717 0.719792
19718 0.719675
19719 0.725831
19720 0.719707
19721 0.728593
19722 0.726541
19723 0.899424
19724 0.980001
19725 0.97983
19726 0.951127
19727 0.726231
19728 0.98507
19729 0.984835
19730 0.938675
19731 0.955043
19732 0.951026
19733 0.955013
19734 0.879086
19735 0.944345
19736 0.985742
19737 0.927955
19738 0.954273
19739 0.984877
19740 0.944436
19741 0.940955
19742 0.951486
19743 0.940529
19744 0.954069
19745 0.954212
19746 0.954386
19747 0.950993
19748 0.926301
19749 0.990632
19750 0.939191
19751 0.928719
19752 0.99016
19753 0.940233
19754 0.926445
19755 0.927052
19756 0.95513
19757 0.940005
19758 0.935764
19759 0.951253
19760 0.939087
19761 0.936296
19762 0.940245
19763 0.951148
19764 0.858936
19765 0.927867
19766 0.880922
19767 0.955215
19768 0.952209
19769 0.936854
19770 0.957284
19771 0.939086
19772 0.880969
19773 0.952502
19774 0.861732
19775 0.951396
19776 0.951995
19777 0.900034
19778 0.88157
19779 0.938787
19780 0.956231
19781 0.93496
19782 0.951706
19783 0.955215
19784 0.954422
19785 0.92751
19786 0.951161
19787 0.928954
19788 0.719913
19789 0.720099
19790 0.719828
19791 0.719894
19792 0.72572
19793 0.726263
19794 0.725808
19795 0.724915
19796 0.719954
19797 0.719964
19798 0.726126
19799 0.726189
19800 0.710088
19801 0.719171
19802 0.720557
19803 0.979567
19804 0.979896
19805 0.951192
19806 0.726009
19807 0.984862
19808 0.984635
19809 0.951642
19810 0.954839
19811 0.954095
19812 0.95204
19813 0.94458
19814 0.98038
19815 0.928697
19816 0.955368
19817 0.983363
19818 0.944396
19819 0.898853
19820 0.94165
19821 0.948896
19822 0.954722
19823 0.954562
19824 0.942288
19825 0.954458
19826 0.934874
19827 0.928292
19828 0.935125
19829 0.98774
19830 0.940522
19831 0.926097
19832 0.931051
19833 0.988021
19834 0.940274
19835 0.929756
19836 0.941869
19837 0.938806
19838 0.939557
19839 0.951702
19840 0.936572
19841 0.94394
19842 0.951399
19843 0.887694
19844 0.956066
19845 0.928681
19846 0.881847
19847 0.95467
19848 0.952473
19849 0.936468
19850 0.953126
19851 0.941163
19852 0.888852
19853 0.870567
19854 0.95398
19855 0.952031
19856 0.952591
19857 0.963259
19858 0.897861
19859 0.880518
19860 0.938607
19861 0.943522
19862 0.87493
19863 0.95502
19864 0.949954
19865 0.921076
19866 0.959476
19867 0.947035
19868 0.719616
19869 0.719653
19870 0.718868
19871 0.720036
19872 0.721495
19873 0.734841
19874 0.725148
19875 0.725893
19876 0.722088
19877 0.721957
19878 0.707982
19879 0.720751
19880 0.720328
19881 0.713224
19882 0.727435
19883 0.723961
19884 0.948389
19885 0.982376
19886 0.983162
19887 0.93893
19888 0.976652
19889 0.987878
19890 0.948014
19891 0.954317
19892 0.954257
19893 0.95299
19894 0.955938
19895 0.950061
19896 0.942371
19897 0.977099
19898 0.938499
19899 0.939381
19900 0.978733
19901 0.941882
19902 0.906843
19903 0.940082
19904 0.954269
19905 0.941479
19906 0.954719
19907 0.952074
19908 0.914188
19909 0.982321
19910 0.937382
19911 0.942185
19912 0.97324
19913 0.944199
19914 0.938464
19915 0.955077
19916 0.953402
19917 0.944162
19918 0.944907
19919 0.950518
19920 0.940242
19921 0.942111
19922 0.9353
19923 0.938278
19924 0.925301
19925 0.932238
19926 0.939455
19927 0.887006
19928 0.954339
19929 0.943497
19930 0.919582
19931 0.896367
19932 0.952459
19933 0.953773
19934 0.95797
19935 0.947543
19936 0.953286
19937 0.967102
19938 0.904321
19939 0.918901
19940 0.939977
19941 0.944586
19942 0.931151
19943 0.954338
19944 0.93854
19945 0.939748
19946 0.940527
19947 0.957924
19948 0.721616
19949 0.72144
19950 0.722437
19951 0.721981
19952 0.707371
19953 0.723419
19954 0.715611
19955 0.728245
19956 0.722047
19957 0.721643
19958 0.721931
19959 0.722146
19960 0.726844
19961 0.710305
19962 0.724837
19963 0.729244
19964 0.983472
19965 0.948261
19966 0.982449
19967 0.939909
19968 0.97657
19969 0.977485
19970 0.945467
19971 0.948243
19972 0.954651
19973 0.95448
19974 0.953376
19975 0.954935
19976 0.941754
19977 0.987646
19978 0.938562
19979 0.987496
19980 0.942164
19981 0.906728
19982 0.948785
19983 0.93882
19984 0.954634
19985 0.954248
19986 0.942426
19987 0.891719
19988 0.925488
19989 0.955613
19990 0.980936
19991 0.938067
19992 0.980712
19993 0.937574
19994 0.939125
19995 0.954882
19996 0.939293
19997 0.944593
19998 0.953393
19999 0.935786
20000 0.941338
20001 0.942079
20002 0.952204
20003 0.920105
20004 0.921564
20005 0.931828
20006 0.954811
20007 0.937423
20008 0.886138
20009 0.939
20010 0.95262
20011 0.894772
20012 0.918558
20013 0.956527
20014 0.963481
20015 0.952237
20016 0.939224
20017 0.952944
20018 0.90819
20019 0.937212
20020 0.945013
20021 0.93704
20022 0.936568
20023 0.953872
20024 0.952584
20025 0.907332
20026 0.948687
20027 0.94989
20028 0.720679
20029 0.720396
20030 0.722081
20031 0.72221
20032 0.704101
20033 0.718005
20034 0.727421
20035 0.725938
20036 0.72316
20037 0.724339
20038 0.724144
20039 0.721755
20040 0.722395
20041 0.726926
20042 0.72675
20043 0.743798
20044 0.947773
20045 0.982857
20046 0.983702
20047 0.937016
20048 0.986941
20049 0.987314
20050 0.949733
20051 0.956634
20052 0.951941
20053 0.955936
20054 0.953049
20055 0.943787
20056 0.941967
20057 0.978736
20058 0.942367
20059 0.939673
20060 0.979352
20061 0.941404
20062 0.909198
20063 0.947407
20064 0.955354
20065 0.938526
20066 0.955083
20067 0.942595
20068 0.929492
20069 0.97935
20070 0.938303
20071 0.936073
20072 0.949099
20073 0.981551
20074 0.938686
20075 0.935177
20076 0.942293
20077 0.935253
20078 0.938439
20079 0.95156
20080 0.941545
20081 0.942144
20082 0.951755
20083 0.91945
20084 0.953947
20085 0.923064
20086 0.939786
20087 0.889253
20088 0.952467
20089 0.948262
20090 0.924542
20091 0.893118
20092 0.953755
20093 0.951739
20094 0.934995
20095 0.96222
20096 0.9543
20097 0.952479
20098 0.907139
20099 0.88938
20100 0.938783
20101 0.934801
20102 0.898682
20103 0.953619
20104 0.960713
20105 0.935887
20106 0.948067
20107 0.960146
20108 0.719555
20109 0.720824
20110 0.720801
20111 0.721251
20112 0.684334
20113 0.707595
20114 0.726547
20115 0.727368
20116 0.723241
20117 0.722459
20118 0.720912
20119 0.72103
20120 0.712227
20121 0.740593
20122 0.709924
20123 0.716106
20124 0.948032
20125 0.982868
20126 0.982444
20127 0.940377
20128 0.978792
20129 0.977998
20130 0.937918
20131 0.947823
20132 0.954264
20133 0.954502
20134 0.953532
20135 0.954859
20136 0.941899
20137 0.977149
20138 0.942139
20139 0.978137
20140 0.942261
20141 0.905387
20142 0.947969
20143 0.939655
20144 0.953413
20145 0.95489
20146 0.948306
20147 0.91486
20148 0.96841
20149 0.944518
20150 0.975223
20151 0.943788
20152 0.940129
20153 0.954054
20154 0.954171
20155 0.952332
20156 0.913138
20157 0.920868
20158 0.943963
20159 0.944629
20160 0.942273
20161 0.947446
20162 0.936734
20163 0.940951
20164 0.939939
20165 0.944595
20166 0.953822
20167 0.940723
20168 0.916059
20169 0.941119
20170 0.953252
20171 0.926029
20172 0.943918
20173 0.954554
20174 0.953129
20175 0.950876
20176 0.953951
20177 0.90603
20178 0.950951
20179 0.939934
20180 0.943847
20181 0.960981
20182 0.955239
20183 0.954945
20184 0.942815
20185 0.931077
20186 0.953728
20187 0.921175
20188 0.721888
20189 0.721645
20190 0.719522
20191 0.720762
20192 0.723578
20193 0.687397
20194 0.718404
20195 0.716154
20196 0.725658
20197 0.726019
20198 0.726687
20199 0.725658
20200 0.719349
20201 0.744405
20202 0.747247
20203 0.723744
20204 0.942207
20205 0.987373
20206 0.987569
20207 0.932065
20208 0.980739
20209 0.978534
20210 0.950725
20211 0.952752
20212 0.943042
20213 0.95172
20214 0.941562
20215 0.952667
20216 0.936645
20217 0.983664
20218 0.951811
20219 0.920339
20220 0.989195
20221 0.93651
20222 0.9509
20223 0.941596
20224 0.95181
20225 0.933347
20226 0.972536
20227 0.938731
20228 0.951665
20229 0.94496
20230 0.977621
20231 0.935979
20232 0.941887
20233 0.947769
20234 0.925364
20235 0.928639
20236 0.944501
20237 0.935212
20238 0.947219
20239 0.940527
20240 0.926119
20241 0.93237
20242 0.9546
20243 0.949844
20244 0.941653
20245 0.907419
20246 0.918383
20247 0.954952
20248 0.954065
20249 0.945447
20250 0.915525
20251 0.951239
20252 0.951305
20253 0.952442
20254 0.955644
20255 0.929753
20256 0.957028
20257 0.946235
20258 0.922319
20259 0.932485
20260 0.946719
20261 0.940698
20262 0.958368
20263 0.945761
20264 0.952734
20265 0.953799
20266 0.919148
20267 0.936863
20268 0.722342
20269 0.722871
20270 0.721972
20271 0.723015
20272 0.72097
20273 0.684075
20274 0.675443
20275 0.730645
20276 0.721938
20277 0.722519
20278 0.729431
20279 0.761062
20280 0.729382
20281 0.754619
20282 0.730025
20283 0.684576
20284 0.941849
20285 0.989572
20286 0.985786
20287 0.93568
20288 0.988446
20289 0.988942
20290 0.952087
20291 0.953818
20292 0.936467
20293 0.951324
20294 0.941257
20295 0.950125
20296 0.934958
20297 0.991651
20298 0.950202
20299 0.915468
20300 0.976474
20301 0.937967
20302 0.951843
20303 0.939543
20304 0.949694
20305 0.924623
20306 0.924019
20307 0.982522
20308 0.935122
20309 0.923647
20310 0.924499
20311 0.979095
20312 0.939906
20313 0.908987
20314 0.927075
20315 0.913956
20316 0.958663
20317 0.9501
20318 0.957931
20319 0.944919
20320 0.919842
20321 0.971227
20322 0.927167
20323 0.943292
20324 0.927483
20325 0.917757
20326 0.947998
20327 0.954703
20328 0.934885
20329 0.960078
20330 0.945579
20331 0.949797
20332 0.956166
20333 0.906281
20334 0.934537
20335 0.951276
20336 0.958989
20337 0.92291
20338 0.942956
20339 0.890109
20340 0.895653
20341 0.962391
20342 0.92551
20343 0.963449
20344 0.952023
20345 0.952224
20346 0.939192
20347 0.923227
20348 0.721341
20349 0.72156
20350 0.725329
20351 0.723997
20352 0.689274
20353 0.68929
20354 0.722866
20355 0.746148
20356 0.723837
20357 0.723814
20358 0.723811
20359 0.67935
20360 0.723063
20361 0.746885
20362 0.700183
20363 0.729113
20364 0.943045
20365 0.986523
20366 0.987668
20367 0.931275
20368 0.982061
20369 0.985321
20370 0.952723
20371 0.951766
20372 0.943787
20373 0.950725
20374 0.954186
20375 0.937497
20376 0.976307
20377 0.950286
20378 0.921492
20379 0.991282
20380 0.93698
20381 0.9534
20382 0.942739
20383 0.951592
20384 0.935907
20385 0.938302
20386 0.917298
20387 0.958499
20388 0.945284
20389 0.973615
20390 0.943054
20391 0.942509
20392 0.992705
20393 0.93324
20394 0.949004
20395 0.952487
20396 0.927792
20397 0.929298
20398 0.935827
20399 0.921112
20400 0.923426
20401 0.939238
20402 0.952633
20403 0.92697
20404 0.910895
20405 0.90907
20406 0.936125
20407 0.952334
20408 0.950753
20409 0.917196
20410 0.907482
20411 0.947024
20412 0.95685
20413 0.934953
20414 0.951763
20415 0.96104
20416 0.95558
20417 0.959951
20418 0.936822
20419 0.939161
20420 0.945436
20421 0.943413
20422 0.949148
20423 0.946371
20424 0.954249
20425 0.95181
20426 0.916373
20427 0.934736
20428 0.723484
20429 0.725029
20430 0.725571
20431 0.725121
20432 0.750615
20433 0.684278
20434 0.749991
20435 0.728511
20436 0.722294
20437 0.722563
20438 0.724675
20439 0.68127
20440 0.723527
20441 0.752795
20442 0.729763
20443 0.683963
20444 0.942553
20445 0.987001
20446 0.987121
20447 0.932784
20448 0.984264
20449 0.991227
20450 0.951737
20451 0.952921
20452 0.942701
20453 0.950333
20454 0.954046
20455 0.937122
20456 0.97642
20457 0.950741
20458 0.918969
20459 0.97742
20460 0.937441
20461 0.95235
20462 0.942039
20463 0.951169
20464 0.934339
20465 0.918981
20466 0.942345
20467 0.924895
20468 0.973078
20469 0.952154
20470 0.921991
20471 0.934754
20472 0.983554
20473 0.933225
20474 0.92478
20475 0.906304
20476 0.920308
20477 0.95874
20478 0.952363
20479 0.95361
20480 0.930098
20481 0.943207
20482 0.924331
20483 0.94271
20484 0.951808
20485 0.924637
20486 0.941268
20487 0.952487
20488 0.9296
20489 0.955672
20490 0.934999
20491 0.949391
20492 0.948282
20493 0.951363
20494 0.949167
20495 0.952531
20496 0.949874
20497 0.93528
20498 0.935307
20499 0.938141
20500 0.957987
20501 0.950341
20502 0.917734
20503 0.932046
20504 0.94599
20505 0.948372
20506 0.954331
20507 0.954704
20508 0.725077
20509 0.723117
20510 0.726663
20511 0.725742
20512 0.747912
20513 0.682085
20514 0.727775
20515 0.746808
20516 0.731943
20517 0.732337
20518 0.733918
20519 0.732308
20520 0.732537
20521 0.732132
20522 0.731824
20523 0.732034
20524 0.731988
20525 0.73187
20526 0.733949
20527 0.731889
20528 0.731448
20529 1
20530 0.999999
20531 1
20532 0.999992
20533 0.999993
20534 0.999993
20535 0.999999
20536 0.999989
20537 0.733171
20538 0.731594
20539 0.733404
20540 0.732159
20541 0.731764
20542 0.731564
20543 0.731793
20544 0.73197
20545 0.732067
20546 0.730169
20547 0.732262
20548 0.732114
20549 0.730138
20550 0.732639
20551 0.73221
20552 0.732117
20553 0.730377
20554 0.73254
20555 0.731308
20556 0.731986
20557 0.73195
20558 0.730627
20559 0.732265
20560 0.732487
20561 0.731948
20562 0.731906
20563 0.732137
20564 0.732177
20565 0.732101
20566 0.731162
20567 0.732095
20568 0.732328
20569 1
20570 1
20571 0.999999
20572 0.999995
20573 0.999996
20574 0.999993
20575 0.999999
20576 0.731022
20577 0.999993
20578 0.732656
20579 0.731524
20580 0.732116
20581 0.732151
20582 0.731836
20583 0.731614
20584 0.732154
20585 0.733466
20586 0.731965
20587 0.731915
20588 0.732194
20589 0.731765
20590 0.732926
20591 0.732006
20592 0.732103
20593 0.733284
20594 0.731284
20595 0.732412
20596 0.73208
20597 0.732214
20598 0.733651
20599 0.731772
20600 0.732121
20601 0.732115
20602 0.731997
20603 0.732053
20604 0.732015
20605 0.731899
20606 0.731934
20607 0.732115
20608 1
20609 1
20610 0.733207
20611 1
20612 0.999994
20613 1
20614 0.999993
20615 0.999994
20616 0.731418
20617 0.999992
20618 0.733181
20619 0.732938
20620 0.732022
20621 0.731888
20622 0.73198
20623 0.732329
20624 0.731986
20625 0.73044
20626 0.732049
20627 0.732076
20628 0.732104
20629 0.730879
20630 0.732167
20631 0.731977
20632 0.732314
20633 0.732518
20634 0.730836
20635 0.731278
20636 0.731937
20637 0.730575
20638 0.73261
20639 0.731921
20640 0.731882
20641 0.732071
20642 0.732011
20643 0.731952
20644 0.731888
20645 0.732103
20646 0.731768
20647 0.732292
20648 1
20649 1
20650 0.731259
20651 0.999995
20652 0.999999
20653 0.999995
20654 0.999994
20655 0.999999
20656 0.999992
20657 0.730876
20658 0.73269
20659 0.731668
20660 0.732164
20661 0.733518
20662 0.732219
20663 0.732181
20664 0.73203
20665 0.732149
20666 0.73149
20667 0.732089
20668 0.732204
20669 0.732324
20670 0.732826
20671 0.731807
20672 0.732041
20673 0.732935
20674 0.731486
20675 0.732586
20676 0.732088
20677 0.733443
20678 0.731563
20679 0.732025
20680 0.732165
20681 0.731999
20682 0.731945
20683 0.731988
20684 0.732001
20685 0.731957
20686 0.731991
20687 0.731933
20688 1
20689 1
20690 0.732838
20691 0.999995
20692 0.999999
20693 0.999996
20694 0.999994
20695 0.999999
20696 0.733127
20697 0.999992
20698 0.73126
20699 0.7327
20700 0.732013
20701 0.730651
20702 0.732077
20703 0.731937
20704 0.732103
20705 0.732113
20706 0.732537
20707 0.732155
20708 0.732092
20709 0.732103
20710 0.73125
20711 0.732167
20712 0.73219
20713 0.730819
20714 0.732716
20715 0.731615
20716 0.731842
20717 0.732405
20718 0.733526
20719 0.734036
20720 0.732353
20721 0.732102
20722 0.733925
20723 0.730276
20724 0.731993
20725 0.73164
20726 0.732078
20727 0.732084
20728 1
20729 0.999993
20730 0.735146
20731 0.99998
20732 0.999996
20733 0.999979
20734 0.999978
20735 0.999987
20736 0.999966
20737 0.734824
20738 0.732507
20739 0.732457
20740 0.732259
20741 0.731696
20742 0.731736
20743 0.730033
20744 0.731999
20745 0.730568
20746 0.733812
20747 0.732099
20748 0.730145
20749 0.728928
20750 0.731961
20751 0.731986
20752 0.731058
20753 0.730749
20754 0.729824
20755 0.733264
20756 0.73209
20757 0.73227
20758 0.733483
20759 0.733778
20760 0.731643
20761 0.732009
20762 0.73206
20763 0.731992
20764 0.730355
20765 0.731906
20766 0.732863
20767 0.732042
20768 0.73212
20769 1
20770 0.999992
20771 0.999999
20772 0.99999
20773 0.999971
20774 0.999984
20775 0.999993
20776 0.73155
20777 0.999984
20778 0.734259
20779 0.731436
20780 0.732011
20781 0.731831
20782 0.73031
20783 0.732458
20784 0.732092
20785 0.7306
20786 0.732095
20787 0.733727
20788 0.73204
20789 0.731931
20790 0.731215
20791 0.732043
20792 0.733779
20793 0.73098
20794 0.7314
20795 0.731021
20796 0.731969
20797 0.732526
20798 0.730324
20799 0.731746
20800 0.734171
20801 0.732029
20802 0.733452
20803 0.732339
20804 0.731848
20805 0.732133
20806 0.731109
20807 0.732159
20808 0.731393
20809 1
20810 0.99999
20811 0.999999
20812 0.999991
20813 0.999964
20814 0.999984
20815 0.999988
20816 0.732313
20817 0.999987
20818 0.732515
20819 0.73006
20820 0.732132
20821 0.731574
20822 0.729912
20823 0.732355
20824 0.732072
20825 0.731742
20826 0.73376
20827 0.730631
20828 0.732252
20829 0.732967
20830 0.732651
20831 0.731918
20832 0.730353
20833 0.7327
20834 0.733274
20835 0.732985
