16721

1 0.683262
2 0.718711
3 0.682551
4 0.699931
5 0.928176
6 0.938111
7 0.750226
8 0.689431
9 0.776727
10 0.764228
11 0.917137
12 0.77581
13 0.897229
14 0.719338
15 0.906393
16 0.71145
17 0.778151
18 0.89903
19 0.891162
20 0.622578
21 0.704311
22 0.759183
23 0.751619
24 0.909576
25 0.936352
26 0.775178
27 0.7176
28 0.92334
29 0.583792
30 0.929171
31 0.93003
32 0.976516
33 0.920437
34 0.78801
35 0.890616
36 0.951503
37 0.901577
38 0.700254
39 0.929014
40 0.738506
41 0.7688
42 0.898197
43 0.91782
44 0.588521
45 0.9554
46 0.949354
47 0.620286
48 0.944601
49 0.712879
50 0.700416
51 0.793618
52 0.957071
53 0.771058
54 0.69409
55 0.733176
56 0.705348
57 0.606013
58 0.947697
59 0.901146
60 0.67142
61 0.980778
62 0.967921
63 0.824097
64 0.885392
65 0.67313
66 0.788738
67 0.763283
68 0.738706
69 0.728332
70 0.983795
71 0.688187
72 0.939133
73 0.85164
74 0.800182
75 0.987117
76 0.927122
77 0.907184
78 0.660569
79 0.899175
80 0.986631
81 0.941032
82 0.82763
83 0.709235
84 0.715055
85 0.953135
86 0.931132
87 0.700737
88 0.779608
89 0.940567
90 0.914447
91 0.934009
92 0.743966
93 0.952252
94 0.726532
95 0.779594
96 0.943611
97 0.721417
98 0.933327
99 0.933814
100 0.944077
101 0.979233
102 0.809505
103 0.592038
104 0.959541
105 0.735844
106 0.657139
107 0.766189
108 0.985081
109 0.945659
110 0.667695
111 0.65754
112 0.764048
113 0.946805
114 0.775173
115 0.801859
116 0.961348
117 0.751011
118 0.662585
119 0.941554
120 0.941381
121 0.805587
122 0.64325
123 0.950451
124 0.762095
125 0.743496
126 0.697808
127 0.701816
128 0.743116
129 0.703894
130 0.705756
131 0.976205
132 0.74349
133 0.744754
134 0.737914
135 0.821969
136 0.976934
137 0.693699
138 0.978295
139 0.745145
140 0.755158
141 0.828278
142 0.752181
143 0.701944
144 0.74489
145 0.976919
146 0.831353
147 0.748559
148 0.739408
149 0.559862
150 0.823428
151 0.798595
152 0.765317
153 0.701205
154 0.704738
155 0.622457
156 0.652406
157 0.753711
158 0.778262
159 0.715261
160 0.769431
161 0.651478
162 0.753218
163 0.786812
164 0.704681
165 0.76674
166 0.815145
167 0.903478
168 0.695295
169 0.748662
170 0.734149
171 0.630644
172 0.70584
173 0.749898
174 0.630633
175 0.734848
176 0.74308
177 0.785167
178 0.780172
179 0.753438
180 0.695136
181 0.691442
182 0.777643
183 0.543656
184 0.65798
185 0.547618
186 0.70658
187 0.741468
188 0.647956
189 0.532794
190 0.73896
191 0.714051
192 0.748176
193 0.697808
194 0.767193
195 0.750331
196 0.747246
197 0.775417
198 0.671091
199 0.791065
200 0.787124
201 0.621906
202 0.764892
203 0.762048
204 0.820781
205 0.588511
206 0.760875
207 0.766841
208 0.669241
209 0.765737
210 0.77886
211 0.687117
212 0.721979
213 0.682981
214 0.682851
215 0.943314
216 0.758848
217 0.9414
218 0.702778
219 0.806788
220 0.705753
221 0.729404
222 0.742223
223 0.787335
224 0.938231
225 0.822541
226 0.713983
227 0.886103
228 0.936157
229 0.592913
230 0.922511
231 0.614751
232 0.772507
233 0.868511
234 0.749062
235 0.933319
236 0.67834
237 0.970684
238 0.925259
239 0.920374
240 0.921135
241 0.936126
242 0.904262
243 0.892442
244 0.602413
245 0.892977
246 0.753688
247 0.932249
248 0.904377
249 0.894562
250 0.904557
251 0.740941
252 0.792673
253 0.628287
254 0.916191
255 0.75227
256 0.740247
257 0.881719
258 0.645439
259 0.616368
260 0.571425
261 0.929658
262 0.946258
263 0.919478
264 0.926891
265 0.732311
266 0.70136
267 0.991575
268 0.695256
269 0.740353
270 0.770011
271 0.81446
272 0.981572
273 0.96907
274 0.779222
275 0.725409
276 0.601551
277 0.686523
278 0.75351
279 0.960754
280 0.650152
281 0.9721
282 0.72805
283 0.61016
284 0.905195
285 0.79689
286 0.874554
287 0.690739
288 0.865829
289 0.820617
290 0.885247
291 0.648305
292 0.778645
293 0.944632
294 0.814897
295 0.81475
296 0.81706
297 0.864907
298 0.568381
299 0.928298
300 0.931931
301 0.866404
302 0.677814
303 0.700607
304 0.952822
305 0.97179
306 0.92843
307 0.830361
308 0.797724
309 0.971858
310 0.706763
311 0.934362
312 0.942079
313 0.700262
314 0.639177
315 0.677851
316 0.911375
317 0.639334
318 0.815082
319 0.929182
320 0.923641
321 0.91792
322 0.951005
323 0.74652
324 0.476902
325 0.667987
326 0.953785
327 0.659973
328 0.832268
329 0.723997
330 0.695105
331 0.67829
332 0.753531
333 0.742161
334 0.727001
335 0.716267
336 0.749888
337 0.658957
338 0.744123
339 0.730684
340 0.980313
341 0.692592
342 0.732002
343 0.749198
344 0.80472
345 0.834388
346 0.738605
347 0.676043
348 0.76514
349 0.973647
350 0.786975
351 0.904464
352 0.81876
353 0.743769
354 0.896344
355 0.981581
356 0.758573
357 0.683527
358 0.940921
359 0.75894
360 0.76333
361 0.622634
362 0.725418
363 0.6788
364 0.793046
365 0.784182
366 0.694242
367 0.6847
368 0.646237
369 0.738363
370 0.777385
371 0.660161
372 0.626412
373 0.664414
374 0.752856
375 0.608451
376 0.719768
377 0.731412
378 0.753883
379 0.87512
380 0.70868
381 0.760104
382 0.933723
383 0.821218
384 0.724917
385 0.971771
386 0.87326
387 0.831162
388 0.722023
389 0.633118
390 0.669236
391 0.656407
392 0.708171
393 0.67011
394 0.451525
395 0.751391
396 0.612244
397 0.770317
398 0.758316
399 0.784891
400 0.758348
401 0.833995
402 0.818938
403 0.748479
404 0.862573
405 0.888707
406 0.725129
407 0.874542
408 0.629671
409 0.862978
410 0.600958
411 0.547052
412 0.8748
413 0.839621
414 0.69875
415 0.607184
416 0.646436
417 0.548374
418 0.682452
419 0.595762
420 0.712928
421 0.925484
422 0.648436
423 0.96368
424 0.78503
425 0.817533
426 0.658446
427 0.819148
428 0.818969
429 0.745286
430 0.787817
431 0.543293
432 0.72481
433 0.773727
434 0.651936
435 0.798548
436 0.681262
437 0.714195
438 0.664564
439 0.743264
440 0.801028
441 0.713925
442 0.920651
443 0.810127
444 0.791262
445 0.771442
446 0.678715
447 0.699559
448 0.766272
449 0.684141
450 0.940908
451 0.941134
452 0.724156
453 0.723147
454 0.678736
455 0.627072
456 0.728784
457 0.735663
458 0.72416
459 0.932364
460 0.591463
461 0.740945
462 0.922167
463 0.797089
464 0.904604
465 0.910158
466 0.941295
467 0.576944
468 0.636556
469 0.94602
470 0.919398
471 0.729023
472 0.764695
473 0.933151
474 0.820328
475 0.946179
476 0.891298
477 0.927987
478 0.935333
479 0.936525
480 0.881818
481 0.757342
482 0.734042
483 0.955274
484 0.581595
485 0.798568
486 0.582326
487 0.90359
488 0.949941
489 0.731147
490 0.919758
491 0.918627
492 0.60609
493 0.908084
494 0.703372
495 0.601261
496 0.714131
497 0.900972
498 0.767219
499 0.764083
500 0.764036
501 0.944112
502 0.614367
503 0.660669
504 0.896024
505 0.833666
506 0.892717
507 0.726422
508 0.562581
509 0.884151
510 0.604897
511 0.96747
512 0.685421
513 0.961794
514 0.853829
515 0.767482
516 0.956393
517 0.991213
518 0.82575
519 0.675021
520 0.952252
521 0.533142
522 0.969374
523 0.939293
524 0.59571
525 0.895138
526 0.904308
527 0.764443
528 0.693743
529 0.947977
530 0.473886
531 0.817976
532 0.646398
533 0.929118
534 0.783499
535 0.945721
536 0.822625
537 0.737853
538 0.962064
539 0.659552
540 0.783801
541 0.994683
542 0.913115
543 0.592038
544 0.989704
545 0.916399
546 0.788093
547 0.80645
548 0.987526
549 0.684298
550 0.638448
551 0.96813
552 0.584127
553 0.918033
554 0.646308
555 0.778419
556 0.774323
557 0.844495
558 0.943528
559 0.783669
560 0.763416
561 0.798674
562 0.737725
563 0.742102
564 0.808638
565 0.666999
566 0.726797
567 0.636893
568 0.664354
569 0.740138
570 0.720854
571 0.750499
572 0.795254
573 0.732546
574 0.761275
575 0.729291
576 0.812894
577 0.669889
578 0.741382
579 0.766127
580 0.782189
581 0.695399
582 0.680562
583 0.788174
584 0.784145
585 0.76177
586 0.749619
587 0.693801
588 0.733968
589 0.745824
590 0.62453
591 0.738185
592 0.679588
593 0.768516
594 0.807565
595 0.78072
596 0.657689
597 0.680756
598 0.759339
599 0.625291
600 0.728594
601 0.726969
602 0.781474
603 0.592772
604 0.715636
605 0.778752
606 0.717749
607 0.71325
608 0.700628
609 0.83174
610 0.853398
611 0.685623
612 0.681401
613 0.683734
614 0.628529
615 0.739088
616 0.757248
617 0.881926
618 0.687368
619 0.760481
620 0.928171
621 0.996758
622 0.808289
623 0.811965
624 0.786466
625 0.758696
626 0.845532
627 0.833549
628 0.581729
629 0.580476
630 0.817193
631 0.701674
632 0.741717
633 0.761103
634 0.623661
635 0.713057
636 0.718444
637 0.724747
638 0.78117
639 0.677723
640 0.714273
641 0.758537
642 0.840093
643 0.799873
644 0.860305
645 0.758056
646 0.764469
647 0.666062
648 0.701435
649 0.720268
650 0.628626
651 0.632491
652 0.746368
653 0.747693
654 0.66657
655 0.755782
656 0.708028
657 0.766317
658 0.774302
659 0.73989
660 0.895539
661 0.691083
662 0.85102
663 0.908984
664 0.835732
665 0.84517
666 0.804849
667 0.856036
668 0.858723
669 0.900501
670 0.829835
671 0.879261
672 0.934476
673 0.925911
674 0.888191
675 0.791031
676 0.811648
677 0.853865
678 0.773011
679 0.853532
680 0.886854
681 0.705605
682 0.811146
683 0.840017
684 0.768096
685 0.794337
686 0.875691
687 0.851634
688 0.874497
689 0.852027
690 0.737673
691 0.472554
692 0.869117
693 0.859067
694 0.885825
695 0.813182
696 0.823502
697 0.879432
698 0.883553
699 0.687749
700 0.847429
701 0.881025
702 0.852416
703 0.844888
704 0.871836
705 0.729679
706 0.511637
707 0.741296
708 0.852978
709 0.861739
710 0.760877
711 0.925241
712 0.894587
713 0.920828
714 0.921856
715 0.738741
716 0.885074
717 0.911355
718 0.81496
719 0.845638
720 0.919629
721 0.855898
722 0.861901
723 0.817662
724 0.925466
725 0.81551
726 0.870683
727 0.891049
728 0.887561
729 0.909673
730 0.902727
731 0.903516
732 0.874431
733 0.78141
734 0.753106
735 0.904513
736 0.675215
737 0.879105
738 0.879944
739 0.477079
740 0.913761
741 0.893885
742 0.863814
743 0.894469
744 0.820239
745 0.886297
746 0.718777
747 0.510294
748 0.833491
749 0.760647
750 0.633836
751 0.915834
752 0.820274
753 0.850529
754 0.926014
755 0.736907
756 0.745174
757 0.92146
758 0.855295
759 0.654927
760 0.89926
761 0.856512
762 0.845189
763 0.846401
764 0.92009
765 0.639649
766 0.52678
767 0.880666
768 0.817128
769 0.652018
770 0.858909
771 0.63324
772 0.909318
773 0.872493
774 0.796158
775 0.900715
776 0.887812
777 0.925294
778 0.5339
779 0.887368
780 0.833318
781 0.785891
782 0.865865
783 0.804749
784 0.848874
785 0.764111
786 0.73965
787 0.87144
788 0.852798
789 0.915052
790 0.874974
791 0.883298
792 0.595834
793 0.74857
794 0.838028
795 0.866574
796 0.863411
797 0.734985
798 0.809351
799 0.804223
800 0.875436
801 0.916131
802 0.923613
803 0.930549
804 0.756361
805 0.810145
806 0.894034
807 0.866785
808 0.856101
809 0.909383
810 0.827328
811 0.835265
812 0.640092
813 0.814421
814 0.730878
815 0.868978
816 0.808578
817 0.87512
818 0.88717
819 0.79657
820 0.822402
821 0.849361
822 0.826814
823 0.750093
824 0.818798
825 0.876494
826 0.812952
827 0.833336
828 0.880219
829 0.863352
830 0.84162
831 0.828246
832 0.819578
833 0.893839
834 0.805226
835 0.798738
836 0.839725
837 0.887095
838 0.732271
839 0.819717
840 0.917332
841 0.849687
842 0.827139
843 0.865918
844 0.793227
845 0.719915
846 0.809009
847 0.836081
848 0.911658
849 0.859151
850 0.851417
851 0.913656
852 0.853944
853 0.855521
854 0.879981
855 0.852359
856 0.806426
857 0.764542
858 0.840532
859 0.904137
860 0.75553
861 0.797736
862 0.813307
863 0.79465
864 0.855712
865 0.83452
866 0.872896
867 0.877358
868 0.70825
869 0.873768
870 0.882212
871 0.837983
872 0.700402
873 0.807331
874 0.73717
875 0.879096
876 0.892722
877 0.900651
878 0.852197
879 0.889455
880 0.837505
881 0.771445
882 0.867192
883 0.839617
884 0.945001
885 0.87553
886 0.84475
887 0.771043
888 0.756503
889 0.831335
890 0.880068
891 0.864575
892 0.916809
893 0.871075
894 0.753002
895 0.907777
896 0.903439
897 0.944135
898 0.900749
899 0.865467
900 0.848023
901 0.820219
902 0.849985
903 0.716094
904 0.82347
905 0.875223
906 0.828408
907 0.875339
908 0.852509
909 0.837262
910 0.839865
911 0.912377
912 0.792168
913 0.874953
914 0.905355
915 0.931794
916 0.769531
917 0.840169
918 0.832732
919 0.820514
920 0.877806
921 0.856121
922 0.879182
923 0.779985
924 0.878939
925 0.863223
926 0.833385
927 0.895098
928 0.833246
929 0.796713
930 0.935477
931 0.905133
932 0.891038
933 0.7924
934 0.744181
935 0.926259
936 0.742068
937 0.892154
938 0.923296
939 0.891718
940 0.741695
941 0.848823
942 0.873325
943 0.853924
944 0.78991
945 0.938287
946 0.805651
947 0.848471
948 0.863122
949 0.794316
950 0.88368
951 0.778563
952 0.882868
953 0.868924
954 0.88303
955 0.863552
956 0.867647
957 0.764011
958 0.818272
959 0.615846
960 0.779947
961 0.863913
962 0.790445
963 0.770189
964 0.901961
965 0.797644
966 0.966168
967 0.837248
968 0.881417
969 0.905128
970 0.834284
971 0.746867
972 0.8393
973 0.859607
974 0.78782
975 0.834116
976 0.915645
977 0.850479
978 0.855629
979 0.796032
980 0.84271
981 0.841598
982 0.866578
983 0.743451
984 0.828934
985 0.856484
986 0.858688
987 0.862945
988 0.772248
989 0.880482
990 0.866909
991 0.874344
992 0.897052
993 0.737534
994 0.897854
995 0.896929
996 0.83736
997 0.787364
998 0.899436
999 0.854134
1000 0.728819
1001 0.890415
1002 0.843688
1003 0.787679
1004 0.846033
1005 0.861967
1006 0.887339
1007 0.763681
1008 0.876371
1009 0.693845
1010 0.930051
1011 0.865248
1012 0.822247
1013 0.915868
1014 0.864206
1015 0.870611
1016 0.911123
1017 0.756031
1018 0.849418
1019 0.738998
1020 0.905945
1021 0.778433
1022 0.804921
1023 0.765462
1024 0.743645
1025 0.847057
1026 0.744025
1027 0.643417
1028 0.772136
1029 0.906679
1030 0.874545
1031 0.822248
1032 0.854581
1033 0.804722
1034 0.850296
1035 0.875135
1036 0.836078
1037 0.86397
1038 0.956363
1039 0.839122
1040 0.862849
1041 0.851126
1042 0.913424
1043 0.80079
1044 0.802965
1045 0.823227
1046 0.779206
1047 0.81318
1048 0.889518
1049 0.868931
1050 0.846297
1051 0.874807
1052 0.895678
1053 0.779619
1054 0.925856
1055 0.955082
1056 0.907139
1057 0.91566
1058 0.843032
1059 0.78943
1060 0.941485
1061 0.888444
1062 0.831424
1063 0.8509
1064 0.886684
1065 0.820642
1066 0.743891
1067 0.801746
1068 0.89528
1069 0.89894
1070 0.848969
1071 0.723498
1072 0.809878
1073 0.878576
1074 0.914952
1075 0.909347
1076 0.891604
1077 0.909253
1078 0.846222
1079 0.80856
1080 0.887401
1081 0.888397
1082 0.834798
1083 0.740164
1084 0.937378
1085 0.878652
1086 0.842004
1087 0.811729
1088 0.766747
1089 0.817226
1090 0.897607
1091 0.885769
1092 0.84948
1093 0.916179
1094 0.922148
1095 0.895396
1096 0.852206
1097 0.925097
1098 0.736122
1099 0.978254
1100 0.808606
1101 0.829902
1102 0.737994
1103 0.847444
1104 0.863151
1105 0.835033
1106 0.8957
1107 0.901748
1108 0.801147
1109 0.78046
1110 0.871136
1111 0.846619
1112 0.832979
1113 0.942885
1114 0.917946
1115 0.925722
1116 0.823882
1117 0.813999
1118 0.859917
1119 0.881119
1120 0.875491
1121 0.869951
1122 0.924972
1123 0.843172
1124 0.885301
1125 0.870291
1126 0.910033
1127 0.960062
1128 0.83815
1129 0.817698
1130 0.914486
1131 0.862841
1132 0.894354
1133 0.905728
1134 0.878236
1135 0.839111
1136 0.901252
1137 0.880563
1138 0.785081
1139 0.917345
1140 0.867276
1141 0.842575
1142 0.838111
1143 0.743237
1144 0.732607
1145 0.924107
1146 0.819665
1147 0.63541
1148 0.916048
1149 0.739422
1150 0.768299
1151 0.861036
1152 0.855202
1153 0.736509
1154 0.799947
1155 0.841774
1156 0.392185
1157 0.516806
1158 0.708245
1159 0.897957
1160 0.896233
1161 0.803989
1162 0.794137
1163 0.874201
1164 0.786605
1165 0.858841
1166 0.850868
1167 0.840973
1168 0.866714
1169 0.874341
1170 0.868671
1171 0.769013
1172 0.804606
1173 0.893601
1174 0.81073
1175 0.852077
1176 0.892837
1177 0.793806
1178 0.856256
1179 0.83184
1180 0.8599
1181 0.828831
1182 0.845492
1183 0.91879
1184 0.780539
1185 0.901549
1186 0.93477
1187 0.974578
1188 0.865355
1189 0.837098
1190 0.880704
1191 0.690447
1192 0.482109
1193 0.786941
1194 0.396701
1195 0.809393
1196 0.952475
1197 0.929057
1198 0.892372
1199 0.695991
1200 0.916388
1201 0.875093
1202 0.901362
1203 0.653221
1204 0.821549
1205 0.862282
1206 0.686219
1207 0.901594
1208 0.841095
1209 0.723
1210 0.894898
1211 0.919144
1212 0.764378
1213 0.906137
1214 0.913836
1215 0.802668
1216 0.60883
1217 0.833909
1218 0.764161
1219 0.929707
1220 0.814453
1221 0.908381
1222 0.637751
1223 0.856378
1224 0.842301
1225 0.907569
1226 0.760877
1227 0.755112
1228 0.903335
1229 0.710274
1230 0.755691
1231 0.512729
1232 0.855502
1233 0.840349
1234 0.904674
1235 0.896856
1236 0.883739
1237 0.724708
1238 0.865706
1239 0.936856
1240 0.859028
1241 0.870473
1242 0.739225
1243 0.870875
1244 0.843524
1245 0.744645
1246 0.715186
1247 0.838999
1248 0.791951
1249 0.913533
1250 0.885281
1251 0.748022
1252 0.612137
1253 0.935173
1254 0.835128
1255 0.782647
1256 0.758512
1257 0.727105
1258 0.841265
1259 0.926355
1260 0.773012
1261 0.705292
1262 0.872439
1263 0.638997
1264 0.837824
1265 0.876897
1266 0.905413
1267 0.955881
1268 0.892005
1269 0.789994
1270 0.931993
1271 0.802063
1272 0.827308
1273 0.820453
1274 0.882761
1275 0.916063
1276 0.937269
1277 0.438436
1278 0.818658
1279 0.811289
1280 0.834967
1281 0.923901
1282 0.836924
1283 0.880034
1284 0.761765
1285 0.851598
1286 0.83031
1287 0.74786
1288 0.798609
1289 0.806397
1290 0.928282
1291 0.847421
1292 0.933203
1293 0.87285
1294 0.911846
1295 0.49355
1296 0.915838
1297 0.467972
1298 0.823325
1299 0.895846
1300 0.740057
1301 0.872793
1302 0.890303
1303 0.874913
1304 0.880372
1305 0.93308
1306 0.845083
1307 0.968144
1308 0.829981
1309 0.818005
1310 0.842377
1311 0.836324
1312 0.857897
1313 0.824083
1314 0.92265
1315 0.831275
1316 0.827937
1317 0.811611
1318 0.866052
1319 0.871057
1320 0.815794
1321 0.791827
1322 0.786721
1323 0.860455
1324 0.877371
1325 0.839517
1326 0.868859
1327 0.786205
1328 0.890517
1329 0.854645
1330 0.975663
1331 0.787577
1332 0.669916
1333 0.852473
1334 0.421798
1335 0.865986
1336 0.829607
1337 0.86692
1338 0.845203
1339 0.73263
1340 0.800348
1341 0.776713
1342 0.756264
1343 0.902261
1344 0.920154
1345 0.928498
1346 0.91962
1347 0.808219
1348 0.817796
1349 0.862296
1350 0.809326
1351 0.90053
1352 0.781662
1353 0.870017
1354 0.882307
1355 0.881125
1356 0.819217
1357 0.874083
1358 0.797
1359 0.804579
1360 0.775986
1361 0.799971
1362 0.825841
1363 0.853556
1364 0.878894
1365 0.823263
1366 0.902937
1367 0.803667
1368 0.787433
1369 0.833588
1370 0.810674
1371 0.918281
1372 0.812317
1373 0.737551
1374 0.843239
1375 0.732806
1376 0.84934
1377 0.662854
1378 0.925399
1379 0.878096
1380 0.834037
1381 0.917644
1382 0.899591
1383 0.928286
1384 0.878603
1385 0.596701
1386 0.93997
1387 0.663876
1388 0.850467
1389 0.832688
1390 0.888971
1391 0.899447
1392 0.842012
1393 0.814048
1394 0.861681
1395 0.879816
1396 0.891934
1397 0.904247
1398 0.919415
1399 0.907043
1400 0.655647
1401 0.722825
1402 0.769964
1403 0.890256
1404 0.901602
1405 0.733072
1406 0.714386
1407 0.929895
1408 0.649718
1409 0.898201
1410 0.927465
1411 0.930167
1412 0.656616
1413 0.89821
1414 0.95837
1415 0.824008
1416 0.761102
1417 0.87181
1418 0.771463
1419 0.797163
1420 0.77388
1421 0.863645
1422 0.848071
1423 0.871099
1424 0.845585
1425 0.874953
1426 0.819032
1427 0.850457
1428 0.874438
1429 0.849839
1430 0.706788
1431 0.913833
1432 0.840343
1433 0.858597
1434 0.853625
1435 0.829632
1436 0.924548
1437 0.926848
1438 0.878465
1439 0.866317
1440 0.885052
1441 0.897293
1442 0.891695
1443 0.79022
1444 0.772966
1445 0.873574
1446 0.879014
1447 0.833322
1448 0.761192
1449 0.820028
1450 0.791295
1451 0.620906
1452 0.830608
1453 0.806994
1454 0.770138
1455 0.847038
1456 0.809779
1457 0.852263
1458 0.91572
1459 0.932145
1460 0.949756
1461 0.928404
1462 0.852737
1463 0.79713
1464 0.89932
1465 0.851863
1466 0.834818
1467 0.897675
1468 0.476754
1469 0.881339
1470 0.523125
1471 0.893688
1472 0.869993
1473 0.912389
1474 0.586795
1475 0.85703
1476 0.959509
1477 0.689072
1478 0.723897
1479 0.875885
1480 0.874438
1481 0.461924
1482 0.878481
1483 0.819679
1484 0.943366
1485 0.838323
1486 0.677637
1487 0.818179
1488 0.780782
1489 0.826756
1490 0.879505
1491 0.870957
1492 0.892726
1493 0.898375
1494 0.872152
1495 0.909319
1496 0.838939
1497 0.859453
1498 0.883097
1499 0.835738
1500 0.862558
1501 0.91144
1502 0.844899
1503 0.806071
1504 0.934625
1505 0.9082
1506 0.878824
1507 0.874934
1508 0.894204
1509 0.738219
1510 0.784379
1511 0.858896
1512 0.722209
1513 0.896168
1514 0.898468
1515 0.911547
1516 0.844519
1517 0.78986
1518 0.838847
1519 0.881164
1520 0.89567
1521 0.842231
1522 0.874918
1523 0.838607
1524 0.865484
1525 0.954198
1526 0.857575
1527 0.803052
1528 0.923769
1529 0.878104
1530 0.912408
1531 0.898576
1532 0.97972
1533 0.896401
1534 0.782373
1535 0.848224
1536 0.767168
1537 0.931919
1538 0.7954
1539 0.942379
1540 0.740316
1541 0.822596
1542 0.823623
1543 0.952908
1544 0.943456
1545 0.80547
1546 0.927809
1547 0.757943
1548 0.799682
1549 0.9175
1550 0.898529
1551 0.916181
1552 0.904001
1553 0.931151
1554 0.873454
1555 0.8903
1556 0.820501
1557 0.836643
1558 0.879793
1559 0.817884
1560 0.902755
1561 0.892895
1562 0.814552
1563 0.87263
1564 0.857605
1565 0.876197
1566 0.837313
1567 0.827802
1568 0.872544
1569 0.902862
1570 0.916203
1571 0.906709
1572 0.83317
1573 0.769961
1574 0.836167
1575 0.497661
1576 0.920958
1577 0.89414
1578 0.765902
1579 0.916335
1580 0.82887
1581 0.875299
1582 0.831276
1583 0.826769
1584 0.881564
1585 0.905465
1586 0.848692
1587 0.812079
1588 0.870159
1589 0.855717
1590 0.832353
1591 0.855813
1592 0.837608
1593 0.893556
1594 0.905197
1595 0.826093
1596 0.919323
1597 0.905978
1598 0.87788
1599 0.855612
1600 0.837999
1601 0.876673
1602 0.793797
1603 0.862617
1604 0.892308
1605 0.824817
1606 0.772742
1607 0.673813
1608 0.804028
1609 0.787624
1610 0.637093
1611 0.600577
1612 0.73157
1613 0.702328
1614 0.868547
1615 0.683296
1616 0.874405
1617 0.853992
1618 0.832904
1619 0.781792
1620 0.812467
1621 0.831571
1622 0.897362
1623 0.85123
1624 0.810006
1625 0.732634
1626 0.793846
1627 0.894692
1628 0.949594
1629 0.937318
1630 0.852567
1631 0.879388
1632 0.893201
1633 0.917656
1634 0.778608
1635 0.902579
1636 0.832541
1637 0.97271
1638 0.830346
1639 0.909644
1640 0.855134
1641 0.498306
1642 0.888071
1643 0.823949
1644 0.903851
1645 0.676124
1646 0.848527
1647 0.540761
1648 0.645071
1649 0.897219
1650 0.765031
1651 0.763772
1652 0.745909
1653 0.807284
1654 0.826803
1655 0.789314
1656 0.81031
1657 0.826467
1658 0.874035
1659 0.810324
1660 0.767613
1661 0.819188
1662 0.902877
1663 0.762634
1664 0.841819
1665 0.840844
1666 0.892345
1667 0.80813
1668 0.78313
1669 0.838925
1670 0.821158
1671 0.754269
1672 0.676514
1673 0.81724
1674 0.888212
1675 0.864961
1676 0.88475
1677 0.850929
1678 0.860966
1679 0.845275
1680 0.797777
1681 0.864136
1682 0.891555
1683 0.788312
1684 0.8698
1685 0.889706
1686 0.849095
1687 0.861651
1688 0.880293
1689 0.878708
1690 0.918438
1691 0.880905
1692 0.60918
1693 0.774888
1694 0.903502
1695 0.929388
1696 0.832004
1697 0.83059
1698 0.951106
1699 0.972753
1700 0.5555
1701 0.818115
1702 0.870534
1703 0.886692
1704 0.904246
1705 0.857372
1706 0.834879
1707 0.819432
1708 0.779766
1709 0.789615
1710 0.830351
1711 0.900324
1712 0.938224
1713 0.889463
1714 0.867742
1715 0.824397
1716 0.857168
1717 0.901348
1718 0.742002
1719 0.914282
1720 0.844891
1721 0.828202
1722 0.954803
1723 0.893644
1724 0.921934
1725 0.854056
1726 0.853029
1727 0.948075
1728 0.857747
1729 0.899212
1730 0.946424
1731 0.896214
1732 0.878451
1733 0.763783
1734 0.881809
1735 0.878023
1736 0.893207
1737 0.72454
1738 0.900965
1739 0.780245
1740 0.623948
1741 0.92601
1742 0.78414
1743 0.788045
1744 0.901973
1745 0.886174
1746 0.807965
1747 0.791933
1748 0.874678
1749 0.893793
1750 0.927392
1751 0.709924
1752 0.831277
1753 0.919368
1754 0.979904
1755 0.860328
1756 0.897166
1757 0.881295
1758 0.887585
1759 0.875235
1760 0.898256
1761 0.850209
1762 0.849343
1763 0.844117
1764 0.884232
1765 0.847253
1766 0.780066
1767 0.804265
1768 0.730078
1769 0.882807
1770 0.913999
1771 0.816487
1772 0.882982
1773 0.928083
1774 0.882695
1775 0.912595
1776 0.890779
1777 0.90338
1778 0.863844
1779 0.910877
1780 0.846275
1781 0.898069
1782 0.855892
1783 0.858777
1784 0.845886
1785 0.956958
1786 0.801049
1787 0.824717
1788 0.954167
1789 0.823215
1790 0.834025
1791 0.909522
1792 0.889314
1793 0.88705
1794 0.834067
1795 0.88707
1796 0.758647
1797 0.856396
1798 0.796344
1799 0.734219
1800 0.874815
1801 0.703034
1802 0.865696
1803 0.846526
1804 0.840152
1805 0.875583
1806 0.866161
1807 0.841687
1808 0.79884
1809 0.783651
1810 0.872176
1811 0.849712
1812 0.819499
1813 0.820554
1814 0.892621
1815 0.916863
1816 0.890494
1817 0.89264
1818 0.784788
1819 0.788951
1820 0.802806
1821 0.884534
1822 0.891234
1823 0.940688
1824 0.966362
1825 0.912192
1826 0.878777
1827 0.925317
1828 0.811573
1829 0.921308
1830 0.908753
1831 0.51665
1832 0.905307
1833 0.852613
1834 0.888431
1835 0.858098
1836 0.864813
1837 0.918357
1838 0.917648
1839 0.823703
1840 0.91922
1841 0.920872
1842 0.876125
1843 0.905338
1844 0.886603
1845 0.898182
1846 0.842485
1847 0.922083
1848 0.796633
1849 0.858535
1850 0.952979
1851 0.887989
1852 0.888411
1853 0.868574
1854 0.804943
1855 0.905737
1856 0.776899
1857 0.88429
1858 0.868394
1859 0.844199
1860 0.921947
1861 0.916891
1862 0.943054
1863 0.818127
1864 0.89801
1865 0.87469
1866 0.888385
1867 0.873956
1868 0.894392
1869 0.876114
1870 0.762094
1871 0.813349
1872 0.823532
1873 0.877365
1874 0.878609
1875 0.879342
1876 0.918306
1877 0.757152
1878 0.898481
1879 0.864611
1880 0.783646
1881 0.90043
1882 0.875813
1883 0.779821
1884 0.845509
1885 0.801037
1886 0.867943
1887 0.764635
1888 0.797748
1889 0.875603
1890 0.96065
1891 0.899354
1892 0.967151
1893 0.718471
1894 0.788189
1895 0.956128
1896 0.926639
1897 0.831158
1898 0.850316
1899 0.88233
1900 0.816477
1901 0.895673
1902 0.826329
1903 0.860515
1904 0.837906
1905 0.910615
1906 0.819732
1907 0.813541
1908 0.894688
1909 0.827818
1910 0.880058
1911 0.471377
1912 0.913088
1913 0.863714
1914 0.84415
1915 0.797201
1916 0.874919
1917 0.81292
1918 0.966886
1919 0.894645
1920 0.911382
1921 0.928642
1922 0.89823
1923 0.859169
1924 0.900048
1925 0.910597
1926 0.877109
1927 0.738104
1928 0.897484
1929 0.436613
1930 0.871104
1931 0.940959
1932 0.846895
1933 0.877406
1934 0.87882
1935 0.855699
1936 0.948188
1937 0.729179
1938 0.821087
1939 0.752309
1940 0.949011
1941 0.896821
1942 0.865702
1943 0.92889
1944 0.928485
1945 0.910366
1946 0.916545
1947 0.694193
1948 0.942749
1949 0.849403
1950 0.826782
1951 0.957586
1952 0.814616
1953 0.461048
1954 0.837027
1955 0.932974
1956 0.871267
1957 0.861586
1958 0.849042
1959 0.758165
1960 0.932334
1961 0.960672
1962 0.799709
1963 0.929248
1964 0.981616
1965 0.888462
1966 0.82212
1967 0.89859
1968 0.923291
1969 0.820518
1970 0.886815
1971 0.957588
1972 0.858317
1973 0.868446
1974 0.892988
1975 0.872977
1976 0.885792
1977 0.687882
1978 0.913608
1979 0.89624
1980 0.882522
1981 0.923947
1982 0.922986
1983 0.859485
1984 0.946656
1985 0.928104
1986 0.911877
1987 0.769335
1988 0.888566
1989 0.905901
1990 0.873367
1991 0.796885
1992 0.829981
1993 0.915973
1994 0.872311
1995 0.915292
1996 0.934705
1997 0.911799
1998 0.844676
1999 0.90426
2000 0.901208
2001 0.869535
2002 0.910842
2003 0.836506
2004 0.874851
2005 0.892271
2006 0.904581
2007 0.881074
2008 0.748858
2009 0.93414
2010 0.929012
2011 0.858566
2012 0.799098
2013 0.832747
2014 0.842907
2015 0.80002
2016 0.816598
2017 0.879425
2018 0.790257
2019 0.801596
2020 0.836762
2021 0.850553
2022 0.739283
2023 0.79084
2024 0.911045
2025 0.737766
2026 0.807159
2027 0.860807
2028 0.833618
2029 0.822647
2030 0.813717
2031 0.960672
2032 0.905364
2033 0.794091
2034 0.860655
2035 0.986158
2036 0.928391
2037 0.729331
2038 0.856596
2039 0.929891
2040 0.706095
2041 0.866265
2042 0.944833
2043 0.907331
2044 0.851226
2045 0.835553
2046 0.835195
2047 0.865385
2048 0.757834
2049 0.922235
2050 0.441595
2051 0.886134
2052 0.84061
2053 0.927877
2054 0.925393
2055 0.943287
2056 0.943832
2057 0.883934
2058 0.895006
2059 0.963389
2060 0.914288
2061 0.495307
2062 0.940255
2063 0.959397
2064 0.881576
2065 0.824181
2066 0.918576
2067 0.980954
2068 0.837867
2069 0.897291
2070 0.802378
2071 0.809931
2072 0.810997
2073 0.806382
2074 0.690384
2075 0.778382
2076 0.88358
2077 0.966954
2078 0.799163
2079 0.906735
2080 0.820794
2081 0.935049
2082 0.980965
2083 0.733016
2084 0.881749
2085 0.843244
2086 0.76934
2087 0.926991
2088 0.930035
2089 0.939299
2090 0.9082
2091 0.926002
2092 0.84218
2093 0.741244
2094 0.895004
2095 0.866193
2096 0.925448
2097 0.810438
2098 0.943464
2099 0.931052
2100 0.933897
2101 0.875191
2102 0.794504
2103 0.778588
2104 0.910247
2105 0.981133
2106 0.953008
2107 0.842484
2108 0.926389
2109 0.904189
2110 0.947279
2111 0.936007
2112 0.957788
2113 0.920675
2114 0.819304
2115 0.931148
2116 0.86161
2117 0.939573
2118 0.907095
2119 0.914731
2120 0.914376
2121 0.965196
2122 0.921317
2123 0.775022
2124 0.852355
2125 0.880304
2126 0.850771
2127 0.828746
2128 0.636034
2129 0.867171
2130 0.799943
2131 0.809199
2132 0.851757
2133 0.911223
2134 0.75635
2135 0.899633
2136 0.634768
2137 0.949661
2138 0.482774
2139 0.821875
2140 0.836875
2141 0.689901
2142 0.856176
2143 0.94438
2144 0.822292
2145 0.767781
2146 0.831157
2147 0.954451
2148 0.863314
2149 0.893347
2150 0.778291
2151 0.853061
2152 0.859965
2153 0.786634
2154 0.747718
2155 0.880191
2156 0.741795
2157 0.937806
2158 0.876129
2159 0.811401
2160 0.846468
2161 0.905785
2162 0.702311
2163 0.907393
2164 0.817867
2165 0.859225
2166 0.787044
2167 0.916844
2168 0.886992
2169 0.775905
2170 0.816016
2171 0.785967
2172 0.918018
2173 0.849637
2174 0.728749
2175 0.911349
2176 0.728171
2177 0.876354
2178 0.842416
2179 0.923567
2180 0.885584
2181 0.897915
2182 0.847968
2183 0.717723
2184 0.797046
2185 0.661387
2186 0.901497
2187 0.944152
2188 0.910595
2189 0.964619
2190 0.951409
2191 0.649745
2192 0.864964
2193 0.90182
2194 0.918375
2195 0.885546
2196 0.945134
2197 0.781442
2198 0.905107
2199 0.92523
2200 0.860843
2201 0.912378
2202 0.878501
2203 0.858886
2204 0.911818
2205 0.90364
2206 0.891767
2207 0.904993
2208 0.87793
2209 0.832175
2210 0.848463
2211 0.849843
2212 0.852595
2213 0.815477
2214 0.931243
2215 0.917817
2216 0.875101
2217 0.912285
2218 0.802221
2219 0.69156
2220 0.884005
2221 0.842752
2222 0.926947
2223 0.900716
2224 0.906396
2225 0.90226
2226 0.851217
2227 0.883266
2228 0.894546
2229 0.864665
2230 0.693457
2231 0.805483
2232 0.9104
2233 0.924005
2234 0.804215
2235 0.755835
2236 0.872115
2237 0.868832
2238 0.891965
2239 0.871633
2240 0.927042
2241 0.679742
2242 0.649098
2243 0.856877
2244 0.883927
2245 0.945163
2246 0.900534
2247 0.935194
2248 0.914431
2249 0.74443
2250 0.9557
2251 0.918957
2252 0.897499
2253 0.758566
2254 0.753778
2255 0.907288
2256 0.900517
2257 0.84705
2258 0.861665
2259 0.898121
2260 0.895098
2261 0.858413
2262 0.848235
2263 0.912614
2264 0.894978
2265 0.872871
2266 0.908134
2267 0.903316
2268 0.896013
2269 0.901814
2270 0.836793
2271 0.905475
2272 0.887282
2273 0.873636
2274 0.764883
2275 0.793634
2276 0.871909
2277 0.732692
2278 0.842052
2279 0.866486
2280 0.855245
2281 0.757024
2282 0.909679
2283 0.867508
2284 0.853751
2285 0.906158
2286 0.843664
2287 0.899025
2288 0.899164
2289 0.931029
2290 0.917993
2291 0.901144
2292 0.907924
2293 0.841743
2294 0.962523
2295 0.812393
2296 0.878911
2297 0.889341
2298 0.891508
2299 0.891412
2300 0.821119
2301 0.85536
2302 0.684894
2303 0.697865
2304 0.945493
2305 0.909721
2306 0.938747
2307 0.895659
2308 0.869473
2309 0.908977
2310 0.759935
2311 0.801625
2312 0.928263
2313 0.919208
2314 0.718901
2315 0.970704
2316 0.91114
2317 0.752629
2318 0.958137
2319 0.897029
2320 0.891782
2321 0.840528
2322 0.804128
2323 0.872558
2324 0.797571
2325 0.422326
2326 0.434319
2327 0.773249
2328 0.854675
2329 0.783199
2330 0.860899
2331 0.893217
2332 0.860097
2333 0.438445
2334 0.785331
2335 0.898242
2336 0.911983
2337 0.470433
2338 0.867819
2339 0.758654
2340 0.82113
2341 0.809473
2342 0.826041
2343 0.796601
2344 0.461491
2345 0.775093
2346 0.824852
2347 0.780494
2348 0.83382
2349 0.778934
2350 0.773591
2351 0.6071
2352 0.514242
2353 0.71473
2354 0.751712
2355 0.498528
2356 0.6091
2357 0.598681
2358 0.535208
2359 0.733994
2360 0.789666
2361 0.606685
2362 0.667561
2363 0.763919
2364 0.697492
2365 0.666021
2366 0.766218
2367 0.491313
2368 0.483507
2369 0.815204
2370 0.847222
2371 0.892179
2372 0.508785
2373 0.935011
2374 0.86517
2375 0.918184
2376 0.931788
2377 0.63075
2378 0.814194
2379 0.421898
2380 0.635989
2381 0.754876
2382 0.694159
2383 0.629429
2384 0.499138
2385 0.829527
2386 0.776799
2387 0.486877
2388 0.830195
2389 0.866819
2390 0.824531
2391 0.746125
2392 0.817087
2393 0.804335
2394 0.483664
2395 0.76459
2396 0.866413
2397 0.407281
2398 0.831756
2399 0.723994
2400 0.793208
2401 0.708094
2402 0.898862
2403 0.699668
2404 0.773236
2405 0.865481
2406 0.883266
2407 0.861667
2408 0.86557
2409 0.902531
2410 0.821443
2411 0.914411
2412 0.837061
2413 0.905763
2414 0.894889
2415 0.856039
2416 0.839796
2417 0.877661
2418 0.558815
2419 0.850534
2420 0.75183
2421 0.680737
2422 0.461134
2423 0.68668
2424 0.606238
2425 0.601834
2426 0.633605
2427 0.759516
2428 0.473772
2429 0.508287
2430 0.633366
2431 0.781446
2432 0.596068
2433 0.79284
2434 0.794702
2435 0.811266
2436 0.529749
2437 0.651845
2438 0.43371
2439 0.828051
2440 0.530428
2441 0.945884
2442 0.713908
2443 0.60053
2444 0.617577
2445 0.464337
2446 0.451501
2447 0.563815
2448 0.600594
2449 0.475793
2450 0.598742
2451 0.588031
2452 0.731546
2453 0.957548
2454 0.492397
2455 0.673861
2456 0.708913
2457 0.483025
2458 0.631425
2459 0.776009
2460 0.636632
2461 0.582627
2462 0.481939
2463 0.487861
2464 0.59721
2465 0.728549
2466 0.361443
2467 0.129955
2468 0.0234843
2469 0.352883
2470 0.239926
2471 0.266534
2472 0.285248
2473 0.122326
2474 0.169253
2475 0.434124
2476 0.242863
2477 0.100039
2478 0.0279531
2479 0.192902
2480 0.19381
2481 0.206361
2482 0.187319
2483 0.150734
2484 0.0828123
2485 0.156067
2486 0.332153
2487 0.338402
2488 0.0397062
2489 0.199474
2490 0.189578
2491 0.20877
2492 0.167722
2493 0.0405609
2494 0.177769
2495 0.066002
2496 0.223024
2497 0.160075
2498 0.311944
2499 0.189461
2500 0.161027
2501 0.0829572
2502 0.191774
2503 0.227852
2504 0.461438
2505 0.334564
2506 0.326209
2507 0.348066
2508 0.318227
2509 0.0561113
2510 0.401354
2511 0.218964
2512 0.4041
2513 0.380079
2514 0.0443021
2515 0.33146
2516 0.400416
2517 0.121169
2518 0.308929
2519 0.209791
2520 0.404025
2521 0.0913387
2522 0.0154912
2523 0.0770238
2524 0.051729
2525 0.260832
2526 0.119491
2527 0.296621
2528 0.28669
2529 0.216068
2530 0.0499137
2531 0.0337113
2532 0.37646
2533 0.352472
2534 0.348983
2535 0.184219
2536 0.172751
2537 0.166313
2538 0.00884113
2539 0.23374
2540 0.149307
2541 0.176939
2542 0.0258941
2543 0.0331453
2544 0.295512
2545 0.131163
2546 0.216986
2547 0.160001
2548 0.11618
2549 0.0577127
2550 0.142236
2551 0.128129
2552 0.0507847
2553 0.274527
2554 0.450434
2555 0.0256485
2556 0.310261
2557 0.271633
2558 0.264296
2559 0.237669
2560 0.0673293
2561 0.725682
2562 0.0253356
2563 0.193604
2564 0.17024
2565 0.273193
2566 0.320533
2567 0.205113
2568 0.249613
2569 0.184392
2570 0.914948
2571 0.010985
2572 0.396539
2573 0.334686
2574 0.579628
2575 0.0119334
2576 0.121988
2577 0.630608
2578 0.307602
2579 0.332451
2580 0.628579
2581 0.0797567
2582 0.0769161
2583 0.0489681
2584 0.323307
2585 0.187838
2586 0.318816
2587 0.0791646
2588 0.320034
2589 0.296331
2590 0.2426
2591 0.141689
2592 0.0662136
2593 0.262349
2594 0.271246
2595 0.175195
2596 0.18662
2597 0.118087
2598 0.0180674
2599 0.183541
2600 0.128482
2601 0.188838
2602 0.267547
2603 0.0784516
2604 0.180075
2605 0.165016
2606 0.16235
2607 0.0654671
2608 0.177346
2609 0.281692
2610 0.0489123
2611 0.285933
2612 0.284441
2613 0.215212
2614 0.183393
2615 0.0802754
2616 0.171399
2617 0.177711
2618 0.161992
2619 0.0163239
2620 0.0877116
2621 0.168514
2622 0.175534
2623 0.174481
2624 0.234794
2625 0.229244
2626 0.378162
2627 0.195886
2628 0.0491787
2629 0.167878
2630 0.193573
2631 0.0709599
2632 0.454801
2633 0.197953
2634 0.134983
2635 0.399745
2636 0.250199
2637 0.285769
2638 0.0964403
2639 0.288401
2640 0.227462
2641 0.222323
2642 0.126646
2643 0.318304
2644 0.327505
2645 0.318829
2646 0.326265
2647 0.338817
2648 0.320088
2649 0.34419
2650 0.338497
2651 0.323354
2652 0.40281
2653 0.319212
2654 0.307684
2655 0.068136
2656 0.0935619
2657 0.252952
2658 0.370179
2659 0.241776
2660 0.398176
2661 0.380751
2662 0.319202
2663 0.38004
2664 0.582598
2665 0.371854
2666 0.161013
2667 0.169809
2668 0.336425
2669 0.404009
2670 0.401896
2671 0.397779
2672 0.0365992
2673 0.345654
2674 0.394029
2675 0.208445
2676 0.223917
2677 0.223466
2678 0.0341222
2679 0.199027
2680 0.037814
2681 0.185921
2682 0.150097
2683 0.181473
2684 0.102408
2685 0.192013
2686 0.200906
2687 0.102724
2688 0.401674
2689 0.344083
2690 0.394437
2691 0.337277
2692 0.0913085
2693 0.157933
2694 0.279911
2695 0.151247
2696 0.0519276
2697 0.0411523
2698 0.206301
2699 0.288903
2700 0.167825
2701 0.406058
2702 0.253519
2703 0.11869
2704 0.0436265
2705 0.0565411
2706 0.273161
2707 0.214043
2708 0.230968
2709 0.136979
2710 0.477879
2711 0.0352187
2712 0.164763
2713 0.111749
2714 0.037297
2715 0.0539147
2716 0.0564706
2717 0.251847
2718 0.107808
2719 0.172285
2720 0.0763697
2721 0.161204
2722 0.0727659
2723 0.223702
2724 0.241087
2725 0.0351141
2726 0.233307
2727 0.22847
2728 0.262674
2729 0.049625
2730 0.32462
2731 0.0316541
2732 0.157579
2733 0.250051
2734 0.185104
2735 0.061924
2736 0.0565887
2737 0.169522
2738 0.189005
2739 0.21668
2740 0.177193
2741 0.283587
2742 0.0577361
2743 0.00908805
2744 0.0101883
2745 0.0161596
2746 0.362732
2747 0.226574
2748 0.0379886
2749 0.128625
2750 0.0568336
2751 0.19143
2752 0.188718
2753 0.049574
2754 0.180098
2755 0.0429392
2756 0.0532756
2757 0.115659
2758 0.130778
2759 0.0320283
2760 0.318366
2761 0.0312711
2762 0.0527651
2763 0.0831382
2764 0.155748
2765 0.232627
2766 0.0674171
2767 0.245011
2768 0.276846
2769 0.0331318
2770 0.0349626
2771 0.0987704
2772 0.0461035
2773 0.0388722
2774 0.178551
2775 0.164597
2776 0.24151
2777 0.052099
2778 0.0647665
2779 0.21018
2780 0.0940462
2781 0.393702
2782 0.30756
2783 0.332143
2784 0.401693
2785 0.345816
2786 0.381882
2787 0.336346
2788 0.314209
2789 0.394035
2790 0.0740389
2791 0.338759
2792 0.40024
2793 0.371882
2794 0.394355
2795 0.403926
2796 0.342828
2797 0.402996
2798 0.400234
2799 0.380887
2800 0.388824
2801 0.327499
2802 0.375905
2803 0.337062
2804 0.388812
2805 0.334574
2806 0.34793
2807 0.394016
2808 0.380507
2809 0.382047
2810 0.342991
2811 0.380404
2812 0.31422
2813 0.396592
2814 0.0674758
2815 0.394203
2816 0.0806191
2817 0.21084
2818 0.200281
2819 0.221378
2820 0.211803
2821 0.227861
2822 0.227513
2823 0.230479
2824 0.223561
2825 0.221208
2826 0.226153
2827 0.212551
2828 0.221387
2829 0.19109
2830 0.197647
2831 0.185835
2832 0.112508
2833 0.179922
2834 0.177403
2835 0.0295876
2836 0.100422
2837 0.222496
2838 0.231997
2839 0.266186
2840 0.303024
2841 0.069747
2842 0.214697
2843 0.173356
2844 0.0396637
2845 0.211838
2846 0.184804
2847 0.0457086
2848 0.030469
2849 0.177728
2850 0.142723
2851 0.194081
2852 0.22089
2853 0.0609664
2854 0.0538699
2855 0.207225
2856 0.197807
2857 0.0437244
2858 0.226896
2859 0.200258
2860 0.278718
2861 0.220079
2862 0.264329
2863 0.275775
2864 0.0756388
2865 0.0772763
2866 0.206015
2867 0.174292
2868 0.0617895
2869 0.0630861
2870 0.047957
2871 0.565295
2872 0.326335
2873 0.116706
2874 0.145954
2875 0.0498127
2876 0.191974
2877 0.140567
2878 0.259546
2879 0.10131
2880 0.284752
2881 0.0555096
2882 0.151184
2883 0.1819
2884 0.0388151
2885 0.0734672
2886 0.112854
2887 0.265531
2888 0.717869
2889 0.0259221
2890 0.0746439
2891 0.242923
2892 0.135713
2893 0.150309
2894 0.131893
2895 0.0298675
2896 0.124503
2897 0.208372
2898 0.0238246
2899 0.102564
2900 0.0655823
2901 0.0315887
2902 0.0463948
2903 0.171512
2904 0.0465771
2905 0.196617
2906 0.197496
2907 0.025631
2908 0.154251
2909 0.163456
2910 0.124889
2911 0.227857
2912 0.0423374
2913 0.0744576
2914 0.0448508
2915 0.0181538
2916 0.168194
2917 0.240935
2918 0.0862544
2919 0.0960122
2920 0.203829
2921 0.164868
2922 0.274088
2923 0.235472
2924 0.183419
2925 0.131808
2926 0.156184
2927 0.0739472
2928 0.172821
2929 0.146545
2930 0.0537679
2931 0.0521266
2932 0.207667
2933 0.038861
2934 0.0671328
2935 0.0922408
2936 0.247999
2937 0.0206168
2938 0.131941
2939 0.021114
2940 0.127799
2941 0.0650746
2942 0.0873488
2943 0.0999038
2944 0.0441971
2945 0.0486048
2946 0.08675
2947 0.0910474
2948 0.0842908
2949 0.123951
2950 0.138759
2951 0.0396602
2952 0.187782
2953 0.0496729
2954 0.188325
2955 0.0838016
2956 0.0279403
2957 0.183796
2958 0.0540483
2959 0.047845
2960 0.20596
2961 0.260204
2962 0.131696
2963 0.226831
2964 0.0379217
2965 0.14888
2966 0.0223791
2967 0.209905
2968 0.319035
2969 0.384223
2970 0.0760256
2971 0.0657741
2972 0.176783
2973 0.189203
2974 0.214987
2975 0.615664
2976 0.562493
2977 0.585643
2978 0.0437632
2979 0.158519
2980 0.18065
2981 0.0733181
2982 0.0990397
2983 0.0433532
2984 0.115058
2985 0.186252
2986 0.0816561
2987 0.172992
2988 0.243041
2989 0.155467
2990 0.151989
2991 0.191297
2992 0.146625
2993 0.140955
2994 0.195459
2995 0.168313
2996 0.136058
2997 0.175469
2998 0.174278
2999 0.0601132
3000 0.102971
3001 0.576848
3002 0.803379
3003 0.831009
3004 0.0812505
3005 0.139021
3006 0.0463547
3007 0.0170654
3008 0.0217596
3009 0.0209905
3010 0.211687
3011 0.0413563
3012 0.0778976
3013 0.0851373
3014 0.0961658
3015 0.0591599
3016 0.0166707
3017 0.00547101
3018 0.267051
3019 0.279719
3020 0.345842
3021 0.347194
3022 0.0124825
3023 0.0171789
3024 0.359427
3025 0.0506544
3026 0.0465002
3027 0.167388
3028 0.129797
3029 0.29689
3030 0.289618
3031 0.0457459
3032 0.0135969
3033 0.0139862
3034 0.577756
3035 0.35618
3036 0.249132
3037 0.324864
3038 0.620555
3039 0.548491
3040 0.174073
3041 0.285239
3042 0.0904159
3043 0.0689586
3044 0.207444
3045 0.473116
3046 0.0842008
3047 0.58192
3048 0.18909
3049 0.0795765
3050 0.256194
3051 0.275533
3052 0.102566
3053 0.0402278
3054 0.350887
3055 0.0886189
3056 0.0492378
3057 0.137946
3058 0.0690024
3059 0.0853151
3060 0.0516637
3061 0.355078
3062 0.218522
3063 0.268582
3064 0.157012
3065 0.0716951
3066 0.103977
3067 0.0984125
3068 0.166384
3069 0.0863106
3070 0.13354
3071 0.214129
3072 0.1207
3073 0.0905295
3074 0.245905
3075 0.0358114
3076 0.068763
3077 0.275763
3078 0.0270492
3079 0.00736704
3080 0.357896
3081 0.105965
3082 0.200133
3083 0.249485
3084 0.621715
3085 0.213371
3086 0.0358748
3087 0.191704
3088 0.0142491
3089 0.0524967
3090 0.0692426
3091 0.282824
3092 0.198202
3093 0.299527
3094 0.0268571
3095 0.0193252
3096 0.258044
3097 0.258142
3098 0.240274
3099 0.38946
3100 0.209181
3101 0.0129231
3102 0.310792
3103 0.149086
3104 0.0344913
3105 0.16383
3106 0.301579
3107 0.297525
3108 0.15122
3109 0.143509
3110 0.172427
3111 0.0464171
3112 0.036171
3113 0.0556657
3114 0.0338323
3115 0.289168
3116 0.254719
3117 0.10348
3118 0.0943735
3119 0.214113
3120 0.274487
3121 0.158245
3122 0.400486
3123 0.306203
3124 0.188791
3125 0.163969
3126 0.100576
3127 0.177955
3128 0.112404
3129 0.0474485
3130 0.0803667
3131 0.0800485
3132 0.209403
3133 0.209093
3134 0.22689
3135 0.117778
3136 0.0411591
3137 0.0690171
3138 0.234199
3139 0.032872
3140 0.211226
3141 0.339981
3142 0.233615
3143 0.0866502
3144 0.179353
3145 0.336423
3146 0.112919
3147 0.356557
3148 0.229009
3149 0.177103
3150 0.210082
3151 0.118103
3152 0.199143
3153 0.113647
3154 0.0584081
3155 0.243058
3156 0.308355
3157 0.233202
3158 0.216121
3159 0.209808
3160 0.230393
3161 0.381371
3162 0.0580606
3163 0.0980536
3164 0.157201
3165 0.270695
3166 0.0371648
3167 0.134747
3168 0.356446
3169 0.297065
3170 0.242232
3171 0.172582
3172 0.176753
3173 0.197082
3174 0.0576078
3175 0.0264708
3176 0.333932
3177 0.0841055
3178 0.273623
3179 0.402023
3180 0.0474459
3181 0.0763434
3182 0.329332
3183 0.0937309
3184 0.0696678
3185 0.128404
3186 0.513154
3187 0.0407876
3188 0.0942837
3189 0.0910774
3190 0.136075
3191 0.0389323
3192 0.22846
3193 0.0472204
3194 0.15051
3195 0.0582174
3196 0.344948
3197 0.218551
3198 0.243805
3199 0.193545
3200 0.212934
3201 0.0589611
3202 0.172816
3203 0.333782
3204 0.358724
3205 0.142414
3206 0.071631
3207 0.153767
3208 0.175733
3209 0.109531
3210 0.0994812
3211 0.0402267
3212 0.247372
3213 0.0450637
3214 0.087096
3215 0.11578
3216 0.0777944
3217 0.276344
3218 0.0691784
3219 0.142662
3220 0.0560537
3221 0.0499223
3222 0.229263
3223 0.131288
3224 0.187586
3225 0.283428
3226 0.14205
3227 0.362592
3228 0.348437
3229 0.181703
3230 0.169951
3231 0.165071
3232 0.217551
3233 0.232498
3234 0.235607
3235 0.249029
3236 0.106235
3237 0.0379679
3238 0.0891522
3239 0.198564
3240 0.0736708
3241 0.0919749
3242 0.240621
3243 0.162605
3244 0.156848
3245 0.287812
3246 0.049858
3247 0.175783
3248 0.276132
3249 0.377176
3250 0.250297
3251 0.260962
3252 0.302657
3253 0.310962
3254 0.279854
3255 0.222132
3256 0.281589
3257 0.182726
3258 0.118626
3259 0.224318
3260 0.237619
3261 0.118321
3262 0.148711
3263 0.408992
3264 0.445356
3265 0.230606
3266 0.160179
3267 0.253426
3268 0.0321112
3269 0.0688036
3270 0.354737
3271 0.204795
3272 0.0571195
3273 0.0774571
3274 0.113385
3275 0.104933
3276 0.0439812
3277 0.171217
3278 0.0674471
3279 0.111775
3280 0.341736
3281 0.243513
3282 0.0443795
3283 0.297402
3284 0.176839
3285 0.0944973
3286 0.0996371
3287 0.0679854
3288 0.0300751
3289 0.0532059
3290 0.13139
3291 0.25341
3292 0.196847
3293 0.190187
3294 0.453289
3295 0.269078
3296 0.0281087
3297 0.188891
3298 0.192224
3299 0.0703651
3300 0.23116
3301 0.0863809
3302 0.103792
3303 0.29778
3304 0.347851
3305 0.0480758
3306 0.21629
3307 0.326548
3308 0.0339059
3309 0.111636
3310 0.291243
3311 0.480361
3312 0.210801
3313 0.404712
3314 0.259722
3315 0.0994776
3316 0.141168
3317 0.163814
3318 0.268586
3319 0.171263
3320 0.165868
3321 0.0453063
3322 0.150278
3323 0.274922
3324 0.1849
3325 0.0372555
3326 0.062182
3327 0.204681
3328 0.106299
3329 0.349077
3330 0.318693
3331 0.0619896
3332 0.18938
3333 0.0745255
3334 0.0607516
3335 0.0536992
3336 0.336872
3337 0.210166
3338 0.257863
3339 0.221099
3340 0.246908
3341 0.39376
3342 0.254087
3343 0.338292
3344 0.350838
3345 0.405055
3346 0.0680696
3347 0.0982328
3348 0.141746
3349 0.0881195
3350 0.0665651
3351 0.0261117
3352 0.117738
3353 0.0879345
3354 0.101758
3355 0.252168
3356 0.272517
3357 0.0820332
3358 0.0414877
3359 0.136718
3360 0.379014
3361 0.335149
3362 0.262453
3363 0.415793
3364 0.0897904
3365 0.0888707
3366 0.103294
3367 0.0584224
3368 0.129374
3369 0.196607
3370 0.0383927
3371 0.231175
3372 0.054397
3373 0.164588
3374 0.0453525
3375 0.314981
3376 0.202801
3377 0.199092
3378 0.104966
3379 0.397857
3380 0.0353133
3381 0.0423025
3382 0.224681
3383 0.181691
3384 0.049613
3385 0.400042
3386 0.268674
3387 0.214293
3388 0.0334024
3389 0.144828
3390 0.0337239
3391 0.135148
3392 0.142293
3393 0.22578
3394 0.72833
3395 0.444124
3396 0.328188
3397 0.480167
3398 0.548924
3399 0.338277
3400 0.162047
3401 0.093768
3402 0.0462527
3403 0.134733
3404 0.800069
3405 0.242794
3406 0.732655
3407 0.48492
3408 0.0997687
3409 0.127295
3410 0.0389695
3411 0.0394718
3412 0.0813975
3413 0.266321
3414 0.154489
3415 0.343191
3416 0.101329
3417 0.194348
3418 0.1713
3419 0.740509
3420 0.672386
3421 0.316097
3422 0.0185048
3423 0.0145267
3424 0.0619404
3425 0.0145802
3426 0.0257504
3427 0.119967
3428 0.0714992
3429 0.0832311
3430 0.477991
3431 0.237437
3432 0.0810542
3433 0.0594598
3434 0.16059
3435 0.576065
3436 0.0894772
3437 0.0663955
3438 0.0334803
3439 0.102212
3440 0.307567
3441 0.0269064
3442 0.0313182
3443 0.15244
3444 0.0470018
3445 0.0295141
3446 0.267879
3447 0.0540295
3448 0.24966
3449 0.028859
3450 0.136722
3451 0.249373
3452 0.037599
3453 0.203903
3454 0.235399
3455 0.146936
3456 0.0568152
3457 0.136983
3458 0.2126
3459 0.0919448
3460 0.0264287
3461 0.170071
3462 0.22452
3463 0.268985
3464 0.169038
3465 0.151745
3466 0.0837088
3467 0.230915
3468 0.129816
3469 0.287183
3470 0.0471931
3471 0.149872
3472 0.0293424
3473 0.0511012
3474 0.1593
3475 0.156477
3476 0.248813
3477 0.193431
3478 0.188651
3479 0.161176
3480 0.202814
3481 0.158767
3482 0.0324908
3483 0.257773
3484 0.164843
3485 0.215453
3486 0.15437
3487 0.242467
3488 0.0530417
3489 0.227687
3490 0.253729
3491 0.109531
3492 0.0305498
3493 0.10888
3494 0.0615873
3495 0.0236113
3496 0.024563
3497 0.0263431
3498 0.179853
3499 0.131877
3500 0.191094
3501 0.135221
3502 0.198671
3503 0.208001
3504 0.035476
3505 0.153459
3506 0.0109709
3507 0.0588149
3508 0.185892
3509 0.0311219
3510 0.141236
3511 0.038329
3512 0.180793
3513 0.149285
3514 0.0273224
3515 0.194267
3516 0.161566
3517 0.0402441
3518 0.0786244
3519 0.149618
3520 0.156485
3521 0.016056
3522 0.373441
3523 0.0820046
3524 0.433882
3525 0.0826113
3526 0.337864
3527 0.272321
3528 0.270278
3529 0.114135
3530 0.0837916
3531 0.0285558
3532 0.225552
3533 0.0946534
3534 0.168308
3535 0.164992
3536 0.0588085
3537 0.155555
3538 0.100073
3539 0.187122
3540 0.133318
3541 0.0489292
3542 0.231716
3543 0.012458
3544 0.184249
3545 0.0377228
3546 0.132301
3547 0.041742
3548 0.0692111
3549 0.138928
3550 0.0240321
3551 0.075125
3552 0.0319895
3553 0.0899792
3554 0.0242783
3555 0.00624225
3556 0.029916
3557 0.148553
3558 0.37727
3559 0.415891
3560 0.0242976
3561 0.0214386
3562 0.012134
3563 0.214239
3564 0.150262
3565 0.0368891
3566 0.0172113
3567 0.245006
3568 0.342696
3569 0.454059
3570 0.0353202
3571 0.358906
3572 0.366648
3573 0.0123368
3574 0.0355494
3575 0.0342983
3576 0.0360283
3577 0.0309744
3578 0.313857
3579 0.0404436
3580 0.0313314
3581 0.421893
3582 0.00789982
3583 0.257197
3584 0.324925
3585 0.3349
3586 0.0303715
3587 0.219595
3588 0.125659
3589 0.168968
3590 0.0450478
3591 0.269726
3592 0.360248
3593 0.0506923
3594 0.0294676
3595 0.350391
3596 0.293332
3597 0.292142
3598 0.0318547
3599 0.355159
3600 0.318713
3601 0.346603
3602 0.338836
3603 0.361284
3604 0.150604
3605 0.358385
3606 0.0321934
3607 0.333909
3608 0.336299
3609 0.0311681
3610 0.327812
3611 0.353315
3612 0.362668
3613 0.0239077
3614 0.0327533
3615 0.0371158
3616 0.337104
3617 0.0300837
3618 0.0842491
3619 0.376115
3620 0.305588
3621 0.102104
3622 0.2981
3623 0.283675
3624 0.0238839
3625 0.0232608
3626 0.0902208
3627 0.0991171
3628 0.37301
3629 0.0411403
3630 0.0411663
3631 0.019683
3632 0.0245837
3633 0.0239423
3634 0.0154842
3635 0.0511391
3636 0.179285
3637 0.156786
3638 0.0225581
3639 0.0348991
3640 0.0306216
3641 0.0286685
3642 0.021592
3643 0.128819
3644 0.299965
3645 0.315226
3646 0.119842
3647 0.121155
3648 0.314957
3649 0.353583
3650 0.173394
3651 0.323696
3652 0.0410791
3653 0.0250547
3654 0.198264
3655 0.0244765
3656 0.394042
3657 0.33421
3658 0.191228
3659 0.407654
3660 0.273159
3661 0.327359
3662 0.110854
3663 0.360134
3664 0.175353
3665 0.330908
3666 0.327053
3667 0.336663
3668 0.0332429
3669 0.305862
3670 0.042811
3671 0.0142304
3672 0.0296968
3673 0.0996673
3674 0.00933101
3675 0.0194843
3676 0.0157819
3677 0.00801723
3678 0.00396676
3679 0.0524256
3680 0.223489
3681 0.441525
3682 0.0384145
3683 0.0172645
3684 0.0330036
3685 0.033698
3686 0.0141341
3687 0.0099033
3688 0.0150324
3689 0.334292
3690 0.345286
3691 0.0740854
3692 0.252982
3693 0.0673369
3694 0.066187
3695 0.0289261
3696 0.13849
3697 0.0289575
3698 0.022576
3699 0.118829
3700 0.051934
3701 0.430953
3702 0.324236
3703 0.0250762
3704 0.101335
3705 0.105665
3706 0.117873
3707 0.043136
3708 0.298171
3709 0.0311387
3710 0.0138199
3711 0.0698264
3712 0.00728761
3713 0.00381353
3714 0.025444
3715 0.0259733
3716 0.0514941
3717 0.0436732
3718 0.0125833
3719 0.0586983
3720 0.014127
3721 0.228601
3722 0.248091
3723 0.0298447
3724 0.040524
3725 0.0063607
3726 0.00814156
3727 0.029524
3728 0.0266854
3729 0.116372
3730 0.0954818
3731 0.0190949
3732 0.00431251
3733 0.0298907
3734 0.0094029
3735 0.0253315
3736 0.035196
3737 0.0652519
3738 0.15227
3739 0.292366
3740 0.160264
3741 0.0390288
3742 0.0306008
3743 0.159282
3744 0.229918
3745 0.0171982
3746 0.0276822
3747 0.00865821
3748 0.200403
3749 0.17273
3750 0.320438
3751 0.00753187
3752 0.04144
3753 0.302311
3754 0.0258439
3755 0.0479132
3756 0.0230717
3757 0.183539
3758 0.335549
3759 0.0347742
3760 0.0166534
3761 0.185312
3762 0.0397577
3763 0.0137832
3764 0.0136427
3765 0.0440838
3766 0.207282
3767 0.0322956
3768 0.230384
3769 0.0203078
3770 0.018013
3771 0.0631071
3772 0.0916925
3773 0.148511
3774 0.293281
3775 0.178959
3776 0.114148
3777 0.0749153
3778 0.0388108
3779 0.377352
3780 0.323834
3781 0.0323805
3782 0.337049
3783 0.337409
3784 0.176327
3785 0.382266
3786 0.0380036
3787 0.0296289
3788 0.0258363
3789 0.0206886
3790 0.214232
3791 0.378095
3792 0.158657
3793 0.0344121
3794 0.00231159
3795 0.0758303
3796 0.159994
3797 0.0277206
3798 0.20126
3799 0.218676
3800 0.191377
3801 0.0520026
3802 0.380184
3803 0.304948
3804 0.182248
3805 0.181345
3806 0.168129
3807 0.0107635
3808 0.00227464
3809 0.0335452
3810 0.175109
3811 0.130155
3812 0.0491983
3813 0.0433584
3814 0.00289676
3815 0.0398173
3816 0.0143829
3817 0.0037746
3818 0.00209851
3819 0.328241
3820 0.0101602
3821 0.00552273
3822 0.00758482
3823 0.0952739
3824 0.305094
3825 0.0670115
3826 0.0766567
3827 0.1994
3828 0.0244427
3829 0.0114956
3830 0.00678858
3831 0.00438772
3832 0.00490724
3833 0.227154
3834 0.00371776
3835 0.312848
3836 0.0761235
3837 0.00227983
3838 0.0806218
3839 0.0462189
3840 0.0185206
3841 0.141131
3842 0.030984
3843 0.240931
3844 0.0040159
3845 0.10199
3846 0.268492
3847 0.170787
3848 0.0826843
3849 0.174974
3850 0.143024
3851 0.156824
3852 0.0109594
3853 0.0444043
3854 0.312049
3855 0.0206021
3856 0.311662
3857 0.0292645
3858 0.079234
3859 0.0319021
3860 0.0197478
3861 0.300802
3862 0.00484277
3863 0.45581
3864 0.0970704
3865 0.00887015
3866 0.0175699
3867 0.0521252
3868 0.0511524
3869 0.135629
3870 0.109743
3871 0.00727326
3872 0.0372013
3873 0.0400075
3874 0.0755731
3875 0.0432062
3876 0.424902
3877 0.136604
3878 0.435166
3879 0.0400092
3880 0.315757
3881 0.154916
3882 0.0354583
3883 0.265448
3884 0.0179864
3885 0.0190633
3886 0.00903926
3887 0.0490452
3888 0.0102116
3889 0.0390734
3890 0.00341676
3891 0.00912596
3892 0.0279098
3893 0.0157949
3894 0.0429571
3895 0.0277329
3896 0.108822
3897 0.0780967
3898 0.192081
3899 0.0982139
3900 0.238294
3901 0.00470835
3902 0.00305997
3903 0.223849
3904 0.0396438
3905 0.0516657
3906 0.31423
3907 0.15349
3908 0.0385246
3909 0.0124071
3910 0.0020783
3911 0.00780487
3912 0.0705152
3913 0.0225361
3914 0.00305405
3915 0.0382716
3916 0.0413368
3917 0.00332088
3918 0.134472
3919 0.121701
3920 0.0831165
3921 0.623713
3922 0.271762
3923 0.0705756
3924 0.575322
3925 0.118749
3926 0.179678
3927 0.130467
3928 0.458702
3929 0.263648
3930 0.519253
3931 0.0687164
3932 0.183754
3933 0.0532408
3934 0.216562
3935 0.19983
3936 0.433955
3937 0.525554
3938 0.229026
3939 0.0190352
3940 0.332627
3941 0.0401737
3942 0.0679116
3943 0.0588476
3944 0.424592
3945 0.256591
3946 0.0500481
3947 0.0537951
3948 0.375451
3949 0.0194619
3950 0.191377
3951 0.0974185
3952 0.326138
3953 0.0396217
3954 0.22987
3955 0.396345
3956 0.0935515
3957 0.24546
3958 0.0340855
3959 0.00814651
3960 0.0106947
3961 0.0523599
3962 0.00618551
3963 0.295355
3964 0.0140448
3965 0.136296
3966 0.32109
3967 0.0126519
3968 0.00319204
3969 0.258034
3970 0.337791
3971 0.0605362
3972 0.00633947
3973 0.311662
3974 0.00792287
3975 0.0247037
3976 0.00854559
3977 0.203616
3978 0.00555743
3979 0.0163185
3980 0.139657
3981 0.039009
3982 0.00408706
3983 0.00502264
3984 0.0227236
3985 0.186744
3986 0.00327483
3987 0.00241568
3988 0.0374041
3989 0.00239547
3990 0.255992
3991 0.00934583
3992 0.0146772
3993 0.0423995
3994 0.0104396
3995 0.0026164
3996 0.00216355
3997 0.218658
3998 0.00280079
3999 0.0135867
4000 0.012179
4001 0.520723
4002 0.202965
4003 0.0102875
4004 0.186384
4005 0.0384059
4006 0.179682
4007 0.0713313
4008 0.254381
4009 0.179106
4010 0.264597
4011 0.0309966
4012 0.449845
4013 0.0132565
4014 0.00664589
4015 0.0656206
4016 0.0933169
4017 0.129629
4018 0.366475
4019 0.0632794
4020 0.0660063
4021 0.176309
4022 0.00371037
4023 0.0339727
4024 0.00692509
4025 0.0589975
4026 0.0662126
4027 0.0168572
4028 0.0334315
4029 0.0299286
4030 0.233495
4031 0.0418858
4032 0.0651536
4033 0.103221
4034 0.158016
4035 0.0215873
4036 0.00904841
4037 0.00718581
4038 0.582653
4039 0.013958
4040 0.0268714
4041 0.00609681
4042 0.00336757
4043 0.00347723
4044 0.0748285
4045 0.355722
4046 0.00736882
4047 0.159712
4048 0.005664
4049 0.3844
4050 0.00276239
4051 0.0203655
4052 0.0809084
4053 0.00314717
4054 0.282731
4055 0.0417418
4056 0.322404
4057 0.0154384
4058 0.305136
4059 0.116863
4060 0.0303268
4061 0.00223947
4062 0.202884
4063 0.0469983
4064 0.394855
4065 0.101547
4066 0.0380666
4067 0.23368
4068 0.00707803
4069 0.0398103
4070 0.236828
4071 0.0242084
4072 0.203707
4073 0.439925
4074 0.440127
4075 0.0614206
4076 0.301372
4077 0.309487
4078 0.162011
4079 0.16149
4080 0.0338291
4081 0.0674779
4082 0.0252479
4083 0.00800363
4084 0.0149775
4085 0.193152
4086 0.120065
4087 0.186802
4088 0.0690204
4089 0.0358299
4090 0.0369882
4091 0.265685
4092 0.160943
4093 0.0924396
4094 0.0372237
4095 0.409333
4096 0.445555
4097 0.414539
4098 0.082208
4099 0.0439351
4100 0.235739
4101 0.0726313
4102 0.219036
4103 0.18377
4104 0.29086
4105 0.157724
4106 0.033353
4107 0.313868
4108 0.404485
4109 0.00129711
4110 0.0681813
4111 0.00685283
4112 0.0198805
4113 0.00880942
4114 0.047479
4115 0.116081
4116 0.0792715
4117 0.137714
4118 0.00656245
4119 0.123557
4120 0.00428785
4121 0.0303096
4122 0.0670854
4123 0.0392443
4124 0.00308697
4125 0.0333284
4126 0.0884425
4127 0.0665026
4128 0.00367744
4129 0.0920345
4130 0.0440381
4131 0.0653137
4132 0.416254
4133 0.00663642
4134 0.498915
4135 0.0565589
4136 0.184353
4137 0.314291
4138 0.164952
4139 0.172439
4140 0.316974
4141 0.164632
4142 0.0943134
4143 0.0185732
4144 0.00897479
4145 0.0234573
4146 0.00245808
4147 0.0221705
4148 0.0538423
4149 0.00730499
4150 0.0418317
4151 0.00235552
4152 0.0400023
4153 0.0401791
4154 0.00397228
4155 0.0330875
4156 0.00392963
4157 0.083835
4158 0.0787836
4159 0.00791666
4160 0.008399
4161 0.457763
4162 0.239495
4163 0.168742
4164 0.154795
4165 0.0762977
4166 0.00227464
4167 0.678553
4168 0.075681
4169 0.00280079
4170 0.507487
4171 0.0620254
4172 0.00304584
4173 0.0282431
4174 0.251242
4175 0.0168698
4176 0.0083366
4177 0.038966
4178 0.247411
4179 0.411347
4180 0.437861
4181 0.0734883
4182 0.15151
4183 0.307479
4184 0.181904
4185 0.00165196
4186 0.335486
4187 0.224994
4188 0.0133015
4189 0.219009
4190 0.0109883
4191 0.404403
4192 0.44456
4193 0.00563489
4194 0.0039786
4195 0.0661582
4196 0.00755928
4197 0.020975
4198 0.0284462
4199 0.0290554
4200 0.106431
4201 0.0485819
4202 0.0149133
4203 0.0198805
4204 0.0174779
4205 0.00456438
4206 0.00408688
4207 0.0617133
4208 0.114113
4209 0.157928
4210 0.149846
4211 0.0252042
4212 0.00750535
4213 0.0467369
4214 0.0591553
4215 0.00195115
4216 0.159513
4217 0.119415
4218 0.0192011
4219 0.0258549
4220 0.00814621
4221 0.00553901
4222 0.0899618
4223 0.0583776
4224 0.0303791
4225 0.180456
4226 0.00294077
4227 0.02786
4228 0.158196
4229 0.016537
4230 0.29151
4231 0.126017
4232 0.175924
4233 0.0151105
4234 0.18972
4235 0.0029568
4236 0.00212555
4237 0.0155147
4238 0.0211226
4239 0.0090725
4240 0.0799127
4241 0.0316283
4242 0.0297166
4243 0.0420605
4244 0.0313993
4245 0.0393653
4246 0.0226467
4247 0.0393575
4248 0.088713
4249 0.0370798
4250 0.0365094
4251 0.0165711
4252 0.0500794
4253 0.0153553
4254 0.110472
4255 0.0233753
4256 0.0280182
4257 0.0560448
4258 0.0370808
4259 0.0821206
4260 0.0127951
4261 0.0327915
4262 0.0306276
4263 0.00670181
4264 0.0380304
4265 0.0586969
4266 0.0346234
4267 0.0839047
4268 0.0164646
4269 0.00239095
4270 0.180232
4271 0.00410917
4272 0.0660937
4273 0.0700881
4274 0.0562914
4275 0.0640661
4276 0.128774
4277 0.0230013
4278 0.0407383
4279 0.11388
4280 0.0613326
4281 0.156445
4282 0.0112162
4283 0.0176989
4284 0.439667
4285 0.0661941
4286 0.188423
4287 0.00883218
4288 0.202491
4289 0.123137
4290 0.436822
4291 0.00898127
4292 0.155368
4293 0.447735
4294 0.00954253
4295 0.166389
4296 0.0846738
4297 0.0309589
4298 0.0122739
4299 0.256195
4300 0.124021
4301 0.0190566
4302 0.307581
4303 0.0921165
4304 0.588229
4305 0.00773938
4306 0.00460882
4307 0.0326951
4308 0.00657226
4309 0.30352
4310 0.0548787
4311 0.0239245
4312 0.010024
4313 0.0108151
4314 0.325956
4315 0.0323966
4316 0.304948
4317 0.588229
4318 0.0251449
4319 0.0265642
4320 0.32033
4321 0.138274
4322 0.559893
4323 0.134556
4324 0.483155
4325 0.221208
4326 0.087913
4327 0.180549
4328 0.224331
4329 0.542632
4330 0.330869
4331 0.00959257
4332 0.0573805
4333 0.0465709
4334 0.582629
4335 0.211239
4336 0.31581
4337 0.324979
4338 0.0281296
4339 0.0301222
4340 0.0314788
4341 0.326428
4342 0.239464
4343 0.400845
4344 0.163599
4345 0.0098549
4346 0.0263698
4347 0.37425
4348 0.196043
4349 0.158629
4350 0.148246
4351 0.0167568
4352 0.170364
4353 0.0755538
4354 0.0688658
4355 0.237271
4356 0.0022723
4357 0.0316484
4358 0.00452891
4359 0.335289
4360 0.0282784
4361 0.0521344
4362 0.0359616
4363 0.0547207
4364 0.123697
4365 0.0255441
4366 0.0223042
4367 0.184594
4368 0.167405
4369 0.022069
4370 0.191665
4371 0.0651173
4372 0.126653
4373 0.349334
4374 0.119269
4375 0.0528623
4376 0.355319
4377 0.147134
4378 0.0214544
4379 0.0316709
4380 0.44769
4381 0.0562472
4382 0.0962988
4383 0.165831
4384 0.0339014
4385 0.0725176
4386 0.0712874
4387 0.00825513
4388 0.102053
4389 0.0306348
4390 0.0299437
4391 0.227487
4392 0.0298055
4393 0.0239737
4394 0.173718
4395 0.03948
4396 0.0792279
4397 0.0733896
4398 0.108435
4399 0.122302
4400 0.0238252
4401 0.0326778
4402 0.00944039
4403 0.26264
4404 0.488561
4405 0.544085
4406 0.520847
4407 0.00948929
4408 0.00956452
4409 0.193274
4410 0.0323464
4411 0.0477176
4412 0.0611203
4413 0.0521129
4414 0.104182
4415 0.109256
4416 0.0236585
4417 0.154504
4418 0.155308
4419 0.383981
4420 0.133872
4421 0.407173
4422 0.293628
4423 0.0851703
4424 0.0357526
4425 0.01579
4426 0.040227
4427 0.0143881
4428 0.00701511
4429 0.059057
4430 0.0186927
4431 0.11896
4432 0.027344
4433 0.0496539
4434 0.0107427
4435 0.0841173
4436 0.0557664
4437 0.0300453
4438 0.0514215
4439 0.015678
4440 0.054071
4441 0.0784881
4442 0.0307368
4443 0.0462306
4444 0.0335828
4445 0.0436716
4446 0.111745
4447 0.0345726
4448 0.0335017
4449 0.00818659
4450 0.0588852
4451 0.0090761
4452 0.0295954
4453 0.0588993
4454 0.00741199
4455 0.0453191
4456 0.048257
4457 0.028049
4458 0.0818539
4459 0.186642
4460 0.0745557
4461 0.0068723
4462 0.0791645
4463 0.0443081
4464 0.0433452
4465 0.0394114
4466 0.21052
4467 0.161461
4468 0.0544722
4469 0.205776
4470 0.0491266
4471 0.0785612
4472 0.0338601
4473 0.0127361
4474 0.200381
4475 0.0416506
4476 0.0587744
4477 0.168259
4478 0.0795756
4479 0.142248
4480 0.0655211
4481 0.0660143
4482 0.5399
4483 0.124408
4484 0.0908777
4485 0.00279784
4486 0.251549
4487 0.129263
4488 0.134224
4489 0.33455
4490 0.0442318
4491 0.0646682
4492 0.113374
4493 0.0276516
4494 0.365917
4495 0.0397316
4496 0.47578
4497 0.0476524
4498 0.0567773
4499 0.0479741
4500 0.244131
4501 0.310114
4502 0.062367
4503 0.233688
4504 0.0427748
4505 0.109566
4506 0.322362
4507 0.270738
4508 0.217597
4509 0.02359
4510 0.0137641
4511 0.124382
4512 0.11232
4513 0.00451205
4514 0.0428263
4515 0.0848418
4516 0.00855026
4517 0.243697
4518 0.0498361
4519 0.0938897
4520 0.0977695
4521 0.0429111
4522 0.0579525
4523 0.106304
4524 0.333192
4525 0.166185
4526 0.382893
4527 0.182759
4528 0.0478512
4529 0.332627
4530 0.0609825
4531 0.197974
4532 0.211427
4533 0.313442
4534 0.585655
4535 0.446301
4536 0.0669465
4537 0.061264
4538 0.537182
4539 0.278114
4540 0.606408
4541 0.158659
4542 0.198974
4543 0.0221129
4544 0.00276791
4545 0.0708838
4546 0.110365
4547 0.0936308
4548 0.11311
4549 0.659254
4550 0.00423522
4551 0.49771
4552 0.0592693
4553 0.372369
4554 0.243697
4555 0.373095
4556 0.470479
4557 0.449252
4558 0.0774488
4559 0.242381
4560 0.526957
4561 0.158827
4562 0.0903954
4563 0.206776
4564 0.00735201
4565 0.0097079
4566 0.0306251
4567 0.0495946
4568 0.184597
4569 0.00229458
4570 0.0056159
4571 0.0120876
4572 0.0334328
4573 0.00719694
4574 0.318581
4575 0.101974
4576 0.0960806
4577 0.0312354
4578 0.329584
4579 0.337789
4580 0.0479194
4581 0.0921348
4582 0.00625201
4583 0.00961941
4584 0.0395652
4585 0.067003
4586 0.290635
4587 0.0873831
4588 0.0135026
4589 0.168972
4590 0.00286622
4591 0.420404
4592 0.00434075
4593 0.0478097
4594 0.0469591
4595 0.0763537
4596 0.112463
4597 0.0411962
4598 0.383792
4599 0.0141952
4600 0.345159
4601 0.013824
4602 0.594282
4603 0.216502
4604 0.00490435
4605 0.00711392
4606 0.0209504
4607 0.414187
4608 0.611209
4609 0.304632
4610 0.393361
4611 0.329896
4612 0.29601
4613 0.337362
4614 0.0911997
4615 0.659079
4616 0.494411
4617 0.329896
4618 0.214919
4619 0.158272
4620 0.312421
4621 0.204546
4622 0.520109
4623 0.149477
4624 0.133624
4625 0.255898
4626 0.025815
4627 0.0662549
4628 0.00924209
4629 0.20533
4630 0.0491638
4631 0.0172658
4632 0.17467
4633 0.0306107
4634 0.204824
4635 0.0466589
4636 0.03337
4637 0.118583
4638 0.0882778
4639 0.0788848
4640 0.185944
4641 0.0747973
4642 0.0061219
4643 0.0317635
4644 0.097905
4645 0.0413849
4646 0.0394356
4647 0.0168342
4648 0.0593663
4649 0.0118707
4650 0.1538
4651 0.671884
4652 0.482376
4653 0.423048
4654 0.490771
4655 0.445892
4656 0.0213192
4657 0.328748
4658 0.259585
4659 0.524186
4660 0.312229
4661 0.497864
4662 0.675523
4663 0.193175
4664 0.304957
4665 0.519015
4666 0.335308
4667 0.223902
4668 0.168411
4669 0.136508
4670 0.0368087
4671 0.0310243
4672 0.011055
4673 0.0503719
4674 0.038249
4675 0.0867394
4676 0.00940519
4677 0.178817
4678 0.15001
4679 0.0160796
4680 0.050022
4681 0.0603521
4682 0.0617603
4683 0.145091
4684 0.184843
4685 0.00957145
4686 0.0505089
4687 0.0316091
4688 0.0965222
4689 0.0703075
4690 0.0562363
4691 0.00932963
4692 0.0837889
4693 0.00907898
4694 0.0677677
4695 0.0208407
4696 0.0174944
4697 0.290712
4698 0.00910408
4699 0.0165518
4700 0.30258
4701 0.0346331
4702 0.0945455
4703 0.0330544
4704 0.00902964
4705 0.0218613
4706 0.0367727
4707 0.0062502
4708 0.0358183
4709 0.123767
4710 0.0159395
4711 0.0202572
4712 0.0441073
4713 0.0321339
4714 0.0481772
4715 0.104036
4716 0.0142745
4717 0.0137407
4718 0.0516911
4719 0.0973967
4720 0.0470382
4721 0.0311676
4722 0.024866
4723 0.0039577
4724 0.0286597
4725 0.170729
4726 0.0388531
4727 0.111045
4728 0.0768199
4729 0.180589
4730 0.0419706
4731 0.0604799
4732 0.0421508
4733 0.0156964
4734 0.0753288
4735 0.153743
4736 0.0337793
4737 0.0248847
4738 0.0577497
4739 0.0780199
4740 0.174292
4741 0.0119911
4742 0.0846305
4743 0.177973
4744 0.0673222
4745 0.00826055
4746 0.0357559
4747 0.248189
4748 0.0386339
4749 0.107627
4750 0.00798615
4751 0.0435719
4752 0.0428487
4753 0.0281606
4754 0.00903638
4755 0.0126553
4756 0.0938304
4757 0.0174407
4758 0.0284241
4759 0.0486168
4760 0.0268876
4761 0.116427
4762 0.0455516
4763 0.00651805
4764 0.0588131
4765 0.122383
4766 0.0238072
4767 0.0380595
4768 0.0426894
4769 0.0881074
4770 0.065699
4771 0.00748782
4772 0.01179
4773 0.0443748
4774 0.0169748
4775 0.0270959
4776 0.0741636
4777 0.0848177
4778 0.642061
4779 0.151294
4780 0.318682
4781 0.325869
4782 0.0116678
4783 0.055737
4784 0.0602907
4785 0.00851553
4786 0.116514
4787 0.0199943
4788 0.133792
4789 0.190189
4790 0.0152272
4791 0.126354
4792 0.202702
4793 0.117338
4794 0.0359416
4795 0.450533
4796 0.0115159
4797 0.0247503
4798 0.232017
4799 0.012326
4800 0.0312099
4801 0.0245275
4802 0.833565
4803 0.00978586
4804 0.0798497
4805 0.0427792
4806 0.0126842
4807 0.00996159
4808 0.0408038
4809 0.306116
4810 0.14329
4811 0.0113602
4812 0.0127414
4813 0.530709
4814 0.441473
4815 0.102403
4816 0.243126
4817 0.402313
4818 0.464776
4819 0.515826
4820 0.452183
4821 0.159813
4822 0.60776
4823 0.217025
4824 0.204669
4825 0.07038
4826 0.382464
4827 0.290019
4828 0.137918
4829 0.294663
4830 0.0454727
4831 0.470948
4832 0.0406892
4833 0.283658
4834 0.396144
4835 0.124116
4836 0.161138
4837 0.144201
4838 0.27257
4839 0.285123
4840 0.443142
4841 0.387048
4842 0.258002
4843 0.112057
4844 0.123723
4845 0.122961
4846 0.283971
4847 0.096545
4848 0.0694917
4849 0.26308
4850 0.285966
4851 0.173656
4852 0.255412
4853 0.266379
4854 0.330424
4855 0.0952488
4856 0.147228
4857 0.0967463
4858 0.239017
4859 0.143399
4860 0.14854
4861 0.256473
4862 0.30673
4863 0.209696
4864 0.390386
4865 0.350522
4866 0.277799
4867 0.248867
4868 0.148874
4869 0.279959
4870 0.097279
4871 0.374142
4872 0.0967536
4873 0.283275
4874 0.138169
4875 0.0761786
4876 0.0850373
4877 0.199173
4878 0.236639
4879 0.248411
4880 0.0904183
4881 0.118789
4882 0.0437437
4883 0.20429
4884 0.359324
4885 0.283021
4886 0.149222
4887 0.468863
4888 0.156607
4889 0.525476
4890 0.117185
4891 0.253669
4892 0.163143
4893 0.10234
4894 0.0907216
4895 0.0829032
4896 0.087205
4897 0.0497851
4898 0.801151
4899 0.575424
4900 0.0330347
4901 0.105094
4902 0.243399
4903 0.150502
4904 0.138988
4905 0.0627545
4906 0.0873038
4907 0.177503
4908 0.129581
4909 0.28995
4910 0.0921134
4911 0.428027
4912 0.189069
4913 0.141768
4914 0.635634
4915 0.0176794
4916 0.133802
4917 0.236989
4918 0.262671
4919 0.341709
4920 0.321717
4921 0.37556
4922 0.131039
4923 0.0544773
4924 0.147162
4925 0.0696569
4926 0.08555
4927 0.272948
4928 0.0200304
4929 0.198111
4930 0.0152498
4931 0.314287
4932 0.138704
4933 0.272008
4934 0.37041
4935 0.0185968
4936 0.198648
4937 0.28778
4938 0.450039
4939 0.396016
4940 0.155449
4941 0.145186
4942 0.0789066
4943 0.396898
4944 0.250229
4945 0.187965
4946 0.0896415
4947 0.274746
4948 0.274772
4949 0.259503
4950 0.109774
4951 0.350445
4952 0.577101
4953 0.228457
4954 0.277189
4955 0.516371
4956 0.161954
4957 0.175255
4958 0.408161
4959 0.0772231
4960 0.182119
4961 0.108186
4962 0.325834
4963 0.126108
4964 0.409864
4965 0.292152
4966 0.104767
4967 0.294125
4968 0.468969
4969 0.155025
4970 0.0134538
4971 0.0910985
4972 0.153631
4973 0.417199
4974 0.103419
4975 0.0597632
4976 0.201178
4977 0.490415
4978 0.483537
4979 0.0161983
4980 0.644972
4981 0.700665
4982 0.522953
4983 0.0166583
4984 0.408501
4985 0.0641958
4986 0.163618
4987 0.149222
4988 0.1658
4989 0.349496
4990 0.19338
4991 0.162294
4992 0.169561
4993 0.500213
4994 0.0361089
4995 0.165566
4996 0.413312
4997 0.232757
4998 0.524034
4999 0.0616412
5000 0.16482
5001 0.48999
5002 0.426487
5003 0.0492225
5004 0.166019
5005 0.426094
5006 0.130993
5007 0.450928
5008 0.464051
5009 0.402859
5010 0.241509
5011 0.170302
5012 0.403412
5013 0.114628
5014 0.0366751
5015 0.0641958
5016 0.450039
5017 0.0477949
5018 0.600962
5019 0.26944
5020 0.281535
5021 0.272403
5022 0.344859
5023 0.219269
5024 0.225784
5025 0.105315
5026 0.271055
5027 0.218058
5028 0.227122
5029 0.15053
5030 0.248368
5031 0.284564
5032 0.282912
5033 0.196718
5034 0.3417
5035 0.58876
5036 0.205805
5037 0.257092
5038 0.257329
5039 0.120868
5040 0.0950311
5041 0.287081
5042 0.14363
5043 0.270724
5044 0.105482
5045 0.265906
5046 0.209617
5047 0.275726
5048 0.120417
5049 0.486832
5050 0.399597
5051 0.1658
5052 0.328756
5053 0.505886
5054 0.102316
5055 0.401023
5056 0.255941
5057 0.514717
5058 0.165566
5059 0.153408
5060 0.494336
5061 0.153734
5062 0.167793
5063 0.371273
5064 0.483124
5065 0.156314
5066 0.36731
5067 0.339638
5068 0.0891444
5069 0.164146
5070 0.164178
5071 0.163526
5072 0.172166
5073 0.173964
5074 0.174981
5075 0.170635
5076 0.0574713
5077 0.150819
5078 0.462325
5079 0.206082
5080 0.161141
5081 0.149682
5082 0.0938813
5083 0.399597
5084 0.0466999
5085 0.12034
5086 0.505886
5087 0.0253185
5088 0.45308
5089 0.169569
5090 0.0397469
5091 0.16645
5092 0.226437
5093 0.257202
5094 0.0987528
5095 0.16927
5096 0.166514
5097 0.0674774
5098 0.396847
5099 0.0181894
5100 0.165283
5101 0.0151064
5102 0.284832
5103 0.164146
5104 0.481993
5105 0.417199
5106 0.486832
5107 0.16482
5108 0.172483
5109 0.403345
5110 0.449451
5111 0.153202
5112 0.170959
5113 0.402859
5114 0.50952
5115 0.175899
5116 0.158645
5117 0.168454
5118 0.501311
5119 0.358028
5120 0.294134
5121 0.278324
5122 0.171414
5123 0.0583209
5124 0.0266722
5125 0.0995036
5126 0.314069
5127 0.50131
5128 0.119248
5129 0.474914
5130 0.144693
5131 0.0135443
5132 0.174381
5133 0.464059
5134 0.0460825
5135 0.0806117
5136 0.766788
5137 0.45272
5138 0.198645
5139 0.249942
5140 0.0551734
5141 0.101171
5142 0.0964659
5143 0.132872
5144 0.118629
5145 0.286088
5146 0.115908
5147 0.0977062
5148 0.242219
5149 0.46329
5150 0.145129
5151 0.161138
5152 0.349638
5153 0.35469
5154 0.20318
5155 0.367872
5156 0.258345
5157 0.405414
5158 0.260411
5159 0.249669
5160 0.111268
5161 0.293695
5162 0.20683
5163 0.195955
5164 0.245752
5165 0.310474
5166 0.281537
5167 0.274287
5168 0.356822
5169 0.225057
5170 0.183422
5171 0.28352
5172 0.234827
5173 0.272506
5174 0.276705
5175 0.319859
5176 0.214694
5177 0.286517
5178 0.288559
5179 0.285886
5180 0.481691
5181 0.264012
5182 0.283084
5183 0.213455
5184 0.168746
5185 0.258357
5186 0.162086
5187 0.282865
5188 0.0950864
5189 0.0919673
5190 0.340461
5191 0.282994
5192 0.198037
5193 0.129953
5194 0.147354
5195 0.154197
5196 0.116229
5197 0.286168
5198 0.283171
5199 0.287526
5200 0.280193
5201 0.284844
5202 0.2591
5203 0.274899
5204 0.258378
5205 0.286404
5206 0.259269
5207 0.0865271
5208 0.630845
5209 0.520486
5210 0.328186
5211 0.285965
5212 0.284551
5213 0.257212
5214 0.283786
5215 0.258356
5216 0.221407
5217 0.110737
5218 0.5212
5219 0.113593
5220 0.191192
5221 0.277022
5222 0.185666
5223 0.11535
5224 0.114985
5225 0.0449488
5226 0.0860527
5227 0.380394
5228 0.329279
5229 0.290703
5230 0.348089
5231 0.305684
5232 0.285164
5233 0.258348
5234 0.329547
5235 0.341879
5236 0.259525
5237 0.115206
5238 0.349593
5239 0.567465
5240 0.38388
5241 0.257465
5242 0.1639
5243 0.150518
5244 0.49064
5245 0.342451
5246 0.135401
5247 0.041667
5248 0.153997
5249 0.111319
5250 0.273346
5251 0.502998
5252 0.145888
5253 0.342653
5254 0.315486
5255 0.329279
5256 0.276916
5257 0.389032
5258 0.439284
5259 0.159606
5260 0.439649
5261 0.111585
5262 0.315082
5263 0.344978
5264 0.353738
5265 0.15649
5266 0.32931
5267 0.460003
5268 0.360136
5269 0.348305
5270 0.137715
5271 0.21001
5272 0.177889
5273 0.255687
5274 0.358423
5275 0.36378
5276 0.458746
5277 0.356226
5278 0.189669
5279 0.343395
5280 0.324212
5281 0.245206
5282 0.343618
5283 0.289601
5284 0.191914
5285 0.314384
5286 0.349209
5287 0.628596
5288 0.358603
5289 0.146383
5290 0.35822
5291 0.330739
5292 0.355997
5293 0.359216
5294 0.227975
5295 0.360219
5296 0.350385
5297 0.243527
5298 0.430759
5299 0.280418
5300 0.114909
5301 0.28028
5302 0.251849
5303 0.519726
5304 0.258955
5305 0.247034
5306 0.286188
5307 0.22345
5308 0.286699
5309 0.318135
5310 0.205416
5311 0.398773
5312 0.22405
5313 0.0806492
5314 0.221289
5315 0.117573
5316 0.173599
5317 0.0590577
5318 0.0763672
5319 0.237675
5320 0.426632
5321 0.243511
5322 0.0813094
5323 0.0228362
5324 0.197106
5325 0.51942
5326 0.28632
5327 0.200733
5328 0.306831
5329 0.169569
5330 0.043872
5331 0.265098
5332 0.250681
5333 0.253659
5334 0.167024
5335 0.269978
5336 0.1297
5337 0.0804565
5338 0.222727
5339 0.0926568
5340 0.222781
5341 0.121745
5342 0.417
5343 0.198026
5344 0.329913
5345 0.0503817
5346 0.262246
5347 0.175927
5348 0.236207
5349 0.124788
5350 0.171984
5351 0.114702
5352 0.246309
5353 0.05247
5354 0.361308
5355 0.187423
5356 0.261827
5357 0.0868281
5358 0.15899
5359 0.343973
5360 0.357013
5361 0.123066
5362 0.21114
5363 0.238525
5364 0.0760384
5365 0.474914
5366 0.213737
5367 0.206972
5368 0.308573
5369 0.355064
5370 0.586756
5371 0.348669
5372 0.222584
5373 0.422768
5374 0.235108
5375 0.335657
5376 0.222928
5377 0.11939
5378 0.278587
5379 0.45634
5380 0.167614
5381 0.10784
5382 0.182613
5383 0.416502
5384 0.36881
5385 0.115456
5386 0.127446
5387 0.188631
5388 0.350938
5389 0.0680362
5390 0.149963
5391 0.312437
5392 0.446304
5393 0.312011
5394 0.181906
5395 0.239784
5396 0.162696
5397 0.165958
5398 0.086235
5399 0.40794
5400 0.286786
5401 0.277897
5402 0.275982
5403 0.382501
5404 0.257587
5405 0.284455
5406 0.286646
5407 0.107884
5408 0.278008
5409 0.35873
5410 0.255345
5411 0.286314
5412 0.260883
5413 0.196773
5414 0.220038
5415 0.236035
5416 0.286027
5417 0.284842
5418 0.105306
5419 0.236635
5420 0.282504
5421 0.479521
5422 0.249572
5423 0.305485
5424 0.09319
5425 0.206167
5426 0.279659
5427 0.0647333
5428 0.0863043
5429 0.059221
5430 0.360644
5431 0.093715
5432 0.395713
5433 0.355311
5434 0.360165
5435 0.271578
5436 0.327625
5437 0.329309
5438 0.145969
5439 0.279627
5440 0.3155
5441 0.219341
5442 0.157256
5443 0.424173
5444 0.355747
5445 0.259032
5446 0.106916
5447 0.260117
5448 0.359864
5449 0.360223
5450 0.328934
5451 0.407464
5452 0.358725
5453 0.124392
5454 0.34305
5455 0.353848
5456 0.120057
5457 0.164973
5458 0.281079
5459 0.318062
5460 0.169307
5461 0.323073
5462 0.309099
5463 0.345674
5464 0.344346
5465 0.149773
5466 0.153914
5467 0.356913
5468 0.329246
5469 0.123893
5470 0.351795
5471 0.34846
5472 0.18734
5473 0.117452
5474 0.246032
5475 0.116926
5476 0.126925
5477 0.149788
5478 0.331489
5479 0.359276
5480 0.365603
5481 0.154644
5482 0.24088
5483 0.357098
5484 0.360854
5485 0.14212
5486 0.16742
5487 0.0696265
5488 0.320411
5489 0.35205
5490 0.143012
5491 0.0509721
5492 0.129546
5493 0.23017
5494 0.352415
5495 0.354013
5496 0.325837
5497 0.357633
5498 0.358484
5499 0.312088
5500 0.32899
5501 0.0318407
5502 0.344632
5503 0.233781
5504 0.0591461
5505 0.245506
5506 0.112711
5507 0.327948
5508 0.360873
5509 0.377324
5510 0.361072
5511 0.324523
5512 0.33122
5513 0.351769
5514 0.216318
5515 0.553174
5516 0.344308
5517 0.331004
5518 0.112151
5519 0.0819776
5520 0.495551
5521 0.13408
5522 0.572647
5523 0.788478
5524 0.112428
5525 0.0443362
5526 0.226785
5527 0.167098
5528 0.135486
5529 0.0173046
5530 0.112415
5531 0.0837612
5532 0.0393353
5533 0.162087
5534 0.124875
5535 0.0927149
5536 0.30731
5537 0.17062
5538 0.0934904
5539 0.116962
5540 0.0690243
5541 0.113021
5542 0.335232
5543 0.088338
5544 0.164505
5545 0.0523529
5546 0.0559803
5547 0.185944
5548 0.0963358
5549 0.0249496
5550 0.0768342
5551 0.0789441
5552 0.0984324
5553 0.126286
5554 0.377724
5555 0.123397
5556 0.11271
5557 0.0232842
5558 0.134703
5559 0.0520667
5560 0.207775
5561 0.093465
5562 0.0959695
5563 0.186794
5564 0.0521394
5565 0.0333089
5566 0.16008
5567 0.0421271
5568 0.406761
5569 0.188888
5570 0.257465
5571 0.141083
5572 0.393455
5573 0.322877
5574 0.42414
5575 0.172116
5576 0.335905
5577 0.342166
5578 0.149695
5579 0.401033
5580 0.139573
5581 0.220521
5582 0.153442
5583 0.39587
5584 0.411847
5585 0.239912
5586 0.206036
5587 0.0937439
5588 0.331231
5589 0.207607
5590 0.148899
5591 0.314125
5592 0.231115
5593 0.221727
5594 0.0979049
5595 0.200985
5596 0.035198
5597 0.113115
5598 0.268844
5599 0.139538
5600 0.153614
5601 0.17374
5602 0.424911
5603 0.177125
5604 0.121672
5605 0.258999
5606 0.50278
5607 0.35932
5608 0.336839
5609 0.470956
5610 0.376827
5611 0.407759
5612 0.315129
5613 0.31319
5614 0.220463
5615 0.401721
5616 0.134906
5617 0.273465
5618 0.284751
5619 0.48334
5620 0.338264
5621 0.159218
5622 0.152114
5623 0.127037
5624 0.175598
5625 0.322851
5626 0.273304
5627 0.0401812
5628 0.567886
5629 0.270725
5630 0.09454
5631 0.112342
5632 0.306114
5633 0.165497
5634 0.403345
5635 0.303586
5636 0.514374
5637 0.160437
5638 0.457202
5639 0.512479
5640 0.192849
5641 0.269347
5642 0.316343
5643 0.23794
5644 0.173245
5645 0.196091
5646 0.177614
5647 0.158711
5648 0.102115
5649 0.14086
5650 0.179341
5651 0.103419
5652 0.172841
5653 0.27007
5654 0.105136
5655 0.331094
5656 0.119382
5657 0.233991
5658 0.280544
5659 0.313848
5660 0.199561
5661 0.278841
5662 0.307629
5663 0.230381
5664 0.158064
5665 0.182661
5666 0.38585
5667 0.313809
5668 0.291332
5669 0.196091
5670 0.128194
5671 0.442459
5672 0.462725
5673 0.233997
5674 0.426094
5675 0.398384
5676 0.171761
5677 0.164196
5678 0.463882
5679 0.341944
5680 0.137327
5681 0.464051
5682 0.35306
5683 0.156054
5684 0.149346
5685 0.473746
5686 0.103767
5687 0.167155
5688 0.158312
5689 0.18291
5690 0.412767
5691 0.243545
5692 0.136939
5693 0.277509
5694 0.0936264
5695 0.108141
5696 0.134954
5697 0.248159
5698 0.325263
5699 0.144467
5700 0.158711
5701 0.158157
5702 0.201985
5703 0.122499
5704 0.235151
5705 0.319368
5706 0.110919
5707 0.0377207
5708 0.0743964
5709 0.24839
5710 0.297188
5711 0.066764
5712 0.0998064
5713 0.114799
5714 0.0537611
5715 0.083563
5716 0.0891504
5717 0.0957119
5718 0.069432
5719 0.0905361
5720 0.210546
5721 0.130728
5722 0.0238301
5723 0.126831
5724 0.127751
5725 0.139877
5726 0.102464
5727 0.113996
5728 0.210607
5729 0.188708
5730 0.206851
5731 0.0815792
5732 0.135283
5733 0.190263
5734 0.0924369
5735 0.159436
5736 0.141509
5737 0.0970124
5738 0.1673
5739 0.10392
5740 0.212692
5741 0.126698
5742 0.142807
5743 0.130693
5744 0.0733804
5745 0.0641665
5746 0.0850457
5747 0.0726756
5748 0.205478
5749 0.298527
5750 0.17881
5751 0.0294895
5752 0.0791478
5753 0.0451616
5754 0.0942406
5755 0.0963644
5756 0.117603
5757 0.0618795
5758 0.114421
5759 0.0505034
5760 0.0565731
5761 0.0799081
5762 0.0443388
5763 0.0192911
5764 0.138622
5765 0.18897
5766 0.179857
5767 0.0226916
5768 0.0678292
5769 0.134334
5770 0.141758
5771 0.0429334
5772 0.0728015
5773 0.189333
5774 0.141391
5775 0.220115
5776 0.084045
5777 0.115412
5778 0.280847
5779 0.138188
5780 0.101306
5781 0.10004
5782 0.180275
5783 0.076017
5784 0.257176
5785 0.251997
5786 0.0114261
5787 0.242912
5788 0.184648
5789 0.0833931
5790 0.135687
5791 0.288485
5792 0.137468
5793 0.238464
5794 0.239847
5795 0.0917996
5796 0.217347
5797 0.254602
5798 0.0240481
5799 0.159125
5800 0.247357
5801 0.10767
5802 0.158311
5803 0.113722
5804 0.116005
5805 0.0836318
5806 0.142171
5807 0.282956
5808 0.180273
5809 0.206854
5810 0.37031
5811 0.203925
5812 0.310314
5813 0.178653
5814 0.0707491
5815 0.181778
5816 0.340425
5817 0.221814
5818 0.343914
5819 0.249023
5820 0.371275
5821 0.152259
5822 0.463395
5823 0.18425
5824 0.216541
5825 0.346853
5826 0.206931
5827 0.476045
5828 0.0905593
5829 0.0361115
5830 0.123714
5831 0.0546461
5832 0.377346
5833 0.195021
5834 0.201987
5835 0.427847
5836 0.115943
5837 0.0300957
5838 0.063149
5839 0.538298
5840 0.604339
5841 0.213333
5842 0.213053
5843 0.32004
5844 0.119081
5845 0.470603
5846 0.0901479
5847 0.250966
5848 0.0263732
5849 0.172483
5850 0.252159
5851 0.106181
5852 0.234738
5853 0.170959
5854 0.471715
5855 0.884994
5856 0.123521
5857 0.214437
5858 0.455636
5859 0.499137
5860 0.490676
5861 0.137666
5862 0.497979
5863 0.161561
5864 0.39859
5865 0.377706
5866 0.139776
5867 0.105293
5868 0.100068
5869 0.207881
5870 0.0841641
5871 0.0568049
5872 0.388755
5873 0.392144
5874 0.359538
5875 0.226874
5876 0.147852
5877 0.184745
5878 0.359955
5879 0.162118
5880 0.333569
5881 0.234473
5882 0.162199
5883 0.207608
5884 0.269554
5885 0.579098
5886 0.203043
5887 0.342338
5888 0.458235
5889 0.23704
5890 0.167143
5891 0.198774
5892 0.268025
5893 0.194004
5894 0.115426
5895 0.654339
5896 0.239358
5897 0.37116
5898 0.207265
5899 0.136702
5900 0.323566
5901 0.363569
5902 0.260473
5903 0.286589
5904 0.212711
5905 0.396198
5906 0.288782
5907 0.256826
5908 0.0483235
5909 0.109176
5910 0.349203
5911 0.122499
5912 0.385002
5913 0.112404
5914 0.104936
5915 0.393557
5916 0.139239
5917 0.119383
5918 0.463882
5919 0.165243
5920 0.239847
5921 0.247969
5922 0.157959
5923 0.104103
5924 0.400062
5925 0.34804
5926 0.268348
5927 0.23475
5928 0.163302
5929 0.341136
5930 0.254694
5931 0.151867
5932 0.147836
5933 0.0981373
5934 0.0871406
5935 0.147162
5936 0.123799
5937 0.117547
5938 0.371842
5939 0.107353
5940 0.13909
5941 0.129041
5942 0.199499
5943 0.258467
5944 0.18097
5945 0.147614
5946 0.207024
5947 0.344426
5948 0.299969
5949 0.123461
5950 0.358538
5951 0.137531
5952 0.20433
5953 0.223094
5954 0.342382
5955 0.227282
5956 0.17405
5957 0.258854
5958 0.0818943
5959 0.0346467
5960 0.0620529
5961 0.146441
5962 0.0348909
5963 0.042035
5964 0.243543
5965 0.141199
5966 0.0692244
5967 0.0829894
5968 0.104405
5969 0.0641345
5970 0.534956
5971 0.108705
5972 0.0108731
5973 0.124435
5974 0.100464
5975 0.0668682
5976 0.114953
5977 0.0915246
5978 0.0177565
5979 0.0895276
5980 0.124968
5981 0.0976395
5982 0.253616
5983 0.0610771
5984 0.0315278
5985 0.150958
5986 0.0129739
5987 0.092473
5988 0.209515
5989 0.0992953
5990 0.101737
5991 0.062089
5992 0.241651
5993 0.0334518
5994 0.0358784
5995 0.0793613
5996 0.0725356
5997 0.0375007
5998 0.0972661
5999 0.0881079
6000 0.0635507
6001 0.136448
6002 0.10588
6003 0.0898795
6004 0.0374501
6005 0.108814
6006 0.0948318
6007 0.200962
6008 0.0791888
6009 0.0695705
6010 0.0497391
6011 0.328056
6012 0.0488143
6013 0.10241
6014 0.0547266
6015 0.0639767
6016 0.126663
6017 0.0634852
6018 0.14884
6019 0.0322598
6020 0.011665
6021 0.190683
6022 0.0660513
6023 0.137065
6024 0.114266
6025 0.0118458
6026 0.0504599
6027 0.118084
6028 0.0512423
6029 0.0772275
6030 0.194376
6031 0.0645398
6032 0.109107
6033 0.0724969
6034 0.0749524
6035 0.115343
6036 0.0156629
6037 0.0382769
6038 0.220621
6039 0.108598
6040 0.116073
6041 0.172022
6042 0.121186
6043 0.227065
6044 0.119922
6045 0.136433
6046 0.169812
6047 0.126153
6048 0.0338458
6049 0.180068
6050 0.117692
6051 0.119175
6052 0.106712
6053 0.104458
6054 0.136365
6055 0.11272
6056 0.0829595
6057 0.115095
6058 0.0886392
6059 0.204377
6060 0.0826478
6061 0.23708
6062 0.116449
6063 0.38746
6064 0.354923
6065 0.212881
6066 0.115902
6067 0.318576
6068 0.0368617
6069 0.0757528
6070 0.048351
6071 0.101012
6072 0.260562
6073 0.171704
6074 0.181527
6075 0.142358
6076 0.210643
6077 0.175415
6078 0.120585
6079 0.267536
6080 0.0402224
6081 0.118153
6082 0.0451607
6083 0.0416608
6084 0.0890503
6085 0.0347895
6086 0.23115
6087 0.232479
6088 0.192705
6089 0.332147
6090 0.104479
6091 0.21529
6092 0.219406
6093 0.0816706
6094 0.028714
6095 0.20285
6096 0.129912
6097 0.22673
6098 0.312439
6099 0.53516
6100 0.141382
6101 0.105838
6102 0.10607
6103 0.172513
6104 0.368152
6105 0.341272
6106 0.362161
6107 0.231169
6108 0.388151
6109 0.426816
6110 0.168966
6111 0.0364124
6112 0.453827
6113 0.142989
6114 0.23665
6115 0.250027
6116 0.311092
6117 0.269729
6118 0.335082
6119 0.147913
6120 0.331594
6121 0.436759
6122 0.256749
6123 0.288227
6124 0.176437
6125 0.171618
6126 0.02362
6127 0.173732
6128 0.221553
6129 0.517695
6130 0.210575
6131 0.163642
6132 0.295103
6133 0.212576
6134 0.132852
6135 0.328735
6136 0.214652
6137 0.175737
6138 0.106337
6139 0.22391
6140 0.267157
6141 0.171062
6142 0.338848
6143 0.420758
6144 0.183286
6145 0.154572
6146 0.179788
6147 0.152751
6148 0.191361
6149 0.415092
6150 0.221675
6151 0.364643
6152 0.0730903
6153 0.363636
6154 0.378252
6155 0.170963
6156 0.0820827
6157 0.39089
6158 0.211489
6159 0.140374
6160 0.093167
6161 0.207976
6162 0.072407
6163 0.0693202
6164 0.0584678
6165 0.057748
6166 0.130178
6167 0.217369
6168 0.227651
6169 0.333827
6170 0.182134
6171 0.506654
6172 0.0269513
6173 0.143609
6174 0.241889
6175 0.19563
6176 0.20413
6177 0.0326371
6178 0.0407497
6179 0.185748
6180 0.301599
6181 0.0993176
6182 0.414012
6183 0.0185222
6184 0.159562
6185 0.180596
6186 0.15174
6187 0.211712
6188 0.175422
6189 0.135867
6190 0.157358
6191 0.0678578
6192 0.151271
6193 0.279688
6194 0.149763
6195 0.248767
6196 0.0121411
6197 0.127546
6198 0.300398
6199 0.326217
6200 0.199882
6201 0.173647
6202 0.392798
6203 0.190483
6204 0.363925
6205 0.299648
6206 0.422589
6207 0.252187
6208 0.114469
6209 0.336626
6210 0.182809
6211 0.174821
6212 0.192063
6213 0.207105
6214 0.202392
6215 0.188808
6216 0.233967
6217 0.21028
6218 0.370132
6219 0.206118
6220 0.266595
6221 0.437682
6222 0.180301
6223 0.4741
6224 0.162944
6225 0.213895
6226 0.326545
6227 0.198412
6228 0.0641505
6229 0.087089
6230 0.145653
6231 0.0829009
6232 0.125223
6233 0.141115
6234 0.178334
6235 0.100497
6236 0.0640974
6237 0.0335609
6238 0.0153991
6239 0.0443744
6240 0.074087
6241 0.14816
6242 0.240363
6243 0.168261
6244 0.176581
6245 0.135815
6246 0.258224
6247 0.285728
6248 0.393932
6249 0.217065
6250 0.0542177
6251 0.113012
6252 0.351089
6253 0.0194873
6254 0.417098
6255 0.227951
6256 0.0335276
6257 0.110899
6258 0.352848
6259 0.246394
6260 0.163015
6261 0.755194
6262 0.21941
6263 0.170802
6264 0.751288
6265 0.214715
6266 0.767316
6267 0.296034
6268 0.133587
6269 0.313422
6270 0.062474
6271 0.0735906
6272 0.00664448
6273 0.208373
6274 0.130904
6275 0.152257
6276 0.143745
6277 0.0172572
6278 0.327445
6279 0.464379
6280 0.0660202
6281 0.347846
6282 0.634845
6283 0.380377
6284 0.198931
6285 0.396089
6286 0.026806
6287 0.456622
6288 0.524088
6289 0.254496
6290 0.224134
6291 0.203332
6292 0.365629
6293 0.0697529
6294 0.664668
6295 0.384029
6296 0.401269
6297 0.340039
6298 0.32867
6299 0.0281236
6300 0.193397
6301 0.106658
6302 0.141627
6303 0.161054
6304 0.250865
6305 0.312575
6306 0.248078
6307 0.158192
6308 0.0709979
6309 0.198543
6310 0.174254
6311 0.0183552
6312 0.118418
6313 0.0620602
6314 0.0159377
6315 0.383323
6316 0.177264
6317 0.518938
6318 0.252613
6319 0.102765
6320 0.128163
6321 0.1884
6322 0.742187
6323 0.243365
6324 0.312641
6325 0.728582
6326 0.27941
6327 0.793544
6328 0.0519247
6329 0.181724
6330 0.727956
6331 0.167099
6332 0.301547
6333 0.265195
6334 0.246515
6335 0.407089
6336 0.363369
6337 0.252886
6338 0.38386
6339 0.40085
6340 0.46329
6341 0.63724
6342 0.123708
6343 0.175766
6344 0.399284
6345 0.159147
6346 0.51587
6347 0.589818
6348 0.640969
6349 0.146802
6350 0.480761
6351 0.422132
6352 0.225348
6353 0.532146
6354 0.176169
6355 0.272185
6356 0.101808
6357 0.731807
6358 0.0311145
6359 0.0957635
6360 0.0174452
6361 0.0603161
6362 0.923246
6363 0.226892
6364 0.252135
6365 0.343573
6366 0.437579
6367 0.373378
6368 0.0551271
6369 0.0728799
6370 0.108666
6371 0.278797
6372 0.25425
6373 0.170565
6374 0.171417
6375 0.167952
6376 0.0788781
6377 0.34199
6378 0.923244
6379 0.316564
6380 0.200156
6381 0.180623
6382 0.233897
6383 0.0216832
6384 0.117987
6385 0.288472
6386 0.0211719
6387 0.750224
6388 0.104095
6389 0.261677
6390 0.200146
6391 0.132823
6392 0.633902
6393 0.176501
6394 0.621373
6395 0.6377
6396 0.328385
6397 0.377721
6398 0.502511
6399 0.0461442
6400 0.115002
6401 0.33122
6402 0.384339
6403 0.206669
6404 0.310687
6405 0.784318
6406 0.525242
6407 0.342655
6408 0.298369
6409 0.305116
6410 0.356354
6411 0.771491
6412 0.21852
6413 0.506149
6414 0.407621
6415 0.281083
6416 0.0502308
6417 0.384606
6418 0.52998
6419 0.461527
6420 0.52068
6421 0.257193
6422 0.360444
6423 0.218323
6424 0.419214
6425 0.248492
6426 0.520641
6427 0.0843196
6428 0.244364
6429 0.218605
6430 0.16882
6431 0.356075
6432 0.652688
6433 0.360965
6434 0.71566
6435 0.577973
6436 0.548153
6437 0.523209
6438 0.406315
6439 0.615012
6440 0.812045
6441 0.633234
6442 0.701414
6443 0.235676
6444 0.653176
6445 0.522047
6446 0.386645
6447 0.1564
6448 0.39441
6449 0.0806445
6450 0.315641
6451 0.744633
6452 0.142774
6453 0.302746
6454 0.546074
6455 0.795536
6456 0.397393
6457 0.762406
6458 0.504171
6459 0.153981
6460 0.321055
6461 0.619168
6462 0.490919
6463 0.169381
6464 0.550964
6465 0.626419
6466 0.449531
6467 0.327652
6468 0.706079
6469 0.360772
6470 0.267407
6471 0.189816
6472 0.694863
6473 0.712227
6474 0.561778
6475 0.745996
6476 0.0750911
6477 0.634457
6478 0.180932
6479 0.482115
6480 0.611692
6481 0.153309
6482 0.681251
6483 0.0526165
6484 0.0624712
6485 0.0681099
6486 0.231157
6487 0.243245
6488 0.485168
6489 0.300999
6490 0.361631
6491 0.751777
6492 0.404839
6493 0.700444
6494 0.173054
6495 0.623687
6496 0.366796
6497 0.579053
6498 0.454184
6499 0.059551
6500 0.122274
6501 0.458668
6502 0.17433
6503 0.408504
6504 0.11838
6505 0.175603
6506 0.227015
6507 0.289254
6508 0.751006
6509 0.246467
6510 0.0394499
6511 0.163223
6512 0.458579
6513 0.168672
6514 0.349178
6515 0.564709
6516 0.499692
6517 0.215727
6518 0.288676
6519 0.153141
6520 0.194005
6521 0.437875
6522 0.30278
6523 0.239855
6524 0.304139
6525 0.294177
6526 0.573385
6527 0.549128
6528 0.174196
6529 0.348888
6530 0.523679
6531 0.471151
6532 0.629044
6533 0.123792
6534 0.378727
6535 0.160921
6536 0.0972429
6537 0.802981
6538 0.680457
6539 0.804207
6540 0.434237
6541 0.723427
6542 0.173354
6543 0.599658
6544 0.554161
6545 0.147366
6546 0.249111
6547 0.0774713
6548 0.526548
6549 0.0836308
6550 0.0884634
6551 0.277222
6552 0.324091
6553 0.532784
6554 0.0914693
6555 0.350678
6556 0.33256
6557 0.559814
6558 0.294764
6559 0.659284
6560 0.53575
6561 0.363324
6562 0.478769
6563 0.447875
6564 0.589297
6565 0.0928842
6566 0.570047
6567 0.392207
6568 0.32591
6569 0.303486
6570 0.525034
6571 0.521986
6572 0.277347
6573 0.492309
6574 0.382738
6575 0.195318
6576 0.246504
6577 0.0948817
6578 0.597223
6579 0.463613
6580 0.606905
6581 0.585999
6582 0.463672
6583 0.14001
6584 0.354211
6585 0.332784
6586 0.783827
6587 0.232234
6588 0.411431
6589 0.410963
6590 0.319124
6591 0.347327
6592 0.530664
6593 0.524206
6594 0.598699
6595 0.559828
6596 0.299206
6597 0.588612
6598 0.318244
6599 0.300567
6600 0.475471
6601 0.312006
6602 0.574401
6603 0.100173
6604 0.21883
6605 0.175206
6606 0.462247
6607 0.0922787
6608 0.210471
6609 0.623252
6610 0.711068
6611 0.360701
6612 0.505939
6613 0.320984
6614 0.421636
6615 0.33156
6616 0.525013
6617 0.409575
6618 0.333341
6619 0.537132
6620 0.172884
6621 0.401781
6622 0.217235
6623 0.28214
6624 0.678848
6625 0.390204
6626 0.347456
6627 0.207709
6628 0.261644
6629 0.0981472
6630 0.113152
6631 0.149932
6632 0.140786
6633 0.190609
6634 0.252488
6635 0.0359924
6636 0.131114
6637 0.0428622
6638 0.229862
6639 0.0933954
6640 0.0282334
6641 0.258743
6642 0.0573333
6643 0.0258268
6644 0.14614
6645 0.302082
6646 0.411248
6647 0.337855
6648 0.261522
6649 0.1215
6650 0.092018
6651 0.261349
6652 0.138578
6653 0.121768
6654 0.0797058
6655 0.229713
6656 0.126246
6657 0.329847
6658 0.54725
6659 0.21418
6660 0.510661
6661 0.588754
6662 0.49289
6663 0.18405
6664 0.194732
6665 0.577138
6666 0.209389
6667 0.862059
6668 0.199601
6669 0.124759
6670 0.309331
6671 0.439573
6672 0.536682
6673 0.721647
6674 0.817024
6675 0.262663
6676 0.499611
6677 0.0147747
6678 0.537677
6679 0.262148
6680 0.468042
6681 0.0239412
6682 0.222417
6683 0.286557
6684 0.0712884
6685 0.326965
6686 0.212318
6687 0.216418
6688 0.142086
6689 0.19718
6690 0.656446
6691 0.634416
6692 0.342646
6693 0.259423
6694 0.303693
6695 0.220024
6696 0.0910426
6697 0.0859649
6698 0.30474
6699 0.704643
6700 0.657935
6701 0.844683
6702 0.913657
6703 0.850761
6704 0.554841
6705 0.484033
6706 0.435984
6707 0.374404
6708 0.368265
6709 0.191526
6710 0.563461
6711 0.386301
6712 0.635266
6713 0.553071
6714 0.0718008
6715 0.203596
6716 0.527366
6717 0.23657
6718 0.0786091
6719 0.334552
6720 0.482802
6721 0.24422
6722 0.492246
6723 0.128762
6724 0.122487
6725 0.135631
6726 0.14362
6727 0.159183
6728 0.0912241
6729 0.114618
6730 0.820823
6731 0.13701
6732 0.131105
6733 0.198741
6734 0.601395
6735 0.742989
6736 0.411997
6737 0.419539
6738 0.225928
6739 0.251077
6740 0.460814
6741 0.10925
6742 0.175564
6743 0.738815
6744 0.359844
6745 0.450781
6746 0.548421
6747 0.504638
6748 0.124747
6749 0.53162
6750 0.324277
6751 0.464917
6752 0.851782
6753 0.229742
6754 0.756155
6755 0.198633
6756 0.101476
6757 0.552332
6758 0.753604
6759 0.364553
6760 0.14038
6761 0.174826
6762 0.149291
6763 0.687155
6764 0.717432
6765 0.571902
6766 0.843089
6767 0.65427
6768 0.40959
6769 0.141568
6770 0.361952
6771 0.0783252
6772 0.491981
6773 0.149184
6774 0.6509
6775 0.323825
6776 0.419714
6777 0.0937186
6778 0.390125
6779 0.0608664
6780 0.1618
6781 0.121906
6782 0.157788
6783 0.203226
6784 0.0687331
6785 0.194884
6786 0.125508
6787 0.083907
6788 0.0699435
6789 0.20535
6790 0.90795
6791 0.697951
6792 0.205613
6793 0.753236
6794 0.264798
6795 0.236715
6796 0.247431
6797 0.100437
6798 0.180801
6799 0.17262
6800 0.0177329
6801 0.0223992
6802 0.190703
6803 0.310235
6804 0.0515878
6805 0.418474
6806 0.24363
6807 0.135146
6808 0.114703
6809 0.0272669
6810 0.0500014
6811 0.332964
6812 0.209678
6813 0.0670397
6814 0.146582
6815 0.0340636
6816 0.127
6817 0.257675
6818 0.0395305
6819 0.182383
6820 0.0851091
6821 0.383487
6822 0.285293
6823 0.0497493
6824 0.0467757
6825 0.318954
6826 0.0549678
6827 0.446143
6828 0.870447
6829 0.749365
6830 0.586959
6831 0.455189
6832 0.452031
6833 0.763488
6834 0.187769
6835 0.0523161
6836 0.295763
6837 0.248912
6838 0.169813
6839 0.13269
6840 0.204355
6841 0.0826467
6842 0.55813
6843 0.636899
6844 0.520104
6845 0.336685
6846 0.508821
6847 0.0351788
6848 0.182614
6849 0.602121
6850 0.769805
6851 0.177465
6852 0.528657
6853 0.16704
6854 0.125031
6855 0.0903961
6856 0.181454
6857 0.631238
6858 0.632654
6859 0.0384754
6860 0.407495
6861 0.140263
6862 0.250645
6863 0.0429388
6864 0.355214
6865 0.235306
6866 0.127346
6867 0.295238
6868 0.0998366
6869 0.0985845
6870 0.420199
6871 0.727735
6872 0.465982
6873 0.259671
6874 0.0306697
6875 0.0325395
6876 0.16774
6877 0.462547
6878 0.485548
6879 0.361644
6880 0.507939
6881 0.275639
6882 0.414373
6883 0.241082
6884 0.623734
6885 0.170701
6886 0.242694
6887 0.660508
6888 0.756696
6889 0.461851
6890 0.136117
6891 0.0805075
6892 0.348441
6893 0.460622
6894 0.374407
6895 0.862936
6896 0.170556
6897 0.194003
6898 0.405826
6899 0.234969
6900 0.333236
6901 0.697667
6902 0.232297
6903 0.713545
6904 0.139828
6905 0.501301
6906 0.485959
6907 0.113605
6908 0.120782
6909 0.155004
6910 0.15475
6911 0.291667
6912 0.366237
6913 0.261836
6914 0.479437
6915 0.244294
6916 0.480293
6917 0.900635
6918 0.105444
6919 0.088456
6920 0.389471
6921 0.66629
6922 0.249068
6923 0.0918728
6924 0.247533
6925 0.567351
6926 0.349984
6927 0.231149
6928 0.239158
6929 0.397226
6930 0.452492
6931 0.455947
6932 0.20504
6933 0.76291
6934 0.472848
6935 0.865324
6936 0.0980873
6937 0.118007
6938 0.146677
6939 0.560096
6940 0.430028
6941 0.178004
6942 0.616104
6943 0.527744
6944 0.570673
6945 0.519233
6946 0.595388
6947 0.249085
6948 0.377311
6949 0.468997
6950 0.187936
6951 0.572061
6952 0.0876155
6953 0.449653
6954 0.33091
6955 0.36399
6956 0.564894
6957 0.0729922
6958 0.293728
6959 0.0700428
6960 0.203104
6961 0.443497
6962 0.707839
6963 0.692937
6964 0.33404
6965 0.438809
6966 0.362771
6967 0.289131
6968 0.0623049
6969 0.31491
6970 0.625821
6971 0.388538
6972 0.0565165
6973 0.245253
6974 0.105342
6975 0.136108
6976 0.280562
6977 0.287596
6978 0.158376
6979 0.383127
6980 0.610739
6981 0.608254
6982 0.542017
6983 0.535815
6984 0.107196
6985 0.0854235
6986 0.454584
6987 0.680075
6988 0.0744967
6989 0.59901
6990 0.628897
6991 0.535374
6992 0.625183
6993 0.477348
6994 0.0426808
6995 0.297013
6996 0.306557
6997 0.272501
6998 0.307539
6999 0.56903
7000 0.286811
7001 0.109559
7002 0.0818013
7003 0.353715
7004 0.212527
7005 0.0639845
7006 0.151937
7007 0.124759
7008 0.017766
7009 0.111757
7010 0.287067
7011 0.0881436
7012 0.209297
7013 0.133143
7014 0.207076
7015 0.114427
7016 0.242577
7017 0.125255
7018 0.0951616
7019 0.250029
7020 0.161001
7021 0.0569071
7022 0.0773034
7023 0.196755
7024 0.276068
7025 0.36485
7026 0.283685
7027 0.205057
7028 0.0306266
7029 0.610688
7030 0.0881379
7031 0.292245
7032 0.172417
7033 0.134013
7034 0.248909
7035 0.322197
7036 0.124506
7037 0.576034
7038 0.328899
7039 0.067267
7040 0.252857
7041 0.0542136
7042 0.367906
7043 0.0657786
7044 0.170103
7045 0.185466
7046 0.082996
7047 0.102855
7048 0.273942
7049 0.20123
7050 0.342612
7051 0.356991
7052 0.277696
7053 0.203125
7054 0.48624
7055 0.200269
7056 0.0581797
7057 0.192982
7058 0.0166785
7059 0.0078731
7060 0.344161
7061 0.0294388
7062 0.230869
7063 0.325947
7064 0.728843
7065 0.0284279
7066 0.127154
7067 0.0238043
7068 0.127504
7069 0.112185
7070 0.0283902
7071 0.100714
7072 0.319808
7073 0.377841
7074 0.15801
7075 0.339463
7076 0.0549903
7077 0.0647307
7078 0.393953
7079 0.0346574
7080 0.428279
7081 0.192396
7082 0.104236
7083 0.186181
7084 0.0934307
7085 0.071817
7086 0.19164
7087 0.0869092
7088 0.158826
7089 0.104473
7090 0.242139
7091 0.249156
7092 0.11443
7093 0.124553
7094 0.066907
7095 0.0760881
7096 0.298172
7097 0.257439
7098 0.046727
7099 0.108353
7100 0.109185
7101 0.0187422
7102 0.297973
7103 0.104149
7104 0.18349
7105 0.136994
7106 0.144303
7107 0.125111
7108 0.108179
7109 0.0218463
7110 0.217486
7111 0.215175
7112 0.23499
7113 0.37181
7114 0.122877
7115 0.02364
7116 0.126055
7117 0.020206
7118 0.0207081
7119 0.257372
7120 0.0279306
7121 0.297334
7122 0.110447
7123 0.0256901
7124 0.316058
7125 0.105445
7126 0.0430271
7127 0.310181
7128 0.0999159
7129 0.296986
7130 0.0972835
7131 0.318808
7132 0.0899846
7133 0.382473
7134 0.369008
7135 0.24242
7136 0.505847
7137 0.515005
7138 0.171
7139 0.235935
7140 0.147304
7141 0.602829
7142 0.221326
7143 0.188211
7144 0.185838
7145 0.414485
7146 0.499977
7147 0.155999
7148 0.208865
7149 0.388564
7150 0.0942635
7151 0.455572
7152 0.102906
7153 0.401677
7154 0.374403
7155 0.571622
7156 0.10622
7157 0.404632
7158 0.238832
7159 0.395641
7160 0.396888
7161 0.265604
7162 0.494056
7163 0.107089
7164 0.254174
7165 0.637323
7166 0.35173
7167 0.450606
7168 0.104838
7169 0.214065
7170 0.742794
7171 0.554258
7172 0.595795
7173 0.024375
7174 0.430782
7175 0.0778585
7176 0.240392
7177 0.0262188
7178 0.0540221
7179 0.0810729
7180 0.082666
7181 0.258031
7182 0.0534551
7183 0.252961
7184 0.256423
7185 0.492642
7186 0.370563
7187 0.0920844
7188 0.381144
7189 0.410162
7190 0.343534
7191 0.341719
7192 0.306716
7193 0.307253
7194 0.210933
7195 0.13096
7196 0.214616
7197 0.37985
7198 0.0664333
7199 0.0291105
7200 0.232906
7201 0.0644877
7202 0.111135
7203 0.235532
7204 0.314082
7205 0.44245
7206 0.184994
7207 0.0498539
7208 0.109452
7209 0.0659743
7210 0.153335
7211 0.553561
7212 0.383971
7213 0.380129
7214 0.318341
7215 0.185636
7216 0.0194097
7217 0.0176703
7218 0.114123
7219 0.336708
7220 0.265971
7221 0.165297
7222 0.0460801
7223 0.117375
7224 0.248055
7225 0.677672
7226 0.60451
7227 0.142549
7228 0.0938729
7229 0.196916
7230 0.495995
7231 0.35824
7232 0.425504
7233 0.317393
7234 0.0211908
7235 0.369997
7236 0.0364
7237 0.183169
7238 0.025087
7239 0.335218
7240 0.386433
7241 0.372547
7242 0.39284
7243 0.134582
7244 0.137819
7245 0.340939
7246 0.0927549
7247 0.401002
7248 0.0688922
7249 0.748292
7250 0.111444
7251 0.0783438
7252 0.105143
7253 0.0143859
7254 0.119151
7255 0.0478437
7256 0.161475
7257 0.317573
7258 0.421351
7259 0.205877
7260 0.892869
7261 0.302628
7262 0.0863094
7263 0.639253
7264 0.105578
7265 0.609337
7266 0.425334
7267 0.635208
7268 0.618721
7269 0.170483
7270 0.100097
7271 0.074639
7272 0.119632
7273 0.327516
7274 0.163087
7275 0.392042
7276 0.476898
7277 0.685764
7278 0.669112
7279 0.213166
7280 0.294824
7281 0.223937
7282 0.252088
7283 0.445723
7284 0.439005
7285 0.290914
7286 0.749367
7287 0.330119
7288 0.164339
7289 0.614913
7290 0.0376452
7291 0.0856083
7292 0.129959
7293 0.0164742
7294 0.0162787
7295 0.117455
7296 0.824725
7297 0.761887
7298 0.924657
7299 0.931644
7300 0.936698
7301 0.868055
7302 0.942024
7303 0.9833
7304 0.978879
7305 0.978756
7306 0.972672
7307 0.932427
7308 0.916669
7309 0.597201
7310 0.888153
7311 0.853874
7312 0.861266
7313 0.91985
7314 0.977845
7315 0.874645
7316 0.975052
7317 0.941279
7318 0.971731
7319 0.97179
7320 0.835881
7321 0.975279
7322 0.928724
7323 0.83999
7324 0.903984
7325 0.857445
7326 0.882219
7327 0.965211
7328 0.904338
7329 0.648744
7330 0.92846
7331 0.919142
7332 0.8826
7333 0.816581
7334 0.934986
7335 0.985812
7336 0.938096
7337 0.936944
7338 0.930749
7339 0.743409
7340 0.982723
7341 0.985502
7342 0.714334
7343 0.834272
7344 0.896436
7345 0.884589
7346 0.98205
7347 0.835014
7348 0.935345
7349 0.894199
7350 0.602676
7351 0.820711
7352 0.897538
7353 0.923519
7354 0.897832
7355 0.919957
7356 0.879108
7357 0.784368
7358 0.717396
7359 0.864467
7360 0.897817
7361 0.938354
7362 0.921341
7363 0.963492
7364 0.940667
7365 0.937331
7366 0.976768
7367 0.949849
7368 0.590898
7369 0.732067
7370 0.935996
7371 0.945502
7372 0.754444
7373 0.808502
7374 0.986746
7375 0.691125
7376 0.764534
7377 0.907227
7378 0.907173
7379 0.75944
7380 0.886519
7381 0.973155
7382 0.898078
7383 0.904
7384 0.852271
7385 0.870054
7386 0.808782
7387 0.740842
7388 0.91997
7389 0.940185
7390 0.969874
7391 0.940946
7392 0.940285
7393 0.942018
7394 0.84083
7395 0.984837
7396 0.967745
7397 0.9432
7398 0.95218
7399 0.746748
7400 0.983601
7401 0.986417
7402 0.95778
7403 0.732187
7404 0.81318
7405 0.938946
7406 0.732459
7407 0.990379
7408 0.942032
7409 0.869275
7410 0.879591
7411 0.809352
7412 0.867755
7413 0.796459
7414 0.968133
7415 0.959806
7416 0.952551
7417 0.923151
7418 0.965927
7419 0.973639
7420 0.941779
7421 0.574075
7422 0.911864
7423 0.886553
7424 0.915476
7425 0.941408
7426 0.779218
7427 0.939998
7428 0.938597
7429 0.879532
7430 0.911413
7431 0.941546
7432 0.839071
7433 0.834187
7434 0.876621
7435 0.991757
7436 0.858289
7437 0.948022
7438 0.894864
7439 0.94163
7440 0.892467
7441 0.92439
7442 0.709993
7443 0.868776
7444 0.936249
7445 0.941323
7446 0.838201
7447 0.949961
7448 0.858367
7449 0.868647
7450 0.942225
7451 0.92616
7452 0.976437
7453 0.813013
7454 0.949379
7455 0.809143
7456 0.902216
7457 0.853162
7458 0.806751
7459 0.819325
7460 0.954072
7461 0.937586
7462 0.960325
7463 0.889632
7464 0.887388
7465 0.963256
7466 0.985522
7467 0.907068
7468 0.9924
7469 0.87637
7470 0.861827
7471 0.872396
7472 0.937212
7473 0.642738
7474 0.918332
7475 0.991554
7476 0.767046
7477 0.979424
7478 0.926744
7479 0.997729
7480 0.916895
7481 0.944427
7482 0.942892
7483 0.939407
7484 0.954437
7485 0.979899
7486 0.899028
7487 0.984309
7488 0.903698
7489 0.984559
7490 0.924693
7491 0.809716
7492 0.986499
7493 0.961071
7494 0.987655
7495 0.985486
7496 0.775353
7497 0.946697
7498 0.868766
7499 0.84395
7500 0.777532
7501 0.790749
7502 0.824693
7503 0.935564
7504 0.909829
7505 0.935137
7506 0.643347
7507 0.804081
7508 0.888253
7509 0.865409
7510 0.809129
7511 0.923288
7512 0.865324
7513 0.721781
7514 0.813992
7515 0.955029
7516 0.876409
7517 0.955592
7518 0.914455
7519 0.991037
7520 0.983445
7521 0.896467
7522 0.954115
7523 0.961698
7524 0.977007
7525 0.941383
7526 0.984339
7527 0.894965
7528 0.941147
7529 0.97475
7530 0.978829
7531 0.962253
7532 0.962246
7533 0.879118
7534 0.917887
7535 0.977804
7536 0.871501
7537 0.905064
7538 0.949512
7539 0.843599
7540 0.918693
7541 0.923564
7542 0.801916
7543 0.946388
7544 0.694207
7545 0.988905
7546 0.982832
7547 0.973167
7548 0.876999
7549 0.971709
7550 0.976747
7551 0.894215
7552 0.902821
7553 0.98903
7554 0.987601
7555 0.965268
7556 0.990994
7557 0.925354
7558 0.931181
7559 0.897204
7560 0.963382
7561 0.985852
7562 0.984362
7563 0.922471
7564 0.977414
7565 0.958957
7566 0.907144
7567 0.918227
7568 0.950694
7569 0.874558
7570 0.872293
7571 0.909682
7572 0.973146
7573 0.845142
7574 0.893786
7575 0.881795
7576 0.893145
7577 0.972155
7578 0.933876
7579 0.932616
7580 0.974918
7581 0.915565
7582 0.892834
7583 0.988647
7584 0.86688
7585 0.881719
7586 0.966944
7587 0.83808
7588 0.906954
7589 0.96758
7590 0.920336
7591 0.688418
7592 0.990363
7593 0.740826
7594 0.977412
7595 0.941465
7596 0.909737
7597 0.985261
7598 0.979061
7599 0.939659
7600 0.949299
7601 0.948956
7602 0.938293
7603 0.986513
7604 0.981246
7605 0.948638
7606 0.940246
7607 0.894471
7608 0.987724
7609 0.893239
7610 0.987235
7611 0.96824
7612 0.948324
7613 0.974732
7614 0.852279
7615 0.929894
7616 0.906681
7617 0.973153
7618 0.855366
7619 0.893619
7620 0.985975
7621 0.969742
7622 0.977297
7623 0.921054
7624 0.920026
7625 0.892296
7626 0.873235
7627 0.981122
7628 0.968784
7629 0.959174
7630 0.794711
7631 0.947464
7632 0.966408
7633 0.974939
7634 0.916664
7635 0.937822
7636 0.920173
7637 0.898403
7638 0.944864
7639 0.735767
7640 0.951407
7641 0.977521
7642 0.9132
7643 0.883345
7644 0.927142
7645 0.830791
7646 0.697403
7647 0.985694
7648 0.90988
7649 0.819865
7650 0.986111
7651 0.953699
7652 0.876842
7653 0.739541
7654 0.883817
7655 0.817572
7656 0.880785
7657 0.792729
7658 0.851655
7659 0.988265
7660 0.807898
7661 0.884569
7662 0.982436
7663 0.775016
7664 0.941758
7665 0.817738
7666 0.947838
7667 0.883895
7668 0.924271
7669 0.731865
7670 0.763086
7671 0.875083
7672 0.988285
7673 0.851141
7674 0.801974
7675 0.61152
7676 0.711159
7677 0.694346
7678 0.80824
7679 0.758759
7680 0.892718
7681 0.989736
7682 0.923893
7683 0.919593
7684 0.822966
7685 0.979267
7686 0.936406
7687 0.84919
7688 0.648703
7689 0.848871
7690 0.731165
7691 0.799872
7692 0.583288
7693 0.884745
7694 0.889197
7695 0.941838
7696 0.965598
7697 0.903698
7698 0.953231
7699 0.776828
7700 0.656123
7701 0.600596
7702 0.840688
7703 0.963036
7704 0.827605
7705 0.898642
7706 0.77255
7707 0.96501
7708 0.939794
7709 0.921956
7710 0.953061
7711 0.926038
7712 0.889565
7713 0.962778
7714 0.983105
7715 0.778536
7716 0.741704
7717 0.945974
7718 0.99222
7719 0.807163
7720 0.886295
7721 0.665617
7722 0.912801
7723 0.868799
7724 0.834593
7725 0.881945
7726 0.767878
7727 0.788257
7728 0.937847
7729 0.871827
7730 0.952018
7731 0.867928
7732 0.746575
7733 0.988912
7734 0.888654
7735 0.905819
7736 0.849366
7737 0.940743
7738 0.958757
7739 0.978399
7740 0.765342
7741 0.857306
7742 0.825736
7743 0.969384
7744 0.799841
7745 0.938403
7746 0.793766
7747 0.861508
7748 0.871419
7749 0.937581
7750 0.847101
7751 0.769272
7752 0.928334
7753 0.86541
7754 0.806184
7755 0.939919
7756 0.841095
7757 0.913687
7758 0.825162
7759 0.822992
7760 0.909367
7761 0.791823
7762 0.895366
7763 0.885773
7764 0.968588
7765 0.854355
7766 0.981588
7767 0.874121
7768 0.888839
7769 0.966359
7770 0.817183
7771 0.802891
7772 0.939757
7773 0.889304
7774 0.801083
7775 0.619662
7776 0.64383
7777 0.935795
7778 0.952631
7779 0.954832
7780 0.873187
7781 0.913042
7782 0.863009
7783 0.981898
7784 0.941933
7785 0.97475
7786 0.861166
7787 0.845714
7788 0.833658
7789 0.947954
7790 0.906883
7791 0.886681
7792 0.928161
7793 0.851572
7794 0.967604
7795 0.951971
7796 0.791207
7797 0.904949
7798 0.991141
7799 0.937493
7800 0.966946
7801 0.785496
7802 0.913385
7803 0.915139
7804 0.952638
7805 0.849929
7806 0.988294
7807 0.825772
7808 0.985707
7809 0.957807
7810 0.908624
7811 0.838982
7812 0.837312
7813 0.920271
7814 0.978931
7815 0.935298
7816 0.771601
7817 0.940812
7818 0.968208
7819 0.800329
7820 0.932802
7821 0.997103
7822 0.880411
7823 0.943798
7824 0.914602
7825 0.931267
7826 0.908894
7827 0.898874
7828 0.934119
7829 0.934953
7830 0.785571
7831 0.926663
7832 0.950542
7833 0.945554
7834 0.940029
7835 0.980521
7836 0.854306
7837 0.900373
7838 0.9417
7839 0.867036
7840 0.9355
7841 0.892198
7842 0.94509
7843 0.901555
7844 0.848899
7845 0.892785
7846 0.916903
7847 0.943643
7848 0.816686
7849 0.997917
7850 0.7971
7851 0.821571
7852 0.888076
7853 0.938675
7854 0.804471
7855 0.7173
7856 0.739128
7857 0.866022
7858 0.881414
7859 0.992474
7860 0.878133
7861 0.983049
7862 0.867143
7863 0.848138
7864 0.723343
7865 0.915015
7866 0.854825
7867 0.836881
7868 0.864277
7869 0.904577
7870 0.902869
7871 0.949389
7872 0.711568
7873 0.922233
7874 0.905195
7875 0.870913
7876 0.966285
7877 0.774035
7878 0.700029
7879 0.876125
7880 0.820072
7881 0.96342
7882 0.89276
7883 0.950076
7884 0.952978
7885 0.806816
7886 0.953277
7887 0.972584
7888 0.944971
7889 0.918608
7890 0.966636
7891 0.924351
7892 0.717019
7893 0.958678
7894 0.867242
7895 0.990261
7896 0.90913
7897 0.85564
7898 0.725688
7899 0.934609
7900 0.94617
7901 0.95827
7902 0.803296
7903 0.943665
7904 0.892724
7905 0.96868
7906 0.963816
7907 0.952074
7908 0.975365
7909 0.936407
7910 0.900888
7911 0.84715
7912 0.960364
7913 0.959712
7914 0.900685
7915 0.916459
7916 0.717426
7917 0.762828
7918 0.87102
7919 0.757573
7920 0.964464
7921 0.866164
7922 0.89374
7923 0.850357
7924 0.98037
7925 0.9885
7926 0.792362
7927 0.874225
7928 0.878976
7929 0.765882
7930 0.698674
7931 0.867558
7932 0.919936
7933 0.94424
7934 0.925895
7935 0.890962
7936 0.800997
7937 0.931226
7938 0.951259
7939 0.866789
7940 0.939425
7941 0.703728
7942 0.850216
7943 0.900481
7944 0.978719
7945 0.893767
7946 0.707531
7947 0.986072
7948 0.975018
7949 0.972826
7950 0.984792
7951 0.962863
7952 0.740349
7953 0.963522
7954 0.983294
7955 0.841276
7956 0.933611
7957 0.75381
7958 0.960662
7959 0.928598
7960 0.789028
7961 0.844839
7962 0.83531
7963 0.800233
7964 0.910428
7965 0.866566
7966 0.917132
7967 0.949633
7968 0.897649
7969 0.882034
7970 0.860134
7971 0.941959
7972 0.985884
7973 0.972264
7974 0.876856
7975 0.871062
7976 0.945078
7977 0.972935
7978 0.891378
7979 0.979079
7980 0.840236
7981 0.792288
7982 0.81112
7983 0.94365
7984 0.900261
7985 0.811133
7986 0.861263
7987 0.901206
7988 0.910282
7989 0.829071
7990 0.81193
7991 0.612768
7992 0.923212
7993 0.842454
7994 0.758871
7995 0.878027
7996 0.874048
7997 0.96616
7998 0.883042
7999 0.967288
8000 0.901446
8001 0.744598
8002 0.920838
8003 0.879149
8004 0.838333
8005 0.95242
8006 0.813722
8007 0.939188
8008 0.896295
8009 0.961861
8010 0.821768
8011 0.935108
8012 0.86829
8013 0.909709
8014 0.85012
8015 0.904136
8016 0.986903
8017 0.888801
8018 0.987998
8019 0.774128
8020 0.871186
8021 0.893613
8022 0.869054
8023 0.840742
8024 0.862048
8025 0.846627
8026 0.966169
8027 0.599647
8028 0.734585
8029 0.90408
8030 0.79437
8031 0.848025
8032 0.838161
8033 0.855759
8034 0.864858
8035 0.720613
8036 0.965787
8037 0.903437
8038 0.963664
8039 0.950717
8040 0.849207
8041 0.882642
8042 0.941212
8043 0.683998
8044 0.903931
8045 0.821108
8046 0.646697
8047 0.857975
8048 0.774406
8049 0.872239
8050 0.946302
8051 0.766137
8052 0.941238
8053 0.959304
8054 0.961253
8055 0.961073
8056 0.926225
8057 0.867345
8058 0.69801
8059 0.918225
8060 0.899337
8061 0.944013
8062 0.897978
8063 0.917595
8064 0.928899
8065 0.829784
8066 0.881408
8067 0.902722
8068 0.894745
8069 0.730618
8070 0.93933
8071 0.989537
8072 0.836332
8073 0.874451
8074 0.854887
8075 0.86215
8076 0.940244
8077 0.920816
8078 0.942647
8079 0.881327
8080 0.917454
8081 0.886072
8082 0.936783
8083 0.742702
8084 0.814886
8085 0.720756
8086 0.818658
8087 0.638999
8088 0.743783
8089 0.828805
8090 0.677765
8091 0.820058
8092 0.906568
8093 0.853723
8094 0.879353
8095 0.965604
8096 0.786385
8097 0.728972
8098 0.674704
8099 0.924779
8100 0.759813
8101 0.876488
8102 0.873811
8103 0.789942
8104 0.94249
8105 0.915897
8106 0.917893
8107 0.950102
8108 0.895595
8109 0.843974
8110 0.885931
8111 0.880503
8112 0.972474
8113 0.84285
8114 0.848529
8115 0.982079
8116 0.882506
8117 0.877853
8118 0.891324
8119 0.812981
8120 0.791855
8121 0.888912
8122 0.790535
8123 0.974858
8124 0.949225
8125 0.888563
8126 0.83857
8127 0.838317
8128 0.887563
8129 0.898153
8130 0.71953
8131 0.676972
8132 0.842105
8133 0.936034
8134 0.697263
8135 0.976159
8136 0.936285
8137 0.768431
8138 0.763133
8139 0.86555
8140 0.866288
8141 0.87282
8142 0.850536
8143 0.925182
8144 0.895556
8145 0.912927
8146 0.918461
8147 0.895709
8148 0.891387
8149 0.693966
8150 0.918428
8151 0.676702
8152 0.847858
8153 0.858427
8154 0.950874
8155 0.79119
8156 0.910179
8157 0.84368
8158 0.862593
8159 0.665777
8160 0.905284
8161 0.796318
8162 0.908276
8163 0.931289
8164 0.744303
8165 0.790664
8166 0.786153
8167 0.872955
8168 0.884873
8169 0.760812
8170 0.665055
8171 0.882748
8172 0.834258
8173 0.976712
8174 0.845232
8175 0.923115
8176 0.858735
8177 0.860789
8178 0.80549
8179 0.899625
8180 0.946801
8181 0.84944
8182 0.831259
8183 0.773715
8184 0.965245
8185 0.939157
8186 0.964549
8187 0.881492
8188 0.920889
8189 0.892427
8190 0.898428
8191 0.885775
8192 0.881563
8193 0.909764
8194 0.864429
8195 0.888431
8196 0.9129
8197 0.877237
8198 0.833318
8199 0.901114
8200 0.818168
8201 0.899945
8202 0.94186
8203 0.907234
8204 0.897427
8205 0.765682
8206 0.865586
8207 0.896736
8208 0.997222
8209 0.7868
8210 0.88278
8211 0.90782
8212 0.919481
8213 0.907498
8214 0.940963
8215 0.831548
8216 0.95291
8217 0.848853
8218 0.795768
8219 0.846597
8220 0.755108
8221 0.790603
8222 0.91932
8223 0.909311
8224 0.875821
8225 0.813905
8226 0.810717
8227 0.853894
8228 0.717992
8229 0.890915
8230 0.946812
8231 0.832609
8232 0.788346
8233 0.67022
8234 0.946261
8235 0.860429
8236 0.887414
8237 0.922897
8238 0.957663
8239 0.855102
8240 0.886054
8241 0.840072
8242 0.839937
8243 0.885722
8244 0.858598
8245 0.791524
8246 0.915295
8247 0.816836
8248 0.86711
8249 0.878744
8250 0.802828
8251 0.782677
8252 0.826257
8253 0.91194
8254 0.804904
8255 0.968066
8256 0.949397
8257 0.862201
8258 0.897142
8259 0.924016
8260 0.901623
8261 0.941885
8262 0.865668
8263 0.893363
8264 0.820113
8265 0.966024
8266 0.89662
8267 0.943574
8268 0.975079
8269 0.940162
8270 0.866616
8271 0.867001
8272 0.875132
8273 0.834547
8274 0.931971
8275 0.923736
8276 0.915589
8277 0.913604
8278 0.827088
8279 0.862673
8280 0.865347
8281 0.681589
8282 0.95405
8283 0.946972
8284 0.891019
8285 0.782151
8286 0.975876
8287 0.900271
8288 0.939006
8289 0.861109
8290 0.889918
8291 0.866448
8292 0.855296
8293 0.823132
8294 0.926241
8295 0.740691
8296 0.834929
8297 0.822693
8298 0.870778
8299 0.928662
8300 0.881609
8301 0.907218
8302 0.860562
8303 0.858739
8304 0.826833
8305 0.885662
8306 0.889301
8307 0.928558
8308 0.919973
8309 0.933382
8310 0.928394
8311 0.853761
8312 0.90425
8313 0.905136
8314 0.913068
8315 0.922342
8316 0.876582
8317 0.815592
8318 0.929253
8319 0.977061
8320 0.833612
8321 0.759501
8322 0.904262
8323 0.953487
8324 0.964451
8325 0.839845
8326 0.913232
8327 0.775585
8328 0.738198
8329 0.770457
8330 0.86393
8331 0.519788
8332 0.593423
8333 0.978596
8334 0.90397
8335 0.825691
8336 0.83852
8337 0.953951
8338 0.853636
8339 0.842571
8340 0.728268
8341 0.846138
8342 0.808742
8343 0.834918
8344 0.724998
8345 0.835755
8346 0.769403
8347 0.859471
8348 0.949897
8349 0.749958
8350 0.863904
8351 0.779591
8352 0.807421
8353 0.83247
8354 0.851108
8355 0.989794
8356 0.903905
8357 0.930204
8358 0.90413
8359 0.81046
8360 0.921397
8361 0.847438
8362 0.876558
8363 0.799131
8364 0.715978
8365 0.942822
8366 0.819369
8367 0.938045
8368 0.905383
8369 0.951117
8370 0.97598
8371 0.975934
8372 0.91618
8373 0.866269
8374 0.911531
8375 0.959069
8376 0.912485
8377 0.938768
8378 0.974837
8379 0.824022
8380 0.92242
8381 0.865315
8382 0.861776
8383 0.761764
8384 0.905776
8385 0.900988
8386 0.937029
8387 0.613395
8388 0.954151
8389 0.945834
8390 0.803623
8391 0.94651
8392 0.940719
8393 0.860053
8394 0.960675
8395 0.735833
8396 0.848
8397 0.965036
8398 0.723512
8399 0.801081
8400 0.864753
8401 0.880152
8402 0.882074
8403 0.835063
8404 0.928822
8405 0.890368
8406 0.905532
8407 0.920518
8408 0.886252
8409 0.913576
8410 0.824371
8411 0.778399
8412 0.87627
8413 0.82222
8414 0.763549
8415 0.877373
8416 0.931385
8417 0.948658
8418 0.929431
8419 0.903904
8420 0.930791
8421 0.766783
8422 0.792486
8423 0.870817
8424 0.930168
8425 0.80779
8426 0.892551
8427 0.868622
8428 0.928598
8429 0.918299
8430 0.942677
8431 0.743998
8432 0.867637
8433 0.803125
8434 0.812994
8435 0.838327
8436 0.868982
8437 0.950276
8438 0.688204
8439 0.916863
8440 0.922951
8441 0.891994
8442 0.854312
8443 0.939458
8444 0.829412
8445 0.889568
8446 0.731745
8447 0.963441
8448 0.901021
8449 0.718287
8450 0.956088
8451 0.760962
8452 0.858124
8453 0.948189
8454 0.859832
8455 0.831866
8456 0.842647
8457 0.944102
8458 0.949014
8459 0.893441
8460 0.931502
8461 0.956851
8462 0.889577
8463 0.911936
8464 0.850916
8465 0.854204
8466 0.934392
8467 0.916086
8468 0.83349
8469 0.832331
8470 0.859574
8471 0.952109
8472 0.89204
8473 0.906771
8474 0.844382
8475 0.877435
8476 0.844567
8477 0.914341
8478 0.898265
8479 0.810242
8480 0.689356
8481 0.955267
8482 0.844186
8483 0.945191
8484 0.916748
8485 0.882219
8486 0.892431
8487 0.894474
8488 0.893289
8489 0.833762
8490 0.912882
8491 0.962443
8492 0.797496
8493 0.927309
8494 0.915256
8495 0.907859
8496 0.797505
8497 0.833158
8498 0.929799
8499 0.959341
8500 0.942271
8501 0.778113
8502 0.878166
8503 0.818942
8504 0.896875
8505 0.855705
8506 0.956584
8507 0.940706
8508 0.927916
8509 0.934947
8510 0.930843
8511 0.869703
8512 0.932424
8513 0.804935
8514 0.947915
8515 0.95622
8516 0.947296
8517 0.820718
8518 0.831811
8519 0.897945
8520 0.862436
8521 0.874115
8522 0.863693
8523 0.797763
8524 0.960114
8525 0.864787
8526 0.81161
8527 0.65322
8528 0.838102
8529 0.892524
8530 0.949172
8531 0.863617
8532 0.886445
8533 0.944767
8534 0.806786
8535 0.837562
8536 0.89927
8537 0.847398
8538 0.925222
8539 0.819678
8540 0.900456
8541 0.858796
8542 0.927899
8543 0.907036
8544 0.85069
8545 0.975166
8546 0.870769
8547 0.84934
8548 0.906646
8549 0.826664
8550 0.823991
8551 0.937881
8552 0.857888
8553 0.813759
8554 0.857117
8555 0.925523
8556 0.957484
8557 0.936523
8558 0.909364
8559 0.931787
8560 0.926155
8561 0.869131
8562 0.666518
8563 0.884059
8564 0.757889
8565 0.912791
8566 0.736162
8567 0.770154
8568 0.771926
8569 0.900439
8570 0.90039
8571 0.876552
8572 0.930899
8573 0.87398
8574 0.955683
8575 0.796915
8576 0.728918
8577 0.836519
8578 0.86163
8579 0.86791
8580 0.867256
8581 0.936273
8582 0.848767
8583 0.839951
8584 0.873871
8585 0.881326
8586 0.904534
8587 0.764289
8588 0.904947
8589 0.93984
8590 0.825071
8591 0.91813
8592 0.915871
8593 0.888534
8594 0.914821
8595 0.845648
8596 0.90167
8597 0.935031
8598 0.862845
8599 0.952254
8600 0.938967
8601 0.955092
8602 0.841243
8603 0.927571
8604 0.789385
8605 0.803764
8606 0.919152
8607 0.896603
8608 0.609866
8609 0.870596
8610 0.918669
8611 0.90315
8612 0.869637
8613 0.956125
8614 0.708233
8615 0.873112
8616 0.878796
8617 0.807095
8618 0.874146
8619 0.877689
8620 0.964999
8621 0.888736
8622 0.957185
8623 0.903008
8624 0.984927
8625 0.915
8626 0.965826
8627 0.854984
8628 0.909149
8629 0.72791
8630 0.945442
8631 0.952326
8632 0.868666
8633 0.950998
8634 0.881604
8635 0.866962
8636 0.857083
8637 0.814272
8638 0.938225
8639 0.885135
8640 0.886787
8641 0.875935
8642 0.839342
8643 0.865466
8644 0.92738
8645 0.875773
8646 0.778561
8647 0.943403
8648 0.887298
8649 0.814763
8650 0.943543
8651 0.924692
8652 0.850533
8653 0.9297
8654 0.92323
8655 0.827812
8656 0.946777
8657 0.820789
8658 0.884699
8659 0.840855
8660 0.871179
8661 0.872052
8662 0.937572
8663 0.94446
8664 0.888315
8665 0.8858
8666 0.861004
8667 0.874389
8668 0.810024
8669 0.927208
8670 0.913157
8671 0.852302
8672 0.683382
8673 0.812148
8674 0.693729
8675 0.703074
8676 0.796485
8677 0.794458
8678 0.736302
8679 0.889793
8680 0.788857
8681 0.792817
8682 0.949636
8683 0.897036
8684 0.979703
8685 0.835827
8686 0.835229
8687 0.756882
8688 0.934807
8689 0.870421
8690 0.860762
8691 0.936775
8692 0.726546
8693 0.872774
8694 0.892157
8695 0.942994
8696 0.927617
8697 0.880119
8698 0.894852
8699 0.938182
8700 0.779083
8701 0.97006
8702 0.75622
8703 0.867368
8704 0.883271
8705 0.789933
8706 0.892178
8707 0.913584
8708 0.937833
8709 0.984611
8710 0.804816
8711 0.870151
8712 0.957767
8713 0.904867
8714 0.926062
8715 0.924754
8716 0.819244
8717 0.892843
8718 0.912088
8719 0.942478
8720 0.973447
8721 0.828875
8722 0.895309
8723 0.922873
8724 0.956282
8725 0.787439
8726 0.856965
8727 0.812128
8728 0.78439
8729 0.891342
8730 0.929487
8731 0.839473
8732 0.932
8733 0.735386
8734 0.71107
8735 0.85862
8736 0.873597
8737 0.64243
8738 0.854237
8739 0.865664
8740 0.829051
8741 0.844232
8742 0.917253
8743 0.763388
8744 0.844934
8745 0.929045
8746 0.937863
8747 0.834792
8748 0.906312
8749 0.898168
8750 0.849057
8751 0.889419
8752 0.883225
8753 0.911578
8754 0.928167
8755 0.903179
8756 0.876445
8757 0.924043
8758 0.832444
8759 0.807983
8760 0.959728
8761 0.896388
8762 0.938674
8763 0.938599
8764 0.905014
8765 0.816599
8766 0.88344
8767 0.911085
8768 0.843059
8769 0.918125
8770 0.862632
8771 0.886219
8772 0.86297
8773 0.882462
8774 0.81888
8775 0.866297
8776 0.86277
8777 0.930787
8778 0.909752
8779 0.95095
8780 0.778215
8781 0.886026
8782 0.953196
8783 0.878989
8784 0.856058
8785 0.771642
8786 0.834177
8787 0.905954
8788 0.792554
8789 0.888326
8790 0.893627
8791 0.813524
8792 0.867577
8793 0.93464
8794 0.965234
8795 0.836091
8796 0.938604
8797 0.839864
8798 0.919335
8799 0.960397
8800 0.915304
8801 0.863334
8802 0.903845
8803 0.847376
8804 0.86622
8805 0.920691
8806 0.892142
8807 0.876103
8808 0.993802
8809 0.825359
8810 0.871373
8811 0.775358
8812 0.924076
8813 0.960096
8814 0.887191
8815 0.918101
8816 0.869365
8817 0.954793
8818 0.855564
8819 0.852347
8820 0.86461
8821 0.846531
8822 0.921422
8823 0.91528
8824 0.925363
8825 0.770267
8826 0.983644
8827 0.910178
8828 0.879994
8829 0.772356
8830 0.908776
8831 0.939564
8832 0.923228
8833 0.825073
8834 0.904943
8835 0.886722
8836 0.905135
8837 0.876451
8838 0.637219
8839 0.982645
8840 0.958041
8841 0.936169
8842 0.872889
8843 0.92891
8844 0.971346
8845 0.908477
8846 0.885891
8847 0.882295
8848 0.845587
8849 0.886295
8850 0.907915
8851 0.955608
8852 0.922808
8853 0.875907
8854 0.895042
8855 0.814931
8856 0.958854
8857 0.912589
8858 0.882285
8859 0.891603
8860 0.963579
8861 0.627691
8862 0.890145
8863 0.752592
8864 0.934109
8865 0.929808
8866 0.876105
8867 0.832205
8868 0.831989
8869 0.973042
8870 0.933622
8871 0.882477
8872 0.862969
8873 0.817889
8874 0.910936
8875 0.887057
8876 0.718997
8877 0.851392
8878 0.812838
8879 0.917224
8880 0.883171
8881 0.762219
8882 0.938421
8883 0.72563
8884 0.921052
8885 0.797017
8886 0.924226
8887 0.836618
8888 0.713934
8889 0.848097
8890 0.694311
8891 0.866561
8892 0.936623
8893 0.906435
8894 0.745037
8895 0.755492
8896 0.95869
8897 0.931706
8898 0.913148
8899 0.852281
8900 0.967168
8901 0.911808
8902 0.888036
8903 0.934212
8904 0.925286
8905 0.855552
8906 0.901123
8907 0.861887
8908 0.973954
8909 0.79756
8910 0.941709
8911 0.81709
8912 0.938993
8913 0.835547
8914 0.832944
8915 0.952219
8916 0.861181
8917 0.961055
8918 0.992417
8919 0.980386
8920 0.698727
8921 0.779168
8922 0.794958
8923 0.79237
8924 0.815625
8925 0.924127
8926 0.818228
8927 0.946185
8928 0.894615
8929 0.753383
8930 0.911805
8931 0.614897
8932 0.977339
8933 0.756747
8934 0.789833
8935 0.928739
8936 0.868333
8937 0.857058
8938 0.857499
8939 0.863845
8940 0.685792
8941 0.696451
8942 0.935075
8943 0.962031
8944 0.93989
8945 0.82423
8946 0.74509
8947 0.930833
8948 0.764366
8949 0.742063
8950 0.95681
8951 0.90179
8952 0.731236
8953 0.827283
8954 0.849149
8955 0.836051
8956 0.802272
8957 0.841866
8958 0.702873
8959 0.854662
8960 0.932645
8961 0.888079
8962 0.871187
8963 0.920431
8964 0.848976
8965 0.747159
8966 0.921691
8967 0.902557
8968 0.901567
8969 0.950627
8970 0.816473
8971 0.720286
8972 0.694403
8973 0.756447
8974 0.735703
8975 0.584258
8976 0.924646
8977 0.810552
8978 0.898031
8979 0.76083
8980 0.821117
8981 0.930644
8982 0.905616
8983 0.945998
8984 0.878531
8985 0.817258
8986 0.780354
8987 0.914583
8988 0.960269
8989 0.854735
8990 0.838898
8991 0.931118
8992 0.864077
8993 0.895966
8994 0.876293
8995 0.766638
8996 0.872244
8997 0.90104
8998 0.853717
8999 0.954662
9000 0.970489
9001 0.931444
9002 0.85831
9003 0.859622
9004 0.932813
9005 0.782644
9006 0.945006
9007 0.851811
9008 0.94569
9009 0.890854
9010 0.991671
9011 0.925232
9012 0.809451
9013 0.882457
9014 0.877913
9015 0.971374
9016 0.747979
9017 0.870256
9018 0.66557
9019 0.949139
9020 0.880666
9021 0.877037
9022 0.93361
9023 0.951732
9024 0.92281
9025 0.911811
9026 0.979325
9027 0.923019
9028 0.836732
9029 0.911034
9030 0.874526
9031 0.876904
9032 0.917006
9033 0.945479
9034 0.818637
9035 0.814573
9036 0.810847
9037 0.913004
9038 0.790832
9039 0.832325
9040 0.81056
9041 0.798494
9042 0.858811
9043 0.953626
9044 0.963553
9045 0.93584
9046 0.889647
9047 0.947747
9048 0.893626
9049 0.892698
9050 0.875578
9051 0.874576
9052 0.873098
9053 0.956082
9054 0.888122
9055 0.927414
9056 0.851152
9057 0.863288
9058 0.862767
9059 0.84504
9060 0.735295
9061 0.943734
9062 0.618756
9063 0.946781
9064 0.762011
9065 0.948447
9066 0.988223
9067 0.783103
9068 0.788988
9069 0.751064
9070 0.73183
9071 0.952024
9072 0.655787
9073 0.95776
9074 0.940932
9075 0.903833
9076 0.91678
9077 0.684407
9078 0.784883
9079 0.756732
9080 0.858861
9081 0.87298
9082 0.918196
9083 0.994918
9084 0.858557
9085 0.923817
9086 0.770267
9087 0.812438
9088 0.969673
9089 0.955735
9090 0.954495
9091 0.913077
9092 0.919705
9093 0.852544
9094 0.956004
9095 0.870353
9096 0.856168
9097 0.88822
9098 0.934317
9099 0.824986
9100 0.956784
9101 0.922525
9102 0.576634
9103 0.761153
9104 0.944302
9105 0.940878
9106 0.975203
9107 0.828646
9108 0.862846
9109 0.890679
9110 0.919105
9111 0.842873
9112 0.94614
9113 0.895888
9114 0.963753
9115 0.939758
9116 0.782537
9117 0.781123
9118 0.92614
9119 0.890111
9120 0.807463
9121 0.896151
9122 0.896592
9123 0.734413
9124 0.656572
9125 0.824895
9126 0.963754
9127 0.888867
9128 0.88615
9129 0.96909
9130 0.824547
9131 0.851991
9132 0.90636
9133 0.920142
9134 0.9234
9135 0.698974
9136 0.856917
9137 0.868532
9138 0.73531
9139 0.851128
9140 0.858964
9141 0.851274
9142 0.822534
9143 0.820436
9144 0.905983
9145 0.868697
9146 0.81702
9147 0.909737
9148 0.909165
9149 0.722483
9150 0.774415
9151 0.847685
9152 0.920703
9153 0.882183
9154 0.814235
9155 0.923191
9156 0.886069
9157 0.812173
9158 0.817324
9159 0.482945
9160 0.88989
9161 0.827243
9162 0.909792
9163 0.967951
9164 0.894306
9165 0.883767
9166 0.955702
9167 0.852491
9168 0.885829
9169 0.912375
9170 0.868494
9171 0.796143
9172 0.909092
9173 0.860527
9174 0.961745
9175 0.908486
9176 0.849155
9177 0.930236
9178 0.875748
9179 0.921072
9180 0.896526
9181 0.949057
9182 0.906277
9183 0.831971
9184 0.91021
9185 0.964602
9186 0.748303
9187 0.89071
9188 0.906857
9189 0.823668
9190 0.832248
9191 0.918495
9192 0.84167
9193 0.91986
9194 0.976048
9195 0.96118
9196 0.896455
9197 0.925158
9198 0.893405
9199 0.914182
9200 0.753814
9201 0.879525
9202 0.805006
9203 0.818025
9204 0.80745
9205 0.87627
9206 0.96644
9207 0.908898
9208 0.796022
9209 0.830047
9210 0.736824
9211 0.832272
9212 0.811736
9213 0.926373
9214 0.881611
9215 0.855683
9216 0.693479
9217 0.822295
9218 0.908805
9219 0.671007
9220 0.939395
9221 0.791097
9222 0.873118
9223 0.958059
9224 0.825505
9225 0.87935
9226 0.917044
9227 0.747419
9228 0.690544
9229 0.743836
9230 0.764777
9231 0.930077
9232 0.849638
9233 0.887139
9234 0.870256
9235 0.817002
9236 0.848326
9237 0.801981
9238 0.868833
9239 0.940819
9240 0.78833
9241 0.885081
9242 0.829538
9243 0.952596
9244 0.985556
9245 0.705222
9246 0.811181
9247 0.944062
9248 0.974731
9249 0.969817
9250 0.927081
9251 0.902962
9252 0.68119
9253 0.707597
9254 0.8765
9255 0.803152
9256 0.753897
9257 0.939487
9258 0.83024
9259 0.876834
9260 0.853231
9261 0.969957
9262 0.802065
9263 0.843254
9264 0.843151
9265 0.889952
9266 0.908811
9267 0.929377
9268 0.89194
9269 0.786496
9270 0.926524
9271 0.905069
9272 0.921774
9273 0.844257
9274 0.899297
9275 0.872679
9276 0.970618
9277 0.930983
9278 0.906799
9279 0.911835
9280 0.932846
9281 0.875434
9282 0.874511
9283 0.979386
9284 0.906256
9285 0.80789
9286 0.838053
9287 0.77592
9288 0.891002
9289 0.895073
9290 0.961781
9291 0.871834
9292 0.914949
9293 0.824322
9294 0.966562
9295 0.784357
9296 0.838973
9297 0.982747
9298 0.896355
9299 0.873027
9300 0.897483
9301 0.816954
9302 0.967827
9303 0.901161
9304 0.843859
9305 0.882082
9306 0.835027
9307 0.996815
9308 0.92673
9309 0.827912
9310 0.892056
9311 0.83699
9312 0.830535
9313 0.722917
9314 0.81815
9315 0.829898
9316 0.886465
9317 0.921786
9318 0.966962
9319 0.58973
9320 0.857737
9321 0.686488
9322 0.726361
9323 0.557807
9324 0.862171
9325 0.956741
9326 0.853513
9327 0.848458
9328 0.654002
9329 0.889217
9330 0.903786
9331 0.750777
9332 0.709373
9333 0.954957
9334 0.944096
9335 0.877512
9336 0.894994
9337 0.540725
9338 0.90251
9339 0.899008
9340 0.75907
9341 0.865838
9342 0.912214
9343 0.810779
9344 0.878576
9345 0.853605
9346 0.823964
9347 0.908757
9348 0.92645
9349 0.848087
9350 0.953254
9351 0.896038
9352 0.837108
9353 0.601945
9354 0.935174
9355 0.965673
9356 0.821975
9357 0.948252
9358 0.966653
9359 0.918611
9360 0.887913
9361 0.907593
9362 0.786635
9363 0.883474
9364 0.885566
9365 0.708745
9366 0.98796
9367 0.989802
9368 0.961892
9369 0.993439
9370 0.957195
9371 0.824534
9372 0.967503
9373 0.857749
9374 0.944341
9375 0.663081
9376 0.919194
9377 0.894011
9378 0.604393
9379 0.748448
9380 0.808067
9381 0.849951
9382 0.845464
9383 0.882531
9384 0.955095
9385 0.812902
9386 0.891605
9387 0.964259
9388 0.929832
9389 0.783793
9390 0.715406
9391 0.89496
9392 0.942788
9393 0.931588
9394 0.803334
9395 0.862646
9396 0.85877
9397 0.921561
9398 0.884623
9399 0.7579
9400 0.797093
9401 0.879951
9402 0.906605
9403 0.881457
9404 0.864863
9405 0.772743
9406 0.866029
9407 0.890749
9408 0.966485
9409 0.941117
9410 0.989096
9411 0.735858
9412 0.760645
9413 0.904626
9414 0.618963
9415 0.884964
9416 0.98546
9417 0.887624
9418 0.849172
9419 0.910001
9420 0.867484
9421 0.871266
9422 0.792323
9423 0.840352
9424 0.924917
9425 0.91525
9426 0.799451
9427 0.959021
9428 0.834014
9429 0.928891
9430 0.69037
9431 0.72756
9432 0.913474
9433 0.967488
9434 0.883476
9435 0.982323
9436 0.867737
9437 0.938107
9438 0.884506
9439 0.893081
9440 0.873624
9441 0.805733
9442 0.946222
9443 0.922192
9444 0.887724
9445 0.795862
9446 0.936852
9447 0.851499
9448 0.920318
9449 0.939749
9450 0.857165
9451 0.969372
9452 0.972107
9453 0.85726
9454 0.837686
9455 0.722062
9456 0.870589
9457 0.907742
9458 0.774441
9459 0.843457
9460 0.850186
9461 0.893761
9462 0.939448
9463 0.915609
9464 0.893956
9465 0.861744
9466 0.961179
9467 0.857068
9468 0.820031
9469 0.833926
9470 0.986563
9471 0.886088
9472 0.882838
9473 0.893736
9474 0.869152
9475 0.7498
9476 0.870428
9477 0.923368
9478 0.923476
9479 0.805535
9480 0.905954
9481 0.819188
9482 0.909927
9483 0.695271
9484 0.929219
9485 0.919559
9486 0.888793
9487 0.870504
9488 0.959584
9489 0.932852
9490 0.830908
9491 0.953279
9492 0.919335
9493 0.929686
9494 0.708886
9495 0.867686
9496 0.931392
9497 0.854665
9498 0.828804
9499 0.929845
9500 0.906796
9501 0.91599
9502 0.763855
9503 0.838224
9504 0.959775
9505 0.863318
9506 0.910894
9507 0.729382
9508 0.927255
9509 0.944591
9510 0.769049
9511 0.967911
9512 0.918003
9513 0.86422
9514 0.861154
9515 0.963733
9516 0.901968
9517 0.926916
9518 0.929322
9519 0.979992
9520 0.874201
9521 0.923735
9522 0.765811
9523 0.876346
9524 0.866684
9525 0.782798
9526 0.849949
9527 0.667744
9528 0.89716
9529 0.944622
9530 0.871806
9531 0.929963
9532 0.862394
9533 0.779477
9534 0.836154
9535 0.962698
9536 0.95731
9537 0.834654
9538 0.605905
9539 0.934015
9540 0.92829
9541 0.820744
9542 0.735565
9543 0.893343
9544 0.920949
9545 0.888585
9546 0.961186
9547 0.956438
9548 0.936989
9549 0.937543
9550 0.984613
9551 0.910508
9552 0.950417
9553 0.734896
9554 0.895678
9555 0.967342
9556 0.915889
9557 0.814938
9558 0.840263
9559 0.881946
9560 0.949244
9561 0.948291
9562 0.937861
9563 0.824897
9564 0.933888
9565 0.93577
9566 0.945688
9567 0.842283
9568 0.909548
9569 0.903667
9570 0.91976
9571 0.945707
9572 0.870726
9573 0.910177
9574 0.880773
9575 0.903926
9576 0.56407
9577 0.690383
9578 0.761908
9579 0.881535
9580 0.895906
9581 0.911478
9582 0.812508
9583 0.91434
9584 0.915245
9585 0.783054
9586 0.926315
9587 0.906351
9588 0.876426
9589 0.889556
9590 0.615702
9591 0.801732
9592 0.729706
9593 0.792065
9594 0.835155
9595 0.842315
9596 0.918849
9597 0.901497
9598 0.781549
9599 0.829767
9600 0.922236
9601 0.769544
9602 0.926165
9603 0.785888
9604 0.929622
9605 0.964173
9606 0.918995
9607 0.951438
9608 0.928195
9609 0.798934
9610 0.933618
9611 0.946984
9612 0.884572
9613 0.709319
9614 0.872388
9615 0.983661
9616 0.764858
9617 0.874193
9618 0.775351
9619 0.703379
9620 0.902485
9621 0.928962
9622 0.946303
9623 0.882827
9624 0.825645
9625 0.741215
9626 0.90276
9627 0.789262
9628 0.890303
9629 0.944148
9630 0.955976
9631 0.950207
9632 0.942128
9633 0.910215
9634 0.824213
9635 0.878558
9636 0.919349
9637 0.802787
9638 0.720243
9639 0.961835
9640 0.94258
9641 0.914674
9642 0.857215
9643 0.924575
9644 0.772526
9645 0.897928
9646 0.916131
9647 0.912289
9648 0.815028
9649 0.763492
9650 0.959322
9651 0.853927
9652 0.734016
9653 0.735096
9654 0.691357
9655 0.84492
9656 0.926154
9657 0.897811
9658 0.922357
9659 0.930547
9660 0.941797
9661 0.929378
9662 0.862376
9663 0.925054
9664 0.871372
9665 0.871933
9666 0.741734
9667 0.96734
9668 0.923833
9669 0.963668
9670 0.923601
9671 0.93306
9672 0.799789
9673 0.868606
9674 0.814562
9675 0.871455
9676 0.917139
9677 0.75157
9678 0.9165
9679 0.804158
9680 0.811672
9681 0.861805
9682 0.665374
9683 0.962301
9684 0.751341
9685 0.885154
9686 0.668586
9687 0.866591
9688 0.866012
9689 0.920576
9690 0.88706
9691 0.914341
9692 0.885557
9693 0.792195
9694 0.975016
9695 0.942352
9696 0.897603
9697 0.917466
9698 0.850442
9699 0.886126
9700 0.909721
9701 0.932116
9702 0.847703
9703 0.817339
9704 0.773974
9705 0.933922
9706 0.86737
9707 0.796571
9708 0.930023
9709 0.908599
9710 0.916502
9711 0.835239
9712 0.731051
9713 0.968868
9714 0.846868
9715 0.841585
9716 0.922332
9717 0.861892
9718 0.842028
9719 0.762743
9720 0.914311
9721 0.841436
9722 0.959955
9723 0.792191
9724 0.840001
9725 0.864298
9726 0.809253
9727 0.914357
9728 0.927442
9729 0.8825
9730 0.847611
9731 0.884059
9732 0.880447
9733 0.921384
9734 0.785319
9735 0.795245
9736 0.877287
9737 0.771437
9738 0.888698
9739 0.711012
9740 0.917302
9741 0.93103
9742 0.947527
9743 0.778761
9744 0.885791
9745 0.77924
9746 0.86502
9747 0.937801
9748 0.862617
9749 0.89866
9750 0.877355
9751 0.954271
9752 0.937772
9753 0.847823
9754 0.923576
9755 0.739681
9756 0.79941
9757 0.784452
9758 0.867121
9759 0.966625
9760 0.852085
9761 0.723143
9762 0.973434
9763 0.911278
9764 0.653626
9765 0.830881
9766 0.874163
9767 0.590385
9768 0.917225
9769 0.949411
9770 0.925332
9771 0.748113
9772 0.753356
9773 0.873134
9774 0.81288
9775 0.995554
9776 0.725931
9777 0.76566
9778 0.883228
9779 0.826007
9780 0.846891
9781 0.948255
9782 0.759796
9783 0.902104
9784 0.87583
9785 0.951941
9786 0.850281
9787 0.912119
9788 0.733549
9789 0.734882
9790 0.685161
9791 0.987318
9792 0.87527
9793 0.842131
9794 0.790594
9795 0.849867
9796 0.957334
9797 0.813261
9798 0.59542
9799 0.878631
9800 0.854765
9801 0.961527
9802 0.901605
9803 0.857956
9804 0.990898
9805 0.829416
9806 0.781271
9807 0.79611
9808 0.815248
9809 0.823091
9810 0.930881
9811 0.836595
9812 0.870542
9813 0.849808
9814 0.944544
9815 0.880411
9816 0.687113
9817 0.891031
9818 0.960975
9819 0.862626
9820 0.894022
9821 0.85081
9822 0.932408
9823 0.732782
9824 0.958395
9825 0.830394
9826 0.825049
9827 0.846205
9828 0.899369
9829 0.860306
9830 0.864181
9831 0.71746
9832 0.916227
9833 0.732638
9834 0.975635
9835 0.953332
9836 0.911211
9837 0.77976
9838 0.842017
9839 0.829028
9840 0.91687
9841 0.919489
9842 0.786701
9843 0.834679
9844 0.863379
9845 0.960304
9846 0.834181
9847 0.934461
9848 0.946306
9849 0.802752
9850 0.905286
9851 0.962845
9852 0.930942
9853 0.917495
9854 0.977998
9855 0.905904
9856 0.851232
9857 0.878575
9858 0.892644
9859 0.95622
9860 0.851247
9861 0.877053
9862 0.879814
9863 0.754857
9864 0.929946
9865 0.866955
9866 0.937246
9867 0.786114
9868 0.896143
9869 0.843308
9870 0.912875
9871 0.924872
9872 0.908361
9873 0.863135
9874 0.933969
9875 0.840539
9876 0.955439
9877 0.884239
9878 0.89763
9879 0.852833
9880 0.913558
9881 0.87206
9882 0.602747
9883 0.960782
9884 0.717197
9885 0.869535
9886 0.896238
9887 0.731038
9888 0.944712
9889 0.946087
9890 0.890418
9891 0.892736
9892 0.867394
9893 0.874436
9894 0.929366
9895 0.867688
9896 0.903199
9897 0.701207
9898 0.717195
9899 0.94167
9900 0.931789
9901 0.743798
9902 0.896657
9903 0.920502
9904 0.910925
9905 0.948229
9906 0.794852
9907 0.890748
9908 0.836681
9909 0.892835
9910 0.814332
9911 0.973474
9912 0.918625
9913 0.923677
9914 0.891469
9915 0.807471
9916 0.893285
9917 0.951749
9918 0.983877
9919 0.908568
9920 0.734453
9921 0.92582
9922 0.86343
9923 0.933794
9924 0.765638
9925 0.920637
9926 0.896634
9927 0.953708
9928 0.785308
9929 0.95741
9930 0.714941
9931 0.841268
9932 0.887845
9933 0.88414
9934 0.805226
9935 0.916704
9936 0.846212
9937 0.779579
9938 0.903078
9939 0.922338
9940 0.780826
9941 0.951655
9942 0.960231
9943 0.916497
9944 0.925735
9945 0.853535
9946 0.672798
9947 0.90895
9948 0.822752
9949 0.658963
9950 0.738361
9951 0.807243
9952 0.898869
9953 0.657221
9954 0.787212
9955 0.962409
9956 0.771858
9957 0.865281
9958 0.906146
9959 0.914423
9960 0.869635
9961 0.887348
9962 0.906483
9963 0.866026
9964 0.90702
9965 0.912023
9966 0.790859
9967 0.965111
9968 0.963827
9969 0.930399
9970 0.904927
9971 0.942435
9972 0.82965
9973 0.873287
9974 0.924159
9975 0.949626
9976 0.668317
9977 0.910451
9978 0.920886
9979 0.928706
9980 0.87537
9981 0.903938
9982 0.815395
9983 0.880425
9984 0.859632
9985 0.837105
9986 0.940968
9987 0.934332
9988 0.980231
9989 0.959619
9990 0.795717
9991 0.810201
9992 0.915423
9993 0.938313
9994 0.9336
9995 0.782549
9996 0.926488
9997 0.8158
9998 0.846348
9999 0.964247
10000 0.752615
10001 0.941331
10002 0.850989
10003 0.927191
10004 0.88155
10005 0.753341
10006 0.672866
10007 0.745513
10008 0.940869
10009 0.835968
10010 0.909029
10011 0.876983
10012 0.867976
10013 0.907677
10014 0.691663
10015 0.704427
10016 0.845579
10017 0.671719
10018 0.758944
10019 0.820641
10020 0.770668
10021 0.875496
10022 0.933167
10023 0.925941
10024 0.853028
10025 0.894544
10026 0.817196
10027 0.922357
10028 0.894413
10029 0.846498
10030 0.812167
10031 0.942283
10032 0.945256
10033 0.734535
10034 0.766664
10035 0.92762
10036 0.882825
10037 0.737561
10038 0.682195
10039 0.758175
10040 0.846742
10041 0.935008
10042 0.77771
10043 0.957296
10044 0.755548
10045 0.924472
10046 0.95701
10047 0.815707
10048 0.872997
10049 0.955755
10050 0.762032
10051 0.778696
10052 0.883179
10053 0.81374
10054 0.851257
10055 0.888516
10056 0.929821
10057 0.773288
10058 0.859082
10059 0.87536
10060 0.85021
10061 0.805351
10062 0.944413
10063 0.931357
10064 0.854932
10065 0.837723
10066 0.922762
10067 0.919629
10068 0.918015
10069 0.937114
10070 0.987578
10071 0.89317
10072 0.819335
10073 0.912968
10074 0.943403
10075 0.697874
10076 0.905334
10077 0.991018
10078 0.92028
10079 0.640848
10080 0.846186
10081 0.9839
10082 0.959117
10083 0.85106
10084 0.886912
10085 0.885303
10086 0.848858
10087 0.858232
10088 0.834816
10089 0.905866
10090 0.904337
10091 0.650056
10092 0.839211
10093 0.903862
10094 0.770077
10095 0.925675
10096 0.960688
10097 0.833356
10098 0.890794
10099 0.639954
10100 0.928668
10101 0.816159
10102 0.890928
10103 0.907189
10104 0.89269
10105 0.688215
10106 0.662852
10107 0.903872
10108 0.89015
10109 0.949869
10110 0.898432
10111 0.886376
10112 0.935844
10113 0.861352
10114 0.974451
10115 0.782357
10116 0.941645
10117 0.907969
10118 0.902387
10119 0.893348
10120 0.867209
10121 0.933415
10122 0.815345
10123 0.949948
10124 0.85209
10125 0.863522
10126 0.798175
10127 0.902677
10128 0.929391
10129 0.736675
10130 0.937151
10131 0.886245
10132 0.881938
10133 0.880764
10134 0.728787
10135 0.873647
10136 0.921473
10137 0.814713
10138 0.965311
10139 0.91824
10140 0.70783
10141 0.932327
10142 0.897962
10143 0.643936
10144 0.763171
10145 0.835042
10146 0.901713
10147 0.921561
10148 0.946391
10149 0.96375
10150 0.787913
10151 0.772418
10152 0.886031
10153 0.830681
10154 0.753542
10155 0.878114
10156 0.866623
10157 0.870511
10158 0.944115
10159 0.902141
10160 0.891795
10161 0.794739
10162 0.837511
10163 0.935935
10164 0.860432
10165 0.899932
10166 0.888175
10167 0.955293
10168 0.969264
10169 0.914744
10170 0.900769
10171 0.9005
10172 0.849416
10173 0.804751
10174 0.883608
10175 0.911656
10176 0.826493
10177 0.861138
10178 0.62422
10179 0.713084
10180 0.967127
10181 0.891495
10182 0.852872
10183 0.90608
10184 0.990133
10185 0.585464
10186 0.791363
10187 0.758803
10188 0.741658
10189 0.882212
10190 0.773654
10191 0.783842
10192 0.839474
10193 0.624658
10194 0.653678
10195 0.989353
10196 0.744586
10197 0.908588
10198 0.884337
10199 0.904323
10200 0.914811
10201 0.894622
10202 0.753479
10203 0.856523
10204 0.908664
10205 0.844651
10206 0.936003
10207 0.919835
10208 0.945882
10209 0.932448
10210 0.905884
10211 0.893994
10212 0.860597
10213 0.940308
10214 0.944241
10215 0.833298
10216 0.883821
10217 0.939016
10218 0.949072
10219 0.895524
10220 0.909715
10221 0.734482
10222 0.858295
10223 0.715347
10224 0.826477
10225 0.819353
10226 0.916841
10227 0.915294
10228 0.749324
10229 0.723858
10230 0.794282
10231 0.930227
10232 0.908598
10233 0.682172
10234 0.866417
10235 0.738263
10236 0.864739
10237 0.861698
10238 0.859494
10239 0.930731
10240 0.615505
10241 0.745308
10242 0.664289
10243 0.860099
10244 0.982186
10245 0.921495
10246 0.923344
10247 0.874246
10248 0.926178
10249 0.942656
10250 0.909003
10251 0.894752
10252 0.957128
10253 0.905337
10254 0.909534
10255 0.814719
10256 0.81151
10257 0.962112
10258 0.804438
10259 0.745154
10260 0.805287
10261 0.907829
10262 0.969051
10263 0.923592
10264 0.913529
10265 0.906753
10266 0.970566
10267 0.950366
10268 0.941991
10269 0.900463
10270 0.916686
10271 0.837413
10272 0.971473
10273 0.871307
10274 0.73303
10275 0.854135
10276 0.989775
10277 0.84251
10278 0.871652
10279 0.905083
10280 0.747543
10281 0.959983
10282 0.913424
10283 0.814222
10284 0.890809
10285 0.922958
10286 0.637956
10287 0.623291
10288 0.964066
10289 0.755663
10290 0.9084
10291 0.96809
10292 0.901792
10293 0.896319
10294 0.901124
10295 0.820384
10296 0.976623
10297 0.945811
10298 0.891477
10299 0.764936
10300 0.891916
10301 0.95892
10302 0.949392
10303 0.859012
10304 0.882604
10305 0.934937
10306 0.933056
10307 0.732908
10308 0.861245
10309 0.834303
10310 0.805071
10311 0.811858
10312 0.762898
10313 0.917281
10314 0.986077
10315 0.906723
10316 0.764016
10317 0.912863
10318 0.955197
10319 0.883304
10320 0.700257
10321 0.920578
10322 0.947165
10323 0.878057
10324 0.917285
10325 0.655795
10326 0.702687
10327 0.94126
10328 0.98151
10329 0.854517
10330 0.708912
10331 0.789105
10332 0.664811
10333 0.857474
10334 0.799678
10335 0.609377
10336 0.871012
10337 0.972331
10338 0.807277
10339 0.897936
10340 0.904351
10341 0.895401
10342 0.944352
10343 0.871091
10344 0.977355
10345 0.987539
10346 0.94691
10347 0.904992
10348 0.784292
10349 0.882829
10350 0.942986
10351 0.903489
10352 0.771735
10353 0.581623
10354 0.876849
10355 0.861633
10356 0.983689
10357 0.981563
10358 0.923541
10359 0.821615
10360 0.913837
10361 0.878668
10362 0.731146
10363 0.942329
10364 0.863925
10365 0.720669
10366 0.773969
10367 0.941283
10368 0.731802
10369 0.873157
10370 0.889922
10371 0.982474
10372 0.918615
10373 0.747953
10374 0.760616
10375 0.985028
10376 0.9163
10377 0.855171
10378 0.861416
10379 0.889701
10380 0.874731
10381 0.84755
10382 0.699751
10383 0.874704
10384 0.921668
10385 0.978859
10386 0.809841
10387 0.814761
10388 0.932679
10389 0.841345
10390 0.650879
10391 0.702842
10392 0.841676
10393 0.944224
10394 0.876692
10395 0.967416
10396 0.666307
10397 0.854175
10398 0.868913
10399 0.847117
10400 0.888842
10401 0.939182
10402 0.857793
10403 0.903789
10404 0.878687
10405 0.976418
10406 0.912726
10407 0.89096
10408 0.892293
10409 0.841757
10410 0.873822
10411 0.854226
10412 0.919089
10413 0.758885
10414 0.841233
10415 0.966703
10416 0.814038
10417 0.91885
10418 0.931466
10419 0.867145
10420 0.917768
10421 0.938018
10422 0.938941
10423 0.712514
10424 0.946163
10425 0.793496
10426 0.553777
10427 0.877586
10428 0.951092
10429 0.881823
10430 0.854555
10431 0.918602
10432 0.91921
10433 0.959053
10434 0.908446
10435 0.876066
10436 0.8528
10437 0.852224
10438 0.809488
10439 0.894967
10440 0.907008
10441 0.819386
10442 0.823614
10443 0.764363
10444 0.835708
10445 0.824892
10446 0.909202
10447 0.869932
10448 0.797761
10449 0.912965
10450 0.910624
10451 0.855457
10452 0.863351
10453 0.934989
10454 0.844583
10455 0.874353
10456 0.898236
10457 0.914222
10458 0.858906
10459 0.798564
10460 0.700203
10461 0.779727
10462 0.920168
10463 0.886815
10464 0.903863
10465 0.90384
10466 0.616407
10467 0.895336
10468 0.868631
10469 0.9344
10470 0.905329
10471 0.866073
10472 0.850845
10473 0.888858
10474 0.831583
10475 0.726518
10476 0.771994
10477 0.607579
10478 0.815671
10479 0.961174
10480 0.948135
10481 0.853394
10482 0.767611
10483 0.64689
10484 0.9439
10485 0.596015
10486 0.8633
10487 0.53065
10488 0.88134
10489 0.715277
10490 0.851838
10491 0.874088
10492 0.9502
10493 0.829807
10494 0.818024
10495 0.800766
10496 0.875435
10497 0.914498
10498 0.8682
10499 0.932809
10500 0.908465
10501 0.896138
10502 0.85735
10503 0.923266
10504 0.802346
10505 0.925355
10506 0.936689
10507 0.873774
10508 0.876776
10509 0.869771
10510 0.953633
10511 0.775865
10512 0.881241
10513 0.970019
10514 0.908467
10515 0.916118
10516 0.929503
10517 0.989601
10518 0.943438
10519 0.947002
10520 0.738933
10521 0.9765
10522 0.944862
10523 0.919306
10524 0.779587
10525 0.839843
10526 0.938492
10527 0.820319
10528 0.846919
10529 0.922611
10530 0.682114
10531 0.884216
10532 0.889265
10533 0.829743
10534 0.970551
10535 0.854677
10536 0.909402
10537 0.78098
10538 0.879533
10539 0.833053
10540 0.780362
10541 0.987585
10542 0.918603
10543 0.811689
10544 0.466619
10545 0.895856
10546 0.902941
10547 0.767912
10548 0.862969
10549 0.93781
10550 0.944176
10551 0.626996
10552 0.548039
10553 0.903145
10554 0.885505
10555 0.879766
10556 0.928627
10557 0.950312
10558 0.856189
10559 0.766717
10560 0.920318
10561 0.846485
10562 0.874181
10563 0.987234
10564 0.805766
10565 0.864996
10566 0.82427
10567 0.841046
10568 0.772193
10569 0.945962
10570 0.635568
10571 0.911689
10572 0.885117
10573 0.829946
10574 0.946862
10575 0.925705
10576 0.910485
10577 0.858126
10578 0.730929
10579 0.831524
10580 0.936021
10581 0.937986
10582 0.897493
10583 0.838178
10584 0.869183
10585 0.753791
10586 0.903687
10587 0.8847
10588 0.979004
10589 0.81201
10590 0.879245
10591 0.736267
10592 0.840185
10593 0.870414
10594 0.864923
10595 0.938981
10596 0.844153
10597 0.754882
10598 0.954172
10599 0.934564
10600 0.925536
10601 0.892617
10602 0.951479
10603 0.814592
10604 0.93796
10605 0.739673
10606 0.904821
10607 0.871234
10608 0.93965
10609 0.776153
10610 0.89665
10611 0.816171
10612 0.729093
10613 0.867989
10614 0.767807
10615 0.974117
10616 0.825546
10617 0.968328
10618 0.850089
10619 0.860186
10620 0.884048
10621 0.512929
10622 0.88751
10623 0.923932
10624 0.845708
10625 0.869612
10626 0.881204
10627 0.849878
10628 0.881522
10629 0.674464
10630 0.939639
10631 0.706823
10632 0.958829
10633 0.958138
10634 0.967601
10635 0.854739
10636 0.891181
10637 0.668722
10638 0.930518
10639 0.885136
10640 0.88115
10641 0.911746
10642 0.854317
10643 0.962934
10644 0.920329
10645 0.676935
10646 0.916371
10647 0.905813
10648 0.953349
10649 0.961665
10650 0.895033
10651 0.919791
10652 0.977644
10653 0.812085
10654 0.873393
10655 0.960967
10656 0.95441
10657 0.908208
10658 0.961756
10659 0.950321
10660 0.984557
10661 0.89459
10662 0.929978
10663 0.846757
10664 0.924701
10665 0.562685
10666 0.919086
10667 0.953181
10668 0.885635
10669 0.921017
10670 0.672455
10671 0.979382
10672 0.891623
10673 0.854925
10674 0.913957
10675 0.892746
10676 0.986435
10677 0.909314
10678 0.923905
10679 0.731034
10680 0.920253
10681 0.869688
10682 0.932394
10683 0.813315
10684 0.703008
10685 0.918795
10686 0.939618
10687 0.721266
10688 0.80902
10689 0.954944
10690 0.899639
10691 0.723971
10692 0.926561
10693 0.95009
10694 0.905224
10695 0.747062
10696 0.556306
10697 0.63295
10698 0.636559
10699 0.810981
10700 0.813869
10701 0.898678
10702 0.875531
10703 0.592417
10704 0.835329
10705 0.594382
10706 0.64782
10707 0.598662
10708 0.614797
10709 0.877827
10710 0.675191
10711 0.721366
10712 0.520173
10713 0.629298
10714 0.46942
10715 0.456851
10716 0.809029
10717 0.603252
10718 0.820338
10719 0.6133
10720 0.587565
10721 0.605138
10722 0.605249
10723 0.816783
10724 0.560632
10725 0.638782
10726 0.836485
10727 0.736193
10728 0.74864
10729 0.878478
10730 0.814024
10731 0.727701
10732 0.515719
10733 0.87044
10734 0.548509
10735 0.590552
10736 0.741999
10737 0.770131
10738 0.676624
10739 0.703899
10740 0.750636
10741 0.726568
10742 0.669177
10743 0.770546
10744 0.707093
10745 0.746469
10746 0.641304
10747 0.728385
10748 0.617
10749 0.765439
10750 0.697033
10751 0.689261
10752 0.678972
10753 0.705831
10754 0.829556
10755 0.716349
10756 0.519764
10757 0.680677
10758 0.55023
10759 0.769846
10760 0.727306
10761 0.678163
10762 0.639788
10763 0.703147
10764 0.764584
10765 0.85289
10766 0.753668
10767 0.766347
10768 0.694412
10769 0.711582
10770 0.663784
10771 0.646365
10772 0.782358
10773 0.786721
10774 0.716815
10775 0.790311
10776 0.757226
10777 0.828775
10778 0.96975
10779 0.77513
10780 0.647327
10781 0.79791
10782 0.699212
10783 0.71116
10784 0.801263
10785 0.737811
10786 0.567163
10787 0.669483
10788 0.743059
10789 0.756273
10790 0.684611
10791 0.738471
10792 0.699342
10793 0.856177
10794 0.802639
10795 0.694521
10796 0.791444
10797 0.641623
10798 0.580604
10799 0.755938
10800 0.74728
10801 0.803969
10802 0.720502
10803 0.616621
10804 0.71235
10805 0.870163
10806 0.856847
10807 0.874522
10808 0.758524
10809 0.752009
10810 0.6764
10811 0.751359
10812 0.787059
10813 0.765183
10814 0.753725
10815 0.773541
10816 0.641529
10817 0.827964
10818 0.830501
10819 0.655644
10820 0.75041
10821 0.777375
10822 0.690487
10823 0.639123
10824 0.654729
10825 0.651662
10826 0.702579
10827 0.783453
10828 0.71949
10829 0.505472
10830 0.678144
10831 0.718392
10832 0.77434
10833 0.845409
10834 0.852342
10835 0.886354
10836 0.856574
10837 0.933975
10838 0.711289
10839 0.80579
10840 0.767076
10841 0.733196
10842 0.609314
10843 0.787209
10844 0.71245
10845 0.706613
10846 0.743552
10847 0.772309
10848 0.565479
10849 0.709755
10850 0.606732
10851 0.69912
10852 0.562479
10853 0.794807
10854 0.677572
10855 0.750971
10856 0.640031
10857 0.786179
10858 0.627559
10859 0.682969
10860 0.53437
10861 0.766589
10862 0.649551
10863 0.805037
10864 0.581207
10865 0.689829
10866 0.720818
10867 0.672819
10868 0.855263
10869 0.808949
10870 0.817962
10871 0.684498
10872 0.901752
10873 0.761642
10874 0.825703
10875 0.688888
10876 0.613349
10877 0.886948
10878 0.842661
10879 0.793247
10880 0.784383
10881 0.903797
10882 0.809919
10883 0.895588
10884 0.686956
10885 0.624515
10886 0.811227
10887 0.757184
10888 0.710523
10889 0.764217
10890 0.733703
10891 0.725306
10892 0.687572
10893 0.675366
10894 0.676213
10895 0.788401
10896 0.669605
10897 0.685272
10898 0.665616
10899 0.627654
10900 0.641426
10901 0.718691
10902 0.675085
10903 0.755791
10904 0.671798
10905 0.779653
10906 0.630307
10907 0.757039
10908 0.738096
10909 0.714926
10910 0.700719
10911 0.662984
10912 0.683622
10913 0.634435
10914 0.751802
10915 0.741792
10916 0.637987
10917 0.651202
10918 0.662199
10919 0.546413
10920 0.836234
10921 0.771148
10922 0.762408
10923 0.760508
10924 0.7567
10925 0.537622
10926 0.679111
10927 0.657341
10928 0.728546
10929 0.880557
10930 0.750915
10931 0.846923
10932 0.685601
10933 0.856356
10934 0.760756
10935 0.811287
10936 0.811258
10937 0.7701
10938 0.802002
10939 0.844477
10940 0.68524
10941 0.891198
10942 0.835597
10943 0.6812
10944 0.703862
10945 0.791699
10946 0.766236
10947 0.8965
10948 0.801798
10949 0.697213
10950 0.839392
10951 0.784168
10952 0.780457
10953 0.598277
10954 0.688207
10955 0.794487
10956 0.600677
10957 0.691617
10958 0.671667
10959 0.625389
10960 0.690007
10961 0.673029
10962 0.674445
10963 0.557358
10964 0.739987
10965 0.699323
10966 0.664243
10967 0.694207
10968 0.722323
10969 0.820238
10970 0.73216
10971 0.741993
10972 0.730942
10973 0.649508
10974 0.756691
10975 0.716299
10976 0.764827
10977 0.603378
10978 0.890188
10979 0.708572
10980 0.703863
10981 0.679671
10982 0.781041
10983 0.763597
10984 0.644143
10985 0.550147
10986 0.53726
10987 0.770963
10988 0.801873
10989 0.570316
10990 0.747986
10991 0.726922
10992 0.810152
10993 0.552926
10994 0.743297
10995 0.527067
10996 0.578904
10997 0.752066
10998 0.558985
10999 0.456226
11000 0.73465
11001 0.763436
11002 0.761507
11003 0.717626
11004 0.799386
11005 0.753097
11006 0.72916
11007 0.652677
11008 0.707524
11009 0.659293
11010 0.626445
11011 0.677118
11012 0.615254
11013 0.717383
11014 0.630185
11015 0.620293
11016 0.734509
11017 0.668171
11018 0.775774
11019 0.779071
11020 0.602885
11021 0.671337
11022 0.653672
11023 0.972038
11024 0.777516
11025 0.651752
11026 0.707943
11027 0.709226
11028 0.84346
11029 0.705561
11030 0.690652
11031 0.698642
11032 0.814508
11033 0.816807
11034 0.809222
11035 0.714792
11036 0.724074
11037 0.696751
11038 0.798854
11039 0.680842
11040 0.618197
11041 0.659202
11042 0.75405
11043 0.713985
11044 0.640582
11045 0.736987
11046 0.658208
11047 0.814358
11048 0.68234
11049 0.528193
11050 0.607626
11051 0.686659
11052 0.623125
11053 0.58362
11054 0.716399
11055 0.701546
11056 0.671519
11057 0.724725
11058 0.723135
11059 0.739629
11060 0.746727
11061 0.861032
11062 0.730434
11063 0.767232
11064 0.755019
11065 0.677555
11066 0.672052
11067 0.826728
11068 0.826409
11069 0.823877
11070 0.740764
11071 0.759115
11072 0.763456
11073 0.788662
11074 0.872264
11075 0.81766
11076 0.763633
11077 0.72032
11078 0.610604
11079 0.66433
11080 0.743914
11081 0.74271
11082 0.805683
11083 0.793036
11084 0.599475
11085 0.778617
11086 0.688336
11087 0.738682
11088 0.634187
11089 0.708261
11090 0.694574
11091 0.824135
11092 0.894438
11093 0.780163
11094 0.67314
11095 0.699025
11096 0.631004
11097 0.706849
11098 0.717311
11099 0.601459
11100 0.573579
11101 0.700216
11102 0.411467
11103 0.562767
11104 0.312224
11105 0.356586
11106 0.43828
11107 0.339789
11108 0.572818
11109 0.96281
11110 0.802896
11111 0.682082
11112 0.436044
11113 0.834206
11114 0.604974
11115 0.463459
11116 0.525572
11117 0.581165
11118 0.681105
11119 0.828411
11120 0.832586
11121 0.82546
11122 0.814206
11123 0.731616
11124 0.904123
11125 0.425043
11126 0.588333
11127 0.583852
11128 0.464564
11129 0.660227
11130 0.602927
11131 0.838726
11132 0.366512
11133 0.538643
11134 0.810487
11135 0.883986
11136 0.755839
11137 0.797051
11138 0.788152
11139 0.873327
11140 0.749769
11141 0.869757
11142 0.675207
11143 0.664413
11144 0.897284
11145 0.760055
11146 0.549165
11147 0.836602
11148 0.37997
11149 0.792089
11150 0.669112
11151 0.74435
11152 0.731682
11153 0.676775
11154 0.767205
11155 0.808409
11156 0.751994
11157 0.851617
11158 0.855503
11159 0.702707
11160 0.801722
11161 0.532467
11162 0.5843
11163 0.552611
11164 0.51837
11165 0.58715
11166 0.675431
11167 0.383283
11168 0.618959
11169 0.318932
11170 0.342291
11171 0.496758
11172 0.640292
11173 0.432818
11174 0.811923
11175 0.716051
11176 0.396967
11177 0.811554
11178 0.534933
11179 0.777367
11180 0.636612
11181 0.939177
11182 0.696198
11183 0.528318
11184 0.807562
11185 0.789838
11186 0.779411
11187 0.636022
11188 0.8051
11189 0.783466
11190 0.529959
11191 0.823407
11192 0.690897
11193 0.705405
11194 0.659963
11195 0.749887
11196 0.90743
11197 0.725236
11198 0.757593
11199 0.793676
11200 0.576061
11201 0.591317
11202 0.27436
11203 0.313699
11204 0.514736
11205 0.372445
11206 0.605289
11207 0.757268
11208 0.690211
11209 0.536266
11210 0.555575
11211 0.704874
11212 0.776265
11213 0.366214
11214 0.752413
11215 0.104826
11216 0.672633
11217 0.434005
11218 0.698563
11219 0.478727
11220 0.615314
11221 0.797958
11222 0.607206
11223 0.686049
11224 0.858914
11225 0.974663
11226 0.673119
11227 0.979539
11228 0.833368
11229 0.544519
11230 0.482683
11231 0.765695
11232 0.7071
11233 0.624465
11234 0.220463
11235 0.705636
11236 0.228288
11237 0.733085
11238 0.796067
11239 0.265759
11240 0.263305
11241 0.382708
11242 0.603378
11243 0.529756
11244 0.875947
11245 0.404147
11246 0.4249
11247 0.746967
11248 0.257874
11249 0.50754
11250 0.686098
11251 0.855167
11252 0.85089
11253 0.929301
11254 0.654747
11255 0.960967
11256 0.91902
11257 0.86391
11258 0.717161
11259 0.883374
11260 0.711804
11261 0.706671
11262 0.814045
11263 0.601113
11264 0.678974
11265 0.921024
11266 0.70168
11267 0.547035
11268 0.607988
11269 0.697251
11270 0.674752
11271 0.820072
11272 0.812115
11273 0.668856
11274 0.873346
11275 0.678129
11276 0.408385
11277 0.820595
11278 0.698026
11279 0.859749
11280 0.903372
11281 0.875323
11282 0.667975
11283 0.925721
11284 0.876505
11285 0.908044
11286 0.733987
11287 0.563963
11288 0.491891
11289 0.256204
11290 0.457811
11291 0.933987
11292 0.754179
11293 0.845375
11294 0.56143
11295 0.813432
11296 0.669848
11297 0.700638
11298 0.985304
11299 0.779958
11300 0.931559
11301 0.597907
11302 0.842481
11303 0.635543
11304 0.800604
11305 0.747311
11306 0.85107
11307 0.741311
11308 0.746647
11309 0.735998
11310 0.684425
11311 0.680736
11312 0.753306
11313 0.57865
11314 0.57782
11315 0.81377
11316 0.704797
11317 0.778123
11318 0.940933
11319 0.73169
11320 0.707067
11321 0.788596
11322 0.888004
11323 0.643302
11324 0.693855
11325 0.532572
11326 0.654311
11327 0.920892
11328 0.716926
11329 0.759852
11330 0.60983
11331 0.781552
11332 0.637978
11333 0.804349
11334 0.775756
11335 0.870538
11336 0.735531
11337 0.658182
11338 0.948379
11339 0.483842
11340 0.841701
11341 0.324406
11342 0.707324
11343 0.862873
11344 0.825713
11345 0.751637
11346 0.593462
11347 0.673216
11348 0.876919
11349 0.485931
11350 0.607175
11351 0.949434
11352 0.856403
11353 0.725012
11354 0.934668
11355 0.682955
11356 0.724839
11357 0.836923
11358 0.397644
11359 0.321942
11360 0.366231
11361 0.490874
11362 0.794562
11363 0.386345
11364 0.393693
11365 0.614254
11366 0.718459
11367 0.691527
11368 0.405454
11369 0.772792
11370 0.603212
11371 0.763686
11372 0.673244
11373 0.898404
11374 0.619944
11375 0.74069
11376 0.810208
11377 0.707273
11378 0.811821
11379 0.799848
11380 0.662193
11381 0.64989
11382 0.838565
11383 0.735914
11384 0.617037
11385 0.663716
11386 0.713397
11387 0.818024
11388 0.390071
11389 0.851534
11390 0.502222
11391 0.888629
11392 0.647369
11393 0.658282
11394 0.811122
11395 0.709557
11396 0.53508
11397 0.740878
11398 0.464516
11399 0.424288
11400 0.414818
11401 0.671953
11402 0.517095
11403 0.399007
11404 0.29111
11405 0.116705
11406 0.655209
11407 0.456965
11408 0.757385
11409 0.587063
11410 0.716951
11411 0.924174
11412 0.2933
11413 0.289984
11414 0.543387
11415 0.070579
11416 0.706228
11417 0.289218
11418 0.786767
11419 0.650924
11420 0.596182
11421 0.792899
11422 0.523653
11423 0.710684
11424 0.507973
11425 0.432176
11426 0.456241
11427 0.786059
11428 0.899682
11429 0.84996
11430 0.474732
11431 0.939154
11432 0.696613
11433 0.816205
11434 0.74067
11435 0.670782
11436 0.550944
11437 0.674496
11438 0.471039
11439 0.529519
11440 0.75304
11441 0.537865
11442 0.706837
11443 0.448602
11444 0.487723
11445 0.666448
11446 0.490698
11447 0.447004
11448 0.548692
11449 0.714443
11450 0.687906
11451 0.522598
11452 0.525611
11453 0.802253
11454 0.542952
11455 0.526295
11456 0.509319
11457 0.591574
11458 0.77497
11459 0.93271
11460 0.846777
11461 0.950858
11462 0.675564
11463 0.765297
11464 0.550322
11465 0.522011
11466 0.625784
11467 0.543084
11468 0.793045
11469 0.622526
11470 0.790562
11471 0.472909
11472 0.53123
11473 0.970878
11474 0.941311
11475 0.924331
11476 0.538582
11477 0.584842
11478 0.53601
11479 0.836638
11480 0.678363
11481 0.841993
11482 0.885635
11483 0.604774
11484 0.628834
11485 0.626066
11486 0.707357
11487 0.817411
11488 0.879308
11489 0.534507
11490 0.704034
11491 0.768865
11492 0.71585
11493 0.781481
11494 0.926505
11495 0.609382
11496 0.69871
11497 0.825758
11498 0.86538
11499 0.764004
11500 0.863558
11501 0.647353
11502 0.88426
11503 0.818042
11504 0.371256
11505 0.652337
11506 0.510857
11507 0.660517
11508 0.693933
11509 0.637738
11510 0.668426
11511 0.792745
11512 0.95694
11513 0.682698
11514 0.568263
11515 0.599741
11516 0.672538
11517 0.63131
11518 0.728059
11519 0.596071
11520 0.608204
11521 0.833663
11522 0.805128
11523 0.857825
11524 0.614411
11525 0.524304
11526 0.591815
11527 0.653608
11528 0.656577
11529 0.736442
11530 0.627673
11531 0.5489
11532 0.723571
11533 0.685079
11534 0.688509
11535 0.744069
11536 0.750136
11537 0.901105
11538 0.827094
11539 0.524737
11540 0.530077
11541 0.794769
11542 0.518948
11543 0.545426
11544 0.677645
11545 0.900687
11546 0.506206
11547 0.503001
11548 0.672529
11549 0.773622
11550 0.812099
11551 0.713307
11552 0.506948
11553 0.667309
11554 0.759214
11555 0.582062
11556 0.692455
11557 0.686987
11558 0.720397
11559 0.508529
11560 0.692235
11561 0.595819
11562 0.56828
11563 0.823326
11564 0.554304
11565 0.697992
11566 0.646276
11567 0.692484
11568 0.682012
11569 0.811445
11570 0.477611
11571 0.652124
11572 0.658677
11573 0.797234
11574 0.669237
11575 0.661333
11576 0.849173
11577 0.469518
11578 0.828785
11579 0.882567
11580 0.851318
11581 0.599932
11582 0.598499
11583 0.73475
11584 0.812072
11585 0.60954
11586 0.706513
11587 0.725209
11588 0.809051
11589 0.911425
11590 0.907782
11591 0.683318
11592 0.578816
11593 0.638441
11594 0.528661
11595 0.93945
11596 0.672381
11597 0.606606
11598 0.60169
11599 0.543252
11600 0.659673
11601 0.960956
11602 0.77511
11603 0.674934
11604 0.916893
11605 0.486795
11606 0.432919
11607 0.59422
11608 0.676729
11609 0.768067
11610 0.822089
11611 0.532041
11612 0.504522
11613 0.636997
11614 0.807023
11615 0.611518
11616 0.605734
11617 0.700735
11618 0.70253
11619 0.538159
11620 0.646014
11621 0.66195
11622 0.564809
11623 0.621647
11624 0.663153
11625 0.697802
11626 0.869274
11627 0.807948
11628 0.598166
11629 0.527997
11630 0.836623
11631 0.727619
11632 0.623935
11633 0.673495
11634 0.509823
11635 0.771977
11636 0.615682
11637 0.581829
11638 0.632299
11639 0.854122
11640 0.834537
11641 0.633738
11642 0.527656
11643 0.755742
11644 0.745596
11645 0.612269
11646 0.888635
11647 0.698943
11648 0.68762
11649 0.700342
11650 0.823692
11651 0.797248
11652 0.802217
11653 0.564616
11654 0.775491
11655 0.575366
11656 0.816556
11657 0.577024
11658 0.774782
11659 0.671256
11660 0.835869
11661 0.709074
11662 0.459398
11663 0.575458
11664 0.864
11665 0.768131
11666 0.852089
11667 0.766184
11668 0.626923
11669 0.522097
11670 0.563259
11671 0.572487
11672 0.67791
11673 0.506725
11674 0.687734
11675 0.593944
11676 0.530951
11677 0.762472
11678 0.504272
11679 0.59787
11680 0.660275
11681 0.899087
11682 0.833579
11683 0.763209
11684 0.49792
11685 0.758472
11686 0.571622
11687 0.701716
11688 0.784992
11689 0.558278
11690 0.710802
11691 0.605161
11692 0.75737
11693 0.482165
11694 0.968743
11695 0.394281
11696 0.865316
11697 0.482423
11698 0.620803
11699 0.823764
11700 0.381082
11701 0.582542
11702 0.789228
11703 0.856102
11704 0.849342
11705 0.891208
11706 0.525176
11707 0.62832
11708 0.889398
11709 0.808928
11710 0.571617
11711 0.71664
11712 0.799682
11713 0.557582
11714 0.653928
11715 0.445541
11716 0.758084
11717 0.872598
11718 0.640046
11719 0.807612
11720 0.658238
11721 0.856805
11722 0.73728
11723 0.836369
11724 0.733841
11725 0.674482
11726 0.63409
11727 0.556058
11728 0.605705
11729 0.462403
11730 0.854174
11731 0.408702
11732 0.764999
11733 0.885228
11734 0.672237
11735 0.566986
11736 0.616353
11737 0.615399
11738 0.728006
11739 0.79421
11740 0.565375
11741 0.527183
11742 0.437931
11743 0.377284
11744 0.549328
11745 0.703172
11746 0.552495
11747 0.619961
11748 0.561036
11749 0.721004
11750 0.601733
11751 0.352629
11752 0.584163
11753 0.49683
11754 0.609727
11755 0.442998
11756 0.340685
11757 0.689542
11758 0.523856
11759 0.480846
11760 0.683707
11761 0.618804
11762 0.856353
11763 0.0380334
11764 0.87826
11765 0.756009
11766 0.761233
11767 0.715309
11768 0.317948
11769 0.665362
11770 0.60635
11771 0.274829
11772 0.618749
11773 0.553792
11774 0.319003
11775 0.769795
11776 0.77597
11777 0.81976
11778 0.627129
11779 0.3253
11780 0.300214
11781 0.291448
11782 0.283672
11783 0.30316
11784 0.28582
11785 0.29042
11786 0.0722126
11787 0.715068
11788 0.638836
11789 0.111803
11790 0.218318
11791 0.505774
11792 0.695862
11793 0.809576
11794 0.732687
11795 0.595719
11796 0.742744
11797 0.888842
11798 0.820772
11799 0.30166
11800 0.327455
11801 0.693775
11802 0.602217
11803 0.764135
11804 0.645694
11805 0.746884
11806 0.637718
11807 0.730708
11808 0.654927
11809 0.811149
11810 0.607953
11811 0.895009
11812 0.79208
11813 0.564745
11814 0.75645
11815 0.833358
11816 0.663417
11817 0.631225
11818 0.0326558
11819 0.694702
11820 0.800855
11821 0.78433
11822 0.48032
11823 0.561512
11824 0.82801
11825 0.339558
11826 0.873037
11827 0.638597
11828 0.768532
11829 0.545781
11830 0.806957
11831 0.286532
11832 0.342544
11833 0.183514
11834 0.525357
11835 0.112769
11836 0.575144
11837 0.0683331
11838 0.30417
11839 0.981911
11840 0.747205
11841 0.767633
11842 0.51327
11843 0.352624
11844 0.518485
11845 0.309502
11846 0.516917
11847 0.883471
11848 0.382085
11849 0.584421
11850 0.512611
11851 0.512961
11852 0.863238
11853 0.865995
11854 0.737802
11855 0.486339
11856 0.675593
11857 0.286343
11858 0.473056
11859 0.623324
11860 0.291342
11861 0.909795
11862 0.478605
11863 0.300809
11864 0.34822
11865 0.338801
11866 0.89113
11867 0.938538
11868 0.303533
11869 0.290737
11870 0.811852
11871 0.306268
11872 0.878789
11873 0.819422
11874 0.786887
11875 0.304051
11876 0.0736282
11877 0.453059
11878 0.336693
11879 0.825568
11880 0.304058
11881 0.747184
11882 0.592272
11883 0.698533
11884 0.438813
11885 0.51519
11886 0.552814
11887 0.517577
11888 0.0794964
11889 0.594524
11890 0.389799
11891 0.692084
11892 0.625561
11893 0.782286
11894 0.281148
11895 0.922224
11896 0.546528
11897 0.524513
11898 0.519783
11899 0.872182
11900 0.302331
11901 0.735217
11902 0.499178
11903 0.775777
11904 0.575486
11905 0.330812
11906 0.52262
11907 0.323521
11908 0.376392
11909 0.522352
11910 0.83761
11911 0.523308
11912 0.526148
11913 0.287578
11914 0.543412
11915 0.544531
11916 0.714208
11917 0.287705
11918 0.494296
11919 0.885191
11920 0.522258
11921 0.859065
11922 0.531537
11923 0.384722
11924 0.396236
11925 0.730548
11926 0.726173
11927 0.843087
11928 0.330979
11929 0.29148
11930 0.777238
11931 0.338632
11932 0.864838
11933 0.676315
11934 0.85165
11935 0.325326
11936 0.771888
11937 0.87998
11938 0.748672
11939 0.299296
11940 0.283601
11941 0.827753
11942 0.775447
11943 0.250977
11944 0.854904
11945 0.283303
11946 0.196321
11947 0.653154
11948 0.290804
11949 0.821366
11950 0.594167
11951 0.70095
11952 0.647291
11953 0.563347
11954 0.706157
11955 0.492545
11956 0.748867
11957 0.634567
11958 0.676142
11959 0.323505
11960 0.790632
11961 0.529701
11962 0.758899
11963 0.576346
11964 0.62912
11965 0.537716
11966 0.855033
11967 0.394761
11968 0.723595
11969 0.807956
11970 0.772475
11971 0.843157
11972 0.920417
11973 0.69377
11974 0.654607
11975 0.594935
11976 0.355929
11977 0.6386
11978 0.493356
11979 0.646005
11980 0.705011
11981 0.577572
11982 0.882429
11983 0.579476
11984 0.818613
11985 0.71517
11986 0.658489
11987 0.867958
11988 0.549696
11989 0.62994
11990 0.465175
11991 0.418403
11992 0.788635
11993 0.652016
11994 0.91692
11995 0.67389
11996 0.689167
11997 0.63357
11998 0.70386
11999 0.665408
12000 0.565554
12001 0.528041
12002 0.725514
12003 0.675825
12004 0.800432
12005 0.783718
12006 0.771118
12007 0.415974
12008 0.695131
12009 0.719328
12010 0.752359
12011 0.523298
12012 0.524669
12013 0.428093
12014 0.694107
12015 0.840882
12016 0.792587
12017 0.670833
12018 0.903669
12019 0.676379
12020 0.882639
12021 0.468473
12022 0.590767
12023 0.797509
12024 0.510407
12025 0.869743
12026 0.432085
12027 0.765326
12028 0.814128
12029 0.759167
12030 0.661485
12031 0.834293
12032 0.857234
12033 0.496232
12034 0.554507
12035 0.639977
12036 0.604092
12037 0.480329
12038 0.408482
12039 0.59973
12040 0.856492
12041 0.587179
12042 0.545616
12043 0.805196
12044 0.852964
12045 0.673637
12046 0.749483
12047 0.636386
12048 0.614394
12049 0.704
12050 0.482069
12051 0.826467
12052 0.711569
12053 0.824865
12054 0.623383
12055 0.867972
12056 0.839502
12057 0.694237
12058 0.803065
12059 0.734934
12060 0.799113
12061 0.678886
12062 0.705678
12063 0.802064
12064 0.918741
12065 0.789533
12066 0.542454
12067 0.668367
12068 0.738586
12069 0.587497
12070 0.64506
12071 0.657491
12072 0.467815
12073 0.755458
12074 0.90764
12075 0.478981
12076 0.722507
12077 0.504533
12078 0.660718
12079 0.553929
12080 0.862646
12081 0.776143
12082 0.635474
12083 0.689269
12084 0.555667
12085 0.902654
12086 0.495711
12087 0.70591
12088 0.73837
12089 0.828572
12090 0.572176
12091 0.651701
12092 0.876607
12093 0.759957
12094 0.84452
12095 0.875997
12096 0.741142
12097 0.745209
12098 0.745803
12099 0.644389
12100 0.0948012
12101 0.740878
12102 0.696859
12103 0.543944
12104 0.5304
12105 0.518946
12106 0.707752
12107 0.940277
12108 0.515945
12109 0.619553
12110 0.703955
12111 0.625835
12112 0.964784
12113 0.53866
12114 0.589895
12115 0.545683
12116 0.821711
12117 0.51023
12118 0.513344
12119 0.656578
12120 0.962855
12121 0.505895
12122 0.455797
12123 0.901747
12124 0.965825
12125 0.508215
12126 0.794759
12127 0.75922
12128 0.874366
12129 0.602514
12130 0.709341
12131 0.682769
12132 0.730445
12133 0.620877
12134 0.733665
12135 0.547872
12136 0.443111
12137 0.46311
12138 0.305333
12139 0.438139
12140 0.548143
12141 0.325842
12142 0.860969
12143 0.763391
12144 0.502854
12145 0.720399
12146 0.641734
12147 0.350025
12148 0.698633
12149 0.579776
12150 0.639386
12151 0.950318
12152 0.821448
12153 0.853377
12154 0.563977
12155 0.795197
12156 0.827934
12157 0.599012
12158 0.760428
12159 0.793283
12160 0.726534
12161 0.743806
12162 0.686025
12163 0.921548
12164 0.655211
12165 0.562434
12166 0.691695
12167 0.523348
12168 0.515663
12169 0.833142
12170 0.576893
12171 0.714631
12172 0.820479
12173 0.873018
12174 0.740026
12175 0.728123
12176 0.660576
12177 0.726995
12178 0.853094
12179 0.647524
12180 0.967361
12181 0.586678
12182 0.592858
12183 0.677017
12184 0.727914
12185 0.692772
12186 0.786741
12187 0.827614
12188 0.756943
12189 0.688943
12190 0.938749
12191 0.818712
12192 0.635524
12193 0.648032
12194 0.764503
12195 0.834469
12196 0.58015
12197 0.763633
12198 0.587217
12199 0.884409
12200 0.841409
12201 0.448474
12202 0.569841
12203 0.717073
12204 0.572582
12205 0.708509
12206 0.819786
12207 0.37981
12208 0.876673
12209 0.573292
12210 0.513532
12211 0.788483
12212 0.529961
12213 0.672721
12214 0.541509
12215 0.449298
12216 0.425902
12217 0.835048
12218 0.649636
12219 0.734425
12220 0.631394
12221 0.783735
12222 0.692623
12223 0.358137
12224 0.82891
12225 0.782452
12226 0.851237
12227 0.849516
12228 0.805331
12229 0.588698
12230 0.596192
12231 0.810236
12232 0.655226
12233 0.707806
12234 0.762538
12235 0.708059
12236 0.792199
12237 0.83845
12238 0.834904
12239 0.771419
12240 0.495558
12241 0.933485
12242 0.828696
12243 0.589202
12244 0.739789
12245 0.549397
12246 0.667599
12247 0.438088
12248 0.650139
12249 0.614294
12250 0.722963
12251 0.628112
12252 0.826076
12253 0.77184
12254 0.66175
12255 0.828384
12256 0.596236
12257 0.389673
12258 0.62106
12259 0.53418
12260 0.667541
12261 0.911863
12262 0.829917
12263 0.821123
12264 0.800225
12265 0.740071
12266 0.674458
12267 0.593416
12268 0.769955
12269 0.660914
12270 0.839432
12271 0.75084
12272 0.897
12273 0.667112
12274 0.551383
12275 0.61252
12276 0.799718
12277 0.584927
12278 0.782314
12279 0.530298
12280 0.933143
12281 0.718242
12282 0.645334
12283 0.369233
12284 0.740364
12285 0.600065
12286 0.729898
12287 0.642447
12288 0.849291
12289 0.551694
12290 0.667128
12291 0.429315
12292 0.892452
12293 0.383894
12294 0.973097
12295 0.776743
12296 0.875888
12297 0.945098
12298 0.909231
12299 0.819391
12300 0.664059
12301 0.389496
12302 0.813087
12303 0.629974
12304 0.685401
12305 0.763049
12306 0.824346
12307 0.48393
12308 0.918495
12309 0.622277
12310 0.81886
12311 0.589219
12312 0.606845
12313 0.859578
12314 0.796604
12315 0.690465
12316 0.763367
12317 0.421319
12318 0.42207
12319 0.788247
12320 0.501739
12321 0.664246
12322 0.538459
12323 0.772476
12324 0.83865
12325 0.415865
12326 0.773395
12327 0.672701
12328 0.751934
12329 0.981276
12330 0.815412
12331 0.762548
12332 0.74463
12333 0.780872
12334 0.677821
12335 0.722257
12336 0.434896
12337 0.444882
12338 0.703295
12339 0.587047
12340 0.488948
12341 0.643233
12342 0.392143
12343 0.391348
12344 0.683218
12345 0.574084
12346 0.56221
12347 0.422773
12348 0.628704
12349 0.710548
12350 0.69911
12351 0.757527
12352 0.510594
12353 0.844834
12354 0.780675
12355 0.741046
12356 0.481662
12357 0.661131
12358 0.88267
12359 0.901771
12360 0.643219
12361 0.868381
12362 0.828973
12363 0.827466
12364 0.728085
12365 0.654841
12366 0.912646
12367 0.901445
12368 0.855934
12369 0.793704
12370 0.40242
12371 0.774845
12372 0.770291
12373 0.876767
12374 0.547506
12375 0.608709
12376 0.772205
12377 0.55598
12378 0.588515
12379 0.484104
12380 0.503747
12381 0.523364
12382 0.73583
12383 0.752131
12384 0.610528
12385 0.353905
12386 0.744662
12387 0.555711
12388 0.563253
12389 0.653105
12390 0.6814
12391 0.697919
12392 0.870133
12393 0.739599
12394 0.657552
12395 0.475986
12396 0.720299
12397 0.811709
12398 0.758393
12399 0.536217
12400 0.704177
12401 0.720679
12402 0.793769
12403 0.780009
12404 0.801886
12405 0.722878
12406 0.635661
12407 0.846381
12408 0.834656
12409 0.398758
12410 0.648323
12411 0.651624
12412 0.760593
12413 0.659519
12414 0.511114
12415 0.581947
12416 0.472909
12417 0.862018
12418 0.882184
12419 0.353062
12420 0.579484
12421 0.620346
12422 0.45696
12423 0.577006
12424 0.75909
12425 0.630707
12426 0.670946
12427 0.513034
12428 0.534268
12429 0.736138
12430 0.526287
12431 0.563724
12432 0.729384
12433 0.8028
12434 0.738805
12435 0.637314
12436 0.632888
12437 0.771005
12438 0.691871
12439 0.880801
12440 0.930948
12441 0.841656
12442 0.801068
12443 0.513777
12444 0.720792
12445 0.818868
12446 0.774861
12447 0.82121
12448 0.842894
12449 0.742654
12450 0.804468
12451 0.611871
12452 0.640784
12453 0.85691
12454 0.931797
12455 0.854109
12456 0.760682
12457 0.597475
12458 0.889
12459 0.845029
12460 0.824156
12461 0.656159
12462 0.784172
12463 0.827113
12464 0.588847
12465 0.754782
12466 0.732403
12467 0.772349
12468 0.676534
12469 0.900031
12470 0.589015
12471 0.617157
12472 0.73861
12473 0.737349
12474 0.86755
12475 0.737376
12476 0.788075
12477 0.700205
12478 0.973398
12479 0.689683
12480 0.704176
12481 0.595892
12482 0.814167
12483 0.597142
12484 0.635589
12485 0.65585
12486 0.884793
12487 0.536188
12488 0.622173
12489 0.673941
12490 0.852018
12491 0.576787
12492 0.663474
12493 0.274161
12494 0.700095
12495 0.527452
12496 0.646135
12497 0.597763
12498 0.471466
12499 0.879078
12500 0.730604
12501 0.866457
12502 0.574678
12503 0.596273
12504 0.601129
12505 0.75411
12506 0.66349
12507 0.533655
12508 0.708381
12509 0.653156
12510 0.424554
12511 0.295822
12512 0.733889
12513 0.639578
12514 0.827885
12515 0.445602
12516 0.454588
12517 0.431416
12518 0.740743
12519 0.458758
12520 0.682244
12521 0.719733
12522 0.783799
12523 0.783668
12524 0.673483
12525 0.648904
12526 0.658197
12527 0.463185
12528 0.820131
12529 0.735377
12530 0.785392
12531 0.811903
12532 0.467379
12533 0.402748
12534 0.578193
12535 0.664898
12536 0.68805
12537 0.630304
12538 0.692452
12539 0.494632
12540 0.503116
12541 0.495172
12542 0.763013
12543 0.717372
12544 0.702625
12545 0.688068
12546 0.779017
12547 0.544253
12548 0.584593
12549 0.511235
12550 0.673417
12551 0.747185
12552 0.80129
12553 0.775471
12554 0.531676
12555 0.706356
12556 0.707403
12557 0.605648
12558 0.655658
12559 0.586011
12560 0.761301
12561 0.721776
12562 0.619242
12563 0.800496
12564 0.880454
12565 0.600784
12566 0.545843
12567 0.46705
12568 0.898848
12569 0.449722
12570 0.72073
12571 0.798297
12572 0.676859
12573 0.74322
12574 0.762213
12575 0.751208
12576 0.791658
12577 0.733191
12578 0.405489
12579 0.810847
12580 0.674979
12581 0.828641
12582 0.73534
12583 0.626367
12584 0.573011
12585 0.836838
12586 0.708759
12587 0.419202
12588 0.694956
12589 0.687316
12590 0.525516
12591 0.877425
12592 0.569818
12593 0.775409
12594 0.501596
12595 0.594191
12596 0.435552
12597 0.742847
12598 0.587386
12599 0.548633
12600 0.612728
12601 0.623056
12602 0.384033
12603 0.71302
12604 0.671949
12605 0.387103
12606 0.530475
12607 0.737966
12608 0.59803
12609 0.726731
12610 0.785156
12611 0.648132
12612 0.415423
12613 0.649104
12614 0.743002
12615 0.619315
12616 0.55475
12617 0.640861
12618 0.851098
12619 0.728989
12620 0.830134
12621 0.724361
12622 0.798283
12623 0.633497
12624 0.571471
12625 0.548148
12626 0.818733
12627 0.505929
12628 0.791393
12629 0.716057
12630 0.651253
12631 0.660552
12632 0.920742
12633 0.743568
12634 0.556999
12635 0.773098
12636 0.710309
12637 0.73299
12638 0.529385
12639 0.724448
12640 0.484124
12641 0.684085
12642 0.681991
12643 0.754465
12644 0.497526
12645 0.612741
12646 0.823446
12647 0.603272
12648 0.624649
12649 0.661852
12650 0.602335
12651 0.55352
12652 0.576126
12653 0.710052
12654 0.177888
12655 0.681934
12656 0.768696
12657 0.800207
12658 0.488999
12659 0.714315
12660 0.804029
12661 0.698835
12662 0.721551
12663 0.750616
12664 0.941565
12665 0.541291
12666 0.522803
12667 0.682638
12668 0.899167
12669 0.887271
12670 0.666904
12671 0.60788
12672 0.67841
12673 0.767449
12674 0.732352
12675 0.676838
12676 0.906504
12677 0.485742
12678 0.606778
12679 0.519107
12680 0.520383
12681 0.659197
12682 0.499781
12683 0.701767
12684 0.692264
12685 0.903833
12686 0.806112
12687 0.677914
12688 0.743821
12689 0.608606
12690 0.475883
12691 0.804297
12692 0.702439
12693 0.700504
12694 0.865451
12695 0.878849
12696 0.81204
12697 0.520502
12698 0.598906
12699 0.800431
12700 0.638661
12701 0.531416
12702 0.721548
12703 0.788712
12704 0.717636
12705 0.629709
12706 0.691785
12707 0.600224
12708 0.788037
12709 0.725448
12710 0.588525
12711 0.7017
12712 0.724253
12713 0.842579
12714 0.807209
12715 0.665271
12716 0.581934
12717 0.862682
12718 0.672322
12719 0.772404
12720 0.592149
12721 0.670034
12722 0.629034
12723 0.780179
12724 0.607639
12725 0.792641
12726 0.640663
12727 0.545507
12728 0.744536
12729 0.633417
12730 0.825563
12731 0.836336
12732 0.758175
12733 0.693586
12734 0.722215
12735 0.681808
12736 0.738675
12737 0.73397
12738 0.845647
12739 0.717436
12740 0.675412
12741 0.638985
12742 0.609752
12743 0.824271
12744 0.592508
12745 0.691264
12746 0.742749
12747 0.485369
12748 0.667537
12749 0.727884
12750 0.503795
12751 0.760123
12752 0.645953
12753 0.595127
12754 0.875069
12755 0.711301
12756 0.728282
12757 0.758299
12758 0.889914
12759 0.611028
12760 0.744722
12761 0.484516
12762 0.829097
12763 0.687108
12764 0.841206
12765 0.961914
12766 0.856221
12767 0.515833
12768 0.907368
12769 0.873069
12770 0.727254
12771 0.576075
12772 0.83592
12773 0.552617
12774 0.68977
12775 0.702014
12776 0.713717
12777 0.710258
12778 0.753348
12779 0.574831
12780 0.711339
12781 0.367478
12782 0.801374
12783 0.636732
12784 0.790491
12785 0.846711
12786 0.732763
12787 0.70167
12788 0.590821
12789 0.605569
12790 0.486917
12791 0.69351
12792 0.742239
12793 0.86257
12794 0.81471
12795 0.596846
12796 0.729148
12797 0.576259
12798 0.589892
12799 0.662058
12800 0.555362
12801 0.741706
12802 0.573078
12803 0.605393
12804 0.88493
12805 0.711216
12806 0.681287
12807 0.663568
12808 0.880342
12809 0.721265
12810 0.872788
12811 0.664446
12812 0.802617
12813 0.738837
12814 0.674922
12815 0.628117
12816 0.357868
12817 0.554238
12818 0.84875
12819 0.769426
12820 0.72987
12821 0.688943
12822 0.459012
12823 0.668146
12824 0.725264
12825 0.545685
12826 0.657133
12827 0.471449
12828 0.848234
12829 0.395659
12830 0.929332
12831 0.779448
12832 0.71863
12833 0.68724
12834 0.580042
12835 0.817198
12836 0.842099
12837 0.811707
12838 0.796967
12839 0.588333
12840 0.607805
12841 0.835797
12842 0.702411
12843 0.56685
12844 0.54738
12845 0.896885
12846 0.684182
12847 0.592476
12848 0.803793
12849 0.617712
12850 0.754352
12851 0.825968
12852 0.722379
12853 0.533994
12854 0.787972
12855 0.773533
12856 0.757585
12857 0.561067
12858 0.83135
12859 0.866859
12860 0.587615
12861 0.606368
12862 0.896904
12863 0.75311
12864 0.757671
12865 0.473901
12866 0.817471
12867 0.663482
12868 0.764561
12869 0.537087
12870 0.766907
12871 0.621623
12872 0.911286
12873 0.33893
12874 0.887356
12875 0.812353
12876 0.562606
12877 0.619359
12878 0.756939
12879 0.726286
12880 0.592731
12881 0.596837
12882 0.896171
12883 0.730728
12884 0.798549
12885 0.607887
12886 0.393034
12887 0.682341
12888 0.573022
12889 0.30514
12890 0.465843
12891 0.637832
12892 0.714741
12893 0.588953
12894 0.827937
12895 0.723811
12896 0.588464
12897 0.428906
12898 0.497892
12899 0.380633
12900 0.478422
12901 0.379274
12902 0.863744
12903 0.72587
12904 0.618317
12905 0.526077
12906 0.619098
12907 0.850204
12908 0.786124
12909 0.533748
12910 0.793645
12911 0.591309
12912 0.66982
12913 0.621411
12914 0.750607
12915 0.601944
12916 0.6825
12917 0.618201
12918 0.732309
12919 0.857658
12920 0.711759
12921 0.596349
12922 0.493127
12923 0.743962
12924 0.825067
12925 0.704456
12926 0.585298
12927 0.743088
12928 0.605769
12929 0.829554
12930 0.652749
12931 0.750333
12932 0.642212
12933 0.652753
12934 0.800187
12935 0.530334
12936 0.550859
12937 0.459104
12938 0.762743
12939 0.67085
12940 0.86337
12941 0.670265
12942 0.374962
12943 0.863148
12944 0.863483
12945 0.822748
12946 0.654848
12947 0.791973
12948 0.761225
12949 0.886791
12950 0.598104
12951 0.703885
12952 0.617956
12953 0.764377
12954 0.707077
12955 0.610829
12956 0.672616
12957 0.754889
12958 0.748469
12959 0.624611
12960 0.6224
12961 0.382491
12962 0.661944
12963 0.806205
12964 0.599586
12965 0.648839
12966 0.743683
12967 0.776894
12968 0.555008
12969 0.600582
12970 0.535332
12971 0.579307
12972 0.853946
12973 0.603679
12974 0.6239
12975 0.627964
12976 0.622259
12977 0.690163
12978 0.336952
12979 0.515312
12980 0.532037
12981 0.895698
12982 0.7398
12983 0.579599
12984 0.634458
12985 0.638315
12986 0.694423
12987 0.974893
12988 0.670965
12989 0.521454
12990 0.647285
12991 0.508947
12992 0.813738
12993 0.733826
12994 0.865923
12995 0.728288
12996 0.716136
12997 0.715293
12998 0.606399
12999 0.75268
13000 0.615694
13001 0.575309
13002 0.54811
13003 0.864151
13004 0.864617
13005 0.616153
13006 0.694608
13007 0.613711
13008 0.73517
13009 0.578741
13010 0.754684
13011 0.822845
13012 0.848445
13013 0.836506
13014 0.892162
13015 0.683216
13016 0.825242
13017 0.862547
13018 0.743636
13019 0.642629
13020 0.800903
13021 0.816938
13022 0.777709
13023 0.728944
13024 0.80707
13025 0.906058
13026 0.737149
13027 0.891341
13028 0.707911
13029 0.90775
13030 0.632501
13031 0.414063
13032 0.901557
13033 0.46145
13034 0.819635
13035 0.620905
13036 0.602622
13037 0.600211
13038 0.874676
13039 0.71965
13040 0.76363
13041 0.900819
13042 0.907641
13043 0.686231
13044 0.685224
13045 0.712807
13046 0.876902
13047 0.631744
13048 0.874859
13049 0.686389
13050 0.792596
13051 0.67002
13052 0.747193
13053 0.82569
13054 0.596215
13055 0.772431
13056 0.651417
13057 0.664373
13058 0.636137
13059 0.737254
13060 0.630532
13061 0.665901
13062 0.832268
13063 0.732994
13064 0.601184
13065 0.83451
13066 0.790788
13067 0.749429
13068 0.664405
13069 0.70966
13070 0.391166
13071 0.591658
13072 0.69065
13073 0.642194
13074 0.516527
13075 0.160345
13076 0.635722
13077 0.552238
13078 0.729702
13079 0.28182
13080 0.545691
13081 0.809026
13082 0.806297
13083 0.769195
13084 0.664839
13085 0.720142
13086 0.71846
13087 0.675187
13088 0.690442
13089 0.816855
13090 0.483518
13091 0.56991
13092 0.392937
13093 0.625514
13094 0.645335
13095 0.39391
13096 0.606199
13097 0.631474
13098 0.740664
13099 0.514733
13100 0.753596
13101 0.910307
13102 0.423799
13103 0.287488
13104 0.761371
13105 0.293626
13106 0.475304
13107 0.5502
13108 0.469593
13109 0.544934
13110 0.772965
13111 0.83717
13112 0.601329
13113 0.73977
13114 0.647375
13115 0.670211
13116 0.70278
13117 0.919586
13118 0.853595
13119 0.613831
13120 0.957107
13121 0.813971
13122 0.798396
13123 0.778574
13124 0.889361
13125 0.599269
13126 0.54236
13127 0.407907
13128 0.714976
13129 0.439296
13130 0.732478
13131 0.559008
13132 0.717936
13133 0.545956
13134 0.59004
13135 0.518557
13136 0.356316
13137 0.513678
13138 0.560461
13139 0.722331
13140 0.434725
13141 0.824084
13142 0.49396
13143 0.713225
13144 0.469885
13145 0.913704
13146 0.658752
13147 0.735178
13148 0.650103
13149 0.546133
13150 0.678699
13151 0.569437
13152 0.676901
13153 0.88011
13154 0.701994
13155 0.744883
13156 0.93269
13157 0.728792
13158 0.698074
13159 0.60482
13160 0.772464
13161 0.712512
13162 0.897454
13163 0.560845
13164 0.760903
13165 0.839863
13166 0.355825
13167 0.737531
13168 0.593729
13169 0.521098
13170 0.778269
13171 0.565762
13172 0.64447
13173 0.542317
13174 0.522056
13175 0.613072
13176 0.894447
13177 0.743476
13178 0.634401
13179 0.603441
13180 0.773531
13181 0.650449
13182 0.763027
13183 0.634559
13184 0.626929
13185 0.801208
13186 0.764809
13187 0.711957
13188 0.687833
13189 0.604191
13190 0.694731
13191 0.630383
13192 0.633078
13193 0.434792
13194 0.746113
13195 0.664094
13196 0.55018
13197 0.341384
13198 0.432446
13199 0.602003
13200 0.773738
13201 0.679588
13202 0.751927
13203 0.529706
13204 0.790842
13205 0.708897
13206 0.722981
13207 0.733225
13208 0.674936
13209 0.571456
13210 0.599173
13211 0.651666
13212 0.589089
13213 0.800031
13214 0.667334
13215 0.628163
13216 0.611447
13217 0.580967
13218 0.681366
13219 0.592283
13220 0.667202
13221 0.7728
13222 0.701995
13223 0.528578
13224 0.71542
13225 0.89184
13226 0.64969
13227 0.443505
13228 0.80958
13229 0.767877
13230 0.510665
13231 0.774185
13232 0.780509
13233 0.698199
13234 0.951207
13235 0.591317
13236 0.768407
13237 0.596535
13238 0.378289
13239 0.780148
13240 0.513582
13241 0.299439
13242 0.901984
13243 0.733782
13244 0.697477
13245 0.811629
13246 0.850632
13247 0.60524
13248 0.68515
13249 0.787355
13250 0.643114
13251 0.728252
13252 0.477204
13253 0.739534
13254 0.606822
13255 0.818007
13256 0.937768
13257 0.851819
13258 0.846358
13259 0.573937
13260 0.800659
13261 0.866843
13262 0.814188
13263 0.7401
13264 0.939534
13265 0.541529
13266 0.720267
13267 0.829453
13268 0.780112
13269 0.700209
13270 0.565154
13271 0.661837
13272 0.677908
13273 0.707568
13274 0.594405
13275 0.508986
13276 0.454674
13277 0.756452
13278 0.722141
13279 0.798944
13280 0.702682
13281 0.645936
13282 0.912708
13283 0.535376
13284 0.400945
13285 0.474236
13286 0.615359
13287 0.75846
13288 0.917551
13289 0.866964
13290 0.832653
13291 0.680292
13292 0.687835
13293 0.698932
13294 0.535581
13295 0.921359
13296 0.831048
13297 0.603028
13298 0.770304
13299 0.63019
13300 0.538999
13301 0.760397
13302 0.580856
13303 0.735165
13304 0.387248
13305 0.820751
13306 0.405088
13307 0.634892
13308 0.465975
13309 0.468043
13310 0.877831
13311 0.891493
13312 0.893927
13313 0.787403
13314 0.504779
13315 0.756004
13316 0.384553
13317 0.683024
13318 0.728559
13319 0.548298
13320 0.681129
13321 0.756381
13322 0.832165
13323 0.741111
13324 0.568974
13325 0.725388
13326 0.911422
13327 0.608852
13328 0.869031
13329 0.744614
13330 0.770989
13331 0.776499
13332 0.689275
13333 0.810021
13334 0.885813
13335 0.452676
13336 0.728723
13337 0.767129
13338 0.753142
13339 0.759867
13340 0.681589
13341 0.838065
13342 0.682742
13343 0.770737
13344 0.734776
13345 0.651395
13346 0.43048
13347 0.84194
13348 0.91374
13349 0.761027
13350 0.722411
13351 0.786789
13352 0.750793
13353 0.87848
13354 0.617139
13355 0.548354
13356 0.938371
13357 0.787113
13358 0.738045
13359 0.680072
13360 0.46099
13361 0.578269
13362 0.724914
13363 0.539019
13364 0.553768
13365 0.599485
13366 0.596703
13367 0.753839
13368 0.513659
13369 0.868029
13370 0.58437
13371 0.607084
13372 0.826192
13373 0.649145
13374 0.522834
13375 0.527476
13376 0.702688
13377 0.701671
13378 0.840621
13379 0.697739
13380 0.779063
13381 0.725975
13382 0.52338
13383 0.573979
13384 0.673466
13385 0.326243
13386 0.637809
13387 0.654149
13388 0.608922
13389 0.387205
13390 0.69617
13391 0.572563
13392 0.848589
13393 0.70169
13394 0.782791
13395 0.562405
13396 0.652088
13397 0.72435
13398 0.768695
13399 0.922412
13400 0.596785
13401 0.927416
13402 0.82088
13403 0.848961
13404 0.67247
13405 0.713203
13406 0.637127
13407 0.68332
13408 0.682158
13409 0.643817
13410 0.734347
13411 0.679363
13412 0.517495
13413 0.748032
13414 0.543893
13415 0.731478
13416 0.49416
13417 0.498181
13418 0.712481
13419 0.711332
13420 0.843242
13421 0.713052
13422 0.462645
13423 0.714308
13424 0.551183
13425 0.68031
13426 0.479669
13427 0.603271
13428 0.708909
13429 0.670913
13430 0.875258
13431 0.425962
13432 0.343178
13433 0.733148
13434 0.655805
13435 0.428052
13436 0.699486
13437 0.300066
13438 0.60381
13439 0.6597
13440 0.827038
13441 0.668785
13442 0.806642
13443 0.534618
13444 0.430144
13445 0.641651
13446 0.625836
13447 0.780235
13448 0.686952
13449 0.811143
13450 0.732033
13451 0.956339
13452 0.506255
13453 0.604482
13454 0.498193
13455 0.605312
13456 0.736377
13457 0.795247
13458 0.759601
13459 0.804167
13460 0.679313
13461 0.73377
13462 0.662739
13463 0.742982
13464 0.691273
13465 0.848589
13466 0.468983
13467 0.804595
13468 0.756817
13469 0.592326
13470 0.713154
13471 0.820774
13472 0.735775
13473 0.608011
13474 0.697722
13475 0.673225
13476 0.859554
13477 0.621325
13478 0.691413
13479 0.862654
13480 0.391573
13481 0.582044
13482 0.776327
13483 0.625596
13484 0.801547
13485 0.8307
13486 0.864385
13487 0.794658
13488 0.69865
13489 0.686234
13490 0.732205
13491 0.635199
13492 0.753688
13493 0.889514
13494 0.82691
13495 0.696251
13496 0.768536
13497 0.745908
13498 0.680115
13499 0.341904
13500 0.773198
13501 0.851931
13502 0.901104
13503 0.878968
13504 0.796508
13505 0.542164
13506 0.724758
13507 0.544487
13508 0.648735
13509 0.687836
13510 0.600442
13511 0.582781
13512 0.605612
13513 0.830117
13514 0.552812
13515 0.787827
13516 0.723025
13517 0.614771
13518 0.555263
13519 0.725516
13520 0.646455
13521 0.619843
13522 0.602088
13523 0.841744
13524 0.791118
13525 0.555133
13526 0.72374
13527 0.748745
13528 0.654457
13529 0.895694
13530 0.614001
13531 0.631951
13532 0.615945
13533 0.376066
13534 0.790669
13535 0.502456
13536 0.566077
13537 0.895072
13538 0.877764
13539 0.793536
13540 0.683422
13541 0.644182
13542 0.662355
13543 0.651723
13544 0.683525
13545 0.680118
13546 0.604167
13547 0.304752
13548 0.879516
13549 0.328494
13550 0.637711
13551 0.83633
13552 0.736922
13553 0.816844
13554 0.56448
13555 0.93633
13556 0.552884
13557 0.716245
13558 0.691915
13559 0.688095
13560 0.757581
13561 0.546544
13562 0.76637
13563 0.581128
13564 0.91492
13565 0.553472
13566 0.801376
13567 0.738739
13568 0.718377
13569 0.526577
13570 0.704911
13571 0.79436
13572 0.67748
13573 0.703317
13574 0.722534
13575 0.685369
13576 0.803851
13577 0.67771
13578 0.689605
13579 0.64536
13580 0.600697
13581 0.574739
13582 0.613528
13583 0.843362
13584 0.771627
13585 0.815894
13586 0.47012
13587 0.800346
13588 0.721069
13589 0.81651
13590 0.756481
13591 0.398405
13592 0.68749
13593 0.782709
13594 0.73094
13595 0.665556
13596 0.718105
13597 0.597064
13598 0.809281
13599 0.900944
13600 0.918243
13601 0.750988
13602 0.655339
13603 0.684094
13604 0.664365
13605 0.889284
13606 0.487429
13607 0.773338
13608 0.812962
13609 0.644194
13610 0.597875
13611 0.812817
13612 0.68985
13613 0.58672
13614 0.564958
13615 0.638136
13616 0.858861
13617 0.859569
13618 0.688577
13619 0.673385
13620 0.748797
13621 0.813947
13622 0.723554
13623 0.829566
13624 0.666163
13625 0.581137
13626 0.812206
13627 0.453405
13628 0.738144
13629 0.721426
13630 0.738319
13631 0.726421
13632 0.832321
13633 0.405086
13634 0.479617
13635 0.363786
13636 0.506451
13637 0.649351
13638 0.345254
13639 0.514229
13640 0.852577
13641 0.669654
13642 0.950173
13643 0.603322
13644 0.615714
13645 0.846324
13646 0.856198
13647 0.772142
13648 0.375015
13649 0.692638
13650 0.873335
13651 0.697282
13652 0.562723
13653 0.807149
13654 0.770517
13655 0.710948
13656 0.5599
13657 0.785547
13658 0.690685
13659 0.623462
13660 0.871405
13661 0.771664
13662 0.855467
13663 0.682886
13664 0.635475
13665 0.704929
13666 0.922806
13667 0.706674
13668 0.905113
13669 0.50585
13670 0.802704
13671 0.474141
13672 0.715113
13673 0.710054
13674 0.722978
13675 0.519364
13676 0.816009
13677 0.793985
13678 0.796596
13679 0.770377
13680 0.709015
13681 0.629282
13682 0.675653
13683 0.855005
13684 0.810448
13685 0.680651
13686 0.761378
13687 0.595576
13688 0.674249
13689 0.584236
13690 0.628353
13691 0.535188
13692 0.715899
13693 0.917409
13694 0.691332
13695 0.573719
13696 0.565955
13697 0.472446
13698 0.548827
13699 0.52117
13700 0.613214
13701 0.378819
13702 0.401442
13703 0.637383
13704 0.538106
13705 0.875177
13706 0.428363
13707 0.872726
13708 0.681358
13709 0.460352
13710 0.619374
13711 0.838534
13712 0.660753
13713 0.454201
13714 0.895518
13715 0.673606
13716 0.905895
13717 0.507213
13718 0.655331
13719 0.36909
13720 0.792077
13721 0.867332
13722 0.811108
13723 0.644043
13724 0.560785
13725 0.689594
13726 0.5245
13727 0.74061
13728 0.690193
13729 0.818971
13730 0.662926
13731 0.816579
13732 0.140429
13733 0.599248
13734 0.558655
13735 0.691727
13736 0.755632
13737 0.54003
13738 0.511736
13739 0.566347
13740 0.684806
13741 0.651962
13742 0.633091
13743 0.634607
13744 0.635325
13745 0.667307
13746 0.398705
13747 0.767899
13748 0.604358
13749 0.608683
13750 0.654593
13751 0.627706
13752 0.768015
13753 0.768217
13754 0.766337
13755 0.809347
13756 0.696269
13757 0.622075
13758 0.510356
13759 0.559879
13760 0.228674
13761 0.566021
13762 0.792667
13763 0.593066
13764 0.78908
13765 0.458154
13766 0.4178
13767 0.809896
13768 0.705968
13769 0.582461
13770 0.311669
13771 0.607657
13772 0.532065
13773 0.625424
13774 0.705206
13775 0.669789
13776 0.368578
13777 0.48439
13778 0.499662
13779 0.67592
13780 0.523927
13781 0.506372
13782 0.554021
13783 0.724917
13784 0.470442
13785 0.782618
13786 0.792984
13787 0.445883
13788 0.704074
13789 0.833469
13790 0.448443
13791 0.399971
13792 0.651367
13793 0.566178
13794 0.38288
13795 0.696677
13796 0.583267
13797 0.43978
13798 0.380005
13799 0.238683
13800 0.581428
13801 0.80632
13802 0.78536
13803 0.591394
13804 0.739039
13805 0.701332
13806 0.590067
13807 0.820245
13808 0.811787
13809 0.804071
13810 0.705597
13811 0.896674
13812 0.537006
13813 0.662115
13814 0.555461
13815 0.583786
13816 0.743758
13817 0.744934
13818 0.830054
13819 0.780256
13820 0.586208
13821 0.458967
13822 0.546915
13823 0.666149
13824 0.747886
13825 0.743028
13826 0.640067
13827 0.301842
13828 0.513016
13829 0.545667
13830 0.488107
13831 0.751157
13832 0.74473
13833 0.782639
13834 0.711125
13835 0.688989
13836 0.674818
13837 0.683422
13838 0.56692
13839 0.731157
13840 0.574389
13841 0.664725
13842 0.711051
13843 0.306408
13844 0.857823
13845 0.812195
13846 0.560758
13847 0.814195
13848 0.697049
13849 0.09115
13850 0.507112
13851 0.714739
13852 0.320569
13853 0.564845
13854 0.399972
13855 0.748196
13856 0.733798
13857 0.690121
13858 0.760889
13859 0.514662
13860 0.794812
13861 0.864985
13862 0.724939
13863 0.844744
13864 0.643922
13865 0.775969
13866 0.189661
13867 0.749391
13868 0.487527
13869 0.770849
13870 0.695905
13871 0.587423
13872 0.733473
13873 0.792606
13874 0.841197
13875 0.492612
13876 0.810832
13877 0.645158
13878 0.786216
13879 0.676681
13880 0.809968
13881 0.468356
13882 0.53935
13883 0.82413
13884 0.722943
13885 0.787072
13886 0.737216
13887 0.648342
13888 0.580222
13889 0.0566756
13890 0.426022
13891 0.893757
13892 0.244304
13893 0.797165
13894 0.845859
13895 0.621548
13896 0.526509
13897 0.636475
13898 0.641807
13899 0.522092
13900 0.548443
13901 0.587738
13902 0.659466
13903 0.494651
13904 0.45429
13905 0.624931
13906 0.568102
13907 0.793662
13908 0.638496
13909 0.615683
13910 0.607885
13911 0.489686
13912 0.382798
13913 0.45398
13914 0.452356
13915 0.782556
13916 0.612307
13917 0.501994
13918 0.755605
13919 0.660841
13920 0.653564
13921 0.572806
13922 0.645528
13923 0.633494
13924 0.494168
13925 0.53365
13926 0.677497
13927 0.576966
13928 0.551812
13929 0.63808
13930 0.514365
13931 0.725179
13932 0.825404
13933 0.699225
13934 0.519839
13935 0.5155
13936 0.645344
13937 0.723469
13938 0.762043
13939 0.232766
13940 0.521179
13941 0.624573
13942 0.686954
13943 0.480836
13944 0.73728
13945 0.44495
13946 0.723393
13947 0.461654
13948 0.616704
13949 0.459624
13950 0.567043
13951 0.601177
13952 0.809218
13953 0.820823
13954 0.895201
13955 0.911369
13956 0.752626
13957 0.763879
13958 0.828969
13959 0.726348
13960 0.657781
13961 0.690797
13962 0.481255
13963 0.540766
13964 0.607855
13965 0.743991
13966 0.719439
13967 0.64295
13968 0.666429
13969 0.746294
13970 0.781181
13971 0.615931
13972 0.362859
13973 0.606649
13974 0.401109
13975 0.596119
13976 0.614077
13977 0.467314
13978 0.638077
13979 0.664551
13980 0.623113
13981 0.442875
13982 0.565049
13983 0.841702
13984 0.602899
13985 0.778178
13986 0.702876
13987 0.795632
13988 0.593229
13989 0.799673
13990 0.599496
13991 0.7907
13992 0.354593
13993 0.719923
13994 0.611994
13995 0.452848
13996 0.381738
13997 0.577332
13998 0.773358
13999 0.571422
14000 0.489418
14001 0.547788
14002 0.637511
14003 0.828708
14004 0.620236
14005 0.750368
14006 0.507181
14007 0.559282
14008 0.629631
14009 0.563924
14010 0.798254
14011 0.797633
14012 0.804357
14013 0.908202
14014 0.897801
14015 0.787237
14016 0.602729
14017 0.678699
14018 0.559672
14019 0.801469
14020 0.52628
14021 0.700587
14022 0.796689
14023 0.643689
14024 0.361625
14025 0.83071
14026 0.618898
14027 0.77488
14028 0.704329
14029 0.813593
14030 0.718342
14031 0.690958
14032 0.803975
14033 0.724086
14034 0.645895
14035 0.58059
14036 0.409677
14037 0.574778
14038 0.80117
14039 0.618595
14040 0.678136
14041 0.63972
14042 0.593649
14043 0.636665
14044 0.368455
14045 0.569173
14046 0.405984
14047 0.490104
14048 0.386287
14049 0.289924
14050 0.641385
14051 0.739654
14052 0.270779
14053 0.351407
14054 0.339725
14055 0.215508
14056 0.665546
14057 0.955358
14058 0.619464
14059 0.587631
14060 0.731961
14061 0.649614
14062 0.799229
14063 0.583725
14064 0.431575
14065 0.732432
14066 0.698053
14067 0.303927
14068 0.551739
14069 0.606703
14070 0.364573
14071 0.641963
14072 0.532016
14073 0.549341
14074 0.411079
14075 0.463964
14076 0.345445
14077 0.611699
14078 0.723137
14079 0.74507
14080 0.589105
14081 0.688536
14082 0.553822
14083 0.608978
14084 0.588343
14085 0.619295
14086 0.657381
14087 0.770343
14088 0.575654
14089 0.664968
14090 0.507693
14091 0.809891
14092 0.855587
14093 0.725531
14094 0.833262
14095 0.647844
14096 0.601456
14097 0.956557
14098 0.655041
14099 0.776868
14100 0.509731
14101 0.870554
14102 0.743394
14103 0.428795
14104 0.148003
14105 0.433312
14106 0.654926
14107 0.580762
14108 0.638825
14109 0.769302
14110 0.551935
14111 0.63597
14112 0.70266
14113 0.586675
14114 0.481547
14115 0.74264
14116 0.817413
14117 0.820846
14118 0.752053
14119 0.640511
14120 0.848828
14121 0.838017
14122 0.693678
14123 0.559323
14124 0.59486
14125 0.741132
14126 0.78702
14127 0.817067
14128 0.717234
14129 0.749164
14130 0.648584
14131 0.50163
14132 0.844577
14133 0.701476
14134 0.69266
14135 0.650525
14136 0.626374
14137 0.745082
14138 0.745895
14139 0.614736
14140 0.595557
14141 0.640583
14142 0.742703
14143 0.730986
14144 0.860049
14145 0.709495
14146 0.91452
14147 0.539875
14148 0.370285
14149 0.472215
14150 0.784206
14151 0.825918
14152 0.515194
14153 0.706244
14154 0.714624
14155 0.819095
14156 0.788674
14157 0.846101
14158 0.889584
14159 0.900188
14160 0.608985
14161 0.369298
14162 0.382813
14163 0.47414
14164 0.628696
14165 0.824727
14166 0.747423
14167 0.606021
14168 0.856087
14169 0.679086
14170 0.733502
14171 0.939607
14172 0.569015
14173 0.626991
14174 0.789731
14175 0.781875
14176 0.317033
14177 0.482092
14178 0.420653
14179 0.755635
14180 0.797752
14181 0.719587
14182 0.830676
14183 0.792794
14184 0.661855
14185 0.786841
14186 0.953963
14187 0.892524
14188 0.666499
14189 0.600534
14190 0.762191
14191 0.613515
14192 0.550199
14193 0.755809
14194 0.622868
14195 0.714451
14196 0.810599
14197 0.839487
14198 0.742646
14199 0.872929
14200 0.67029
14201 0.872943
14202 0.959088
14203 0.860193
14204 0.820979
14205 0.664133
14206 0.601214
14207 0.586351
14208 0.658185
14209 0.684917
14210 0.641639
14211 0.683613
14212 0.637573
14213 0.666369
14214 0.452854
14215 0.399782
14216 0.971784
14217 0.724085
14218 0.83786
14219 0.824201
14220 0.871452
14221 0.995009
14222 0.935113
14223 0.94679
14224 0.857735
14225 0.768514
14226 0.854887
14227 0.782699
14228 0.887089
14229 0.694897
14230 0.697823
14231 0.842822
14232 0.710781
14233 0.754984
14234 0.860028
14235 0.832793
14236 0.833301
14237 0.6884
14238 0.901634
14239 0.698745
14240 0.726344
14241 0.747979
14242 0.725201
14243 0.701463
14244 0.727284
14245 0.727584
14246 0.654187
14247 0.61512
14248 0.936622
14249 0.863116
14250 0.538865
14251 0.760239
14252 0.632374
14253 0.77158
14254 0.702002
14255 0.880221
14256 0.747933
14257 0.803258
14258 0.740575
14259 0.931633
14260 0.820613
14261 0.918528
14262 0.707673
14263 0.808458
14264 0.740687
14265 0.629215
14266 0.802035
14267 0.712236
14268 0.763533
14269 0.86822
14270 0.801812
14271 0.713499
14272 0.690612
14273 0.62889
14274 0.681279
14275 0.676974
14276 0.777685
14277 0.70807
14278 0.872018
14279 0.579078
14280 0.806345
14281 0.78541
14282 0.722616
14283 0.68503
14284 0.514268
14285 0.894488
14286 0.651192
14287 0.704669
14288 0.880767
14289 0.855914
14290 0.881582
14291 0.814052
14292 0.838658
14293 0.92188
14294 0.797986
14295 0.84179
14296 0.662573
14297 0.962433
14298 0.940241
14299 0.568739
14300 0.664847
14301 0.763571
14302 0.908832
14303 0.762272
14304 0.727659
14305 0.835207
14306 0.857642
14307 0.806202
14308 0.621221
14309 0.83132
14310 0.638281
14311 0.916585
14312 0.720812
14313 0.839395
14314 0.728784
14315 0.832191
14316 0.702174
14317 0.841885
14318 0.698257
14319 0.899131
14320 0.788909
14321 0.895424
14322 0.734227
14323 0.840156
14324 0.861788
14325 0.850654
14326 0.680423
14327 0.756226
14328 0.697177
14329 0.923105
14330 0.801869
14331 0.643768
14332 0.693342
14333 0.723152
14334 0.739009
14335 0.407588
14336 0.395661
14337 0.572638
14338 0.72452
14339 0.270608
14340 0.365867
14341 0.803204
14342 0.565857
14343 0.55926
14344 0.934933
14345 0.262795
14346 0.0999197
14347 0.943975
14348 0.0847189
14349 0.678852
14350 0.39045
14351 0.705395
14352 0.704446
14353 0.271507
14354 0.403482
14355 0.43849
14356 0.8113
14357 0.63964
14358 0.759982
14359 0.64073
14360 0.551811
14361 0.446972
14362 0.518616
14363 0.431957
14364 0.309121
14365 0.563563
14366 0.558636
14367 0.433763
14368 0.545344
14369 0.447449
14370 0.73862
14371 0.424531
14372 0.789552
14373 0.0289218
14374 0.502011
14375 0.214478
14376 0.663577
14377 0.880117
14378 0.641877
14379 0.665082
14380 0.67049
14381 0.296483
14382 0.664158
14383 0.506624
14384 0.415644
14385 0.308971
14386 0.409625
14387 0.604491
14388 0.0556184
14389 0.076615
14390 0.543997
14391 0.0897643
14392 0.273731
14393 0.191186
14394 0.481479
14395 0.269796
14396 0.547359
14397 0.133962
14398 0.194785
14399 0.186002
14400 0.411469
14401 0.568885
14402 0.414151
14403 0.194789
14404 0.210618
14405 0.116806
14406 0.185109
14407 0.659563
14408 0.195056
14409 0.115493
14410 0.197983
14411 0.506984
14412 0.556546
14413 0.306119
14414 0.701644
14415 0.602763
14416 0.0859642
14417 0.560673
14418 0.335803
14419 0.155969
14420 0.564688
14421 0.53091
14422 0.416749
14423 0.613019
14424 0.45315
14425 0.698827
14426 0.518268
14427 0.253319
14428 0.161511
14429 0.19456
14430 0.834661
14431 0.194205
14432 0.25536
14433 0.567522
14434 0.527505
14435 0.885019
14436 0.174622
14437 0.731009
14438 0.731536
14439 0.792694
14440 0.4143
14441 0.721324
14442 0.824243
14443 0.622676
14444 0.337933
14445 0.426358
14446 0.766217
14447 0.71193
14448 0.549008
14449 0.287723
14450 0.775828
14451 0.442354
14452 0.148861
14453 0.425113
14454 0.702566
14455 0.307889
14456 0.465677
14457 0.619083
14458 0.0709897
14459 0.124973
14460 0.180575
14461 0.324498
14462 0.806743
14463 0.208597
14464 0.424846
14465 0.22954
14466 0.418588
14467 0.314984
14468 0.637371
14469 0.644239
14470 0.467568
14471 0.587793
14472 0.470092
14473 0.632607
14474 0.344059
14475 0.770191
14476 0.646239
14477 0.495718
14478 0.692962
14479 0.439556
14480 0.216922
14481 0.293141
14482 0.547183
14483 0.559924
14484 0.237272
14485 0.672367
14486 0.647199
14487 0.626128
14488 0.773967
14489 0.307222
14490 0.668286
14491 0.420175
14492 0.505876
14493 0.918919
14494 0.813948
14495 0.519327
14496 0.653121
14497 0.696775
14498 0.441088
14499 0.536362
14500 0.538229
14501 0.632642
14502 0.572935
14503 0.335314
14504 0.344333
14505 0.670201
14506 0.515961
14507 0.840892
14508 0.633425
14509 0.839666
14510 0.764703
14511 0.623313
14512 0.0882367
14513 0.0912539
14514 0.607951
14515 0.701274
14516 0.49257
14517 0.776573
14518 0.439327
14519 0.777077
14520 0.660781
14521 0.0279491
14522 0.0845771
14523 0.532351
14524 0.198526
14525 0.0255151
14526 0.355136
14527 0.751907
14528 0.685883
14529 0.426563
14530 0.335914
14531 0.325604
14532 0.525083
14533 0.215221
14534 0.895865
14535 0.705894
14536 0.223973
14537 0.618898
14538 0.679623
14539 0.430022
14540 0.45511
14541 0.380761
14542 0.399596
14543 0.620865
14544 0.0948323
14545 0.23915
14546 0.502067
14547 0.725732
14548 0.616358
14549 0.701095
14550 0.655583
14551 0.580609
14552 0.823832
14553 0.557703
14554 0.6043
14555 0.780655
14556 0.376674
14557 0.580758
14558 0.965653
14559 0.419488
14560 0.436741
14561 0.344227
14562 0.817455
14563 0.285553
14564 0.876858
14565 0.548329
14566 0.493257
14567 0.476455
14568 0.450283
14569 0.385232
14570 0.816468
14571 0.677691
14572 0.328252
14573 0.82801
14574 0.433029
14575 0.425847
14576 0.264884
14577 0.457332
14578 0.752026
14579 0.471315
14580 0.409293
14581 0.524447
14582 0.482095
14583 0.478723
14584 0.36039
14585 0.370129
14586 0.680798
14587 0.385289
14588 0.438471
14589 0.204314
14590 0.545512
14591 0.138245
14592 0.693272
14593 0.873273
14594 0.557952
14595 0.203676
14596 0.863829
14597 0.593983
14598 0.697695
14599 0.765056
14600 0.284378
14601 0.332307
14602 0.390219
14603 0.257123
14604 0.478248
14605 0.784076
14606 0.327063
14607 0.743357
14608 0.832712
14609 0.88085
14610 0.187326
14611 0.115287
14612 0.202197
14613 0.370181
14614 0.462365
14615 0.588524
14616 0.743522
14617 0.875062
14618 0.795427
14619 0.17908
14620 0.766712
14621 0.793204
14622 0.812891
14623 0.942663
14624 0.88299
14625 0.714383
14626 0.451263
14627 0.448835
14628 0.682242
14629 0.656312
14630 0.782182
14631 0.765851
14632 0.532459
14633 0.816784
14634 0.236978
14635 0.447594
14636 0.754645
14637 0.312379
14638 0.508351
14639 0.621803
14640 0.33638
14641 0.39122
14642 0.20282
14643 0.848939
14644 0.184385
14645 0.521883
14646 0.257604
14647 0.455917
14648 0.601217
14649 0.407291
14650 0.496414
14651 0.26431
14652 0.290296
14653 0.624306
14654 0.843582
14655 0.442279
14656 0.165833
14657 0.613434
14658 0.267913
14659 0.437332
14660 0.0935701
14661 0.484813
14662 0.0331844
14663 0.490186
14664 0.820696
14665 0.577795
14666 0.577585
14667 0.654383
14668 0.777154
14669 0.839067
14670 0.54315
14671 0.692029
14672 0.577949
14673 0.7055
14674 0.83288
14675 0.242249
14676 0.563435
14677 0.683113
14678 0.632803
14679 0.624046
14680 0.441856
14681 0.750156
14682 0.583151
14683 0.799323
14684 0.685296
14685 0.517396
14686 0.33593
14687 0.663065
14688 0.458402
14689 0.18066
14690 0.37216
14691 0.267119
14692 0.572385
14693 0.237629
14694 0.790459
14695 0.136049
14696 0.138951
14697 0.610709
14698 0.503273
14699 0.638071
14700 0.18765
14701 0.325419
14702 0.218908
14703 0.886977
14704 0.867986
14705 0.439445
14706 0.442289
14707 0.126213
14708 0.228187
14709 0.231752
14710 0.409672
14711 0.539975
14712 0.223767
14713 0.172481
14714 0.174168
14715 0.17565
14716 0.596334
14717 0.943071
14718 0.748396
14719 0.361473
14720 0.636027
14721 0.259378
14722 0.303322
14723 0.124496
14724 0.715252
14725 0.661609
14726 0.595678
14727 0.847366
14728 0.667617
14729 0.675898
14730 0.475747
14731 0.701116
14732 0.260849
14733 0.898142
14734 0.657411
14735 0.401185
14736 0.683511
14737 0.869398
14738 0.822654
14739 0.706045
14740 0.946547
14741 0.604133
14742 0.689569
14743 0.76678
14744 0.869856
14745 0.115048
14746 0.461427
14747 0.609489
14748 0.555438
14749 0.532024
14750 0.476755
14751 0.558456
14752 0.373239
14753 0.695922
14754 0.612365
14755 0.67316
14756 0.537801
14757 0.694683
14758 0.694981
14759 0.642671
14760 0.350948
14761 0.708681
14762 0.886427
14763 0.178783
14764 0.458299
14765 0.609266
14766 0.64608
14767 0.839151
14768 0.762263
14769 0.443238
14770 0.522494
14771 0.616785
14772 0.857179
14773 0.577731
14774 0.422072
14775 0.591579
14776 0.375754
14777 0.851405
14778 0.670263
14779 0.649754
14780 0.834387
14781 0.678477
14782 0.749847
14783 0.260273
14784 0.855051
14785 0.660843
14786 0.573819
14787 0.391493
14788 0.596493
14789 0.379771
14790 0.266201
14791 0.583473
14792 0.553641
14793 0.464381
14794 0.55482
14795 0.566617
14796 0.592461
14797 0.489337
14798 0.393488
14799 0.598329
14800 0.337716
14801 0.451161
14802 0.807061
14803 0.855308
14804 0.921996
14805 0.993036
14806 0.763691
14807 0.873516
14808 0.735815
14809 0.682294
14810 0.772381
14811 0.946709
14812 0.73686
14813 0.937258
14814 0.728864
14815 0.745746
14816 0.766721
14817 0.882832
14818 0.752498
14819 0.583747
14820 0.639493
14821 0.886338
14822 0.705781
14823 0.798887
14824 0.90958
14825 0.634027
14826 0.739365
14827 0.910911
14828 0.904352
14829 0.60248
14830 0.936573
14831 0.944534
14832 0.932229
14833 0.754583
14834 0.914877
14835 0.81559
14836 0.742372
14837 0.759125
14838 0.908159
14839 0.911568
14840 0.941576
14841 0.799538
14842 0.908004
14843 0.909629
14844 0.905048
14845 0.932997
14846 0.929806
14847 0.934084
14848 0.909799
14849 0.931487
14850 0.591987
14851 0.996289
14852 0.931304
14853 0.893311
14854 0.596285
14855 0.61909
14856 0.949511
14857 0.935623
14858 0.91828
14859 0.777824
14860 0.781086
14861 0.756356
14862 0.782337
14863 0.992651
14864 0.735891
14865 0.698055
14866 0.711857
14867 0.716168
14868 0.71454
14869 0.97726
14870 0.606691
14871 0.987442
14872 0.718412
14873 0.913759
14874 0.727756
14875 0.722661
14876 0.926862
14877 0.692304
14878 0.679392
14879 0.95746
14880 0.446572
14881 0.989842
14882 0.61713
14883 0.983921
14884 0.949326
14885 0.697923
14886 0.9557
14887 0.955843
14888 0.789945
14889 0.992272
14890 0.801775
14891 0.958896
14892 0.961616
14893 0.932437
14894 0.689497
14895 0.680512
14896 0.906792
14897 0.800046
14898 0.806729
14899 0.936495
14900 0.969568
14901 0.714838
14902 0.932734
14903 0.957387
14904 0.87469
14905 0.95641
14906 0.926454
14907 0.989534
14908 0.790186
14909 0.662485
14910 0.738331
14911 0.725431
14912 0.68365
14913 0.797395
14914 0.731145
14915 0.528058
14916 0.666571
14917 0.958793
14918 0.660277
14919 0.836583
14920 0.756679
14921 0.944957
14922 0.763356
14923 0.788581
14924 0.717705
14925 0.623588
14926 0.781295
14927 0.750828
14928 0.670194
14929 0.693375
14930 0.660435
14931 0.750278
14932 0.690017
14933 0.652475
14934 0.769549
14935 0.749856
14936 0.71577
14937 0.761717
14938 0.724371
14939 0.699647
14940 0.704158
14941 0.777071
14942 0.608345
14943 0.620245
14944 0.720338
14945 0.729408
14946 0.592911
14947 0.771856
14948 0.676989
14949 0.738519
14950 0.782513
14951 0.752673
14952 0.705519
14953 0.782893
14954 0.753375
14955 0.699474
14956 0.789785
14957 0.777892
14958 0.743018
14959 0.681379
14960 0.657125
14961 0.760382
14962 0.632604
14963 0.706016
14964 0.720133
14965 0.75808
14966 0.724768
14967 0.643159
14968 0.721519
14969 0.727805
14970 0.70595
14971 0.734146
14972 0.584448
14973 0.731634
14974 0.718233
14975 0.788001
14976 0.701342
14977 0.711658
14978 0.698329
14979 0.772613
14980 0.753821
14981 0.697126
14982 0.81971
14983 0.751064
14984 0.767473
14985 0.795659
14986 0.727978
14987 0.763265
14988 0.826537
14989 0.753799
14990 0.707891
14991 0.742739
14992 0.61371
14993 0.639
14994 0.782969
14995 0.754152
14996 0.721305
14997 0.612511
14998 0.68335
14999 0.740251
15000 0.703394
15001 0.751733
15002 0.794729
15003 0.683009
15004 0.723131
15005 0.7246
15006 0.624522
15007 0.746477
15008 0.772345
15009 0.718614
15010 0.714135
15011 0.700919
15012 0.713301
15013 0.946478
15014 0.698963
15015 0.713385
15016 0.712914
15017 0.691414
15018 0.638026
15019 0.663472
15020 0.753875
15021 0.847628
15022 0.943155
15023 0.82996
15024 0.807133
15025 0.944395
15026 0.948961
15027 0.935034
15028 0.59203
15029 0.758842
15030 0.920455
15031 0.7159
15032 0.773863
15033 0.908744
15034 0.943446
15035 0.688403
15036 0.938051
15037 0.691089
15038 0.735928
15039 0.894781
15040 0.726182
15041 0.730051
15042 0.895437
15043 0.897464
15044 0.897096
15045 0.724214
15046 0.544749
15047 0.916932
15048 0.907427
15049 0.895519
15050 0.88123
15051 0.896981
15052 0.678756
15053 0.895604
15054 0.760409
15055 0.753363
15056 0.736114
15057 0.89426
15058 0.598085
15059 0.729959
15060 0.635575
15061 0.592834
15062 0.936803
15063 0.714868
15064 0.728814
15065 0.892592
15066 0.815479
15067 0.755744
15068 0.757916
15069 0.768269
15070 0.757897
15071 0.99427
15072 0.786345
15073 0.701802
15074 0.72432
15075 0.687539
15076 0.758847
15077 0.794105
15078 0.759981
15079 0.918623
15080 0.725601
15081 0.625713
15082 0.757596
15083 0.771454
15084 0.757719
15085 0.859303
15086 0.855942
15087 0.769999
15088 0.927169
15089 0.674022
15090 0.959965
15091 0.95478
15092 0.8426
15093 0.764896
15094 0.952083
15095 0.640138
15096 0.799114
15097 0.820325
15098 0.885739
15099 0.782785
15100 0.745539
15101 0.956813
15102 0.728244
15103 0.971467
15104 0.936141
15105 0.784208
15106 0.996255
15107 0.924022
15108 0.708365
15109 0.690518
15110 0.936551
15111 0.938789
15112 0.963159
15113 0.686549
15114 0.938451
15115 0.960485
15116 0.798633
15117 0.689873
15118 0.960345
15119 0.687469
15120 0.956912
15121 0.967759
15122 0.948042
15123 0.741302
15124 0.826194
15125 0.916665
15126 0.843359
15127 0.989979
15128 0.986079
15129 0.795675
15130 0.807201
15131 0.675412
15132 0.719465
15133 0.715987
15134 0.688818
15135 0.708704
15136 0.713322
15137 0.691105
15138 0.981883
15139 0.759407
15140 0.701689
15141 0.739097
15142 0.971269
15143 0.757227
15144 0.738496
15145 0.698428
15146 0.981631
15147 0.818379
15148 0.848779
15149 0.688593
15150 0.737791
15151 0.820441
15152 0.757314
15153 0.739349
15154 0.683422
15155 0.846049
15156 0.971445
15157 0.757749
15158 0.740983
15159 0.619703
15160 0.74607
15161 0.68927
15162 0.734802
15163 0.781372
15164 0.775183
15165 0.695262
15166 0.618595
15167 0.675564
15168 0.781717
15169 0.76558
15170 0.694276
15171 0.796769
15172 0.756599
15173 0.796199
15174 0.761733
15175 0.723148
15176 0.665561
15177 0.654102
15178 0.783445
15179 0.702854
15180 0.634277
15181 0.751111
15182 0.779225
15183 0.780547
15184 0.588743
15185 0.724114
15186 0.871268
15187 0.716969
15188 0.632092
15189 0.701148
15190 0.629091
15191 0.796279
15192 0.762774
15193 0.780607
15194 0.637478
15195 0.716803
15196 0.732728
15197 0.687833
15198 0.721179
15199 0.759803
15200 0.692464
15201 0.718168
15202 0.728278
15203 0.617251
15204 0.591331
15205 0.625935
15206 0.923248
15207 0.86865
15208 0.857412
15209 0.875684
15210 0.821588
15211 0.795975
15212 0.727223
15213 0.725021
15214 0.611134
15215 0.716928
15216 0.683322
15217 0.733817
15218 0.737913
15219 0.616193
15220 0.632704
15221 0.731754
15222 0.777468
15223 0.771432
15224 0.767137
15225 0.723843
15226 0.644393
15227 0.760507
15228 0.768447
15229 0.807263
15230 0.68907
15231 0.71521
15232 0.711918
15233 0.720118
15234 0.948712
15235 0.951869
15236 0.768418
15237 0.729397
15238 0.633153
15239 0.657276
15240 0.684977
15241 0.926153
15242 0.667346
15243 0.908941
15244 0.931691
15245 0.749937
15246 0.561142
15247 0.758325
15248 0.930686
15249 0.903655
15250 0.729209
15251 0.732776
15252 0.617917
15253 0.92544
15254 0.81717
15255 0.751028
15256 0.907581
15257 0.912669
15258 0.633371
15259 0.778295
15260 0.907719
15261 0.920455
15262 0.621865
15263 0.76391
15264 0.610318
15265 0.914897
15266 0.926103
15267 0.948764
15268 0.902864
15269 0.918489
15270 0.932368
15271 0.88082
15272 0.61571
15273 0.937539
15274 0.743294
15275 0.600519
15276 0.761311
15277 0.916444
15278 0.59949
15279 0.944057
15280 0.94417
15281 0.9164
15282 0.606954
15283 0.922605
15284 0.743322
15285 0.739573
15286 0.697582
15287 0.687776
15288 0.740628
15289 0.767058
15290 0.664711
15291 0.974123
15292 0.974609
15293 0.867062
15294 0.651858
15295 0.678151
15296 0.653983
15297 0.974012
15298 0.701707
15299 0.927086
15300 0.813646
15301 0.945965
15302 0.865353
15303 0.977008
15304 0.594516
15305 0.94054
15306 0.737554
15307 0.640071
15308 0.623149
15309 0.96934
15310 0.951243
15311 0.755581
15312 0.927339
15313 0.902885
15314 0.950905
15315 0.93885
15316 0.610975
15317 0.741556
15318 0.740699
15319 0.759454
15320 0.707173
15321 0.610725
15322 0.958294
15323 0.968169
15324 0.961856
15325 0.618493
15326 0.623984
15327 0.947908
15328 0.939896
15329 0.732223
15330 0.666435
15331 0.959325
15332 0.963683
15333 0.691709
15334 0.963431
15335 0.694733
15336 0.788071
15337 0.57941
15338 0.94928
15339 0.786642
15340 0.65748
15341 0.654095
15342 0.65938
15343 0.904711
15344 0.88662
15345 0.918361
15346 0.928243
15347 0.927835
15348 0.660726
15349 0.803909
15350 0.715259
15351 0.949909
15352 0.67288
15353 0.801911
15354 0.820404
15355 0.804075
15356 0.79594
15357 0.809972
15358 0.799378
15359 0.712299
15360 0.718214
15361 0.731477
15362 0.716451
15363 0.73813
15364 0.818305
15365 0.610732
15366 0.781298
15367 0.673267
15368 0.78365
15369 0.740018
15370 0.600397
15371 0.788043
15372 0.690063
15373 0.787796
15374 0.738856
15375 0.598967
15376 0.766292
15377 0.652745
15378 0.741097
15379 0.803679
15380 0.623628
15381 0.759277
15382 0.630719
15383 0.744823
15384 0.783755
15385 0.737053
15386 0.617464
15387 0.722132
15388 0.668557
15389 0.74494
15390 0.636479
15391 0.717798
15392 0.776197
15393 0.68394
15394 0.625288
15395 0.722195
15396 0.696271
15397 0.756759
15398 0.630636
15399 0.823472
15400 0.819679
15401 0.668941
15402 0.603157
15403 0.68664
15404 0.609777
15405 0.727654
15406 0.724906
15407 0.78884
15408 0.694244
15409 0.855984
15410 0.629216
15411 0.764326
15412 0.690817
15413 0.665417
15414 0.803307
15415 0.781396
15416 0.580673
15417 0.739378
15418 0.625654
15419 0.58858
15420 0.616573
15421 0.77781
15422 0.783028
15423 0.696391
15424 0.624024
15425 0.711826
15426 0.679368
15427 0.753299
15428 0.672435
15429 0.837747
15430 0.797948
15431 0.68126
15432 0.647113
15433 0.784445
15434 0.774758
15435 0.638348
15436 0.866036
15437 0.657811
15438 0.769216
15439 0.809931
15440 0.579809
15441 0.625191
15442 0.718524
15443 0.717853
15444 0.726585
15445 0.722078
15446 0.951391
15447 0.978999
15448 0.931786
15449 0.6796
15450 0.95336
15451 0.678548
15452 0.978287
15453 0.906331
15454 0.956244
15455 0.951652
15456 0.945093
15457 0.95237
15458 0.88391
15459 0.944871
15460 0.972488
15461 0.93068
15462 0.957022
15463 0.896134
15464 0.716714
15465 0.722105
15466 0.951679
15467 0.944216
15468 0.954077
15469 0.942909
15470 0.954837
15471 0.944688
15472 0.948899
15473 0.938334
15474 0.978981
15475 0.944724
15476 0.982291
15477 0.930225
15478 0.957551
15479 0.937457
15480 0.888914
15481 0.983903
15482 0.944164
15483 0.928338
15484 0.934824
15485 0.943904
15486 0.940468
15487 0.923587
15488 0.972641
15489 0.978599
15490 0.955901
15491 0.929487
15492 0.954743
15493 0.922409
15494 0.955357
15495 0.939339
15496 0.960399
15497 0.922649
15498 0.884292
15499 0.96513
15500 0.892302
15501 0.951736
15502 0.954637
15503 0.94838
15504 0.964482
15505 0.904042
15506 0.953982
15507 0.955295
15508 0.955653
15509 0.929039
15510 0.945676
15511 0.895534
15512 0.93657
15513 0.951394
15514 0.721987
15515 0.720117
15516 0.717051
15517 0.71986
15518 0.724409
15519 0.706799
15520 0.754904
15521 0.755165
15522 0.72205
15523 0.720718
15524 0.725072
15525 0.717801
15526 0.676114
15527 0.722859
15528 0.727791
15529 0.899806
15530 0.979337
15531 0.97976
15532 0.951182
15533 0.747394
15534 0.986074
15535 0.984145
15536 0.957408
15537 0.952447
15538 0.953309
15539 0.949339
15540 0.944742
15541 0.97395
15542 0.929386
15543 0.955949
15544 0.976915
15545 0.944395
15546 0.941605
15547 0.948768
15548 0.956363
15549 0.952097
15550 0.942393
15551 0.954149
15552 0.921454
15553 0.915666
15554 0.976309
15555 0.940657
15556 0.923962
15557 0.941028
15558 0.988453
15559 0.93899
15560 0.926614
15561 0.936943
15562 0.942775
15563 0.942125
15564 0.949558
15565 0.922897
15566 0.941012
15567 0.948972
15568 0.876687
15569 0.87311
15570 0.955812
15571 0.929166
15572 0.877477
15573 0.953073
15574 0.952568
15575 0.92243
15576 0.948019
15577 0.955016
15578 0.913335
15579 0.936802
15580 0.937768
15581 0.963624
15582 0.952337
15583 0.958501
15584 0.896915
15585 0.876925
15586 0.93709
15587 0.953574
15588 0.869568
15589 0.955181
15590 0.959228
15591 0.920131
15592 0.960338
15593 0.933062
15594 0.716936
15595 0.721
15596 0.71692
15597 0.718585
15598 0.764039
15599 0.677038
15600 0.726474
15601 0.72654
15602 0.719328
15603 0.719638
15604 0.719277
15605 0.725235
15606 0.719382
15607 0.71772
15608 0.724833
15609 0.898263
15610 0.97952
15611 0.979293
15612 0.951194
15613 0.716556
15614 0.984614
15615 0.984429
15616 0.9398
15617 0.955312
15618 0.951089
15619 0.955374
15620 0.903629
15621 0.944583
15622 0.977371
15623 0.930971
15624 0.954091
15625 0.976567
15626 0.944691
15627 0.94225
15628 0.951012
15629 0.941986
15630 0.954786
15631 0.954945
15632 0.954265
15633 0.951378
15634 0.931849
15635 0.9825
15636 0.945442
15637 0.929859
15638 0.98166
15639 0.945773
15640 0.931755
15641 0.930804
15642 0.955358
15643 0.940348
15644 0.941114
15645 0.954986
15646 0.942922
15647 0.941559
15648 0.940552
15649 0.95468
15650 0.883826
15651 0.929929
15652 0.878986
15653 0.954646
15654 0.951794
15655 0.94044
15656 0.955238
15657 0.942972
15658 0.905246
15659 0.954856
15660 0.886147
15661 0.951938
15662 0.951866
15663 0.897657
15664 0.877738
15665 0.939406
15666 0.956903
15667 0.940418
15668 0.951336
15669 0.954688
15670 0.955768
15671 0.92989
15672 0.955121
15673 0.927981
15674 0.719533
15675 0.719849
15676 0.719544
15677 0.719567
15678 0.727384
15679 0.726586
15680 0.715623
15681 0.715968
15682 0.718277
15683 0.717704
15684 0.68032
15685 0.725024
15686 0.724847
15687 0.716792
15688 0.719298
15689 0.978678
15690 0.979405
15691 0.950926
15692 0.681125
15693 0.969285
15694 0.979238
15695 0.951524
15696 0.954611
15697 0.957411
15698 0.877196
15699 0.93531
15700 0.97515
15701 0.944653
15702 0.984801
15703 0.945007
15704 0.930591
15705 0.952235
15706 0.897703
15707 0.94102
15708 0.949501
15709 0.953543
15710 0.954628
15711 0.941681
15712 0.956008
15713 0.954643
15714 0.935347
15715 0.983828
15716 0.944023
15717 0.936446
15718 0.980028
15719 0.94765
15720 0.921015
15721 0.955811
15722 0.942715
15723 0.931097
15724 0.941724
15725 0.921127
15726 0.934273
15727 0.944831
15728 0.933381
15729 0.939986
15730 0.90914
15731 0.932122
15732 0.903371
15733 0.955771
15734 0.952633
15735 0.955799
15736 0.954318
15737 0.918348
15738 0.874522
15739 0.889643
15740 0.950035
15741 0.934477
15742 0.963791
15743 0.924811
15744 0.897441
15745 0.897019
15746 0.929861
15747 0.9551
15748 0.890754
15749 0.953574
15750 0.978352
15751 0.93985
15752 0.949525
15753 0.942294
15754 0.722029
15755 0.720461
15756 0.718796
15757 0.721754
15758 0.760457
15759 0.728477
15760 0.710948
15761 0.743179
15762 0.722062
15763 0.723352
15764 0.727301
15765 0.677747
15766 0.719617
15767 0.718305
15768 0.726475
15769 0.904806
15770 0.980971
15771 0.982497
15772 0.949278
15773 0.739865
15774 0.979672
15775 0.987039
15776 0.948147
15777 0.938074
15778 0.956455
15779 0.952361
15780 0.943538
15781 0.97579
15782 0.934761
15783 0.956904
15784 0.978467
15785 0.942591
15786 0.954625
15787 0.948195
15788 0.95252
15789 0.940971
15790 0.952983
15791 0.951242
15792 0.927998
15793 0.916382
15794 0.979749
15795 0.938109
15796 0.936979
15797 0.936067
15798 0.984465
15799 0.942615
15800 0.937132
15801 0.938301
15802 0.941832
15803 0.952536
15804 0.938029
15805 0.926689
15806 0.940658
15807 0.957896
15808 0.875352
15809 0.919131
15810 0.955114
15811 0.885394
15812 0.958375
15813 0.95073
15814 0.960968
15815 0.925949
15816 0.936738
15817 0.881515
15818 0.941261
15819 0.942205
15820 0.954018
15821 0.949725
15822 0.95048
15823 0.947898
15824 0.902276
15825 0.91338
15826 0.942567
15827 0.953871
15828 0.896053
15829 0.956627
15830 0.959691
15831 0.931157
15832 0.963088
15833 0.933196
15834 0.71911
15835 0.720604
15836 0.72324
15837 0.72112
15838 0.68787
15839 0.764871
15840 0.70833
15841 0.727672
15842 0.721645
15843 0.721588
15844 0.720996
15845 0.720768
15846 0.724326
15847 0.7263
15848 0.72293
15849 0.901815
15850 0.98165
15851 0.981079
15852 0.949248
15853 0.71428
15854 0.978954
15855 0.977868
15856 0.948559
15857 0.941424
15858 0.954541
15859 0.954827
15860 0.943003
15861 0.978119
15862 0.938792
15863 0.954213
15864 0.976892
15865 0.943322
15866 0.954375
15867 0.948607
15868 0.954495
15869 0.940591
15870 0.95477
15871 0.950685
15872 0.913481
15873 0.932145
15874 0.939376
15875 0.971943
15876 0.942655
15877 0.943027
15878 0.972253
15879 0.945138
15880 0.939413
15881 0.954436
15882 0.943403
15883 0.948351
15884 0.958787
15885 0.946705
15886 0.947259
15887 0.943257
15888 0.954888
15889 0.942254
15890 0.912027
15891 0.909769
15892 0.940571
15893 0.953557
15894 0.954958
15895 0.946277
15896 0.917315
15897 0.938445
15898 0.950135
15899 0.958698
15900 0.934743
15901 0.951119
15902 0.956356
15903 0.949184
15904 0.91473
15905 0.934862
15906 0.956898
15907 0.950188
15908 0.93868
15909 0.944576
15910 0.954543
15911 0.957371
15912 0.902795
15913 0.910171
15914 0.71986
15915 0.72025
15916 0.719927
15917 0.71997
15918 0.707053
15919 0.711175
15920 0.704744
15921 0.717264
15922 0.721334
15923 0.722225
15924 0.711348
15925 0.743079
15926 0.721772
15927 0.722536
15928 0.712758
15929 0.90307
15930 0.9815
15931 0.981194
15932 0.949318
15933 0.74237
15934 0.976813
15935 0.975889
15936 0.950059
15937 0.941325
15938 0.955544
15939 0.955637
15940 0.943068
15941 0.977631
15942 0.939249
15943 0.953523
15944 0.979049
15945 0.943232
15946 0.955381
15947 0.949485
15948 0.953812
15949 0.941121
15950 0.955379
15951 0.948635
15952 0.938979
15953 0.95359
15954 0.968544
15955 0.945676
15956 0.937234
15957 0.939086
15958 0.967514
15959 0.945356
15960 0.936661
15961 0.937631
15962 0.947578
15963 0.952282
15964 0.942307
15965 0.947819
15966 0.936932
15967 0.952893
15968 0.917501
15969 0.914682
15970 0.954073
15971 0.913555
15972 0.954343
15973 0.955892
15974 0.961419
15975 0.931352
15976 0.938166
15977 0.91061
15978 0.937974
15979 0.944061
15980 0.953786
15981 0.952647
15982 0.956062
15983 0.958165
15984 0.902574
15985 0.908868
15986 0.942461
15987 0.929861
15988 0.913622
15989 0.953551
15990 0.952326
15991 0.93953
15992 0.9425
15993 0.961294
15994 0.718488
15995 0.719863
15996 0.718559
15997 0.719732
15998 0.687327
15999 0.682685
16000 0.718771
16001 0.718426
16002 0.72138
16003 0.721052
16004 0.720524
16005 0.720616
16006 0.710038
16007 0.723723
16008 0.723741
16009 0.903406
16010 0.981333
16011 0.98185
16012 0.949414
16013 0.727119
16014 0.979906
16015 0.978255
16016 0.948401
16017 0.939446
16018 0.954755
16019 0.954916
16020 0.943183
16021 0.978137
16022 0.936705
16023 0.954483
16024 0.986862
16025 0.943043
16026 0.954087
16027 0.94897
16028 0.954518
16029 0.941022
16030 0.954303
16031 0.950426
16032 0.911803
16033 0.931783
16034 0.937194
16035 0.973947
16036 0.943349
16037 0.941678
16038 0.98411
16039 0.938626
16040 0.938387
16041 0.954634
16042 0.943149
16043 0.947461
16044 0.957763
16045 0.945763
16046 0.938378
16047 0.94514
16048 0.952591
16049 0.937125
16050 0.908782
16051 0.884561
16052 0.941442
16053 0.952044
16054 0.954905
16055 0.937017
16056 0.893277
16057 0.936484
16058 0.95127
16059 0.953165
16060 0.933211
16061 0.956321
16062 0.956813
16063 0.951468
16064 0.911865
16065 0.936469
16066 0.957983
16067 0.950717
16068 0.935486
16069 0.944316
16070 0.954961
16071 0.956813
16072 0.902541
16073 0.907523
16074 0.721694
16075 0.721286
16076 0.719852
16077 0.72015
16078 0.725097
16079 0.712969
16080 0.708375
16081 0.727132
16082 0.721923
16083 0.722717
16084 0.724418
16085 0.678003
16086 0.723064
16087 0.751446
16088 0.679144
16089 0.726461
16090 0.942436
16091 0.986944
16092 0.987451
16093 0.984864
16094 0.980105
16095 0.931563
16096 0.911766
16097 0.953562
16098 0.951556
16099 0.940667
16100 0.949955
16101 0.954275
16102 0.937209
16103 0.977456
16104 0.949678
16105 0.991364
16106 0.937317
16107 0.953367
16108 0.919205
16109 0.940733
16110 0.933603
16111 0.950772
16112 0.945078
16113 0.914465
16114 0.9771
16115 0.942555
16116 0.948848
16117 0.989112
16118 0.933398
16119 0.953684
16120 0.944107
16121 0.953046
16122 0.925958
16123 0.92595
16124 0.938247
16125 0.918553
16126 0.956689
16127 0.915461
16128 0.94058
16129 0.951296
16130 0.910088
16131 0.944134
16132 0.950884
16133 0.925294
16134 0.904497
16135 0.948697
16136 0.952219
16137 0.911831
16138 0.94434
16139 0.962325
16140 0.943778
16141 0.936622
16142 0.958985
16143 0.959721
16144 0.930053
16145 0.938256
16146 0.954316
16147 0.931989
16148 0.946435
16149 0.944123
16150 0.955154
16151 0.956641
16152 0.918609
16153 0.932217
16154 0.723323
16155 0.725538
16156 0.727518
16157 0.725992
16158 0.755521
16159 0.685076
16160 0.761429
16161 0.732159
16162 0.723874
16163 0.723875
16164 0.724015
16165 0.726128
16166 0.72521
16167 0.682418
16168 0.761404
16169 0.710662
16170 0.942542
16171 0.987191
16172 0.98746
16173 0.987165
16174 0.933276
16175 0.985729
16176 0.951712
16177 0.952859
16178 0.942856
16179 0.950249
16180 0.954057
16181 0.936979
16182 0.980637
16183 0.949764
16184 0.918529
16185 0.98201
16186 0.936993
16187 0.952708
16188 0.942543
16189 0.950692
16190 0.933188
16191 0.940102
16192 0.930636
16193 0.920245
16194 0.981802
16195 0.938506
16196 0.916338
16197 0.910922
16198 0.980695
16199 0.936673
16200 0.937174
16201 0.92614
16202 0.904843
16203 0.961374
16204 0.951951
16205 0.945518
16206 0.92198
16207 0.940697
16208 0.938547
16209 0.94017
16210 0.95116
16211 0.928598
16212 0.934659
16213 0.952103
16214 0.934654
16215 0.950722
16216 0.94652
16217 0.950202
16218 0.945084
16219 0.961664
16220 0.958168
16221 0.944358
16222 0.938436
16223 0.939907
16224 0.933281
16225 0.935108
16226 0.964366
16227 0.953612
16228 0.918955
16229 0.925874
16230 0.946059
16231 0.94791
16232 0.95488
16233 0.953909
16234 0.72499
16235 0.7227
16236 0.724878
16237 0.72494
16238 0.760087
16239 0.678362
16240 0.717485
16241 0.726422
16242 0.72651
16243 0.725638
16244 0.724155
16245 0.676639
16246 0.722813
16247 0.746732
16248 0.745877
16249 0.727486
16250 0.942474
16251 0.986909
16252 0.98776
16253 0.931373
16254 0.984075
16255 0.984221
16256 0.951464
16257 0.95237
16258 0.943125
16259 0.949887
16260 0.954515
16261 0.937309
16262 0.976605
16263 0.949975
16264 0.920986
16265 0.99058
16266 0.936448
16267 0.951154
16268 0.943118
16269 0.951592
16270 0.934505
16271 0.940776
16272 0.91665
16273 0.946982
16274 0.955339
16275 0.976168
16276 0.942769
16277 0.953974
16278 0.984275
16279 0.9341
16280 0.949091
16281 0.951464
16282 0.928438
16283 0.926742
16284 0.933986
16285 0.918573
16286 0.938978
16287 0.929116
16288 0.952385
16289 0.931117
16290 0.933687
16291 0.904211
16292 0.918884
16293 0.953731
16294 0.953442
16295 0.942154
16296 0.906511
16297 0.950215
16298 0.955036
16299 0.956977
16300 0.945775
16301 0.94262
16302 0.954744
16303 0.960439
16304 0.935736
16305 0.939533
16306 0.946398
16307 0.936511
16308 0.948699
16309 0.943025
16310 0.954152
16311 0.953295
16312 0.917937
16313 0.93379
16314 0.723626
16315 0.725772
16316 0.722455
16317 0.723269
16318 0.754366
16319 0.68888
16320 0.690374
16321 0.729604
16322 0.721971
16323 0.722551
16324 0.727539
16325 0.741313
16326 0.72759
16327 0.751378
16328 0.728321
16329 0.679732
16330 0.94256
16331 0.987776
16332 0.986981
16333 0.933531
16334 0.983971
16335 0.99104
16336 0.951083
16337 0.953882
16338 0.942949
16339 0.952134
16340 0.951983
16341 0.936179
16342 0.982715
16343 0.95182
16344 0.918759
16345 0.977108
16346 0.937535
16347 0.952472
16348 0.944088
16349 0.951393
16350 0.93258
16351 0.916945
16352 0.939782
16353 0.925858
16354 0.967962
16355 0.950976
16356 0.944932
16357 0.922348
16358 0.984244
16359 0.933619
16360 0.923814
16361 0.906062
16362 0.932145
16363 0.959319
16364 0.95138
16365 0.952658
16366 0.949969
16367 0.931005
16368 0.921436
16369 0.942671
16370 0.947465
16371 0.921484
16372 0.942922
16373 0.952841
16374 0.928232
16375 0.960695
16376 0.932009
16377 0.94849
16378 0.949031
16379 0.952156
16380 0.949156
16381 0.953133
16382 0.952055
16383 0.937067
16384 0.90472
16385 0.954764
16386 0.942498
16387 0.956748
16388 0.919781
16389 0.93037
16390 0.94709
16391 0.949293
16392 0.952964
16393 0.948637
16394 0.721201
16395 0.721142
16396 0.726906
16397 0.725514
16398 0.692433
16399 0.68349
16400 0.729295
16401 0.751685
16402 0.732098
16403 0.73216
16404 0.730146
16405 0.731778
16406 0.732053
16407 0.731809
16408 0.732048
16409 0.730629
16410 0.73226
16411 0.732373
16412 0.730526
16413 0.731079
16414 0.731996
16415 1
16416 0.999995
16417 0.999999
16418 0.999991
16419 0.999986
16420 0.999992
16421 0.999995
16422 0.99998
16423 0.730547
16424 0.733111
16425 0.730465
16426 0.732003
16427 0.731941
16428 0.73204
16429 0.732323
16430 0.732292
16431 0.733464
16432 0.733941
16433 0.732038
16434 0.73184
16435 0.733556
16436 0.732094
16437 0.73301
16438 0.730739
16439 0.734509
16440 0.73082
16441 0.733769
16442 0.732284
16443 0.731999
16444 0.731533
16445 0.729918
16446 0.733466
16447 0.73198
16448 0.731896
16449 0.732474
16450 0.732029
16451 0.731952
16452 0.732997
16453 0.732388
16454 0.730131
16455 1
16456 0.999991
16457 0.999995
16458 1
16459 0.999987
16460 0.999994
16461 0.999983
16462 0.731989
16463 0.99999
16464 0.732666
16465 0.732439
16466 0.731817
16467 0.732102
16468 0.734166
16469 0.730627
16470 0.732121
16471 0.732568
16472 0.731608
16473 0.732072
16474 0.732197
16475 0.73395
16476 0.731091
16477 0.731675
16478 0.731143
16479 0.731102
16480 0.732698
16481 0.732392
16482 0.732032
16483 0.732142
16484 0.733402
16485 0.733452
16486 0.732054
16487 0.732025
16488 0.731981
16489 0.731886
16490 0.731912
16491 0.731496
16492 0.731843
16493 0.731897
16494 1
16495 1
16496 0.734719
16497 0.999994
16498 0.999996
16499 0.999994
16500 0.999993
16501 0.999995
16502 0.732662
16503 0.999992
16504 0.732534
16505 0.73409
16506 0.73207
16507 0.731959
16508 0.732047
16509 0.730638
16510 0.732077
16511 0.730692
16512 0.732216
16513 0.732181
16514 0.73211
16515 0.729374
16516 0.732249
16517 0.732196
16518 0.732626
16519 0.731192
16520 0.731414
16521 0.730368
16522 0.731869
16523 0.730346
16524 0.73233
16525 0.731855
16526 0.731967
16527 0.732021
16528 0.731747
16529 0.73183
16530 0.731985
16531 0.732153
16532 0.731794
16533 0.732012
16534 1
16535 1
16536 0.730819
16537 0.999993
16538 1
16539 0.999993
16540 0.999992
16541 0.999999
16542 0.999994
16543 0.730863
16544 0.732416
16545 0.731429
16546 0.732232
16547 0.733744
16548 0.732134
16549 0.732247
16550 0.73208
16551 0.732271
16552 0.731771
16553 0.732354
16554 0.732104
16555 0.732296
16556 0.733267
16557 0.732089
16558 0.731864
16559 0.733051
16560 0.731559
16561 0.733049
16562 0.731841
16563 0.733433
16564 0.729909
16565 0.734107
16566 0.731917
16567 0.731802
16568 0.732606
16569 0.732485
16570 0.730045
16571 0.732461
16572 0.730731
16573 0.730743
16574 1
16575 0.999992
16576 0.731426
16577 0.999989
16578 0.99999
16579 0.999964
16580 0.999959
16581 0.999967
16582 0.73187
16583 0.999998
16584 0.730912
16585 0.732243
16586 0.73226
16587 0.730643
16588 0.729978
16589 0.732184
16590 0.732298
16591 0.731598
16592 0.734175
16593 0.731474
16594 0.734035
16595 0.733314
16596 0.732611
16597 0.733311
16598 0.731172
16599 0.731225
16600 0.732231
16601 0.734208
16602 0.732289
16603 0.731707
16604 0.732042
16605 0.730187
16606 0.73023
16607 0.732306
16608 0.73414
16609 0.732261
16610 0.732137
16611 0.732042
16612 0.734123
16613 0.730554
16614 1
16615 0.999991
16616 0.730537
16617 0.999983
16618 0.999999
16619 0.999981
16620 0.999979
16621 0.999991
16622 0.999961
16623 0.73196
16624 0.733431
16625 0.72898
16626 0.731812
16627 0.732395
16628 0.733857
16629 0.733885
16630 0.731795
16631 0.732059
16632 0.731825
16633 0.731964
16634 0.729929
16635 0.733532
16636 0.729946
16637 0.733529
16638 0.730135
16639 0.736193
16640 0.730928
16641 0.732609
16642 0.732091
16643 0.732263
16644 0.733482
16645 0.733765
16646 0.7318
16647 0.731973
16648 0.732077
16649 0.731926
16650 0.730117
16651 0.731898
16652 0.733029
16653 0.732029
16654 0.731871
16655 1
16656 0.999992
16657 1
16658 0.999988
16659 0.999968
16660 0.999983
16661 0.999993
16662 0.731361
16663 0.999982
16664 0.734522
16665 0.731516
16666 0.73201
16667 0.731838
16668 0.730324
16669 0.732301
16670 0.732128
16671 0.730596
16672 0.732161
16673 0.733961
16674 0.732024
16675 0.732174
16676 0.731047
16677 0.732058
16678 0.733828
16679 0.73089
16680 0.731455
16681 0.730852
16682 0.732006
16683 0.733688
16684 0.733352
16685 0.732232
16686 0.734152
16687 0.732182
16688 0.733674
16689 0.732273
16690 0.73201
16691 0.73161
16692 0.734802
16693 0.732096
16694 0.731582
16695 1
16696 0.99999
16697 0.999995
16698 0.999988
16699 0.999981
16700 0.999981
16701 0.999983
16702 0.734246
16703 0.999971
16704 0.732732
16705 0.732359
16706 0.732095
16707 0.730402
16708 0.729931
16709 0.731869
16710 0.731919
16711 0.731811
16712 0.73073
16713 0.730409
16714 0.732079
16715 0.729279
16716 0.732462
16717 0.731962
16718 0.730845
16719 0.731019
16720 0.733179
16721 0.730346
