#Parameters = {D_center=12; L1=19.68; L2=2; L3=2.5; L4=15.5; L_diff=2.83; L_sub=53.66; W_50=1.36; W_sub=53.66; Z_mid=26.83; cm=0.3; ct=12; g_slot=2; h1=2; h2=2; h3=2; h4=2; h_sub=0.8; hole_puncher=0.87365; hole_puncher1=0.9; margin=1.92; needle_radius=0.635; nutrient_solution=0.01; pipe_OD=50; pipe_Ri=8; pipe_Ro=10; r_SRR=24; r_SRR_in=21.6; sigma_fluid=0.5; spacing=0.4; t_PDMS_microstrip=0.35; t_SRR=0.07; t_gnd=0.07; t_metal=0.5; t_microstrip=0.07; t_wall=2; w_channel=2; w_diff=2.83}
#"Frequency / GHz"	"S1,1 [Magnitude / dB]"
#-----------------------------------------
1.0000000000000	-0.0082463095668095
1.0040000000000	-0.0082395686095579
1.0080000000000	-0.0082330585540054
1.0120000000000	-0.0082267807867115
1.0160000000000	-0.0082207367146738
1.0200000000000	-0.0082149277657434
1.0240000000000	-0.0082093553890276
1.0280000000000	-0.0082040210553294
1.0320000000000	-0.0081989262575737
1.0360000000000	-0.0081940725112562
1.0400000000000	-0.0081894613548957
1.0440000000000	-0.0081850943505092
1.0480000000000	-0.0081809730840720
1.0520000000000	-0.0081770991660274
1.0560000000000	-0.0081734742317718
1.0600000000000	-0.0081700999421744
1.0640000000000	-0.0081669779840930
1.0680000000000	-0.0081641100709220
1.0720000000000	-0.0081614979431301
1.0760000000000	-0.0081591433688332
1.0800000000000	-0.0081570481443581
1.0840000000000	-0.0081552140948494
1.0880000000000	-0.0081536430748555
1.0920000000000	-0.0081523369689612
1.0960000000000	-0.0081512976924124
1.1000000000000	-0.0081505271917738
1.1040000000000	-0.0081500274455849
1.1080000000000	-0.0081498004650488
1.1120000000000	-0.0081498482947307
1.1160000000000	-0.0081501730132669
1.1200000000000	-0.0081507767341014
1.1240000000000	-0.0081516616062453
1.1280000000000	-0.0081528298150326
1.1320000000000	-0.0081542835829268
1.1360000000000	-0.0081560251703089
1.1400000000000	-0.0081580568763359
1.1440000000000	-0.0081603810397607
1.1480000000000	-0.0081630000398317
1.1520000000000	-0.0081659162971662
1.1560000000000	-0.0081691322746885
1.1600000000000	-0.0081726504785497
1.1640000000000	-0.0081764734591134
1.1680000000000	-0.0081806038119274
1.1720000000000	-0.0081850441787549
1.1760000000000	-0.0081897972486109
1.1800000000000	-0.0081948657588255
1.1840000000000	-0.0082002524961567
1.1880000000000	-0.0082059602978977
1.1920000000000	-0.0082119920530528
1.1960000000000	-0.0082183507035067
1.2000000000000	-0.0082250392452527
1.2040000000000	-0.0082320607296398
1.2080000000000	-0.0082394182646591
1.2120000000000	-0.0082471150162571
1.2160000000000	-0.0082551542096986
1.2200000000000	-0.0082635391309452
1.2240000000000	-0.0082722731280903
1.2280000000000	-0.0082813596128292
1.2320000000000	-0.0082908020619559
1.2360000000000	-0.0083006040189220
1.2400000000000	-0.0083107690954220
1.2440000000000	-0.0083213009730224
1.2480000000000	-0.0083322034048567
1.2520000000000	-0.0083434802173379
1.2560000000000	-0.0083551353119408
1.2600000000000	-0.0083671726670174
1.2640000000000	-0.0083795963396884
1.2680000000000	-0.0083924104677550
1.2720000000000	-0.0084056192716932
1.2760000000000	-0.0084192270566878
1.2800000000000	-0.0084332382147301
1.2840000000000	-0.0084476572267831
1.2880000000000	-0.0084624886649906
1.2920000000000	-0.0084777371949662
1.2960000000000	-0.0084934075781438
1.3000000000000	-0.0085095046741939
1.3040000000000	-0.0085260334435190
1.3080000000000	-0.0085429989497997
1.3120000000000	-0.0085604063626518
1.3160000000000	-0.0085782609603241
1.3200000000000	-0.0085965681325079
1.3240000000000	-0.0086153333832007
1.3280000000000	-0.0086345623336865
1.3320000000000	-0.0086542607255815
1.3360000000000	-0.0086744344239721
1.3400000000000	-0.0086950894206750
1.3440000000000	-0.0087162318375546
1.3480000000000	-0.0087378679299808
1.3520000000000	-0.0087600040903672
1.3560000000000	-0.0087826468518266
1.3600000000000	-0.0088058028919396
1.3640000000000	-0.0088294790366445
1.3680000000000	-0.0088536822642318
1.3720000000000	-0.0088784197094817
1.3760000000000	-0.0089036986679341
1.3800000000000	-0.0089295266002618
1.3840000000000	-0.0089559111368220
1.3880000000000	-0.0089828600823267
1.3920000000000	-0.0090103814206707
1.3960000000000	-0.0090384833199172
1.4000000000000	-0.0090671741374308
1.4040000000000	-0.0090964624251961
1.4080000000000	-0.0091263569352916
1.4120000000000	-0.0091568666255543
1.4160000000000	-0.0091880006654201
1.4200000000000	-0.0092197684419606
1.4240000000000	-0.0092521795661256
1.4280000000000	-0.0092852438791792
1.4320000000000	-0.0093189714593622
1.4360000000000	-0.0093533726287735
1.4400000000000	-0.0093884579604825
1.4440000000000	-0.0094242382858765
1.4480000000000	-0.0094607247022779
1.4520000000000	-0.0094979285807890
1.4560000000000	-0.0095358615744338
1.4600000000000	-0.0095745356265654
1.4640000000000	-0.0096139629795705
1.4680000000000	-0.0096541561838698
1.4720000000000	-0.0096951281072414
1.4760000000000	-0.0097368919444574
1.4800000000000	-0.0097794612272805
1.4840000000000	-0.0098228498347946
1.4880000000000	-0.0098670720041085
1.4920000000000	-0.0099121423414521
1.4960000000000	-0.0099580758336594
1.5000000000000	-0.010004887860071
1.5040000000000	-0.010052594204863
1.5080000000000	-0.010101211069837
1.5120000000000	-0.010150755087665
1.5160000000000	-0.010201243335622
1.5200000000000	-0.010252693349852
1.5240000000000	-0.010305123140120
1.5280000000000	-0.010358551205151
1.5320000000000	-0.010412996548541
1.5360000000000	-0.010468478695248
1.5400000000000	-0.010525017708720
1.5440000000000	-0.010582634208693
1.5480000000000	-0.010641349389640
1.5520000000000	-0.010701185039957
1.5560000000000	-0.010762163561873
1.5600000000000	-0.010824307992147
1.5640000000000	-0.010887642023574
1.5680000000000	-0.010952190027334
1.5720000000000	-0.011017977076222
1.5760000000000	-0.011085028968810
1.5800000000000	-0.011153372254568
1.5840000000000	-0.011223034260001
1.5880000000000	-0.011294043115832
1.5920000000000	-0.011366427785316
1.5960000000000	-0.011440218093668
1.6000000000000	-0.011515444758739
1.6040000000000	-0.011592139422952
1.6080000000000	-0.011670334686541
1.6120000000000	-0.011750064142218
1.6160000000000	-0.011831362411264
1.6200000000000	-0.011914265181166
1.6240000000000	-0.011998809244844
1.6280000000000	-0.012085032541564
1.6320000000000	-0.012172974199603
1.6360000000000	-0.012262674580767
1.6400000000000	-0.012354175326845
1.6440000000000	-0.012447519408097
1.6480000000000	-0.012542751173872
1.6520000000000	-0.012639916405487
1.6560000000000	-0.012739062371443
1.6600000000000	-0.012840237885130
1.6640000000000	-0.012943493365133
1.6680000000000	-0.013048880898291
1.6720000000000	-0.013156454305603
1.6760000000000	-0.013266269211204
1.6800000000000	-0.013378383114512
1.6840000000000	-0.013492855465736
1.6880000000000	-0.013609747744938
1.6920000000000	-0.013729123544795
1.6960000000000	-0.013851048657321
1.7000000000000	-0.013975591164721
1.7040000000000	-0.014102821534608
1.7080000000000	-0.014232812719843
1.7120000000000	-0.014365640263236
1.7160000000000	-0.014501382407378
1.7200000000000	-0.014640120209914
1.7240000000000	-0.014781937664537
1.7280000000000	-0.014926921828039
1.7320000000000	-0.015075162953786
1.7360000000000	-0.015226754631945
1.7400000000000	-0.015381793936902
1.7440000000000	-0.015540381582262
1.7480000000000	-0.015702622083877
1.7520000000000	-0.015868623931407
1.7560000000000	-0.016038499768893
1.7600000000000	-0.016212366584896
1.7640000000000	-0.016390345912792
1.7680000000000	-0.016572564041822
1.7720000000000	-0.016759152239598
1.7760000000000	-0.016950246986717
1.7800000000000	-0.017145990224303
1.7840000000000	-0.017346529615239
1.7880000000000	-0.017552018820001
1.7920000000000	-0.017762617787994
1.7960000000000	-0.017978493065410
1.8000000000000	-0.018199818120663
1.8040000000000	-0.018426773688588
1.8080000000000	-0.018659548134583
1.8120000000000	-0.018898337840097
1.8160000000000	-0.019143347610816
1.8200000000000	-0.019394791109144
1.8240000000000	-0.019652891312607
1.8280000000000	-0.019917880999972
1.8320000000000	-0.020190003266972
1.8360000000000	-0.020469512073784
1.8400000000000	-0.020756672826389
1.8440000000000	-0.021051762994320
1.8480000000000	-0.021355072767361
1.8520000000000	-0.021666905754015
1.8560000000000	-0.021987579724815
1.8600000000000	-0.022317427403748
1.8640000000000	-0.022656797311393
1.8680000000000	-0.023006054663647
1.8720000000000	-0.023365582330219
1.8760000000000	-0.023735781857508
1.8800000000000	-0.024117074560763
1.8840000000000	-0.024509902690972
1.8880000000000	-0.024914730682310
1.8920000000000	-0.025332046486570
1.8960000000000	-0.025762363001487
1.9000000000000	-0.026206219600610
1.9040000000000	-0.026664183772962
1.9080000000000	-0.027136852881566
1.9120000000000	-0.027624856050716
1.9160000000000	-0.028128856192856
1.9200000000000	-0.028649552186886
1.9240000000000	-0.029187681220943
1.9280000000000	-0.029744021313900
1.9320000000000	-0.030319394031263
1.9360000000000	-0.030914667412681
1.9400000000000	-0.031530759130055
1.9440000000000	-0.032168639897088
1.9480000000000	-0.032829337153341
1.9520000000000	-0.033513939048148
1.9560000000000	-0.034223598752537
1.9600000000000	-0.034959539130141
1.9640000000000	-0.035723057801536
1.9680000000000	-0.036515532640091
1.9720000000000	-0.037338427741657
1.9760000000000	-0.038193299915082
1.9800000000000	-0.039081805745858
1.9840000000000	-0.040005709291127
1.9880000000000	-0.040966890471015
1.9920000000000	-0.041967354228821
1.9960000000000	-0.043009240541151
2.0000000000000	-0.044094835368795
2.0040000000000	-0.045226582650190
2.0080000000000	-0.046407097451682
2.0120000000000	-0.047639180403198
2.0160000000000	-0.048925833563956
2.0200000000000	-0.050270277881470
2.0240000000000	-0.051675972428098
2.0280000000000	-0.053146635623747
2.0320000000000	-0.054686268680932
2.0360000000000	-0.056299181540429
2.0400000000000	-0.057990021602406
2.0440000000000	-0.059763805600337
2.0480000000000	-0.061625955013972
2.0520000000000	-0.063582335474311
2.0560000000000	-0.065639300679476
2.0600000000000	-0.067803741416765
2.0640000000000	-0.070083140375557
2.0680000000000	-0.072485633539831
2.0720000000000	-0.075020079071170
2.0760000000000	-0.077696134736223
2.0800000000000	-0.080524345101103
2.0840000000000	-0.083516239913708
2.0880000000000	-0.086684445329835
2.0920000000000	-0.090042809917142
2.0960000000000	-0.093606547701866
2.1000000000000	-0.097392400917171
2.1040000000000	-0.10141882558318
2.1080000000000	-0.10570620361316
2.1120000000000	-0.11027708581894
2.1160000000000	-0.11515647100708
2.1200000000000	-0.12037212734680
2.1240000000000	-0.12595496339197
2.1280000000000	-0.13193945760154
2.1320000000000	-0.13836415698891
2.1360000000000	-0.14527225772069
2.1400000000000	-0.15271228317812
2.1440000000000	-0.16073887832030
2.1480000000000	-0.16941374330830
2.1520000000000	-0.17880673447389
2.1560000000000	-0.18899716711412
2.1600000000000	-0.20007536261004
2.1640000000000	-0.21214449245233
2.1680000000000	-0.22532278449076
2.1720000000000	-0.23974617286181
2.1760000000000	-0.25557149357610
2.1800000000000	-0.27298035394418
2.1840000000000	-0.29218383755997
2.1880000000000	-0.31342824961971
2.1920000000000	-0.33700216275155
2.1960000000000	-0.36324509489713
2.2000000000000	-0.39255824273717
2.2040000000000	-0.42541781244187
2.2080000000000	-0.46239164107783
2.2120000000000	-0.50415999465473
2.2160000000000	-0.55154167034215
2.2200000000000	-0.60552682616503
2.2240000000000	-0.66731830893293
2.2280000000000	-0.73838362831241
2.2320000000000	-0.82052006699004
2.2360000000000	-0.91593556922386
2.2400000000000	-1.0273476763225
2.2440000000000	-1.1581011809228
2.2480000000000	-1.3123009548193
2.2520000000000	-1.4949468349137
2.2560000000000	-1.7120373232985
2.2600000000000	-1.9705685966144
2.2640000000000	-2.2782783187148
2.2680000000000	-2.6428444433007
2.2720000000000	-3.0700195070991
2.2760000000000	-3.5598730556731
2.2800000000000	-4.1001417055010
2.2840000000000	-4.6564888522076
2.2880000000000	-5.1632610764637
2.2920000000000	-5.5265651880214
2.2960000000000	-5.6556522475707
2.3000000000000	-5.5150959378665
2.3040000000000	-5.1496606354274
2.3080000000000	-4.6523306116448
2.3120000000000	-4.1131424703231
2.3160000000000	-3.5925897651574
2.3200000000000	-3.1213364966488
2.3240000000000	-2.7098354114308
2.3280000000000	-2.3575072692263
2.3320000000000	-2.0587851167791
2.3360000000000	-1.8064645793566
2.3400000000000	-1.5933466157850
2.3440000000000	-1.4129350284647
2.3480000000000	-1.2596546657026
2.3520000000000	-1.1288466068714
2.3560000000000	-1.0166723738621
2.3600000000000	-0.91999138258035
2.3640000000000	-0.83624062327594
2.3680000000000	-0.76332800335890
2.3720000000000	-0.69954244313089
2.3760000000000	-0.64348013047399
2.3800000000000	-0.59398493733389
2.3840000000000	-0.55010066523239
2.3880000000000	-0.51103291360646
2.3920000000000	-0.47611866028681
2.3960000000000	-0.44480197239663
2.4000000000000	-0.41661457091275
2.4040000000000	-0.39116023313333
2.4080000000000	-0.36810223149468
2.4120000000000	-0.34715317882247
2.4160000000000	-0.32806678573998
2.4200000000000	-0.31063114229137
2.4240000000000	-0.29466321885042
2.4280000000000	-0.28000434608322
2.4320000000000	-0.26651648415929
2.4360000000000	-0.25407913075401
2.4400000000000	-0.24258674815475
2.4440000000000	-0.23194661390548
2.4480000000000	-0.22207701839483
2.4520000000000	-0.21290574775966
2.4560000000000	-0.20436880232678
2.4600000000000	-0.19640931023240
2.4640000000000	-0.18897660336963
2.4680000000000	-0.18202542882687
2.4720000000000	-0.17551527381128
2.4760000000000	-0.16940978594765
2.4800000000000	-0.16367627399697
2.4840000000000	-0.15828527660079
2.4880000000000	-0.15321018874608
2.4920000000000	-0.14842693735385
2.4960000000000	-0.14391369879702
2.5000000000000	-0.13965065230827
2.5040000000000	-0.13561976419241
2.5080000000000	-0.13180459854922
2.5120000000000	-0.12819015086974
2.5160000000000	-0.12476270141777
2.5200000000000	-0.12150968576662
2.5240000000000	-0.11841958024593
2.5280000000000	-0.11548180037687
2.5320000000000	-0.11268661064672
2.5360000000000	-0.11002504420479
2.5400000000000	-0.10748883125685
2.5440000000000	-0.10507033510176
2.5480000000000	-0.10276249489531
2.5520000000000	-0.10055877434737
2.5560000000000	-0.098453115661984
2.5600000000000	-0.096439898118396
2.5640000000000	-0.094513900768020
2.5680000000000	-0.092670268787425
2.5720000000000	-0.090904483084630
2.5760000000000	-0.089212332804915
2.5800000000000	-0.087589890424975
2.5840000000000	-0.086033489161229
2.5880000000000	-0.084539702450225
2.5920000000000	-0.083105325287143
2.5960000000000	-0.081727357232917
2.6000000000000	-0.080402986921849
2.6040000000000	-0.079129577920444
2.6080000000000	-0.077904655804574
2.6120000000000	-0.076725896336658
2.6160000000000	-0.075591114637274
2.6200000000000	-0.074498255256776
2.6240000000000	-0.073445383062603
2.6280000000000	-0.072430674866582
2.6320000000000	-0.071452411724420
2.6360000000000	-0.070508971846465
2.6400000000000	-0.069598824064909
2.6440000000000	-0.068720521808103
2.6480000000000	-0.067872697537551
2.6520000000000	-0.067054057607380
2.6560000000000	-0.066263377510072
2.6600000000000	-0.065499497475606
2.6640000000000	-0.064761318394354
2.6680000000000	-0.064047798036739
2.6720000000000	-0.063357947545294
2.6760000000000	-0.062690828176851
2.6800000000000	-0.062045548274715
2.6840000000000	-0.061421260452454
2.6880000000000	-0.060817158972553
2.6920000000000	-0.060232477304661
2.6960000000000	-0.059666485849514
2.7000000000000	-0.059118489815824
2.7040000000000	-0.058587827238439
2.7080000000000	-0.058073867127170
2.7120000000000	-0.057576007736521
2.7160000000000	-0.057093674947359
2.7200000000000	-0.056626320752318
2.7240000000000	-0.056173421837420
2.7280000000000	-0.055734478252982
2.7320000000000	-0.055309012167398
2.7360000000000	-0.054896566698005
2.7400000000000	-0.054496704813563
2.7440000000000	-0.054109008303413
2.7480000000000	-0.053733076808704
2.7520000000000	-0.053368526911455
2.7560000000000	-0.053014991277523
2.7600000000000	-0.052672117849881
2.7640000000000	-0.052339569088820
2.7680000000000	-0.052017021256030
2.7720000000000	-0.051704163739606
2.7760000000000	-0.051400698417415
2.7800000000000	-0.051106339056282
2.7840000000000	-0.050820810744715
2.7880000000000	-0.050543849357087
2.7920000000000	-0.050275201047240
2.7960000000000	-0.050014621769701
2.8000000000000	-0.049761876826817
2.8040000000000	-0.049516740440169
2.8080000000000	-0.049278995344842
2.8120000000000	-0.049048432405107
2.8160000000000	-0.048824850250293
2.8200000000000	-0.048608054929593
2.8240000000000	-0.048397859584706
2.8280000000000	-0.048194084139276
2.8320000000000	-0.047996555004129
2.8360000000000	-0.047805104797401
2.8400000000000	-0.047619572078721
2.8440000000000	-0.047439801096613
2.8480000000000	-0.047265641548394
2.8520000000000	-0.047096948351857
2.8560000000000	-0.046933581428077
2.8600000000000	-0.046775405494742
2.8640000000000	-0.046622289869392
2.8680000000000	-0.046474108282076
2.8720000000000	-0.046330738696862
2.8760000000000	-0.046192063141764
2.8800000000000	-0.046057967546622
2.8840000000000	-0.045928341588490
2.8880000000000	-0.045803078544177
2.8920000000000	-0.045682075149533
2.8960000000000	-0.045565231465135
2.9000000000000	-0.045452450748053
2.9040000000000	-0.045343639329374
2.9080000000000	-0.045238706497178
2.9120000000000	-0.045137564384729
2.9160000000000	-0.045040127863555
2.9200000000000	-0.044946314441241
2.9240000000000	-0.044856044163648
2.9280000000000	-0.044769239521350
2.9320000000000	-0.044685825360117
2.9360000000000	-0.044605728795186
2.9400000000000	-0.044528879129194
2.9440000000000	-0.044455207773543
2.9480000000000	-0.044384648173090
2.9520000000000	-0.044317135733942
2.9560000000000	-0.044252607754263
2.9600000000000	-0.044191003357910
2.9640000000000	-0.044132263430800
2.9680000000000	-0.044076330559835
2.9720000000000	-0.044023148974331
2.9760000000000	-0.043972664489764
2.9800000000000	-0.043924824453795
2.9840000000000	-0.043879577694408
2.9880000000000	-0.043836874470112
2.9920000000000	-0.043796666422101
2.9960000000000	-0.043758906528260
3.0000000000000	-0.043723549058977
3.0040000000000	-0.043690549534652
3.0080000000000	-0.043659864684826
3.0120000000000	-0.043631452408884
3.0160000000000	-0.043605271738240
3.0200000000000	-0.043581282799952
3.0240000000000	-0.043559446781697
3.0280000000000	-0.043539725898055
3.0320000000000	-0.043522083358055
3.0360000000000	-0.043506483333894
3.0400000000000	-0.043492890930826
3.0440000000000	-0.043481272158145
3.0480000000000	-0.043471593901214
3.0520000000000	-0.043463823894514
3.0560000000000	-0.043457930695653
3.0600000000000	-0.043453883660311
3.0640000000000	-0.043451652918070
3.0680000000000	-0.043451209349103
3.0720000000000	-0.043452524561682
3.0760000000000	-0.043455570870475
3.0800000000000	-0.043460321275584
3.0840000000000	-0.043466749442339
3.0880000000000	-0.043474829681764
3.0920000000000	-0.043484536931712
3.0960000000000	-0.043495846738668
3.1000000000000	-0.043508735240136
3.1040000000000	-0.043523179147652
3.1080000000000	-0.043539155730353
3.1120000000000	-0.043556642799087
3.1160000000000	-0.043575618691076
3.1200000000000	-0.043596062255062
3.1240000000000	-0.043617952836956
3.1280000000000	-0.043641270265968
3.1320000000000	-0.043665994841154
3.1360000000000	-0.043692107318442
3.1400000000000	-0.043719588898055
3.1440000000000	-0.043748421212333
3.1480000000000	-0.043778586313968
3.1520000000000	-0.043810066664590
3.1560000000000	-0.043842845123732
3.1600000000000	-0.043876904938131
3.1640000000000	-0.043912229731375
3.1680000000000	-0.043948803493874
3.1720000000000	-0.043986610573127
3.1760000000000	-0.044025635664321
3.1800000000000	-0.044065863801182
3.1840000000000	-0.044107280347146
3.1880000000000	-0.044149870986767
3.1920000000000	-0.044193621717412
3.1960000000000	-0.044238518841184
3.2000000000000	-0.044284548957111
3.2040000000000	-0.044331698953560
3.2080000000000	-0.044379956000871
3.2120000000000	-0.044429307544219
3.2160000000000	-0.044479741296688
3.2200000000000	-0.044531245232544
3.2240000000000	-0.044583807580704
3.2280000000000	-0.044637416818417
3.2320000000000	-0.044692061665088
3.2360000000000	-0.044747731076328
3.2400000000000	-0.044804414238137
3.2440000000000	-0.044862100561280
3.2480000000000	-0.044920779675811
3.2520000000000	-0.044980441425758
3.2560000000000	-0.045041075863954
3.2600000000000	-0.045102673247023
3.2640000000000	-0.045165224030502
3.2680000000000	-0.045228718864089
3.2720000000000	-0.045293148587050
3.2760000000000	-0.045358504223725
3.2800000000000	-0.045424776979178
3.2840000000000	-0.045491958234961
3.2880000000000	-0.045560039544989
3.2920000000000	-0.045629012631535
3.2960000000000	-0.045698869381334
3.3000000000000	-0.045769601841785
3.3040000000000	-0.045841202217262
3.3080000000000	-0.045913662865527
3.3120000000000	-0.045986976294241
3.3160000000000	-0.046061135157539
3.3200000000000	-0.046136132252746
3.3240000000000	-0.046211960517142
3.3280000000000	-0.046288613024818
3.3320000000000	-0.046366082983635
3.3360000000000	-0.046444363732236
3.3400000000000	-0.046523448737153
3.3440000000000	-0.046603331589981
3.3480000000000	-0.046684006004636
3.3520000000000	-0.046765465814662
3.3560000000000	-0.046847704970641
3.3600000000000	-0.046930717537628
3.3640000000000	-0.047014497692685
3.3680000000000	-0.047099039722468
3.3720000000000	-0.047184338020862
3.3760000000000	-0.047270387086694
3.3800000000000	-0.047357181521487
3.3840000000000	-0.047444716027294
3.3880000000000	-0.047532985404549
3.3920000000000	-0.047621984550014
3.3960000000000	-0.047711708454737
3.4000000000000	-0.047802152202096
3.4040000000000	-0.047893310965857
3.4080000000000	-0.047985180008309
3.4120000000000	-0.048077754678429
3.4160000000000	-0.048171030410086
3.4200000000000	-0.048265002720311
3.4240000000000	-0.048359667207581
3.4280000000000	-0.048455019550167
3.4320000000000	-0.048551055504506
3.4360000000000	-0.048647770903624
3.4400000000000	-0.048745161655585
3.4440000000000	-0.048843223741983
3.4480000000000	-0.048941953216473
3.4520000000000	-0.049041346203330
3.4560000000000	-0.049141398896035
3.4600000000000	-0.049242107555927
3.4640000000000	-0.049343468510835
3.4680000000000	-0.049445478153783
3.4720000000000	-0.049548132941709
3.4760000000000	-0.049651429394222
3.4800000000000	-0.049755364092365
3.4840000000000	-0.049859933677440
3.4880000000000	-0.049965134849830
3.4920000000000	-0.050070964367867
3.4960000000000	-0.050177419046711
3.5000000000000	-0.050284495757269
3.5040000000000	-0.050392191425130
3.5080000000000	-0.050500503029519
3.5120000000000	-0.050609427602288
3.5160000000000	-0.050718962226914
3.5200000000000	-0.050829104037537
3.5240000000000	-0.050939850217996
3.5280000000000	-0.051051198000914
3.5320000000000	-0.051163144666770
3.5360000000000	-0.051275687543033
3.5400000000000	-0.051388824003273
3.5440000000000	-0.051502551466318
3.5480000000000	-0.051616867395416
3.5520000000000	-0.051731769297429
3.5560000000000	-0.051847254722027
3.5600000000000	-0.051963321260917
3.5640000000000	-0.052079966547067
3.5680000000000	-0.052197188253970
3.5720000000000	-0.052314984094910
3.5760000000000	-0.052433351822243
3.5800000000000	-0.052552289226700
3.5840000000000	-0.052671794136697
3.5880000000000	-0.052791864417668
3.5920000000000	-0.052912497971406
3.5960000000000	-0.053033692735418
3.6000000000000	-0.053155446682293
3.6040000000000	-0.053277757819091
3.6080000000000	-0.053400624186734
3.6120000000000	-0.053524043859409
3.6160000000000	-0.053648014944001
3.6200000000000	-0.053772535579509
3.6240000000000	-0.053897603936506
3.6280000000000	-0.054023218216579
3.6320000000000	-0.054149376651801
3.6360000000000	-0.054276077504212
3.6400000000000	-0.054403319065301
3.6440000000000	-0.054531099655497
3.6480000000000	-0.054659417623697
3.6520000000000	-0.054788271346757
3.6560000000000	-0.054917659229039
3.6600000000000	-0.055047579701942
3.6640000000000	-0.055178031223437
3.6680000000000	-0.055309012277641
3.6720000000000	-0.055440521374363
3.6760000000000	-0.055572557048681
3.6800000000000	-0.055705117860530
3.6840000000000	-0.055838202394277
3.6880000000000	-0.055971809258328
3.6920000000000	-0.056105937084723
3.6960000000000	-0.056240584528761
3.7000000000000	-0.056375750268603
3.7040000000000	-0.056511433004913
3.7080000000000	-0.056647631460478
3.7120000000000	-0.056784344379864
3.7160000000000	-0.056921570529049
3.7200000000000	-0.057059308695087
3.7240000000000	-0.057197557685764
3.7280000000000	-0.057336316329268
3.7320000000000	-0.057475583473859
3.7360000000000	-0.057615357987551
3.7400000000000	-0.057755638757797
3.7440000000000	-0.057896424691183
3.7480000000000	-0.058037714713116
3.7520000000000	-0.058179507767539
3.7560000000000	-0.058321802816631
3.7600000000000	-0.058464598840522
3.7640000000000	-0.058607894837014
3.7680000000000	-0.058751689821304
3.7720000000000	-0.058895982825711
3.7760000000000	-0.059040772899415
3.7800000000000	-0.059186059108187
3.7840000000000	-0.059331840534144
3.7880000000000	-0.059478116275486
3.7920000000000	-0.059624885446259
3.7960000000000	-0.059772147176103
3.8000000000000	-0.059919900610022
3.8040000000000	-0.060068144908137
3.8080000000000	-0.060216879245473
3.8120000000000	-0.060366102811720
3.8160000000000	-0.060515814811017
3.8200000000000	-0.060666014461730
3.8240000000000	-0.060816700996242
3.8280000000000	-0.060967873660739
3.8320000000000	-0.061119531715004
3.8360000000000	-0.061271674432218
3.8400000000000	-0.061424301098755
3.8440000000000	-0.061577411013985
3.8480000000000	-0.061731003490089
3.8520000000000	-0.061885077851861
3.8560000000000	-0.062039633436526
3.8600000000000	-0.062194669593556
3.8640000000000	-0.062350185684492
3.8680000000000	-0.062506181082765
3.8720000000000	-0.062662655173523
3.8760000000000	-0.062819607353462
3.8800000000000	-0.062977037030649
3.8840000000000	-0.063134943624377
3.8880000000000	-0.063293326564978
3.8920000000000	-0.063452185293683
3.8960000000000	-0.063611519262451
3.9000000000000	-0.063771327933828
3.9040000000000	-0.063931610780784
3.9080000000000	-0.064092367286568
3.9120000000000	-0.064253596944565
3.9160000000000	-0.064415299258150
3.9200000000000	-0.064577473740535
3.9240000000000	-0.064740119914649
3.9280000000000	-0.064903237312987
3.9320000000000	-0.065066825477480
3.9360000000000	-0.065230883959354
3.9400000000000	-0.065395412319017
3.9440000000000	-0.065560410125909
3.9480000000000	-0.065725876958398
3.9520000000000	-0.065891812403632
3.9560000000000	-0.066058216057437
3.9600000000000	-0.066225087524181
3.9640000000000	-0.066392426416669
3.9680000000000	-0.066560232356015
3.9720000000000	-0.066728504971534
3.9760000000000	-0.066897243900627
3.9800000000000	-0.067066448788670
3.9840000000000	-0.067236119288903
3.9880000000000	-0.067406255062327
3.9920000000000	-0.067576855777594
3.9960000000000	-0.067747921110900
4.0000000000000	-0.067919450745888
4.0040000000000	-0.068091444373549
4.0080000000000	-0.068263901692111
4.0120000000000	-0.068436822406954
4.0160000000000	-0.068610206230505
4.0200000000000	-0.068784052882148
4.0240000000000	-0.068958362088126
4.0280000000000	-0.069133133581455
4.0320000000000	-0.069308367101826
4.0360000000000	-0.069484062395521
4.0400000000000	-0.069660219215321
4.0440000000000	-0.069836837320429
4.0480000000000	-0.070013916476371
4.0520000000000	-0.070191456454921
4.0560000000000	-0.070369457034017
4.0600000000000	-0.070547917997675
4.0640000000000	-0.070726839135920
4.0680000000000	-0.070906220244687
4.0720000000000	-0.071086061125771
4.0760000000000	-0.071266361586723
4.0800000000000	-0.071447121440788
4.0840000000000	-0.071628340506834
4.0880000000000	-0.071810018609267
4.0920000000000	-0.071992155577971
4.0960000000000	-0.072174751248225
4.1000000000000	-0.072357805460648
4.1040000000000	-0.072541318061107
4.1080000000000	-0.072725288900677
4.1120000000000	-0.072909717835547
4.1160000000000	-0.073094604726977
4.1200000000000	-0.073279949441214
4.1240000000000	-0.073465751849440
4.1280000000000	-0.073652011827701
4.1320000000000	-0.073838729256855
4.1360000000000	-0.074025904022495
4.1400000000000	-0.074213536014899
4.1440000000000	-0.074401625128975
4.1480000000000	-0.074590171264185
4.1520000000000	-0.074779174324507
4.1560000000000	-0.074968634218356
4.1600000000000	-0.075158550858551
4.1640000000000	-0.075348924162238
4.1680000000000	-0.075539754050850
4.1720000000000	-0.075731040450048
4.1760000000000	-0.075922783289662
4.1800000000000	-0.076114982503650
4.1840000000000	-0.076307638030034
4.1880000000000	-0.076500749810858
4.1920000000000	-0.076694317792131
4.1960000000000	-0.076888341923782
4.2000000000000	-0.077082822159608
4.2040000000000	-0.077277758457228
4.2080000000000	-0.077473150778031
4.2120000000000	-0.077668999087134
4.2160000000000	-0.077865303353331
4.2200000000000	-0.078062063549050
4.2240000000000	-0.078259279650310
4.2280000000000	-0.078456951636668
4.2320000000000	-0.078655079491186
4.2360000000000	-0.078853663200377
4.2400000000000	-0.079052702754169
4.2440000000000	-0.079252198145860
4.2480000000000	-0.079452149372079
4.2520000000000	-0.079652556432741
4.2560000000000	-0.079853419331010
4.2600000000000	-0.080054738073254
4.2640000000000	-0.080256512669011
4.2680000000000	-0.080458743130949
4.2720000000000	-0.080661429474821
4.2760000000000	-0.080864571719437
4.2800000000000	-0.081068169886618
4.2840000000000	-0.081272224001166
4.2880000000000	-0.081476734090819
4.2920000000000	-0.081681700186219
4.2960000000000	-0.081887122320890
4.3000000000000	-0.082093000531169
4.3040000000000	-0.082299334856210
4.3080000000000	-0.082506125337925
4.3120000000000	-0.082713372020952
4.3160000000000	-0.082921074952636
4.3200000000000	-0.083129234182980
4.3240000000000	-0.083337849764622
4.3280000000000	-0.083546921752800
4.3320000000000	-0.083756450205318
4.3360000000000	-0.083966435182519
4.3400000000000	-0.084176876747246
4.3440000000000	-0.084387774964828
4.3480000000000	-0.084599129903029
4.3520000000000	-0.084810941632035
4.3560000000000	-0.085023210224409
4.3600000000000	-0.085235935755079
4.3640000000000	-0.085449118301299
4.3680000000000	-0.085662757942619
4.3720000000000	-0.085876854760864
4.3760000000000	-0.086091408840099
4.3800000000000	-0.086306420266607
4.3840000000000	-0.086521889128862
4.3880000000000	-0.086737815517500
4.3920000000000	-0.086954199525290
4.3960000000000	-0.087171041247115
4.4000000000000	-0.087388340779940
4.4040000000000	-0.087606098222789
4.4080000000000	-0.087824313676719
4.4120000000000	-0.088042987244797
4.4160000000000	-0.088262119032075
4.4200000000000	-0.088481709145563
4.4240000000000	-0.088701757694210
4.4280000000000	-0.088922264788871
4.4320000000000	-0.089143230542299
4.4360000000000	-0.089364655069105
4.4400000000000	-0.089586538485747
4.4440000000000	-0.089808880910500
4.4480000000000	-0.090031682463440
4.4520000000000	-0.090254943266419
4.4560000000000	-0.090478663443038
4.4600000000000	-0.090702843118636
4.4640000000000	-0.090927482420262
4.4680000000000	-0.091152581476650
4.4720000000000	-0.091378140418208
4.4760000000000	-0.091604159376991
4.4800000000000	-0.091830638486683
4.4840000000000	-0.092057577882573
4.4880000000000	-0.092284977701540
4.4920000000000	-0.092512838082029
4.4960000000000	-0.092741159164038
4.5000000000000	-0.092969941089089
4.5040000000000	-0.093199184000219
4.5080000000000	-0.093428888041951
4.5120000000000	-0.093659053360287
4.5160000000000	-0.093889680102680
4.5200000000000	-0.094120768418016
4.5240000000000	-0.094352318456607
4.5280000000000	-0.094584330370154
4.5320000000000	-0.094816804311753
4.5360000000000	-0.095049740435854
4.5400000000000	-0.095283138898264
4.5440000000000	-0.095516999856116
4.5480000000000	-0.095751323467854
4.5520000000000	-0.095986109893224
4.5560000000000	-0.096221359293248
4.5600000000000	-0.096457071830217
4.5640000000000	-0.096693247667669
4.5680000000000	-0.096929886970367
4.5720000000000	-0.097166989904300
4.5760000000000	-0.097404556636649
4.5800000000000	-0.097642587335786
4.5840000000000	-0.097881082171248
4.5880000000000	-0.098120041313728
4.5920000000000	-0.098359464935057
4.5960000000000	-0.098599353208192
4.6000000000000	-0.098839706307197
4.6040000000000	-0.099080524407232
4.6080000000000	-0.099321807684538
4.6120000000000	-0.099563556316422
4.6160000000000	-0.099805770481239
4.6200000000000	-0.10004845035839
4.6240000000000	-0.10029159612829
4.6280000000000	-0.10053520797237
4.6320000000000	-0.10077928607307
4.6360000000000	-0.10102383061377
4.6400000000000	-0.10126884177888
4.6440000000000	-0.10151431975372
4.6480000000000	-0.10176026472458
4.6520000000000	-0.10200667687866
4.6560000000000	-0.10225355640409
4.6600000000000	-0.10250090348991
4.6640000000000	-0.10274871832604
4.6680000000000	-0.10299700110328
4.6720000000000	-0.10324575201332
4.6760000000000	-0.10349497124868
4.6800000000000	-0.10374465900272
4.6840000000000	-0.10399481546967
4.6880000000000	-0.10424544084453
4.6920000000000	-0.10449653532313
4.6960000000000	-0.10474809910211
4.7000000000000	-0.10500013237888
4.7040000000000	-0.10525263535162
4.7080000000000	-0.10550560821928
4.7120000000000	-0.10575905118155
4.7160000000000	-0.10601296443887
4.7200000000000	-0.10626734819240
4.7240000000000	-0.10652220264403
4.7280000000000	-0.10677752799634
4.7320000000000	-0.10703332445263
4.7360000000000	-0.10728959221685
4.7400000000000	-0.10754633149366
4.7440000000000	-0.10780354248836
4.7480000000000	-0.10806122540692
4.7520000000000	-0.10831938045595
4.7560000000000	-0.10857800784267
4.7600000000000	-0.10883710777497
4.7640000000000	-0.10909668046131
4.7680000000000	-0.10935672611078
4.7720000000000	-0.10961724493306
4.7760000000000	-0.10987823713839
4.7800000000000	-0.11013970293762
4.7840000000000	-0.11040164254215
4.7880000000000	-0.11066405616393
4.7920000000000	-0.11092694401546
4.7960000000000	-0.11119030630978
4.8000000000000	-0.11145414326045
4.8040000000000	-0.11171845508156
4.8080000000000	-0.11198324198769
4.8120000000000	-0.11224850419395
4.8160000000000	-0.11251424191591
4.8200000000000	-0.11278045536965
4.8240000000000	-0.11304714477170
4.8280000000000	-0.11331431033907
4.8320000000000	-0.11358195228922
4.8360000000000	-0.11385007084005
4.8400000000000	-0.11411866620993
4.8440000000000	-0.11438773861763
4.8480000000000	-0.11465728828235
4.8520000000000	-0.11492731542371
4.8560000000000	-0.11519782026174
4.8600000000000	-0.11546880301684
4.8640000000000	-0.11574026390984
4.8680000000000	-0.11601220316192
4.8720000000000	-0.11628462099466
4.8760000000000	-0.11655751762997
4.8800000000000	-0.11683089329016
4.8840000000000	-0.11710474819786
4.8880000000000	-0.11737908257606
4.8920000000000	-0.11765389664806
4.8960000000000	-0.11792919063752
4.9000000000000	-0.11820496476841
4.9040000000000	-0.11848121926498
4.9080000000000	-0.11875795435183
4.9120000000000	-0.11903517025384
4.9160000000000	-0.11931286719616
4.9200000000000	-0.11959104540425
4.9240000000000	-0.11986970510385
4.9280000000000	-0.12014884652093
4.9320000000000	-0.12042846988176
4.9360000000000	-0.12070857541284
4.9400000000000	-0.12098916334093
4.9440000000000	-0.12127023389304
4.9480000000000	-0.12155178729637
4.9520000000000	-0.12183382377840
4.9560000000000	-0.12211634356680
4.9600000000000	-0.12239934688945
4.9640000000000	-0.12268283397446
4.9680000000000	-0.12296680505010
4.9720000000000	-0.12325126034487
4.9760000000000	-0.12353620008744
4.9800000000000	-0.12382162450666
4.9840000000000	-0.12410753383155
4.9880000000000	-0.12439392829131
4.9920000000000	-0.12468080811529
4.9960000000000	-0.12496817353298
5.0000000000000	-0.12525602477405
#Parameters = {D_center=12; L1=16; L2=2; L3=2; L4=15; L_diff=2.83; L_sub=45.66; W_50=1.36; W_sub=45.66; Z_mid=22.83; cm=0.3; ct=12; g_slot=0.8; h1=2; h2=2; h3=2; h4=2; h_sub=0.4; hole_puncher=0.87365; hole_puncher1=0.9; margin=1.6; needle_radius=0.635; nutrient_solution=0.01; pipe_OD=50; pipe_Ri=8; pipe_Ro=10; r_SRR=20; r_SRR_in=17.6; sigma_fluid=0.5; spacing=0.4; t_PDMS_microstrip=0.35; t_SRR=0.07; t_gnd=0.07; t_metal=0.5; t_microstrip=0.07; t_wall=2; w_channel=2; w_diff=2.83}
#"Frequency / GHz"	"S1,1 (1) [Magnitude / dB]"
#---------------------------------------------
1.0000000000000	-0.0066669175517334
1.0040000000000	-0.0067181652465513
1.0080000000000	-0.0067694330829682
1.0120000000000	-0.0068207209934354
1.0160000000000	-0.0068720289094349
1.0200000000000	-0.0069233567614553
1.0240000000000	-0.0069747044789729
1.0280000000000	-0.0070260719904388
1.0320000000000	-0.0070774592232523
1.0360000000000	-0.0071288661037389
1.0400000000000	-0.0071802925571377
1.0440000000000	-0.0072317385075695
1.0480000000000	-0.0072832038780222
1.0520000000000	-0.0073346885903289
1.0560000000000	-0.0073861925651413
1.0600000000000	-0.0074377157219079
1.0640000000000	-0.0074892579788486
1.0680000000000	-0.0075408192529345
1.0720000000000	-0.0075923994598619
1.0760000000000	-0.0076439985140229
1.0800000000000	-0.0076956163284868
1.0840000000000	-0.0077472528149644
1.0880000000000	-0.0077989078837894
1.0920000000000	-0.0078505814438862
1.0960000000000	-0.0079022734027457
1.1000000000000	-0.0079539836663933
1.1040000000000	-0.0080057121393585
1.1080000000000	-0.0080574587246480
1.1120000000000	-0.0081092233237126
1.1160000000000	-0.0081610058364215
1.1200000000000	-0.0082128061610210
1.1240000000000	-0.0082646241941058
1.1280000000000	-0.0083164598305969
1.1320000000000	-0.0083683129636797
1.1360000000000	-0.0084201834848052
1.1400000000000	-0.0084720712836238
1.1440000000000	-0.0085239762479608
1.1480000000000	-0.0085758982637876
1.1520000000000	-0.0086278372151684
1.1560000000000	-0.0086797929842264
1.1600000000000	-0.0087317654511129
1.1640000000000	-0.0087837544939541
1.1680000000000	-0.0088357599888183
1.1720000000000	-0.0088877818096626
1.1760000000000	-0.0089398198283088
1.1800000000000	-0.0089918739143787
1.1840000000000	-0.0090439439352609
1.1880000000000	-0.0090960297560573
1.1920000000000	-0.0091481312395417
1.1960000000000	-0.0092002482461084
1.2000000000000	-0.0092523806337230
1.2040000000000	-0.0093045282578711
1.2080000000000	-0.0093566909715025
1.2120000000000	-0.0094088686249908
1.2160000000000	-0.0094610610660679
1.2200000000000	-0.0095132681397684
1.2240000000000	-0.0095654896883741
1.2280000000000	-0.0096177255513662
1.2320000000000	-0.0096699755653500
1.2360000000000	-0.0097222395640038
1.2400000000000	-0.0097745173780128
1.2440000000000	-0.0098268088350127
1.2480000000000	-0.0098791137595105
1.2520000000000	-0.0099314319728322
1.2560000000000	-0.0099837632930527
1.2600000000000	-0.010036107534912
1.2640000000000	-0.010088464509763
1.2680000000000	-0.010140834025485
1.2720000000000	-0.010193215886419
1.2760000000000	-0.010245609893276
1.2800000000000	-0.010298015843086
1.2840000000000	-0.010350433529083
1.2880000000000	-0.010402862740653
1.2920000000000	-0.010455303263231
1.2960000000000	-0.010507754878231
1.3000000000000	-0.010560217362936
1.3040000000000	-0.010612690490432
1.3080000000000	-0.010665174029504
1.3120000000000	-0.010717667744541
1.3160000000000	-0.010770171395445
1.3200000000000	-0.010822684737519
1.3240000000000	-0.010875207521389
1.3280000000000	-0.010927739492873
1.3320000000000	-0.010980280392903
1.3360000000000	-0.011032829957390
1.3400000000000	-0.011085387917129
1.3440000000000	-0.011137953997688
1.3480000000000	-0.011190527919267
1.3520000000000	-0.011243109396612
1.3560000000000	-0.011295698138865
1.3600000000000	-0.011348293849457
1.3640000000000	-0.011400896225965
1.3680000000000	-0.011453504959993
1.3720000000000	-0.011506119737023
1.3760000000000	-0.011558740236293
1.3800000000000	-0.011611366130648
1.3840000000000	-0.011663997086382
1.3880000000000	-0.011716632763116
1.3920000000000	-0.011769272813616
1.3960000000000	-0.011821916883667
1.4000000000000	-0.011874564611886
1.4040000000000	-0.011927215629573
1.4080000000000	-0.011979869560544
1.4120000000000	-0.012032526020945
1.4160000000000	-0.012085184619091
1.4200000000000	-0.012137844955270
1.4240000000000	-0.012190506621581
1.4280000000000	-0.012243169201709
1.4320000000000	-0.012295832270759
1.4360000000000	-0.012348495395050
1.4400000000000	-0.012401158131890
1.4440000000000	-0.012453820029398
1.4480000000000	-0.012506480626259
1.4520000000000	-0.012559139451522
1.4560000000000	-0.012611796024368
1.4600000000000	-0.012664449853861
1.4640000000000	-0.012717100438745
1.4680000000000	-0.012769747267157
1.4720000000000	-0.012822389816416
1.4760000000000	-0.012875027552728
1.4800000000000	-0.012927659930951
1.4840000000000	-0.012980286394311
1.4880000000000	-0.013032906374124
1.4920000000000	-0.013085519289513
1.4960000000000	-0.013138124547115
1.5000000000000	-0.013190721540778
1.5040000000000	-0.013243309651253
1.5080000000000	-0.013295888245888
1.5120000000000	-0.013348456678293
1.5160000000000	-0.013401014287994
1.5200000000000	-0.013453560400125
1.5240000000000	-0.013506094325046
1.5280000000000	-0.013558615358001
1.5320000000000	-0.013611122778736
1.5360000000000	-0.013663615851133
1.5400000000000	-0.013716093822807
1.5440000000000	-0.013768555924714
1.5480000000000	-0.013821001370737
1.5520000000000	-0.013873429357266
1.5560000000000	-0.013925839062762
1.5600000000000	-0.013978229647332
1.5640000000000	-0.014030600252230
1.5680000000000	-0.014082949999442
1.5720000000000	-0.014135277991148
1.5760000000000	-0.014187583309288
1.5800000000000	-0.014239865015006
1.5840000000000	-0.014292122148153
1.5880000000000	-0.014344353726743
1.5920000000000	-0.014396558746412
1.5960000000000	-0.014448736179849
1.6000000000000	-0.014500884976195
1.6040000000000	-0.014553004060500
1.6080000000000	-0.014605092333060
1.6120000000000	-0.014657148668806
1.6160000000000	-0.014709171916669
1.6200000000000	-0.014761160898900
1.6240000000000	-0.014813114410403
1.6280000000000	-0.014865031218022
1.6320000000000	-0.014916910059831
1.6360000000000	-0.014968749644399
1.6400000000000	-0.015020548650008
1.6440000000000	-0.015072305723913
1.6480000000000	-0.015124019481487
1.6520000000000	-0.015175688505463
1.6560000000000	-0.015227311345021
1.6600000000000	-0.015278886514970
1.6640000000000	-0.015330412494834
1.6680000000000	-0.015381887727921
1.6720000000000	-0.015433310620413
1.6760000000000	-0.015484679540362
1.6800000000000	-0.015535992816718
1.6840000000000	-0.015587248738306
1.6880000000000	-0.015638445552740
1.6920000000000	-0.015689581465405
1.6960000000000	-0.015740654638273
1.7000000000000	-0.015791663188829
1.7040000000000	-0.015842605188850
1.7080000000000	-0.015893478663230
1.7120000000000	-0.015944281588725
1.7160000000000	-0.015995011892688
1.7200000000000	-0.016045667451761
1.7240000000000	-0.016096246090534
1.7280000000000	-0.016146745580164
1.7320000000000	-0.016197163636950
1.7360000000000	-0.016247497920893
1.7400000000000	-0.016297746034179
1.7440000000000	-0.016347905519667
1.7480000000000	-0.016397973859278
1.7520000000000	-0.016447948472414
1.7560000000000	-0.016497826714252
1.7600000000000	-0.016547605874058
1.7640000000000	-0.016597283173416
1.7680000000000	-0.016646855764448
1.7720000000000	-0.016696320727916
1.7760000000000	-0.016745675071380
1.7800000000000	-0.016794915727183
1.7840000000000	-0.016844039550495
1.7880000000000	-0.016893043317227
1.7920000000000	-0.016941923721934
1.7960000000000	-0.016990677375640
1.8000000000000	-0.017039300803615
1.8040000000000	-0.017087790443097
1.8080000000000	-0.017136142640959
1.8120000000000	-0.017184353651282
1.8160000000000	-0.017232419632941
1.8200000000000	-0.017280336647033
1.8240000000000	-0.017328100654330
1.8280000000000	-0.017375707512609
1.8320000000000	-0.017423152973942
1.8360000000000	-0.017470432681919
1.8400000000000	-0.017517542168800
1.8440000000000	-0.017564476852606
1.8480000000000	-0.017611232034113
1.8520000000000	-0.017657802893836
1.8560000000000	-0.017704184488879
1.8600000000000	-0.017750371749761
1.8640000000000	-0.017796359477144
1.8680000000000	-0.017842142338504
1.8720000000000	-0.017887714864738
1.8760000000000	-0.017933071446676
1.8800000000000	-0.017978206331553
1.8840000000000	-0.018023113619375
1.8880000000000	-0.018067787259269
1.8920000000000	-0.018112221045707
1.8960000000000	-0.018156408614699
1.9000000000000	-0.018200343439915
1.9040000000000	-0.018244018828731
1.9080000000000	-0.018287427918226
1.9120000000000	-0.018330563671128
1.9160000000000	-0.018373418871667
1.9200000000000	-0.018415986121431
1.9240000000000	-0.018458257835111
1.9280000000000	-0.018500226236266
1.9320000000000	-0.018541883352998
1.9360000000000	-0.018583221013609
1.9400000000000	-0.018624230842242
1.9440000000000	-0.018664904254498
1.9480000000000	-0.018705232453017
1.9520000000000	-0.018745206423101
1.9560000000000	-0.018784816928292
1.9600000000000	-0.018824054506003
1.9640000000000	-0.018862909463159
1.9680000000000	-0.018901371871888
1.9720000000000	-0.018939431565269
1.9760000000000	-0.018977078133144
1.9800000000000	-0.019014300918019
1.9840000000000	-0.019051089011078
1.9880000000000	-0.019087431248321
1.9920000000000	-0.019123316206843
1.9960000000000	-0.019158732201317
2.0000000000000	-0.019193667280628
2.0040000000000	-0.019228109224793
2.0080000000000	-0.019262045542084
2.0120000000000	-0.019295463466496
2.0160000000000	-0.019328349955502
2.0200000000000	-0.019360691688213
2.0240000000000	-0.019392475063926
2.0280000000000	-0.019423686201135
2.0320000000000	-0.019454310937061
2.0360000000000	-0.019484334827721
2.0400000000000	-0.019513743148647
2.0440000000000	-0.019542520896241
2.0480000000000	-0.019570652789920
2.0520000000000	-0.019598123275049
2.0560000000000	-0.019624916526787
2.0600000000000	-0.019651016454867
2.0640000000000	-0.019676406709502
2.0680000000000	-0.019701070688384
2.0720000000000	-0.019724991544965
2.0760000000000	-0.019748152198104
2.0800000000000	-0.019770535343150
2.0840000000000	-0.019792123464655
2.0880000000000	-0.019812898850773
2.0920000000000	-0.019832843609517
2.0960000000000	-0.019851939687020
2.1000000000000	-0.019870168887913
2.1040000000000	-0.019887512898022
2.1080000000000	-0.019903953309511
2.1120000000000	-0.019919471648677
2.1160000000000	-0.019934049406547
2.1200000000000	-0.019947668072497
2.1240000000000	-0.019960309171086
2.1280000000000	-0.019971954302278
2.1320000000000	-0.019982585185307
2.1360000000000	-0.019992183706404
2.1400000000000	-0.020000731970570
2.1440000000000	-0.020008212357681
2.1480000000000	-0.020014607583121
2.1520000000000	-0.020019900763226
2.1560000000000	-0.020024075485740
2.1600000000000	-0.020027115885560
2.1640000000000	-0.020029006725991
2.1680000000000	-0.020029733485787
2.1720000000000	-0.020029282452158
2.1760000000000	-0.020027640820036
2.1800000000000	-0.020024796797759
2.1840000000000	-0.020020739719411
2.1880000000000	-0.020015460163979
2.1920000000000	-0.020008950081504
2.1960000000000	-0.020001202926345
2.2000000000000	-0.019992213797648
2.2040000000000	-0.019981979587088
2.2080000000000	-0.019970499133921
2.2120000000000	-0.019957773387230
2.2160000000000	-0.019943805575353
2.2200000000000	-0.019928601382281
2.2240000000000	-0.019912169130773
2.2280000000000	-0.019894519971890
2.2320000000000	-0.019875668080507
2.2360000000000	-0.019855630856277
2.2400000000000	-0.019834429129426
2.2440000000000	-0.019812087370603
2.2480000000000	-0.019788633903916
2.2520000000000	-0.019764101122115
2.2560000000000	-0.019738525702733
2.2600000000000	-0.019711948823895
2.2640000000000	-0.019684416378253
2.2680000000000	-0.019655979183450
2.2720000000000	-0.019626693187223
2.2760000000000	-0.019596619665188
2.2800000000000	-0.019565825409132
2.2840000000000	-0.019534382903454
2.2880000000000	-0.019502370487339
2.2920000000000	-0.019469872499899
2.2960000000000	-0.019436979405653
2.3000000000000	-0.019403787897351
2.3040000000000	-0.019370400973220
2.3080000000000	-0.019336927985622
2.3120000000000	-0.019303484657988
2.3160000000000	-0.019270193067053
2.3200000000000	-0.019237181587387
2.3240000000000	-0.019204584795290
2.3280000000000	-0.019172543329395
2.3320000000000	-0.019141203705430
2.3360000000000	-0.019110718082907
2.3400000000000	-0.019081243981866
2.3440000000000	-0.019052943948189
2.3480000000000	-0.019025985166473
2.3520000000000	-0.019000539019922
2.3560000000000	-0.018976780597495
2.3600000000000	-0.018954888148936
2.3640000000000	-0.018935042489222
2.3680000000000	-0.018917426354550
2.3720000000000	-0.018902223712929
2.3760000000000	-0.018889619032905
2.3800000000000	-0.018879796515112
2.3840000000000	-0.018872939291785
2.3880000000000	-0.018869228600325
2.3920000000000	-0.018868842937470
2.3960000000000	-0.018871957201492
2.4000000000000	-0.018878741830203
2.4040000000000	-0.018889361942987
2.4080000000000	-0.018903976495496
2.4120000000000	-0.018922737455778
2.4160000000000	-0.018945789010632
2.4200000000000	-0.018973266810920
2.4240000000000	-0.019005297264426
2.4280000000000	-0.019041996884100
2.4320000000000	-0.019083471699614
2.4360000000000	-0.019129816738705
2.4400000000000	-0.019181115584641
2.4440000000000	-0.019237440014824
2.4480000000000	-0.019298849724650
2.4520000000000	-0.019365392139646
2.4560000000000	-0.019437102317781
2.4600000000000	-0.019514002942561
2.4640000000000	-0.019596104406474
2.4680000000000	-0.019683404983126
2.4720000000000	-0.019775891085295
2.4760000000000	-0.019873537604999
2.4800000000000	-0.019976308330976
2.4840000000000	-0.020084156437779
2.4880000000000	-0.020197025040156
2.4920000000000	-0.020314847805871
2.4960000000000	-0.020437549619239
2.5000000000000	-0.020565047288001
2.5040000000000	-0.020697250285135
2.5080000000000	-0.020834061517973
2.5120000000000	-0.020975378116476
2.5160000000000	-0.021121092232961
2.5200000000000	-0.021271091845951
2.5240000000000	-0.021425261560956
2.5280000000000	-0.021583483401882
2.5320000000000	-0.021745637586781
2.5360000000000	-0.021911603282882
2.5400000000000	-0.022081259335863
2.5440000000000	-0.022254484969505
2.5480000000000	-0.022431160452144
2.5520000000000	-0.022611167727249
2.5560000000000	-0.022794391005994
2.5600000000000	-0.022980717320329
2.5640000000000	-0.023170037035576
2.5680000000000	-0.023362244322325
2.5720000000000	-0.023557237587639
2.5760000000000	-0.023754919866226
2.5800000000000	-0.023955199172577
2.5840000000000	-0.024157988815376
2.5880000000000	-0.024363207675898
2.5920000000000	-0.024570780452253
2.5960000000000	-0.024780637871625
2.6000000000000	-0.024992716872746
2.6040000000000	-0.025206960761063
2.6080000000000	-0.025423319339043
2.6120000000000	-0.025641749014127
2.6160000000000	-0.025862212886991
2.6200000000000	-0.026084680822584
2.6240000000000	-0.026309129506492
2.6280000000000	-0.026535542489160
2.6320000000000	-0.026763910220386
2.6360000000000	-0.026994230076416
2.6400000000000	-0.027226506382009
2.6440000000000	-0.027460750429597
2.6480000000000	-0.027696980497767
2.6520000000000	-0.027935221871044
2.6560000000000	-0.028175506862910
2.6600000000000	-0.028417874844080
2.6640000000000	-0.028662372277749
2.6680000000000	-0.028909052763546
2.6720000000000	-0.029157977092025
2.6760000000000	-0.029409213311205
2.6800000000000	-0.029662836806878
2.6840000000000	-0.029918930398244
2.6880000000000	-0.030177584450458
2.6920000000000	-0.030438897005668
2.6960000000000	-0.030702973934192
2.7000000000000	-0.030969929107367
2.7040000000000	-0.031239884593868
2.7080000000000	-0.031512970881085
2.7120000000000	-0.031789327123549
2.7160000000000	-0.032069101420057
2.7200000000000	-0.032352451121788
2.7240000000000	-0.032639543173316
2.7280000000000	-0.032930554488971
2.7320000000000	-0.033225672366943
2.7360000000000	-0.033525094943817
2.7400000000000	-0.033829031692440
2.7440000000000	-0.034137703966251
2.7480000000000	-0.034451345593532
2.7520000000000	-0.034770203525331
2.7560000000000	-0.035094538541112
2.7600000000000	-0.035424626016740
2.7640000000000	-0.035760756759638
2.7680000000000	-0.036103237916678
2.7720000000000	-0.036452393960715
2.7760000000000	-0.036808567762410
2.7800000000000	-0.037172121754673
2.7840000000000	-0.037543439197761
2.7880000000000	-0.037922925553975
2.7920000000000	-0.038311009981833
2.7960000000000	-0.038708146960667
2.8000000000000	-0.039114818057860
2.8040000000000	-0.039531533852138
2.8080000000000	-0.039958836028014
2.8120000000000	-0.040397299658079
2.8160000000000	-0.040847535691754
2.8200000000000	-0.041310193671353
2.8240000000000	-0.041785964698643
2.8280000000000	-0.042275584677922
2.8320000000000	-0.042779837864740
2.8360000000000	-0.043299560752903
2.8400000000000	-0.043835646336473
2.8440000000000	-0.044389048788013
2.8480000000000	-0.044960788599592
2.8520000000000	-0.045551958238981
2.8560000000000	-0.046163728380352
2.8600000000000	-0.046797354776550
2.8640000000000	-0.047454185849030
2.8680000000000	-0.048135671081857
2.8720000000000	-0.048843370318108
2.8760000000000	-0.049578964070687
2.8800000000000	-0.050344264975604
2.8840000000000	-0.051141230534111
2.8880000000000	-0.051971977311634
2.8920000000000	-0.052838796786437
2.8960000000000	-0.053744173070122
2.9000000000000	-0.054690802756371
2.9040000000000	-0.055681617194332
2.9080000000000	-0.056719807530439
2.9120000000000	-0.057808852918075
2.9160000000000	-0.058952552360455
2.9200000000000	-0.060155060730358
2.9240000000000	-0.061420929603328
2.9280000000000	-0.062755153652140
2.9320000000000	-0.064163223483227
2.9360000000000	-0.065651185955547
2.9400000000000	-0.067225713214791
2.9440000000000	-0.068894181908686
2.9480000000000	-0.070664764331546
2.9520000000000	-0.072546533590410
2.9560000000000	-0.074549585305954
2.9600000000000	-0.076685178877997
2.9640000000000	-0.078965901982602
2.9680000000000	-0.081405862756591
2.9720000000000	-0.084020915106698
2.9760000000000	-0.086828923807109
2.9800000000000	-0.089850077589427
2.9840000000000	-0.093107260373817
2.9880000000000	-0.096626493257878
2.9920000000000	-0.10043746302942
2.9960000000000	-0.10457415701224
3.0000000000000	-0.10907562927539
3.0040000000000	-0.11398693002290
3.0080000000000	-0.11936023886011
3.0120000000000	-0.12525625433188
3.0160000000000	-0.13174590765507
3.0200000000000	-0.13891248933385
3.0240000000000	-0.14685430534332
3.0280000000000	-0.15568801763128
3.0320000000000	-0.16555287589790
3.0360000000000	-0.17661611989164
3.0400000000000	-0.18907993249229
3.0440000000000	-0.20319046651301
3.0480000000000	-0.21924967172894
3.0520000000000	-0.23763094233203
3.0560000000000	-0.25880003352166
3.0600000000000	-0.28334332840042
3.0640000000000	-0.31200648072308
3.0680000000000	-0.34574788534197
3.0720000000000	-0.38581360554774
3.0760000000000	-0.43384374129681
3.0800000000000	-0.49202542437829
3.0840000000000	-0.56331570109183
3.0880000000000	-0.65176997919798
3.0920000000000	-0.76303023115645
3.0960000000000	-0.90505259906424
3.1000000000000	-1.0891813851729
3.1040000000000	-1.3316771299578
3.1080000000000	-1.6556707138886
3.1120000000000	-2.0928710652272
3.1160000000000	-2.6820531560592
3.1200000000000	-3.4543952529258
3.1240000000000	-4.3801159839518
3.1280000000000	-5.2483350550752
3.1320000000000	-5.6116051017615
3.1360000000000	-5.1955086455394
3.1400000000000	-4.3075457348284
3.1440000000000	-3.3859209151363
3.1480000000000	-2.6249101846703
3.1520000000000	-2.0468474211164
3.1560000000000	-1.6186674918703
3.1600000000000	-1.3015989497172
3.1640000000000	-1.0643679951111
3.1680000000000	-0.88427581580801
3.1720000000000	-0.74539811259358
3.1760000000000	-0.63663367952174
3.1800000000000	-0.55019825274436
3.1840000000000	-0.48057119799201
3.1880000000000	-0.42378344175649
3.1920000000000	-0.37694011789079
3.1960000000000	-0.33789950934761
3.2000000000000	-0.30505517135740
3.2040000000000	-0.27718634261429
3.2080000000000	-0.25335391622933
3.2120000000000	-0.23282713725901
3.2160000000000	-0.21503127515997
3.2200000000000	-0.19950979531728
3.2240000000000	-0.18589667973227
3.2280000000000	-0.17389593972834
3.2320000000000	-0.16326628591636
3.2360000000000	-0.15380953856252
3.2400000000000	-0.14536178027345
3.2440000000000	-0.13778654002419
3.2480000000000	-0.13096949662949
3.2520000000000	-0.12481432930989
3.2560000000000	-0.11923944186323
3.2600000000000	-0.11417535769545
3.2640000000000	-0.10956263407948
3.2680000000000	-0.10535018128622
3.2720000000000	-0.10149389965398
3.2760000000000	-0.097955568008024
3.2800000000000	-0.094701932056089
3.2840000000000	-0.091703952852475
3.2880000000000	-0.088936184126395
3.2920000000000	-0.086376253924101
3.2960000000000	-0.084004431133622
3.3000000000000	-0.081803261425859
3.3040000000000	-0.079757260234604
3.3080000000000	-0.077852652818743
3.3120000000000	-0.076077153357297
3.3160000000000	-0.074419776539320
3.3200000000000	-0.072870676313630
3.3240000000000	-0.071421007426516
3.3280000000000	-0.070062806149367
3.3320000000000	-0.068788887223444
3.3360000000000	-0.067592754555937
3.3400000000000	-0.066468523614421
3.3440000000000	-0.065410853804549
3.3480000000000	-0.064414889392987
3.3520000000000	-0.063476207765962
3.3560000000000	-0.062590774002825
3.3600000000000	-0.061754900900574
3.3640000000000	-0.060965213715886
3.3680000000000	-0.060218619000201
3.3720000000000	-0.059512276994642
3.3760000000000	-0.058843577128385
3.3800000000000	-0.058210116228748
3.3840000000000	-0.057609679105881
3.3880000000000	-0.057040221221416
3.3920000000000	-0.056499853189665
3.3960000000000	-0.055986826893573
3.4000000000000	-0.055499523026306
3.4040000000000	-0.055036439893833
3.4080000000000	-0.054596183334919
3.4120000000000	-0.054177457633107
3.4160000000000	-0.053779057310813
3.4200000000000	-0.053399859709125
3.4240000000000	-0.053038818268682
3.4280000000000	-0.052694956436952
3.4320000000000	-0.052367362136232
3.4360000000000	-0.052055182734170
3.4400000000000	-0.051757620465398
3.4440000000000	-0.051473928258681
3.4480000000000	-0.051203405929103
3.4520000000000	-0.050945396699282
3.4560000000000	-0.050699284017564
3.4600000000000	-0.050464488644600
3.4640000000000	-0.050240465982797
3.4680000000000	-0.050026703625754
3.4720000000000	-0.049822719107310
3.4760000000000	-0.049628057831781
3.4800000000000	-0.049442291168997
3.4840000000000	-0.049265014699275
3.4880000000000	-0.049095846595028
3.4920000000000	-0.048934426127015
3.4960000000000	-0.048780412284374
3.5000000000000	-0.048633482498645
3.5040000000000	-0.048493331462953
3.5080000000000	-0.048359670038319
3.5120000000000	-0.048232224239850
3.5160000000000	-0.048110734296207
3.5200000000000	-0.047994953776363
3.5240000000000	-0.047884648778228
3.5280000000000	-0.047779597174159
3.5320000000000	-0.047679587908886
3.5360000000000	-0.047584420345702
3.5400000000000	-0.047493903657186
3.5440000000000	-0.047407856257019
3.5480000000000	-0.047326105269776
3.5520000000000	-0.047248486035797
3.5560000000000	-0.047174841648543
3.5600000000000	-0.047105022522001
3.5640000000000	-0.047038885985945
3.5680000000000	-0.046976295907008
3.5720000000000	-0.046917122333758
3.5760000000000	-0.046861241163938
3.5800000000000	-0.046808533832461
3.5840000000000	-0.046758887018555
3.5880000000000	-0.046712192370829
3.5920000000000	-0.046668346248942
3.5960000000000	-0.046627249480802
3.6000000000000	-0.046588807134214
3.6040000000000	-0.046552928301965
3.6080000000000	-0.046519525899540
3.6120000000000	-0.046488516474536
3.6160000000000	-0.046459820027072
3.6200000000000	-0.046433359840434
3.6240000000000	-0.046409062321334
3.6280000000000	-0.046386856849130
3.6320000000000	-0.046366675633465
3.6360000000000	-0.046348453579764
3.6400000000000	-0.046332128162129
3.6440000000000	-0.046317639303152
3.6480000000000	-0.046304929260216
3.6520000000000	-0.046293942517908
3.6560000000000	-0.046284625686150
3.6600000000000	-0.046276927403720
3.6640000000000	-0.046270798246816
3.6680000000000	-0.046266190642402
3.6720000000000	-0.046263058786024
3.6760000000000	-0.046261358563832
3.6800000000000	-0.046261047478596
3.6840000000000	-0.046262084579431
3.6880000000000	-0.046264430395088
3.6920000000000	-0.046268046870550
3.6960000000000	-0.046272897306761
3.7000000000000	-0.046278946303338
3.7040000000000	-0.046286159704064
3.7080000000000	-0.046294504545036
3.7120000000000	-0.046303949005298
3.7160000000000	-0.046314462359851
3.7200000000000	-0.046326014934880
3.7240000000000	-0.046338578065109
3.7280000000000	-0.046352124053140
3.7320000000000	-0.046366626130704
3.7360000000000	-0.046382058421689
3.7400000000000	-0.046398395906880
3.7440000000000	-0.046415614390302
3.7480000000000	-0.046433690467093
3.7520000000000	-0.046452601492826
3.7560000000000	-0.046472325554209
3.7600000000000	-0.046492841441085
3.7640000000000	-0.046514128619672
3.7680000000000	-0.046536167206990
3.7720000000000	-0.046558937946376
3.7760000000000	-0.046582422184114
3.7800000000000	-0.046606601847017
3.7840000000000	-0.046631459421011
3.7880000000000	-0.046656977930623
3.7920000000000	-0.046683140919325
3.7960000000000	-0.046709932430726
3.8000000000000	-0.046737336990538
3.8040000000000	-0.046765339589302
3.8080000000000	-0.046793925665829
3.8120000000000	-0.046823081091312
3.8160000000000	-0.046852792154104
3.8200000000000	-0.046883045545108
3.8240000000000	-0.046913828343745
3.8280000000000	-0.046945128004525
3.8320000000000	-0.046976932344115
3.8360000000000	-0.047009229528931
3.8400000000000	-0.047042008063247
3.8440000000000	-0.047075256777733
3.8480000000000	-0.047108964818479
3.8520000000000	-0.047143121636411
3.8560000000000	-0.047177716977150
3.8600000000000	-0.047212740871232
3.8640000000000	-0.047248183624725
3.8680000000000	-0.047284035810194
3.8720000000000	-0.047320288258003
3.8760000000000	-0.047356932047959
3.8800000000000	-0.047393958501251
3.8840000000000	-0.047431359172713
3.8880000000000	-0.047469125843348
3.8920000000000	-0.047507250513147
3.8960000000000	-0.047545725394166
3.9000000000000	-0.047584542903854
3.9040000000000	-0.047623695658621
3.9080000000000	-0.047663176467652
3.9120000000000	-0.047702978326927
3.9160000000000	-0.047743094413456
3.9200000000000	-0.047783518079746
3.9240000000000	-0.047824242848417
3.9280000000000	-0.047865262407058
3.9320000000000	-0.047906570603227
3.9360000000000	-0.047948161439638
3.9400000000000	-0.047990029069526
3.9440000000000	-0.048032167792151
3.9480000000000	-0.048074572048475
3.9520000000000	-0.048117236416978
3.9560000000000	-0.048160155609617
3.9600000000000	-0.048203324467927
3.9640000000000	-0.048246737959251
3.9680000000000	-0.048290391173091
3.9720000000000	-0.048334279317590
3.9760000000000	-0.048378397716133
3.9800000000000	-0.048422741804044
3.9840000000000	-0.048467307125408
3.9880000000000	-0.048512089329996
3.9920000000000	-0.048557084170282
3.9960000000000	-0.048602287498568
4.0000000000000	-0.048647695264189
4.0040000000000	-0.048693303510821
4.0080000000000	-0.048739108373868
4.0120000000000	-0.048785106077931
4.0160000000000	-0.048831292934370
4.0200000000000	-0.048877665338922
4.0240000000000	-0.048924219769419
4.0280000000000	-0.048970952783555
4.0320000000000	-0.049017861016738
4.0360000000000	-0.049064941179999
4.0400000000000	-0.049112190057980
4.0440000000000	-0.049159604506963
4.0480000000000	-0.049207181452979
4.0520000000000	-0.049254917889962
4.0560000000000	-0.049302810877973
4.0600000000000	-0.049350857541455
4.0640000000000	-0.049399055067570
4.0680000000000	-0.049447400704558
4.0720000000000	-0.049495891760170
4.0760000000000	-0.049544525600129
4.0800000000000	-0.049593299646642
4.0840000000000	-0.049642211376963
4.0880000000000	-0.049691258321988
4.0920000000000	-0.049740438064902
4.0960000000000	-0.049789748239856
4.1000000000000	-0.049839186530686
4.1040000000000	-0.049888750669673
4.1080000000000	-0.049938438436332
4.1120000000000	-0.049988247656239
4.1160000000000	-0.050038176199897
4.1200000000000	-0.050088221981622
4.1240000000000	-0.050138382958470
4.1280000000000	-0.050188657129199
4.1320000000000	-0.050239042533249
4.1360000000000	-0.050289537249744
4.1400000000000	-0.050340139396555
4.1440000000000	-0.050390847129348
4.1480000000000	-0.050441658640690
4.1520000000000	-0.050492572159159
4.1560000000000	-0.050543585948501
4.1600000000000	-0.050594698306775
4.1640000000000	-0.050645907565555
4.1680000000000	-0.050697212089147
4.1720000000000	-0.050748610273809
4.1760000000000	-0.050800100547009
4.1800000000000	-0.050851681366705
4.1840000000000	-0.050903351220632
4.1880000000000	-0.050955108625609
4.1920000000000	-0.051006952126878
4.1960000000000	-0.051058880297460
4.2000000000000	-0.051110891737492
4.2040000000000	-0.051162985073640
4.2080000000000	-0.051215158958479
4.2120000000000	-0.051267412069912
4.2160000000000	-0.051319743110604
4.2200000000000	-0.051372150807419
4.2240000000000	-0.051424633910879
4.2280000000000	-0.051477191194648
4.2320000000000	-0.051529821455000
4.2360000000000	-0.051582523510331
4.2400000000000	-0.051635296200670
4.2440000000000	-0.051688138387197
4.2480000000000	-0.051741048951789
4.2520000000000	-0.051794026796560
4.2560000000000	-0.051847070843421
4.2600000000000	-0.051900180033662
4.2640000000000	-0.051953353327517
4.2680000000000	-0.052006589703764
4.2720000000000	-0.052059888159331
4.2760000000000	-0.052113247708897
4.2800000000000	-0.052166667384531
4.2840000000000	-0.052220146235301
4.2880000000000	-0.052273683326928
4.2920000000000	-0.052327277741429
4.2960000000000	-0.052380928576784
4.3000000000000	-0.052434634946586
4.3040000000000	-0.052488395979723
4.3080000000000	-0.052542210820058
4.3120000000000	-0.052596078626123
4.3160000000000	-0.052649998570806
4.3200000000000	-0.052703969841065
4.3240000000000	-0.052757991637626
4.3280000000000	-0.052812063174714
4.3320000000000	-0.052866183679773
4.3360000000000	-0.052920352393190
4.3400000000000	-0.052974568568038
4.3440000000000	-0.053028831469822
4.3480000000000	-0.053083140376227
4.3520000000000	-0.053137494576860
4.3560000000000	-0.053191893373037
4.3600000000000	-0.053246336077523
4.3640000000000	-0.053300822014316
4.3680000000000	-0.053355350518429
4.3720000000000	-0.053409920935661
4.3760000000000	-0.053464532622389
4.3800000000000	-0.053519184945362
4.3840000000000	-0.053573877281491
4.3880000000000	-0.053628609017659
4.3920000000000	-0.053683379550519
4.3960000000000	-0.053738188286311
4.4000000000000	-0.053793034640667
4.4040000000000	-0.053847918038441
4.4080000000000	-0.053902837913520
4.4120000000000	-0.053957793708658
4.4160000000000	-0.054012784875303
4.4200000000000	-0.054067810873436
4.4240000000000	-0.054122871171399
4.4280000000000	-0.054177965245747
4.4320000000000	-0.054233092581082
4.4360000000000	-0.054288252669910
4.4400000000000	-0.054343445012493
4.4440000000000	-0.054398669116693
4.4480000000000	-0.054453924497841
4.4520000000000	-0.054509210678592
4.4560000000000	-0.054564527188788
4.4600000000000	-0.054619873565325
4.4640000000000	-0.054675249352037
4.4680000000000	-0.054730654099537
4.4720000000000	-0.054786087365128
4.4760000000000	-0.054841548712653
4.4800000000000	-0.054897037712389
4.4840000000000	-0.054952553940927
4.4880000000000	-0.055008096981057
4.4920000000000	-0.055063666421656
4.4960000000000	-0.055119261857574
4.5000000000000	-0.055174882889536
4.5040000000000	-0.055230529124026
4.5080000000000	-0.055286200173191
4.5120000000000	-0.055341895654735
4.5160000000000	-0.055397615191821
4.5200000000000	-0.055453358412984
4.5240000000000	-0.055509124952012
4.5280000000000	-0.055564914447882
4.5320000000000	-0.055620726544647
4.5360000000000	-0.055676560891361
4.5400000000000	-0.055732417141972
4.5440000000000	-0.055788294955264
4.5480000000000	-0.055844193994752
4.5520000000000	-0.055900113928603
4.5560000000000	-0.055956054429565
4.5600000000000	-0.056012015174875
4.5640000000000	-0.056067995846191
4.5680000000000	-0.056123996129508
4.5720000000000	-0.056180015715097
4.5760000000000	-0.056236054297414
4.5800000000000	-0.056292111575044
4.5840000000000	-0.056348187250621
4.5880000000000	-0.056404281030763
4.5920000000000	-0.056460392626008
4.5960000000000	-0.056516521750742
4.6000000000000	-0.056572668123133
4.6040000000000	-0.056628831465077
4.6080000000000	-0.056685011502124
4.6120000000000	-0.056741207963430
4.6160000000000	-0.056797420581682
4.6200000000000	-0.056853649093047
4.6240000000000	-0.056909893237120
4.6280000000000	-0.056966152756860
4.6320000000000	-0.057022427398531
4.6360000000000	-0.057078716911660
4.6400000000000	-0.057135021048967
4.6440000000000	-0.057191339566332
4.6480000000000	-0.057247672222730
4.6520000000000	-0.057304018780177
4.6560000000000	-0.057360379003699
4.6600000000000	-0.057416752661266
4.6640000000000	-0.057473139523749
4.6680000000000	-0.057529539364879
4.6720000000000	-0.057585951961196
4.6760000000000	-0.057642377092000
4.6800000000000	-0.057698814539316
4.6840000000000	-0.057755264087848
4.6880000000000	-0.057811725524929
4.6920000000000	-0.057868198640490
4.6960000000000	-0.057924683227011
4.7000000000000	-0.057981179079482
4.7040000000000	-0.058037685995369
4.7080000000000	-0.058094203774570
4.7120000000000	-0.058150732219374
4.7160000000000	-0.058207271134435
4.7200000000000	-0.058263820326719
4.7240000000000	-0.058320379605484
4.7280000000000	-0.058376948782235
4.7320000000000	-0.058433527670689
4.7360000000000	-0.058490116086748
4.7400000000000	-0.058546713848457
4.7440000000000	-0.058603320775971
4.7480000000000	-0.058659936691539
4.7520000000000	-0.058716561419445
4.7560000000000	-0.058773194786001
4.7600000000000	-0.058829836619503
4.7640000000000	-0.058886486750205
4.7680000000000	-0.058943145010285
4.7720000000000	-0.058999811233825
4.7760000000000	-0.059056485256780
4.7800000000000	-0.059113166916937
4.7840000000000	-0.059169856053901
4.7880000000000	-0.059226552509068
4.7920000000000	-0.059283256125590
4.7960000000000	-0.059339966748359
4.8000000000000	-0.059396684223967
4.8040000000000	-0.059453408400698
4.8080000000000	-0.059510139128487
4.8120000000000	-0.059566876258908
4.8160000000000	-0.059623619645144
4.8200000000000	-0.059680369141959
4.8240000000000	-0.059737124605687
4.8280000000000	-0.059793885894201
4.8320000000000	-0.059850652866888
4.8360000000000	-0.059907425384633
4.8400000000000	-0.059964203309795
4.8440000000000	-0.060020986506186
4.8480000000000	-0.060077774839047
4.8520000000000	-0.060134568175035
4.8560000000000	-0.060191366382191
4.8600000000000	-0.060248169329933
4.8640000000000	-0.060304976889032
4.8680000000000	-0.060361788931580
4.8720000000000	-0.060418605330993
4.8760000000000	-0.060475425961976
4.8800000000000	-0.060532250700513
4.8840000000000	-0.060589079423843
4.8880000000000	-0.060645912010449
4.8920000000000	-0.060702748340032
4.8960000000000	-0.060759588293502
4.9000000000000	-0.060816431752957
4.9040000000000	-0.060873278601668
4.9080000000000	-0.060930128724060
4.9120000000000	-0.060986982005699
4.9160000000000	-0.061043838333275
4.9200000000000	-0.061100697594589
4.9240000000000	-0.061157559678526
4.9280000000000	-0.061214424475062
4.9320000000000	-0.061271291875223
4.9360000000000	-0.061328161771096
4.9400000000000	-0.061385034055793
4.9440000000000	-0.061441908623450
4.9480000000000	-0.061498785369211
4.9520000000000	-0.061555664189209
4.9560000000000	-0.061612544980558
4.9600000000000	-0.061669427641336
4.9640000000000	-0.061726312070577
4.9680000000000	-0.061783198168254
4.9720000000000	-0.061840085835265
4.9760000000000	-0.061896974973430
4.9800000000000	-0.061953865485458
4.9840000000000	-0.062010757274964
4.9880000000000	-0.062067650246435
4.9920000000000	-0.062124544305223
4.9960000000000	-0.062181439357539
5.0000000000000	-0.062238335310436
#Parameters = {D_center=12; L1=20; L2=2; L3=2; L4=15; L_diff=2.83; L_sub=45.66; W_50=1.36; W_sub=45.66; Z_mid=22.83; cm=0.3; ct=12; g_slot=0.8; h1=2; h2=2; h3=2; h4=2; h_sub=0.4; hole_puncher=0.87365; hole_puncher1=0.9; margin=1.6; needle_radius=0.635; nutrient_solution=0.01; pipe_OD=50; pipe_Ri=8; pipe_Ro=10; r_SRR=20; r_SRR_in=17.6; sigma_fluid=0.5; spacing=0.4; t_PDMS_microstrip=0.35; t_SRR=0.07; t_gnd=0.07; t_metal=0.5; t_microstrip=0.07; t_wall=2; w_channel=2; w_diff=2.83}
#"Frequency / GHz"	"S1,1 (2) [Magnitude / dB]"
#---------------------------------------------
1.0000000000000	-0.0066536843601751
1.0040000000000	-0.0066874638601551
1.0080000000000	-0.0067213039856103
1.0120000000000	-0.0067552047990494
1.0160000000000	-0.0067891663640277
1.0200000000000	-0.0068231887451546
1.0240000000000	-0.0068572720081120
1.0280000000000	-0.0068914162196787
1.0320000000000	-0.0069256214477486
1.0360000000000	-0.0069598877613449
1.0400000000000	-0.0069942152306390
1.0440000000000	-0.0070286039269860
1.0480000000000	-0.0070630539229264
1.0520000000000	-0.0070975652922156
1.0560000000000	-0.0071321381098468
1.0600000000000	-0.0071667724520739
1.0640000000000	-0.0072014683964229
1.0680000000000	-0.0072362260217336
1.0720000000000	-0.0072710454081611
1.0760000000000	-0.0073059266372221
1.0800000000000	-0.0073408697917976
1.0840000000000	-0.0073758749561707
1.0880000000000	-0.0074109422160548
1.0920000000000	-0.0074460716586048
1.0960000000000	-0.0074812633724582
1.1000000000000	-0.0075165174477530
1.1040000000000	-0.0075518339761522
1.1080000000000	-0.0075872130508909
1.1120000000000	-0.0076226547667755
1.1160000000000	-0.0076581592202407
1.1200000000000	-0.0076937265093561
1.1240000000000	-0.0077293567338731
1.1280000000000	-0.0077650499952549
1.1320000000000	-0.0078008063966881
1.1360000000000	-0.0078366260431441
1.1400000000000	-0.0078725090413915
1.1440000000000	-0.0079084555000342
1.1480000000000	-0.0079444655295508
1.1520000000000	-0.0079805392423273
1.1560000000000	-0.0080166767526856
1.1600000000000	-0.0080528781769304
1.1640000000000	-0.0080891436333832
1.1680000000000	-0.0081254732424162
1.1720000000000	-0.0081618671264997
1.1760000000000	-0.0081983254102326
1.1800000000000	-0.0082348482203884
1.1840000000000	-0.0082714356859545
1.1880000000000	-0.0083080879381768
1.1920000000000	-0.0083448051106030
1.1960000000000	-0.0083815873391253
1.2000000000000	-0.0084184347620231
1.2040000000000	-0.0084553475200213
1.2080000000000	-0.0084923257563192
1.2120000000000	-0.0085293696166546
1.2160000000000	-0.0085664792493427
1.2200000000000	-0.0086036548053371
1.2240000000000	-0.0086408964382731
1.2280000000000	-0.0086782043045200
1.2320000000000	-0.0087155785632448
1.2360000000000	-0.0087530193764529
1.2400000000000	-0.0087905269090615
1.2440000000000	-0.0088281013289452
1.2480000000000	-0.0088657428069966
1.2520000000000	-0.0089034515171911
1.2560000000000	-0.0089412276366511
1.2600000000000	-0.0089790713456975
1.2640000000000	-0.0090169828279269
1.2680000000000	-0.0090549622702716
1.2720000000000	-0.0090930098630699
1.2760000000000	-0.0091311258001354
1.2800000000000	-0.0091693102788267
1.2840000000000	-0.0092075635001244
1.2880000000000	-0.0092458856686992
1.2920000000000	-0.0092842769929910
1.2960000000000	-0.0093227376852871
1.3000000000000	-0.0093612679618074
1.3040000000000	-0.0093998680427776
1.3080000000000	-0.0094385381525186
1.3120000000000	-0.0094772785195311
1.3160000000000	-0.0095160893765829
1.3200000000000	-0.0095549709608003
1.3240000000000	-0.0095939235137588
1.3280000000000	-0.0096329472815816
1.3320000000000	-0.0096720425150306
1.3360000000000	-0.0097112094696107
1.3400000000000	-0.0097504484056733
1.3440000000000	-0.0097897595885100
1.3480000000000	-0.0098291432884753
1.3520000000000	-0.0098685997810817
1.3560000000000	-0.0099081293471188
1.3600000000000	-0.0099477322727742
1.3640000000000	-0.0099874088497378
1.3680000000000	-0.010027159375339
1.3720000000000	-0.010066984152654
1.3760000000000	-0.010106883490651
1.3800000000000	-0.010146857704305
1.3840000000000	-0.010186907114744
1.3880000000000	-0.010227032049376
1.3920000000000	-0.010267232842043
1.3960000000000	-0.010307509833153
1.4000000000000	-0.010347863369835
1.4040000000000	-0.010388293806098
1.4080000000000	-0.010428801502969
1.4120000000000	-0.010469386828671
1.4160000000000	-0.010510050158783
1.4200000000000	-0.010550791876408
1.4240000000000	-0.010591612372349
1.4280000000000	-0.010632512045279
1.4320000000000	-0.010673491301940
1.4360000000000	-0.010714550557321
1.4400000000000	-0.010755690234851
1.4440000000000	-0.010796910766601
1.4480000000000	-0.010838212593489
1.4520000000000	-0.010879596165491
1.4560000000000	-0.010921061941848
1.4600000000000	-0.010962610391299
1.4640000000000	-0.011004241992303
1.4680000000000	-0.011045957233273
1.4720000000000	-0.011087756612819
1.4760000000000	-0.011129640639994
1.4800000000000	-0.011171609834550
1.4840000000000	-0.011213664727198
1.4880000000000	-0.011255805859882
1.4920000000000	-0.011298033786044
1.4960000000000	-0.011340349070930
1.5000000000000	-0.011382752291862
1.5040000000000	-0.011425244038547
1.5080000000000	-0.011467824913399
1.5120000000000	-0.011510495531838
1.5160000000000	-0.011553256522641
1.5200000000000	-0.011596108528255
1.5240000000000	-0.011639052205176
1.5280000000000	-0.011682088224286
1.5320000000000	-0.011725217271225
1.5360000000000	-0.011768440046784
1.5400000000000	-0.011811757267287
1.5440000000000	-0.011855169665002
1.5480000000000	-0.011898677988544
1.5520000000000	-0.011942283003330
1.5560000000000	-0.011985985491994
1.5600000000000	-0.012029786254859
1.5640000000000	-0.012073686110406
1.5680000000000	-0.012117685895755
1.5720000000000	-0.012161786467166
1.5760000000000	-0.012205988700559
1.5800000000000	-0.012250293492039
1.5840000000000	-0.012294701758450
1.5880000000000	-0.012339214437939
1.5920000000000	-0.012383832490543
1.5960000000000	-0.012428556898789
1.6000000000000	-0.012473388668317
1.6040000000000	-0.012518328828526
1.6080000000000	-0.012563378433233
1.6120000000000	-0.012608538561364
1.6160000000000	-0.012653810317652
1.6200000000000	-0.012699194833383
1.6240000000000	-0.012744693267134
1.6280000000000	-0.012790306805571
1.6320000000000	-0.012836036664240
1.6360000000000	-0.012881884088411
1.6400000000000	-0.012927850353939
1.6440000000000	-0.012973936768151
1.6480000000000	-0.013020144670768
1.6520000000000	-0.013066475434864
1.6560000000000	-0.013112930467841
1.6600000000000	-0.013159511212465
1.6640000000000	-0.013206219147907
1.6680000000000	-0.013253055790843
1.6720000000000	-0.013300022696582
1.6760000000000	-0.013347121460242
1.6800000000000	-0.013394353717952
1.6840000000000	-0.013441721148120
1.6880000000000	-0.013489225472727
1.6920000000000	-0.013536868458676
1.6960000000000	-0.013584651919186
1.7000000000000	-0.013632577715243
1.7040000000000	-0.013680647757099
1.7080000000000	-0.013728864005828
1.7120000000000	-0.013777228474934
1.7160000000000	-0.013825743232036
1.7200000000000	-0.013874410400591
1.7240000000000	-0.013923232161700
1.7280000000000	-0.013972210755978
1.7320000000000	-0.014021348485491
1.7360000000000	-0.014070647715776
1.7400000000000	-0.014120110877924
1.7440000000000	-0.014169740470758
1.7480000000000	-0.014219539063088
1.7520000000000	-0.014269509296059
1.7560000000000	-0.014319653885576
1.7600000000000	-0.014369975624855
1.7640000000000	-0.014420477387043
1.7680000000000	-0.014471162127962
1.7720000000000	-0.014522032888956
1.7760000000000	-0.014573092799860
1.7800000000000	-0.014624345082081
1.7840000000000	-0.014675793051804
1.7880000000000	-0.014727440123344
1.7920000000000	-0.014779289812625
1.7960000000000	-0.014831345740795
1.8000000000000	-0.014883611638023
1.8040000000000	-0.014936091347417
1.8080000000000	-0.014988788829142
1.8120000000000	-0.015041708164685
1.8160000000000	-0.015094853561335
1.8200000000000	-0.015148229356819
1.8240000000000	-0.015201840024168
1.8280000000000	-0.015255690176785
1.8320000000000	-0.015309784573739
1.8360000000000	-0.015364128125288
1.8400000000000	-0.015418725898644
1.8440000000000	-0.015473583124021
1.8480000000000	-0.015528705200923
1.8520000000000	-0.015584097704735
1.8560000000000	-0.015639766393615
1.8600000000000	-0.015695717215706
1.8640000000000	-0.015751956316657
1.8680000000000	-0.015808490047542
1.8720000000000	-0.015865324973096
1.8760000000000	-0.015922467880383
1.8800000000000	-0.015979925787853
1.8840000000000	-0.016037705954838
1.8880000000000	-0.016095815891509
1.8920000000000	-0.016154263369313
1.8960000000000	-0.016213056431919
1.9000000000000	-0.016272203406714
1.9040000000000	-0.016331712916844
1.9080000000000	-0.016391593893883
1.9120000000000	-0.016451855591126
1.9160000000000	-0.016512507597556
1.9200000000000	-0.016573559852522
1.9240000000000	-0.016635022661172
1.9280000000000	-0.016696906710698
1.9320000000000	-0.016759223087396
1.9360000000000	-0.016821983294662
1.9400000000000	-0.016885199271914
1.9440000000000	-0.016948883414526
1.9480000000000	-0.017013048594847
1.9520000000000	-0.017077708184342
1.9560000000000	-0.017142876076952
1.9600000000000	-0.017208566713738
1.9640000000000	-0.017274795108891
1.9680000000000	-0.017341576877183
1.9720000000000	-0.017408928262995
1.9760000000000	-0.017476866170958
1.9800000000000	-0.017545408198377
1.9840000000000	-0.017614572669506
1.9880000000000	-0.017684378671835
1.9920000000000	-0.017754846094497
1.9960000000000	-0.017825995668952
2.0000000000000	-0.017897849012094
2.0040000000000	-0.017970428671975
2.0080000000000	-0.018043758176261
2.0120000000000	-0.018117862083718
2.0160000000000	-0.018192766038825
2.0200000000000	-0.018268496829826
2.0240000000000	-0.018345082450416
2.0280000000000	-0.018422552165358
2.0320000000000	-0.018500936580296
2.0360000000000	-0.018580267716072
2.0400000000000	-0.018660579087921
2.0440000000000	-0.018741905789847
2.0480000000000	-0.018824284584638
2.0520000000000	-0.018907753999908
2.0560000000000	-0.018992354430662
2.0600000000000	-0.019078128248861
2.0640000000000	-0.019165119920579
2.0680000000000	-0.019253376131334
2.0720000000000	-0.019342945920249
2.0760000000000	-0.019433880823764
2.0800000000000	-0.019526235029710
2.0840000000000	-0.019620065542559
2.0880000000000	-0.019715432360836
2.0920000000000	-0.019812398667678
2.0960000000000	-0.019911031035707
2.1000000000000	-0.020011399647446
2.1040000000000	-0.020113578532609
2.1080000000000	-0.020217645823818
2.1120000000000	-0.020323684032331
2.1160000000000	-0.020431780345657
2.1200000000000	-0.020542026949013
2.1240000000000	-0.020654521372860
2.1280000000000	-0.020769366868937
2.1320000000000	-0.020886672817543
2.1360000000000	-0.021006555169013
2.1400000000000	-0.021129136922731
2.1440000000000	-0.021254548647389
2.1480000000000	-0.021382929046569
2.1520000000000	-0.021514425574229
2.1560000000000	-0.021649195105190
2.1600000000000	-0.021787404666319
2.1640000000000	-0.021929232234716
2.1680000000000	-0.022074867610109
2.1720000000000	-0.022224513369335
2.1760000000000	-0.022378385911932
2.1800000000000	-0.022536716606858
2.1840000000000	-0.022699753051709
2.1880000000000	-0.022867760457190
2.1920000000000	-0.023041023171288
2.1960000000000	-0.023219846359474
2.2000000000000	-0.023404557859459
2.2040000000000	-0.023595510231532
2.2080000000000	-0.023793083028350
2.2120000000000	-0.023997685311488
2.2160000000000	-0.024209758445825
2.2200000000000	-0.024429779207346
2.2240000000000	-0.024658263245222
2.2280000000000	-0.024895768944949
2.2320000000000	-0.025142901746583
2.2360000000000	-0.025400318980299
2.2400000000000	-0.025668735291234
2.2440000000000	-0.025948928737161
2.2480000000000	-0.026241747655838
2.2520000000000	-0.026548118415180
2.2560000000000	-0.026869054178046
2.2600000000000	-0.027205664836295
2.2640000000000	-0.027559168295619
2.2680000000000	-0.027930903324894
2.2720000000000	-0.028322344222732
2.2760000000000	-0.028735117600506
2.2800000000000	-0.029171021637854
2.2840000000000	-0.029632048235213
2.2880000000000	-0.030120408571716
2.2920000000000	-0.030638562679218
2.2960000000000	-0.031189253769030
2.3000000000000	-0.031775548203197
2.3040000000000	-0.032400882194676
2.3080000000000	-0.033069116560351
2.3120000000000	-0.033784601150678
2.3160000000000	-0.034552250956759
2.3200000000000	-0.035377636372466
2.3240000000000	-0.036267090695072
2.3280000000000	-0.037227838722784
2.3320000000000	-0.038268151304344
2.3360000000000	-0.039397531986385
2.3400000000000	-0.040626943586039
2.3440000000000	-0.041969084724361
2.3480000000000	-0.043438729275149
2.3520000000000	-0.045053145574578
2.3560000000000	-0.046832617465538
2.3600000000000	-0.048801096337305
2.3640000000000	-0.050987023017363
2.3680000000000	-0.053424371767409
2.3720000000000	-0.056153987334809
2.3760000000000	-0.059225312402886
2.3800000000000	-0.062698640472226
2.3840000000000	-0.066648083701271
2.3880000000000	-0.071165525087100
2.3920000000000	-0.076365943044530
2.3960000000000	-0.082394675507314
2.4000000000000	-0.089437465251408
2.4040000000000	-0.097734556473113
2.4080000000000	-0.10760079317320
2.4120000000000	-0.11945477221225
2.4160000000000	-0.13386192611676
2.4200000000000	-0.15159948701174
2.4240000000000	-0.17375658767411
2.4280000000000	-0.20189208898938
2.4320000000000	-0.23828942227056
2.4360000000000	-0.28637786016505
2.4400000000000	-0.35144330103210
2.4440000000000	-0.44184096711272
2.4480000000000	-0.57103522537046
2.4520000000000	-0.76073768666844
2.4560000000000	-1.0440798472752
2.4600000000000	-1.4602010458214
2.4640000000000	-2.0046464585767
2.4680000000000	-2.4825065867172
2.4720000000000	-2.5025688976754
2.4760000000000	-2.0438078493601
2.4800000000000	-1.4944152711359
2.4840000000000	-1.0682264628025
2.4880000000000	-0.77701915571769
2.4920000000000	-0.58216740613982
2.4960000000000	-0.44972800834944
2.5000000000000	-0.35727861915686
2.5040000000000	-0.29089670453324
2.5080000000000	-0.24195076544836
2.5120000000000	-0.20498917562974
2.5160000000000	-0.17648167289769
2.5200000000000	-0.15408185640741
2.5240000000000	-0.13619061602945
2.5280000000000	-0.12169245685799
2.5320000000000	-0.10979247743141
2.5360000000000	-0.099913146042623
2.5400000000000	-0.091627416111493
2.5440000000000	-0.084614435177654
2.5480000000000	-0.078629615403174
2.5520000000000	-0.073484026080073
2.5560000000000	-0.069029956910775
2.5600000000000	-0.065150641433698
2.5640000000000	-0.061752833135002
2.5680000000000	-0.058761368790113
2.5720000000000	-0.056115136561916
2.5760000000000	-0.053764050714849
2.5800000000000	-0.051666756836780
2.5840000000000	-0.049788873485817
2.5880000000000	-0.048101632104189
2.5920000000000	-0.046580815682772
2.5960000000000	-0.045205923696160
2.6000000000000	-0.043959509968235
2.6040000000000	-0.042826653829057
2.6080000000000	-0.041794534833870
2.6120000000000	-0.040852088553720
2.6160000000000	-0.039989726283699
2.6200000000000	-0.039199105484103
2.6240000000000	-0.038472940745873
2.6280000000000	-0.037804847321648
2.6320000000000	-0.037189210976523
2.6360000000000	-0.036621079226433
2.6400000000000	-0.036096070046290
2.6440000000000	-0.035610294917862
2.6480000000000	-0.035160293703748
2.6520000000000	-0.034742979317877
2.6560000000000	-0.034355590546232
2.6600000000000	-0.033995651675807
2.6640000000000	-0.033660937833076
2.6680000000000	-0.033349445128604
2.6720000000000	-0.033059364861803
2.6760000000000	-0.032789061167631
2.6800000000000	-0.032537051590625
2.6840000000000	-0.032301990156776
2.6880000000000	-0.032082652583085
2.6920000000000	-0.031877923322105
2.6960000000000	-0.031686784186047
2.7000000000000	-0.031508304334331
2.7040000000000	-0.031341631441107
2.7080000000000	-0.031185983886631
2.7120000000000	-0.031040643839130
2.7160000000000	-0.030904951113084
2.7200000000000	-0.030778297705970
2.7240000000000	-0.030660122929227
2.7280000000000	-0.030549909060739
2.7320000000000	-0.030447177456013
2.7360000000000	-0.030351485063616
2.7400000000000	-0.030262421297546
2.7440000000000	-0.030179605225424
2.7480000000000	-0.030102683036557
2.7520000000000	-0.030031325758533
2.7560000000000	-0.029965227194859
2.7600000000000	-0.029904102059541
2.7640000000000	-0.029847684287386
2.7680000000000	-0.029795725501426
2.7720000000000	-0.029747993620930
2.7760000000000	-0.029704271595518
2.7800000000000	-0.029664356252447
2.7840000000000	-0.029628057245707
2.7880000000000	-0.029595196096738
2.7920000000000	-0.029565605317781
2.7960000000000	-0.029539127609835
2.8000000000000	-0.029515615128025
2.8040000000000	-0.029494928808021
2.8080000000000	-0.029476937747762
2.8120000000000	-0.029461518639347
2.8160000000000	-0.029448555246524
2.8200000000000	-0.029437937923623
2.8240000000000	-0.029429563172219
2.8280000000000	-0.029423333232198
2.8320000000000	-0.029419155704193
2.8360000000000	-0.029416943200683
2.8400000000000	-0.029416613023279
2.8440000000000	-0.029418086863995
2.8480000000000	-0.029421290528490
2.8520000000000	-0.029426153679414
2.8560000000000	-0.029432609598276
2.8600000000000	-0.029440594964250
2.8640000000000	-0.029450049648603
2.8680000000000	-0.029460916523498
2.8720000000000	-0.029473141283991
2.8760000000000	-0.029486672282250
2.8800000000000	-0.029501460372999
2.8840000000000	-0.029517458769359
2.8880000000000	-0.029534622908275
2.8920000000000	-0.029552910324820
2.8960000000000	-0.029572280534693
2.9000000000000	-0.029592694924344
2.9040000000000	-0.029614116648130
2.9080000000000	-0.029636510531999
2.9120000000000	-0.029659842983246
2.9160000000000	-0.029684081905912
2.9200000000000	-0.029709196621388
2.9240000000000	-0.029735157793917
2.9280000000000	-0.029761937360604
2.9320000000000	-0.029789508465648
2.9360000000000	-0.029817845398513
2.9400000000000	-0.029846923535743
2.9440000000000	-0.029876719286222
2.9480000000000	-0.029907210039595
2.9520000000000	-0.029938374117685
2.9560000000000	-0.029970190728694
2.9600000000000	-0.030002639924003
2.9640000000000	-0.030035702557404
2.9680000000000	-0.030069360246629
2.9720000000000	-0.030103595336989
2.9760000000000	-0.030138390867035
2.9800000000000	-0.030173730536094
2.9840000000000	-0.030209598673543
2.9880000000000	-0.030245980209772
2.9920000000000	-0.030282860648655
2.9960000000000	-0.030320226041521
3.0000000000000	-0.030358062962460
3.0040000000000	-0.030396358484939
3.0080000000000	-0.030435100159615
3.0120000000000	-0.030474275993304
3.0160000000000	-0.030513874429013
3.0200000000000	-0.030553884326981
3.0240000000000	-0.030594294946685
3.0280000000000	-0.030635095929734
3.0320000000000	-0.030676277283628
3.0360000000000	-0.030717829366290
3.0400000000000	-0.030759742871386
3.0440000000000	-0.030802008814327
3.0480000000000	-0.030844618518979
3.0520000000000	-0.030887563604974
3.0560000000000	-0.030930835975658
3.0600000000000	-0.030974427806592
3.0640000000000	-0.031018331534580
3.0680000000000	-0.031062539847240
3.0720000000000	-0.031107045673042
3.0760000000000	-0.031151842171788
3.0800000000000	-0.031196922725562
3.0840000000000	-0.031242280930052
3.0880000000000	-0.031287910586311
3.0920000000000	-0.031333805692831
3.0960000000000	-0.031379960438026
3.1000000000000	-0.031426369192998
3.1040000000000	-0.031473026504668
3.1080000000000	-0.031519927089163
3.1120000000000	-0.031567065825527
3.1160000000000	-0.031614437749679
3.1200000000000	-0.031662038048647
3.1240000000000	-0.031709862055033
3.1280000000000	-0.031757905241725
3.1320000000000	-0.031806163216829
3.1360000000000	-0.031854631718804
3.1400000000000	-0.031903306611813
3.1440000000000	-0.031952183881257
3.1480000000000	-0.032001259629505
3.1520000000000	-0.032050530071777
3.1560000000000	-0.032099991532218
3.1600000000000	-0.032149640440112
3.1640000000000	-0.032199473326264
3.1680000000000	-0.032249486819521
3.1720000000000	-0.032299677643416
3.1760000000000	-0.032350042612972
3.1800000000000	-0.032400578631616
3.1840000000000	-0.032451282688206
3.1880000000000	-0.032502151854196
3.1920000000000	-0.032553183280888
3.1960000000000	-0.032604374196806
3.2000000000000	-0.032655721905159
3.2040000000000	-0.032707223781406
3.2080000000000	-0.032758877270918
3.2120000000000	-0.032810679886714
3.2160000000000	-0.032862629207295
3.2200000000000	-0.032914722874555
3.2240000000000	-0.032966958591762
3.2280000000000	-0.033019334121630
3.2320000000000	-0.033071847284439
3.2360000000000	-0.033124495956244
3.2400000000000	-0.033177278067134
3.2440000000000	-0.033230191599570
3.2480000000000	-0.033283234586763
3.2520000000000	-0.033336405111127
3.2560000000000	-0.033389701302777
3.2600000000000	-0.033443121338077
3.2640000000000	-0.033496663438263
3.2680000000000	-0.033550325868075
3.2720000000000	-0.033604106934467
3.2760000000000	-0.033658004985361
3.2800000000000	-0.033712018408420
3.2840000000000	-0.033766145629890
3.2880000000000	-0.033820385113467
3.2920000000000	-0.033874735359201
3.2960000000000	-0.033929194902451
3.3000000000000	-0.033983762312856
3.3040000000000	-0.034038436193360
3.3080000000000	-0.034093215179250
3.3120000000000	-0.034148097937243
3.3160000000000	-0.034203083164597
3.3200000000000	-0.034258169588240
3.3240000000000	-0.034313355963952
3.3280000000000	-0.034368641075546
3.3320000000000	-0.034424023734097
3.3360000000000	-0.034479502777185
3.3400000000000	-0.034535077068165
3.3440000000000	-0.034590745495464
3.3480000000000	-0.034646506971886
3.3520000000000	-0.034702360433963
3.3560000000000	-0.034758304841306
3.3600000000000	-0.034814339175982
3.3640000000000	-0.034870462441917
3.3680000000000	-0.034926673664310
3.3720000000000	-0.034982971889067
3.3760000000000	-0.035039356182257
3.3800000000000	-0.035095825629575
3.3840000000000	-0.035152379335830
3.3880000000000	-0.035209016424450
3.3920000000000	-0.035265736036991
3.3960000000000	-0.035322537332672
3.4000000000000	-0.035379419487917
3.4040000000000	-0.035436381695917
3.4080000000000	-0.035493423166200
3.4120000000000	-0.035550543124213
3.4160000000000	-0.035607740810917
3.4200000000000	-0.035665015482405
3.4240000000000	-0.035722366409510
3.4280000000000	-0.035779792877448
3.4320000000000	-0.035837294185442
3.4360000000000	-0.035894869646395
3.4400000000000	-0.035952518586537
3.4440000000000	-0.036010240345102
3.4480000000000	-0.036068034274009
3.4520000000000	-0.036125899737554
3.4560000000000	-0.036183836112105
3.4600000000000	-0.036241842785811
3.4640000000000	-0.036299919158319
3.4680000000000	-0.036358064640497
3.4720000000000	-0.036416278654167
3.4760000000000	-0.036474560631834
3.4800000000000	-0.036532910016450
3.4840000000000	-0.036591326261151
3.4880000000000	-0.036649808829028
3.4920000000000	-0.036708357192884
3.4960000000000	-0.036766970835012
3.5000000000000	-0.036825649246973
3.5040000000000	-0.036884391929382
3.5080000000000	-0.036943198391699
3.5120000000000	-0.037002068152021
3.5160000000000	-0.037061000736887
3.5200000000000	-0.037119995681090
3.5240000000000	-0.037179052527477
3.5280000000000	-0.037238170826781
3.5320000000000	-0.037297350137427
3.5360000000000	-0.037356590025371
3.5400000000000	-0.037415890063927
3.5440000000000	-0.037475249833603
3.5480000000000	-0.037534668921940
3.5520000000000	-0.037594146923353
3.5560000000000	-0.037653683438989
3.5600000000000	-0.037713278076564
3.5640000000000	-0.037772930450232
3.5680000000000	-0.037832640180440
3.5720000000000	-0.037892406893785
3.5760000000000	-0.037952230222889
3.5800000000000	-0.038012109806267
3.5840000000000	-0.038072045288193
3.5880000000000	-0.038132036318585
3.5920000000000	-0.038192082552880
3.5960000000000	-0.038252183651916
3.6000000000000	-0.038312339281819
3.6040000000000	-0.038372549113888
3.6080000000000	-0.038432812824488
3.6120000000000	-0.038493130094950
3.6160000000000	-0.038553500611452
3.6200000000000	-0.038613924064927
3.6240000000000	-0.038674400150969
3.6280000000000	-0.038734928569720
3.6320000000000	-0.038795509025800
3.6360000000000	-0.038856141228189
3.6400000000000	-0.038916824890153
3.6440000000000	-0.038977559729157
3.6480000000000	-0.039038345466767
3.6520000000000	-0.039099181828584
3.6560000000000	-0.039160068544145
3.6600000000000	-0.039221005346855
3.6640000000000	-0.039281991973908
3.6680000000000	-0.039343028166203
3.6720000000000	-0.039404113668278
3.6760000000000	-0.039465248228236
3.6800000000000	-0.039526431597672
3.6840000000000	-0.039587663531605
3.6880000000000	-0.039648943788411
3.6920000000000	-0.039710272129755
3.6960000000000	-0.039771648320531
3.7000000000000	-0.039833072128792
3.7040000000000	-0.039894543325692
3.7080000000000	-0.039956061685431
3.7120000000000	-0.040017626985184
3.7160000000000	-0.040079239005056
3.7200000000000	-0.040140897528018
3.7240000000000	-0.040202602339853
3.7280000000000	-0.040264353229107
3.7320000000000	-0.040326149987031
3.7360000000000	-0.040387992407529
3.7400000000000	-0.040449880287112
3.7440000000000	-0.040511813424848
3.7480000000000	-0.040573791622313
3.7520000000000	-0.040635814683543
3.7560000000000	-0.040697882414987
3.7600000000000	-0.040759994625463
3.7640000000000	-0.040822151126119
3.7680000000000	-0.040884351730383
3.7720000000000	-0.040946596253926
3.7760000000000	-0.041008884514613
3.7800000000000	-0.041071216332468
3.7840000000000	-0.041133591529641
3.7880000000000	-0.041196009930354
3.7920000000000	-0.041258471360876
3.7960000000000	-0.041320975649483
3.8000000000000	-0.041383522626415
3.8040000000000	-0.041446112123854
3.8080000000000	-0.041508743975867
3.8120000000000	-0.041571418018402
3.8160000000000	-0.041634134089227
3.8200000000000	-0.041696892027913
3.8240000000000	-0.041759691675799
3.8280000000000	-0.041822532875956
3.8320000000000	-0.041885415473162
3.8360000000000	-0.041948339313869
3.8400000000000	-0.042011304246178
3.8440000000000	-0.042074310119798
3.8480000000000	-0.042137356786035
3.8520000000000	-0.042200444097753
3.8560000000000	-0.042263571909345
3.8600000000000	-0.042326740076716
3.8640000000000	-0.042389948457252
3.8680000000000	-0.042453196909790
3.8720000000000	-0.042516485294604
3.8760000000000	-0.042579813473363
3.8800000000000	-0.042643181309133
3.8840000000000	-0.042706588666322
3.8880000000000	-0.042770035410687
3.8920000000000	-0.042833521409290
3.8960000000000	-0.042897046530483
3.9000000000000	-0.042960610643893
3.9040000000000	-0.043024213620387
3.9080000000000	-0.043087855332063
3.9120000000000	-0.043151535652225
3.9160000000000	-0.043215254455360
3.9200000000000	-0.043279011617122
3.9240000000000	-0.043342807014314
3.9280000000000	-0.043406640524865
3.9320000000000	-0.043470512027815
3.9360000000000	-0.043534421403294
3.9400000000000	-0.043598368532506
3.9440000000000	-0.043662353297709
3.9480000000000	-0.043726375582198
3.9520000000000	-0.043790435270296
3.9560000000000	-0.043854532247326
3.9600000000000	-0.043918666399598
3.9640000000000	-0.043982837614402
3.9680000000000	-0.044047045779978
3.9720000000000	-0.044111290785511
3.9760000000000	-0.044175572521115
3.9800000000000	-0.044239890877808
3.9840000000000	-0.044304245747516
3.9880000000000	-0.044368637023039
3.9920000000000	-0.044433064598055
3.9960000000000	-0.044497528367087
4.0000000000000	-0.044562028225509
4.0040000000000	-0.044626564069522
4.0080000000000	-0.044691135796137
4.0120000000000	-0.044755743303174
4.0160000000000	-0.044820386489245
4.0200000000000	-0.044885065253735
4.0240000000000	-0.044949779496796
4.0280000000000	-0.045014529119337
4.0320000000000	-0.045079314023008
4.0360000000000	-0.045144134110194
4.0400000000000	-0.045208989283992
4.0440000000000	-0.045273879448215
4.0480000000000	-0.045338804507371
4.0520000000000	-0.045403764366659
4.0560000000000	-0.045468758931950
4.0600000000000	-0.045533788109787
4.0640000000000	-0.045598851807367
4.0680000000000	-0.045663949932533
4.0720000000000	-0.045729082393768
4.0760000000000	-0.045794249100181
4.0800000000000	-0.045859449961499
4.0840000000000	-0.045924684888059
4.0880000000000	-0.045989953790796
4.0920000000000	-0.046055256581241
4.0960000000000	-0.046120593171501
4.1000000000000	-0.046185963474259
4.1040000000000	-0.046251367402766
4.1080000000000	-0.046316804870828
4.1120000000000	-0.046382275792795
4.1160000000000	-0.046447780083568
4.1200000000000	-0.046513317658570
4.1240000000000	-0.046578888433758
4.1280000000000	-0.046644492325601
4.1320000000000	-0.046710129251080
4.1360000000000	-0.046775799127679
4.1400000000000	-0.046841501873375
4.1440000000000	-0.046907237406637
4.1480000000000	-0.046973005646414
4.1520000000000	-0.047038806512125
4.1560000000000	-0.047104639923664
4.1600000000000	-0.047170505801380
4.1640000000000	-0.047236404066079
4.1680000000000	-0.047302334639018
4.1720000000000	-0.047368297441890
4.1760000000000	-0.047434292396825
4.1800000000000	-0.047500319426384
4.1840000000000	-0.047566378453552
4.1880000000000	-0.047632469401729
4.1920000000000	-0.047698592194728
4.1960000000000	-0.047764746756765
4.2000000000000	-0.047830933012463
4.2040000000000	-0.047897150886836
4.2080000000000	-0.047963400305282
4.2120000000000	-0.048029681193591
4.2160000000000	-0.048095993477924
4.2200000000000	-0.048162337084824
4.2240000000000	-0.048228711941197
4.2280000000000	-0.048295117974313
4.2320000000000	-0.048361555111801
4.2360000000000	-0.048428023281642
4.2400000000000	-0.048494522412167
4.2440000000000	-0.048561052432052
4.2480000000000	-0.048627613270309
4.2520000000000	-0.048694204856287
4.2560000000000	-0.048760827119666
4.2600000000000	-0.048827479990453
4.2640000000000	-0.048894163398974
4.2680000000000	-0.048960877275869
4.2720000000000	-0.049027621552099
4.2760000000000	-0.049094396158929
4.2800000000000	-0.049161201027927
4.2840000000000	-0.049228036090969
4.2880000000000	-0.049294901280223
4.2920000000000	-0.049361796528146
4.2960000000000	-0.049428721767492
4.3000000000000	-0.049495676931296
4.3040000000000	-0.049562661952877
4.3080000000000	-0.049629676765828
4.3120000000000	-0.049696721304023
4.3160000000000	-0.049763795501597
4.3200000000000	-0.049830899292962
4.3240000000000	-0.049898032612792
4.3280000000000	-0.049965195396014
4.3320000000000	-0.050032387577824
4.3360000000000	-0.050099609093660
4.3400000000000	-0.050166859879221
4.3440000000000	-0.050234139870450
4.3480000000000	-0.050301449003530
4.3520000000000	-0.050368787214890
4.3560000000000	-0.050436154441194
4.3600000000000	-0.050503550619350
4.3640000000000	-0.050570975686487
4.3680000000000	-0.050638429579968
4.3720000000000	-0.050705912237382
4.3760000000000	-0.050773423596547
4.3800000000000	-0.050840963595494
4.3840000000000	-0.050908532172475
4.3880000000000	-0.050976129265962
4.3920000000000	-0.051043754814635
4.3960000000000	-0.051111408757382
4.4000000000000	-0.051179091033306
4.4040000000000	-0.051246801581712
4.4080000000000	-0.051314540342105
4.4120000000000	-0.051382307254191
4.4160000000000	-0.051450102257878
4.4200000000000	-0.051517925293268
4.4240000000000	-0.051585776300653
4.4280000000000	-0.051653655220515
4.4320000000000	-0.051721561993529
4.4360000000000	-0.051789496560554
4.4400000000000	-0.051857458862634
4.4440000000000	-0.051925448840991
4.4480000000000	-0.051993466437032
4.4520000000000	-0.052061511592341
4.4560000000000	-0.052129584248667
4.4600000000000	-0.052197684347951
4.4640000000000	-0.052265811832288
4.4680000000000	-0.052333966643952
4.4720000000000	-0.052402148725383
4.4760000000000	-0.052470358019181
4.4800000000000	-0.052538594468119
4.4840000000000	-0.052606858015123
4.4880000000000	-0.052675148603279
4.4920000000000	-0.052743466175841
4.4960000000000	-0.052811810676206
4.5000000000000	-0.052880182047931
4.5040000000000	-0.052948580234730
4.5080000000000	-0.053017005180462
4.5120000000000	-0.053085456829133
4.5160000000000	-0.053153935124901
4.5200000000000	-0.053222440012071
4.5240000000000	-0.053290971435089
4.5280000000000	-0.053359529338545
4.5320000000000	-0.053428113667167
4.5360000000000	-0.053496724365825
4.5400000000000	-0.053565361379525
4.5440000000000	-0.053634024653412
4.5480000000000	-0.053702714132763
4.5520000000000	-0.053771429762989
4.5560000000000	-0.053840171489634
4.5600000000000	-0.053908939258371
4.5640000000000	-0.053977733015003
4.5680000000000	-0.054046552705458
4.5720000000000	-0.054115398275790
4.5760000000000	-0.054184269672184
4.5800000000000	-0.054253166840942
4.5840000000000	-0.054322089728491
4.5880000000000	-0.054391038281373
4.5920000000000	-0.054460012446261
4.5960000000000	-0.054529012169935
4.6000000000000	-0.054598037399297
4.6040000000000	-0.054667088081366
4.6080000000000	-0.054736164163272
4.6120000000000	-0.054805265592259
4.6160000000000	-0.054874392315685
4.6200000000000	-0.054943544281017
4.6240000000000	-0.055012721435834
4.6280000000000	-0.055081923727820
4.6320000000000	-0.055151151104770
4.6360000000000	-0.055220403514582
4.6400000000000	-0.055289680905263
4.6440000000000	-0.055358983224923
4.6480000000000	-0.055428310421772
4.6520000000000	-0.055497662444127
4.6560000000000	-0.055567039240401
4.6600000000000	-0.055636440759111
4.6640000000000	-0.055705866948871
4.6680000000000	-0.055775317758395
4.6720000000000	-0.055844793136491
4.6760000000000	-0.055914293032065
4.6800000000000	-0.055983817394117
4.6840000000000	-0.056053366171745
4.6880000000000	-0.056122939314133
4.6920000000000	-0.056192536770563
4.6960000000000	-0.056262158490406
4.7000000000000	-0.056331804423125
4.7040000000000	-0.056401474518274
4.7080000000000	-0.056471168725490
4.7120000000000	-0.056540886994502
4.7160000000000	-0.056610629275126
4.7200000000000	-0.056680395517263
4.7240000000000	-0.056750185670903
4.7280000000000	-0.056819999686113
4.7320000000000	-0.056889837513053
4.7360000000000	-0.056959699101958
4.7400000000000	-0.057029584403149
4.7440000000000	-0.057099493367028
4.7480000000000	-0.057169425944077
4.7520000000000	-0.057239382084858
4.7560000000000	-0.057309361740015
4.7600000000000	-0.057379364860266
4.7640000000000	-0.057449391396406
4.7680000000000	-0.057519441299314
4.7720000000000	-0.057589514519938
4.7760000000000	-0.057659611009306
4.7800000000000	-0.057729730718517
4.7840000000000	-0.057799873598748
4.7880000000000	-0.057870039601247
4.7920000000000	-0.057940228677336
4.7960000000000	-0.058010440778410
4.8000000000000	-0.058080675855933
4.8040000000000	-0.058150933861444
4.8080000000000	-0.058221214746545
4.8120000000000	-0.058291518462916
4.8160000000000	-0.058361844962303
4.8200000000000	-0.058432194196520
4.8240000000000	-0.058502566117447
4.8280000000000	-0.058572960677033
4.8320000000000	-0.058643377827296
4.8360000000000	-0.058713817520316
4.8400000000000	-0.058784279708244
4.8440000000000	-0.058854764343289
4.8480000000000	-0.058925271377732
4.8520000000000	-0.058995800763910
4.8560000000000	-0.059066352454229
4.8600000000000	-0.059136926401159
4.8640000000000	-0.059207522557225
4.8680000000000	-0.059278140875021
4.8720000000000	-0.059348781307201
4.8760000000000	-0.059419443806477
4.8800000000000	-0.059490128325624
4.8840000000000	-0.059560834817475
4.8880000000000	-0.059631563234923
4.8920000000000	-0.059702313530919
4.8960000000000	-0.059773085658477
4.9000000000000	-0.059843879570663
4.9040000000000	-0.059914695220601
4.9080000000000	-0.059985532561476
4.9120000000000	-0.060056391546526
4.9160000000000	-0.060127272129052
4.9200000000000	-0.060198174262398
4.9240000000000	-0.060269097899972
4.9280000000000	-0.060340042995236
4.9320000000000	-0.060411009501709
4.9360000000000	-0.060481997372956
4.9400000000000	-0.060553006562604
4.9440000000000	-0.060624037024327
4.9480000000000	-0.060695088711854
4.9520000000000	-0.060766161578966
4.9560000000000	-0.060837255579500
4.9600000000000	-0.060908370667341
4.9640000000000	-0.060979506796423
4.9680000000000	-0.061050663920732
4.9720000000000	-0.061121841994310
4.9760000000000	-0.061193040971242
4.9800000000000	-0.061264260805666
4.9840000000000	-0.061335501451772
4.9880000000000	-0.061406762863794
4.9920000000000	-0.061478044996017
4.9960000000000	-0.061549347802773
5.0000000000000	-0.061620671238446
#Parameters = {D_center=12; L1=20; L2=2; L3=2; L4=15; L_diff=2.83; L_sub=49.66; W_50=1.36; W_sub=49.66; Z_mid=24.83; cm=0.3; ct=12; g_slot=0.8; h1=2; h2=2; h3=2; h4=2; h_sub=0.4; hole_puncher=0.87365; hole_puncher1=0.9; margin=1.76; needle_radius=0.635; nutrient_solution=0.01; pipe_OD=50; pipe_Ri=8; pipe_Ro=10; r_SRR=22; r_SRR_in=19.6; sigma_fluid=0.5; spacing=0.4; t_PDMS_microstrip=0.35; t_SRR=0.07; t_gnd=0.07; t_metal=0.5; t_microstrip=0.07; t_wall=2; w_channel=2; w_diff=2.83}
#"Frequency / GHz"	"S1,1 (3) [Magnitude / dB]"
#---------------------------------------------
1.0000000000000	-0.0066252281446547
1.0040000000000	-0.0066507320770654
1.0080000000000	-0.0066763322528007
1.0120000000000	-0.0067020288923500
1.0160000000000	-0.0067278222190451
1.0200000000000	-0.0067537124591274
1.0240000000000	-0.0067796998417801
1.0280000000000	-0.0068057845991775
1.0320000000000	-0.0068319669665437
1.0360000000000	-0.0068582471821884
1.0400000000000	-0.0068846254875692
1.0440000000000	-0.0069111021273382
1.0480000000000	-0.0069376773493882
1.0520000000000	-0.0069643514049209
1.0560000000000	-0.0069911245484873
1.0600000000000	-0.0070179970380482
1.0640000000000	-0.0070449691350356
1.0680000000000	-0.0070720411044012
1.0720000000000	-0.0070992132146811
1.0760000000000	-0.0071264857380557
1.0800000000000	-0.0071538589504079
1.0840000000000	-0.0071813331313855
1.0880000000000	-0.0072089085644656
1.0920000000000	-0.0072365855370206
1.0960000000000	-0.0072643643403787
1.1000000000000	-0.0072922452698990
1.1040000000000	-0.0073202286250305
1.1080000000000	-0.0073483147093904
1.1120000000000	-0.0073765038308308
1.1160000000000	-0.0074047963015064
1.1200000000000	-0.0074331924379624
1.1240000000000	-0.0074616925611934
1.1280000000000	-0.0074902969967326
1.1320000000000	-0.0075190060747209
1.1360000000000	-0.0075478201299954
1.1400000000000	-0.0075767395021634
1.1440000000000	-0.0076057645356907
1.1480000000000	-0.0076348955799834
1.1520000000000	-0.0076641329894772
1.1560000000000	-0.0076934771237183
1.1600000000000	-0.0077229283474640
1.1640000000000	-0.0077524870307699
1.1680000000000	-0.0077821535490765
1.1720000000000	-0.0078119282833207
1.1760000000000	-0.0078418116200140
1.1800000000000	-0.0078718039513622
1.1840000000000	-0.0079019056753488
1.1880000000000	-0.0079321171958459
1.1920000000000	-0.0079624389227313
1.1960000000000	-0.0079928712719727
1.2000000000000	-0.0080234146657627
1.2040000000000	-0.0080540695326109
1.2080000000000	-0.0080848363074755
1.2120000000000	-0.0081157154318700
1.2160000000000	-0.0081467073539817
1.2200000000000	-0.0081778125288070
1.2240000000000	-0.0082090314182611
1.2280000000000	-0.0082403644913159
1.2320000000000	-0.0082718122241261
1.2360000000000	-0.0083033751001640
1.2400000000000	-0.0083350536103515
1.2440000000000	-0.0083668482532065
1.2480000000000	-0.0083987595349759
1.2520000000000	-0.0084307879697896
1.2560000000000	-0.0084629340797995
1.2600000000000	-0.0084951983953364
1.2640000000000	-0.0085275814550690
1.2680000000000	-0.0085600838061494
1.2720000000000	-0.0085927060043857
1.2760000000000	-0.0086254486144038
1.2800000000000	-0.0086583122098116
1.2840000000000	-0.0086912973733808
1.2880000000000	-0.0087244046972139
1.2920000000000	-0.0087576347829299
1.2960000000000	-0.0087909882418475
1.3000000000000	-0.0088244656951736
1.3040000000000	-0.0088580677741929
1.3080000000000	-0.0088917951204718
1.3120000000000	-0.0089256483860517
1.3160000000000	-0.0089596282336619
1.3200000000000	-0.0089937353369270
1.3240000000000	-0.0090279703805803
1.3280000000000	-0.0090623340606948
1.3320000000000	-0.0090968270848953
1.3360000000000	-0.0091314501725955
1.3400000000000	-0.0091662040552347
1.3440000000000	-0.0092010894765257
1.3480000000000	-0.0092361071926830
1.3520000000000	-0.0092712579727007
1.3560000000000	-0.0093065425985945
1.3600000000000	-0.0093419618656711
1.3640000000000	-0.0093775165828040
1.3680000000000	-0.0094132075727060
1.3720000000000	-0.0094490356722166
1.3760000000000	-0.0094850017325990
1.3800000000000	-0.0095211066198237
1.3840000000000	-0.0095573512148869
1.3880000000000	-0.0095937364141263
1.3920000000000	-0.0096302631295234
1.3960000000000	-0.0096669322890563
1.4000000000000	-0.0097037448370161
1.4040000000000	-0.0097407017343616
1.4080000000000	-0.0097778039590740
1.4120000000000	-0.0098150525065100
1.4160000000000	-0.0098524483897817
1.4200000000000	-0.0098899926401295
1.4240000000000	-0.0099276863073211
1.4280000000000	-0.0099655304600404
1.4320000000000	-0.010003526186303
1.4360000000000	-0.010041674593873
1.4400000000000	-0.010079976810696
1.4440000000000	-0.010118433985343
1.4480000000000	-0.010157047287453
1.4520000000000	-0.010195817908208
1.4560000000000	-0.010234747060801
1.4600000000000	-0.010273835980929
1.4640000000000	-0.010313085927292
1.4680000000000	-0.010352498182110
1.4720000000000	-0.010392074051641
1.4760000000000	-0.010431814866737
1.4800000000000	-0.010471721983386
1.4840000000000	-0.010511796783291
1.4880000000000	-0.010552040674441
1.4920000000000	-0.010592455091734
1.4960000000000	-0.010633041497575
1.5000000000000	-0.010673801382513
1.5040000000000	-0.010714736265898
1.5080000000000	-0.010755847696540
1.5120000000000	-0.010797137253397
1.5160000000000	-0.010838606546283
1.5200000000000	-0.010880257216590
1.5240000000000	-0.010922090938023
1.5280000000000	-0.010964109417378
1.5320000000000	-0.011006314395314
1.5360000000000	-0.011048707647166
1.5400000000000	-0.011091290983774
1.5440000000000	-0.011134066252330
1.5480000000000	-0.011177035337258
1.5520000000000	-0.011220200161114
1.5560000000000	-0.011263562685514
1.5600000000000	-0.011307124912079
1.5640000000000	-0.011350888883417
1.5680000000000	-0.011394856684141
1.5720000000000	-0.011439030441888
1.5760000000000	-0.011483412328396
1.5800000000000	-0.011528004560598
1.5840000000000	-0.011572809401753
1.5880000000000	-0.011617829162600
1.5920000000000	-0.011663066202564
1.5960000000000	-0.011708522930983
1.6000000000000	-0.011754201808371
1.6040000000000	-0.011800105347729
1.6080000000000	-0.011846236115885
1.6120000000000	-0.011892596734885
1.6160000000000	-0.011939189883405
1.6200000000000	-0.011986018298230
1.6240000000000	-0.012033084775768
1.6280000000000	-0.012080392173605
1.6320000000000	-0.012127943412114
1.6360000000000	-0.012175741476110
1.6400000000000	-0.012223789416552
1.6440000000000	-0.012272090352319
1.6480000000000	-0.012320647472010
1.6520000000000	-0.012369464035823
1.6560000000000	-0.012418543377478
1.6600000000000	-0.012467888906223
1.6640000000000	-0.012517504108871
1.6680000000000	-0.012567392551937
1.6720000000000	-0.012617557883810
1.6760000000000	-0.012668003837019
1.6800000000000	-0.012718734230568
1.6840000000000	-0.012769752972331
1.6880000000000	-0.012821064061548
1.6920000000000	-0.012872671591378
1.6960000000000	-0.012924579751567
1.7000000000000	-0.012976792831167
1.7040000000000	-0.013029315221378
1.7080000000000	-0.013082151418465
1.7120000000000	-0.013135306026777
1.7160000000000	-0.013188783761878
1.7200000000000	-0.013242589453759
1.7240000000000	-0.013296728050194
1.7280000000000	-0.013351204620181
1.7320000000000	-0.013406024357507
1.7360000000000	-0.013461192584459
1.7400000000000	-0.013516714755623
1.7440000000000	-0.013572596461853
1.7480000000000	-0.013628843434355
1.7520000000000	-0.013685461548928
1.7560000000000	-0.013742456830353
1.7600000000000	-0.013799835456918
1.7640000000000	-0.013857603765141
1.7680000000000	-0.013915768254632
1.7720000000000	-0.013974335593143
1.7760000000000	-0.014033312621798
1.7800000000000	-0.014092706360514
1.7840000000000	-0.014152524013625
1.7880000000000	-0.014212772975704
1.7920000000000	-0.014273460837611
1.7960000000000	-0.014334595392750
1.8000000000000	-0.014396184643586
1.8040000000000	-0.014458236808373
1.8080000000000	-0.014520760328174
1.8120000000000	-0.014583763874112
1.8160000000000	-0.014647256354923
1.8200000000000	-0.014711246924796
1.8240000000000	-0.014775744991494
1.8280000000000	-0.014840760224823
1.8320000000000	-0.014906302565404
1.8360000000000	-0.014972382233816
1.8400000000000	-0.015039009740071
1.8440000000000	-0.015106195893484
1.8480000000000	-0.015173951812934
1.8520000000000	-0.015242288937542
1.8560000000000	-0.015311219037765
1.8600000000000	-0.015380754226956
1.8640000000000	-0.015450906973382
1.8680000000000	-0.015521690112762
1.8720000000000	-0.015593116861292
1.8760000000000	-0.015665200829229
1.8800000000000	-0.015737956035043
1.8840000000000	-0.015811396920160
1.8880000000000	-0.015885538364333
1.8920000000000	-0.015960395701664
1.8960000000000	-0.016035984737314
1.9000000000000	-0.016112321764942
1.9040000000000	-0.016189423584882
1.9080000000000	-0.016267307523128
1.9120000000000	-0.016345991451154
1.9160000000000	-0.016425493806601
1.9200000000000	-0.016505833614888
1.9240000000000	-0.016587030511798
1.9280000000000	-0.016669104767059
1.9320000000000	-0.016752077309027
1.9360000000000	-0.016835969750470
1.9400000000000	-0.016920804415538
1.9440000000000	-0.017006604367999
1.9480000000000	-0.017093393440763
1.9520000000000	-0.017181196266812
1.9560000000000	-0.017270038311574
1.9600000000000	-0.017359945906837
1.9640000000000	-0.017450946286288
1.9680000000000	-0.017543067622758
1.9720000000000	-0.017636339067272
1.9760000000000	-0.017730790790015
1.9800000000000	-0.017826454023282
1.9840000000000	-0.017923361106594
1.9880000000000	-0.018021545534021
1.9920000000000	-0.018121042003911
1.9960000000000	-0.018221886471112
2.0000000000000	-0.018324116201863
2.0040000000000	-0.018427769831493
2.0080000000000	-0.018532887425101
2.0120000000000	-0.018639510541399
2.0160000000000	-0.018747682299893
2.0200000000000	-0.018857447451619
2.0240000000000	-0.018968852453629
2.0280000000000	-0.019081945547486
2.0320000000000	-0.019196776841993
2.0360000000000	-0.019313398400415
2.0400000000000	-0.019431864332507
2.0440000000000	-0.019552230891604
2.0480000000000	-0.019674556577144
2.0520000000000	-0.019798902242931
2.0560000000000	-0.019925331211537
2.0600000000000	-0.020053909395238
2.0640000000000	-0.020184705423885
2.0680000000000	-0.020317790780221
2.0720000000000	-0.020453239943096
2.0760000000000	-0.020591130539126
2.0800000000000	-0.020731543503376
2.0840000000000	-0.020874563249690
2.0880000000000	-0.021020277851304
2.0920000000000	-0.021168779232485
2.0960000000000	-0.021320163371977
2.1000000000000	-0.021474530519056
2.1040000000000	-0.021631985423132
2.1080000000000	-0.021792637577848
2.1120000000000	-0.021956601480745
2.1160000000000	-0.022123996909652
2.1200000000000	-0.022294949216976
2.1240000000000	-0.022469589643330
2.1280000000000	-0.022648055651860
2.1320000000000	-0.022830491284919
2.1360000000000	-0.023017047544763
2.1400000000000	-0.023207882800173
2.1440000000000	-0.023403163220979
2.1480000000000	-0.023603063242764
2.1520000000000	-0.023807766064108
2.1560000000000	-0.024017464179014
2.1600000000000	-0.024232359947399
2.1640000000000	-0.024452666206766
2.1680000000000	-0.024678606928493
2.1720000000000	-0.024910417922501
2.1760000000000	-0.025148347594370
2.1800000000000	-0.025392657759472
2.1840000000000	-0.025643624519016
2.1880000000000	-0.025901539203436
2.1920000000000	-0.026166709389130
2.1960000000000	-0.026439459995094
2.2000000000000	-0.026720134466695
2.2040000000000	-0.027009096054591
2.2080000000000	-0.027306729197576
2.2120000000000	-0.027613441019145
2.2160000000000	-0.027929662948533
2.2200000000000	-0.028255852478170
2.2240000000000	-0.028592495070832
2.2280000000000	-0.028940106231155
2.2320000000000	-0.029299233757901
2.2360000000000	-0.029670460195154
2.2400000000000	-0.030054405502738
2.2440000000000	-0.030451729968479
2.2480000000000	-0.030863137387610
2.2520000000000	-0.031289378537602
2.2560000000000	-0.031731254980123
2.2600000000000	-0.032189623225679
2.2640000000000	-0.032665399300903
2.2680000000000	-0.033159563763457
2.2720000000000	-0.033673167215204
2.2760000000000	-0.034207336370859
2.2800000000000	-0.034763280746758
2.2840000000000	-0.035342300042985
2.2880000000000	-0.035945792301892
2.2920000000000	-0.036575262937391
2.2960000000000	-0.037232334742391
2.3000000000000	-0.037918758996947
2.3040000000000	-0.038636427816954
2.3080000000000	-0.039387387903660
2.3120000000000	-0.040173855877658
2.3160000000000	-0.040998235408511
2.3200000000000	-0.041863136383166
2.3240000000000	-0.042771396393765
2.3280000000000	-0.043726104869525
2.3320000000000	-0.044730630228868
2.3360000000000	-0.045788650489230
2.3400000000000	-0.046904187843757
2.3440000000000	-0.048081647799785
2.3480000000000	-0.049325863575303
2.3520000000000	-0.050642146570737
2.3560000000000	-0.052036343877990
2.3600000000000	-0.053514903962049
2.3640000000000	-0.055084951858991
2.3680000000000	-0.056754375485807
2.3720000000000	-0.058531924961807
2.3760000000000	-0.060427327211206
2.3800000000000	-0.062451418566779
2.3840000000000	-0.064616298645493
2.3880000000000	-0.066935509442870
2.3920000000000	-0.069424244425758
2.3960000000000	-0.072099593432728
2.4000000000000	-0.074980830469783
2.4040000000000	-0.078089753082177
2.4080000000000	-0.081451083976987
2.4120000000000	-0.085092948076687
2.4160000000000	-0.089047441345819
2.4200000000000	-0.093351311739829
2.4240000000000	-0.098046777725001
2.4280000000000	-0.10318251633614
2.4320000000000	-0.10881486110337
2.4360000000000	-0.11500926095727
2.4400000000000	-0.12184206516063
2.4440000000000	-0.12940271740363
2.4480000000000	-0.13779646573742
2.4520000000000	-0.14714772571253
2.4560000000000	-0.15760427413621
2.4600000000000	-0.16934250306712
2.4640000000000	-0.18257403146372
2.4680000000000	-0.19755405927104
2.4720000000000	-0.21459195970410
2.4760000000000	-0.23406474287688
2.4800000000000	-0.25643418624547
2.4840000000000	-0.28226860204678
2.4880000000000	-0.31227036107663
2.4920000000000	-0.34731032275217
2.4960000000000	-0.38847002524343
2.5000000000000	-0.43709142403661
2.5040000000000	-0.49483122679753
2.5080000000000	-0.56371066919704
2.5120000000000	-0.64613854707848
2.5160000000000	-0.74485961598788
2.5200000000000	-0.86273342200256
2.5240000000000	-1.0021723107514
2.5280000000000	-1.1639719916534
2.5320000000000	-1.3452342408731
2.5360000000000	-1.5363614082378
2.5400000000000	-1.7181565046376
2.5440000000000	-1.8620140276482
2.5480000000000	-1.9371335386313
2.5520000000000	-1.9243460871962
2.5560000000000	-1.8271801976982
2.5600000000000	-1.6696809321716
2.5640000000000	-1.4832019802490
2.5680000000000	-1.2939509404434
2.5720000000000	-1.1181242290245
2.5760000000000	-0.96303752749478
2.5800000000000	-0.83025842991375
2.5840000000000	-0.71837358742968
2.5880000000000	-0.62477252677143
2.5920000000000	-0.54660632044408
2.5960000000000	-0.48122705847878
2.6000000000000	-0.42634658683741
2.6040000000000	-0.38005993827272
2.6080000000000	-0.34081171304440
2.6120000000000	-0.30734398286832
2.6160000000000	-0.27864312109457
2.6200000000000	-0.25389241658053
2.6240000000000	-0.23243239698809
2.6280000000000	-0.21372866542699
2.6320000000000	-0.19734627471772
2.6360000000000	-0.18292948995753
2.6400000000000	-0.17018586624421
2.6440000000000	-0.15887372860397
2.6480000000000	-0.14879231268300
2.6520000000000	-0.13977397903753
2.6560000000000	-0.13167804245273
2.6600000000000	-0.12438586075831
2.6640000000000	-0.11779690837782
2.6680000000000	-0.11182562238819
2.6720000000000	-0.10639885697679
2.6760000000000	-0.10145381908770
2.6800000000000	-0.096936386344330
2.6840000000000	-0.092799730053545
2.6880000000000	-0.089003182804313
2.6920000000000	-0.085511303064466
2.6960000000000	-0.082293099159575
2.7000000000000	-0.079321382774653
2.7040000000000	-0.076572228172013
2.7080000000000	-0.074024518061221
2.7120000000000	-0.071659560789043
2.7160000000000	-0.069460766466100
2.7200000000000	-0.067413371987297
2.7240000000000	-0.065504206767801
2.7280000000000	-0.063721492508651
2.7320000000000	-0.062054671504855
2.7360000000000	-0.060494258975896
2.7400000000000	-0.059031715681594
2.7440000000000	-0.057659337722663
2.7480000000000	-0.056370160944683
2.7520000000000	-0.055157877789168
2.7560000000000	-0.054016764784835
2.7600000000000	-0.052941619160071
2.7640000000000	-0.051927703295880
2.7680000000000	-0.050970695936125
2.7720000000000	-0.050066649236602
2.7760000000000	-0.049211950871671
2.7800000000000	-0.048403290532383
2.7840000000000	-0.047637630246568
2.7880000000000	-0.046912178032773
2.7920000000000	-0.046224364468645
2.7960000000000	-0.045571821812495
2.8000000000000	-0.044952365366282
2.8040000000000	-0.044363976810145
2.8080000000000	-0.043804789274570
2.8120000000000	-0.043273073946919
2.8160000000000	-0.042767228035262
2.8200000000000	-0.042285763935096
2.8240000000000	-0.041827299463945
2.8280000000000	-0.041390549045544
2.8320000000000	-0.040974315739868
2.8360000000000	-0.040577484027765
2.8400000000000	-0.040199013269855
2.8440000000000	-0.039837931768835
2.8480000000000	-0.039493331372569
2.8520000000000	-0.039164362562539
2.8560000000000	-0.038850229978512
2.8600000000000	-0.038550188335837
2.8640000000000	-0.038263538696561
2.8680000000000	-0.037989625059832
2.8720000000000	-0.037727831240798
2.8760000000000	-0.037477578010481
2.8800000000000	-0.037238320472070
2.8840000000000	-0.037009545651537
2.8880000000000	-0.036790770282927
2.8920000000000	-0.036581538770495
2.8960000000000	-0.036381421311831
2.9000000000000	-0.036190012167593
2.9040000000000	-0.036006928064931
2.9080000000000	-0.035831806722963
2.9120000000000	-0.035664305489745
2.9160000000000	-0.035504100081240
2.9200000000000	-0.035350883413669
2.9240000000000	-0.035204364521421
2.9280000000000	-0.035064267553451
2.9320000000000	-0.034930330841737
2.9360000000000	-0.034802306035956
2.9400000000000	-0.034679957299045
2.9440000000000	-0.034563060558822
2.9480000000000	-0.034451402811242
2.9520000000000	-0.034344781471283
2.9560000000000	-0.034243003767732
2.9600000000000	-0.034145886178578
2.9640000000000	-0.034053253903886
2.9680000000000	-0.033964940373355
2.9720000000000	-0.033880786785976
2.9760000000000	-0.033800641679430
2.9800000000000	-0.033724360527044
2.9840000000000	-0.033651805360305
2.9880000000000	-0.033582844415119
2.9920000000000	-0.033517351800109
2.9960000000000	-0.033455207185397
3.0000000000000	-0.033396295510439
3.0040000000000	-0.033340506709612
3.0080000000000	-0.033287735454300
3.0120000000000	-0.033237880910385
3.0160000000000	-0.033190846510076
3.0200000000000	-0.033146539737145
3.0240000000000	-0.033104871924639
3.0280000000000	-0.033065758064302
3.0320000000000	-0.033029116626875
3.0360000000000	-0.032994869392620
3.0400000000000	-0.032962941291393
3.0440000000000	-0.032933260251648
3.0480000000000	-0.032905757057819
3.0520000000000	-0.032880365215551
3.0560000000000	-0.032857020824276
3.0600000000000	-0.032835662456715
3.0640000000000	-0.032816231044832
3.0680000000000	-0.032798669771891
3.0720000000000	-0.032782923970225
3.0760000000000	-0.032768941024366
3.0800000000000	-0.032756670279244
3.0840000000000	-0.032746062953138
3.0880000000000	-0.032737072055085
3.0920000000000	-0.032729652306528
3.0960000000000	-0.032723760066908
3.1000000000000	-0.032719353263025
3.1040000000000	-0.032716391321905
3.1080000000000	-0.032714835107005
3.1120000000000	-0.032714646857568
3.1160000000000	-0.032715790130924
3.1200000000000	-0.032718229747610
3.1240000000000	-0.032721931739125
3.1280000000000	-0.032726863298212
3.1320000000000	-0.032732992731456
3.1360000000000	-0.032740289414182
3.1400000000000	-0.032748723747429
3.1440000000000	-0.032758267116933
3.1480000000000	-0.032768891854035
3.1520000000000	-0.032780571198368
3.1560000000000	-0.032793279262247
3.1600000000000	-0.032806990996693
3.1640000000000	-0.032821682158973
3.1680000000000	-0.032837329281612
3.1720000000000	-0.032853909642767
3.1760000000000	-0.032871401237930
3.1800000000000	-0.032889782752872
3.1840000000000	-0.032909033537756
3.1880000000000	-0.032929133582399
3.1920000000000	-0.032950063492577
3.1960000000000	-0.032971804467375
3.2000000000000	-0.032994338277467
3.2040000000000	-0.033017647244359
3.2080000000000	-0.033041714220468
3.2120000000000	-0.033066522570063
3.2160000000000	-0.033092056150991
3.2200000000000	-0.033118299297154
3.2240000000000	-0.033145236801714
3.2280000000000	-0.033172853900977
3.2320000000000	-0.033201136258954
3.2360000000000	-0.033230069952511
3.2400000000000	-0.033259641457152
3.2440000000000	-0.033289837633351
3.2480000000000	-0.033320645713426
3.2520000000000	-0.033352053288944
3.2560000000000	-0.033384048298608
3.2600000000000	-0.033416619016633
3.2640000000000	-0.033449754041552
3.2680000000000	-0.033483442285479
3.2720000000000	-0.033517672963766
3.2760000000000	-0.033552435585074
3.2800000000000	-0.033587719941791
3.2840000000000	-0.033623516100851
3.2880000000000	-0.033659814394872
3.2920000000000	-0.033696605413629
3.2960000000000	-0.033733879995858
3.3000000000000	-0.033771629221347
3.3040000000000	-0.033809844403323
3.3080000000000	-0.033848517081131
3.3120000000000	-0.033887639013159
3.3160000000000	-0.033927202170034
3.3200000000000	-0.033967198728055
3.3240000000000	-0.034007621062876
3.3280000000000	-0.034048461743392
3.3320000000000	-0.034089713525862
3.3360000000000	-0.034131369348231
3.3400000000000	-0.034173422324649
3.3440000000000	-0.034215865740195
3.3480000000000	-0.034258693045760
3.3520000000000	-0.034301897853145
3.3560000000000	-0.034345473930282
3.3600000000000	-0.034389415196663
3.3640000000000	-0.034433715718886
3.3680000000000	-0.034478369706387
3.3720000000000	-0.034523371507293
3.3760000000000	-0.034568715604422
3.3800000000000	-0.034614396611418
3.3840000000000	-0.034660409269017
3.3880000000000	-0.034706748441423
3.3920000000000	-0.034753409112824
3.3960000000000	-0.034800386384016
3.4000000000000	-0.034847675469116
3.4040000000000	-0.034895271692421
3.4080000000000	-0.034943170485338
3.4120000000000	-0.034991367383418
3.4160000000000	-0.035039858023500
3.4200000000000	-0.035088638140932
3.4240000000000	-0.035137703566883
3.4280000000000	-0.035187050225743
3.4320000000000	-0.035236674132602
3.4360000000000	-0.035286571390818
3.4400000000000	-0.035336738189643
3.4440000000000	-0.035387170801938
3.4480000000000	-0.035437865581950
3.4520000000000	-0.035488818963166
3.4560000000000	-0.035540027456223
3.4600000000000	-0.035591487646890
3.4640000000000	-0.035643196194107
3.4680000000000	-0.035695149828084
3.4720000000000	-0.035747345348460
3.4760000000000	-0.035799779622512
3.4800000000000	-0.035852449583425
3.4840000000000	-0.035905352228603
3.4880000000000	-0.035958484618044
3.4920000000000	-0.036011843872752
3.4960000000000	-0.036065427173195
3.5000000000000	-0.036119231757820
3.5040000000000	-0.036173254921598
3.5080000000000	-0.036227494014616
3.5120000000000	-0.036281946440717
3.5160000000000	-0.036336609656166
3.5200000000000	-0.036391481168363
3.5240000000000	-0.036446558534591
3.5280000000000	-0.036501839360806
3.5320000000000	-0.036557321300436
3.5360000000000	-0.036613002053253
3.5400000000000	-0.036668879364247
3.5440000000000	-0.036724951022535
3.5480000000000	-0.036781214860324
3.5520000000000	-0.036837668751859
3.5560000000000	-0.036894310612453
3.5600000000000	-0.036951138397497
3.5640000000000	-0.037008150101526
3.5680000000000	-0.037065343757299
3.5720000000000	-0.037122717434906
3.5760000000000	-0.037180269240903
3.5800000000000	-0.037237997317463
3.5840000000000	-0.037295899841555
3.5880000000000	-0.037353975024144
3.5920000000000	-0.037412221109413
3.5960000000000	-0.037470636374009
3.6000000000000	-0.037529219126297
3.6040000000000	-0.037587967705643
3.6080000000000	-0.037646880481720
3.6120000000000	-0.037705955853826
3.6160000000000	-0.037765192250213
3.6200000000000	-0.037824588127451
3.6240000000000	-0.037884141969789
3.6280000000000	-0.037943852288550
3.6320000000000	-0.038003717621531
3.6360000000000	-0.038063736532419
3.6400000000000	-0.038123907610221
3.6440000000000	-0.038184229468722
3.6480000000000	-0.038244700745933
3.6520000000000	-0.038305320103579
3.6560000000000	-0.038366086226576
3.6600000000000	-0.038426997822536
3.6640000000000	-0.038488053621282
3.6680000000000	-0.038549252374374
3.6720000000000	-0.038610592854641
3.6760000000000	-0.038672073855736
3.6800000000000	-0.038733694191689
3.6840000000000	-0.038795452696490
3.6880000000000	-0.038857348223649
3.6920000000000	-0.038919379645815
3.6960000000000	-0.038981545854350
3.7000000000000	-0.039043845758958
3.7040000000000	-0.039106278287301
3.7080000000000	-0.039168842384624
3.7120000000000	-0.039231537013399
3.7160000000000	-0.039294361152965
3.7200000000000	-0.039357313799195
3.7240000000000	-0.039420393964149
3.7280000000000	-0.039483600675746
3.7320000000000	-0.039546932977447
3.7360000000000	-0.039610389927949
3.7400000000000	-0.039673970600859
3.7440000000000	-0.039737674084417
3.7480000000000	-0.039801499481188
3.7520000000000	-0.039865445907787
3.7560000000000	-0.039929512494593
3.7600000000000	-0.039993698385488
3.7640000000000	-0.040058002737577
3.7680000000000	-0.040122424720937
3.7720000000000	-0.040186963518367
3.7760000000000	-0.040251618325124
3.7800000000000	-0.040316388348700
3.7840000000000	-0.040381272808572
3.7880000000000	-0.040446270935975
3.7920000000000	-0.040511381973676
3.7960000000000	-0.040576605175748
3.8000000000000	-0.040641939807364
3.8040000000000	-0.040707385144567
3.8080000000000	-0.040772940474089
3.8120000000000	-0.040838605093121
3.8160000000000	-0.040904378309136
3.8200000000000	-0.040970259439685
3.8240000000000	-0.041036247812211
3.8280000000000	-0.041102342763859
3.8320000000000	-0.041168543641306
3.8360000000000	-0.041234849800569
3.8400000000000	-0.041301260606845
3.8440000000000	-0.041367775434332
3.8480000000000	-0.041434393666068
3.8520000000000	-0.041501114693763
3.8560000000000	-0.041567937917648
3.8600000000000	-0.041634862746311
3.8640000000000	-0.041701888596556
3.8680000000000	-0.041769014893236
3.8720000000000	-0.041836241069123
3.8760000000000	-0.041903566564762
3.8800000000000	-0.041970990828323
3.8840000000000	-0.042038513315474
3.8880000000000	-0.042106133489239
3.8920000000000	-0.042173850819872
3.8960000000000	-0.042241664784724
3.9000000000000	-0.042309574868124
3.9040000000000	-0.042377580561244
3.9080000000000	-0.042445681361991
3.9120000000000	-0.042513876774881
3.9160000000000	-0.042582166310921
3.9200000000000	-0.042650549487506
3.9240000000000	-0.042719025828293
3.9280000000000	-0.042787594863104
3.9320000000000	-0.042856256127811
3.9360000000000	-0.042925009164244
3.9400000000000	-0.042993853520068
3.9440000000000	-0.043062788748695
3.9480000000000	-0.043131814409196
3.9520000000000	-0.043200930066181
3.9560000000000	-0.043270135289715
3.9600000000000	-0.043339429655234
3.9640000000000	-0.043408812743442
3.9680000000000	-0.043478284140224
3.9720000000000	-0.043547843436565
3.9760000000000	-0.043617490228454
3.9800000000000	-0.043687224116809
3.9840000000000	-0.043757044707394
3.9880000000000	-0.043826951610727
3.9920000000000	-0.043896944442013
3.9960000000000	-0.043967022821070
4.0000000000000	-0.044037186372229
4.0040000000000	-0.044107434724290
4.0080000000000	-0.044177767510424
4.0120000000000	-0.044248184368118
4.0160000000000	-0.044318684939091
4.0200000000000	-0.044389268869236
4.0240000000000	-0.044459935808544
4.0280000000000	-0.044530685411040
4.0320000000000	-0.044601517334721
4.0360000000000	-0.044672431241488
4.0400000000000	-0.044743426797079
4.0440000000000	-0.044814503671016
4.0480000000000	-0.044885661536545
4.0520000000000	-0.044956900070561
4.0560000000000	-0.045028218953572
4.0600000000000	-0.045099617869618
4.0640000000000	-0.045171096506239
4.0680000000000	-0.045242654554397
4.0720000000000	-0.045314291708437
4.0760000000000	-0.045386007666031
4.0800000000000	-0.045457802128121
4.0840000000000	-0.045529674798871
4.0880000000000	-0.045601625385613
4.0920000000000	-0.045673653598803
4.0960000000000	-0.045745759151975
4.1000000000000	-0.045817941761680
4.1040000000000	-0.045890201147452
4.1080000000000	-0.045962537031752
4.1120000000000	-0.046034949139936
4.1160000000000	-0.046107437200198
4.1200000000000	-0.046180000943530
4.1240000000000	-0.046252640103683
4.1280000000000	-0.046325354417120
4.1320000000000	-0.046398143622981
4.1360000000000	-0.046471007463033
4.1400000000000	-0.046543945681635
4.1440000000000	-0.046616958025706
4.1480000000000	-0.046690044244672
4.1520000000000	-0.046763204090441
4.1560000000000	-0.046836437317359
4.1600000000000	-0.046909743682173
4.1640000000000	-0.046983122944001
4.1680000000000	-0.047056574864288
4.1720000000000	-0.047130099206780
4.1760000000000	-0.047203695737487
4.1800000000000	-0.047277364224646
4.1840000000000	-0.047351104438687
4.1880000000000	-0.047424916152214
4.1920000000000	-0.047498799139956
4.1960000000000	-0.047572753178747
4.2000000000000	-0.047646778047487
4.2040000000000	-0.047720873527122
4.2080000000000	-0.047795039400605
4.2120000000000	-0.047869275452869
4.2160000000000	-0.047943581470805
4.2200000000000	-0.048017957243223
4.2240000000000	-0.048092402560832
4.2280000000000	-0.048166917216209
4.2320000000000	-0.048241501003776
4.2360000000000	-0.048316153719769
4.2400000000000	-0.048390875162215
4.2440000000000	-0.048465665130900
4.2480000000000	-0.048540523427361
4.2520000000000	-0.048615449854839
4.2560000000000	-0.048690444218267
4.2600000000000	-0.048765506324252
4.2640000000000	-0.048840635981032
4.2680000000000	-0.048915832998476
4.2720000000000	-0.048991097188044
4.2760000000000	-0.049066428362768
4.2800000000000	-0.049141826337242
4.2840000000000	-0.049217290927579
4.2880000000000	-0.049292821951412
4.2920000000000	-0.049368419227859
4.2960000000000	-0.049444082577499
4.3000000000000	-0.049519811822369
4.3040000000000	-0.049595606785928
4.3080000000000	-0.049671467293042
4.3120000000000	-0.049747393169971
4.3160000000000	-0.049823384244340
4.3200000000000	-0.049899440345124
4.3240000000000	-0.049975561302633
4.3280000000000	-0.050051746948490
4.3320000000000	-0.050127997115614
4.3360000000000	-0.050204311638203
4.3400000000000	-0.050280690351716
4.3440000000000	-0.050357133092857
4.3480000000000	-0.050433639699554
4.3520000000000	-0.050510210010949
4.3560000000000	-0.050586843867382
4.3600000000000	-0.050663541110362
4.3640000000000	-0.050740301582571
4.3680000000000	-0.050817125127829
4.3720000000000	-0.050894011591097
4.3760000000000	-0.050970960818448
4.3800000000000	-0.051047972657053
4.3840000000000	-0.051125046955177
4.3880000000000	-0.051202183562158
4.3920000000000	-0.051279382328391
4.3960000000000	-0.051356643105313
4.4000000000000	-0.051433965745396
4.4040000000000	-0.051511350102130
4.4080000000000	-0.051588796030005
4.4120000000000	-0.051666303384509
4.4160000000000	-0.051743872022103
4.4200000000000	-0.051821501800215
4.4240000000000	-0.051899192577226
4.4280000000000	-0.051976944212458
4.4320000000000	-0.052054756566163
4.4360000000000	-0.052132629499506
4.4400000000000	-0.052210562874557
4.4440000000000	-0.052288556554287
4.4480000000000	-0.052366610402536
4.4520000000000	-0.052444724284020
4.4560000000000	-0.052522898064320
4.4600000000000	-0.052601131609857
4.4640000000000	-0.052679424787892
4.4680000000000	-0.052757777466513
4.4720000000000	-0.052836189514626
4.4760000000000	-0.052914660801940
4.4800000000000	-0.052993191198960
4.4840000000000	-0.053071780576978
4.4880000000000	-0.053150428808063
4.4920000000000	-0.053229135765050
4.4960000000000	-0.053307901321524
4.5000000000000	-0.053386725351825
4.5040000000000	-0.053465607731027
4.5080000000000	-0.053544548334933
4.5120000000000	-0.053623547040065
4.5160000000000	-0.053702603723656
4.5200000000000	-0.053781718263641
4.5240000000000	-0.053860890538646
4.5280000000000	-0.053940120427982
4.5320000000000	-0.054019407811640
4.5360000000000	-0.054098752570271
4.5400000000000	-0.054178154585190
4.5440000000000	-0.054257613738365
4.5480000000000	-0.054337129912403
4.5520000000000	-0.054416702990549
4.5560000000000	-0.054496332856677
4.5600000000000	-0.054576019395276
4.5640000000000	-0.054655762491454
4.5680000000000	-0.054735562030917
4.5720000000000	-0.054815417899978
4.5760000000000	-0.054895329985528
4.5800000000000	-0.054975298175056
4.5840000000000	-0.055055322356613
4.5880000000000	-0.055135402418832
4.5920000000000	-0.055215538250900
4.5960000000000	-0.055295729742564
4.6000000000000	-0.055375976784119
4.6040000000000	-0.055456279266401
4.6080000000000	-0.055536637080786
4.6120000000000	-0.055617050119178
4.6160000000000	-0.055697518274002
4.6200000000000	-0.055778041438205
4.6240000000000	-0.055858619505242
4.6280000000000	-0.055939252369075
4.6320000000000	-0.056019939924161
4.6360000000000	-0.056100682065458
4.6400000000000	-0.056181478688402
4.6440000000000	-0.056262329688922
4.6480000000000	-0.056343234963414
4.6520000000000	-0.056424194408747
4.6560000000000	-0.056505207922258
4.6600000000000	-0.056586275401742
4.6640000000000	-0.056667396745444
4.6680000000000	-0.056748571852067
4.6720000000000	-0.056829800620751
4.6760000000000	-0.056911082951076
4.6800000000000	-0.056992418743059
4.6840000000000	-0.057073807897141
4.6880000000000	-0.057155250314190
4.6920000000000	-0.057236745895493
4.6960000000000	-0.057318294542750
4.7000000000000	-0.057399896158067
4.7040000000000	-0.057481550643965
4.7080000000000	-0.057563257903352
4.7120000000000	-0.057645017839541
4.7160000000000	-0.057726830356231
4.7200000000000	-0.057808695357513
4.7240000000000	-0.057890612747854
4.7280000000000	-0.057972582432103
4.7320000000000	-0.058054604315480
4.7360000000000	-0.058136678303579
4.7400000000000	-0.058218804302352
4.7440000000000	-0.058300982218117
4.7480000000000	-0.058383211957551
4.7520000000000	-0.058465493427680
4.7560000000000	-0.058547826535883
4.7600000000000	-0.058630211189879
4.7640000000000	-0.058712647297735
4.7680000000000	-0.058795134767848
4.7720000000000	-0.058877673508957
4.7760000000000	-0.058960263430125
4.7800000000000	-0.059042904440746
4.7840000000000	-0.059125596450534
4.7880000000000	-0.059208339369525
4.7920000000000	-0.059291133108069
4.7960000000000	-0.059373977576826
4.8000000000000	-0.059456872686774
4.8040000000000	-0.059539818349185
4.8080000000000	-0.059622814475642
4.8120000000000	-0.059705860978024
4.8160000000000	-0.059788957768503
4.8200000000000	-0.059872104759549
4.8240000000000	-0.059955301863919
4.8280000000000	-0.060038548994652
4.8320000000000	-0.060121846065082
4.8360000000000	-0.060205192988807
4.8400000000000	-0.060288589679714
4.8440000000000	-0.060372036051961
4.8480000000000	-0.060455532019976
4.8520000000000	-0.060539077498457
4.8560000000000	-0.060622672402365
4.8600000000000	-0.060706316646925
4.8640000000000	-0.060790010147620
4.8680000000000	-0.060873752820197
4.8720000000000	-0.060957544580649
4.8760000000000	-0.061041385345220
4.8800000000000	-0.061125275030415
4.8840000000000	-0.061209213552968
4.8880000000000	-0.061293200829870
4.8920000000000	-0.061377236778350
4.8960000000000	-0.061461321315870
4.9000000000000	-0.061545454360137
4.9040000000000	-0.061629635829085
4.9080000000000	-0.061713865640882
4.9120000000000	-0.061798143713921
4.9160000000000	-0.061882469966829
4.9200000000000	-0.061966844318449
4.9240000000000	-0.062051266687851
4.9280000000000	-0.062135736994321
4.9320000000000	-0.062220255157365
4.9360000000000	-0.062304821096704
4.9400000000000	-0.062389434732268
4.9440000000000	-0.062474095984201
4.9480000000000	-0.062558804772854
4.9520000000000	-0.062643561018786
4.9560000000000	-0.062728364642757
4.9600000000000	-0.062813215565731
4.9640000000000	-0.062898113708874
4.9680000000000	-0.062983058993541
4.9720000000000	-0.063068051341297
4.9760000000000	-0.063153090673890
4.9800000000000	-0.063238176913262
4.9840000000000	-0.063323309981549
4.9880000000000	-0.063408489801072
4.9920000000000	-0.063493716294336
4.9960000000000	-0.063578989384037
5.0000000000000	-0.063664308993051
#Parameters = {D_center=12; L1=20; L2=2; L3=2; L4=15; L_diff=2.83; L_sub=53.66; W_50=1.36; W_sub=53.66; Z_mid=26.83; cm=0.3; ct=12; g_slot=0.8; h1=2; h2=2; h3=2; h4=2; h_sub=0.4; hole_puncher=0.87365; hole_puncher1=0.9; margin=1.92; needle_radius=0.635; nutrient_solution=0.01; pipe_OD=50; pipe_Ri=8; pipe_Ro=10; r_SRR=24; r_SRR_in=21.6; sigma_fluid=0.5; spacing=0.4; t_PDMS_microstrip=0.35; t_SRR=0.07; t_gnd=0.07; t_metal=0.5; t_microstrip=0.07; t_wall=2; w_channel=2; w_diff=2.83}
#"Frequency / GHz"	"S1,1 (4) [Magnitude / dB]"
#---------------------------------------------
1.0000000000000	-0.0066837664628655
1.0040000000000	-0.0066780382628071
1.0080000000000	-0.0066724964465958
1.0120000000000	-0.0066671417747287
1.0160000000000	-0.0066619750190977
1.0200000000000	-0.0066569969632094
1.0240000000000	-0.0066522084024085
1.0280000000000	-0.0066476101441068
1.0320000000000	-0.0066432030080134
1.0360000000000	-0.0066389878263832
1.0400000000000	-0.0066349654442511
1.0440000000000	-0.0066311367196918
1.0480000000000	-0.0066275025240635
1.0520000000000	-0.0066240637422877
1.0560000000000	-0.0066208212730922
1.0600000000000	-0.0066177760293076
1.0640000000000	-0.0066149289381317
1.0680000000000	-0.0066122809414199
1.0720000000000	-0.0066098329959787
1.0760000000000	-0.0066075860738631
1.0800000000000	-0.0066055411626812
1.0840000000000	-0.0066036992659122
1.0880000000000	-0.0066020614032173
1.0920000000000	-0.0066006286107765
1.0960000000000	-0.0065994019416182
1.1000000000000	-0.0065983824659593
1.1040000000000	-0.0065975712715647
1.1080000000000	-0.0065969694640957
1.1120000000000	-0.0065965781674873
1.1160000000000	-0.0065963985243132
1.1200000000000	-0.0065964316961781
1.1240000000000	-0.0065966788641134
1.1280000000000	-0.0065971412289694
1.1320000000000	-0.0065978200118394
1.1360000000000	-0.0065987164544758
1.1400000000000	-0.0065998318197257
1.1440000000000	-0.0066011673919732
1.1480000000000	-0.0066027244775866
1.1520000000000	-0.0066045044053964
1.1560000000000	-0.0066065085271581
1.1600000000000	-0.0066087382180503
1.1640000000000	-0.0066111948771606
1.1680000000000	-0.0066138799280120
1.1720000000000	-0.0066167948190768
1.1760000000000	-0.0066199410243181
1.1800000000000	-0.0066233200437358
1.1840000000000	-0.0066269334039356
1.1880000000000	-0.0066307826587040
1.1920000000000	-0.0066348693895973
1.1960000000000	-0.0066391952065561
1.2000000000000	-0.0066437617485223
1.2040000000000	-0.0066485706840768
1.2080000000000	-0.0066536237120958
1.2120000000000	-0.0066589225624178
1.2160000000000	-0.0066644689965357
1.2200000000000	-0.0066702648083045
1.2240000000000	-0.0066763118246492
1.2280000000000	-0.0066826119063260
1.2320000000000	-0.0066891669486739
1.2360000000000	-0.0066959788823923
1.2400000000000	-0.0067030496743453
1.2440000000000	-0.0067103813283878
1.2480000000000	-0.0067179758862001
1.2520000000000	-0.0067258354281609
1.2560000000000	-0.0067339620742276
1.2600000000000	-0.0067423579848565
1.2640000000000	-0.0067510253619303
1.2680000000000	-0.0067599664497241
1.2720000000000	-0.0067691835358887
1.2760000000000	-0.0067786789524640
1.2800000000000	-0.0067884550769192
1.2840000000000	-0.0067985143332185
1.2880000000000	-0.0068088591929213
1.2920000000000	-0.0068194921763055
1.2960000000000	-0.0068304158535232
1.3000000000000	-0.0068416328457974
1.3040000000000	-0.0068531458266314
1.3080000000000	-0.0068649575230709
1.3120000000000	-0.0068770707170006
1.3160000000000	-0.0068894882464571
1.3200000000000	-0.0069022130069913
1.3240000000000	-0.0069152479530800
1.3280000000000	-0.0069285960995618
1.3320000000000	-0.0069422605231130
1.3360000000000	-0.0069562443637693
1.3400000000000	-0.0069705508264996
1.3440000000000	-0.0069851831828080
1.3480000000000	-0.0070001447723963
1.3520000000000	-0.0070154390048557
1.3560000000000	-0.0070310693614401
1.3600000000000	-0.0070470393968499
1.3640000000000	-0.0070633527410956
1.3680000000000	-0.0070800131014112
1.3720000000000	-0.0070970242642158
1.3760000000000	-0.0071143900971370
1.3800000000000	-0.0071321145510926
1.3840000000000	-0.0071502016624440
1.3880000000000	-0.0071686555551929
1.3920000000000	-0.0071874804432659
1.3960000000000	-0.0072066806328524
1.4000000000000	-0.0072262605248219
1.4040000000000	-0.0072462246171988
1.4080000000000	-0.0072665775077431
1.4120000000000	-0.0072873238965717
1.4160000000000	-0.0073084685888881
1.4200000000000	-0.0073300164977900
1.4240000000000	-0.0073519726471445
1.4280000000000	-0.0073743421745827
1.4320000000000	-0.0073971303345709
1.4360000000000	-0.0074203425015674
1.4400000000000	-0.0074439841732975
1.4440000000000	-0.0074680609741317
1.4480000000000	-0.0074925786585458
1.4520000000000	-0.0075175431147200
1.4560000000000	-0.0075429603682429
1.4600000000000	-0.0075688365859175
1.4640000000000	-0.0075951780797172
1.4680000000000	-0.0076219913108546
1.4720000000000	-0.0076492828939779
1.4760000000000	-0.0076770596015153
1.4800000000000	-0.0077053283681515
1.4840000000000	-0.0077340962954579
1.4880000000000	-0.0077633706566829
1.4920000000000	-0.0077931589016739
1.4960000000000	-0.0078234686619955
1.5000000000000	-0.0078543077561989
1.5040000000000	-0.0078856841952741
1.5080000000000	-0.0079176061882882
1.5120000000000	-0.0079500821482094
1.5160000000000	-0.0079831206979351
1.5200000000000	-0.0080167306765213
1.5240000000000	-0.0080509211456356
1.5280000000000	-0.0080857013962125
1.5320000000000	-0.0081210809553640
1.5360000000000	-0.0081570695935252
1.5400000000000	-0.0081936773318232
1.5440000000000	-0.0082309144497533
1.5480000000000	-0.0082687914930803
1.5520000000000	-0.0083073192820509
1.5560000000000	-0.0083465089198921
1.5600000000000	-0.0083863718015937
1.5640000000000	-0.0084269196230471
1.5680000000000	-0.0084681643904791
1.5720000000000	-0.0085101184302429
1.5760000000000	-0.0085527943989752
1.5800000000000	-0.0085962052941026
1.5840000000000	-0.0086403644647716
1.5880000000000	-0.0086852856231492
1.5920000000000	-0.0087309828561626
1.5960000000000	-0.0087774706376852
1.6000000000000	-0.0088247638411600
1.6040000000000	-0.0088728777527235
1.6080000000000	-0.0089218280848135
1.6120000000000	-0.0089716309903118
1.6160000000000	-0.0090223030772128
1.6200000000000	-0.0090738614238795
1.6240000000000	-0.0091263235948673
1.6280000000000	-0.0091797076574014
1.6320000000000	-0.0092340321984647
1.6360000000000	-0.0092893163425743
1.6400000000000	-0.0093455797702836
1.6440000000000	-0.0094028427373836
1.6480000000000	-0.0094611260949099
1.6520000000000	-0.0095204513099330
1.6560000000000	-0.0095808404872126
1.6600000000000	-0.0096423163917104
1.6640000000000	-0.0097049024720508
1.6680000000000	-0.0097686228849305
1.6720000000000	-0.0098335025205513
1.6760000000000	-0.0098995670291025
1.6800000000000	-0.0099668428483742
1.6840000000000	-0.010035357232512
1.6880000000000	-0.010105138281998
1.6920000000000	-0.010176214974922
1.6960000000000	-0.010248617199584
1.7000000000000	-0.010322375788502
1.7040000000000	-0.010397522553902
1.7080000000000	-0.010474090324753
1.7120000000000	-0.010552112985440
1.7160000000000	-0.010631625516124
1.7200000000000	-0.010712664034911
1.7240000000000	-0.010795265841908
1.7280000000000	-0.010879469465259
1.7320000000000	-0.010965314709249
1.7360000000000	-0.011052842704624
1.7400000000000	-0.011142095961198
1.7440000000000	-0.011233118422896
1.7480000000000	-0.011325955525340
1.7520000000000	-0.011420654256130
1.7560000000000	-0.011517263217961
1.7600000000000	-0.011615832694710
1.7640000000000	-0.011716414720680
1.7680000000000	-0.011819063153162
1.7720000000000	-0.011923833748473
1.7760000000000	-0.012030784241713
1.7800000000000	-0.012139974430392
1.7840000000000	-0.012251466262179
1.7880000000000	-0.012365323926984
1.7920000000000	-0.012481613953647
1.7960000000000	-0.012600405311443
1.8000000000000	-0.012721769516751
1.8040000000000	-0.012845780745102
1.8080000000000	-0.012972515949005
1.8120000000000	-0.013102054981809
1.8160000000000	-0.013234480728013
1.8200000000000	-0.013369879240391
1.8240000000000	-0.013508339884302
1.8280000000000	-0.013649955489699
1.8320000000000	-0.013794822511201
1.8360000000000	-0.013943041196808
1.8400000000000	-0.014094715765733
1.8440000000000	-0.014249954595953
1.8480000000000	-0.014408870422051
1.8520000000000	-0.014571580544016
1.8560000000000	-0.014738207047697
1.8600000000000	-0.014908877037631
1.8640000000000	-0.015083722883077
1.8680000000000	-0.015262882478055
1.8720000000000	-0.015446499516373
1.8760000000000	-0.015634723782558
1.8800000000000	-0.015827711459783
1.8840000000000	-0.016025625455930
1.8880000000000	-0.016228635748968
1.8920000000000	-0.016436919753003
1.8960000000000	-0.016650662706370
1.9000000000000	-0.016870058083317
1.9040000000000	-0.017095308030893
1.9080000000000	-0.017326623832826
1.9120000000000	-0.017564226402276
1.9160000000000	-0.017808346805520
1.9200000000000	-0.018059226818805
1.9240000000000	-0.018317119520731
1.9280000000000	-0.018582289922805
1.9320000000000	-0.018855015640916
1.9360000000000	-0.019135587610813
1.9400000000000	-0.019424310850854
1.9440000000000	-0.019721505275595
1.9480000000000	-0.020027506564088
1.9520000000000	-0.020342667087104
1.9560000000000	-0.020667356897810
1.9600000000000	-0.021001964790907
1.9640000000000	-0.021346899435575
1.9680000000000	-0.021702590588158
1.9720000000000	-0.022069490390909
1.9760000000000	-0.022448074763861
1.9800000000000	-0.022838844897378
1.9840000000000	-0.023242328853701
1.9880000000000	-0.023659083286608
1.9920000000000	-0.024089695289068
1.9960000000000	-0.024534784379808
2.0000000000000	-0.024995004640655
2.0040000000000	-0.025471047017734
2.0080000000000	-0.025963641800822
2.0120000000000	-0.026473561296587
2.0160000000000	-0.027001622712976
2.0200000000000	-0.027548691273771
2.0240000000000	-0.028115683584205
2.0280000000000	-0.028703571270716
2.0320000000000	-0.029313384920219
2.0360000000000	-0.029946218346989
2.0400000000000	-0.030603233218101
2.0440000000000	-0.031285664071758
2.0480000000000	-0.031994823766395
2.0520000000000	-0.032732109402603
2.0560000000000	-0.033499008764499
2.0600000000000	-0.034297107332271
2.0640000000000	-0.035128095923373
2.0680000000000	-0.035993779026311
2.0720000000000	-0.036896083898235
2.0760000000000	-0.037837070505601
2.0800000000000	-0.038818942396449
2.0840000000000	-0.039844058603052
2.0880000000000	-0.040914946685412
2.0920000000000	-0.042034317039143
2.0960000000000	-0.043205078606105
2.1000000000000	-0.044430356142973
2.1040000000000	-0.045713509221732
2.1080000000000	-0.047058153157711
2.1120000000000	-0.048468182084883
2.1160000000000	-0.049947794425840
2.1200000000000	-0.051501521035000
2.1240000000000	-0.053134256329051
2.1280000000000	-0.054851292758899
2.1320000000000	-0.056658359023027
2.1360000000000	-0.058561662474034
2.1400000000000	-0.060567936229024
2.1440000000000	-0.062684491561358
2.1480000000000	-0.064919276227020
2.1520000000000	-0.067280939464905
2.1560000000000	-0.069778904507398
2.1600000000000	-0.072423449547642
2.1640000000000	-0.075225798233495
2.1680000000000	-0.078198220897419
2.1720000000000	-0.081354147886801
2.1760000000000	-0.084708296532415
2.1800000000000	-0.088276813483366
2.1840000000000	-0.092077434345782
2.1880000000000	-0.096129662787477
2.1920000000000	-0.10045497150921
2.1960000000000	-0.10507702772920
2.2000000000000	-0.11002194607103
2.2040000000000	-0.11531857197139
2.2080000000000	-0.12099879890892
2.2120000000000	-0.12709792286440
2.2160000000000	-0.13365503740325
2.2200000000000	-0.14071347254961
2.2240000000000	-0.14832128008982
2.2280000000000	-0.15653176694975
2.2320000000000	-0.16540407662076
2.2360000000000	-0.17500381596354
2.2400000000000	-0.18540372068272
2.2440000000000	-0.19668434676632
2.2480000000000	-0.20893476644676
2.2520000000000	-0.22225323472051
2.2560000000000	-0.23674777477995
2.2600000000000	-0.25253660607718
2.2640000000000	-0.26974830490582
2.2680000000000	-0.28852154164464
2.2720000000000	-0.30900417811528
2.2760000000000	-0.33135142985586
2.2800000000000	-0.35572269934726
2.2840000000000	-0.38227656761588
2.2880000000000	-0.41116329864606
2.2920000000000	-0.44251407886573
2.2960000000000	-0.47642611436527
2.3000000000000	-0.51294269888027
2.3040000000000	-0.55202753917551
2.3080000000000	-0.59353311729201
2.3120000000000	-0.63716385386370
2.3160000000000	-0.68243648679514
2.3200000000000	-0.72864248008788
2.3240000000000	-0.77482026502346
2.3280000000000	-0.81974806291631
2.3320000000000	-0.86196968087385
2.3360000000000	-0.89986419098102
2.3400000000000	-0.93176404160549
2.3440000000000	-0.95611445618618
2.3480000000000	-0.97165221799830
2.3520000000000	-0.97756950874457
2.3560000000000	-0.97362504087328
2.3600000000000	-0.96017436791246
2.3640000000000	-0.93811192621999
2.3680000000000	-0.90874096326193
2.3720000000000	-0.87360430010041
2.3760000000000	-0.83431309087791
2.3800000000000	-0.79240319581590
2.3840000000000	-0.74923506401058
2.3880000000000	-0.70593946927021
2.3920000000000	-0.66340207925174
2.3960000000000	-0.62227563706963
2.4000000000000	-0.58300839318381
2.4040000000000	-0.54587954951825
2.4080000000000	-0.51103532496304
2.4120000000000	-0.47852187453457
2.4160000000000	-0.44831329154648
2.4200000000000	-0.42033424274536
2.4240000000000	-0.39447754726536
2.4280000000000	-0.37061737385594
2.4320000000000	-0.34861884403681
2.4360000000000	-0.32834480200330
2.4400000000000	-0.30966041878986
2.4440000000000	-0.29243618274606
2.4480000000000	-0.27654971486252
2.4520000000000	-0.26188674715606
2.4560000000000	-0.24834151900219
2.4600000000000	-0.23581677987234
2.4640000000000	-0.22422353547855
2.4680000000000	-0.21348063532670
2.4720000000000	-0.20351427061688
2.4760000000000	-0.19425743007929
2.4800000000000	-0.18564934584459
2.4840000000000	-0.17763495034411
2.4880000000000	-0.17016435737065
2.4920000000000	-0.16319237493517
2.4960000000000	-0.15667805377369
2.5000000000000	-0.15058427280953
2.5040000000000	-0.14487736120289
2.5080000000000	-0.13952675556339
2.5120000000000	-0.13450469027551
2.5160000000000	-0.12978591855611
2.5200000000000	-0.12534746173213
2.5240000000000	-0.12116838422699
2.5280000000000	-0.11722959182792
2.5320000000000	-0.11351365094079
2.5360000000000	-0.11000462670025
2.5400000000000	-0.10668793797655
2.5440000000000	-0.10355022749548
2.5480000000000	-0.10057924545777
2.5520000000000	-0.097763745206023
2.5560000000000	-0.095093389636974
2.5600000000000	-0.092558667195225
2.5640000000000	-0.090150816410220
2.5680000000000	-0.087861758051891
2.5720000000000	-0.085684034082497
2.5760000000000	-0.083610752673669
2.5800000000000	-0.081635538639253
2.5840000000000	-0.079752488707121
2.5880000000000	-0.077956131117654
2.5920000000000	-0.076241389093757
2.5960000000000	-0.074603547778086
2.6000000000000	-0.073038224277916
2.6040000000000	-0.071541340497976
2.6080000000000	-0.070109098476691
2.6120000000000	-0.068737957972413
2.6160000000000	-0.067424616073844
2.6200000000000	-0.066165988633229
2.6240000000000	-0.064959193342529
2.6280000000000	-0.063801534291990
2.6320000000000	-0.062690487867488
2.6360000000000	-0.061623689858175
2.6400000000000	-0.060598923659241
2.6440000000000	-0.059614109466671
2.6480000000000	-0.058667294371329
2.6520000000000	-0.057756643269178
2.6560000000000	-0.056880430512896
2.6600000000000	-0.056037032237524
2.6640000000000	-0.055224919299543
2.6680000000000	-0.054442650774747
2.6720000000000	-0.053688867965561
2.6760000000000	-0.052962288873234
2.6800000000000	-0.052261703094686
2.6840000000000	-0.051585967107510
2.6880000000000	-0.050933999910126
2.6920000000000	-0.050304778987176
2.6960000000000	-0.049697336572998
2.7000000000000	-0.049110756188512
2.7040000000000	-0.048544169429111
2.7080000000000	-0.047996752983161
2.7120000000000	-0.047467725862563
2.7160000000000	-0.046956346828429
2.7200000000000	-0.046461911996469
2.7240000000000	-0.045983752607997
2.7280000000000	-0.045521232953692
2.7320000000000	-0.045073748438348
2.7360000000000	-0.044640723775863
2.7400000000000	-0.044221611304612
2.7440000000000	-0.043815889414153
2.7480000000000	-0.043423061075028
2.7520000000000	-0.043042652464029
2.7560000000000	-0.042674211677944
2.7600000000000	-0.042317307529408
2.7640000000000	-0.041971528418906
2.7680000000000	-0.041636481277557
2.7720000000000	-0.041311790575623
2.7760000000000	-0.040997097392175
2.7800000000000	-0.040692058541630
2.7840000000000	-0.040396345753290
2.7880000000000	-0.040109644900180
2.7920000000000	-0.039831655273916
2.7960000000000	-0.039562088902459
2.8000000000000	-0.039300669907896
2.8040000000000	-0.039047133901624
2.8080000000000	-0.038801227414435
2.8120000000000	-0.038562707359265
2.8160000000000	-0.038331340524480
2.8200000000000	-0.038106903095710
2.8240000000000	-0.037889180204463
2.8280000000000	-0.037677965501792
2.8320000000000	-0.037473060755441
2.8360000000000	-0.037274275469025
2.8400000000000	-0.037081426521859
2.8440000000000	-0.036894337828209
2.8480000000000	-0.036712840014720
2.8520000000000	-0.036536770114979
2.8560000000000	-0.036365971280167
2.8600000000000	-0.036200292504801
2.8640000000000	-0.036039588366754
2.8680000000000	-0.035883718780634
2.8720000000000	-0.035732548763785
2.8760000000000	-0.035585948214181
2.8800000000000	-0.035443791699508
2.8840000000000	-0.035305958256797
2.8880000000000	-0.035172331202039
2.8920000000000	-0.035042797949183
2.8960000000000	-0.034917249838009
2.9000000000000	-0.034795581970386
2.9040000000000	-0.034677693054443
2.9080000000000	-0.034563485256223
2.9120000000000	-0.034452864058416
2.9160000000000	-0.034345738125789
2.9200000000000	-0.034242019176933
2.9240000000000	-0.034141621862030
2.9280000000000	-0.034044463646273
2.9320000000000	-0.033950464698675
2.9360000000000	-0.033859547785986
2.9400000000000	-0.033771638171414
2.9440000000000	-0.033686663517957
2.9480000000000	-0.033604553796062
2.9520000000000	-0.033525241195411
2.9560000000000	-0.033448660040637
2.9600000000000	-0.033374746710733
2.9640000000000	-0.033303439562017
2.9680000000000	-0.033234678854440
2.9720000000000	-0.033168406681086
2.9760000000000	-0.033104566900703
2.9800000000000	-0.033043105073128
2.9840000000000	-0.032983968397449
2.9880000000000	-0.032927105652767
2.9920000000000	-0.032872467141483
2.9960000000000	-0.032820004634905
3.0000000000000	-0.032769671321146
3.0040000000000	-0.032721421755156
3.0080000000000	-0.032675211810807
3.0120000000000	-0.032630998634930
3.0160000000000	-0.032588740603209
3.0200000000000	-0.032548397277867
3.0240000000000	-0.032509929367029
3.0280000000000	-0.032473298685716
3.0320000000000	-0.032438468118380
3.0360000000000	-0.032405401582907
3.0400000000000	-0.032374063996044
3.0440000000000	-0.032344421240160
3.0480000000000	-0.032316440131306
3.0520000000000	-0.032290088388474
3.0560000000000	-0.032265334604086
3.0600000000000	-0.032242148215555
3.0640000000000	-0.032220499477951
3.0680000000000	-0.032200359437694
3.0720000000000	-0.032181699907222
3.0760000000000	-0.032164493440615
3.0800000000000	-0.032148713310107
3.0840000000000	-0.032134333483486
3.0880000000000	-0.032121328602304
3.0920000000000	-0.032109673960889
3.0960000000000	-0.032099345486112
3.1000000000000	-0.032090319717897
3.1040000000000	-0.032082573790425
3.1080000000000	-0.032076085413996
3.1120000000000	-0.032070832857558
3.1160000000000	-0.032066794931841
3.1200000000000	-0.032063950973081
3.1240000000000	-0.032062280827328
3.1280000000000	-0.032061764835278
3.1320000000000	-0.032062383817655
3.1360000000000	-0.032064119061083
3.1400000000000	-0.032066952304439
3.1440000000000	-0.032070865725680
3.1480000000000	-0.032075841929120
3.1520000000000	-0.032081863933128
3.1560000000000	-0.032088915158242
3.1600000000000	-0.032096979415682
3.1640000000000	-0.032106040896250
3.1680000000000	-0.032116084159591
3.1720000000000	-0.032127094123809
3.1760000000000	-0.032139056055426
3.1800000000000	-0.032151955559672
3.1840000000000	-0.032165778571089
3.1880000000000	-0.032180511344421
3.1920000000000	-0.032196140445839
3.1960000000000	-0.032212652744401
3.2000000000000	-0.032230035403817
3.2040000000000	-0.032248275874457
3.2080000000000	-0.032267361885628
3.2120000000000	-0.032287281438070
3.2160000000000	-0.032308022796721
3.2200000000000	-0.032329574483666
3.2240000000000	-0.032351925271348
3.2280000000000	-0.032375064175955
3.2320000000000	-0.032398980451028
3.2360000000000	-0.032423663581259
3.2400000000000	-0.032449103276479
3.2440000000000	-0.032475289465830
3.2480000000000	-0.032502212292108
3.2520000000000	-0.032529862106289
3.2560000000000	-0.032558229462196
3.2600000000000	-0.032587305111350
3.2640000000000	-0.032617079997964
3.2680000000000	-0.032647545254070
3.2720000000000	-0.032678692194820
3.2760000000000	-0.032710512313897
3.2800000000000	-0.032742997279071
3.2840000000000	-0.032776138927898
3.2880000000000	-0.032809929263505
3.2920000000000	-0.032844360450544
3.2960000000000	-0.032879424811228
3.3000000000000	-0.032915114821489
3.3040000000000	-0.032951423107257
3.3080000000000	-0.032988342440826
3.3120000000000	-0.033025865737334
3.3160000000000	-0.033063986051345
3.3200000000000	-0.033102696573512
3.3240000000000	-0.033141990627352
3.3280000000000	-0.033181861666093
3.3320000000000	-0.033222303269613
3.3360000000000	-0.033263309141483
3.3400000000000	-0.033304873106051
3.3440000000000	-0.033346989105649
3.3480000000000	-0.033389651197840
3.3520000000000	-0.033432853552773
3.3560000000000	-0.033476590450567
3.3600000000000	-0.033520856278819
3.3640000000000	-0.033565645530124
3.3680000000000	-0.033610952799705
3.3720000000000	-0.033656772783076
3.3760000000000	-0.033703100273794
3.3800000000000	-0.033749930161231
3.3840000000000	-0.033797257428451
3.3880000000000	-0.033845077150112
3.3920000000000	-0.033893384490424
3.3960000000000	-0.033942174701175
3.4000000000000	-0.033991443119805
3.4040000000000	-0.034041185167505
3.4080000000000	-0.034091396347404
3.4120000000000	-0.034142072242769
3.4160000000000	-0.034193208515275
3.4200000000000	-0.034244800903300
3.4240000000000	-0.034296845220272
3.4280000000000	-0.034349337353061
3.4320000000000	-0.034402273260406
3.4360000000000	-0.034455648971381
3.4400000000000	-0.034509460583904
3.4440000000000	-0.034563704263272
3.4480000000000	-0.034618376240750
3.4520000000000	-0.034673472812179
3.4560000000000	-0.034728990336622
3.4600000000000	-0.034784925235055
3.4640000000000	-0.034841273989065
3.4680000000000	-0.034898033139608
3.4720000000000	-0.034955199285775
3.4760000000000	-0.035012769083605
3.4800000000000	-0.035070739244905
3.4840000000000	-0.035129106536124
3.4880000000000	-0.035187867777230
3.4920000000000	-0.035247019840637
3.4960000000000	-0.035306559650133
3.5000000000000	-0.035366484179850
3.5040000000000	-0.035426790453261
3.5080000000000	-0.035487475542174
3.5120000000000	-0.035548536565796
3.5160000000000	-0.035609970689764
3.5200000000000	-0.035671775125241
3.5240000000000	-0.035733947128018
3.5280000000000	-0.035796483997629
3.5320000000000	-0.035859383076504
3.5360000000000	-0.035922641749116
3.5400000000000	-0.035986257441179
3.5440000000000	-0.036050227618839
3.5480000000000	-0.036114549787894
3.5520000000000	-0.036179221493022
3.5560000000000	-0.036244240317057
3.5600000000000	-0.036309603880225
3.5640000000000	-0.036375309839461
3.5680000000000	-0.036441355887694
3.5720000000000	-0.036507739753168
3.5760000000000	-0.036574459198776
3.5800000000000	-0.036641512021403
3.5840000000000	-0.036708896051296
3.5880000000000	-0.036776609151431
3.5920000000000	-0.036844649216906
3.5960000000000	-0.036913014174347
3.6000000000000	-0.036981701981312
3.6040000000000	-0.037050710625737
3.6080000000000	-0.037120038125357
3.6120000000000	-0.037189682527175
3.6160000000000	-0.037259641906912
3.6200000000000	-0.037329914368498
3.6240000000000	-0.037400498043547
3.6280000000000	-0.037471391090855
3.6320000000000	-0.037542591695914
3.6360000000000	-0.037614098070433
3.6400000000000	-0.037685908451856
3.6440000000000	-0.037758021102913
3.6480000000000	-0.037830434311156
3.6520000000000	-0.037903146388526
3.6560000000000	-0.037976155670918
3.6600000000000	-0.038049460517756
3.6640000000000	-0.038123059311581
3.6680000000000	-0.038196950457626
3.6720000000000	-0.038271132383456
3.6760000000000	-0.038345603538533
3.6800000000000	-0.038420362393869
3.6840000000000	-0.038495407441630
3.6880000000000	-0.038570737194776
3.6920000000000	-0.038646350186705
3.6960000000000	-0.038722244970897
3.7000000000000	-0.038798420120565
3.7040000000000	-0.038874874228328
3.7080000000000	-0.038951605905865
3.7120000000000	-0.039028613783603
3.7160000000000	-0.039105896510387
3.7200000000000	-0.039183452753178
3.7240000000000	-0.039261281196741
3.7280000000000	-0.039339380543346
3.7320000000000	-0.039417749512472
3.7360000000000	-0.039496386840524
3.7400000000000	-0.039575291280547
3.7440000000000	-0.039654461601945
3.7480000000000	-0.039733896590217
3.7520000000000	-0.039813595046681
3.7560000000000	-0.039893555788224
3.7600000000000	-0.039973777647034
3.7640000000000	-0.040054259470353
3.7680000000000	-0.040135000120233
3.7720000000000	-0.040215998473294
3.7760000000000	-0.040297253420475
3.7800000000000	-0.040378763866822
3.7840000000000	-0.040460528731237
3.7880000000000	-0.040542546946270
3.7920000000000	-0.040624817457892
3.7960000000000	-0.040707339225282
3.8000000000000	-0.040790111220609
3.8040000000000	-0.040873132428831
3.8080000000000	-0.040956401847487
3.8120000000000	-0.041039918486503
3.8160000000000	-0.041123681367982
3.8200000000000	-0.041207689526025
3.8240000000000	-0.041291942006534
3.8280000000000	-0.041376437867030
3.8320000000000	-0.041461176176466
3.8360000000000	-0.041546156015051
3.8400000000000	-0.041631376474075
3.8440000000000	-0.041716836655727
3.8480000000000	-0.041802535672947
3.8520000000000	-0.041888472649229
3.8560000000000	-0.041974646718484
3.8600000000000	-0.042061057024866
3.8640000000000	-0.042147702722613
3.8680000000000	-0.042234582975905
3.8720000000000	-0.042321696958694
3.8760000000000	-0.042409043854564
3.8800000000000	-0.042496622856588
3.8840000000000	-0.042584433167179
3.8880000000000	-0.042672473997943
3.8920000000000	-0.042760744569547
3.8960000000000	-0.042849244111584
3.9000000000000	-0.042937971862431
3.9040000000000	-0.043026927069116
3.9080000000000	-0.043116108987206
3.9120000000000	-0.043205516880653
3.9160000000000	-0.043295150021689
3.9200000000000	-0.043385007690692
3.9240000000000	-0.043475089176072
3.9280000000000	-0.043565393774147
3.9320000000000	-0.043655920789025
3.9360000000000	-0.043746669532494
3.9400000000000	-0.043837639323910
3.9440000000000	-0.043928829490077
3.9480000000000	-0.044020239365147
3.9520000000000	-0.044111868290505
3.9560000000000	-0.044203715614673
3.9600000000000	-0.044295780693195
3.9640000000000	-0.044388062888546
3.9680000000000	-0.044480561570021
3.9720000000000	-0.044573276113645
3.9760000000000	-0.044666205902070
3.9800000000000	-0.044759350324486
3.9840000000000	-0.044852708776521
3.9880000000000	-0.044946280660149
3.9920000000000	-0.045040065383605
3.9960000000000	-0.045134062361289
4.0000000000000	-0.045228271013684
4.0040000000000	-0.045322690767263
4.0080000000000	-0.045417321054412
4.0120000000000	-0.045512161313341
4.0160000000000	-0.045607210987999
4.0200000000000	-0.045702469528004
4.0240000000000	-0.045797936388550
4.0280000000000	-0.045893611030341
4.0320000000000	-0.045989492919504
4.0360000000000	-0.046085581527520
4.0400000000000	-0.046181876331145
4.0440000000000	-0.046278376812337
4.0480000000000	-0.046375082458193
4.0520000000000	-0.046471992760857
4.0560000000000	-0.046569107217478
4.0600000000000	-0.046666425330112
4.0640000000000	-0.046763946605678
4.0680000000000	-0.046861670555880
4.0720000000000	-0.046959596697142
4.0760000000000	-0.047057724550541
4.0800000000000	-0.047156053641754
4.0840000000000	-0.047254583500985
4.0880000000000	-0.047353313662904
4.0920000000000	-0.047452243666594
4.0960000000000	-0.047551373055481
4.1000000000000	-0.047650701377283
4.1040000000000	-0.047750228183950
4.1080000000000	-0.047849953031606
4.1120000000000	-0.047949875480491
4.1160000000000	-0.048049995094912
4.1200000000000	-0.048150311443178
4.1240000000000	-0.048250824097561
4.1280000000000	-0.048351532634231
4.1320000000000	-0.048452436633206
4.1360000000000	-0.048553535678304
4.1400000000000	-0.048654829357093
4.1440000000000	-0.048756317260839
4.1480000000000	-0.048857998984459
4.1520000000000	-0.048959874126467
4.1560000000000	-0.049061942288936
4.1600000000000	-0.049164203077445
4.1640000000000	-0.049266656101030
4.1680000000000	-0.049369300972150
4.1720000000000	-0.049472137306628
4.1760000000000	-0.049575164723619
4.1800000000000	-0.049678382845560
4.1840000000000	-0.049781791298127
4.1880000000000	-0.049885389710198
4.1920000000000	-0.049989177713806
4.1960000000000	-0.050093154944099
4.2000000000000	-0.050197321039306
4.2040000000000	-0.050301675640687
4.2080000000000	-0.050406218392499
4.2120000000000	-0.050510948941961
4.2160000000000	-0.050615866939211
4.2200000000000	-0.050720972037268
4.2240000000000	-0.050826263892003
4.2280000000000	-0.050931742162088
4.2320000000000	-0.051037406508973
4.2360000000000	-0.051143256596851
4.2400000000000	-0.051249292092611
4.2440000000000	-0.051355512665813
4.2480000000000	-0.051461917988655
4.2520000000000	-0.051568507735935
4.2560000000000	-0.051675281585021
4.2600000000000	-0.051782239215816
4.2640000000000	-0.051889380310731
4.2680000000000	-0.051996704554644
4.2720000000000	-0.052104211634879
4.2760000000000	-0.052211901241171
4.2800000000000	-0.052319773065638
4.2840000000000	-0.052427826802744
4.2880000000000	-0.052536062149279
4.2920000000000	-0.052644478804323
4.2960000000000	-0.052753076469223
4.3000000000000	-0.052861854847560
4.3040000000000	-0.052970813645123
4.3080000000000	-0.053079952569885
4.3120000000000	-0.053189271331969
4.3160000000000	-0.053298769643625
4.3200000000000	-0.053408447219209
4.3240000000000	-0.053518303775145
4.3280000000000	-0.053628339029914
4.3320000000000	-0.053738552704012
4.3360000000000	-0.053848944519944
4.3400000000000	-0.053959514202180
4.3440000000000	-0.054070261477147
4.3480000000000	-0.054181186073196
4.3520000000000	-0.054292287720582
4.3560000000000	-0.054403566151441
4.3600000000000	-0.054515021099758
4.3640000000000	-0.054626652301364
4.3680000000000	-0.054738459493895
4.3720000000000	-0.054850442416775
4.3760000000000	-0.054962600811202
4.3800000000000	-0.055074934420113
4.3840000000000	-0.055187442988181
4.3880000000000	-0.055300126261772
4.3920000000000	-0.055412983988941
4.3960000000000	-0.055526015919410
4.4000000000000	-0.055639221804539
4.4040000000000	-0.055752601397318
4.4080000000000	-0.055866154452333
4.4120000000000	-0.055979880725760
4.4160000000000	-0.056093779975344
4.4200000000000	-0.056207851960368
4.4240000000000	-0.056322096441655
4.4280000000000	-0.056436513181525
4.4320000000000	-0.056551101943806
4.4360000000000	-0.056665862493784
4.4400000000000	-0.056780794598215
4.4440000000000	-0.056895898025287
4.4480000000000	-0.057011172544614
4.4520000000000	-0.057126617927214
4.4560000000000	-0.057242233945494
4.4600000000000	-0.057358020373230
4.4640000000000	-0.057473976985560
4.4680000000000	-0.057590103558957
4.4720000000000	-0.057706399871224
4.4760000000000	-0.057822865701459
4.4800000000000	-0.057939500830075
4.4840000000000	-0.058056305038740
4.4880000000000	-0.058173278110397
4.4920000000000	-0.058290419829235
4.4960000000000	-0.058407729980675
4.5000000000000	-0.058525208351355
4.5040000000000	-0.058642854729118
4.5080000000000	-0.058760668903000
4.5120000000000	-0.058878650663210
4.5160000000000	-0.058996799801121
4.5200000000000	-0.059115116109249
4.5240000000000	-0.059233599381253
4.5280000000000	-0.059352249411914
4.5320000000000	-0.059471065997113
4.5360000000000	-0.059590048933833
4.5400000000000	-0.059709198020142
4.5440000000000	-0.059828513055171
4.5480000000000	-0.059947993839120
4.5520000000000	-0.060067640173222
4.5560000000000	-0.060187451859753
4.5600000000000	-0.060307428702006
4.5640000000000	-0.060427570504282
4.5680000000000	-0.060547877071886
4.5720000000000	-0.060668348211102
4.5760000000000	-0.060788983729193
4.5800000000000	-0.060909783434387
4.5840000000000	-0.061030747135856
4.5880000000000	-0.061151874643723
4.5920000000000	-0.061273165769036
4.5960000000000	-0.061394620323763
4.6000000000000	-0.061516238120783
4.6040000000000	-0.061638018973870
4.6080000000000	-0.061759962697689
4.6120000000000	-0.061882069107781
4.6160000000000	-0.062004338020554
4.6200000000000	-0.062126769253276
4.6240000000000	-0.062249362624063
4.6280000000000	-0.062372117951865
4.6320000000000	-0.062495035056460
4.6360000000000	-0.062618113758451
4.6400000000000	-0.062741353879245
4.6440000000000	-0.062864755241053
4.6480000000000	-0.062988317666866
4.6520000000000	-0.063112040980472
4.6560000000000	-0.063235925006423
4.6600000000000	-0.063359969570033
4.6640000000000	-0.063484174497376
4.6680000000000	-0.063608539615268
4.6720000000000	-0.063733064751267
4.6760000000000	-0.063857749733658
4.6800000000000	-0.063982594391442
4.6840000000000	-0.064107598554343
4.6880000000000	-0.064232762052780
4.6920000000000	-0.064358084717873
4.6960000000000	-0.064483566381430
4.7000000000000	-0.064609206875935
4.7040000000000	-0.064735006034551
4.7080000000000	-0.064860963691104
4.7120000000000	-0.064987079680071
4.7160000000000	-0.065113353836587
4.7200000000000	-0.065239785996424
4.7240000000000	-0.065366375995991
4.7280000000000	-0.065493123672326
4.7320000000000	-0.065620028863082
4.7360000000000	-0.065747091406529
4.7400000000000	-0.065874311141546
4.7440000000000	-0.066001687907603
4.7480000000000	-0.066129221544771
4.7520000000000	-0.066256911893701
4.7560000000000	-0.066384758795626
4.7600000000000	-0.066512762092345
4.7640000000000	-0.066640921626234
4.7680000000000	-0.066769237240216
4.7720000000000	-0.066897708777772
4.7760000000000	-0.067026336082931
4.7800000000000	-0.067155119000262
4.7840000000000	-0.067284057374861
4.7880000000000	-0.067413151052360
4.7920000000000	-0.067542399878910
4.7960000000000	-0.067671803701174
4.8000000000000	-0.067801362366330
4.8040000000000	-0.067931075722055
4.8080000000000	-0.068060943616528
4.8120000000000	-0.068190965898416
4.8160000000000	-0.068321142416879
4.8200000000000	-0.068451473021550
4.8240000000000	-0.068581957562544
4.8280000000000	-0.068712595890443
4.8320000000000	-0.068843387856289
4.8360000000000	-0.068974333311596
4.8400000000000	-0.069105432108319
4.8440000000000	-0.069236684098867
4.8480000000000	-0.069368089136093
4.8520000000000	-0.069499647073283
4.8560000000000	-0.069631357764165
4.8600000000000	-0.069763221062887
4.8640000000000	-0.069895236824025
4.8680000000000	-0.070027404902569
4.8720000000000	-0.070159725153930
4.8760000000000	-0.070292197433918
4.8800000000000	-0.070424821598752
4.8840000000000	-0.070557597505052
4.8880000000000	-0.070690525009827
4.8920000000000	-0.070823603970484
4.8960000000000	-0.070956834244803
4.9000000000000	-0.071090215690959
4.9040000000000	-0.071223748167494
4.9080000000000	-0.071357431533326
4.9120000000000	-0.071491265647735
4.9160000000000	-0.071625250370374
4.9200000000000	-0.071759385561244
4.9240000000000	-0.071893671080712
4.9280000000000	-0.072028106789485
4.9320000000000	-0.072162692548626
4.9360000000000	-0.072297428219534
4.9400000000000	-0.072432313663949
4.9440000000000	-0.072567348743943
4.9480000000000	-0.072702533321924
4.9520000000000	-0.072837867260621
4.9560000000000	-0.072973350423088
4.9600000000000	-0.073108982672698
4.9640000000000	-0.073244763873139
4.9680000000000	-0.073380693888409
4.9720000000000	-0.073516772582818
4.9760000000000	-0.073652999820971
4.9800000000000	-0.073789375467783
4.9840000000000	-0.073925899388461
4.9880000000000	-0.074062571448507
4.9920000000000	-0.074199391513707
4.9960000000000	-0.074336359450147
5.0000000000000	-0.074473475124178
#Parameters = {D_center=12; L1=20; L2=2; L3=2; L4=15; L_diff=2.83; L_sub=57.66; W_50=1.36; W_sub=57.66; Z_mid=28.83; cm=0.3; ct=12; g_slot=0.8; h1=2; h2=2; h3=2; h4=2; h_sub=0.4; hole_puncher=0.87365; hole_puncher1=0.9; margin=2.08; needle_radius=0.635; nutrient_solution=0.01; pipe_OD=50; pipe_Ri=8; pipe_Ro=10; r_SRR=26; r_SRR_in=23.6; sigma_fluid=0.5; spacing=0.4; t_PDMS_microstrip=0.35; t_SRR=0.07; t_gnd=0.07; t_metal=0.5; t_microstrip=0.07; t_wall=2; w_channel=2; w_diff=2.83}
#"Frequency / GHz"	"S1,1 (5) [Magnitude / dB]"
#---------------------------------------------
1.0000000000000	-0.0065385571809640
1.0040000000000	-0.0065070958076773
1.0080000000000	-0.0064758003604893
1.0120000000000	-0.0064446718349116
1.0160000000000	-0.0064137112445889
1.0200000000000	-0.0063829196216967
1.0240000000000	-0.0063522980173308
1.0280000000000	-0.0063218475019253
1.0320000000000	-0.0062915691656663
1.0360000000000	-0.0062614641189164
1.0400000000000	-0.0062315334926603
1.0440000000000	-0.0062017784389479
1.0480000000000	-0.0061722001313552
1.0520000000000	-0.0061427997654561
1.0560000000000	-0.0061135785593038
1.0600000000000	-0.0060845377539258
1.0640000000000	-0.0060556786138248
1.0680000000000	-0.0060270024275028
1.0720000000000	-0.0059985105079887
1.0760000000000	-0.0059702041933820
1.0800000000000	-0.0059420848474105
1.0840000000000	-0.0059141538600015
1.0880000000000	-0.0058864126478634
1.0920000000000	-0.0058588626550909
1.0960000000000	-0.0058315053537705
1.1000000000000	-0.0058043422446244
1.1040000000000	-0.0057773748576356
1.1080000000000	-0.0057506047527288
1.1120000000000	-0.0057240335204383
1.1160000000000	-0.0056976627825986
1.1200000000000	-0.0056714941930712
1.1240000000000	-0.0056455294384603
1.1280000000000	-0.0056197702388739
1.1320000000000	-0.0055942183486806
1.1360000000000	-0.0055688755573100
1.1400000000000	-0.0055437436900492
1.1440000000000	-0.0055188246088796
1.1480000000000	-0.0054941202133247
1.1520000000000	-0.0054696324413190
1.1560000000000	-0.0054453632701047
1.1600000000000	-0.0054213147171509
1.1640000000000	-0.0053974888410963
1.1680000000000	-0.0053738877427145
1.1720000000000	-0.0053505135658977
1.1760000000000	-0.0053273684986921
1.1800000000000	-0.0053044547743249
1.1840000000000	-0.0052817746722874
1.1880000000000	-0.0052593305194298
1.1920000000000	-0.0052371246910981
1.1960000000000	-0.0052151596122840
1.2000000000000	-0.0051934377588239
1.2040000000000	-0.0051719616586226
1.2080000000000	-0.0051507338929040
1.2120000000000	-0.0051297570975057
1.2160000000000	-0.0051090339642004
1.2200000000000	-0.0050885672420600
1.2240000000000	-0.0050683597388505
1.2280000000000	-0.0050484143224740
1.2320000000000	-0.0050287339224401
1.2360000000000	-0.0050093215313744
1.2400000000000	-0.0049901802065979
1.2440000000000	-0.0049713130717071
1.2480000000000	-0.0049527233182354
1.2520000000000	-0.0049344142073298
1.2560000000000	-0.0049163890715030
1.2600000000000	-0.0048986513164180
1.2640000000000	-0.0048812044227196
1.2680000000000	-0.0048640519479342
1.2720000000000	-0.0048471975284105
1.2760000000000	-0.0048306448813117
1.2800000000000	-0.0048143978066817
1.2840000000000	-0.0047984601895518
1.2880000000000	-0.0047828360021229
1.2920000000000	-0.0047675293060007
1.2960000000000	-0.0047525442544919
1.3000000000000	-0.0047378850949889
1.3040000000000	-0.0047235561713965
1.3080000000000	-0.0047095619266474
1.3120000000000	-0.0046959069052813
1.3160000000000	-0.0046825957561076
1.3200000000000	-0.0046696332349447
1.3240000000000	-0.0046570242074359
1.3280000000000	-0.0046447736519569
1.3320000000000	-0.0046328866625952
1.3360000000000	-0.0046213684522442
1.3400000000000	-0.0046102243557582
1.3440000000000	-0.0045994598332355
1.3480000000000	-0.0045890804733681
1.3520000000000	-0.0045790919969249
1.3560000000000	-0.0045695002603106
1.3600000000000	-0.0045603112592622
1.3640000000000	-0.0045515311326375
1.3680000000000	-0.0045431661663284
1.3720000000000	-0.0045352227972932
1.3760000000000	-0.0045277076177235
1.3800000000000	-0.0045206273793204
1.3840000000000	-0.0045139889977280
1.3880000000000	-0.0045077995570883
1.3920000000000	-0.0045020663147554
1.3960000000000	-0.0044967967061284
1.4000000000000	-0.0044919983496846
1.4040000000000	-0.0044876790521295
1.4080000000000	-0.0044838468137365
1.4120000000000	-0.0044805098338502
1.4160000000000	-0.0044776765165622
1.4200000000000	-0.0044753554765797
1.4240000000000	-0.0044735555452880
1.4280000000000	-0.0044722857769856
1.4320000000000	-0.0044715554553608
1.4360000000000	-0.0044713741001450
1.4400000000000	-0.0044717514740131
1.4440000000000	-0.0044726975896964
1.4480000000000	-0.0044742227173368
1.4520000000000	-0.0044763373920891
1.4560000000000	-0.0044790524219759
1.4600000000000	-0.0044823788960024
1.4640000000000	-0.0044863281925508
1.4680000000000	-0.0044909119880688
1.4720000000000	-0.0044961422660242
1.4760000000000	-0.0045020313262055
1.4800000000000	-0.0045085917943090
1.4840000000000	-0.0045158366318750
1.4880000000000	-0.0045237791465618
1.4920000000000	-0.0045324330027796
1.4960000000000	-0.0045418122326970
1.5000000000000	-0.0045519312476219
1.5040000000000	-0.0045628048498008
1.5080000000000	-0.0045744482446346
1.5120000000000	-0.0045868770533022
1.5160000000000	-0.0046001073258740
1.5200000000000	-0.0046141555548633
1.5240000000000	-0.0046290386892886
1.5280000000000	-0.0046447741492226
1.5320000000000	-0.0046613798408883
1.5360000000000	-0.0046788741723016
1.5400000000000	-0.0046972760694767
1.5440000000000	-0.0047166049932400
1.5480000000000	-0.0047368809566689
1.5520000000000	-0.0047581245431530
1.5560000000000	-0.0047803569251694
1.5600000000000	-0.0048035998837233
1.5640000000000	-0.0048278758285459
1.5680000000000	-0.0048532078190508
1.5720000000000	-0.0048796195860718
1.5760000000000	-0.0049071355544562
1.5800000000000	-0.0049357808665068
1.5840000000000	-0.0049655814063325
1.5880000000000	-0.0049965638251445
1.5920000000000	-0.0050287555675274
1.5960000000000	-0.0050621848987606
1.6000000000000	-0.0050968809331736
1.6040000000000	-0.0051328736636675
1.6080000000000	-0.0051701939923654
1.6120000000000	-0.0052088737625214
1.6160000000000	-0.0052489457916702
1.6200000000000	-0.0052904439061426
1.6240000000000	-0.0053334029769661
1.6280000000000	-0.0053778589572153
1.6320000000000	-0.0054238489208994
1.6360000000000	-0.0054714111034521
1.6400000000000	-0.0055205849438717
1.6440000000000	-0.0055714111286227
1.6480000000000	-0.0056239316373798
1.6520000000000	-0.0056781897906558
1.6560000000000	-0.0057342302994637
1.6600000000000	-0.0057920993170702
1.6640000000000	-0.0058518444929556
1.6680000000000	-0.0059135150290690
1.6720000000000	-0.0059771617385220
1.6760000000000	-0.0060428371068029
1.6800000000000	-0.0061105953556648
1.6840000000000	-0.0061804925097828
1.6880000000000	-0.0062525864663663
1.6920000000000	-0.0063269370678226
1.6960000000000	-0.0064036061776600
1.7000000000000	-0.0064826577597676
1.7040000000000	-0.0065641579612619
1.7080000000000	-0.0066481751990655
1.7120000000000	-0.0067347802504152
1.7160000000000	-0.0068240463475004
1.7200000000000	-0.0069160492764421
1.7240000000000	-0.0070108674808332
1.7280000000000	-0.0071085821700949
1.7320000000000	-0.0072092774328663
1.7360000000000	-0.0073130403557336
1.7400000000000	-0.0074199611475475
1.7440000000000	-0.0075301332696529
1.7480000000000	-0.0076436535723107
1.7520000000000	-0.0077606224376961
1.7560000000000	-0.0078811439297769
1.7600000000000	-0.0080053259514760
1.7640000000000	-0.0081332804095157
1.7680000000000	-0.0082651233873574
1.7720000000000	-0.0084009753266787
1.7760000000000	-0.0085409612178823
1.7800000000000	-0.0086852108001321
1.7840000000000	-0.0088338587714412
1.7880000000000	-0.0089870450093989
1.7920000000000	-0.0091449148031399
1.7960000000000	-0.0093076190971818
1.8000000000000	-0.0094753147478457
1.8040000000000	-0.0096481647929578
1.8080000000000	-0.0098263387356200
1.8120000000000	-0.010010012842891
1.8160000000000	-0.010199370460216
1.8200000000000	-0.010394602342584
1.8240000000000	-0.010595907003391
1.8280000000000	-0.010803491082065
1.8320000000000	-0.011017569731592
1.8360000000000	-0.011238367027178
1.8400000000000	-0.011466116397288
1.8440000000000	-0.011701061078484
1.8480000000000	-0.011943454595519
1.8520000000000	-0.012193561268250
1.8560000000000	-0.012451656747068
1.8600000000000	-0.012718028578612
1.8640000000000	-0.012992976803738
1.8680000000000	-0.013276814589741
1.8720000000000	-0.013569868899060
1.8760000000000	-0.013872481196833
1.8800000000000	-0.014185008199775
1.8840000000000	-0.014507822669134
1.8880000000000	-0.014841314250587
1.8920000000000	-0.015185890364180
1.8960000000000	-0.015541977147663
1.9000000000000	-0.015910020456742
1.9040000000000	-0.016290486926142
1.9080000000000	-0.016683865095528
1.9120000000000	-0.017090666604743
1.9160000000000	-0.017511427463096
1.9200000000000	-0.017946709397764
1.9240000000000	-0.018397101286833
1.9280000000000	-0.018863220682821
1.9320000000000	-0.019345715433057
1.9360000000000	-0.019845265403664
1.9400000000000	-0.020362584314541
1.9440000000000	-0.020898421693183
1.9480000000000	-0.021453564955843
1.9520000000000	-0.022028841625176
1.9560000000000	-0.022625121694184
1.9600000000000	-0.023243320147109
1.9640000000000	-0.023884399648630
1.9680000000000	-0.024549373413707
1.9720000000000	-0.025239308271300
1.9760000000000	-0.025955327936255
1.9800000000000	-0.026698616504712
1.9840000000000	-0.027470422189642
1.9880000000000	-0.028272061314322
1.9920000000000	-0.029104922583011
1.9960000000000	-0.029970471649493
2.0000000000000	-0.030870256005821
2.0040000000000	-0.031805910215193
2.0080000000000	-0.032779161514795
2.0120000000000	-0.033791835816340
2.0160000000000	-0.034845864134064
2.0200000000000	-0.035943289472201
2.0240000000000	-0.037086274206200
2.0280000000000	-0.038277107994416
2.0320000000000	-0.039518216259579
2.0360000000000	-0.040812169281963
2.0400000000000	-0.042161691949015
2.0440000000000	-0.043569674208960
2.0480000000000	-0.045039182278845
2.0520000000000	-0.046573470660355
2.0560000000000	-0.048175995019573
2.0600000000000	-0.049850425989636
2.0640000000000	-0.051600663957705
2.0680000000000	-0.053430854899971
2.0720000000000	-0.055345407330177
2.0760000000000	-0.057349010428245
2.0800000000000	-0.059446653415987
2.0840000000000	-0.061643646245961
2.0880000000000	-0.063945641667334
2.0920000000000	-0.066358658728346
2.0960000000000	-0.068889107768424
2.1000000000000	-0.071543816943297
2.1040000000000	-0.074330060312960
2.1080000000000	-0.077255587504029
2.1120000000000	-0.080328654933657
2.1160000000000	-0.083558058550603
2.1200000000000	-0.086953168008104
2.1240000000000	-0.090523962131273
2.1280000000000	-0.094281065476118
2.1320000000000	-0.098235785694899
2.1360000000000	-0.10240015132024
2.1400000000000	-0.10678694945354
2.1440000000000	-0.11140976268733
2.1480000000000	-0.11628300440039
2.1520000000000	-0.12142195133190
2.1560000000000	-0.12684277205944
2.1600000000000	-0.13256254966709
2.1640000000000	-0.13859929648322
2.1680000000000	-0.14497195828586
2.1720000000000	-0.15170040480227
2.1760000000000	-0.15880540266217
2.1800000000000	-0.16630856618836
2.1840000000000	-0.17423228051915
2.1880000000000	-0.18259959054993
2.1920000000000	-0.19143404806067
2.1960000000000	-0.20075950817498
2.2000000000000	-0.21059986500474
2.2040000000000	-0.22097871502077
2.2080000000000	-0.23191893543332
2.2120000000000	-0.24344216378395
2.2160000000000	-0.25556816420525
2.2200000000000	-0.26831406562503
2.2240000000000	-0.28169345787068
2.2280000000000	-0.29571533354404
2.2320000000000	-0.31038286714500
2.2360000000000	-0.32569202875124
2.2400000000000	-0.34163003818807
2.2440000000000	-0.35817367761290
2.2480000000000	-0.37528749626022
2.2520000000000	-0.39292196098363
2.2560000000000	-0.41101163001064
2.2600000000000	-0.42947345417989
2.2640000000000	-0.44820533815576
2.2680000000000	-0.46708512091185
2.2720000000000	-0.48597015611487
2.2760000000000	-0.50469768375427
2.2800000000000	-0.52308617853380
2.2840000000000	-0.54093783229910
2.2880000000000	-0.55804227254638
2.2920000000000	-0.57418153511884
2.2960000000000	-0.58913619931593
2.3000000000000	-0.60269246626855
2.3040000000000	-0.61464983096533
2.3080000000000	-0.62482888383711
2.3120000000000	-0.63307870020155
2.3160000000000	-0.63928325356310
2.3200000000000	-0.64336633305664
2.3240000000000	-0.64529455664101
2.3280000000000	-0.64507823804417
2.3320000000000	-0.64277006415907
2.3360000000000	-0.63846174142359
2.3400000000000	-0.63227894530890
2.3440000000000	-0.62437503293758
2.3480000000000	-0.61492404192187
2.3520000000000	-0.60411349748915
2.3560000000000	-0.59213749408993
2.3600000000000	-0.57919042323955
2.3640000000000	-0.56546160531139
2.3680000000000	-0.55113096713490
2.3720000000000	-0.53636580337069
2.3760000000000	-0.52131857638501
2.3800000000000	-0.50612565031332
2.3840000000000	-0.49090681967724
2.3880000000000	-0.47576547807039
2.3920000000000	-0.46078927344061
2.3960000000000	-0.44605110846886
2.4000000000000	-0.43161036301892
2.4040000000000	-0.41751423698739
2.4080000000000	-0.40379913346260
2.4120000000000	-0.39049202215400
2.4160000000000	-0.37761174058803
2.4200000000000	-0.36517020516580
2.4240000000000	-0.35317351582015
2.4280000000000	-0.34162294691929
2.4320000000000	-0.33051582359695
2.4360000000000	-0.31984628724533
2.4400000000000	-0.30960595688652
2.4440000000000	-0.29978449490153
2.4480000000000	-0.29037008645387
2.4520000000000	-0.28134984215557
2.4560000000000	-0.27271013328911
2.4600000000000	-0.26443686837849
2.4640000000000	-0.25651571921319
2.4680000000000	-0.24893230365597
2.4720000000000	-0.24167233176944
2.4760000000000	-0.23472172101672
2.4800000000000	-0.22806668555544
2.4840000000000	-0.22169380396427
2.4880000000000	-0.21559006912751
2.4920000000000	-0.20974292345435
2.4960000000000	-0.20414028212749
2.5000000000000	-0.19877054665398
2.5040000000000	-0.19362261062661
2.5080000000000	-0.18868585929080
2.5120000000000	-0.18395016424364
2.5160000000000	-0.17940587436427
2.5200000000000	-0.17504380388140
2.5240000000000	-0.17085521832152
2.5280000000000	-0.16683181894445
2.5320000000000	-0.16296572615865
2.5360000000000	-0.15924946231325
2.5400000000000	-0.15567593418449
2.5440000000000	-0.15223841540834
2.5480000000000	-0.14893052905686
2.5520000000000	-0.14574623051120
2.5560000000000	-0.14267979074727
2.5600000000000	-0.13972578012019
2.5640000000000	-0.13687905270946
2.5680000000000	-0.13413473126683
2.5720000000000	-0.13148819279303
2.5760000000000	-0.12893505475709
2.5800000000000	-0.12647116196168
2.5840000000000	-0.12409257405018
2.5880000000000	-0.12179555364523
2.5920000000000	-0.11957655510363
2.5960000000000	-0.11743221386931
2.6000000000000	-0.11535933640346
2.6040000000000	-0.11335489066942
2.6080000000000	-0.11141599714849
2.6120000000000	-0.10953992036280
2.6160000000000	-0.10772406088077
2.6200000000000	-0.10596594778108
2.6240000000000	-0.10426323155130
2.6280000000000	-0.10261367739808
2.6320000000000	-0.10101515894630
2.6360000000000	-0.099465652305547
2.6400000000000	-0.097963230482993
2.6440000000000	-0.096506058122769
2.6480000000000	-0.095092386552827
2.6520000000000	-0.093720549121146
2.6560000000000	-0.092388956804178
2.6600000000000	-0.091096094071209
2.6640000000000	-0.089840514989320
2.6680000000000	-0.088620839554408
2.6720000000000	-0.087435750234616
2.6760000000000	-0.086283988713233
2.6800000000000	-0.085164352819037
2.6840000000000	-0.084075693632571
2.6880000000000	-0.083016912757748
2.6920000000000	-0.081986959748662
2.6960000000000	-0.080984829682197
2.7000000000000	-0.080009560867586
2.7040000000000	-0.079060232684599
2.7080000000000	-0.078135963542584
2.7120000000000	-0.077235908953077
2.7160000000000	-0.076359259709118
2.7200000000000	-0.075505240164874
2.7240000000000	-0.074673106609562
2.7280000000000	-0.073862145730045
2.7320000000000	-0.073071673156822
2.7360000000000	-0.072301032088469
2.7400000000000	-0.071549591989893
2.7440000000000	-0.070816747360073
2.7480000000000	-0.070101916565204
2.7520000000000	-0.069404540733427
2.7560000000000	-0.068724082707570
2.7600000000000	-0.068060026052565
2.7640000000000	-0.067411874114357
2.7680000000000	-0.066779149127381
2.7720000000000	-0.066161391367828
2.7760000000000	-0.065558158350108
2.7800000000000	-0.064969024064056
2.7840000000000	-0.064393578250594
2.7880000000000	-0.063831425713727
2.7920000000000	-0.063282185666792
2.7960000000000	-0.062745491111121
2.8000000000000	-0.062220988245308
2.8040000000000	-0.061708335903381
2.8080000000000	-0.061207205020356
2.8120000000000	-0.060717278123633
2.8160000000000	-0.060238248848874
2.8200000000000	-0.059769821479025
2.8240000000000	-0.059311710505283
2.8280000000000	-0.058863640208778
2.8320000000000	-0.058425344261970
2.8360000000000	-0.057996565348612
2.8400000000000	-0.057577054801406
2.8440000000000	-0.057166572256377
2.8480000000000	-0.056764885323121
2.8520000000000	-0.056371769270098
2.8560000000000	-0.055987006724217
2.8600000000000	-0.055610387383957
2.8640000000000	-0.055241707745391
2.8680000000000	-0.054880770840388
2.8720000000000	-0.054527385986459
2.8760000000000	-0.054181368547615
2.8800000000000	-0.053842539705705
2.8840000000000	-0.053510726241747
2.8880000000000	-0.053185760326695
2.8920000000000	-0.052867479321271
2.8960000000000	-0.052555725584334
2.9000000000000	-0.052250346289436
2.9040000000000	-0.051951193249146
2.9080000000000	-0.051658122746777
2.9120000000000	-0.051370995375164
2.9160000000000	-0.051089675882157
2.9200000000000	-0.050814033022512
2.9240000000000	-0.050543939415901
2.9280000000000	-0.050279271410724
2.9320000000000	-0.050019908953474
2.9360000000000	-0.049765735463404
2.9400000000000	-0.049516637712247
2.9440000000000	-0.049272505708742
2.9480000000000	-0.049033232587786
2.9520000000000	-0.048798714503960
2.9560000000000	-0.048568850529283
2.9600000000000	-0.048343542554943
2.9640000000000	-0.048122695196895
2.9680000000000	-0.047906215705097
2.9720000000000	-0.047694013876279
2.9760000000000	-0.047486001970023
2.9800000000000	-0.047282094628096
2.9840000000000	-0.047082208796805
2.9880000000000	-0.046886263652319
2.9920000000000	-0.046694180528782
2.9960000000000	-0.046505882849125
3.0000000000000	-0.046321296058444
3.0040000000000	-0.046140347559855
3.0080000000000	-0.045962966652704
3.0120000000000	-0.045789084473048
3.0160000000000	-0.045618633936304
3.0200000000000	-0.045451549681969
3.0240000000000	-0.045287768020354
3.0280000000000	-0.045127226881223
3.0320000000000	-0.044969865764252
3.0360000000000	-0.044815625691281
3.0400000000000	-0.044664449160221
3.0440000000000	-0.044516280100614
3.0480000000000	-0.044371063830725
3.0520000000000	-0.044228747016149
3.0560000000000	-0.044089277629841
3.0600000000000	-0.043952604913528
3.0640000000000	-0.043818679340456
3.0680000000000	-0.043687452579395
3.0720000000000	-0.043558877459884
3.0760000000000	-0.043432907938643
3.0800000000000	-0.043309499067111
3.0840000000000	-0.043188606960092
3.0880000000000	-0.043070188765433
3.0920000000000	-0.042954202634708
3.0960000000000	-0.042840607694879
3.1000000000000	-0.042729364020882
3.1040000000000	-0.042620432609123
3.1080000000000	-0.042513775351819
3.1120000000000	-0.042409355012188
3.1160000000000	-0.042307135200435
3.1200000000000	-0.042207080350510
3.1240000000000	-0.042109155697602
3.1280000000000	-0.042013327256368
3.1320000000000	-0.041919561799826
3.1360000000000	-0.041827826838952
3.1400000000000	-0.041738090602875
3.1440000000000	-0.041650322019719
3.1480000000000	-0.041564490698042
3.1520000000000	-0.041480566908835
3.1560000000000	-0.041398521568083
3.1600000000000	-0.041318326219871
3.1640000000000	-0.041239953019996
3.1680000000000	-0.041163374720082
3.1720000000000	-0.041088564652177
3.1760000000000	-0.041015496713807
3.1800000000000	-0.040944145353501
3.1840000000000	-0.040874485556719
3.1880000000000	-0.040806492832226
3.1920000000000	-0.040740143198854
3.1960000000000	-0.040675413172660
3.2000000000000	-0.040612279754468
3.2040000000000	-0.040550720417760
3.2080000000000	-0.040490713096942
3.2120000000000	-0.040432236175929
3.2160000000000	-0.040375268477073
3.2200000000000	-0.040319789250411
3.2240000000000	-0.040265778163214
3.2280000000000	-0.040213215289835
3.2320000000000	-0.040162081101853
3.2360000000000	-0.040112356458491
3.2400000000000	-0.040064022597303
3.2440000000000	-0.040017061125131
3.2480000000000	-0.039971454009294
3.2520000000000	-0.039927183569053
3.2560000000000	-0.039884232467287
3.2600000000000	-0.039842583702414
3.2640000000000	-0.039802220600527
3.2680000000000	-0.039763126807748
3.2720000000000	-0.039725286282789
3.2760000000000	-0.039688683289721
3.2800000000000	-0.039653302390932
3.2840000000000	-0.039619128440280
3.2880000000000	-0.039586146576420
3.2920000000000	-0.039554342216327
3.2960000000000	-0.039523701048983
3.3000000000000	-0.039494209029216
3.3040000000000	-0.039465852371736
3.3080000000000	-0.039438617545297
3.3120000000000	-0.039412491267022
3.3160000000000	-0.039387460496887
3.3200000000000	-0.039363512432339
3.3240000000000	-0.039340634503046
3.3280000000000	-0.039318814365801
3.3320000000000	-0.039298039899546
3.3360000000000	-0.039278299200518
3.3400000000000	-0.039259580577537
3.3440000000000	-0.039241872547395
3.3480000000000	-0.039225163830380
3.3520000000000	-0.039209443345886
3.3560000000000	-0.039194700208172
3.3600000000000	-0.039180923722191
3.3640000000000	-0.039168103379548
3.3680000000000	-0.039156228854539
3.3720000000000	-0.039145290000310
3.3760000000000	-0.039135276845091
3.3800000000000	-0.039126179588531
3.3840000000000	-0.039117988598131
3.3880000000000	-0.039110694405748
3.3920000000000	-0.039104287704194
3.3960000000000	-0.039098759343918
3.4000000000000	-0.039094100329764
3.4040000000000	-0.039090301817812
3.4080000000000	-0.039087355112286
3.4120000000000	-0.039085251662550
3.4160000000000	-0.039083983060161
3.4200000000000	-0.039083541036003
3.4240000000000	-0.039083917457477
3.4280000000000	-0.039085104325777
3.4320000000000	-0.039087093773207
3.4360000000000	-0.039089878060574
3.4400000000000	-0.039093449574642
3.4440000000000	-0.039097800825642
3.4480000000000	-0.039102924444834
3.4520000000000	-0.039108813182145
3.4560000000000	-0.039115459903836
3.4600000000000	-0.039122857590233
3.4640000000000	-0.039130999333524
3.4680000000000	-0.039139878335582
3.4720000000000	-0.039149487905857
3.4760000000000	-0.039159821459295
3.4800000000000	-0.039170872514333
3.4840000000000	-0.039182634690913
3.4880000000000	-0.039195101708549
3.4920000000000	-0.039208267384446
3.4960000000000	-0.039222125631640
3.5000000000000	-0.039236670457211
3.5040000000000	-0.039251895960495
3.5080000000000	-0.039267796331378
3.5120000000000	-0.039284365848593
3.5160000000000	-0.039301598878074
3.5200000000000	-0.039319489871332
3.5240000000000	-0.039338033363887
3.5280000000000	-0.039357223973714
3.5320000000000	-0.039377056399727
3.5360000000000	-0.039397525420300
3.5400000000000	-0.039418625891826
3.5440000000000	-0.039440352747285
3.5480000000000	-0.039462700994869
3.5520000000000	-0.039485665716617
3.5560000000000	-0.039509242067082
3.5600000000000	-0.039533425272046
3.5640000000000	-0.039558210627224
3.5680000000000	-0.039583593497033
3.5720000000000	-0.039609569313361
3.5760000000000	-0.039636133574381
3.5800000000000	-0.039663281843372
3.5840000000000	-0.039691009747575
3.5880000000000	-0.039719312977070
3.5920000000000	-0.039748187283679
3.5960000000000	-0.039777628479883
3.6000000000000	-0.039807632437773
3.6040000000000	-0.039838195088013
3.6080000000000	-0.039869312418825
3.6120000000000	-0.039900980475008
3.6160000000000	-0.039933195356947
3.6200000000000	-0.039965953219680
3.6240000000000	-0.039999250271954
3.6280000000000	-0.040033082775310
3.6320000000000	-0.040067447043195
3.6360000000000	-0.040102339440072
3.6400000000000	-0.040137756380569
3.6440000000000	-0.040173694328630
3.6480000000000	-0.040210149796687
3.6520000000000	-0.040247119344852
3.6560000000000	-0.040284599580121
3.6600000000000	-0.040322587155593
3.6640000000000	-0.040361078769704
3.6680000000000	-0.040400071165485
3.6720000000000	-0.040439561129817
3.6760000000000	-0.040479545492718
3.6800000000000	-0.040520021126631
3.6840000000000	-0.040560984945737
3.6880000000000	-0.040602433905264
3.6920000000000	-0.040644365000833
3.6960000000000	-0.040686775267793
3.7000000000000	-0.040729661780587
3.7040000000000	-0.040773021652113
3.7080000000000	-0.040816852033121
3.7120000000000	-0.040861150111586
3.7160000000000	-0.040905913112137
3.7200000000000	-0.040951138295448
3.7240000000000	-0.040996822957689
3.7280000000000	-0.041042964429949
3.7320000000000	-0.041089560077684
3.7360000000000	-0.041136607300185
3.7400000000000	-0.041184103530040
3.7440000000000	-0.041232046232613
3.7480000000000	-0.041280432905532
3.7520000000000	-0.041329261078186
3.7560000000000	-0.041378528311232
3.7600000000000	-0.041428232196114
3.7640000000000	-0.041478370354576
3.7680000000000	-0.041528940438207
3.7720000000000	-0.041579940127975
3.7760000000000	-0.041631367133785
3.7800000000000	-0.041683219194021
3.7840000000000	-0.041735494075127
3.7880000000000	-0.041788189571173
3.7920000000000	-0.041841303503437
3.7960000000000	-0.041894833719990
3.8000000000000	-0.041948778095301
3.8040000000000	-0.042003134529829
3.8080000000000	-0.042057900949635
3.8120000000000	-0.042113075306011
3.8160000000000	-0.042168655575078
3.8200000000000	-0.042224639757445
3.8240000000000	-0.042281025877821
3.8280000000000	-0.042337811984677
3.8320000000000	-0.042394996149875
3.8360000000000	-0.042452576468344
3.8400000000000	-0.042510551057725
3.8440000000000	-0.042568918058039
3.8480000000000	-0.042627675631374
3.8520000000000	-0.042686821961547
3.8560000000000	-0.042746355253791
3.8600000000000	-0.042806273734448
3.8640000000000	-0.042866575650660
3.8680000000000	-0.042927259270069
3.8720000000000	-0.042988322880531
3.8760000000000	-0.043049764789798
3.8800000000000	-0.043111583325270
3.8840000000000	-0.043173776833678
3.8880000000000	-0.043236343680835
3.8920000000000	-0.043299282251350
3.8960000000000	-0.043362590948363
3.9000000000000	-0.043426268193287
3.9040000000000	-0.043490312425545
3.9080000000000	-0.043554722102314
3.9120000000000	-0.043619495698286
3.9160000000000	-0.043684631705410
3.9200000000000	-0.043750128632651
3.9240000000000	-0.043815985005764
3.9280000000000	-0.043882199367045
3.9320000000000	-0.043948770275115
3.9360000000000	-0.044015696304679
3.9400000000000	-0.044082976046318
3.9440000000000	-0.044150608106254
3.9480000000000	-0.044218591106150
3.9520000000000	-0.044286923682890
3.9560000000000	-0.044355604488366
3.9600000000000	-0.044424632189283
3.9640000000000	-0.044494005466945
3.9680000000000	-0.044563723017072
3.9720000000000	-0.044633783549584
3.9760000000000	-0.044704185788426
3.9800000000000	-0.044774928471365
3.9840000000000	-0.044846010349817
3.9880000000000	-0.044917430188648
3.9920000000000	-0.044989186766007
3.9960000000000	-0.045061278873135
4.0000000000000	-0.045133705314203
4.0040000000000	-0.045206464906130
4.0080000000000	-0.045279556478413
4.0120000000000	-0.045352978872970
4.0160000000000	-0.045426730943958
4.0200000000000	-0.045500811557631
4.0240000000000	-0.045575219592165
4.0280000000000	-0.045649953937502
4.0320000000000	-0.045725013495211
4.0360000000000	-0.045800397178311
4.0400000000000	-0.045876103911140
4.0440000000000	-0.045952132629204
4.0480000000000	-0.046028482279021
4.0520000000000	-0.046105151817988
4.0560000000000	-0.046182140214236
4.0600000000000	-0.046259446446497
4.0640000000000	-0.046337069503951
4.0680000000000	-0.046415008386110
4.0720000000000	-0.046493262102675
4.0760000000000	-0.046571829673404
4.0800000000000	-0.046650710127984
4.0840000000000	-0.046729902505912
4.0880000000000	-0.046809405856358
4.0920000000000	-0.046889219238051
4.0960000000000	-0.046969341719147
4.1000000000000	-0.047049772377118
4.1040000000000	-0.047130510298637
4.1080000000000	-0.047211554579450
4.1120000000000	-0.047292904324264
4.1160000000000	-0.047374558646650
4.1200000000000	-0.047456516668908
4.1240000000000	-0.047538777521974
4.1280000000000	-0.047621340345303
4.1320000000000	-0.047704204286771
4.1360000000000	-0.047787368502560
4.1400000000000	-0.047870832157064
4.1440000000000	-0.047954594422778
4.1480000000000	-0.048038654480207
4.1520000000000	-0.048123011517757
4.1560000000000	-0.048207664731645
4.1600000000000	-0.048292613325799
4.1640000000000	-0.048377856511766
4.1680000000000	-0.048463393508612
4.1720000000000	-0.048549223542837
4.1760000000000	-0.048635345848283
4.1800000000000	-0.048721759666038
4.1840000000000	-0.048808464244356
4.1880000000000	-0.048895458838561
4.1920000000000	-0.048982742710972
4.1960000000000	-0.049070315130806
4.2000000000000	-0.049158175374103
4.2040000000000	-0.049246322723641
4.2080000000000	-0.049334756468855
4.2120000000000	-0.049423475905754
4.2160000000000	-0.049512480336848
4.2200000000000	-0.049601769071068
4.2240000000000	-0.049691341423674
4.2280000000000	-0.049781196716211
4.2320000000000	-0.049871334276402
4.2360000000000	-0.049961753438097
4.2400000000000	-0.050052453541185
4.2440000000000	-0.050143433931530
4.2480000000000	-0.050234693960900
4.2520000000000	-0.050326232986892
4.2560000000000	-0.050418050372871
4.2600000000000	-0.050510145487896
4.2640000000000	-0.050602517706651
4.2680000000000	-0.050695166409388
4.2720000000000	-0.050788090981850
4.2760000000000	-0.050881290815220
4.2800000000000	-0.050974765306041
4.2840000000000	-0.051068513856171
4.2880000000000	-0.051162535872704
4.2920000000000	-0.051256830767924
4.2960000000000	-0.051351397959234
4.3000000000000	-0.051446236869099
4.3040000000000	-0.051541346924997
4.3080000000000	-0.051636727559341
4.3120000000000	-0.051732378209441
4.3160000000000	-0.051828298317442
4.3200000000000	-0.051924487330256
4.3240000000000	-0.052020944699532
4.3280000000000	-0.052117669881578
4.3320000000000	-0.052214662337316
4.3360000000000	-0.052311921532233
4.3400000000000	-0.052409446936328
4.3440000000000	-0.052507238024052
4.3480000000000	-0.052605294274268
4.3520000000000	-0.052703615170196
4.3560000000000	-0.052802200199361
4.3600000000000	-0.052901048853550
4.3640000000000	-0.053000160628755
4.3680000000000	-0.053099535025137
4.3720000000000	-0.053199171546969
4.3760000000000	-0.053299069702596
4.3800000000000	-0.053399229004386
4.3840000000000	-0.053499648968681
4.3880000000000	-0.053600329115757
4.3920000000000	-0.053701268969788
4.3960000000000	-0.053802468058782
4.4000000000000	-0.053903925914555
4.4040000000000	-0.054005642072686
4.4080000000000	-0.054107616072466
4.4120000000000	-0.054209847456866
4.4160000000000	-0.054312335772490
4.4200000000000	-0.054415080569541
4.4240000000000	-0.054518081401775
4.4280000000000	-0.054621337826462
4.4320000000000	-0.054724849404354
4.4360000000000	-0.054828615699637
4.4400000000000	-0.054932636279896
4.4440000000000	-0.055036910716087
4.4480000000000	-0.055141438582481
4.4520000000000	-0.055246219456644
4.4560000000000	-0.055351252919397
4.4600000000000	-0.055456538554771
4.4640000000000	-0.055562075949985
4.4680000000000	-0.055667864695405
4.4720000000000	-0.055773904384506
4.4760000000000	-0.055880194613843
4.4800000000000	-0.055986734983017
4.4840000000000	-0.056093525094640
4.4880000000000	-0.056200564554301
4.4920000000000	-0.056307852970538
4.4960000000000	-0.056415389954803
4.5000000000000	-0.056523175121429
4.5040000000000	-0.056631208087604
4.5080000000000	-0.056739488473332
4.5120000000000	-0.056848015901410
4.5160000000000	-0.056956789997392
4.5200000000000	-0.057065810389568
4.5240000000000	-0.057175076708922
4.5280000000000	-0.057284588589113
4.5320000000000	-0.057394345666439
4.5360000000000	-0.057504347579819
4.5400000000000	-0.057614593970749
4.5440000000000	-0.057725084483291
4.5480000000000	-0.057835818764037
4.5520000000000	-0.057946796462077
4.5560000000000	-0.058058017228986
4.5600000000000	-0.058169480718782
4.5640000000000	-0.058281186587909
4.5680000000000	-0.058393134495217
4.5720000000000	-0.058505324101916
4.5760000000000	-0.058617755071575
4.5800000000000	-0.058730427070077
4.5840000000000	-0.058843339765609
4.5880000000000	-0.058956492828624
4.5920000000000	-0.059069885931835
4.5960000000000	-0.059183518750169
4.6000000000000	-0.059297390960762
4.6040000000000	-0.059411502242927
4.6080000000000	-0.059525852278128
4.6120000000000	-0.059640440749967
4.6160000000000	-0.059755267344151
4.6200000000000	-0.059870331748480
4.6240000000000	-0.059985633652817
4.6280000000000	-0.060101172749066
4.6320000000000	-0.060216948731156
4.6360000000000	-0.060332961295020
4.6400000000000	-0.060449210138563
4.6440000000000	-0.060565694961658
4.6480000000000	-0.060682415466111
4.6520000000000	-0.060799371355645
4.6560000000000	-0.060916562335884
4.6600000000000	-0.061033988114328
4.6640000000000	-0.061151648400338
4.6680000000000	-0.061269542905112
4.6720000000000	-0.061387671341667
4.6760000000000	-0.061506033424821
4.6800000000000	-0.061624628871175
4.6840000000000	-0.061743457399092
4.6880000000000	-0.061862518728679
4.6920000000000	-0.061981812581770
4.6960000000000	-0.062101338681907
4.7000000000000	-0.062221096754323
4.7040000000000	-0.062341086525924
4.7080000000000	-0.062461307725272
4.7120000000000	-0.062581760082566
4.7160000000000	-0.062702443329627
4.7200000000000	-0.062823357199879
4.7240000000000	-0.062944501428335
4.7280000000000	-0.063065875751579
4.7320000000000	-0.063187479907750
4.7360000000000	-0.063309313636523
4.7400000000000	-0.063431376679099
4.7440000000000	-0.063553668778186
4.7480000000000	-0.063676189677977
4.7520000000000	-0.063798939124148
4.7560000000000	-0.063921916863833
4.7600000000000	-0.064045122645609
4.7640000000000	-0.064168556219486
4.7680000000000	-0.064292217336886
4.7720000000000	-0.064416105750635
4.7760000000000	-0.064540221214943
4.7800000000000	-0.064664563485397
4.7840000000000	-0.064789132318932
4.7880000000000	-0.064913927473835
4.7920000000000	-0.065038948709720
4.7960000000000	-0.065164195787514
4.8000000000000	-0.065289668469450
4.8040000000000	-0.065415366519050
4.8080000000000	-0.065541289701107
4.8120000000000	-0.065667437781678
4.8160000000000	-0.065793810528076
4.8200000000000	-0.065920407708840
4.8240000000000	-0.066047229093738
4.8280000000000	-0.066174274453748
4.8320000000000	-0.066301543561043
4.8360000000000	-0.066429036188990
4.8400000000000	-0.066556752112122
4.8440000000000	-0.066684691106133
4.8480000000000	-0.066812852947872
4.8520000000000	-0.066941237415324
4.8560000000000	-0.067069844287596
4.8600000000000	-0.067198673344914
4.8640000000000	-0.067327724368602
4.8680000000000	-0.067456997141079
4.8720000000000	-0.067586491445842
4.8760000000000	-0.067716207067457
4.8800000000000	-0.067846143791546
4.8840000000000	-0.067976301404782
4.8880000000000	-0.068106679694867
4.8920000000000	-0.068237278450538
4.8960000000000	-0.068368097461534
4.9000000000000	-0.068499136518610
4.9040000000000	-0.068630395413506
4.9080000000000	-0.068761873938950
4.9120000000000	-0.068893571888640
4.9160000000000	-0.069025489057238
4.9200000000000	-0.069157625240359
4.9240000000000	-0.069289980234563
4.9280000000000	-0.069422553837340
4.9320000000000	-0.069555345847104
4.9360000000000	-0.069688356063185
4.9400000000000	-0.069821584285814
4.9440000000000	-0.069955030316120
4.9480000000000	-0.070088693956117
4.9520000000000	-0.070222575008695
4.9560000000000	-0.070356673277612
4.9600000000000	-0.070490988567482
4.9640000000000	-0.070625520683770
4.9680000000000	-0.070760269432783
4.9720000000000	-0.070895234621656
4.9760000000000	-0.071030416058348
4.9800000000000	-0.071165813551634
4.9840000000000	-0.071301426911093
4.9880000000000	-0.071437255947102
4.9920000000000	-0.071573300470828
4.9960000000000	-0.071709560294216
5.0000000000000	-0.071846035229986
#Parameters = {D_center=12; L1=20; L2=2; L3=2; L4=15; L_diff=2.83; L_sub=61.66; W_50=1.36; W_sub=61.66; Z_mid=30.83; cm=0.3; ct=12; g_slot=0.8; h1=2; h2=2; h3=2; h4=2; h_sub=0.4; hole_puncher=0.87365; hole_puncher1=0.9; margin=2.24; needle_radius=0.635; nutrient_solution=0.01; pipe_OD=50; pipe_Ri=8; pipe_Ro=10; r_SRR=28; r_SRR_in=25.6; sigma_fluid=0.5; spacing=0.4; t_PDMS_microstrip=0.35; t_SRR=0.07; t_gnd=0.07; t_metal=0.5; t_microstrip=0.07; t_wall=2; w_channel=2; w_diff=2.83}
#"Frequency / GHz"	"S1,1 (6) [Magnitude / dB]"
#---------------------------------------------
1.0000000000000	-0.0050713811067242
1.0040000000000	-0.0050231445826782
1.0080000000000	-0.0049679108228199
1.0120000000000	-0.0049052599972053
1.0160000000000	-0.0048348517689614
1.0200000000000	-0.0047564667637741
1.0240000000000	-0.0046700562751040
1.0280000000000	-0.0045757989780767
1.0320000000000	-0.0044741617189573
1.0360000000000	-0.0043659592419521
1.0400000000000	-0.0042524052260793
1.0440000000000	-0.0041351447087306
1.0480000000000	-0.0040162566254090
1.0520000000000	-0.0038982157464883
1.0560000000000	-0.0037838066039385
1.0600000000000	-0.0036759884281186
1.0640000000000	-0.0035777190358004
1.0680000000000	-0.0034917552120979
1.0720000000000	-0.0034204546996650
1.0760000000000	-0.0033656077207764
1.0800000000000	-0.0033283224511845
1.0840000000000	-0.0033089795196540
1.0880000000000	-0.0033072579499762
1.0920000000000	-0.0033222225926428
1.0960000000000	-0.0033524542513604
1.1000000000000	-0.0033962000964197
1.1040000000000	-0.0034515234168158
1.1080000000000	-0.0035164367377827
1.1120000000000	-0.0035890087593586
1.1160000000000	-0.0036674416667747
1.1200000000000	-0.0037501200416692
1.1240000000000	-0.0038356354955139
1.1280000000000	-0.0039227924279883
1.1320000000000	-0.0040106003995009
1.1360000000000	-0.0040982579731469
1.1400000000000	-0.0041851319215829
1.1440000000000	-0.0042707346773765
1.1480000000000	-0.0043547019943885
1.1520000000000	-0.0044367720454647
1.1560000000000	-0.0045167666247120
1.1600000000000	-0.0045945747309790
1.1640000000000	-0.0046701385522483
1.1680000000000	-0.0047434417145995
1.1720000000000	-0.0048144995763684
1.1760000000000	-0.0048833513134792
1.1800000000000	-0.0049500535386181
1.1840000000000	-0.0050146752095613
1.1880000000000	-0.0050772936080971
1.1920000000000	-0.0051379911960195
1.1960000000000	-0.0051968531838393
1.2000000000000	-0.0052539656738433
1.2040000000000	-0.0053094142622153
1.2080000000000	-0.0053632830056378
1.2120000000000	-0.0054156536757453
1.2160000000000	-0.0054666052385551
1.2200000000000	-0.0055162135095252
1.2240000000000	-0.0055645509433011
1.2280000000000	-0.0056116865272265
1.2320000000000	-0.0056576857525163
1.2360000000000	-0.0057026106437407
1.2400000000000	-0.0057465198307386
1.2440000000000	-0.0057894686508435
1.2480000000000	-0.0058315092717711
1.2520000000000	-0.0058726908281486
1.2560000000000	-0.0059130595657658
1.2600000000000	-0.0059526589895661
1.2640000000000	-0.0059915300118996
1.2680000000000	-0.0060297110990798
1.2720000000000	-0.0060672384140166
1.2760000000000	-0.0061041459543619
1.2800000000000	-0.0061404656846927
1.2840000000000	-0.0061762276628301
1.2880000000000	-0.0062114601595764
1.2920000000000	-0.0062461897719987
1.2960000000000	-0.0062804415302527
1.3000000000000	-0.0063142389980033
1.3040000000000	-0.0063476043666603
1.3080000000000	-0.0063805585437056
1.3120000000000	-0.0064131212352953
1.3160000000000	-0.0064453110234939
1.3200000000000	-0.0064771454383960
1.3240000000000	-0.0065086410254292
1.3280000000000	-0.0065398134081028
1.3320000000000	-0.0065706773465809
1.3360000000000	-0.0066012467922108
1.3400000000000	-0.0066315349384120
1.3440000000000	-0.0066615542680181
1.3480000000000	-0.0066913165975216
1.3520000000000	-0.0067208331181706
1.3560000000000	-0.0067501144344011
1.3600000000000	-0.0067791705995876
1.3640000000000	-0.0068080111494272
1.3680000000000	-0.0068366451330495
1.3720000000000	-0.0068650811420790
1.3760000000000	-0.0068933273377266
1.3800000000000	-0.0069213914761030
1.3840000000000	-0.0069492809318580
1.3880000000000	-0.0069770027202778
1.3920000000000	-0.0070045635179071
1.3960000000000	-0.0070319696818891
1.4000000000000	-0.0070592272680054
1.4040000000000	-0.0070863420475861
1.4080000000000	-0.0071133195233502
1.4120000000000	-0.0071401649442157
1.4160000000000	-0.0071668833192103
1.4200000000000	-0.0071934794304937
1.4240000000000	-0.0072199578455815
1.4280000000000	-0.0072463229288100
1.4320000000000	-0.0072725788521186
1.4360000000000	-0.0072987296051413
1.4400000000000	-0.0073247790047296
1.4440000000000	-0.0073507307038864
1.4480000000000	-0.0073765882001650
1.4520000000000	-0.0074023548435856
1.4560000000000	-0.0074280338440812
1.4600000000000	-0.0074536282785038
1.4640000000000	-0.0074791410972435
1.4680000000000	-0.0075045751304582
1.4720000000000	-0.0075299330939399
1.4760000000000	-0.0075552175946688
1.4800000000000	-0.0075804311360503
1.4840000000000	-0.0076055761228444
1.4880000000000	-0.0076306548658449
1.4920000000000	-0.0076556695862969
1.4960000000000	-0.0076806224200569
1.5000000000000	-0.0077055154215543
1.5040000000000	-0.0077303505675211
1.5080000000000	-0.0077551297605322
1.5120000000000	-0.0077798548323502
1.5160000000000	-0.0078045275471069
1.5200000000000	-0.0078291496043075
1.5240000000000	-0.0078537226416879
1.5280000000000	-0.0078782482379196
1.5320000000000	-0.0079027279151762
1.5360000000000	-0.0079271631415781
1.5400000000000	-0.0079515553334977
1.5440000000000	-0.0079759058577768
1.5480000000000	-0.0080002160338008
1.5520000000000	-0.0080244871355011
1.5560000000000	-0.0080487203932332
1.5600000000000	-0.0080729169955855
1.5640000000000	-0.0080970780910904
1.5680000000000	-0.0081212047898535
1.5720000000000	-0.0081452981651057
1.5760000000000	-0.0081693592546825
1.5800000000000	-0.0081933890624414
1.5840000000000	-0.0082173885595963
1.5880000000000	-0.0082413586860066
1.5920000000000	-0.0082653003513978
1.5960000000000	-0.0082892144365281
1.6000000000000	-0.0083131017943111
1.6040000000000	-0.0083369632508672
1.6080000000000	-0.0083607996065497
1.6120000000000	-0.0083846116369121
1.6160000000000	-0.0084084000936405
1.6200000000000	-0.0084321657054372
1.6240000000000	-0.0084559091788739
1.6280000000000	-0.0084796311991982
1.6320000000000	-0.0085033324311191
1.6360000000000	-0.0085270135195411
1.6400000000000	-0.0085506750902852
1.6440000000000	-0.0085743177507680
1.6480000000000	-0.0085979420906573
1.6520000000000	-0.0086215486824915
1.6560000000000	-0.0086451380822908
1.6600000000000	-0.0086687108301214
1.6640000000000	-0.0086922674506610
1.6680000000000	-0.0087158084537138
1.6720000000000	-0.0087393343347300
1.6760000000000	-0.0087628455752911
1.6800000000000	-0.0087863426435717
1.6840000000000	-0.0088098259948003
1.6880000000000	-0.0088332960716795
1.6920000000000	-0.0088567533048128
1.6960000000000	-0.0088801981130914
1.7000000000000	-0.0089036309040880
1.7040000000000	-0.0089270520744194
1.7080000000000	-0.0089504620101008
1.7120000000000	-0.0089738610868940
1.7160000000000	-0.0089972496706194
1.7200000000000	-0.0090206281174930
1.7240000000000	-0.0090439967744147
1.7280000000000	-0.0090673559792652
1.7320000000000	-0.0090907060611877
1.7360000000000	-0.0091140473408608
1.7400000000000	-0.0091373801307566
1.7440000000000	-0.0091607047353960
1.7480000000000	-0.0091840214515931
1.7520000000000	-0.0092073305686768
1.7560000000000	-0.0092306323687333
1.7600000000000	-0.0092539271268153
1.7640000000000	-0.0092772151111507
1.7680000000000	-0.0093004965833467
1.7720000000000	-0.0093237717985899
1.7760000000000	-0.0093470410058189
1.7800000000000	-0.0093703044479338
1.7840000000000	-0.0093935623619463
1.7880000000000	-0.0094168149791580
1.7920000000000	-0.0094400625253315
1.7960000000000	-0.0094633052208381
1.8000000000000	-0.0094865432808186
1.8040000000000	-0.0095097769153251
1.8080000000000	-0.0095330063294715
1.8120000000000	-0.0095562317235632
1.8160000000000	-0.0095794532932372
1.8200000000000	-0.0096026712295847
1.8240000000000	-0.0096258857192879
1.8280000000000	-0.0096490969447264
1.8320000000000	-0.0096723050841045
1.8360000000000	-0.0096955103115620
1.8400000000000	-0.0097187127972786
1.8440000000000	-0.0097419127075896
1.8480000000000	-0.0097651102050805
1.8520000000000	-0.0097883054486903
1.8560000000000	-0.0098114985938089
1.8600000000000	-0.0098346897923637
1.8640000000000	-0.0098578791929205
1.8680000000000	-0.0098810669407602
1.8720000000000	-0.0099042531779755
1.8760000000000	-0.0099274380435424
1.8800000000000	-0.0099506216734067
1.8840000000000	-0.0099738042005559
1.8880000000000	-0.0099969857551027
1.8920000000000	-0.010020166464350
1.8960000000000	-0.010043346452862
1.9000000000000	-0.010066525842543
1.9040000000000	-0.010089704752685
1.9080000000000	-0.010112883300051
1.9120000000000	-0.010136061598929
1.9160000000000	-0.010159239761188
1.9200000000000	-0.010182417896350
1.9240000000000	-0.010205596111632
1.9280000000000	-0.010228774512018
1.9320000000000	-0.010251953200299
1.9360000000000	-0.010275132277132
1.9400000000000	-0.010298311841092
1.9440000000000	-0.010321491988714
1.9480000000000	-0.010344672814557
1.9520000000000	-0.010367854411229
1.9560000000000	-0.010391036869454
1.9600000000000	-0.010414220278100
1.9640000000000	-0.010437404724231
1.9680000000000	-0.010460590293146
1.9720000000000	-0.010483777068419
1.9760000000000	-0.010506965131940
1.9800000000000	-0.010530154563953
1.9840000000000	-0.010553345443095
1.9880000000000	-0.010576537846426
1.9920000000000	-0.010599731849473
1.9960000000000	-0.010622927526265
2.0000000000000	-0.010646124949349
2.0040000000000	-0.010669324189851
2.0080000000000	-0.010692525317483
2.0120000000000	-0.010715728400589
2.0160000000000	-0.010738933506166
2.0200000000000	-0.010762140699900
2.0240000000000	-0.010785350046190
2.0280000000000	-0.010808561608182
2.0320000000000	-0.010831775447786
2.0360000000000	-0.010854991625713
2.0400000000000	-0.010878210201495
2.0440000000000	-0.010901431233510
2.0480000000000	-0.010924654779010
2.0520000000000	-0.010947880894141
2.0560000000000	-0.010971109633969
2.0600000000000	-0.010994341052503
2.0640000000000	-0.011017575202710
2.0680000000000	-0.011040812136551
2.0720000000000	-0.011064051904983
2.0760000000000	-0.011087294558002
2.0800000000000	-0.011110540144644
2.0840000000000	-0.011133788713006
2.0880000000000	-0.011157040310285
2.0920000000000	-0.011180294982768
2.0960000000000	-0.011203552775873
2.1000000000000	-0.011226813734152
2.1040000000000	-0.011250077901319
2.1080000000000	-0.011273345320259
2.1120000000000	-0.011296616033051
2.1160000000000	-0.011319890080975
2.1200000000000	-0.011343167504536
2.1240000000000	-0.011366448343478
2.1280000000000	-0.011389732636797
2.1320000000000	-0.011413020422754
2.1360000000000	-0.011436311738895
2.1400000000000	-0.011459606622058
2.1440000000000	-0.011482905108389
2.1480000000000	-0.011506207233359
2.1520000000000	-0.011529513031777
2.1560000000000	-0.011552822537791
2.1600000000000	-0.011576135784920
2.1640000000000	-0.011599452806047
2.1680000000000	-0.011622773633440
2.1720000000000	-0.011646098298771
2.1760000000000	-0.011669426833111
2.1800000000000	-0.011692759266950
2.1840000000000	-0.011716095630212
2.1880000000000	-0.011739435952254
2.1920000000000	-0.011762780261890
2.1960000000000	-0.011786128587391
2.2000000000000	-0.011809480956493
2.2040000000000	-0.011832837396424
2.2080000000000	-0.011856197933887
2.2120000000000	-0.011879562595095
2.2160000000000	-0.011902931405762
2.2200000000000	-0.011926304391121
2.2240000000000	-0.011949681575926
2.2280000000000	-0.011973062984476
2.2320000000000	-0.011996448640595
2.2360000000000	-0.012019838567671
2.2400000000000	-0.012043232788643
2.2440000000000	-0.012066631326018
2.2480000000000	-0.012090034201877
2.2520000000000	-0.012113441437881
2.2560000000000	-0.012136853055277
2.2600000000000	-0.012160269074912
2.2640000000000	-0.012183689517234
2.2680000000000	-0.012207114402297
2.2720000000000	-0.012230543749772
2.2760000000000	-0.012253977578956
2.2800000000000	-0.012277415908771
2.2840000000000	-0.012300858757778
2.2880000000000	-0.012324306144177
2.2920000000000	-0.012347758085815
2.2960000000000	-0.012371214600193
2.3000000000000	-0.012394675704474
2.3040000000000	-0.012418141415483
2.3080000000000	-0.012441611749717
2.3120000000000	-0.012465086723348
2.3160000000000	-0.012488566352232
2.3200000000000	-0.012512050651905
2.3240000000000	-0.012535539637606
2.3280000000000	-0.012559033324262
2.3320000000000	-0.012582531726504
2.3360000000000	-0.012606034858671
2.3400000000000	-0.012629542734815
2.3440000000000	-0.012653055368699
2.3480000000000	-0.012676572773813
2.3520000000000	-0.012700094963368
2.3560000000000	-0.012723621950303
2.3600000000000	-0.012747153747300
2.3640000000000	-0.012770690366769
2.3680000000000	-0.012794231820868
2.3720000000000	-0.012817778121499
2.3760000000000	-0.012841329280318
2.3800000000000	-0.012864885308732
2.3840000000000	-0.012888446217907
2.3880000000000	-0.012912012018771
2.3920000000000	-0.012935582722020
2.3960000000000	-0.012959158338117
2.4000000000000	-0.012982738877298
2.4040000000000	-0.013006324349576
2.4080000000000	-0.013029914764747
2.4120000000000	-0.013053510132383
2.4160000000000	-0.013077110461848
2.4200000000000	-0.013100715762296
2.4240000000000	-0.013124326042673
2.4280000000000	-0.013147941311719
2.4320000000000	-0.013171561577978
2.4360000000000	-0.013195186849792
2.4400000000000	-0.013218817135309
2.4440000000000	-0.013242452442489
2.4480000000000	-0.013266092779098
2.4520000000000	-0.013289738152720
2.4560000000000	-0.013313388570750
2.4600000000000	-0.013337044040409
2.4640000000000	-0.013360704568736
2.4680000000000	-0.013384370162595
2.4720000000000	-0.013408040828680
2.4760000000000	-0.013431716573510
2.4800000000000	-0.013455397403440
2.4840000000000	-0.013479083324658
2.4880000000000	-0.013502774343186
2.4920000000000	-0.013526470464893
2.4960000000000	-0.013550171695486
2.5000000000000	-0.013573878040512
2.5040000000000	-0.013597589505370
2.5080000000000	-0.013621306095302
2.5120000000000	-0.013645027815407
2.5160000000000	-0.013668754670630
2.5200000000000	-0.013692486665775
2.5240000000000	-0.013716223805500
2.5280000000000	-0.013739966094329
2.5320000000000	-0.013763713536634
2.5360000000000	-0.013787466136662
2.5400000000000	-0.013811223898518
2.5440000000000	-0.013834986826176
2.5480000000000	-0.013858754923475
2.5520000000000	-0.013882528194129
2.5560000000000	-0.013906306641720
2.5600000000000	-0.013930090269708
2.5640000000000	-0.013953879081425
2.5680000000000	-0.013977673080080
2.5720000000000	-0.014001472268762
2.5760000000000	-0.014025276650442
2.5800000000000	-0.014049086227972
2.5840000000000	-0.014072901004085
2.5880000000000	-0.014096720981405
2.5920000000000	-0.014120546162435
2.5960000000000	-0.014144376549575
2.6000000000000	-0.014168212145108
2.6040000000000	-0.014192052951211
2.6080000000000	-0.014215898969955
2.6120000000000	-0.014239750203304
2.6160000000000	-0.014263606653115
2.6200000000000	-0.014287468321148
2.6240000000000	-0.014311335209056
2.6280000000000	-0.014335207318393
2.6320000000000	-0.014359084650612
2.6360000000000	-0.014382967207075
2.6400000000000	-0.014406854989038
2.6440000000000	-0.014430747997672
2.6480000000000	-0.014454646234046
2.6520000000000	-0.014478549699139
2.6560000000000	-0.014502458393838
2.6600000000000	-0.014526372318942
2.6640000000000	-0.014550291475155
2.6680000000000	-0.014574215863099
2.6720000000000	-0.014598145483307
2.6760000000000	-0.014622080336224
2.6800000000000	-0.014646020422212
2.6840000000000	-0.014669965741551
2.6880000000000	-0.014693916294433
2.6920000000000	-0.014717872080975
2.6960000000000	-0.014741833101208
2.7000000000000	-0.014765799355086
2.7040000000000	-0.014789770842484
2.7080000000000	-0.014813747563200
2.7120000000000	-0.014837729516954
2.7160000000000	-0.014861716703388
2.7200000000000	-0.014885709122076
2.7240000000000	-0.014909706772511
2.7280000000000	-0.014933709654120
2.7320000000000	-0.014957717766249
2.7360000000000	-0.014981731108180
2.7400000000000	-0.015005749679124
2.7440000000000	-0.015029773478221
2.7480000000000	-0.015053802504540
2.7520000000000	-0.015077836757084
2.7560000000000	-0.015101876234793
2.7600000000000	-0.015125920936538
2.7640000000000	-0.015149970861118
2.7680000000000	-0.015174026007277
2.7720000000000	-0.015198086373693
2.7760000000000	-0.015222151958978
2.7800000000000	-0.015246222761683
2.7840000000000	-0.015270298780298
2.7880000000000	-0.015294380013251
2.7920000000000	-0.015318466458910
2.7960000000000	-0.015342558115587
2.8000000000000	-0.015366654981530
2.8040000000000	-0.015390757054932
2.8080000000000	-0.015414864333928
2.8120000000000	-0.015438976816596
2.8160000000000	-0.015463094500959
2.8200000000000	-0.015487217384982
2.8240000000000	-0.015511345466579
2.8280000000000	-0.015535478743608
2.8320000000000	-0.015559617213872
2.8360000000000	-0.015583760875125
2.8400000000000	-0.015607909725063
2.8440000000000	-0.015632063761338
2.8480000000000	-0.015656222981543
2.8520000000000	-0.015680387383225
2.8560000000000	-0.015704556963879
2.8600000000000	-0.015728731720956
2.8640000000000	-0.015752911651848
2.8680000000000	-0.015777096753911
2.8720000000000	-0.015801287024442
2.8760000000000	-0.015825482460696
2.8800000000000	-0.015849683059887
2.8840000000000	-0.015873888819169
2.8880000000000	-0.015898099735665
2.8920000000000	-0.015922315806441
2.8960000000000	-0.015946537028527
2.9000000000000	-0.015970763398905
2.9040000000000	-0.015994994914515
2.9080000000000	-0.016019231572250
2.9120000000000	-0.016043473368966
2.9160000000000	-0.016067720301474
2.9200000000000	-0.016091972366537
2.9240000000000	-0.016116229560892
2.9280000000000	-0.016140491881222
2.9320000000000	-0.016164759324174
2.9360000000000	-0.016189031886352
2.9400000000000	-0.016213309564326
2.9440000000000	-0.016237592354625
2.9480000000000	-0.016261880253736
2.9520000000000	-0.016286173258112
2.9560000000000	-0.016310471364167
2.9600000000000	-0.016334774568275
2.9640000000000	-0.016359082866776
2.9680000000000	-0.016383396255971
2.9720000000000	-0.016407714732126
2.9760000000000	-0.016432038291475
2.9800000000000	-0.016456366930206
2.9840000000000	-0.016480700644487
2.9880000000000	-0.016505039430434
2.9920000000000	-0.016529383284144
2.9960000000000	-0.016553732201668
3.0000000000000	-0.016578086179034
3.0040000000000	-0.016602445212229
3.0080000000000	-0.016626809297211
3.0120000000000	-0.016651178429899
3.0160000000000	-0.016675552606191
3.0200000000000	-0.016699931821941
3.0240000000000	-0.016724316072982
3.0280000000000	-0.016748705355108
3.0320000000000	-0.016773099664085
3.0360000000000	-0.016797498995649
3.0400000000000	-0.016821903345505
3.0440000000000	-0.016846312709328
3.0480000000000	-0.016870727082761
3.0520000000000	-0.016895146461423
3.0560000000000	-0.016919570840898
3.0600000000000	-0.016944000216746
3.0640000000000	-0.016968434584493
3.0680000000000	-0.016992873939644
3.0720000000000	-0.017017318277668
3.0760000000000	-0.017041767594018
3.0800000000000	-0.017066221884103
3.0840000000000	-0.017090681143319
3.0880000000000	-0.017115145367031
3.0920000000000	-0.017139614550575
3.0960000000000	-0.017164088689262
3.1000000000000	-0.017188567778377
3.1040000000000	-0.017213051813182
3.1080000000000	-0.017237540788909
3.1120000000000	-0.017262034700768
3.1160000000000	-0.017286533543941
3.1200000000000	-0.017311037313591
3.1240000000000	-0.017335546004849
3.1280000000000	-0.017360059612824
3.1320000000000	-0.017384578132606
3.1360000000000	-0.017409101559257
3.1400000000000	-0.017433629887814
3.1440000000000	-0.017458163113291
3.1480000000000	-0.017482701230684
3.1520000000000	-0.017507244234963
3.1560000000000	-0.017531792121072
3.1600000000000	-0.017556344883937
3.1640000000000	-0.017580902518457
3.1680000000000	-0.017605465019518
3.1720000000000	-0.017630032381976
3.1760000000000	-0.017654604600666
3.1800000000000	-0.017679181670404
3.1840000000000	-0.017703763585988
3.1880000000000	-0.017728350342188
3.1920000000000	-0.017752941933755
3.1960000000000	-0.017777538355425
3.2000000000000	-0.017802139601909
3.2040000000000	-0.017826745667896
3.2080000000000	-0.017851356548059
3.2120000000000	-0.017875972237051
3.2160000000000	-0.017900592729503
3.2200000000000	-0.017925218020027
3.2240000000000	-0.017949848103219
3.2280000000000	-0.017974482973650
3.2320000000000	-0.017999122625878
3.2360000000000	-0.018023767054438
3.2400000000000	-0.018048416253853
3.2440000000000	-0.018073070218618
3.2480000000000	-0.018097728943218
3.2520000000000	-0.018122392422115
3.2560000000000	-0.018147060649755
3.2600000000000	-0.018171733620569
3.2640000000000	-0.018196411328967
3.2680000000000	-0.018221093769340
3.2720000000000	-0.018245780936066
3.2760000000000	-0.018270472823506
3.2800000000000	-0.018295169426003
3.2840000000000	-0.018319870737878
3.2880000000000	-0.018344576753448
3.2920000000000	-0.018369287466999
3.2960000000000	-0.018394002872812
3.3000000000000	-0.018418722965145
3.3040000000000	-0.018443447738244
3.3080000000000	-0.018468177186339
3.3120000000000	-0.018492911303641
3.3160000000000	-0.018517650084351
3.3200000000000	-0.018542393522649
3.3240000000000	-0.018567141612700
3.3280000000000	-0.018591894348663
3.3320000000000	-0.018616651724668
3.3360000000000	-0.018641413734843
3.3400000000000	-0.018666180373292
3.3440000000000	-0.018690951634110
3.3480000000000	-0.018715727511375
3.3520000000000	-0.018740507999153
3.3560000000000	-0.018765293091492
3.3600000000000	-0.018790082782429
3.3640000000000	-0.018814877065990
3.3680000000000	-0.018839675936179
3.3720000000000	-0.018864479386994
3.3760000000000	-0.018889287412416
3.3800000000000	-0.018914100006413
3.3840000000000	-0.018938917162938
3.3880000000000	-0.018963738875936
3.3920000000000	-0.018988565139334
3.3960000000000	-0.019013395947050
3.4000000000000	-0.019038231292984
3.4040000000000	-0.019063071171027
3.4080000000000	-0.019087915575058
3.4120000000000	-0.019112764498942
3.4160000000000	-0.019137617936532
3.4200000000000	-0.019162475881669
3.4240000000000	-0.019187338328180
3.4280000000000	-0.019212205269884
3.4320000000000	-0.019237076700584
3.4360000000000	-0.019261952614074
3.4400000000000	-0.019286833004134
3.4440000000000	-0.019311717864534
3.4480000000000	-0.019336607189032
3.4520000000000	-0.019361500971377
3.4560000000000	-0.019386399205301
3.4600000000000	-0.019411301884531
3.4640000000000	-0.019436209002779
3.4680000000000	-0.019461120553745
3.4720000000000	-0.019486036531124
3.4760000000000	-0.019510956928594
3.4800000000000	-0.019535881739826
3.4840000000000	-0.019560810958479
3.4880000000000	-0.019585744578202
3.4920000000000	-0.019610682592631
3.4960000000000	-0.019635624995398
3.5000000000000	-0.019660571780117
3.5040000000000	-0.019685522940395
3.5080000000000	-0.019710478469834
3.5120000000000	-0.019735438362016
3.5160000000000	-0.019760402610524
3.5200000000000	-0.019785371208920
3.5240000000000	-0.019810344150767
3.5280000000000	-0.019835321429612
3.5320000000000	-0.019860303038991
3.5360000000000	-0.019885288972439
3.5400000000000	-0.019910279223470
3.5440000000000	-0.019935273785601
3.5480000000000	-0.019960272652328
3.5520000000000	-0.019985275817148
3.5560000000000	-0.020010283273542
3.5600000000000	-0.020035295014984
3.5640000000000	-0.020060311034942
3.5680000000000	-0.020085331326870
3.5720000000000	-0.020110355884216
3.5760000000000	-0.020135384700424
3.5800000000000	-0.020160417768918
3.5840000000000	-0.020185455083125
3.5880000000000	-0.020210496636458
3.5920000000000	-0.020235542422321
3.5960000000000	-0.020260592434113
3.6000000000000	-0.020285646665222
3.6040000000000	-0.020310705109028
3.6080000000000	-0.020335767758905
3.6120000000000	-0.020360834608217
3.6160000000000	-0.020385905650322
3.6200000000000	-0.020410980878569
3.6240000000000	-0.020436060286298
3.6280000000000	-0.020461143866843
3.6320000000000	-0.020486231613528
3.6360000000000	-0.020511323519675
3.6400000000000	-0.020536419578591
3.6440000000000	-0.020561519783582
3.6480000000000	-0.020586624127944
3.6520000000000	-0.020611732604960
3.6560000000000	-0.020636845207919
3.6600000000000	-0.020661961930090
3.6640000000000	-0.020687082764742
3.6680000000000	-0.020712207705134
3.6720000000000	-0.020737336744519
3.6760000000000	-0.020762469876144
3.6800000000000	-0.020787607093245
3.6840000000000	-0.020812748389057
3.6880000000000	-0.020837893756805
3.6920000000000	-0.020863043189706
3.6960000000000	-0.020888196680974
3.7000000000000	-0.020913354223816
3.7040000000000	-0.020938515811426
3.7080000000000	-0.020963681436999
3.7120000000000	-0.020988851093722
3.7160000000000	-0.021014024774772
3.7200000000000	-0.021039202473327
3.7240000000000	-0.021064384182548
3.7280000000000	-0.021089569895602
3.7320000000000	-0.021114759605641
3.7360000000000	-0.021139953305812
3.7400000000000	-0.021165150989260
3.7440000000000	-0.021190352649120
3.7480000000000	-0.021215558278525
3.7520000000000	-0.021240767870599
3.7560000000000	-0.021265981418459
3.7600000000000	-0.021291198915221
3.7640000000000	-0.021316420353992
3.7680000000000	-0.021341645727872
3.7720000000000	-0.021366875029960
3.7760000000000	-0.021392108253346
3.7800000000000	-0.021417345391113
3.7840000000000	-0.021442586436344
3.7880000000000	-0.021467831382113
3.7920000000000	-0.021493080221485
3.7960000000000	-0.021518332947527
3.8000000000000	-0.021543589553299
3.8040000000000	-0.021568850031850
3.8080000000000	-0.021594114376231
3.8120000000000	-0.021619382579484
3.8160000000000	-0.021644654634648
3.8200000000000	-0.021669930534753
3.8240000000000	-0.021695210272828
3.8280000000000	-0.021720493841896
3.8320000000000	-0.021745781234975
3.8360000000000	-0.021771072445078
3.8400000000000	-0.021796367465215
3.8440000000000	-0.021821666288385
3.8480000000000	-0.021846968907590
3.8520000000000	-0.021872275315825
3.8560000000000	-0.021897585506077
3.8600000000000	-0.021922899471330
3.8640000000000	-0.021948217204567
3.8680000000000	-0.021973538698763
3.8720000000000	-0.021998863946890
3.8760000000000	-0.022024192941913
3.8800000000000	-0.022049525676795
3.8840000000000	-0.022074862144497
3.8880000000000	-0.022100202337966
3.8920000000000	-0.022125546250159
3.8960000000000	-0.022150893874017
3.9000000000000	-0.022176245202484
3.9040000000000	-0.022201600228493
3.9080000000000	-0.022226958944980
3.9120000000000	-0.022252321344873
3.9160000000000	-0.022277687421099
3.9200000000000	-0.022303057166574
3.9240000000000	-0.022328430574219
3.9280000000000	-0.022353807636948
3.9320000000000	-0.022379188347665
3.9360000000000	-0.022404572699279
3.9400000000000	-0.022429960684688
3.9440000000000	-0.022455352296794
3.9480000000000	-0.022480747528489
3.9520000000000	-0.022506146372662
3.9560000000000	-0.022531548822202
3.9600000000000	-0.022556954869989
3.9640000000000	-0.022582364508907
3.9680000000000	-0.022607777731827
3.9720000000000	-0.022633194531624
3.9760000000000	-0.022658614901166
3.9800000000000	-0.022684038833318
3.9840000000000	-0.022709466320943
3.9880000000000	-0.022734897356899
3.9920000000000	-0.022760331934041
3.9960000000000	-0.022785770045222
4.0000000000000	-0.022811211683287
4.0040000000000	-0.022836656841087
4.0080000000000	-0.022862105511460
4.0120000000000	-0.022887557687248
4.0160000000000	-0.022913013361285
4.0200000000000	-0.022938472526404
4.0240000000000	-0.022963935175433
4.0280000000000	-0.022989401301202
4.0320000000000	-0.023014870896531
4.0360000000000	-0.023040343954245
4.0400000000000	-0.023065820467158
4.0440000000000	-0.023091300428086
4.0480000000000	-0.023116783829841
4.0520000000000	-0.023142270665231
4.0560000000000	-0.023167760927063
4.0600000000000	-0.023193254608140
4.0640000000000	-0.023218751701263
4.0680000000000	-0.023244252199229
4.0720000000000	-0.023269756094835
4.0760000000000	-0.023295263380870
4.0800000000000	-0.023320774050126
4.0840000000000	-0.023346288095391
4.0880000000000	-0.023371805509448
4.0920000000000	-0.023397326285079
4.0960000000000	-0.023422850415064
4.1000000000000	-0.023448377892179
4.1040000000000	-0.023473908709199
4.1080000000000	-0.023499442858896
4.1120000000000	-0.023524980334040
4.1160000000000	-0.023550521127396
4.1200000000000	-0.023576065231731
4.1240000000000	-0.023601612639806
4.1280000000000	-0.023627163344383
4.1320000000000	-0.023652717338219
4.1360000000000	-0.023678274614066
4.1400000000000	-0.023703835164683
4.1440000000000	-0.023729398982818
4.1480000000000	-0.023754966061219
4.1520000000000	-0.023780536392635
4.1560000000000	-0.023806109969808
4.1600000000000	-0.023831686785483
4.1640000000000	-0.023857266832399
4.1680000000000	-0.023882850103295
4.1720000000000	-0.023908436590906
4.1760000000000	-0.023934026287968
4.1800000000000	-0.023959619187210
4.1840000000000	-0.023985215281368
4.1880000000000	-0.024010814563166
4.1920000000000	-0.024036417025330
4.1960000000000	-0.024062022660589
4.2000000000000	-0.024087631461661
4.2040000000000	-0.024113243421269
4.2080000000000	-0.024138858532132
4.2120000000000	-0.024164476786966
4.2160000000000	-0.024190098178492
4.2200000000000	-0.024215722699416
4.2240000000000	-0.024241350342454
4.2280000000000	-0.024266981100316
4.2320000000000	-0.024292614965711
4.2360000000000	-0.024318251931346
4.2400000000000	-0.024343891989927
4.2440000000000	-0.024369535134155
4.2480000000000	-0.024395181356735
4.2520000000000	-0.024420830650369
4.2560000000000	-0.024446483007753
4.2600000000000	-0.024472138421585
4.2640000000000	-0.024497796884562
4.2680000000000	-0.024523458389379
4.2720000000000	-0.024549122928729
4.2760000000000	-0.024574790495306
4.2800000000000	-0.024600461081795
4.2840000000000	-0.024626134680889
4.2880000000000	-0.024651811285276
4.2920000000000	-0.024677490887639
4.2960000000000	-0.024703173480668
4.3000000000000	-0.024728859057043
4.3040000000000	-0.024754547609446
4.3080000000000	-0.024780239130560
4.3120000000000	-0.024805933613065
4.3160000000000	-0.024831631049639
4.3200000000000	-0.024857331432960
4.3240000000000	-0.024883034755704
4.3280000000000	-0.024908741010547
4.3320000000000	-0.024934450190162
4.3360000000000	-0.024960162287223
4.3400000000000	-0.024985877294400
4.3440000000000	-0.025011595204366
4.3480000000000	-0.025037316009791
4.3520000000000	-0.025063039703342
4.3560000000000	-0.025088766277687
4.3600000000000	-0.025114495725493
4.3640000000000	-0.025140228039425
4.3680000000000	-0.025165963212150
4.3720000000000	-0.025191701236331
4.3760000000000	-0.025217442104630
4.3800000000000	-0.025243185809709
4.3840000000000	-0.025268932344230
4.3880000000000	-0.025294681700853
4.3920000000000	-0.025320433872238
4.3960000000000	-0.025346188851042
4.4000000000000	-0.025371946629927
4.4040000000000	-0.025397707201543
4.4080000000000	-0.025423470558552
4.4120000000000	-0.025449236693606
4.4160000000000	-0.025475005599365
4.4200000000000	-0.025500777268476
4.4240000000000	-0.025526551693599
4.4280000000000	-0.025552328867382
4.4320000000000	-0.025578108782479
4.4360000000000	-0.025603891431542
4.4400000000000	-0.025629676807221
4.4440000000000	-0.025655464902165
4.4480000000000	-0.025681255709025
4.4520000000000	-0.025707049220451
4.4560000000000	-0.025732845429091
4.4600000000000	-0.025758644327590
4.4640000000000	-0.025784445908599
4.4680000000000	-0.025810250164764
4.4720000000000	-0.025836057088729
4.4760000000000	-0.025861866673143
4.4800000000000	-0.025887678910650
4.4840000000000	-0.025913493793896
4.4880000000000	-0.025939311315524
4.4920000000000	-0.025965131468180
4.4960000000000	-0.025990954244506
4.5000000000000	-0.026016779637148
4.5040000000000	-0.026042607638748
4.5080000000000	-0.026068438241948
4.5120000000000	-0.026094271439390
4.5160000000000	-0.026120107223718
4.5200000000000	-0.026145945587572
4.5240000000000	-0.026171786523596
4.5280000000000	-0.026197630024428
4.5320000000000	-0.026223476082712
4.5360000000000	-0.026249324691089
4.5400000000000	-0.026275175842197
4.5440000000000	-0.026301029528678
4.5480000000000	-0.026326885743172
4.5520000000000	-0.026352744478318
4.5560000000000	-0.026378605726760
4.5600000000000	-0.026404469481133
4.5640000000000	-0.026430335734080
4.5680000000000	-0.026456204478238
4.5720000000000	-0.026482075706250
4.5760000000000	-0.026507949410751
4.5800000000000	-0.026533825584383
4.5840000000000	-0.026559704219785
4.5880000000000	-0.026585585309597
4.5920000000000	-0.026611468846459
4.5960000000000	-0.026637354823005
4.6000000000000	-0.026663243231880
4.6040000000000	-0.026689134065723
4.6080000000000	-0.026715027317172
4.6120000000000	-0.026740922978863
4.6160000000000	-0.026766821043441
4.6200000000000	-0.026792721503543
4.6240000000000	-0.026818624351809
4.6280000000000	-0.026844529580880
4.6320000000000	-0.026870437183393
4.6360000000000	-0.026896347151992
4.6400000000000	-0.026922259479314
4.6440000000000	-0.026948174158000
4.6480000000000	-0.026974091180693
4.6520000000000	-0.027000010540031
4.6560000000000	-0.027025932228656
4.6600000000000	-0.027051856239208
4.6640000000000	-0.027077782564332
4.6680000000000	-0.027103711196665
4.6720000000000	-0.027129642128853
4.6760000000000	-0.027155575353536
4.6800000000000	-0.027181510863359
4.6840000000000	-0.027207448650961
4.6880000000000	-0.027233388708989
4.6920000000000	-0.027259331030084
4.6960000000000	-0.027285275606892
4.7000000000000	-0.027311222432055
4.7040000000000	-0.027337171498218
4.7080000000000	-0.027363122798029
4.7120000000000	-0.027389076324130
4.7160000000000	-0.027415032069166
4.7200000000000	-0.027440990025788
4.7240000000000	-0.027466950186638
4.7280000000000	-0.027492912544364
4.7320000000000	-0.027518877091618
4.7360000000000	-0.027544843821043
4.7400000000000	-0.027570812725288
4.7440000000000	-0.027596783797003
4.7480000000000	-0.027622757028840
4.7520000000000	-0.027648732413447
4.7560000000000	-0.027674709943472
4.7600000000000	-0.027700689611571
4.7640000000000	-0.027726671410393
4.7680000000000	-0.027752655332590
4.7720000000000	-0.027778641370817
4.7760000000000	-0.027804629517727
4.7800000000000	-0.027830619765972
4.7840000000000	-0.027856612108208
4.7880000000000	-0.027882606537092
4.7920000000000	-0.027908603045279
4.7960000000000	-0.027934601625424
4.8000000000000	-0.027960602270186
4.8040000000000	-0.027986604972224
4.8080000000000	-0.028012609724194
4.8120000000000	-0.028038616518760
4.8160000000000	-0.028064625348577
4.8200000000000	-0.028090636206308
4.8240000000000	-0.028116649084618
4.8280000000000	-0.028142663976162
4.8320000000000	-0.028168680873610
4.8360000000000	-0.028194699769624
4.8400000000000	-0.028220720656867
4.8440000000000	-0.028246743528007
4.8480000000000	-0.028272768375709
4.8520000000000	-0.028298795192640
4.8560000000000	-0.028324823971470
4.8600000000000	-0.028350854704864
4.8640000000000	-0.028376887385496
4.8680000000000	-0.028402922006034
4.8720000000000	-0.028428958559150
4.8760000000000	-0.028454997037518
4.8800000000000	-0.028481037433810
4.8840000000000	-0.028507079740699
4.8880000000000	-0.028533123950860
4.8920000000000	-0.028559170056972
4.8960000000000	-0.028585218051711
4.9000000000000	-0.028611267927753
4.9040000000000	-0.028637319677778
4.9080000000000	-0.028663373294468
4.9120000000000	-0.028689428770501
4.9160000000000	-0.028715486098560
4.9200000000000	-0.028741545271327
4.9240000000000	-0.028767606281487
4.9280000000000	-0.028793669121726
4.9320000000000	-0.028819733784728
4.9360000000000	-0.028845800263182
4.9400000000000	-0.028871868549774
4.9440000000000	-0.028897938637193
4.9480000000000	-0.028924010518134
4.9520000000000	-0.028950084185283
4.9560000000000	-0.028976159631333
4.9600000000000	-0.029002236848980
4.9640000000000	-0.029028315830917
4.9680000000000	-0.029054396569841
4.9720000000000	-0.029080479058451
4.9760000000000	-0.029106563289440
4.9800000000000	-0.029132649255511
4.9840000000000	-0.029158736949365
4.9880000000000	-0.029184826363699
4.9920000000000	-0.029210917491222
4.9960000000000	-0.029237010324635
5.0000000000000	-0.029263104856644
#Parameters = {D_center=12; L1=20; L2=3.5; L3=2; L4=15; L_diff=2.83; L_sub=45.66; W_50=1.36; W_sub=45.66; Z_mid=22.83; cm=0.3; ct=12; g_slot=0.8; h1=2; h2=2; h3=2; h4=2; h_sub=0.4; hole_puncher=0.87365; hole_puncher1=0.9; margin=1.6; needle_radius=0.635; nutrient_solution=0.01; pipe_OD=50; pipe_Ri=8; pipe_Ro=10; r_SRR=20; r_SRR_in=17.6; sigma_fluid=0.5; spacing=0.4; t_PDMS_microstrip=0.35; t_SRR=0.07; t_gnd=0.07; t_metal=0.5; t_microstrip=0.07; t_wall=2; w_channel=2; w_diff=2.83}
#"Frequency / GHz"	"S1,1 (7) [Magnitude / dB]"
#---------------------------------------------
1.0000000000000	-0.0066515017594702
1.0040000000000	-0.0066861626723806
1.0080000000000	-0.0067208760590469
1.0120000000000	-0.0067556419144923
1.0160000000000	-0.0067904602338764
1.0200000000000	-0.0068253310125089
1.0240000000000	-0.0068602542458433
1.0280000000000	-0.0068952299294848
1.0320000000000	-0.0069302580592003
1.0360000000000	-0.0069653386309043
1.0400000000000	-0.0070004716406784
1.0440000000000	-0.0070356570847642
1.0480000000000	-0.0070708949595750
1.0520000000000	-0.0071061852616919
1.0560000000000	-0.0071415279878746
1.0600000000000	-0.0071769231350554
1.0640000000000	-0.0072123707003508
1.0680000000000	-0.0072478706810647
1.0720000000000	-0.0072834230746830
1.0760000000000	-0.0073190278788946
1.0800000000000	-0.0073546850915772
1.0840000000000	-0.0073903947108141
1.0880000000000	-0.0074261567348895
1.0920000000000	-0.0074619711622967
1.0960000000000	-0.0074978379917453
1.1000000000000	-0.0075337572221601
1.1040000000000	-0.0075697288526869
1.1080000000000	-0.0076057528826980
1.1120000000000	-0.0076418293117978
1.1160000000000	-0.0076779581398238
1.1200000000000	-0.0077141393668531
1.1240000000000	-0.0077503729932108
1.1280000000000	-0.0077866590194651
1.1320000000000	-0.0078229974464448
1.1360000000000	-0.0078593882752375
1.1400000000000	-0.0078958315071885
1.1440000000000	-0.0079323271439218
1.1480000000000	-0.0079688751873300
1.1520000000000	-0.0080054756395903
1.1560000000000	-0.0080421285031610
1.1600000000000	-0.0080788337807993
1.1640000000000	-0.0081155914755532
1.1680000000000	-0.0081524015907777
1.1720000000000	-0.0081892641301357
1.1760000000000	-0.0082261790976046
1.1800000000000	-0.0082631464974864
1.1840000000000	-0.0083001663344075
1.1880000000000	-0.0083372386133320
1.1920000000000	-0.0083743633395602
1.1960000000000	-0.0084115405187466
1.2000000000000	-0.0084487701568951
1.2040000000000	-0.0084860522603729
1.2080000000000	-0.0085233868359148
1.2120000000000	-0.0085607738906341
1.2160000000000	-0.0085982134320238
1.2200000000000	-0.0086357054679705
1.2240000000000	-0.0086732500067609
1.2280000000000	-0.0087108470570841
1.2320000000000	-0.0087484966280445
1.2360000000000	-0.0087861987291724
1.2400000000000	-0.0088239533704276
1.2440000000000	-0.0088617605622066
1.2480000000000	-0.0088996203153588
1.2520000000000	-0.0089375326411872
1.2560000000000	-0.0089754975514625
1.2600000000000	-0.0090135150584343
1.2640000000000	-0.0090515851748311
1.2680000000000	-0.0090897079138808
1.2720000000000	-0.0091278832893124
1.2760000000000	-0.0091661113153738
1.2800000000000	-0.0092043920068332
1.2840000000000	-0.0092427253789967
1.2880000000000	-0.0092811114477173
1.2920000000000	-0.0093195502294003
1.2960000000000	-0.0093580417410267
1.3000000000000	-0.0093965860001511
1.3040000000000	-0.0094351830249194
1.3080000000000	-0.0094738328340877
1.3120000000000	-0.0095125354470170
1.3160000000000	-0.0095512908837036
1.3200000000000	-0.0095900991647826
1.3240000000000	-0.0096289603115388
1.3280000000000	-0.0096678743459316
1.3320000000000	-0.0097068412905923
1.3360000000000	-0.0097458611688511
1.3400000000000	-0.0097849340047429
1.3440000000000	-0.0098240598230282
1.3480000000000	-0.0098632386492048
1.3520000000000	-0.0099024705095207
1.3560000000000	-0.0099417554309951
1.3600000000000	-0.0099810934414276
1.3640000000000	-0.010020484569418
1.3680000000000	-0.010059928844385
1.3720000000000	-0.010099426296581
1.3760000000000	-0.010138976957103
1.3800000000000	-0.010178580857921
1.3840000000000	-0.010218238031894
1.3880000000000	-0.010257948512776
1.3920000000000	-0.010297712335256
1.3960000000000	-0.010337529534953
1.4000000000000	-0.010377400148464
1.4040000000000	-0.010417324213354
1.4080000000000	-0.010457301768199
1.4120000000000	-0.010497332852601
1.4160000000000	-0.010537417507203
1.4200000000000	-0.010577555773719
1.4240000000000	-0.010617747694957
1.4280000000000	-0.010657993314834
1.4320000000000	-0.010698292678407
1.4360000000000	-0.010738645831900
1.4400000000000	-0.010779052822718
1.4440000000000	-0.010819513699481
1.4480000000000	-0.010860028512048
1.4520000000000	-0.010900597311545
1.4560000000000	-0.010941220150389
1.4600000000000	-0.010981897082322
1.4640000000000	-0.011022628162430
1.4680000000000	-0.011063413447183
1.4720000000000	-0.011104252994461
1.4760000000000	-0.011145146863577
1.4800000000000	-0.011186095115328
1.4840000000000	-0.011227097812006
1.4880000000000	-0.011268155017442
1.4920000000000	-0.011309266797047
1.4960000000000	-0.011350433217825
1.5000000000000	-0.011391654348434
1.5040000000000	-0.011432930259207
1.5080000000000	-0.011474261022192
1.5120000000000	-0.011515646711198
1.5160000000000	-0.011557087401824
1.5200000000000	-0.011598583171506
1.5240000000000	-0.011640134099555
1.5280000000000	-0.011681740267209
1.5320000000000	-0.011723401757660
1.5360000000000	-0.011765118656117
1.5400000000000	-0.011806891049838
1.5440000000000	-0.011848719028184
1.5480000000000	-0.011890602682669
1.5520000000000	-0.011932542107004
1.5560000000000	-0.011974537397153
1.5600000000000	-0.012016588651383
1.5640000000000	-0.012058695970319
1.5680000000000	-0.012100859456996
1.5720000000000	-0.012143079216923
1.5760000000000	-0.012185355358136
1.5800000000000	-0.012227687991253
1.5840000000000	-0.012270077229547
1.5880000000000	-0.012312523189004
1.5920000000000	-0.012355025988379
1.5960000000000	-0.012397585749280
1.6000000000000	-0.012440202596221
1.6040000000000	-0.012482876656700
1.6080000000000	-0.012525608061271
1.6120000000000	-0.012568396943613
1.6160000000000	-0.012611243440615
1.6200000000000	-0.012654147692444
1.6240000000000	-0.012697109842638
1.6280000000000	-0.012740130038176
1.6320000000000	-0.012783208429575
1.6360000000000	-0.012826345170966
1.6400000000000	-0.012869540420197
1.6440000000000	-0.012912794338914
1.6480000000000	-0.012956107092664
1.6520000000000	-0.012999478850992
1.6560000000000	-0.013042909787539
1.6600000000000	-0.013086400080148
1.6640000000000	-0.013129949910973
1.6680000000000	-0.013173559466585
1.6720000000000	-0.013217228938090
1.6760000000000	-0.013260958521242
1.6800000000000	-0.013304748416562
1.6840000000000	-0.013348598829468
1.6880000000000	-0.013392509970404
1.6920000000000	-0.013436482054953
1.6960000000000	-0.013480515303999
1.7000000000000	-0.013524609943845
1.7040000000000	-0.013568766206372
1.7080000000000	-0.013612984329169
1.7120000000000	-0.013657264555711
1.7160000000000	-0.013701607135490
1.7200000000000	-0.013746012324198
1.7240000000000	-0.013790480383879
1.7280000000000	-0.013835011583109
1.7320000000000	-0.013879606197180
1.7360000000000	-0.013924264508268
1.7400000000000	-0.013968986805630
1.7440000000000	-0.014013773385810
1.7480000000000	-0.014058624552822
1.7520000000000	-0.014103540618369
1.7560000000000	-0.014148521902057
1.7600000000000	-0.014193568731613
1.7640000000000	-0.014238681443121
1.7680000000000	-0.014283860381245
1.7720000000000	-0.014329105899490
1.7760000000000	-0.014374418360440
1.7800000000000	-0.014419798136028
1.7840000000000	-0.014465245607798
1.7880000000000	-0.014510761167195
1.7920000000000	-0.014556345215830
1.7960000000000	-0.014601998165807
1.8000000000000	-0.014647720440004
1.8040000000000	-0.014693512472407
1.8080000000000	-0.014739374708432
1.8120000000000	-0.014785307605264
1.8160000000000	-0.014831311632219
1.8200000000000	-0.014877387271087
1.8240000000000	-0.014923535016534
1.8280000000000	-0.014969755376468
1.8320000000000	-0.015016048872467
1.8360000000000	-0.015062416040173
1.8400000000000	-0.015108857429738
1.8440000000000	-0.015155373606270
1.8480000000000	-0.015201965150299
1.8520000000000	-0.015248632658252
1.8560000000000	-0.015295376742958
1.8600000000000	-0.015342198034160
1.8640000000000	-0.015389097179054
1.8680000000000	-0.015436074842839
1.8720000000000	-0.015483131709305
1.8760000000000	-0.015530268481412
1.8800000000000	-0.015577485881925
1.8840000000000	-0.015624784654054
1.8880000000000	-0.015672165562112
1.8920000000000	-0.015719629392222
1.8960000000000	-0.015767176953023
1.9000000000000	-0.015814809076427
1.9040000000000	-0.015862526618389
1.9080000000000	-0.015910330459714
1.9120000000000	-0.015958221506894
1.9160000000000	-0.016006200692981
1.9200000000000	-0.016054268978486
1.9240000000000	-0.016102427352324
1.9280000000000	-0.016150676832794
1.9320000000000	-0.016199018468588
1.9360000000000	-0.016247453339856
1.9400000000000	-0.016295982559305
1.9440000000000	-0.016344607273353
1.9480000000000	-0.016393328663305
1.9520000000000	-0.016442147946610
1.9560000000000	-0.016491066378156
1.9600000000000	-0.016540085251608
1.9640000000000	-0.016589205900820
1.9680000000000	-0.016638429701306
1.9720000000000	-0.016687758071748
1.9760000000000	-0.016737192475609
1.9800000000000	-0.016786734422781
1.9840000000000	-0.016836385471321
1.9880000000000	-0.016886147229259
1.9920000000000	-0.016936021356490
1.9960000000000	-0.016986009566738
2.0000000000000	-0.017036113629617
2.0040000000000	-0.017086335372781
2.0080000000000	-0.017136676684176
2.0120000000000	-0.017187139514378
2.0160000000000	-0.017237725879058
2.0200000000000	-0.017288437861543
2.0240000000000	-0.017339277615511
2.0280000000000	-0.017390247367794
2.0320000000000	-0.017441349421319
2.0360000000000	-0.017492586158201
2.0400000000000	-0.017543960042959
2.0440000000000	-0.017595473625891
2.0480000000000	-0.017647129546635
2.0520000000000	-0.017698930537868
2.0560000000000	-0.017750879429207
2.0600000000000	-0.017802979151281
2.0640000000000	-0.017855232740038
2.0680000000000	-0.017907643341232
2.0720000000000	-0.017960214215142
2.0760000000000	-0.018012948741545
2.0800000000000	-0.018065850424924
2.0840000000000	-0.018118922899949
2.0880000000000	-0.018172169937233
2.0920000000000	-0.018225595449400
2.0960000000000	-0.018279203497454
2.1000000000000	-0.018332998297497
2.1040000000000	-0.018386984227792
2.1080000000000	-0.018441165836207
2.1120000000000	-0.018495547848058
2.1160000000000	-0.018550135174382
2.1200000000000	-0.018604932920655
2.1240000000000	-0.018659946395990
2.1280000000000	-0.018715181122855
2.1320000000000	-0.018770642847315
2.1360000000000	-0.018826337549869
2.1400000000000	-0.018882271456898
2.1440000000000	-0.018938451052757
2.1480000000000	-0.018994883092579
2.1520000000000	-0.019051574615811
2.1560000000000	-0.019108532960565
2.1600000000000	-0.019165765778778
2.1640000000000	-0.019223281052328
2.1680000000000	-0.019281087110071
2.1720000000000	-0.019339192645944
2.1760000000000	-0.019397606738152
2.1800000000000	-0.019456338869564
2.1840000000000	-0.019515398949351
2.1880000000000	-0.019574797336003
2.1920000000000	-0.019634544861793
2.1960000000000	-0.019694652858809
2.2000000000000	-0.019755133186668
2.2040000000000	-0.019815998262020
2.2080000000000	-0.019877261090013
2.2120000000000	-0.019938935297819
2.2160000000000	-0.020001035170426
2.2200000000000	-0.020063575688828
2.2240000000000	-0.020126572570840
2.2280000000000	-0.020190042314703
2.2320000000000	-0.020254002245748
2.2360000000000	-0.020318470566308
2.2400000000000	-0.020383466409194
2.2440000000000	-0.020449009894995
2.2480000000000	-0.020515122193517
2.2520000000000	-0.020581825589734
2.2560000000000	-0.020649143554597
2.2600000000000	-0.020717100821139
2.2640000000000	-0.020785723466316
2.2680000000000	-0.020855038999107
2.2720000000000	-0.020925076455382
2.2760000000000	-0.020995866500199
2.2800000000000	-0.021067441538133
2.2840000000000	-0.021139835832419
2.2880000000000	-0.021213085633709
2.2920000000000	-0.021287229319292
2.2960000000000	-0.021362307543846
2.3000000000000	-0.021438363402747
2.3040000000000	-0.021515442609178
2.3080000000000	-0.021593593686381
2.3120000000000	-0.021672868176545
2.3160000000000	-0.021753320867993
2.3200000000000	-0.021835010042524
2.3240000000000	-0.021917997744976
2.3280000000000	-0.022002350077302
2.3320000000000	-0.022088137519764
2.3360000000000	-0.022175435282132
2.3400000000000	-0.022264323688084
2.3440000000000	-0.022354888596511
2.3480000000000	-0.022447221863776
2.3520000000000	-0.022541421851541
2.3560000000000	-0.022637593985394
2.3600000000000	-0.022735851370085
2.3640000000000	-0.022836315468121
2.3680000000000	-0.022939116849176
2.3720000000000	-0.023044396018947
2.3760000000000	-0.023152304337171
2.3800000000000	-0.023263005035943
2.3840000000000	-0.023376674351046
2.3880000000000	-0.023493502780809
2.3920000000000	-0.023613696489201
2.3960000000000	-0.023737478872305
2.4000000000000	-0.023865092310284
2.4040000000000	-0.023996800130301
2.4080000000000	-0.024132888809924
2.4120000000000	-0.024273670455213
2.4160000000000	-0.024419485593331
2.4200000000000	-0.024570706325962
2.4240000000000	-0.024727739897916
2.4280000000000	-0.024891032744333
2.4320000000000	-0.025061075091278
2.4360000000000	-0.025238406197787
2.4400000000000	-0.025423620343458
2.4440000000000	-0.025617373685190
2.4480000000000	-0.025820392130056
2.4520000000000	-0.026033480399866
2.4560000000000	-0.026257532497897
2.4600000000000	-0.026493543830845
2.4640000000000	-0.026742625291661
2.4680000000000	-0.027006019673790
2.4720000000000	-0.027285120868000
2.4760000000000	-0.027581496393363
2.4800000000000	-0.027896913940026
2.4840000000000	-0.028233372760265
2.4880000000000	-0.028593140945205
2.4920000000000	-0.028978799881217
2.4960000000000	-0.029393297508225
2.5000000000000	-0.029840012426241
2.5040000000000	-0.030322831446489
2.5080000000000	-0.030846243903291
2.5120000000000	-0.031415456990372
2.5160000000000	-0.032036537643777
2.5200000000000	-0.032716588177243
2.5240000000000	-0.033463965149293
2.5280000000000	-0.034288554039434
2.5320000000000	-0.035202116572714
2.5360000000000	-0.036218733459300
2.5400000000000	-0.037355373648417
2.5440000000000	-0.038632633052905
2.5480000000000	-0.040075702788269
2.5520000000000	-0.041715651935169
2.5560000000000	-0.043591146852005
2.5600000000000	-0.045750784835947
2.5640000000000	-0.048256305419088
2.5680000000000	-0.051187076110047
2.5720000000000	-0.054646462243282
2.5760000000000	-0.058771037582211
2.5800000000000	-0.063744172002816
2.5840000000000	-0.069816527530429
2.5880000000000	-0.077337753449194
2.5920000000000	-0.086806887354823
2.5960000000000	-0.098955068619988
2.6000000000000	-0.11488622409081
2.6040000000000	-0.13632631976448
2.6080000000000	-0.16608603202118
2.6120000000000	-0.20896644613771
2.6160000000000	-0.27364088998640
2.6200000000000	-0.37682054154427
2.6240000000000	-0.55299203045642
2.6280000000000	-0.87699832709906
2.6320000000000	-1.4984739491747
2.6360000000000	-2.4843983697022
2.6400000000000	-2.8006413593926
2.6440000000000	-1.8750350163313
2.6480000000000	-1.0890490413528
2.6520000000000	-0.66788649778044
2.6560000000000	-0.44400918579750
2.6600000000000	-0.31640458643160
2.6640000000000	-0.23827568053874
2.6680000000000	-0.18745489546139
2.6720000000000	-0.15272667194180
2.6760000000000	-0.12802388797599
2.6800000000000	-0.10986391957541
2.6840000000000	-0.096143406853267
2.6880000000000	-0.085535762998628
2.6920000000000	-0.077172746583861
2.6960000000000	-0.070467702854289
2.7000000000000	-0.065013139062829
2.7040000000000	-0.060519097533600
2.7080000000000	-0.056774828260545
2.7120000000000	-0.053624244490459
2.7160000000000	-0.050949790778840
2.7200000000000	-0.048661591017833
2.7240000000000	-0.046689994418457
2.7280000000000	-0.044980358182477
2.7320000000000	-0.043489332853033
2.7360000000000	-0.042182176134369
2.7400000000000	-0.041030782649211
2.7440000000000	-0.040012219870328
2.7480000000000	-0.039107627062787
2.7520000000000	-0.038301378011988
2.7560000000000	-0.037580437780448
2.7600000000000	-0.036933863802415
2.7640000000000	-0.036352415483667
2.7680000000000	-0.035828246170974
2.7720000000000	-0.035354658224971
2.7760000000000	-0.034925906851826
2.7800000000000	-0.034537041913609
2.7840000000000	-0.034183779544653
2.7880000000000	-0.033862397326770
2.7920000000000	-0.033569648210815
2.7960000000000	-0.033302689449923
2.8000000000000	-0.033059023626089
2.8040000000000	-0.032836449474634
2.8080000000000	-0.032633020689690
2.8120000000000	-0.032447011264136
2.8160000000000	-0.032276886205857
2.8200000000000	-0.032121276697905
2.8240000000000	-0.031978958948296
2.8280000000000	-0.031848836116107
2.8320000000000	-0.031729922812897
2.8360000000000	-0.031621331768449
2.8400000000000	-0.031522262322102
2.8440000000000	-0.031431990459530
2.8480000000000	-0.031349860162152
2.8520000000000	-0.031275275875217
2.8560000000000	-0.031207695932156
2.8600000000000	-0.031146626798894
2.8640000000000	-0.031091618023302
2.8680000000000	-0.031042257792720
2.8720000000000	-0.030998169017260
2.8760000000000	-0.030959005868961
2.8800000000000	-0.030924450717098
2.8840000000000	-0.030894211408667
2.8880000000000	-0.030868018850264
2.8920000000000	-0.030845624853808
2.8960000000000	-0.030826800213660
2.9000000000000	-0.030811332987151
2.9040000000000	-0.030799026954329
2.9080000000000	-0.030789700235795
2.9120000000000	-0.030783184050434
2.9160000000000	-0.030779321597012
2.9200000000000	-0.030777967045748
2.9240000000000	-0.030778984627649
2.9280000000000	-0.030782247810947
2.9320000000000	-0.030787638555190
2.9360000000000	-0.030795046634781
2.9400000000000	-0.030804369024619
2.9440000000000	-0.030815509341436
2.9480000000000	-0.030828377335123
2.9520000000000	-0.030842888424987
2.9560000000000	-0.030858963276462
2.9600000000000	-0.030876527414282
2.9640000000000	-0.030895510868581
2.9680000000000	-0.030915847850734
2.9720000000000	-0.030937476456132
2.9760000000000	-0.030960338391344
2.9800000000000	-0.030984378723421
2.9840000000000	-0.031009545649295
2.9880000000000	-0.031035790283468
2.9920000000000	-0.031063066462326
2.9960000000000	-0.031091330563636
3.0000000000000	-0.031120541339866
3.0040000000000	-0.031150659764140
3.0080000000000	-0.031181648887758
3.0120000000000	-0.031213473708271
3.0160000000000	-0.031246101047254
3.0200000000000	-0.031279499436941
3.0240000000000	-0.031313639015024
3.0280000000000	-0.031348491426930
3.0320000000000	-0.031384029734978
3.0360000000000	-0.031420228333876
3.0400000000000	-0.031457062872037
3.0440000000000	-0.031494510178299
3.0480000000000	-0.031532548193567
3.0520000000000	-0.031571155907071
3.0560000000000	-0.031610313296836
3.0600000000000	-0.031650001274068
3.0640000000000	-0.031690201631169
3.0680000000000	-0.031730896993094
3.0720000000000	-0.031772070771842
3.0760000000000	-0.031813707123799
3.0800000000000	-0.031855790909774
3.0840000000000	-0.031898307657526
3.0880000000000	-0.031941243526596
3.0920000000000	-0.031984585275286
3.0960000000000	-0.032028320229632
3.1000000000000	-0.032072436254264
3.1040000000000	-0.032116921724969
3.1080000000000	-0.032161765502898
3.1120000000000	-0.032206956910274
3.1160000000000	-0.032252485707501
3.1200000000000	-0.032298342071616
3.1240000000000	-0.032344516575935
3.1280000000000	-0.032391000170883
3.1320000000000	-0.032437784165877
3.1360000000000	-0.032484860212243
3.1400000000000	-0.032532220287048
3.1440000000000	-0.032579856677844
3.1480000000000	-0.032627761968219
3.1520000000000	-0.032675929024153
3.1560000000000	-0.032724350981081
3.1600000000000	-0.032773021231653
3.1640000000000	-0.032821933414146
3.1680000000000	-0.032871081401466
3.1720000000000	-0.032920459290743
3.1760000000000	-0.032970061393439
3.1800000000000	-0.033019882225984
3.1840000000000	-0.033069916500863
3.1880000000000	-0.033120159118178
3.1920000000000	-0.033170605157615
3.1960000000000	-0.033221249870825
3.2000000000000	-0.033272088674157
3.2040000000000	-0.033323117141768
3.2080000000000	-0.033374330999064
3.2120000000000	-0.033425726116457
3.2160000000000	-0.033477298503415
3.2200000000000	-0.033529044302800
3.2240000000000	-0.033580959785481
3.2280000000000	-0.033633041345187
3.2320000000000	-0.033685285493605
3.2360000000000	-0.033737688855719
3.2400000000000	-0.033790248165334
3.2440000000000	-0.033842960260837
3.2480000000000	-0.033895822081127
3.2520000000000	-0.033948830661735
3.2560000000000	-0.034001983131136
3.2600000000000	-0.034055276707192
3.2640000000000	-0.034108708693779
3.2680000000000	-0.034162276477552
3.2720000000000	-0.034215977524855
3.2760000000000	-0.034269809378756
3.2800000000000	-0.034323769656229
3.2840000000000	-0.034377856045436
3.2880000000000	-0.034432066303133
3.2920000000000	-0.034486398252197
3.2960000000000	-0.034540849779232
3.3000000000000	-0.034595418832307
3.3040000000000	-0.034650103418755
3.3080000000000	-0.034704901603093
3.3120000000000	-0.034759811504999
3.3160000000000	-0.034814831297409
3.3200000000000	-0.034869959204639
3.3240000000000	-0.034925193500636
3.3280000000000	-0.034980532507268
3.3320000000000	-0.035035974592688
3.3360000000000	-0.035091518169766
3.3400000000000	-0.035147161694587
3.3440000000000	-0.035202903664989
3.3480000000000	-0.035258742619188
3.3520000000000	-0.035314677134430
3.3560000000000	-0.035370705825708
3.3600000000000	-0.035426827344524
3.3640000000000	-0.035483040377701
3.3680000000000	-0.035539343646239
3.3720000000000	-0.035595735904210
3.3760000000000	-0.035652215937704
3.3800000000000	-0.035708782563795
3.3840000000000	-0.035765434629583
3.3880000000000	-0.035822171011222
3.3920000000000	-0.035878990613024
3.3960000000000	-0.035935892366574
3.4000000000000	-0.035992875229889
3.4040000000000	-0.036049938186595
3.4080000000000	-0.036107080245147
3.4120000000000	-0.036164300438070
3.4160000000000	-0.036221597821220
3.4200000000000	-0.036278971473090
3.4240000000000	-0.036336420494123
3.4280000000000	-0.036393944006051
3.4320000000000	-0.036451541151270
3.4360000000000	-0.036509211092227
3.4400000000000	-0.036566953010820
3.4440000000000	-0.036624766107838
3.4480000000000	-0.036682649602403
3.4520000000000	-0.036740602731442
3.4560000000000	-0.036798624749172
3.4600000000000	-0.036856714926600
3.4640000000000	-0.036914872551044
3.4680000000000	-0.036973096925674
3.4720000000000	-0.037031387369053
3.4760000000000	-0.037089743214713
3.4800000000000	-0.037148163810725
3.4840000000000	-0.037206648519305
3.4880000000000	-0.037265196716408
3.4920000000000	-0.037323807791363
3.4960000000000	-0.037382481146483
3.5000000000000	-0.037441216196737
3.5040000000000	-0.037500012369377
3.5080000000000	-0.037558869103627
3.5120000000000	-0.037617785850348
3.5160000000000	-0.037676762071724
3.5200000000000	-0.037735797240968
3.5240000000000	-0.037794890842019
3.5280000000000	-0.037854042369255
3.5320000000000	-0.037913251327237
3.5360000000000	-0.037972517230413
3.5400000000000	-0.038031839602882
3.5440000000000	-0.038091217978132
3.5480000000000	-0.038150651898796
3.5520000000000	-0.038210140916423
3.5560000000000	-0.038269684591236
3.5600000000000	-0.038329282491930
3.5640000000000	-0.038388934195433
3.5680000000000	-0.038448639286711
3.5720000000000	-0.038508397358571
3.5760000000000	-0.038568208011437
3.5800000000000	-0.038628070853192
3.5840000000000	-0.038687985498969
3.5880000000000	-0.038747951570985
3.5920000000000	-0.038807968698354
3.5960000000000	-0.038868036516923
3.6000000000000	-0.038928154669113
3.6040000000000	-0.038988322803739
3.6080000000000	-0.039048540575881
3.6120000000000	-0.039108807646713
3.6160000000000	-0.039169123683362
3.6200000000000	-0.039229488358763
3.6240000000000	-0.039289901351524
3.6280000000000	-0.039350362345787
3.6320000000000	-0.039410871031101
3.6360000000000	-0.039471427102290
3.6400000000000	-0.039532030259330
3.6440000000000	-0.039592680207229
3.6480000000000	-0.039653376655909
3.6520000000000	-0.039714119320091
3.6560000000000	-0.039774907919188
3.6600000000000	-0.039835742177188
3.6640000000000	-0.039896621822561
3.6680000000000	-0.039957546588144
3.6720000000000	-0.040018516211049
3.6760000000000	-0.040079530432566
3.6800000000000	-0.040140588998064
3.6840000000000	-0.040201691656902
3.6880000000000	-0.040262838162342
3.6920000000000	-0.040324028271454
3.6960000000000	-0.040385261745039
3.7000000000000	-0.040446538347543
3.7040000000000	-0.040507857846976
3.7080000000000	-0.040569220014835
3.7120000000000	-0.040630624626025
3.7160000000000	-0.040692071458786
3.7200000000000	-0.040753560294624
3.7240000000000	-0.040815090918233
3.7280000000000	-0.040876663117428
3.7320000000000	-0.040938276683084
3.7360000000000	-0.040999931409063
3.7400000000000	-0.041061627092156
3.7440000000000	-0.041123363532013
3.7480000000000	-0.041185140531094
3.7520000000000	-0.041246957894591
3.7560000000000	-0.041308815430392
3.7600000000000	-0.041370712949014
3.7640000000000	-0.041432650263542
3.7680000000000	-0.041494627189586
3.7720000000000	-0.041556643545227
3.7760000000000	-0.041618699150956
3.7800000000000	-0.041680793829638
3.7840000000000	-0.041742927406455
3.7880000000000	-0.041805099708859
3.7920000000000	-0.041867310566529
3.7960000000000	-0.041929559811323
3.8000000000000	-0.041991847277235
3.8040000000000	-0.042054172800353
3.8080000000000	-0.042116536218811
3.8120000000000	-0.042178937372755
3.8160000000000	-0.042241376104304
3.8200000000000	-0.042303852257504
3.8240000000000	-0.042366365678287
3.8280000000000	-0.042428916214450
3.8320000000000	-0.042491503715601
3.8360000000000	-0.042554128033133
3.8400000000000	-0.042616789020181
3.8440000000000	-0.042679486531603
3.8480000000000	-0.042742220423926
3.8520000000000	-0.042804990555333
3.8560000000000	-0.042867796785616
3.8600000000000	-0.042930638976157
3.8640000000000	-0.042993516989888
3.8680000000000	-0.043056430691267
3.8720000000000	-0.043119379946249
3.8760000000000	-0.043182364622252
3.8800000000000	-0.043245384588135
3.8840000000000	-0.043308439714170
3.8880000000000	-0.043371529872013
3.8920000000000	-0.043434654934684
3.8960000000000	-0.043497814776528
3.9000000000000	-0.043561009273206
3.9040000000000	-0.043624238301662
3.9080000000000	-0.043687501740106
3.9120000000000	-0.043750799467978
3.9160000000000	-0.043814131365937
3.9200000000000	-0.043877497315835
3.9240000000000	-0.043940897200696
3.9280000000000	-0.044004330904692
3.9320000000000	-0.044067798313125
3.9360000000000	-0.044131299312406
3.9400000000000	-0.044194833790032
3.9440000000000	-0.044258401634572
3.9480000000000	-0.044322002735646
3.9520000000000	-0.044385636983898
3.9560000000000	-0.044449304270997
3.9600000000000	-0.044513004489591
3.9640000000000	-0.044576737533318
3.9680000000000	-0.044640503296773
3.9720000000000	-0.044704301675491
3.9760000000000	-0.044768132565934
3.9800000000000	-0.044831995865476
3.9840000000000	-0.044895891472387
3.9880000000000	-0.044959819285813
3.9920000000000	-0.045023779205765
3.9960000000000	-0.045087771133102
4.0000000000000	-0.045151794969517
4.0040000000000	-0.045215850617528
4.0080000000000	-0.045279937980449
4.0120000000000	-0.045344056962397
4.0160000000000	-0.045408207468261
4.0200000000000	-0.045472389403697
4.0240000000000	-0.045536602675116
4.0280000000000	-0.045600847189663
4.0320000000000	-0.045665122855217
4.0360000000000	-0.045729429580368
4.0400000000000	-0.045793767274416
4.0440000000000	-0.045858135847342
4.0480000000000	-0.045922535209817
4.0520000000000	-0.045986965273174
4.0560000000000	-0.046051425949410
4.0600000000000	-0.046115917151165
4.0640000000000	-0.046180438791716
4.0680000000000	-0.046244990784969
4.0720000000000	-0.046309573045441
4.0760000000000	-0.046374185488261
4.0800000000000	-0.046438828029149
4.0840000000000	-0.046503500584412
4.0880000000000	-0.046568203070940
4.0920000000000	-0.046632935406184
4.0960000000000	-0.046697697508157
4.1000000000000	-0.046762489295418
4.1040000000000	-0.046827310687072
4.1080000000000	-0.046892161602755
4.1120000000000	-0.046957041962627
4.1160000000000	-0.047021951687360
4.1200000000000	-0.047086890698144
4.1240000000000	-0.047151858916655
4.1280000000000	-0.047216856265071
4.1320000000000	-0.047281882666052
4.1360000000000	-0.047346938042731
4.1400000000000	-0.047412022318716
4.1440000000000	-0.047477135418071
4.1480000000000	-0.047542277265323
4.1520000000000	-0.047607447785441
4.1560000000000	-0.047672646903834
4.1600000000000	-0.047737874546349
4.1640000000000	-0.047803130639263
4.1680000000000	-0.047868415109267
4.1720000000000	-0.047933727883476
4.1760000000000	-0.047999068889405
4.1800000000000	-0.048064438054978
4.1840000000000	-0.048129835308511
4.1880000000000	-0.048195260578713
4.1920000000000	-0.048260713794680
4.1960000000000	-0.048326194885881
4.2000000000000	-0.048391703782167
4.2040000000000	-0.048457240413743
4.2080000000000	-0.048522804711195
4.2120000000000	-0.048588396605454
4.2160000000000	-0.048654016027803
4.2200000000000	-0.048719662909876
4.2240000000000	-0.048785337183646
4.2280000000000	-0.048851038781425
4.2320000000000	-0.048916767635857
4.2360000000000	-0.048982523679913
4.2400000000000	-0.049048306846882
4.2440000000000	-0.049114117070377
4.2480000000000	-0.049179954284320
4.2520000000000	-0.049245818422944
4.2560000000000	-0.049311709420787
4.2600000000000	-0.049377627212686
4.2640000000000	-0.049443571733771
4.2680000000000	-0.049509542919473
4.2720000000000	-0.049575540705497
4.2760000000000	-0.049641565027842
4.2800000000000	-0.049707615822782
4.2840000000000	-0.049773693026870
4.2880000000000	-0.049839796576927
4.2920000000000	-0.049905926410044
4.2960000000000	-0.049972082463580
4.3000000000000	-0.050038264675148
4.3040000000000	-0.050104472982623
4.3080000000000	-0.050170707324129
4.3120000000000	-0.050236967638046
4.3160000000000	-0.050303253863000
4.3200000000000	-0.050369565937854
4.3240000000000	-0.050435903801721
4.3280000000000	-0.050502267393943
4.3320000000000	-0.050568656654096
4.3360000000000	-0.050635071521996
4.3400000000000	-0.050701511937675
4.3440000000000	-0.050767977841395
4.3480000000000	-0.050834469173640
4.3520000000000	-0.050900985875111
4.3560000000000	-0.050967527886726
4.3600000000000	-0.051034095149613
4.3640000000000	-0.051100687605117
4.3680000000000	-0.051167305194782
4.3720000000000	-0.051233947860361
4.3760000000000	-0.051300615543809
4.3800000000000	-0.051367308187280
4.3840000000000	-0.051434025733125
4.3880000000000	-0.051500768123887
4.3920000000000	-0.051567535302303
4.3960000000000	-0.051634327211303
4.4000000000000	-0.051701143793998
4.4040000000000	-0.051767984993684
4.4080000000000	-0.051834850753844
4.4120000000000	-0.051901741018135
4.4160000000000	-0.051968655730394
4.4200000000000	-0.052035594834639
4.4240000000000	-0.052102558275050
4.4280000000000	-0.052169545995989
4.4320000000000	-0.052236557941981
4.4360000000000	-0.052303594057718
4.4400000000000	-0.052370654288060
4.4440000000000	-0.052437738578026
4.4480000000000	-0.052504846872798
4.4520000000000	-0.052571979117716
4.4560000000000	-0.052639135258281
4.4600000000000	-0.052706315240141
4.4640000000000	-0.052773519009104
4.4680000000000	-0.052840746511124
4.4720000000000	-0.052907997692312
4.4760000000000	-0.052975272498915
4.4800000000000	-0.053042570877341
4.4840000000000	-0.053109892774127
4.4880000000000	-0.053177238135962
4.4920000000000	-0.053244606909676
4.4960000000000	-0.053311999042230
4.5000000000000	-0.053379414480731
4.5040000000000	-0.053446853172419
4.5080000000000	-0.053514315064667
4.5120000000000	-0.053581800104982
4.5160000000000	-0.053649308241003
4.5200000000000	-0.053716839420495
4.5240000000000	-0.053784393591356
4.5280000000000	-0.053851970701610
4.5320000000000	-0.053919570699401
4.5360000000000	-0.053987193533003
4.5400000000000	-0.054054839150811
4.5440000000000	-0.054122507501339
4.5480000000000	-0.054190198533222
4.5520000000000	-0.054257912195214
4.5560000000000	-0.054325648436185
4.5600000000000	-0.054393407205122
4.5640000000000	-0.054461188451125
4.5680000000000	-0.054528992123409
4.5720000000000	-0.054596818171296
4.5760000000000	-0.054664666544228
4.5800000000000	-0.054732537191747
4.5840000000000	-0.054800430063510
4.5880000000000	-0.054868345109278
4.5920000000000	-0.054936282278919
4.5960000000000	-0.055004241522404
4.6000000000000	-0.055072222789811
4.6040000000000	-0.055140226031317
4.6080000000000	-0.055208251197205
4.6120000000000	-0.055276298237853
4.6160000000000	-0.055344367103743
4.6200000000000	-0.055412457745456
4.6240000000000	-0.055480570113664
4.6280000000000	-0.055548704159141
4.6320000000000	-0.055616859832756
4.6360000000000	-0.055685037085468
4.6400000000000	-0.055753235868336
4.6440000000000	-0.055821456132505
4.6480000000000	-0.055889697829216
4.6520000000000	-0.055957960909798
4.6560000000000	-0.056026245325673
4.6600000000000	-0.056094551028345
4.6640000000000	-0.056162877969413
4.6680000000000	-0.056231226100558
4.6720000000000	-0.056299595373552
4.6760000000000	-0.056367985740249
4.6800000000000	-0.056436397152584
4.6840000000000	-0.056504829562580
4.6880000000000	-0.056573282922347
4.6920000000000	-0.056641757184068
4.6960000000000	-0.056710252300011
4.7000000000000	-0.056778768222527
4.7040000000000	-0.056847304904040
4.7080000000000	-0.056915862297061
4.7120000000000	-0.056984440354174
4.7160000000000	-0.057053039028040
4.7200000000000	-0.057121658271399
4.7240000000000	-0.057190298037065
4.7280000000000	-0.057258958277929
4.7320000000000	-0.057327638946954
4.7360000000000	-0.057396339997182
4.7400000000000	-0.057465061381720
4.7440000000000	-0.057533803053753
4.7480000000000	-0.057602564966538
4.7520000000000	-0.057671347073400
4.7560000000000	-0.057740149327738
4.7600000000000	-0.057808971683017
4.7640000000000	-0.057877814092775
4.7680000000000	-0.057946676510617
4.7720000000000	-0.058015558890215
4.7760000000000	-0.058084461185309
4.7800000000000	-0.058153383349707
4.7840000000000	-0.058222325337282
4.7880000000000	-0.058291287101972
4.7920000000000	-0.058360268597780
4.7960000000000	-0.058429269778779
4.8000000000000	-0.058498290599098
4.8040000000000	-0.058567331012932
4.8080000000000	-0.058636390974540
4.8120000000000	-0.058705470438246
4.8160000000000	-0.058774569358431
4.8200000000000	-0.058843687689538
4.8240000000000	-0.058912825386074
4.8280000000000	-0.058981982402603
4.8320000000000	-0.059051158693752
4.8360000000000	-0.059120354214201
4.8400000000000	-0.059189568918699
4.8440000000000	-0.059258802762044
4.8480000000000	-0.059328055699095
4.8520000000000	-0.059397327684771
4.8560000000000	-0.059466618674044
4.8600000000000	-0.059535928621947
4.8640000000000	-0.059605257483562
4.8680000000000	-0.059674605214034
4.8720000000000	-0.059743971768561
4.8760000000000	-0.059813357102394
4.8800000000000	-0.059882761170839
4.8840000000000	-0.059952183929257
4.8880000000000	-0.060021625333060
4.8920000000000	-0.060091085337718
4.8960000000000	-0.060160563898749
4.9000000000000	-0.060230060971723
4.9040000000000	-0.060299576512268
4.9080000000000	-0.060369110476057
4.9120000000000	-0.060438662818816
4.9160000000000	-0.060508233496327
4.9200000000000	-0.060577822464412
4.9240000000000	-0.060647429678953
4.9280000000000	-0.060717055095875
4.9320000000000	-0.060786698671159
4.9360000000000	-0.060856360360827
4.9400000000000	-0.060926040120956
4.9440000000000	-0.060995737907670
4.9480000000000	-0.061065453677138
4.9520000000000	-0.061135187385580
4.9560000000000	-0.061204938989261
4.9600000000000	-0.061274708444498
4.9640000000000	-0.061344495707647
4.9680000000000	-0.061414300735115
4.9720000000000	-0.061484123483356
4.9760000000000	-0.061553963908867
4.9800000000000	-0.061623821968192
4.9840000000000	-0.061693697617920
4.9880000000000	-0.061763590814683
4.9920000000000	-0.061833501515164
4.9960000000000	-0.061903429676081
5.0000000000000	-0.061973375254202
#Parameters = {D_center=12; L1=20; L2=5; L3=2; L4=15; L_diff=2.83; L_sub=45.66; W_50=1.36; W_sub=45.66; Z_mid=22.83; cm=0.3; ct=12; g_slot=0.8; h1=2; h2=2; h3=2; h4=2; h_sub=0.4; hole_puncher=0.87365; hole_puncher1=0.9; margin=1.6; needle_radius=0.635; nutrient_solution=0.01; pipe_OD=50; pipe_Ri=8; pipe_Ro=10; r_SRR=20; r_SRR_in=17.6; sigma_fluid=0.5; spacing=0.4; t_PDMS_microstrip=0.35; t_SRR=0.07; t_gnd=0.07; t_metal=0.5; t_microstrip=0.07; t_wall=2; w_channel=2; w_diff=2.83}
#"Frequency / GHz"	"S1,1 (8) [Magnitude / dB]"
#---------------------------------------------
1.0000000000000	-0.0066682766004245
1.0040000000000	-0.0067019413202224
1.0080000000000	-0.0067356637566073
1.0120000000000	-0.0067694439073171
1.0160000000000	-0.0068032817702404
1.0200000000000	-0.0068371773433973
1.0240000000000	-0.0068711306249622
1.0280000000000	-0.0069051416132478
1.0320000000000	-0.0069392103067225
1.0360000000000	-0.0069733367040013
1.0400000000000	-0.0070075208038617
1.0440000000000	-0.0070417626052337
1.0480000000000	-0.0070760621072086
1.0520000000000	-0.0071104193090450
1.0560000000000	-0.0071448342101627
1.0600000000000	-0.0071793068101535
1.0640000000000	-0.0072138371087823
1.0680000000000	-0.0072484251059886
1.0720000000000	-0.0072830708018908
1.0760000000000	-0.0073177741967907
1.0800000000000	-0.0073525352911719
1.0840000000000	-0.0073873540857083
1.0880000000000	-0.0074222305812639
1.0920000000000	-0.0074571647789002
1.0960000000000	-0.0074921566798764
1.1000000000000	-0.0075272062856508
1.1040000000000	-0.0075623135978876
1.1080000000000	-0.0075974786184643
1.1120000000000	-0.0076327013494674
1.1160000000000	-0.0076679817931967
1.1200000000000	-0.0077033199521770
1.1240000000000	-0.0077387158291547
1.1280000000000	-0.0077741694271038
1.1320000000000	-0.0078096807492305
1.1360000000000	-0.0078452497989746
1.1400000000000	-0.0078808765800186
1.1440000000000	-0.0079165610962883
1.1480000000000	-0.0079523033519531
1.1520000000000	-0.0079881033514372
1.1560000000000	-0.0080239610994251
1.1600000000000	-0.0080598766008562
1.1640000000000	-0.0080958498609364
1.1680000000000	-0.0081318808851452
1.1720000000000	-0.0081679696792347
1.1760000000000	-0.0082041162492349
1.1800000000000	-0.0082403206014611
1.1840000000000	-0.0082765827425165
1.1880000000000	-0.0083129026792980
1.1920000000000	-0.0083492804190029
1.1960000000000	-0.0083857159691302
1.2000000000000	-0.0084222093374916
1.2040000000000	-0.0084587605322093
1.2080000000000	-0.0084953695617272
1.2120000000000	-0.0085320364348126
1.2160000000000	-0.0085687611605675
1.2200000000000	-0.0086055437484261
1.2240000000000	-0.0086423842081676
1.2280000000000	-0.0086792825499160
1.2320000000000	-0.0087162387841522
1.2360000000000	-0.0087532529217162
1.2400000000000	-0.0087903249738155
1.2440000000000	-0.0088274549520254
1.2480000000000	-0.0088646428683022
1.2520000000000	-0.0089018887349935
1.2560000000000	-0.0089391925648305
1.2600000000000	-0.0089765543709443
1.2640000000000	-0.0090139741668751
1.2680000000000	-0.0090514519665705
1.2720000000000	-0.0090889877844027
1.2760000000000	-0.0091265816351648
1.2800000000000	-0.0091642335340881
1.2840000000000	-0.0092019434968442
1.2880000000000	-0.0092397115395513
1.2920000000000	-0.0092775376787876
1.2960000000000	-0.0093154219315922
1.3000000000000	-0.0093533643154788
1.3040000000000	-0.0093913648484412
1.3080000000000	-0.0094294235489614
1.3120000000000	-0.0094675404360191
1.3160000000000	-0.0095057155290992
1.3200000000000	-0.0095439488482039
1.3240000000000	-0.0095822404138532
1.3280000000000	-0.0096205902471075
1.3320000000000	-0.0096589983695604
1.3360000000000	-0.0096974648033624
1.3400000000000	-0.0097359895712245
1.3440000000000	-0.0097745726964239
1.3480000000000	-0.0098132142028227
1.3520000000000	-0.0098519141148704
1.3560000000000	-0.0098906724576217
1.3600000000000	-0.0099294892567399
1.3640000000000	-0.0099683645385052
1.3680000000000	-0.010007298329840
1.3720000000000	-0.010046290658306
1.3760000000000	-0.010085341552121
1.3800000000000	-0.010124451040165
1.3840000000000	-0.010163619152009
1.3880000000000	-0.010202845917896
1.3920000000000	-0.010242131368792
1.3960000000000	-0.010281475536363
1.4000000000000	-0.010320878453009
1.4040000000000	-0.010360340151872
1.4080000000000	-0.010399860666844
1.4120000000000	-0.010439440032589
1.4160000000000	-0.010479078284547
1.4200000000000	-0.010518775458958
1.4240000000000	-0.010558531592868
1.4280000000000	-0.010598346724147
1.4320000000000	-0.010638220891504
1.4360000000000	-0.010678154134503
1.4400000000000	-0.010718146493576
1.4440000000000	-0.010758198010040
1.4480000000000	-0.010798308726112
1.4520000000000	-0.010838478684925
1.4560000000000	-0.010878707930547
1.4600000000000	-0.010918996507999
1.4640000000000	-0.010959344463267
1.4680000000000	-0.010999751843323
1.4720000000000	-0.011040218696142
1.4760000000000	-0.011080745070723
1.4800000000000	-0.011121331017109
1.4840000000000	-0.011161976586392
1.4880000000000	-0.011202681830755
1.4920000000000	-0.011243446803476
1.4960000000000	-0.011284271558952
1.5000000000000	-0.011325156152724
1.5040000000000	-0.011366100641488
1.5080000000000	-0.011407105083134
1.5120000000000	-0.011448169536750
1.5160000000000	-0.011489294062653
1.5200000000000	-0.011530478722415
1.5240000000000	-0.011571723578881
1.5280000000000	-0.011613028696190
1.5320000000000	-0.011654394139813
1.5360000000000	-0.011695819976565
1.5400000000000	-0.011737306274636
1.5440000000000	-0.011778853103615
1.5480000000000	-0.011820460534520
1.5520000000000	-0.011862128639823
1.5560000000000	-0.011903857493478
1.5600000000000	-0.011945647170947
1.5640000000000	-0.011987497749235
1.5680000000000	-0.012029409306917
1.5720000000000	-0.012071381924168
1.5760000000000	-0.012113415682787
1.5800000000000	-0.012155510666250
1.5840000000000	-0.012197666959715
1.5880000000000	-0.012239884650076
1.5920000000000	-0.012282163825983
1.5960000000000	-0.012324504577890
1.6000000000000	-0.012366906998080
1.6040000000000	-0.012409371180704
1.6080000000000	-0.012451897221821
1.6120000000000	-0.012494485219431
1.6160000000000	-0.012537135273518
1.6200000000000	-0.012579847486090
1.6240000000000	-0.012622621961214
1.6280000000000	-0.012665458805064
1.6320000000000	-0.012708358125959
1.6360000000000	-0.012751320034408
1.6400000000000	-0.012794344643155
1.6440000000000	-0.012837432067224
1.6480000000000	-0.012880582423966
1.6520000000000	-0.012923795833104
1.6560000000000	-0.012967072416783
1.6600000000000	-0.013010412299625
1.6640000000000	-0.013053815608772
1.6680000000000	-0.013097282473945
1.6720000000000	-0.013140813027489
1.6760000000000	-0.013184407404436
1.6800000000000	-0.013228065742561
1.6840000000000	-0.013271788182434
1.6880000000000	-0.013315574867481
1.6920000000000	-0.013359425944045
1.6960000000000	-0.013403341561450
1.7000000000000	-0.013447321872059
1.7040000000000	-0.013491367031341
1.7080000000000	-0.013535477197938
1.7120000000000	-0.013579652533739
1.7160000000000	-0.013623893203934
1.7200000000000	-0.013668199377101
1.7240000000000	-0.013712571225270
1.7280000000000	-0.013757008924003
1.7320000000000	-0.013801512652468
1.7360000000000	-0.013846082593522
1.7400000000000	-0.013890718933782
1.7440000000000	-0.013935421863723
1.7480000000000	-0.013980191577747
1.7520000000000	-0.014025028274281
1.7560000000000	-0.014069932155863
1.7600000000000	-0.014114903429236
1.7640000000000	-0.014159942305436
1.7680000000000	-0.014205048999894
1.7720000000000	-0.014250223732532
1.7760000000000	-0.014295466727872
1.7800000000000	-0.014340778215126
1.7840000000000	-0.014386158428315
1.7880000000000	-0.014431607606378
1.7920000000000	-0.014477125993277
1.7960000000000	-0.014522713838122
1.8000000000000	-0.014568371395284
1.8040000000000	-0.014614098924515
1.8080000000000	-0.014659896691087
1.8120000000000	-0.014705764965897
1.8160000000000	-0.014751704025625
1.8200000000000	-0.014797714152854
1.8240000000000	-0.014843795636210
1.8280000000000	-0.014889948770513
1.8320000000000	-0.014936173856919
1.8360000000000	-0.014982471203074
1.8400000000000	-0.015028841123265
1.8440000000000	-0.015075283938585
1.8480000000000	-0.015121799977099
1.8520000000000	-0.015168389574005
1.8560000000000	-0.015215053071815
1.8600000000000	-0.015261790820535
1.8640000000000	-0.015308603177840
1.8680000000000	-0.015355490509273
1.8720000000000	-0.015402453188433
1.8760000000000	-0.015449491597179
1.8800000000000	-0.015496606125835
1.8840000000000	-0.015543797173403
1.8880000000000	-0.015591065147779
1.8920000000000	-0.015638410465978
1.8960000000000	-0.015685833554368
1.9000000000000	-0.015733334848903
1.9040000000000	-0.015780914795379
1.9080000000000	-0.015828573849670
1.9120000000000	-0.015876312478000
1.9160000000000	-0.015924131157214
1.9200000000000	-0.015972030375040
1.9240000000000	-0.016020010630386
1.9280000000000	-0.016068072433627
1.9320000000000	-0.016116216306911
1.9360000000000	-0.016164442784464
1.9400000000000	-0.016212752412918
1.9440000000000	-0.016261145751640
1.9480000000000	-0.016309623373072
1.9520000000000	-0.016358185863078
1.9560000000000	-0.016406833821318
1.9600000000000	-0.016455567861618
1.9640000000000	-0.016504388612351
1.9680000000000	-0.016553296716840
1.9720000000000	-0.016602292833776
1.9760000000000	-0.016651377637629
1.9800000000000	-0.016700551819097
1.9840000000000	-0.016749816085558
1.9880000000000	-0.016799171161531
1.9920000000000	-0.016848617789165
1.9960000000000	-0.016898156728737
2.0000000000000	-0.016947788759167
2.0040000000000	-0.016997514678549
2.0080000000000	-0.017047335304699
2.0120000000000	-0.017097251475731
2.0160000000000	-0.017147264050645
2.0200000000000	-0.017197373909918
2.0240000000000	-0.017247581956159
2.0280000000000	-0.017297889114738
2.0320000000000	-0.017348296334471
2.0360000000000	-0.017398804588309
2.0400000000000	-0.017449414874060
2.0440000000000	-0.017500128215136
2.0480000000000	-0.017550945661319
2.0520000000000	-0.017601868289573
2.0560000000000	-0.017652897204852
2.0600000000000	-0.017704033540969
2.0640000000000	-0.017755278461485
2.0680000000000	-0.017806633160616
2.0720000000000	-0.017858098864199
2.0760000000000	-0.017909676830670
2.0800000000000	-0.017961368352092
2.0840000000000	-0.018013174755209
2.0880000000000	-0.018065097402557
2.0920000000000	-0.018117137693600
2.0960000000000	-0.018169297065908
2.1000000000000	-0.018221576996394
2.1040000000000	-0.018273979002580
2.1080000000000	-0.018326504643934
2.1120000000000	-0.018379155523225
2.1160000000000	-0.018431933287962
2.1200000000000	-0.018484839631873
2.1240000000000	-0.018537876296443
2.1280000000000	-0.018591045072512
2.1320000000000	-0.018644347801941
2.1360000000000	-0.018697786379333
2.1400000000000	-0.018751362753835
2.1440000000000	-0.018805078931004
2.1480000000000	-0.018858936974748
2.1520000000000	-0.018912939009354
2.1560000000000	-0.018967087221582
2.1600000000000	-0.019021383862863
2.1640000000000	-0.019075831251575
2.1680000000000	-0.019130431775420
2.1720000000000	-0.019185187893892
2.1760000000000	-0.019240102140859
2.1800000000000	-0.019295177127245
2.1840000000000	-0.019350415543833
2.1880000000000	-0.019405820164174
2.1920000000000	-0.019461393847643
2.1960000000000	-0.019517139542601
2.2000000000000	-0.019573060289722
2.2040000000000	-0.019629159225438
2.2080000000000	-0.019685439585554
2.2120000000000	-0.019741904709020
2.2160000000000	-0.019798558041864
2.2200000000000	-0.019855403141306
2.2240000000000	-0.019912443680064
2.2280000000000	-0.019969683450840
2.2320000000000	-0.020027126371029
2.2360000000000	-0.020084776487624
2.2400000000000	-0.020142637982374
2.2440000000000	-0.020200715177162
2.2480000000000	-0.020259012539641
2.2520000000000	-0.020317534689136
2.2560000000000	-0.020376286402836
2.2600000000000	-0.020435272622266
2.2640000000000	-0.020494498460089
2.2680000000000	-0.020553969207217
2.2720000000000	-0.020613690340301
2.2760000000000	-0.020673667529552
2.2800000000000	-0.020733906646984
2.2840000000000	-0.020794413775044
2.2880000000000	-0.020855195215698
2.2920000000000	-0.020916257499954
2.2960000000000	-0.020977607397893
2.3000000000000	-0.021039251929203
2.3040000000000	-0.021101198374262
2.3080000000000	-0.021163454285799
2.3120000000000	-0.021226027501176
2.3160000000000	-0.021288926155303
2.3200000000000	-0.021352158694269
2.3240000000000	-0.021415733889679
2.3280000000000	-0.021479660853789
2.3320000000000	-0.021543949055452
2.3360000000000	-0.021608608336966
2.3400000000000	-0.021673648931828
2.3440000000000	-0.021739081483499
2.3480000000000	-0.021804917065235
2.3520000000000	-0.021871167201025
2.3560000000000	-0.021937843887744
2.3600000000000	-0.022004959618588
2.3640000000000	-0.022072527407871
2.3680000000000	-0.022140560817265
2.3720000000000	-0.022209073983636
2.3760000000000	-0.022278081648503
2.3800000000000	-0.022347599189293
2.3840000000000	-0.022417642652502
2.3880000000000	-0.022488228788871
2.3920000000000	-0.022559375090770
2.3960000000000	-0.022631099831885
2.4000000000000	-0.022703422109442
2.4040000000000	-0.022776361889072
2.4080000000000	-0.022849940052604
2.4120000000000	-0.022924178448917
2.4160000000000	-0.022999099948141
2.4200000000000	-0.023074728499421
2.4240000000000	-0.023151089192534
2.4280000000000	-0.023228208323656
2.4320000000000	-0.023306113465594
2.4360000000000	-0.023384833542835
2.4400000000000	-0.023464398911783
2.4440000000000	-0.023544841446636
2.4480000000000	-0.023626194631306
2.4520000000000	-0.023708493657916
2.4560000000000	-0.023791775532387
2.4600000000000	-0.023876079187743
2.4640000000000	-0.023961445605738
2.4680000000000	-0.024047917947543
2.4720000000000	-0.024135541694268
2.4760000000000	-0.024224364798161
2.4800000000000	-0.024314437845434
2.4840000000000	-0.024405814231753
2.4880000000000	-0.024498550351503
2.4920000000000	-0.024592705802112
2.4960000000000	-0.024688343604801
2.5000000000000	-0.024785530443281
2.5040000000000	-0.024884336922094
2.5080000000000	-0.024984837846479
2.5120000000000	-0.025087112525788
2.5160000000000	-0.025191245102821
2.5200000000000	-0.025297324911559
2.5240000000000	-0.025405446866184
2.5280000000000	-0.025515711884539
2.5320000000000	-0.025628227349534
2.5360000000000	-0.025743107612460
2.5400000000000	-0.025860474542607
2.5440000000000	-0.025980458128105
2.5480000000000	-0.026103197133535
2.5520000000000	-0.026228839820509
2.5560000000000	-0.026357544738203
2.5600000000000	-0.026489481591707
2.5640000000000	-0.026624832197074
2.5680000000000	-0.026763791533094
2.5720000000000	-0.026906568901134
2.5760000000000	-0.027053389205941
2.5800000000000	-0.027204494371997
2.5840000000000	-0.027360144912100
2.5880000000000	-0.027520621667122
2.5920000000000	-0.027686227738600
2.5960000000000	-0.027857290639017
2.6000000000000	-0.028034164688133
2.6040000000000	-0.028217233688176
2.6080000000000	-0.028406913915430
2.6120000000000	-0.028603657471799
2.6160000000000	-0.028807956046570
2.6200000000000	-0.029020345146783
2.6240000000000	-0.029241408863981
2.6280000000000	-0.029471785256479
2.6320000000000	-0.029712172439481
2.6360000000000	-0.029963335491435
2.6400000000000	-0.030226114303803
2.6440000000000	-0.030501432524345
2.6480000000000	-0.030790307771166
2.6520000000000	-0.031093863327897
2.6560000000000	-0.031413341570184
2.6600000000000	-0.031750119422192
2.6640000000000	-0.032105726200986
2.6680000000000	-0.032481864278967
2.6720000000000	-0.032880433083711
2.6760000000000	-0.033303557064303
2.6800000000000	-0.033753618389784
2.6840000000000	-0.034233295314975
2.6880000000000	-0.034745607361852
2.6920000000000	-0.035293968732142
2.6960000000000	-0.035882251705477
2.7000000000000	-0.036514862208129
2.7040000000000	-0.037196830288459
2.7080000000000	-0.037933918944514
2.7120000000000	-0.038732755668016
2.7160000000000	-0.039600992267274
2.7200000000000	-0.040547500104753
2.7240000000000	-0.041582609966350
2.7280000000000	-0.042718408553803
2.7320000000000	-0.043969107320153
2.7360000000000	-0.045351504422079
2.7400000000000	-0.046885567475716
2.7440000000000	-0.048595174347769
2.7480000000000	-0.050509062528638
2.7520000000000	-0.052662056404148
2.7560000000000	-0.055096668503860
2.7600000000000	-0.057865209412944
2.7640000000000	-0.061032597440593
2.7680000000000	-0.064680142640574
2.7720000000000	-0.068910705124272
2.7760000000000	-0.073855818513291
2.7800000000000	-0.079685664554214
2.7840000000000	-0.086623248405757
2.7880000000000	-0.094964863198594
2.7920000000000	-0.10511012860135
2.7960000000000	-0.11760684919950
2.8000000000000	-0.13321918242995
2.8040000000000	-0.15303297347352
2.8080000000000	-0.17862083487932
2.8120000000000	-0.21230284338415
2.8160000000000	-0.25755518762906
2.8200000000000	-0.31962290842618
2.8240000000000	-0.40630738870970
2.8280000000000	-0.52842431292383
2.8320000000000	-0.69760323405098
2.8360000000000	-0.91418022367487
2.8400000000000	-1.1348709520352
2.8440000000000	-1.2490435887645
2.8480000000000	-1.1701682074528
2.8520000000000	-0.95992122123583
2.8560000000000	-0.73658319490410
2.8600000000000	-0.55705383751467
2.8640000000000	-0.42641518284739
2.8680000000000	-0.33373563168586
2.8720000000000	-0.26764516845899
2.8760000000000	-0.21971733324880
2.8800000000000	-0.18424733053824
2.8840000000000	-0.15745489424985
2.8880000000000	-0.13682445268349
2.8920000000000	-0.12065771633389
2.8960000000000	-0.10778711522448
2.9000000000000	-0.097394484965504
2.9040000000000	-0.088895695881268
2.9080000000000	-0.081866260000155
2.9120000000000	-0.075992566707595
2.9160000000000	-0.071039356134466
2.9200000000000	-0.066827643530385
2.9240000000000	-0.063219483296951
2.9280000000000	-0.060107284619199
2.9320000000000	-0.057406205626691
2.9360000000000	-0.055048662345620
2.9400000000000	-0.052980311949736
2.9440000000000	-0.051157078168811
2.9480000000000	-0.049542923062230
2.9520000000000	-0.048108159912405
2.9560000000000	-0.046828162974026
2.9600000000000	-0.045682371436892
2.9640000000000	-0.044653513731228
2.9680000000000	-0.043726998432989
2.9720000000000	-0.042890432269750
2.9760000000000	-0.042133235915752
2.9800000000000	-0.041446335626184
2.9840000000000	-0.040821914131999
2.9880000000000	-0.040253208171063
2.9920000000000	-0.039734342968794
2.9960000000000	-0.039260196180634
3.0000000000000	-0.038826285468721
3.0040000000000	-0.038428675147033
3.0080000000000	-0.038063898295585
3.0120000000000	-0.037728891489156
3.0160000000000	-0.037420939863811
3.0200000000000	-0.037137630695575
3.0240000000000	-0.036876814019681
3.0280000000000	-0.036636569098392
3.0320000000000	-0.036415175767320
3.0360000000000	-0.036211089867072
3.0400000000000	-0.036022922109109
3.0440000000000	-0.035849419838824
3.0480000000000	-0.035689451251480
3.0520000000000	-0.035541991691631
3.0560000000000	-0.035406111728075
3.0600000000000	-0.035280966746514
3.0640000000000	-0.035165787843461
3.0680000000000	-0.035059873838959
3.0720000000000	-0.034962584253950
3.0760000000000	-0.034873333121590
3.0800000000000	-0.034791583521357
3.0840000000000	-0.034716842741185
3.0880000000000	-0.034648657986579
3.0920000000000	-0.034586612567275
3.0960000000000	-0.034530322501674
3.1000000000000	-0.034479433487658
3.1040000000000	-0.034433618195318
3.1080000000000	-0.034392573843126
3.1120000000000	-0.034356020024182
3.1160000000000	-0.034323696753494
3.1200000000000	-0.034295362711012
3.1240000000000	-0.034270793658331
3.1280000000000	-0.034249781009710
3.1320000000000	-0.034232130540499
3.1360000000000	-0.034217661218093
3.1400000000000	-0.034206204142283
3.1440000000000	-0.034197601583524
3.1480000000000	-0.034191706108871
3.1520000000000	-0.034188379786603
3.1560000000000	-0.034187493461562
3.1600000000000	-0.034188926094075
3.1640000000000	-0.034192564156204
3.1680000000000	-0.034198301079714
3.1720000000000	-0.034206036750734
3.1760000000000	-0.034215677046689
3.1800000000000	-0.034227133411491
3.1840000000000	-0.034240322465426
3.1880000000000	-0.034255165646543
3.1920000000000	-0.034271588880671
3.1960000000000	-0.034289522277478
3.2000000000000	-0.034308899850263
3.2040000000000	-0.034329659257368
3.2080000000000	-0.034351741563357
3.2120000000000	-0.034375091018222
3.2160000000000	-0.034399654853099
3.2200000000000	-0.034425383091088
3.2240000000000	-0.034452228371931
3.2280000000000	-0.034480145789381
3.2320000000000	-0.034509092740228
3.2360000000000	-0.034539028784060
3.2400000000000	-0.034569915512858
3.2440000000000	-0.034601716429675
3.2480000000000	-0.034634396835671
3.2520000000000	-0.034667923724864
3.2560000000000	-0.034702265685973
3.2600000000000	-0.034737392810857
3.2640000000000	-0.034773276608999
3.2680000000000	-0.034809889927628
3.2720000000000	-0.034847206877028
3.2760000000000	-0.034885202760666
3.2800000000000	-0.034923854009781
3.2840000000000	-0.034963138122124
3.2880000000000	-0.035003033604533
3.2920000000000	-0.035043519919076
3.2960000000000	-0.035084577432546
3.3000000000000	-0.035126187368982
3.3040000000000	-0.035168331765143
3.3080000000000	-0.035210993428590
3.3120000000000	-0.035254155898301
3.3160000000000	-0.035297803407613
3.3200000000000	-0.035341920849315
3.3240000000000	-0.035386493742786
3.3280000000000	-0.035431508203023
3.3320000000000	-0.035476950911423
3.3360000000000	-0.035522809088253
3.3400000000000	-0.035569070466641
3.3440000000000	-0.035615723268031
3.3480000000000	-0.035662756178985
3.3520000000000	-0.035710158329278
3.3560000000000	-0.035757919271171
3.3600000000000	-0.035806028959806
3.3640000000000	-0.035854477734664
3.3680000000000	-0.035903256301996
3.3720000000000	-0.035952355718197
3.3760000000000	-0.036001767374041
3.3800000000000	-0.036051482979740
3.3840000000000	-0.036101494550783
3.3880000000000	-0.036151794394486
3.3920000000000	-0.036202375097242
3.3960000000000	-0.036253229512415
3.4000000000000	-0.036304350748825
3.4040000000000	-0.036355732159833
3.4080000000000	-0.036407367332943
3.4120000000000	-0.036459250079926
3.4160000000000	-0.036511374427431
3.4200000000000	-0.036563734608043
3.4240000000000	-0.036616325051771
3.4280000000000	-0.036669140377954
3.4320000000000	-0.036722175387531
3.4360000000000	-0.036775425055701
3.4400000000000	-0.036828884524906
3.4440000000000	-0.036882549098162
3.4480000000000	-0.036936414232666
3.4520000000000	-0.036990475533731
3.4560000000000	-0.037044728748984
3.4600000000000	-0.037099169762820
3.4640000000000	-0.037153794591112
3.4680000000000	-0.037208599376170
3.4720000000000	-0.037263580381896
3.4760000000000	-0.037318733989190
3.4800000000000	-0.037374056691515
3.4840000000000	-0.037429545090700
3.4880000000000	-0.037485195892894
3.4920000000000	-0.037541005904701
3.4960000000000	-0.037596972029492
3.5000000000000	-0.037653091263867
3.5040000000000	-0.037709360694254
3.5080000000000	-0.037765777493677
3.5120000000000	-0.037822338918642
3.5160000000000	-0.037879042306153
3.5200000000000	-0.037935885070855
3.5240000000000	-0.037992864702299
3.5280000000000	-0.038049978762309
3.5320000000000	-0.038107224882462
3.5360000000000	-0.038164600761671
3.5400000000000	-0.038222104163868
3.5440000000000	-0.038279732915758
3.5480000000000	-0.038337484904694
3.5520000000000	-0.038395358076619
3.5560000000000	-0.038453350434083
3.5600000000000	-0.038511460034356
3.5640000000000	-0.038569684987592
3.5680000000000	-0.038628023455081
3.5720000000000	-0.038686473647567
3.5760000000000	-0.038745033823615
3.5800000000000	-0.038803702288063
3.5840000000000	-0.038862477390514
3.5880000000000	-0.038921357523883
3.5920000000000	-0.038980341123028
3.5960000000000	-0.039039426663392
3.6000000000000	-0.039098612659716
3.6040000000000	-0.039157897664805
3.6080000000000	-0.039217280268328
3.6120000000000	-0.039276759095661
3.6160000000000	-0.039336332806778
3.6200000000000	-0.039396000095186
3.6240000000000	-0.039455759686882
3.6280000000000	-0.039515610339365
3.6320000000000	-0.039575550840676
3.6360000000000	-0.039635580008461
3.6400000000000	-0.039695696689095
3.6440000000000	-0.039755899756800
3.6480000000000	-0.039816188112829
3.6520000000000	-0.039876560684649
3.6560000000000	-0.039937016425178
3.6600000000000	-0.039997554312024
3.6640000000000	-0.040058173346767
3.6680000000000	-0.040118872554260
3.6720000000000	-0.040179650981953
3.6760000000000	-0.040240507699236
3.6800000000000	-0.040301441796815
3.6840000000000	-0.040362452386098
3.6880000000000	-0.040423538598608
3.6920000000000	-0.040484699585408
3.6960000000000	-0.040545934516554
3.7000000000000	-0.040607242580560
3.7040000000000	-0.040668622983879
3.7080000000000	-0.040730074950415
3.7120000000000	-0.040791597721024
3.7160000000000	-0.040853190553057
3.7200000000000	-0.040914852719905
3.7240000000000	-0.040976583510555
3.7280000000000	-0.041038382229181
3.7320000000000	-0.041100248194712
3.7360000000000	-0.041162180740449
3.7400000000000	-0.041224179213678
3.7440000000000	-0.041286242975286
3.7480000000000	-0.041348371399411
3.7520000000000	-0.041410563873088
3.7560000000000	-0.041472819795898
3.7600000000000	-0.041535138579660
3.7640000000000	-0.041597519648088
3.7680000000000	-0.041659962436500
3.7720000000000	-0.041722466391504
3.7760000000000	-0.041785030970713
3.7800000000000	-0.041847655642458
3.7840000000000	-0.041910339885522
3.7880000000000	-0.041973083188864
3.7920000000000	-0.042035885051368
3.7960000000000	-0.042098744981582
3.8000000000000	-0.042161662497489
3.8040000000000	-0.042224637126259
3.8080000000000	-0.042287668404026
3.8120000000000	-0.042350755875661
3.8160000000000	-0.042413899094558
3.8200000000000	-0.042477097622425
3.8240000000000	-0.042540351029074
3.8280000000000	-0.042603658892231
3.8320000000000	-0.042667020797339
3.8360000000000	-0.042730436337367
3.8400000000000	-0.042793905112635
3.8440000000000	-0.042857426730636
3.8480000000000	-0.042921000805854
3.8520000000000	-0.042984626959616
3.8560000000000	-0.043048304819910
3.8600000000000	-0.043112034021239
3.8640000000000	-0.043175814204464
3.8680000000000	-0.043239645016648
3.8720000000000	-0.043303526110927
3.8760000000000	-0.043367457146350
3.8800000000000	-0.043431437787752
3.8840000000000	-0.043495467705620
3.8880000000000	-0.043559546575959
3.8920000000000	-0.043623674080164
3.8960000000000	-0.043687849904903
3.9000000000000	-0.043752073741990
3.9040000000000	-0.043816345288274
3.9080000000000	-0.043880664245521
3.9120000000000	-0.043945030320301
3.9160000000000	-0.044009443223889
3.9200000000000	-0.044073902672149
3.9240000000000	-0.044138408385437
3.9280000000000	-0.044202960088504
3.9320000000000	-0.044267557510394
3.9360000000000	-0.044332200384350
3.9400000000000	-0.044396888447722
3.9440000000000	-0.044461621441880
3.9480000000000	-0.044526399112119
3.9520000000000	-0.044591221207585
3.9560000000000	-0.044656087481180
3.9600000000000	-0.044720997689489
3.9640000000000	-0.044785951592694
3.9680000000000	-0.044850948954506
3.9720000000000	-0.044915989542079
3.9760000000000	-0.044981073125947
3.9800000000000	-0.045046199479942
3.9840000000000	-0.045111368381134
3.9880000000000	-0.045176579609756
3.9920000000000	-0.045241832949142
3.9960000000000	-0.045307128185656
4.0000000000000	-0.045372465108640
4.0040000000000	-0.045437843510338
4.0080000000000	-0.045503263185849
4.0120000000000	-0.045568723933057
4.0160000000000	-0.045634225552584
4.0200000000000	-0.045699767847724
4.0240000000000	-0.045765350624397
4.0280000000000	-0.045830973691090
4.0320000000000	-0.045896636858807
4.0360000000000	-0.045962339941021
4.0400000000000	-0.046028082753616
4.0440000000000	-0.046093865114845
4.0480000000000	-0.046159686845283
4.0520000000000	-0.046225547767782
4.0560000000000	-0.046291447707416
4.0600000000000	-0.046357386491447
4.0640000000000	-0.046423363949282
4.0680000000000	-0.046489379912422
4.0720000000000	-0.046555434214427
4.0760000000000	-0.046621526690876
4.0800000000000	-0.046687657179330
4.0840000000000	-0.046753825519283
4.0880000000000	-0.046820031552139
4.0920000000000	-0.046886275121162
4.0960000000000	-0.046952556071450
4.1000000000000	-0.047018874249894
4.1040000000000	-0.047085229505145
4.1080000000000	-0.047151621687583
4.1120000000000	-0.047218050649278
4.1160000000000	-0.047284516243967
4.1200000000000	-0.047351018327018
4.1240000000000	-0.047417556755394
4.1280000000000	-0.047484131387632
4.1320000000000	-0.047550742083808
4.1360000000000	-0.047617388705511
4.1400000000000	-0.047684071115814
4.1440000000000	-0.047750789179245
4.1480000000000	-0.047817542761761
4.1520000000000	-0.047884331730726
4.1560000000000	-0.047951155954879
4.1600000000000	-0.048018015304307
4.1640000000000	-0.048084909650433
4.1680000000000	-0.048151838865976
4.1720000000000	-0.048218802824939
4.1760000000000	-0.048285801402580
4.1800000000000	-0.048352834475394
4.1840000000000	-0.048419901921083
4.1880000000000	-0.048487003618540
4.1920000000000	-0.048554139447831
4.1960000000000	-0.048621309290170
4.2000000000000	-0.048688513027889
4.2040000000000	-0.048755750544441
4.2080000000000	-0.048823021724360
4.2120000000000	-0.048890326453250
4.2160000000000	-0.048957664617766
4.2200000000000	-0.049025036105592
4.2240000000000	-0.049092440805434
4.2280000000000	-0.049159878606988
4.2320000000000	-0.049227349400928
4.2360000000000	-0.049294853078893
4.2400000000000	-0.049362389533470
4.2440000000000	-0.049429958658169
4.2480000000000	-0.049497560347425
4.2520000000000	-0.049565194496553
4.2560000000000	-0.049632861001767
4.2600000000000	-0.049700559760142
4.2640000000000	-0.049768290669606
4.2680000000000	-0.049836053628928
4.2720000000000	-0.049903848537698
4.2760000000000	-0.049971675296319
4.2800000000000	-0.050039533805991
4.2840000000000	-0.050107423968697
4.2880000000000	-0.050175345687192
4.2920000000000	-0.050243298864990
4.2960000000000	-0.050311283406346
4.3000000000000	-0.050379299216255
4.3040000000000	-0.050447346200427
4.3080000000000	-0.050515424265283
4.3120000000000	-0.050583533317944
4.3160000000000	-0.050651673266219
4.3200000000000	-0.050719844018586
4.3240000000000	-0.050788045484190
4.3280000000000	-0.050856277572835
4.3320000000000	-0.050924540194962
4.3360000000000	-0.050992833261644
4.3400000000000	-0.051061156684581
4.3440000000000	-0.051129510376085
4.3480000000000	-0.051197894249072
4.3520000000000	-0.051266308217043
4.3560000000000	-0.051334752194094
4.3600000000000	-0.051403226094892
4.3640000000000	-0.051471729834666
4.3680000000000	-0.051540263329207
4.3720000000000	-0.051608826494854
4.3760000000000	-0.051677419248479
4.3800000000000	-0.051746041507494
4.3840000000000	-0.051814693189831
4.3880000000000	-0.051883374213937
4.3920000000000	-0.051952084498760
4.3960000000000	-0.052020823963758
4.4000000000000	-0.052089592528872
4.4040000000000	-0.052158390114531
4.4080000000000	-0.052227216641641
4.4120000000000	-0.052296072031577
4.4160000000000	-0.052364956206170
4.4200000000000	-0.052433869087723
4.4240000000000	-0.052502810598967
4.4280000000000	-0.052571780663086
4.4320000000000	-0.052640779203701
4.4360000000000	-0.052709806144856
4.4400000000000	-0.052778861411021
4.4440000000000	-0.052847944927077
4.4480000000000	-0.052917056618323
4.4520000000000	-0.052986196410454
4.4560000000000	-0.053055364229567
4.4600000000000	-0.053124560002150
4.4640000000000	-0.053193783655078
4.4680000000000	-0.053263035115604
4.4720000000000	-0.053332314311361
4.4760000000000	-0.053401621170347
4.4800000000000	-0.053470955620926
4.4840000000000	-0.053540317591820
4.4880000000000	-0.053609707012111
4.4920000000000	-0.053679123811218
4.4960000000000	-0.053748567918917
4.5000000000000	-0.053818039265314
4.5040000000000	-0.053887537780853
4.5080000000000	-0.053957063396304
4.5120000000000	-0.054026616042764
4.5160000000000	-0.054096195651656
4.5200000000000	-0.054165802154707
4.5240000000000	-0.054235435483963
4.5280000000000	-0.054305095571776
4.5320000000000	-0.054374782350797
4.5360000000000	-0.054444495753980
4.5400000000000	-0.054514235714572
4.5440000000000	-0.054584002166109
4.5480000000000	-0.054653795042415
4.5520000000000	-0.054723614277593
4.5560000000000	-0.054793459806030
4.5600000000000	-0.054863331562383
4.5640000000000	-0.054933229481580
4.5680000000000	-0.055003153498821
4.5720000000000	-0.055073103549562
4.5760000000000	-0.055143079569530
4.5800000000000	-0.055213081494696
4.5840000000000	-0.055283109261291
4.5880000000000	-0.055353162805799
4.5920000000000	-0.055423242064942
4.5960000000000	-0.055493346975692
4.6000000000000	-0.055563477475261
4.6040000000000	-0.055633633501093
4.6080000000000	-0.055703814990868
4.6120000000000	-0.055774021882499
4.6160000000000	-0.055844254114123
4.6200000000000	-0.055914511624104
4.6240000000000	-0.055984794351027
4.6280000000000	-0.056055102233697
4.6320000000000	-0.056125435211133
4.6360000000000	-0.056195793222569
4.6400000000000	-0.056266176207448
4.6440000000000	-0.056336584105422
4.6480000000000	-0.056407016856351
4.6520000000000	-0.056477474400291
4.6560000000000	-0.056547956677505
4.6600000000000	-0.056618463628447
4.6640000000000	-0.056688995193770
4.6680000000000	-0.056759551314323
4.6720000000000	-0.056830131931135
4.6760000000000	-0.056900736985433
4.6800000000000	-0.056971366418625
4.6840000000000	-0.057042020172304
4.6880000000000	-0.057112698188239
4.6920000000000	-0.057183400408383
4.6960000000000	-0.057254126774864
4.7000000000000	-0.057324877229988
4.7040000000000	-0.057395651716224
4.7080000000000	-0.057466450176218
4.7120000000000	-0.057537272552786
4.7160000000000	-0.057608118788903
4.7200000000000	-0.057678988827715
4.7240000000000	-0.057749882612524
4.7280000000000	-0.057820800086801
4.7320000000000	-0.057891741194164
4.7360000000000	-0.057962705878394
4.7400000000000	-0.058033694083430
4.7440000000000	-0.058104705753355
4.7480000000000	-0.058175740832410
4.7520000000000	-0.058246799264980
4.7560000000000	-0.058317880995602
4.7600000000000	-0.058388985968958
4.7640000000000	-0.058460114129872
4.7680000000000	-0.058531265423309
4.7720000000000	-0.058602439794380
4.7760000000000	-0.058673637188332
4.7800000000000	-0.058744857550549
4.7840000000000	-0.058816100826553
4.7880000000000	-0.058887366961999
4.7920000000000	-0.058958655902674
4.7960000000000	-0.059029967594504
4.8000000000000	-0.059101301983533
4.8040000000000	-0.059172659015940
4.8080000000000	-0.059244038638033
4.8120000000000	-0.059315440796243
4.8160000000000	-0.059386865437124
4.8200000000000	-0.059458312507357
4.8240000000000	-0.059529781953742
4.8280000000000	-0.059601273723200
4.8320000000000	-0.059672787762771
4.8360000000000	-0.059744324019611
4.8400000000000	-0.059815882440998
4.8440000000000	-0.059887462974316
4.8480000000000	-0.059959065567071
4.8520000000000	-0.060030690166879
4.8560000000000	-0.060102336721470
4.8600000000000	-0.060174005178679
4.8640000000000	-0.060245695486452
4.8680000000000	-0.060317407592848
4.8720000000000	-0.060389141446028
4.8760000000000	-0.060460896994263
4.8800000000000	-0.060532674185922
4.8840000000000	-0.060604472969481
4.8880000000000	-0.060676293293524
4.8920000000000	-0.060748135106728
4.8960000000000	-0.060819998357880
4.9000000000000	-0.060891882995854
4.9040000000000	-0.060963788969634
4.9080000000000	-0.061035716228298
4.9120000000000	-0.061107664721018
4.9160000000000	-0.061179634397063
4.9200000000000	-0.061251625205797
4.9240000000000	-0.061323637096680
4.9280000000000	-0.061395670019263
4.9320000000000	-0.061467723923185
4.9360000000000	-0.061539798758181
4.9400000000000	-0.061611894474077
4.9440000000000	-0.061684011020782
4.9480000000000	-0.061756148348301
4.9520000000000	-0.061828306406722
4.9560000000000	-0.061900485146220
4.9600000000000	-0.061972684517057
4.9640000000000	-0.062044904469580
4.9680000000000	-0.062117144954220
4.9720000000000	-0.062189405921489
4.9760000000000	-0.062261687321988
4.9800000000000	-0.062333989106395
4.9840000000000	-0.062406311225469
4.9880000000000	-0.062478653630052
4.9920000000000	-0.062551016271068
4.9960000000000	-0.062623399099511
5.0000000000000	-0.062695802066462
#Parameters = {D_center=12; L1=17.84; L2=5; L3=2; L4=15; L_diff=2.83; L_sub=49.66; W_50=1.36; W_sub=49.66; Z_mid=24.83; cm=0.3; ct=12; g_slot=0.8; h1=2; h2=2; h3=2; h4=2; h_sub=0.4; hole_puncher=0.87365; hole_puncher1=0.9; margin=1.76; needle_radius=0.635; nutrient_solution=0.01; pipe_OD=50; pipe_Ri=8; pipe_Ro=10; r_SRR=22; r_SRR_in=19.6; sigma_fluid=0.5; spacing=0.4; t_PDMS_microstrip=0.35; t_SRR=0.07; t_gnd=0.07; t_metal=0.5; t_microstrip=0.07; t_wall=2; w_channel=2; w_diff=2.83}
#"Frequency / GHz"	"S1,1 (9) [Magnitude / dB]"
#---------------------------------------------
1.0000000000000	-0.0066030773166219
1.0040000000000	-0.0066365938563103
1.0080000000000	-0.0066701684501796
1.0120000000000	-0.0067038010949650
1.0160000000000	-0.0067374917875370
1.0200000000000	-0.0067712405249110
1.0240000000000	-0.0068050473042444
1.0280000000000	-0.0068389121228451
1.0320000000000	-0.0068728349781606
1.0360000000000	-0.0069068158678003
1.0400000000000	-0.0069408547895166
1.0440000000000	-0.0069749517412235
1.0480000000000	-0.0070091067209893
1.0520000000000	-0.0070433197270437
1.0560000000000	-0.0070775907577751
1.0600000000000	-0.0071119198117405
1.0640000000000	-0.0071463068876624
1.0680000000000	-0.0071807519844325
1.0720000000000	-0.0072152551011102
1.0760000000000	-0.0072498162369350
1.0800000000000	-0.0072844353913200
1.0840000000000	-0.0073191125638611
1.0880000000000	-0.0073538477543299
1.0920000000000	-0.0073886409626895
1.0960000000000	-0.0074234921890775
1.1000000000000	-0.0074584014338415
1.1040000000000	-0.0074933686975057
1.1080000000000	-0.0075283939807916
1.1120000000000	-0.0075634772846273
1.1160000000000	-0.0075986186101312
1.1200000000000	-0.0076338179586316
1.1240000000000	-0.0076690753316641
1.1280000000000	-0.0077043907309725
1.1320000000000	-0.0077397641585109
1.1360000000000	-0.0077751956164509
1.1400000000000	-0.0078106851071817
1.1440000000000	-0.0078462326333191
1.1480000000000	-0.0078818381976996
1.1520000000000	-0.0079175018033876
1.1560000000000	-0.0079532234536793
1.1600000000000	-0.0079890031521078
1.1640000000000	-0.0080248409024399
1.1680000000000	-0.0080607367086878
1.1720000000000	-0.0080966905751054
1.1760000000000	-0.0081327025061968
1.1800000000000	-0.0081687725067192
1.1840000000000	-0.0082049005816811
1.1880000000000	-0.0082410867363500
1.1920000000000	-0.0082773309762589
1.1960000000000	-0.0083136333072030
1.2000000000000	-0.0083499937352507
1.2040000000000	-0.0083864122667430
1.2080000000000	-0.0084228889082973
1.2120000000000	-0.0084594236668131
1.2160000000000	-0.0084960165494751
1.2200000000000	-0.0085326675637556
1.2240000000000	-0.0085693767174231
1.2280000000000	-0.0086061440185414
1.2320000000000	-0.0086429694754790
1.2360000000000	-0.0086798530969008
1.2400000000000	-0.0087167948917937
1.2440000000000	-0.0087537948694528
1.2480000000000	-0.0087908530394921
1.2520000000000	-0.0088279694118465
1.2560000000000	-0.0088651439967861
1.2600000000000	-0.0089023768049088
1.2640000000000	-0.0089396678471468
1.2680000000000	-0.0089770171347733
1.2720000000000	-0.0090144246794165
1.2760000000000	-0.0090518904930492
1.2800000000000	-0.0090894145879983
1.2840000000000	-0.0091269969769616
1.2880000000000	-0.0091646376729889
1.2920000000000	-0.0092023366895123
1.2960000000000	-0.0092400940403355
1.3000000000000	-0.0092779097396486
1.3040000000000	-0.0093157838020233
1.3080000000000	-0.0093537162424269
1.3120000000000	-0.0093917070762237
1.3160000000000	-0.0094297563191821
1.3200000000000	-0.0094678639874774
1.3240000000000	-0.0095060300977092
1.3280000000000	-0.0095442546668821
1.3320000000000	-0.0095825377124413
1.3360000000000	-0.0096208792522584
1.3400000000000	-0.0096592793046468
1.3440000000000	-0.0096977378883594
1.3480000000000	-0.0097362550226065
1.3520000000000	-0.0097748307270566
1.3560000000000	-0.0098134650218333
1.3600000000000	-0.0098521579275406
1.3640000000000	-0.0098909094652554
1.3680000000000	-0.0099297196565396
1.3720000000000	-0.0099685885234472
1.3760000000000	-0.010007516088524
1.3800000000000	-0.010046502374829
1.3840000000000	-0.010085547405928
1.3880000000000	-0.010124651205905
1.3920000000000	-0.010163813799378
1.3960000000000	-0.010203035211488
1.4000000000000	-0.010242315467928
1.4040000000000	-0.010281654594936
1.4080000000000	-0.010321052619303
1.4120000000000	-0.010360509568392
1.4160000000000	-0.010400025470139
1.4200000000000	-0.010439600353056
1.4240000000000	-0.010479234246249
1.4280000000000	-0.010518927179420
1.4320000000000	-0.010558679182881
1.4360000000000	-0.010598490287557
1.4400000000000	-0.010638360524996
1.4440000000000	-0.010678289927380
1.4480000000000	-0.010718278527537
1.4520000000000	-0.010758326358944
1.4560000000000	-0.010798433455738
1.4600000000000	-0.010838599852728
1.4640000000000	-0.010878825585399
1.4680000000000	-0.010919110689940
1.4720000000000	-0.010959455203223
1.4760000000000	-0.010999859162840
1.4800000000000	-0.011040322607101
1.4840000000000	-0.011080845575049
1.4880000000000	-0.011121428106467
1.4920000000000	-0.011162070241893
1.4960000000000	-0.011202772022628
1.5000000000000	-0.011243533490743
1.5040000000000	-0.011284354689103
1.5080000000000	-0.011325235661367
1.5120000000000	-0.011366176452004
1.5160000000000	-0.011407177106304
1.5200000000000	-0.011448237670396
1.5240000000000	-0.011489358191240
1.5280000000000	-0.011530538716675
1.5320000000000	-0.011571779295397
1.5360000000000	-0.011613079976990
1.5400000000000	-0.011654440811934
1.5440000000000	-0.011695861851627
1.5480000000000	-0.011737343148382
1.5520000000000	-0.011778884755452
1.5560000000000	-0.011820486727046
1.5600000000000	-0.011862149118338
1.5640000000000	-0.011903871985484
1.5680000000000	-0.011945655385627
1.5720000000000	-0.011987499376938
1.5760000000000	-0.012029404018596
1.5800000000000	-0.012071369370834
1.5840000000000	-0.012113395494937
1.5880000000000	-0.012155482453262
1.5920000000000	-0.012197630309261
1.5960000000000	-0.012239839127489
1.6000000000000	-0.012282108973625
1.6040000000000	-0.012324439914486
1.6080000000000	-0.012366832018054
1.6120000000000	-0.012409285353475
1.6160000000000	-0.012451799991101
1.6200000000000	-0.012494376002491
1.6240000000000	-0.012537013460431
1.6280000000000	-0.012579712438964
1.6320000000000	-0.012622473013400
1.6360000000000	-0.012665295260334
1.6400000000000	-0.012708179257678
1.6440000000000	-0.012751125084666
1.6480000000000	-0.012794132821889
1.6520000000000	-0.012837202551302
1.6560000000000	-0.012880334356262
1.6600000000000	-0.012923528321533
1.6640000000000	-0.012966784533324
1.6680000000000	-0.013010103079297
1.6720000000000	-0.013053484048603
1.6760000000000	-0.013096927531893
1.6800000000000	-0.013140433621358
1.6840000000000	-0.013184002410735
1.6880000000000	-0.013227633995349
1.6920000000000	-0.013271328472123
1.6960000000000	-0.013315085939612
1.7000000000000	-0.013358906498036
1.7040000000000	-0.013402790249293
1.7080000000000	-0.013446737296990
1.7120000000000	-0.013490747746476
1.7160000000000	-0.013534821704869
1.7200000000000	-0.013578959281076
1.7240000000000	-0.013623160585843
1.7280000000000	-0.013667425731753
1.7320000000000	-0.013711754833289
1.7360000000000	-0.013756148006840
1.7400000000000	-0.013800605370752
1.7440000000000	-0.013845127045341
1.7480000000000	-0.013889713152948
1.7520000000000	-0.013934363817948
1.7560000000000	-0.013979079166807
1.7600000000000	-0.014023859328095
1.7640000000000	-0.014068704432543
1.7680000000000	-0.014113614613060
1.7720000000000	-0.014158590004779
1.7760000000000	-0.014203630745099
1.7800000000000	-0.014248736973711
1.7840000000000	-0.014293908832647
1.7880000000000	-0.014339146466316
1.7920000000000	-0.014384450021541
1.7960000000000	-0.014429819647605
1.8000000000000	-0.014475255496294
1.8040000000000	-0.014520757721937
1.8080000000000	-0.014566326481446
1.8120000000000	-0.014611961934366
1.8160000000000	-0.014657664242924
1.8200000000000	-0.014703433572068
1.8240000000000	-0.014749270089512
1.8280000000000	-0.014795173965795
1.8320000000000	-0.014841145374321
1.8360000000000	-0.014887184491414
1.8400000000000	-0.014933291496369
1.8440000000000	-0.014979466571497
1.8480000000000	-0.015025709902190
1.8520000000000	-0.015072021676971
1.8560000000000	-0.015118402087541
1.8600000000000	-0.015164851328848
1.8640000000000	-0.015211369599139
1.8680000000000	-0.015257957100020
1.8720000000000	-0.015304614036515
1.8760000000000	-0.015351340617130
1.8800000000000	-0.015398137053914
1.8840000000000	-0.015445003562518
1.8880000000000	-0.015491940362281
1.8920000000000	-0.015538947676262
1.8960000000000	-0.015586025731346
1.9000000000000	-0.015633174758283
1.9040000000000	-0.015680394991782
1.9080000000000	-0.015727686670565
1.9120000000000	-0.015775050037457
1.9160000000000	-0.015822485339455
1.9200000000000	-0.015869992827801
1.9240000000000	-0.015917572758068
1.9280000000000	-0.015965225390241
1.9320000000000	-0.016012950988796
1.9360000000000	-0.016060749822783
1.9400000000000	-0.016108622165924
1.9440000000000	-0.016156568296681
1.9480000000000	-0.016204588498369
1.9520000000000	-0.016252683059229
1.9560000000000	-0.016300852272536
1.9600000000000	-0.016349096436685
1.9640000000000	-0.016397415855299
1.9680000000000	-0.016445810837322
1.9720000000000	-0.016494281697128
1.9760000000000	-0.016542828754617
1.9800000000000	-0.016591452335336
1.9840000000000	-0.016640152770579
1.9880000000000	-0.016688930397505
1.9920000000000	-0.016737785559246
1.9960000000000	-0.016786718605035
2.0000000000000	-0.016835729890324
2.0040000000000	-0.016884819776899
2.0080000000000	-0.016933988633014
2.0120000000000	-0.016983236833521
2.0160000000000	-0.017032564759996
2.0200000000000	-0.017081972800884
2.0240000000000	-0.017131461351628
2.0280000000000	-0.017181030814813
2.0320000000000	-0.017230681600313
2.0360000000000	-0.017280414125445
2.0400000000000	-0.017330228815110
2.0440000000000	-0.017380126101953
2.0480000000000	-0.017430106426524
2.0520000000000	-0.017480170237450
2.0560000000000	-0.017530317991582
2.0600000000000	-0.017580550154186
2.0640000000000	-0.017630867199102
2.0680000000000	-0.017681269608941
2.0720000000000	-0.017731757875254
2.0760000000000	-0.017782332498733
2.0800000000000	-0.017832993989394
2.0840000000000	-0.017883742866785
2.0880000000000	-0.017934579660180
2.0920000000000	-0.017985504908794
2.0960000000000	-0.018036519161994
2.1000000000000	-0.018087622979519
2.1040000000000	-0.018138816931701
2.1080000000000	-0.018190101599704
2.1120000000000	-0.018241477575744
2.1160000000000	-0.018292945463354
2.1200000000000	-0.018344505877604
2.1240000000000	-0.018396159445387
2.1280000000000	-0.018447906805652
2.1320000000000	-0.018499748609687
2.1360000000000	-0.018551685521396
2.1400000000000	-0.018603718217571
2.1440000000000	-0.018655847388187
2.1480000000000	-0.018708073736704
2.1520000000000	-0.018760397980365
2.1560000000000	-0.018812820850508
2.1600000000000	-0.018865343092894
2.1640000000000	-0.018917965468037
2.1680000000000	-0.018970688751532
2.1720000000000	-0.019023513734422
2.1760000000000	-0.019076441223538
2.1800000000000	-0.019129472041875
2.1840000000000	-0.019182607028970
2.1880000000000	-0.019235847041282
2.1920000000000	-0.019289192952603
2.1960000000000	-0.019342645654451
2.2000000000000	-0.019396206056509
2.2040000000000	-0.019449875087045
2.2080000000000	-0.019503653693359
2.2120000000000	-0.019557542842243
2.2160000000000	-0.019611543520443
2.2200000000000	-0.019665656735157
2.2240000000000	-0.019719883514520
2.2280000000000	-0.019774224908114
2.2320000000000	-0.019828681987503
2.2360000000000	-0.019883255846767
2.2400000000000	-0.019937947603059
2.2440000000000	-0.019992758397188
2.2480000000000	-0.020047689394187
2.2520000000000	-0.020102741783945
2.2560000000000	-0.020157916781811
2.2600000000000	-0.020213215629246
2.2640000000000	-0.020268639594491
2.2680000000000	-0.020324189973235
2.2720000000000	-0.020379868089329
2.2760000000000	-0.020435675295502
2.2800000000000	-0.020491612974112
2.2840000000000	-0.020547682537907
2.2880000000000	-0.020603885430825
2.2920000000000	-0.020660223128802
2.2960000000000	-0.020716697140612
2.3000000000000	-0.020773309008742
2.3040000000000	-0.020830060310275
2.3080000000000	-0.020886952657816
2.3120000000000	-0.020943987700445
2.3160000000000	-0.021001167124688
2.3200000000000	-0.021058492655538
2.3240000000000	-0.021115966057490
2.3280000000000	-0.021173589135616
2.3320000000000	-0.021231363736688
2.3360000000000	-0.021289291750306
2.3400000000000	-0.021347375110095
2.3440000000000	-0.021405615794924
2.3480000000000	-0.021464015830159
2.3520000000000	-0.021522577288978
2.3560000000000	-0.021581302293708
2.3600000000000	-0.021640193017221
2.3640000000000	-0.021699251684367
2.3680000000000	-0.021758480573456
2.3720000000000	-0.021817882017801
2.3760000000000	-0.021877458407294
2.3800000000000	-0.021937212190057
2.3840000000000	-0.021997145874125
2.3880000000000	-0.022057262029212
2.3920000000000	-0.022117563288520
2.3960000000000	-0.022178052350612
2.4000000000000	-0.022238731981364
2.4040000000000	-0.022299605015968
2.4080000000000	-0.022360674361012
2.4120000000000	-0.022421942996639
2.4160000000000	-0.022483413978781
2.4200000000000	-0.022545090441458
2.4240000000000	-0.022606975599179
2.4280000000000	-0.022669072749421
2.4320000000000	-0.022731385275198
2.4360000000000	-0.022793916647726
2.4400000000000	-0.022856670429175
2.4440000000000	-0.022919650275540
2.4480000000000	-0.022982859939607
2.4520000000000	-0.023046303274032
2.4560000000000	-0.023109984234527
2.4600000000000	-0.023173906883187
2.4640000000000	-0.023238075391922
2.4680000000000	-0.023302494046018
2.4720000000000	-0.023367167247867
2.4760000000000	-0.023432099520791
2.4800000000000	-0.023497295513057
2.4840000000000	-0.023562760002016
2.4880000000000	-0.023628497898440
2.4920000000000	-0.023694514250985
2.4960000000000	-0.023760814250866
2.5000000000000	-0.023827403236704
2.5040000000000	-0.023894286699573
2.5080000000000	-0.023961470288228
2.5120000000000	-0.024028959814594
2.5160000000000	-0.024096761259415
2.5200000000000	-0.024164880778186
2.5240000000000	-0.024233324707301
2.5280000000000	-0.024302099570477
2.5320000000000	-0.024371212085414
2.5360000000000	-0.024440669170775
2.5400000000000	-0.024510477953429
2.5440000000000	-0.024580645776011
2.5480000000000	-0.024651180204813
2.5520000000000	-0.024722089038011
2.5560000000000	-0.024793380314237
2.5600000000000	-0.024865062321535
2.5640000000000	-0.024937143606712
2.5680000000000	-0.025009632985092
2.5720000000000	-0.025082539550712
2.5760000000000	-0.025155872686965
2.5800000000000	-0.025229642077728
2.5840000000000	-0.025303857718995
2.5880000000000	-0.025378529931030
2.5920000000000	-0.025453669371087
2.5960000000000	-0.025529287046717
2.6000000000000	-0.025605394329689
2.6040000000000	-0.025682002970559
2.6080000000000	-0.025759125113948
2.6120000000000	-0.025836773314497
2.6160000000000	-0.025914960553644
2.6200000000000	-0.025993700257165
2.6240000000000	-0.026073006313577
2.6280000000000	-0.026152893093448
2.6320000000000	-0.026233375469631
2.6360000000000	-0.026314468838530
2.6400000000000	-0.026396189142403
2.6440000000000	-0.026478552892799
2.6480000000000	-0.026561577195154
2.6520000000000	-0.026645279774680
2.6560000000000	-0.026729679003551
2.6600000000000	-0.026814793929498
2.6640000000000	-0.026900644305901
2.6680000000000	-0.026987250623461
2.6720000000000	-0.027074634143540
2.6760000000000	-0.027162816933270
2.6800000000000	-0.027251821902570
2.6840000000000	-0.027341672843144
2.6880000000000	-0.027432394469608
2.6920000000000	-0.027524012462895
2.6960000000000	-0.027616553516033
2.7000000000000	-0.027710045382521
2.7040000000000	-0.027804516927382
2.7080000000000	-0.027899998181145
2.7120000000000	-0.027996520396924
2.7160000000000	-0.028094116110746
2.7200000000000	-0.028192819205436
2.7240000000000	-0.028292664978228
2.7280000000000	-0.028393690212374
2.7320000000000	-0.028495933253040
2.7360000000000	-0.028599434087760
2.7400000000000	-0.028704234431783
2.7440000000000	-0.028810377818640
2.7480000000000	-0.028917909696312
2.7520000000000	-0.029026877529406
2.7560000000000	-0.029137330907742
2.7600000000000	-0.029249321661847
2.7640000000000	-0.029362903985840
2.7680000000000	-0.029478134568282
2.7720000000000	-0.029595072731552
2.7760000000000	-0.029713780580420
2.7800000000000	-0.029834323160490
2.7840000000000	-0.029956768627313
2.7880000000000	-0.030081188426944
2.7920000000000	-0.030207657488874
2.7960000000000	-0.030336254432326
2.8000000000000	-0.030467061786954
2.8040000000000	-0.030600166229094
2.8080000000000	-0.030735658834914
2.8120000000000	-0.030873635351759
2.8160000000000	-0.031014196489256
2.8200000000000	-0.031157448231851
2.8240000000000	-0.031303502174561
2.8280000000000	-0.031452475883970
2.8320000000000	-0.031604493286644
2.8360000000000	-0.031759685087378
2.8400000000000	-0.031918189219919
2.8440000000000	-0.032080151333106
2.8480000000000	-0.032245725315589
2.8520000000000	-0.032415073862729
2.8560000000000	-0.032588369089565
2.8600000000000	-0.032765793194197
2.8640000000000	-0.032947539176351
2.8680000000000	-0.033133811616472
2.8720000000000	-0.033324827521236
2.8760000000000	-0.033520817242012
2.8800000000000	-0.033722025473585
2.8840000000000	-0.033928712341241
2.8880000000000	-0.034141154585273
2.8920000000000	-0.034359646853019
2.8960000000000	-0.034584503109717
2.9000000000000	-0.034816058180856
2.9040000000000	-0.035054669440204
2.9080000000000	-0.035300718659464
2.9120000000000	-0.035554614037460
2.9160000000000	-0.035816792429077
2.9200000000000	-0.036087721796746
2.9240000000000	-0.036367903910196
2.9280000000000	-0.036657877323654
2.9320000000000	-0.036958220663548
2.9360000000000	-0.037269556264264
2.9400000000000	-0.037592554194682
2.9440000000000	-0.037927936724285
2.9480000000000	-0.038276483284415
2.9520000000000	-0.038639035988512
2.9560000000000	-0.039016505784355
2.9600000000000	-0.039409879322367
2.9640000000000	-0.039820226636748
2.9680000000000	-0.040248709751185
2.9720000000000	-0.040696592338468
2.9760000000000	-0.041165250583949
2.9800000000000	-0.041656185427296
2.9840000000000	-0.042171036385843
2.9880000000000	-0.042711597197165
2.9920000000000	-0.043279833559422
2.9960000000000	-0.043877903296823
3.0000000000000	-0.044508179336047
3.0040000000000	-0.045173275949880
3.0080000000000	-0.045876078809097
3.0120000000000	-0.046619779486436
3.0160000000000	-0.047407915181250
3.0200000000000	-0.048244414585767
3.0240000000000	-0.049133651000155
3.0280000000000	-0.050080504032912
3.0320000000000	-0.051090431505980
3.0360000000000	-0.052169553534945
3.0400000000000	-0.053324751191947
3.0440000000000	-0.054563782706306
3.0480000000000	-0.055895420846618
3.0520000000000	-0.057329615999187
3.0560000000000	-0.058877690565564
3.0600000000000	-0.060552571718844
3.0640000000000	-0.062369071381662
3.0680000000000	-0.064344224649247
3.0720000000000	-0.066497700957412
3.0760000000000	-0.068852306332140
3.0800000000000	-0.071434600393069
3.0840000000000	-0.074275658888597
3.0880000000000	-0.077412022078255
3.0920000000000	-0.080886882188101
3.0960000000000	-0.084751580793306
3.1000000000000	-0.089067511275849
3.1040000000000	-0.093908555309868
3.1080000000000	-0.099364229846844
3.1120000000000	-0.10554378858694
3.1160000000000	-0.11258161892120
3.1200000000000	-0.12064441631912
3.1240000000000	-0.12994082555961
3.1280000000000	-0.14073454718485
3.1320000000000	-0.15336237367691
3.1360000000000	-0.16825933194060
3.1400000000000	-0.18599420972197
3.1440000000000	-0.20732046448135
3.1480000000000	-0.23325022465390
3.1520000000000	-0.26516337696733
3.1560000000000	-0.30497044878852
3.1600000000000	-0.35535821085948
3.1640000000000	-0.42016121777684
3.1680000000000	-0.50491780893282
3.1720000000000	-0.61766703929124
3.1760000000000	-0.76995011021870
3.1800000000000	-0.97754324085906
3.1840000000000	-1.2589160942792
3.1880000000000	-1.6251754386769
3.1920000000000	-2.0486882936979
3.1960000000000	-2.4105973369460
3.2000000000000	-2.5165978513311
3.2040000000000	-2.2909207345540
3.2080000000000	-1.8813823937606
3.2120000000000	-1.4685755994856
3.2160000000000	-1.1323833754433
3.2200000000000	-0.88017917738248
3.2240000000000	-0.69552427237033
3.2280000000000	-0.56014537458982
3.2320000000000	-0.45967757446961
3.2360000000000	-0.38390280368791
3.2400000000000	-0.32576999005263
3.2440000000000	-0.28042915670043
3.2480000000000	-0.24451603009224
3.2520000000000	-0.21566530756869
3.2560000000000	-0.19218831617388
3.2600000000000	-0.17286036886950
3.2640000000000	-0.15677956611428
3.2680000000000	-0.14327196298740
3.2720000000000	-0.13182700744098
3.2760000000000	-0.12205295336242
3.2800000000000	-0.11364562400760
3.2840000000000	-0.10636622088793
3.2880000000000	-0.10002534642335
3.2920000000000	-0.094471353312548
3.2960000000000	-0.089581746302365
3.3000000000000	-0.085256764460954
3.3040000000000	-0.081414539750987
3.3080000000000	-0.077987408038072
3.3120000000000	-0.074919071675812
3.3160000000000	-0.072162397720849
3.3200000000000	-0.069677695124878
3.3240000000000	-0.067431356114103
3.3280000000000	-0.065394776835717
3.3320000000000	-0.063543493876845
3.3360000000000	-0.061856488922958
3.3400000000000	-0.060315625321494
3.3440000000000	-0.058905188831714
3.3480000000000	-0.057611511199962
3.3520000000000	-0.056422659983959
3.3560000000000	-0.055328181677002
3.3600000000000	-0.054318887952429
3.3640000000000	-0.053386676977549
3.3680000000000	-0.052524383393328
3.3720000000000	-0.051725651838183
3.3760000000000	-0.050984829898198
3.3800000000000	-0.050296877156708
3.3840000000000	-0.049657287641961
3.3880000000000	-0.049062023469755
3.3920000000000	-0.048507457876274
3.3960000000000	-0.047990326156344
3.4000000000000	-0.047507683280798
3.4040000000000	-0.047056867176065
3.4080000000000	-0.046635466819602
3.4120000000000	-0.046241294444302
3.4160000000000	-0.045872361259273
3.4200000000000	-0.045526856188726
3.4240000000000	-0.045203127208596
3.4280000000000	-0.044899664925071
3.4320000000000	-0.044615088093106
3.4360000000000	-0.044348130817821
3.4400000000000	-0.044097631219399
3.4440000000000	-0.043862521373617
3.4480000000000	-0.043641818366877
3.4520000000000	-0.043434616327078
3.4560000000000	-0.043240079310721
3.4600000000000	-0.043057434942917
3.4640000000000	-0.042885968720723
3.4680000000000	-0.042725018902015
3.4720000000000	-0.042573971912267
3.4760000000000	-0.042432258210193
3.4800000000000	-0.042299348560678
3.4840000000000	-0.042174750669895
3.4880000000000	-0.042058006142950
3.4920000000000	-0.041948687729299
3.4960000000000	-0.041846396825275
3.5000000000000	-0.041750761206697
3.5040000000000	-0.041661432967718
3.5080000000000	-0.041578086644741
3.5120000000000	-0.041500417506722
3.5160000000000	-0.041428139995200
3.5200000000000	-0.041360986299302
3.5240000000000	-0.041298705052546
3.5280000000000	-0.041241060139710
3.5320000000000	-0.041187829603287
3.5360000000000	-0.041138804640140
3.5400000000000	-0.041093788680005
3.5440000000000	-0.041052596538250
3.5480000000000	-0.041015053636196
3.5520000000000	-0.040980995282894
3.5560000000000	-0.040950266012899
3.5600000000000	-0.040922718975096
3.5640000000000	-0.040898215368174
3.5680000000000	-0.040876623918698
3.5720000000000	-0.040857820398145
3.5760000000000	-0.040841687175664
3.5800000000000	-0.040828112803513
3.5840000000000	-0.040816991632531
3.5880000000000	-0.040808223455159
3.5920000000000	-0.040801713173788
3.5960000000000	-0.040797370492406
3.6000000000000	-0.040795109629688
3.6040000000000	-0.040794849051853
3.6080000000000	-0.040796511223743
3.6120000000000	-0.040800022376725
3.6160000000000	-0.040805312292117
3.6200000000000	-0.040812314098991
3.6240000000000	-0.040820964085248
3.6280000000000	-0.040831201520984
3.6320000000000	-0.040842968493265
3.6360000000000	-0.040856209751449
3.6400000000000	-0.040870872562321
3.6440000000000	-0.040886906574301
3.6480000000000	-0.040904263690123
3.6520000000000	-0.040922897947368
3.6560000000000	-0.040942765406288
3.6600000000000	-0.040963824044452
3.6640000000000	-0.040986033657715
3.6680000000000	-0.041009355767097
3.6720000000000	-0.041033753531161
3.6760000000000	-0.041059191663535
3.6800000000000	-0.041085636355237
3.6840000000000	-0.041113055201463
3.6880000000000	-0.041141417132583
3.6920000000000	-0.041170692349037
3.6960000000000	-0.041200852259918
3.7000000000000	-0.041231869424963
3.7040000000000	-0.041263717499784
3.7080000000000	-0.041296371184083
3.7120000000000	-0.041329806172725
3.7160000000000	-0.041363999109442
3.7200000000000	-0.041398927543024
3.7240000000000	-0.041434569885862
3.7280000000000	-0.041470905374673
3.7320000000000	-0.041507914033302
3.7360000000000	-0.041545576637449
3.7400000000000	-0.041583874681237
3.7440000000000	-0.041622790345494
3.7480000000000	-0.041662306467660
3.7520000000000	-0.041702406513211
3.7560000000000	-0.041743074548521
3.7600000000000	-0.041784295215092
3.7640000000000	-0.041826053705059
3.7680000000000	-0.041868335737886
3.7720000000000	-0.041911127538231
3.7760000000000	-0.041954415814869
3.7800000000000	-0.041998187740630
3.7840000000000	-0.042042430933317
3.7880000000000	-0.042087133437513
3.7920000000000	-0.042132283707265
3.7960000000000	-0.042177870589573
3.8000000000000	-0.042223883308653
3.8040000000000	-0.042270311450932
3.8080000000000	-0.042317144950733
3.8120000000000	-0.042364374076615
3.8160000000000	-0.042411989418338
3.8200000000000	-0.042459981874419
3.8240000000000	-0.042508342640238
3.8280000000000	-0.042557063196683
3.8320000000000	-0.042606135299303
3.8360000000000	-0.042655550967934
3.8400000000000	-0.042705302476771
3.8440000000000	-0.042755382344899
3.8480000000000	-0.042805783327197
3.8520000000000	-0.042856498405679
3.8560000000000	-0.042907520781157
3.8600000000000	-0.042958843865305
3.8640000000000	-0.043010461273011
3.8680000000000	-0.043062366815107
3.8720000000000	-0.043114554491350
3.8760000000000	-0.043167018483724
3.8800000000000	-0.043219753150018
3.8840000000000	-0.043272753017654
3.8880000000000	-0.043326012777785
3.8920000000000	-0.043379527279607
3.8960000000000	-0.043433291524943
3.9000000000000	-0.043487300662997
3.9040000000000	-0.043541549985352
3.9080000000000	-0.043596034921148
3.9120000000000	-0.043650751032467
3.9160000000000	-0.043705694009882
3.9200000000000	-0.043760859668194
3.9240000000000	-0.043816243942321
3.9280000000000	-0.043871842883370
3.9320000000000	-0.043927652654826
3.9360000000000	-0.043983669528925
3.9400000000000	-0.044039889883129
3.9440000000000	-0.044096310196764
3.9480000000000	-0.044152927047769
3.9520000000000	-0.044209737109568
3.9560000000000	-0.044266737148065
3.9600000000000	-0.044323924018748
3.9640000000000	-0.044381294663898
3.9680000000000	-0.044438846109901
3.9720000000000	-0.044496575464663
3.9760000000000	-0.044554479915116
3.9800000000000	-0.044612556724807
3.9840000000000	-0.044670803231591
3.9880000000000	-0.044729216845398
3.9920000000000	-0.044787795046068
3.9960000000000	-0.044846535381288
4.0000000000000	-0.044905435464578
4.0040000000000	-0.044964492973366
4.0080000000000	-0.045023705647123
4.0120000000000	-0.045083071285557
4.0160000000000	-0.045142587746880
4.0200000000000	-0.045202252946141
4.0240000000000	-0.045262064853590
4.0280000000000	-0.045322021493126
4.0320000000000	-0.045382120940791
4.0360000000000	-0.045442361323301
4.0400000000000	-0.045502740816649
4.0440000000000	-0.045563257644731
4.0480000000000	-0.045623910078047
4.0520000000000	-0.045684696432416
4.0560000000000	-0.045745615067764
4.0600000000000	-0.045806664386911
4.0640000000000	-0.045867842834449
4.0680000000000	-0.045929148895622
4.0720000000000	-0.045990581095247
4.0760000000000	-0.046052137996682
4.0800000000000	-0.046113818200823
4.0840000000000	-0.046175620345126
4.0880000000000	-0.046237543102670
4.0920000000000	-0.046299585181252
4.0960000000000	-0.046361745322500
4.1000000000000	-0.046424022301025
4.1040000000000	-0.046486414923588
4.1080000000000	-0.046548922028317
4.1120000000000	-0.046611542483921
4.1160000000000	-0.046674275188944
4.1200000000000	-0.046737119071049
4.1240000000000	-0.046800073086300
4.1280000000000	-0.046863136218498
4.1320000000000	-0.046926307478515
4.1360000000000	-0.046989585903656
4.1400000000000	-0.047052970557041
4.1440000000000	-0.047116460527016
4.1480000000000	-0.047180054926554
4.1520000000000	-0.047243752892711
4.1560000000000	-0.047307553586073
4.1600000000000	-0.047371456190230
4.1640000000000	-0.047435459911264
4.1680000000000	-0.047499563977255
4.1720000000000	-0.047563767637799
4.1760000000000	-0.047628070163541
4.1800000000000	-0.047692470845729
4.1840000000000	-0.047756968995771
4.1880000000000	-0.047821563944813
4.1920000000000	-0.047886255043328
4.1960000000000	-0.047951041660714
4.2000000000000	-0.048015923184919
4.2040000000000	-0.048080899022050
4.2080000000000	-0.048145968596019
4.2120000000000	-0.048211131348197
4.2160000000000	-0.048276386737053
4.2200000000000	-0.048341734237852
4.2240000000000	-0.048407173342298
4.2280000000000	-0.048472703558261
4.2320000000000	-0.048538324409444
4.2360000000000	-0.048604035435113
4.2400000000000	-0.048669836189796
4.2440000000000	-0.048735726243021
4.2480000000000	-0.048801705179052
4.2520000000000	-0.048867772596612
4.2560000000000	-0.048933928108652
4.2600000000000	-0.049000171342108
4.2640000000000	-0.049066501937646
4.2680000000000	-0.049132919549463
4.2720000000000	-0.049199423845042
4.2760000000000	-0.049266014504956
4.2800000000000	-0.049332691222652
4.2840000000000	-0.049399453704250
4.2880000000000	-0.049466301668357
4.2920000000000	-0.049533234845867
4.2960000000000	-0.049600252979798
4.3000000000000	-0.049667355825092
4.3040000000000	-0.049734543148470
4.3080000000000	-0.049801814728241
4.3120000000000	-0.049869170354168
4.3160000000000	-0.049936609827302
4.3200000000000	-0.050004132959826
4.3240000000000	-0.050071739574929
4.3280000000000	-0.050139429506652
4.3320000000000	-0.050207202599758
4.3360000000000	-0.050275058709611
4.3400000000000	-0.050342997702036
4.3440000000000	-0.050411019453211
4.3480000000000	-0.050479123849545
4.3520000000000	-0.050547310787572
4.3560000000000	-0.050615580173832
4.3600000000000	-0.050683931924769
4.3640000000000	-0.050752365966656
4.3680000000000	-0.050820882235454
4.3720000000000	-0.050889480676765
4.3760000000000	-0.050958161245712
4.3800000000000	-0.051026923906863
4.3840000000000	-0.051095768634164
4.3880000000000	-0.051164695410836
4.3920000000000	-0.051233704229318
4.3960000000000	-0.051302795091193
4.4000000000000	-0.051371968007114
4.4040000000000	-0.051441222996745
4.4080000000000	-0.051510560088697
4.4120000000000	-0.051579979320470
4.4160000000000	-0.051649480738392
4.4200000000000	-0.051719064397580
4.4240000000000	-0.051788730361872
4.4280000000000	-0.051858478703796
4.4320000000000	-0.051928309504519
4.4360000000000	-0.051998222853802
4.4400000000000	-0.052068218849964
4.4440000000000	-0.052138297599854
4.4480000000000	-0.052208459218806
4.4520000000000	-0.052278703830613
4.4560000000000	-0.052349031567496
4.4600000000000	-0.052419442570091
4.4640000000000	-0.052489936987400
4.4680000000000	-0.052560514976799
4.4720000000000	-0.052631176703997
4.4760000000000	-0.052701922343037
4.4800000000000	-0.052772752076271
4.4840000000000	-0.052843666094346
4.4880000000000	-0.052914664596209
4.4920000000000	-0.052985747789087
4.4960000000000	-0.053056915888489
4.5000000000000	-0.053128169118201
4.5040000000000	-0.053199507710288
4.5080000000000	-0.053270931905090
4.5120000000000	-0.053342441951233
4.5160000000000	-0.053414038105636
4.5200000000000	-0.053485720633511
4.5240000000000	-0.053557489808384
4.5280000000000	-0.053629345912093
4.5320000000000	-0.053701289234818
4.5360000000000	-0.053773320075094
4.5400000000000	-0.053845438739817
4.5440000000000	-0.053917645544285
4.5480000000000	-0.053989940812203
4.5520000000000	-0.054062324875718
4.5560000000000	-0.054134798075443
4.5600000000000	-0.054207360760482
4.5640000000000	-0.054280013288475
4.5680000000000	-0.054352756025605
4.5720000000000	-0.054425589346656
4.5760000000000	-0.054498513635044
4.5800000000000	-0.054571529282845
4.5840000000000	-0.054644636690854
4.5880000000000	-0.054717836268607
4.5920000000000	-0.054791128434441
4.5960000000000	-0.054864513615539
4.6000000000000	-0.054937992247972
4.6040000000000	-0.055011564776744
4.6080000000000	-0.055085231655870
4.6120000000000	-0.055158993348395
4.6160000000000	-0.055232850326490
4.6200000000000	-0.055306803071465
4.6240000000000	-0.055380852073872
4.6280000000000	-0.055454997833544
4.6320000000000	-0.055529240859663
4.6360000000000	-0.055603581670827
4.6400000000000	-0.055678020795123
4.6440000000000	-0.055752558770192
4.6480000000000	-0.055827196143301
4.6520000000000	-0.055901933471425
4.6560000000000	-0.055976771321320
4.6600000000000	-0.056051710269592
4.6640000000000	-0.056126750902794
4.6680000000000	-0.056201893817494
4.6720000000000	-0.056277139620378
4.6760000000000	-0.056352488928323
4.6800000000000	-0.056427942368482
4.6840000000000	-0.056503500578396
4.6880000000000	-0.056579164206064
4.6920000000000	-0.056654933910056
4.6960000000000	-0.056730810359612
4.7000000000000	-0.056806794234723
4.7040000000000	-0.056882886226257
4.7080000000000	-0.056959087036045
4.7120000000000	-0.057035397377007
4.7160000000000	-0.057111817973247
4.7200000000000	-0.057188349560172
4.7240000000000	-0.057264992884595
4.7280000000000	-0.057341748704877
4.7320000000000	-0.057418617791023
4.7360000000000	-0.057495600924805
4.7400000000000	-0.057572698899901
4.7440000000000	-0.057649912522017
4.7480000000000	-0.057727242609001
4.7520000000000	-0.057804689990998
4.7560000000000	-0.057882255510566
4.7600000000000	-0.057959940022825
4.7640000000000	-0.058037744395596
4.7680000000000	-0.058115669509536
4.7720000000000	-0.058193716258287
4.7760000000000	-0.058271885548630
4.7800000000000	-0.058350178300625
4.7840000000000	-0.058428595447783
4.7880000000000	-0.058507137937201
4.7920000000000	-0.058585806729736
4.7960000000000	-0.058664602800168
4.8000000000000	-0.058743527137357
4.8040000000000	-0.058822580744423
4.8080000000000	-0.058901764638905
4.8120000000000	-0.058981079852956
4.8160000000000	-0.059060527433496
4.8200000000000	-0.059140108442422
4.8240000000000	-0.059219823956770
4.8280000000000	-0.059299675068911
4.8320000000000	-0.059379662886751
4.8360000000000	-0.059459788533920
4.8400000000000	-0.059540053149965
4.8440000000000	-0.059620457890570
4.8480000000000	-0.059701003927741
4.8520000000000	-0.059781692450027
4.8560000000000	-0.059862524662748
4.8600000000000	-0.059943501788182
4.8640000000000	-0.060024625065812
4.8680000000000	-0.060105895752534
4.8720000000000	-0.060187315122911
4.8760000000000	-0.060268884469373
4.8800000000000	-0.060350605102484
4.8840000000000	-0.060432478351173
4.8880000000000	-0.060514505562976
4.8920000000000	-0.060596688104294
4.8960000000000	-0.060679027360649
4.9000000000000	-0.060761524736935
4.9040000000000	-0.060844181657690
4.9080000000000	-0.060926999567372
4.9120000000000	-0.061009979930607
4.9160000000000	-0.061093124232508
4.9200000000000	-0.061176433978918
4.9240000000000	-0.061259910696721
4.9280000000000	-0.061343555934143
4.9320000000000	-0.061427371261029
4.9360000000000	-0.061511358269163
4.9400000000000	-0.061595518572577
4.9440000000000	-0.061679853807860
4.9480000000000	-0.061764365634483
4.9520000000000	-0.061849055735131
4.9560000000000	-0.061933925816023
4.9600000000000	-0.062018977607264
4.9640000000000	-0.062104212863181
4.9680000000000	-0.062189633362680
4.9720000000000	-0.062275240909594
4.9760000000000	-0.062361037333060
4.9800000000000	-0.062447024487875
4.9840000000000	-0.062533204254883
4.9880000000000	-0.062619578541356
4.9920000000000	-0.062706149281378
4.9960000000000	-0.062792918436247
5.0000000000000	-0.062879887994889
#Parameters = {D_center=12; L1=19.68; L2=5; L3=2; L4=15; L_diff=2.83; L_sub=53.66; W_50=1.36; W_sub=53.66; Z_mid=26.83; cm=0.3; ct=12; g_slot=0.8; h1=2; h2=2; h3=2; h4=2; h_sub=0.4; hole_puncher=0.87365; hole_puncher1=0.9; margin=1.92; needle_radius=0.635; nutrient_solution=0.01; pipe_OD=50; pipe_Ri=8; pipe_Ro=10; r_SRR=24; r_SRR_in=21.6; sigma_fluid=0.5; spacing=0.4; t_PDMS_microstrip=0.35; t_SRR=0.07; t_gnd=0.07; t_metal=0.5; t_microstrip=0.07; t_wall=2; w_channel=2; w_diff=2.83}
#"Frequency / GHz"	"S1,1 (10) [Magnitude / dB]"
#----------------------------------------------
1.0000000000000	-0.0066195736775721
1.0040000000000	-0.0066475515998911
1.0080000000000	-0.0066756146955579
1.0120000000000	-0.0067037630662450
1.0160000000000	-0.0067319968147104
1.0200000000000	-0.0067603160447970
1.0240000000000	-0.0067887208614612
1.0280000000000	-0.0068172113707810
1.0320000000000	-0.0068457876799742
1.0360000000000	-0.0068744498974130
1.0400000000000	-0.0069031981326422
1.0440000000000	-0.0069320324963968
1.0480000000000	-0.0069609531006115
1.0520000000000	-0.0069899600584536
1.0560000000000	-0.0070190534843194
1.0600000000000	-0.0070482334938695
1.0640000000000	-0.0070775002040378
1.0680000000000	-0.0071068537330529
1.0720000000000	-0.0071362942004552
1.0760000000000	-0.0071658217271155
1.0800000000000	-0.0071954364352578
1.0840000000000	-0.0072251384484706
1.0880000000000	-0.0072549278917394
1.0920000000000	-0.0072848048914512
1.0960000000000	-0.0073147695754290
1.1000000000000	-0.0073448220729422
1.1040000000000	-0.0073749625147381
1.1080000000000	-0.0074051910330501
1.1120000000000	-0.0074355077616308
1.1160000000000	-0.0074659128357684
1.1200000000000	-0.0074964063923130
1.1240000000000	-0.0075269885696963
1.1280000000000	-0.0075576595079546
1.1320000000000	-0.0075884193487537
1.1360000000000	-0.0076192682354152
1.1400000000000	-0.0076502063129335
1.1440000000000	-0.0076812337280141
1.1480000000000	-0.0077123506290826
1.1520000000000	-0.0077435571663231
1.1560000000000	-0.0077748534916950
1.1600000000000	-0.0078062397589672
1.1640000000000	-0.0078377161237460
1.1680000000000	-0.0078692827434907
1.1720000000000	-0.0079009397775512
1.1760000000000	-0.0079326873871969
1.1800000000000	-0.0079645257356460
1.1840000000000	-0.0079964549880837
1.1880000000000	-0.0080284753117104
1.1920000000000	-0.0080605868757528
1.1960000000000	-0.0080927898515115
1.2000000000000	-0.0081250844123822
1.2040000000000	-0.0081574707338897
1.2080000000000	-0.0081899489937224
1.2120000000000	-0.0082225193717676
1.2160000000000	-0.0082551820501379
1.2200000000000	-0.0082879372132124
1.2240000000000	-0.0083207850476674
1.2280000000000	-0.0083537257425151
1.2320000000000	-0.0083867594891355
1.2360000000000	-0.0084198864813200
1.2400000000000	-0.0084531069153012
1.2440000000000	-0.0084864209897995
1.2480000000000	-0.0085198289060462
1.2520000000000	-0.0085533308678484
1.2560000000000	-0.0085869270816032
1.2600000000000	-0.0086206177563572
1.2640000000000	-0.0086544031038332
1.2680000000000	-0.0086882833384909
1.2720000000000	-0.0087222586775500
1.2760000000000	-0.0087563293410482
1.2800000000000	-0.0087904955518834
1.2840000000000	-0.0088247575358521
1.2880000000000	-0.0088591155217058
1.2920000000000	-0.0088935697411930
1.2960000000000	-0.0089281204291063
1.3000000000000	-0.0089627678233379
1.3040000000000	-0.0089975121649157
1.3080000000000	-0.0090323536980739
1.3120000000000	-0.0090672926702903
1.3160000000000	-0.0091023293323384
1.3200000000000	-0.0091374639383541
1.3240000000000	-0.0091726967458770
1.3280000000000	-0.0092080280159141
1.3320000000000	-0.0092434580129937
1.3360000000000	-0.0092789870052255
1.3400000000000	-0.0093146152643550
1.3440000000000	-0.0093503430658298
1.3480000000000	-0.0093861706888569
1.3520000000000	-0.0094220984164675
1.3560000000000	-0.0094581265355790
1.3600000000000	-0.0094942553370574
1.3640000000000	-0.0095304851157970
1.3680000000000	-0.0095668161707670
1.3720000000000	-0.0096032488050950
1.3760000000000	-0.0096397833261372
1.3800000000000	-0.0096764200455390
1.3840000000000	-0.0097131592793204
1.3880000000000	-0.0097500013479443
1.3920000000000	-0.0097869465763933
1.3960000000000	-0.0098239952942436
1.4000000000000	-0.0098611478357508
1.4040000000000	-0.0098984045399269
1.4080000000000	-0.0099357657506213
1.4120000000000	-0.0099732318166055
1.4160000000000	-0.010010803091660
1.4200000000000	-0.010048479934655
1.4240000000000	-0.010086262709656
1.4280000000000	-0.010124151785987
1.4320000000000	-0.010162147538353
1.4360000000000	-0.010200250346913
1.4400000000000	-0.010238460597386
1.4440000000000	-0.010276778681146
1.4480000000000	-0.010315204995322
1.4520000000000	-0.010353739942908
1.4560000000000	-0.010392383932854
1.4600000000000	-0.010431137380188
1.4640000000000	-0.010470000706109
1.4680000000000	-0.010508974338112
1.4720000000000	-0.010548058710095
1.4760000000000	-0.010587254262475
1.4800000000000	-0.010626561442306
1.4840000000000	-0.010665980703410
1.4880000000000	-0.010705512506478
1.4920000000000	-0.010745157319220
1.4960000000000	-0.010784915616481
1.5000000000000	-0.010824787880373
1.5040000000000	-0.010864774600417
1.5080000000000	-0.010904876273668
1.5120000000000	-0.010945093404871
1.5160000000000	-0.010985426506587
1.5200000000000	-0.011025876099351
1.5240000000000	-0.011066442711823
1.5280000000000	-0.011107126880927
1.5320000000000	-0.011147929152029
1.5360000000000	-0.011188850079075
1.5400000000000	-0.011229890224764
1.5440000000000	-0.011271050160721
1.5480000000000	-0.011312330467657
1.5520000000000	-0.011353731735547
1.5560000000000	-0.011395254563812
1.5600000000000	-0.011436899561494
1.5640000000000	-0.011478667347452
1.5680000000000	-0.011520558550541
1.5720000000000	-0.011562573809817
1.5760000000000	-0.011604713774734
1.5800000000000	-0.011646979105343
1.5840000000000	-0.011689370472509
1.5880000000000	-0.011731888558116
1.5920000000000	-0.011774534055290
1.5960000000000	-0.011817307668622
1.6000000000000	-0.011860210114398
1.6040000000000	-0.011903242120831
1.6080000000000	-0.011946404428297
1.6120000000000	-0.011989697789592
1.6160000000000	-0.012033122970165
1.6200000000000	-0.012076680748392
1.6240000000000	-0.012120371915831
1.6280000000000	-0.012164197277491
1.6320000000000	-0.012208157652106
1.6360000000000	-0.012252253872422
1.6400000000000	-0.012296486785487
1.6440000000000	-0.012340857252939
1.6480000000000	-0.012385366151315
1.6520000000000	-0.012430014372365
1.6560000000000	-0.012474802823361
1.6600000000000	-0.012519732427432
1.6640000000000	-0.012564804123889
1.6680000000000	-0.012610018868579
1.6720000000000	-0.012655377634223
1.6760000000000	-0.012700881410783
1.6800000000000	-0.012746531205834
1.6840000000000	-0.012792328044929
1.6880000000000	-0.012838272971999
1.6920000000000	-0.012884367049744
1.6960000000000	-0.012930611360041
1.7000000000000	-0.012977007004358
1.7040000000000	-0.013023555104193
1.7080000000000	-0.013070256801494
1.7120000000000	-0.013117113259132
1.7160000000000	-0.013164125661343
1.7200000000000	-0.013211295214218
1.7240000000000	-0.013258623146174
1.7280000000000	-0.013306110708466
1.7320000000000	-0.013353759175691
1.7360000000000	-0.013401569846319
1.7400000000000	-0.013449544043226
1.7440000000000	-0.013497683114253
1.7480000000000	-0.013545988432773
1.7520000000000	-0.013594461398271
1.7560000000000	-0.013643103436953
1.7600000000000	-0.013691916002347
1.7640000000000	-0.013740900575947
1.7680000000000	-0.013790058667859
1.7720000000000	-0.013839391817465
1.7760000000000	-0.013888901594113
1.7800000000000	-0.013938589597815
1.7840000000000	-0.013988457459972
1.7880000000000	-0.014038506844129
1.7920000000000	-0.014088739446718
1.7960000000000	-0.014139156997859
1.8000000000000	-0.014189761262167
1.8040000000000	-0.014240554039573
1.8080000000000	-0.014291537166187
1.8120000000000	-0.014342712515172
1.8160000000000	-0.014394081997648
1.8200000000000	-0.014445647563617
1.8240000000000	-0.014497411202928
1.8280000000000	-0.014549374946248
1.8320000000000	-0.014601540866086
1.8360000000000	-0.014653911077824
1.8400000000000	-0.014706487740794
1.8440000000000	-0.014759273059380
1.8480000000000	-0.014812269284154
1.8520000000000	-0.014865478713048
1.8560000000000	-0.014918903692548
1.8600000000000	-0.014972546618946
1.8640000000000	-0.015026409939614
1.8680000000000	-0.015080496154312
1.8720000000000	-0.015134807816560
1.8760000000000	-0.015189347535015
1.8800000000000	-0.015244117974926
1.8840000000000	-0.015299121859607
1.8880000000000	-0.015354361971983
1.8920000000000	-0.015409841156143
1.8960000000000	-0.015465562318987
1.9000000000000	-0.015521528431890
1.9040000000000	-0.015577742532435
1.9080000000000	-0.015634207726204
1.9120000000000	-0.015690927188605
1.9160000000000	-0.015747904166783
1.9200000000000	-0.015805141981573
1.9240000000000	-0.015862644029522
1.9280000000000	-0.015920413784982
1.9320000000000	-0.015978454802267
1.9360000000000	-0.016036770717870
1.9400000000000	-0.016095365252765
1.9440000000000	-0.016154242214793
1.9480000000000	-0.016213405501095
1.9520000000000	-0.016272859100665
1.9560000000000	-0.016332607096957
1.9600000000000	-0.016392653670593
1.9640000000000	-0.016453003102173
1.9680000000000	-0.016513659775150
1.9720000000000	-0.016574628178839
1.9760000000000	-0.016635912911492
1.9800000000000	-0.016697518683514
1.9840000000000	-0.016759450320770
1.9880000000000	-0.016821712768004
1.9920000000000	-0.016884311092389
1.9960000000000	-0.016947250487200
2.0000000000000	-0.017010536275607
2.0040000000000	-0.017074173914608
2.0080000000000	-0.017138168999112
2.0120000000000	-0.017202527266145
2.0160000000000	-0.017267254599239
2.0200000000000	-0.017332357032940
2.0240000000000	-0.017397840757525
2.0280000000000	-0.017463712123851
2.0320000000000	-0.017529977648412
2.0360000000000	-0.017596644018563
2.0400000000000	-0.017663718097950
2.0440000000000	-0.017731206932142
2.0480000000000	-0.017799117754459
2.0520000000000	-0.017867457992055
2.0560000000000	-0.017936235272187
2.0600000000000	-0.018005457428760
2.0640000000000	-0.018075132509107
2.0680000000000	-0.018145268781035
2.0720000000000	-0.018215874740138
2.0760000000000	-0.018286959117410
2.0800000000000	-0.018358530887138
2.0840000000000	-0.018430599275125
2.0880000000000	-0.018503173767232
2.0920000000000	-0.018576264118260
2.0960000000000	-0.018649880361184
2.1000000000000	-0.018724032816777
2.1040000000000	-0.018798732103611
2.1080000000000	-0.018873989148478
2.1120000000000	-0.018949815197215
2.1160000000000	-0.019026221826023
2.1200000000000	-0.019103220953210
2.1240000000000	-0.019180824851455
2.1280000000000	-0.019259046160581
2.1320000000000	-0.019337897900870
2.1360000000000	-0.019417393486947
2.1400000000000	-0.019497546742256
2.1440000000000	-0.019578371914171
2.1480000000000	-0.019659883689759
2.1520000000000	-0.019742097212229
2.1560000000000	-0.019825028098114
2.1600000000000	-0.019908692455210
2.1640000000000	-0.019993106901315
2.1680000000000	-0.020078288583810
2.1720000000000	-0.020164255200132
2.1760000000000	-0.020251025019168
2.1800000000000	-0.020338616903632
2.1840000000000	-0.020427050333482
2.1880000000000	-0.020516345430415
2.1920000000000	-0.020606522983506
2.1960000000000	-0.020697604476060
2.2000000000000	-0.020789612113739
2.2040000000000	-0.020882568854013
2.2080000000000	-0.020976498437051
2.2120000000000	-0.021071425418080
2.2160000000000	-0.021167375201343
2.2200000000000	-0.021264374075705
2.2240000000000	-0.021362449252033
2.2280000000000	-0.021461628902420
2.2320000000000	-0.021561942201397
2.2360000000000	-0.021663419369199
2.2400000000000	-0.021766091717251
2.2440000000000	-0.021869991695971
2.2480000000000	-0.021975152945057
2.2520000000000	-0.022081610346379
2.2560000000000	-0.022189400079622
2.2600000000000	-0.022298559680912
2.2640000000000	-0.022409128104519
2.2680000000000	-0.022521145787883
2.2720000000000	-0.022634654720158
2.2760000000000	-0.022749698514486
2.2800000000000	-0.022866322484221
2.2840000000000	-0.022984573723391
2.2880000000000	-0.023104501191638
2.2920000000000	-0.023226155803922
2.2960000000000	-0.023349590525325
2.3000000000000	-0.023474860471264
2.3040000000000	-0.023602023013465
2.3080000000000	-0.023731137892116
2.3120000000000	-0.023862267334566
2.3160000000000	-0.023995476181049
2.3200000000000	-0.024130832017901
2.3240000000000	-0.024268405318759
2.3280000000000	-0.024408269594354
2.3320000000000	-0.024550501551428
2.3360000000000	-0.024695181261480
2.3400000000000	-0.024842392339994
2.3440000000000	-0.024992222136947
2.3480000000000	-0.025144761939354
2.3520000000000	-0.025300107186794
2.3560000000000	-0.025458357700844
2.3600000000000	-0.025619617929437
2.3640000000000	-0.025783997207309
2.3680000000000	-0.025951610033732
2.3720000000000	-0.026122576368847
2.3760000000000	-0.026297021950068
2.3800000000000	-0.026475078630081
2.3840000000000	-0.026656884738189
2.3880000000000	-0.026842585466828
2.3920000000000	-0.027032333285286
2.3960000000000	-0.027226288382847
2.4000000000000	-0.027424619143770
2.4040000000000	-0.027627502656732
2.4080000000000	-0.027835125261642
2.4120000000000	-0.028047683136981
2.4160000000000	-0.028265382931132
2.4200000000000	-0.028488442441521
2.4240000000000	-0.028717091345725
2.4280000000000	-0.028951571989182
2.4320000000000	-0.029192140234508
2.4360000000000	-0.029439066378048
2.4400000000000	-0.029692636139745
2.4440000000000	-0.029953151733187
2.4480000000000	-0.030220933023234
2.4520000000000	-0.030496318779596
2.4560000000000	-0.030779668035507
2.4600000000000	-0.031071361561696
2.4640000000000	-0.031371803466937
2.4680000000000	-0.031681422937784
2.4720000000000	-0.032000676131448
2.4760000000000	-0.032330048237416
2.4800000000000	-0.032670055725193
2.4840000000000	-0.033021248797618
2.4880000000000	-0.033384214071467
2.4920000000000	-0.033759577509702
2.4960000000000	-0.034148007632719
2.5000000000000	-0.034550219039233
2.5040000000000	-0.034966976271411
2.5080000000000	-0.035399098063139
2.5120000000000	-0.035847462015366
2.5160000000000	-0.036313009748243
2.5200000000000	-0.036796752586257
2.5240000000000	-0.037299777840227
2.5280000000000	-0.037823255758639
2.5320000000000	-0.038368447230927
2.5360000000000	-0.038936712336764
2.5400000000000	-0.039529519849018
2.5440000000000	-0.040148457813485
2.5480000000000	-0.040795245346675
2.5520000000000	-0.041471745814053
2.5560000000000	-0.042179981575782
2.5600000000000	-0.042922150515922
2.5640000000000	-0.043700644604900
2.5680000000000	-0.044518070785021
2.5720000000000	-0.045377274515748
2.5760000000000	-0.046281366371212
2.5800000000000	-0.047233752148377
2.5840000000000	-0.048238167022747
2.5880000000000	-0.049298714382126
2.5920000000000	-0.050419910080917
2.5960000000000	-0.051606732991728
2.6000000000000	-0.052864682892786
2.6040000000000	-0.054199846924807
2.6080000000000	-0.055618976087493
2.6120000000000	-0.057129573533304
2.6160000000000	-0.058739996766762
2.6200000000000	-0.060459576286967
2.6240000000000	-0.062298753738520
2.6280000000000	-0.064269243286914
2.6320000000000	-0.066384220740519
2.6360000000000	-0.068658545943520
2.6400000000000	-0.071109025215659
2.6440000000000	-0.073754722184025
2.6480000000000	-0.076617327328403
2.6520000000000	-0.079721599061752
2.6560000000000	-0.083095892343984
2.6600000000000	-0.086772794881553
2.6640000000000	-0.090789896163825
2.6680000000000	-0.095190721281979
2.6720000000000	-0.10002587013654
2.6760000000000	-0.10535441388919
2.6800000000000	-0.11124561518566
2.6840000000000	-0.11778105787509
2.6880000000000	-0.12505729714659
2.6920000000000	-0.13318917412602
2.6960000000000	-0.14231398253453
2.7000000000000	-0.15259673218069
2.7040000000000	-0.16423682869470
2.7080000000000	-0.17747658530729
2.7120000000000	-0.19261210452814
2.7160000000000	-0.21000721663352
2.7200000000000	-0.23011133166229
2.7240000000000	-0.25348222706897
2.7280000000000	-0.28081488645651
2.7320000000000	-0.31297736519991
2.7360000000000	-0.35105393016935
2.7400000000000	-0.39639364766957
2.7440000000000	-0.45065763291945
2.7480000000000	-0.51584731486658
2.7520000000000	-0.59427384720178
2.7560000000000	-0.68838660924550
2.7600000000000	-0.80030746296193
2.7640000000000	-0.93082311947572
2.7680000000000	-1.0775431439642
2.7720000000000	-1.2321810984522
2.7760000000000	-1.3779284097886
2.7800000000000	-1.4897934251281
2.7840000000000	-1.5415886550962
2.7880000000000	-1.5186794771635
2.7920000000000	-1.4270491131004
2.7960000000000	-1.2895757372530
2.8000000000000	-1.1333713033240
2.8040000000000	-0.97944393401107
2.8080000000000	-0.83967330519363
2.8120000000000	-0.71862135849669
2.8160000000000	-0.61649549314413
2.8200000000000	-0.53146218699053
2.8240000000000	-0.46101744789330
2.8280000000000	-0.40266395387870
2.8320000000000	-0.35418698345834
2.8360000000000	-0.31372914405614
2.8400000000000	-0.27977641312321
2.8440000000000	-0.25111199953187
2.8480000000000	-0.22676387449587
2.8520000000000	-0.20595647697888
2.8560000000000	-0.18806993814995
2.8600000000000	-0.17260708464726
2.8640000000000	-0.15916731970733
2.8680000000000	-0.14742617859070
2.8720000000000	-0.13711940327960
2.8760000000000	-0.12803054996698
2.8800000000000	-0.11998133197080
2.8840000000000	-0.11282407197029
2.8880000000000	-0.10643577955242
2.8920000000000	-0.10071348288694
2.8960000000000	-0.095570530839169
2.9000000000000	-0.090933648798414
2.9040000000000	-0.086740582419898
2.9080000000000	-0.082938202090438
2.9120000000000	-0.079480970202382
2.9160000000000	-0.076329695548347
2.9200000000000	-0.073450516071736
2.9240000000000	-0.070814064134895
2.9280000000000	-0.068394778380218
2.9320000000000	-0.066170333894216
2.9360000000000	-0.064121168290297
2.9400000000000	-0.062230085915420
2.9440000000000	-0.060481925968244
2.9480000000000	-0.058863283126173
2.9520000000000	-0.057362271492143
2.9560000000000	-0.055968324423715
2.9600000000000	-0.054672024199470
2.9640000000000	-0.053464956589242
2.9680000000000	-0.052339586285924
2.9720000000000	-0.051289149874016
2.9760000000000	-0.050307563589905
2.9800000000000	-0.049389343599464
2.9840000000000	-0.048529536901718
2.9880000000000	-0.047723661280769
2.9920000000000	-0.046967652985166
2.9960000000000	-0.046257821025628
3.0000000000000	-0.045590807156887
3.0040000000000	-0.044963550754361
3.0080000000000	-0.044373257916886
3.0120000000000	-0.043817374227261
3.0160000000000	-0.043293560686496
3.0200000000000	-0.042799672408128
3.0240000000000	-0.042333739718474
3.0280000000000	-0.041893951358638
3.0320000000000	-0.041478639526591
3.0360000000000	-0.041086266533535
3.0400000000000	-0.040715412879301
3.0440000000000	-0.040364766577675
3.0480000000000	-0.040033113584685
3.0520000000000	-0.039719329202095
3.0560000000000	-0.039422370344556
3.0600000000000	-0.039141268573117
3.0640000000000	-0.038875123809759
3.0680000000000	-0.038623098658264
3.0720000000000	-0.038384413265678
3.0760000000000	-0.038158340666590
3.0800000000000	-0.037944202559224
3.0840000000000	-0.037741365468353
3.0880000000000	-0.037549237255200
3.0920000000000	-0.037367263939034
3.0960000000000	-0.037194926799173
3.1000000000000	-0.037031739729559
3.1040000000000	-0.036877246821123
3.1080000000000	-0.036731020149895
3.1120000000000	-0.036592657751122
3.1160000000000	-0.036461781761814
3.1200000000000	-0.036338036715934
3.1240000000000	-0.036221087978099
3.1280000000000	-0.036110620303140
3.1320000000000	-0.036006336510115
3.1360000000000	-0.035907956260524
3.1400000000000	-0.035815214931511
3.1440000000000	-0.035727862575721
3.1480000000000	-0.035645662960302
3.1520000000000	-0.035568392678276
3.1560000000000	-0.035495840326110
3.1600000000000	-0.035427805741958
3.1640000000000	-0.035364099299486
3.1680000000000	-0.035304541252747
3.1720000000000	-0.035248961127916
3.1760000000000	-0.035197197158119
3.1800000000000	-0.035149095757890
3.1840000000000	-0.035104511034153
3.1880000000000	-0.035063304330833
3.1920000000000	-0.035025343804510
3.1960000000000	-0.034990504028701
3.2000000000000	-0.034958665624622
3.2040000000000	-0.034929714916408
3.2080000000000	-0.034903543608959
3.2120000000000	-0.034880048486748
3.2160000000000	-0.034859131132056
3.2200000000000	-0.034840697661182
3.2240000000000	-0.034824658477397
3.2280000000000	-0.034810928039360
3.2320000000000	-0.034799424643990
3.2360000000000	-0.034790070222700
3.2400000000000	-0.034782790150100
3.2440000000000	-0.034777513064323
3.2480000000000	-0.034774170698123
3.2520000000000	-0.034772697720075
3.2560000000000	-0.034773031585148
3.2600000000000	-0.034775112394047
3.2640000000000	-0.034778882760749
3.2680000000000	-0.034784287687674
3.2720000000000	-0.034791274448001
3.2760000000000	-0.034799792474679
3.2800000000000	-0.034809793255683
3.2840000000000	-0.034821230235131
3.2880000000000	-0.034834058719882
3.2920000000000	-0.034848235791284
3.2960000000000	-0.034863720221738
3.3000000000000	-0.034880472395785
3.3040000000000	-0.034898454235443
3.3080000000000	-0.034917629129527
3.3120000000000	-0.034937961866724
3.3160000000000	-0.034959418572183
3.3200000000000	-0.034981966647415
3.3240000000000	-0.035005574713324
3.3280000000000	-0.035030212556155
3.3320000000000	-0.035055851076213
3.3360000000000	-0.035082462239190
3.3400000000000	-0.035110019029935
3.3440000000000	-0.035138495408543
3.3480000000000	-0.035167866268627
3.3520000000000	-0.035198107397651
3.3560000000000	-0.035229195439204
3.3600000000000	-0.035261107857114
3.3640000000000	-0.035293822901295
3.3680000000000	-0.035327319575237
3.3720000000000	-0.035361577605050
3.3760000000000	-0.035396577409963
3.3800000000000	-0.035432300074230
3.3840000000000	-0.035468727320336
3.3880000000000	-0.035505841483458
3.3920000000000	-0.035543625487096
3.3960000000000	-0.035582062819840
3.4000000000000	-0.035621137513165
3.4040000000000	-0.035660834120266
3.4080000000000	-0.035701137695828
3.4120000000000	-0.035742033776698
3.4160000000000	-0.035783508363431
3.4200000000000	-0.035825547902637
3.4240000000000	-0.035868139270112
3.4280000000000	-0.035911269754701
3.4320000000000	-0.035954927042863
3.4360000000000	-0.035999099203907
3.4400000000000	-0.036043774675847
3.4440000000000	-0.036088942251873
3.4480000000000	-0.036134591067391
3.4520000000000	-0.036180710587606
3.4560000000000	-0.036227290595632
3.4600000000000	-0.036274321181084
3.4640000000000	-0.036321792729160
3.4680000000000	-0.036369695910151
3.4720000000000	-0.036418021669408
3.4760000000000	-0.036466761217686
3.4800000000000	-0.036515906021897
3.4840000000000	-0.036565447796240
3.4880000000000	-0.036615378493671
3.4920000000000	-0.036665690297719
3.4960000000000	-0.036716375614624
3.5000000000000	-0.036767427065793
3.5040000000000	-0.036818837480535
3.5080000000000	-0.036870599889099
3.5120000000000	-0.036922707515960
3.5160000000000	-0.036975153773382
3.5200000000000	-0.037027932255213
3.5240000000000	-0.037081036730932
3.5280000000000	-0.037134461139898
3.5320000000000	-0.037188199585855
3.5360000000000	-0.037242246331586
3.5400000000000	-0.037296595793831
3.5440000000000	-0.037351242538338
3.5480000000000	-0.037406181275134
3.5520000000000	-0.037461406853948
3.5560000000000	-0.037516914259816
3.5600000000000	-0.037572698608835
3.5640000000000	-0.037628755144075
3.5680000000000	-0.037685079231643
3.5720000000000	-0.037741666356876
3.5760000000000	-0.037798512120677
3.5800000000000	-0.037855612235988
3.5840000000000	-0.037912962524376
3.5880000000000	-0.037970558912741
3.5920000000000	-0.038028397430142
3.5960000000000	-0.038086474204731
3.6000000000000	-0.038144785460809
3.6040000000000	-0.038203327515943
3.6080000000000	-0.038262096778230
3.6120000000000	-0.038321089743626
3.6160000000000	-0.038380302993365
3.6200000000000	-0.038439733191483
3.6240000000000	-0.038499377082408
3.6280000000000	-0.038559231488641
3.6320000000000	-0.038619293308506
3.6360000000000	-0.038679559513985
3.6400000000000	-0.038740027148613
3.6440000000000	-0.038800693325458
3.6480000000000	-0.038861555225143
3.6520000000000	-0.038922610093959
3.6560000000000	-0.038983855242019
3.6600000000000	-0.039045288041484
3.6640000000000	-0.039106905924843
3.6680000000000	-0.039168706383240
3.6720000000000	-0.039230686964863
3.6760000000000	-0.039292845273390
3.6800000000000	-0.039355178966467
3.6840000000000	-0.039417685754242
3.6880000000000	-0.039480363397955
3.6920000000000	-0.039543209708556
3.6960000000000	-0.039606222545375
3.7000000000000	-0.039669399814829
3.7040000000000	-0.039732739469171
3.7080000000000	-0.039796239505278
3.7120000000000	-0.039859897963482
3.7160000000000	-0.039923712926413
3.7200000000000	-0.039987682517907
3.7240000000000	-0.040051804901931
3.7280000000000	-0.040116078281542
3.7320000000000	-0.040180500897873
3.7360000000000	-0.040245071029163
3.7400000000000	-0.040309786989799
3.7440000000000	-0.040374647129400
3.7480000000000	-0.040439649831918
3.7520000000000	-0.040504793514769
3.7560000000000	-0.040570076627996
3.7600000000000	-0.040635497653440
3.7640000000000	-0.040701055103957
3.7680000000000	-0.040766747522633
3.7720000000000	-0.040832573482045
3.7760000000000	-0.040898531583527
3.7800000000000	-0.040964620456457
3.7840000000000	-0.041030838757585
3.7880000000000	-0.041097185170348
3.7920000000000	-0.041163658404228
3.7960000000000	-0.041230257194122
3.8000000000000	-0.041296980299726
3.8040000000000	-0.041363826504941
3.8080000000000	-0.041430794617282
3.8120000000000	-0.041497883467334
3.8160000000000	-0.041565091908186
3.8200000000000	-0.041632418814907
3.8240000000000	-0.041699863084018
3.8280000000000	-0.041767423633002
3.8320000000000	-0.041835099399796
3.8360000000000	-0.041902889342329
3.8400000000000	-0.041970792438042
3.8440000000000	-0.042038807683446
3.8480000000000	-0.042106934093682
3.8520000000000	-0.042175170702079
3.8560000000000	-0.042243516559756
3.8600000000000	-0.042311970735201
3.8640000000000	-0.042380532313884
3.8680000000000	-0.042449200397863
3.8720000000000	-0.042517974105419
3.8760000000000	-0.042586852570683
3.8800000000000	-0.042655834943279
3.8840000000000	-0.042724920387988
3.8880000000000	-0.042794108084402
3.8920000000000	-0.042863397226590
3.8960000000000	-0.042932787022787
3.9000000000000	-0.043002276695078
3.9040000000000	-0.043071865479093
3.9080000000000	-0.043141552623712
3.9120000000000	-0.043211337390765
3.9160000000000	-0.043281219054773
3.9200000000000	-0.043351196902648
3.9240000000000	-0.043421270233438
3.9280000000000	-0.043491438358064
3.9320000000000	-0.043561700599063
3.9360000000000	-0.043632056290341
3.9400000000000	-0.043702504776929
3.9440000000000	-0.043773045414749
3.9480000000000	-0.043843677570376
3.9520000000000	-0.043914400620823
3.9560000000000	-0.043985213953314
3.9600000000000	-0.044056116965077
3.9640000000000	-0.044127109063116
3.9680000000000	-0.044198189664036
3.9720000000000	-0.044269358193821
3.9760000000000	-0.044340614087643
3.9800000000000	-0.044411956789681
3.9840000000000	-0.044483385752929
3.9880000000000	-0.044554900439015
3.9920000000000	-0.044626500318026
3.9960000000000	-0.044698184868333
4.0000000000000	-0.044769953576430
4.0040000000000	-0.044841805936758
4.0080000000000	-0.044913741451552
4.0120000000000	-0.044985759630680
4.0160000000000	-0.045057859991497
4.0200000000000	-0.045130042058684
4.0240000000000	-0.045202305364110
4.0280000000000	-0.045274649446685
4.0320000000000	-0.045347073852224
4.0360000000000	-0.045419578133305
4.0400000000000	-0.045492161849140
4.0440000000000	-0.045564824565444
4.0480000000000	-0.045637565854305
4.0520000000000	-0.045710385294062
4.0560000000000	-0.045783282469178
4.0600000000000	-0.045856256970134
4.0640000000000	-0.045929308393291
4.0680000000000	-0.046002436340801
4.0720000000000	-0.046075640420476
4.0760000000000	-0.046148920245689
4.0800000000000	-0.046222275435262
4.0840000000000	-0.046295705613370
4.0880000000000	-0.046369210409427
4.0920000000000	-0.046442789458001
4.0960000000000	-0.046516442398703
4.1000000000000	-0.046590168876104
4.1040000000000	-0.046663968539624
4.1080000000000	-0.046737841043465
4.1120000000000	-0.046811786046501
4.1160000000000	-0.046885803212202
4.1200000000000	-0.046959892208536
4.1240000000000	-0.047034052707912
4.1280000000000	-0.047108284387060
4.1320000000000	-0.047182586926986
4.1360000000000	-0.047256960012872
4.1400000000000	-0.047331403334007
4.1440000000000	-0.047405916583712
4.1480000000000	-0.047480499459261
4.1520000000000	-0.047555151661821
4.1560000000000	-0.047629872896364
4.1600000000000	-0.047704662871612
4.1640000000000	-0.047779521299966
4.1680000000000	-0.047854447897435
4.1720000000000	-0.047929442383576
4.1760000000000	-0.048004504481432
4.1800000000000	-0.048079633917459
4.1840000000000	-0.048154830421480
4.1880000000000	-0.048230093726616
4.1920000000000	-0.048305423569230
4.1960000000000	-0.048380819688862
4.2000000000000	-0.048456281828190
4.2040000000000	-0.048531809732961
4.2080000000000	-0.048607403151939
4.2120000000000	-0.048683061836856
4.2160000000000	-0.048758785542359
4.2200000000000	-0.048834574025954
4.2240000000000	-0.048910427047968
4.2280000000000	-0.048986344371487
4.2320000000000	-0.049062325762317
4.2360000000000	-0.049138370988934
4.2400000000000	-0.049214479822437
4.2440000000000	-0.049290652036510
4.2480000000000	-0.049366887407365
4.2520000000000	-0.049443185713707
4.2560000000000	-0.049519546736699
4.2600000000000	-0.049595970259901
4.2640000000000	-0.049672456069246
4.2680000000000	-0.049749003952992
4.2720000000000	-0.049825613701690
4.2760000000000	-0.049902285108135
4.2800000000000	-0.049979017967335
4.2840000000000	-0.050055812076474
4.2880000000000	-0.050132667234870
4.2920000000000	-0.050209583243954
4.2960000000000	-0.050286559907213
4.3000000000000	-0.050363597030177
4.3040000000000	-0.050440694420370
4.3080000000000	-0.050517851887284
4.3120000000000	-0.050595069242348
4.3160000000000	-0.050672346298893
4.3200000000000	-0.050749682872119
4.3240000000000	-0.050827078779072
4.3280000000000	-0.050904533838604
4.3320000000000	-0.050982047871353
4.3360000000000	-0.051059620699706
4.3400000000000	-0.051137252147776
4.3440000000000	-0.051214942041372
4.3480000000000	-0.051292690207975
4.3520000000000	-0.051370496476704
4.3560000000000	-0.051448360678295
4.3600000000000	-0.051526282645076
4.3640000000000	-0.051604262210940
4.3680000000000	-0.051682299211316
4.3720000000000	-0.051760393483151
4.3760000000000	-0.051838544864884
4.3800000000000	-0.051916753196419
4.3840000000000	-0.051995018319108
4.3880000000000	-0.052073340075721
4.3920000000000	-0.052151718310432
4.3960000000000	-0.052230152868786
4.4000000000000	-0.052308643597688
4.4040000000000	-0.052387190345381
4.4080000000000	-0.052465792961413
4.4120000000000	-0.052544451296634
4.4160000000000	-0.052623165203161
4.4200000000000	-0.052701934534369
4.4240000000000	-0.052780759144867
4.4280000000000	-0.052859638890476
4.4320000000000	-0.052938573628219
4.4360000000000	-0.053017563216290
4.4400000000000	-0.053096607514052
4.4440000000000	-0.053175706381999
4.4480000000000	-0.053254859681764
4.4520000000000	-0.053334067276076
4.4560000000000	-0.053413329028762
4.4600000000000	-0.053492644804722
4.4640000000000	-0.053572014469911
4.4680000000000	-0.053651437891329
4.4720000000000	-0.053730914937007
4.4760000000000	-0.053810445475980
4.4800000000000	-0.053890029378283
4.4840000000000	-0.053969666514928
4.4880000000000	-0.054049356757902
4.4920000000000	-0.054129099980134
4.4960000000000	-0.054208896055501
4.5000000000000	-0.054288744858794
4.5040000000000	-0.054368646265722
4.5080000000000	-0.054448600152886
4.5120000000000	-0.054528606397777
4.5160000000000	-0.054608664878745
4.5200000000000	-0.054688775475015
4.5240000000000	-0.054768938066640
4.5280000000000	-0.054849152534518
4.5320000000000	-0.054929418760360
4.5360000000000	-0.055009736626690
4.5400000000000	-0.055090106016832
4.5440000000000	-0.055170526814886
4.5480000000000	-0.055250998905736
4.5520000000000	-0.055331522175023
4.5560000000000	-0.055412096509141
4.5600000000000	-0.055492721795229
4.5640000000000	-0.055573397921148
4.5680000000000	-0.055654124775488
4.5720000000000	-0.055734902247543
4.5760000000000	-0.055815730227308
4.5800000000000	-0.055896608605468
4.5840000000000	-0.055977537273389
4.5880000000000	-0.056058516123104
4.5920000000000	-0.056139545047309
4.5960000000000	-0.056220623939349
4.6000000000000	-0.056301752693213
4.6040000000000	-0.056382931203523
4.6080000000000	-0.056464159365523
4.6120000000000	-0.056545437075075
4.6160000000000	-0.056626764228645
4.6200000000000	-0.056708140723300
4.6240000000000	-0.056789566456695
4.6280000000000	-0.056871041327065
4.6320000000000	-0.056952565233222
4.6360000000000	-0.057034138074544
4.6400000000000	-0.057115759750964
4.6440000000000	-0.057197430162963
4.6480000000000	-0.057279149211572
4.6520000000000	-0.057360916798348
4.6560000000000	-0.057442732825382
4.6600000000000	-0.057524597195284
4.6640000000000	-0.057606509811174
4.6680000000000	-0.057688470576683
4.6720000000000	-0.057770479395938
4.6760000000000	-0.057852536173561
4.6800000000000	-0.057934640814655
4.6840000000000	-0.058016793224809
4.6880000000000	-0.058098993310079
4.6920000000000	-0.058181240976991
4.6960000000000	-0.058263536132527
4.7000000000000	-0.058345878684130
4.7040000000000	-0.058428268539683
4.7080000000000	-0.058510705607514
4.7120000000000	-0.058593189796386
4.7160000000000	-0.058675721015494
4.7200000000000	-0.058758299174455
4.7240000000000	-0.058840924183308
4.7280000000000	-0.058923595952498
4.7320000000000	-0.059006314392886
4.7360000000000	-0.059089079415729
4.7400000000000	-0.059171890932681
4.7440000000000	-0.059254748855794
4.7480000000000	-0.059337653097498
4.7520000000000	-0.059420603570609
4.7560000000000	-0.059503600188319
4.7600000000000	-0.059586642864192
4.7640000000000	-0.059669731512154
4.7680000000000	-0.059752866046498
4.7720000000000	-0.059836046381873
4.7760000000000	-0.059919272433275
4.7800000000000	-0.060002544116059
4.7840000000000	-0.060085861345909
4.7880000000000	-0.060169224038860
4.7920000000000	-0.060252632111275
4.7960000000000	-0.060336085479849
4.8000000000000	-0.060419584061603
4.8040000000000	-0.060503127773878
4.8080000000000	-0.060586716534337
4.8120000000000	-0.060670350260948
4.8160000000000	-0.060754028871997
4.8200000000000	-0.060837752286072
4.8240000000000	-0.060921520422064
4.8280000000000	-0.061005333199158
4.8320000000000	-0.061089190536840
4.8360000000000	-0.061173092354877
4.8400000000000	-0.061257038573332
4.8440000000000	-0.061341029112543
4.8480000000000	-0.061425063893133
4.8520000000000	-0.061509142836001
4.8560000000000	-0.061593265862313
4.8600000000000	-0.061677432893508
4.8640000000000	-0.061761643851291
4.8680000000000	-0.061845898657630
4.8720000000000	-0.061930197234749
4.8760000000000	-0.062014539505128
4.8800000000000	-0.062098925391505
4.8840000000000	-0.062183354816860
4.8880000000000	-0.062267827704422
4.8920000000000	-0.062352343977669
4.8960000000000	-0.062436903560315
4.9000000000000	-0.062521506376306
4.9040000000000	-0.062606152349834
4.9080000000000	-0.062690841405310
4.9120000000000	-0.062775573467387
4.9160000000000	-0.062860348460932
4.9200000000000	-0.062945166311044
4.9240000000000	-0.063030026943037
4.9280000000000	-0.063114930282447
4.9320000000000	-0.063199876255024
4.9360000000000	-0.063284864786725
4.9400000000000	-0.063369895803726
4.9440000000000	-0.063454969232405
4.9480000000000	-0.063540084999347
4.9520000000000	-0.063625243031337
4.9560000000000	-0.063710443255365
4.9600000000000	-0.063795685598613
4.9640000000000	-0.063880969988463
4.9680000000000	-0.063966296352486
4.9720000000000	-0.064051664618449
4.9760000000000	-0.064137074714300
4.9800000000000	-0.064222526568182
4.9840000000000	-0.064308020108413
4.9880000000000	-0.064393555263499
4.9920000000000	-0.064479131962126
4.9960000000000	-0.064564750133152
5.0000000000000	-0.064650409705619
#Parameters = {D_center=12; L1=21.52; L2=5; L3=2; L4=15; L_diff=2.83; L_sub=57.66; W_50=1.36; W_sub=57.66; Z_mid=28.83; cm=0.3; ct=12; g_slot=0.8; h1=2; h2=2; h3=2; h4=2; h_sub=0.4; hole_puncher=0.87365; hole_puncher1=0.9; margin=2.08; needle_radius=0.635; nutrient_solution=0.01; pipe_OD=50; pipe_Ri=8; pipe_Ro=10; r_SRR=26; r_SRR_in=23.6; sigma_fluid=0.5; spacing=0.4; t_PDMS_microstrip=0.35; t_SRR=0.07; t_gnd=0.07; t_metal=0.5; t_microstrip=0.07; t_wall=2; w_channel=2; w_diff=2.83}
#"Frequency / GHz"	"S1,1 (11) [Magnitude / dB]"
#----------------------------------------------
1.0000000000000	-0.0066394904577661
1.0040000000000	-0.0066080455208933
1.0080000000000	-0.0065768659260254
1.0120000000000	-0.0065459528410653
1.0160000000000	-0.0065153074530525
1.0200000000000	-0.0064849309685441
1.0240000000000	-0.0064548246139994
1.0280000000000	-0.0064249896361818
1.0320000000000	-0.0063954273025561
1.0360000000000	-0.0063661389016996
1.0400000000000	-0.0063371257437360
1.0440000000000	-0.0063083891607564
1.0480000000000	-0.0062799305072618
1.0520000000000	-0.0062517511606255
1.0560000000000	-0.0062238525215358
1.0600000000000	-0.0061962360144892
1.0640000000000	-0.0061689030882560
1.0680000000000	-0.0061418552163856
1.0720000000000	-0.0061150938977096
1.0760000000000	-0.0060886206568486
1.0800000000000	-0.0060624370447582
1.0840000000000	-0.0060365446392543
1.0880000000000	-0.0060109450455760
1.0920000000000	-0.0059856398969477
1.0960000000000	-0.0059606308551569
1.1000000000000	-0.0059359196111535
1.1040000000000	-0.0059115078856499
1.1080000000000	-0.0058873974297439
1.1120000000000	-0.0058635900255497
1.1160000000000	-0.0058400874868612
1.1200000000000	-0.0058168916598036
1.1240000000000	-0.0057940044235215
1.1280000000000	-0.0057714276908759
1.1320000000000	-0.0057491634091536
1.1360000000000	-0.0057272135608079
1.1400000000000	-0.0057055801641965
1.1440000000000	-0.0056842652743582
1.1480000000000	-0.0056632709837885
1.1520000000000	-0.0056425994232519
1.1560000000000	-0.0056222527625953
1.1600000000000	-0.0056022332116045
1.1640000000000	-0.0055825430208555
1.1680000000000	-0.0055631844826105
1.1720000000000	-0.0055441599317136
1.1760000000000	-0.0055254717465245
1.1800000000000	-0.0055071223498759
1.1840000000000	-0.0054891142100402
1.1880000000000	-0.0054714498417303
1.1920000000000	-0.0054541318071260
1.1960000000000	-0.0054371627169235
1.2000000000000	-0.0054205452314099
1.2040000000000	-0.0054042820615663
1.2080000000000	-0.0053883759701960
1.2120000000000	-0.0053728297730849
1.2160000000000	-0.0053576463401934
1.2200000000000	-0.0053428285968658
1.2240000000000	-0.0053283795250841
1.2280000000000	-0.0053143021647558
1.2320000000000	-0.0053005996150046
1.2360000000000	-0.0052872750355501
1.2400000000000	-0.0052743316480594
1.2440000000000	-0.0052617727375844
1.2480000000000	-0.0052496016540016
1.2520000000000	-0.0052378218135170
1.2560000000000	-0.0052264367001869
1.2600000000000	-0.0052154498674857
1.2640000000000	-0.0052048649399293
1.2680000000000	-0.0051946856147198
1.2720000000000	-0.0051849156634364
1.2760000000000	-0.0051755589337971
1.2800000000000	-0.0051666193514234
1.2840000000000	-0.0051581009216871
1.2880000000000	-0.0051500077316010
1.2920000000000	-0.0051423439517344
1.2960000000000	-0.0051351138382205
1.3000000000000	-0.0051283217347772
1.3040000000000	-0.0051219720748146
1.3080000000000	-0.0051160693835807
1.3120000000000	-0.0051106182803720
1.3160000000000	-0.0051056234807994
1.3200000000000	-0.0051010897991263
1.3240000000000	-0.0050970221506589
1.3280000000000	-0.0050934255542061
1.3320000000000	-0.0050903051346122
1.3360000000000	-0.0050876661253527
1.3400000000000	-0.0050855138712043
1.3440000000000	-0.0050838538309946
1.3480000000000	-0.0050826915804129
1.3520000000000	-0.0050820328149204
1.3560000000000	-0.0050818833527282
1.3600000000000	-0.0050822491378567
1.3640000000000	-0.0050831362432988
1.3680000000000	-0.0050845508742521
1.3720000000000	-0.0050864993714518
1.3760000000000	-0.0050889882146057
1.3800000000000	-0.0050920240259106
1.3840000000000	-0.0050956135736915
1.3880000000000	-0.0050997637761199
1.3920000000000	-0.0051044817050615
1.3960000000000	-0.0051097745900242
1.4000000000000	-0.0051156498222235
1.4040000000000	-0.0051221149587605
1.4080000000000	-0.0051291777269357
1.4120000000000	-0.0051368460286802
1.4160000000000	-0.0051451279451109
1.4200000000000	-0.0051540317412329
1.4240000000000	-0.0051635658707706
1.4280000000000	-0.0051737389811571
1.4320000000000	-0.0051845599186521
1.4360000000000	-0.0051960377336212
1.4400000000000	-0.0052081816859906
1.4440000000000	-0.0052210012508322
1.4480000000000	-0.0052345061241478
1.4520000000000	-0.0052487062288082
1.4560000000000	-0.0052636117206878
1.4600000000000	-0.0052792329949746
1.4640000000000	-0.0052955806926789
1.4680000000000	-0.0053126657073393
1.4720000000000	-0.0053304991919329
1.4760000000000	-0.0053490925660142
1.4800000000000	-0.0053684575230447
1.4840000000000	-0.0053886060379847
1.4880000000000	-0.0054095503750903
1.4920000000000	-0.0054313030959871
1.4960000000000	-0.0054538770679594
1.5000000000000	-0.0054772854725378
1.5040000000000	-0.0055015418143258
1.5080000000000	-0.0055266599301310
1.5120000000000	-0.0055526539983704
1.5160000000000	-0.0055795385487880
1.5200000000000	-0.0056073284724605
1.5240000000000	-0.0056360390321594
1.5280000000000	-0.0056656858730126
1.5320000000000	-0.0056962850335331
1.5360000000000	-0.0057278529569916
1.5400000000000	-0.0057604065031675
1.5440000000000	-0.0057939629604734
1.5480000000000	-0.0058285400584885
1.5520000000000	-0.0058641559808918
1.5560000000000	-0.0059008293788249
1.5600000000000	-0.0059385793847048
1.5640000000000	-0.0059774256264761
1.5680000000000	-0.0060173882423508
1.5720000000000	-0.0060584878960333
1.5760000000000	-0.0061007457924610
1.5800000000000	-0.0061441836940604
1.5840000000000	-0.0061888239375642
1.5880000000000	-0.0062346894513851
1.5920000000000	-0.0062818037735788
1.5960000000000	-0.0063301910704245
1.6000000000000	-0.0063798761556273
1.6040000000000	-0.0064308845101890
1.6080000000000	-0.0064832423029370
1.6120000000000	-0.0065369764117919
1.6160000000000	-0.0065921144457315
1.6200000000000	-0.0066486847675389
1.6240000000000	-0.0067067165173339
1.6280000000000	-0.0067662396369041
1.6320000000000	-0.0068272848949147
1.6360000000000	-0.0068898839129715
1.6400000000000	-0.0069540691926052
1.6440000000000	-0.0070198741432160
1.6480000000000	-0.0070873331109769
1.6520000000000	-0.0071564814087877
1.6560000000000	-0.0072273553472621
1.6600000000000	-0.0072999922668288
1.6640000000000	-0.0073744305709756
1.6680000000000	-0.0074507097606720
1.6720000000000	-0.0075288704700228
1.6760000000000	-0.0076089545032014
1.6800000000000	-0.0076910048727220
1.6840000000000	-0.0077750658390609
1.6880000000000	-0.0078611829517238
1.6920000000000	-0.0079494030918106
1.6960000000000	-0.0080397745160902
1.7000000000000	-0.0081323469026986
1.7040000000000	-0.0082271713984907
1.7080000000000	-0.0083243006681178
1.7120000000000	-0.0084237889448840
1.7160000000000	-0.0085256920834808
1.7200000000000	-0.0086300676146338
1.7240000000000	-0.0087369748017559
1.7280000000000	-0.0088464746996880
1.7320000000000	-0.0089586302155758
1.7360000000000	-0.0090735061720093
1.7400000000000	-0.0091911693724658
1.7440000000000	-0.0093116886691698
1.7480000000000	-0.0094351350334557
1.7520000000000	-0.0095615816287112
1.7560000000000	-0.0096911038860350
1.7600000000000	-0.0098237795826518
1.7640000000000	-0.0099596889232362
1.7680000000000	-0.010098914624238
1.7720000000000	-0.010241542001300
1.7760000000000	-0.010387659059899
1.7800000000000	-0.010537356589316
1.7840000000000	-0.010690728260068
1.7880000000000	-0.010847870724897
1.7920000000000	-0.011008883723462
1.7960000000000	-0.011173870190855
1.8000000000000	-0.011342936370067
1.8040000000000	-0.011516191928539
1.8080000000000	-0.011693750078928
1.8120000000000	-0.011875727704240
1.8160000000000	-0.012062245487439
1.8200000000000	-0.012253428045708
1.8240000000000	-0.012449404069473
1.8280000000000	-0.012650306466330
1.8320000000000	-0.012856272510069
1.8360000000000	-0.013067443994840
1.8400000000000	-0.013283967394688
1.8440000000000	-0.013505994028558
1.8480000000000	-0.013733680230882
1.8520000000000	-0.013967187527924
1.8560000000000	-0.014206682819959
1.8600000000000	-0.014452338569435
1.8640000000000	-0.014704332995211
1.8680000000000	-0.014962850272951
1.8720000000000	-0.015228080741810
1.8760000000000	-0.015500221117403
1.8800000000000	-0.015779474711188
1.8840000000000	-0.016066051656230
1.8880000000000	-0.016360169139392
1.8920000000000	-0.016662051639915
1.8960000000000	-0.016971931174346
1.9000000000000	-0.017290047547718
1.9040000000000	-0.017616648610855
1.9080000000000	-0.017951990523641
1.9120000000000	-0.018296338024006
1.9160000000000	-0.018649964702366
1.9200000000000	-0.019013153281151
1.9240000000000	-0.019386195898990
1.9280000000000	-0.019769394399069
1.9320000000000	-0.020163060621013
1.9360000000000	-0.020567516695647
1.9400000000000	-0.020983095341718
1.9440000000000	-0.021410140163716
1.9480000000000	-0.021849005949628
1.9520000000000	-0.022300058967356
1.9560000000000	-0.022763677258400
1.9600000000000	-0.023240250927101
1.9640000000000	-0.023730182423625
1.9680000000000	-0.024233886818535
1.9720000000000	-0.024751792066605
1.9760000000000	-0.025284339257171
1.9800000000000	-0.025831982848030
1.9840000000000	-0.026395190879521
1.9880000000000	-0.026974445165019
1.9920000000000	-0.027570241453672
1.9960000000000	-0.028183089560719
2.0000000000000	-0.028813513460204
2.0040000000000	-0.029462051334380
2.0080000000000	-0.030129255573446
2.0120000000000	-0.030815692718645
2.0160000000000	-0.031521943340986
2.0200000000000	-0.032248601847170
2.0240000000000	-0.032996276203376
2.0280000000000	-0.033765587566788
2.0320000000000	-0.034557169813671
2.0360000000000	-0.035371668951983
2.0400000000000	-0.036209742405246
2.0440000000000	-0.037072058153468
2.0480000000000	-0.037959293715596
2.0520000000000	-0.038872134956876
2.0560000000000	-0.039811274703171
2.0600000000000	-0.040777411143027
2.0640000000000	-0.041771245996993
2.0680000000000	-0.042793482432386
2.0720000000000	-0.043844822700440
2.0760000000000	-0.044925965471524
2.0800000000000	-0.046037602843009
2.0840000000000	-0.047180416993313
2.0880000000000	-0.048355076454811
2.0920000000000	-0.049562231977642
2.0960000000000	-0.050802511956077
2.1000000000000	-0.052076517389107
2.1040000000000	-0.053384816347343
2.1080000000000	-0.054727937919122
2.1120000000000	-0.056106365610472
2.1160000000000	-0.057520530175639
2.1200000000000	-0.058970801858163
2.1240000000000	-0.060457482026517
2.1280000000000	-0.061980794193564
2.1320000000000	-0.063540874415608
2.1360000000000	-0.065137761074621
2.1400000000000	-0.066771384056822
2.1440000000000	-0.068441553351754
2.1480000000000	-0.070147947109081
2.1520000000000	-0.071890099205102
2.1560000000000	-0.073667386387856
2.1600000000000	-0.075479015088442
2.1640000000000	-0.077324008007012
2.1680000000000	-0.079201190604544
2.1720000000000	-0.081109177655611
2.1760000000000	-0.083046360043217
2.1800000000000	-0.085010892003122
2.1840000000000	-0.087000679052094
2.1880000000000	-0.089013366861118
2.1920000000000	-0.091046331359977
2.1960000000000	-0.093096670382890
2.2000000000000	-0.095161197184750
2.2040000000000	-0.097236436172772
2.2080000000000	-0.099318621207541
2.2120000000000	-0.10140369682920
2.2160000000000	-0.10348732275715
2.2200000000000	-0.10556488199394
2.2240000000000	-0.10763149283472
2.2280000000000	-0.10968202504112
2.2320000000000	-0.11171112038313
2.2360000000000	-0.11371321768275
2.2400000000000	-0.11568258241030
2.2440000000000	-0.11761334078894
2.2480000000000	-0.11949951825586
2.2520000000000	-0.12133508201396
2.2560000000000	-0.12311398728670
2.2600000000000	-0.12483022676652
2.2640000000000	-0.12647788262737
2.2680000000000	-0.12805118035970
2.2720000000000	-0.12954454358631
2.2760000000000	-0.13095264893574
2.2800000000000	-0.13227047998956
2.2840000000000	-0.13349337928685
2.2880000000000	-0.13461709736514
2.2920000000000	-0.13563783784463
2.2960000000000	-0.13655229762260
2.3000000000000	-0.13735770133582
2.3040000000000	-0.13805182936917
2.3080000000000	-0.13863303883342
2.3120000000000	-0.13910027710054
2.3160000000000	-0.13945308766331
2.3200000000000	-0.13969160827179
2.3240000000000	-0.13981656148443
2.3280000000000	-0.13982923794927
2.3320000000000	-0.13973147289481
2.3360000000000	-0.13952561645385
2.3400000000000	-0.13921449856379
2.3440000000000	-0.13880138927854
2.3480000000000	-0.13828995539022
2.3520000000000	-0.13768421429118
2.3560000000000	-0.13698848601083
2.3600000000000	-0.13620734433830
2.3640000000000	-0.13534556789514
2.3680000000000	-0.13440809195505
2.3720000000000	-0.13339996172496
2.3760000000000	-0.13232628770749
2.3800000000000	-0.13119220366386
2.3840000000000	-0.13000282759210
2.3880000000000	-0.12876322603276
2.3920000000000	-0.12747838191475
2.3960000000000	-0.12615316606205
2.4000000000000	-0.12479231239770
2.4040000000000	-0.12340039680786
2.4080000000000	-0.12198181956536
2.4120000000000	-0.12054079115977
2.4160000000000	-0.11908132133968
2.4200000000000	-0.11760721114145
2.4240000000000	-0.11612204765721
2.4280000000000	-0.11462920128160
2.4320000000000	-0.11313182517121
2.4360000000000	-0.11163285665142
2.4400000000000	-0.11013502031171
2.4440000000000	-0.10864083254039
2.4480000000000	-0.10715260726375
2.4520000000000	-0.10567246267037
2.4560000000000	-0.10420232871896
2.4600000000000	-0.10274395524622
2.4640000000000	-0.10129892051040
2.4680000000000	-0.099868640024182
2.4720000000000	-0.098454375548951
2.4760000000000	-0.097057244139468
2.4800000000000	-0.095678227144055
2.4840000000000	-0.094318179080471
2.4880000000000	-0.092977836321315
2.4920000000000	-0.091657825535166
2.4960000000000	-0.090358671840880
2.5000000000000	-0.089080806642285
2.5040000000000	-0.087824575119199
2.5080000000000	-0.086590243358291
2.5120000000000	-0.085378005113692
2.5160000000000	-0.084187988192939
2.5200000000000	-0.083020260468291
2.5240000000000	-0.081874835517478
2.5280000000000	-0.080751677900987
2.5320000000000	-0.079650708085529
2.5360000000000	-0.078571807025305
2.5400000000000	-0.077514820414223
2.5440000000000	-0.076479562623212
2.5480000000000	-0.075465820337615
2.5520000000000	-0.074473355910005
2.5560000000000	-0.073501910444042
2.5600000000000	-0.072551206624880
2.5640000000000	-0.071620951311514
2.5680000000000	-0.070710837906195
2.5720000000000	-0.069820548515448
2.5760000000000	-0.068949755916976
2.5800000000000	-0.068098125345934
2.5840000000000	-0.067265316113607
2.5880000000000	-0.066450983070883
2.5920000000000	-0.065654777928147
2.5960000000000	-0.064876350442758
2.6000000000000	-0.064115349484452
2.6040000000000	-0.063371423988509
2.6080000000000	-0.062644223805776
2.6120000000000	-0.061933400458181
2.6160000000000	-0.061238607807633
2.6200000000000	-0.060559502645812
2.6240000000000	-0.059895745211646
2.6280000000000	-0.059246999642957
2.6320000000000	-0.058612934368092
2.6360000000000	-0.057993222443090
2.6400000000000	-0.057387541839365
2.6440000000000	-0.056795575686564
2.6480000000000	-0.056217012474886
2.6520000000000	-0.055651546220780
2.6560000000000	-0.055098876599638
2.6600000000000	-0.054558709048770
2.6640000000000	-0.054030754843728
2.6680000000000	-0.053514731150718
2.6720000000000	-0.053010361057642
2.6760000000000	-0.052517373586106
2.6800000000000	-0.052035503686481
2.6840000000000	-0.051564492217934
2.6880000000000	-0.051104085915239
2.6920000000000	-0.050654037343856
2.6960000000000	-0.050214104844853
2.7000000000000	-0.049784052470851
2.7040000000000	-0.049363649914296
2.7080000000000	-0.048952672429067
2.7120000000000	-0.048550900746399
2.7160000000000	-0.048158120986046
2.7200000000000	-0.047774124563400
2.7240000000000	-0.047398708093366
2.7280000000000	-0.047031673291556
2.7320000000000	-0.046672826873435
2.7360000000000	-0.046321980451898
2.7400000000000	-0.045978950433765
2.7440000000000	-0.045643557915580
2.7480000000000	-0.045315628579095
2.7520000000000	-0.044994992586774
2.7560000000000	-0.044681484477568
2.7600000000000	-0.044374943063259
2.7640000000000	-0.044075211325555
2.7680000000000	-0.043782136314167
2.7720000000000	-0.043495569046001
2.7760000000000	-0.043215364405641
2.7800000000000	-0.042941381047237
2.7840000000000	-0.042673481297905
2.7880000000000	-0.042411531062722
2.7920000000000	-0.042155399731420
2.7960000000000	-0.041904960086793
2.8000000000000	-0.041660088214929
2.8040000000000	-0.041420663417239
2.8080000000000	-0.041186568124359
2.8120000000000	-0.040957687811950
2.8160000000000	-0.040733910918345
2.8200000000000	-0.040515128764141
2.8240000000000	-0.040301235473668
2.8280000000000	-0.040092127898337
2.8320000000000	-0.039887705541903
2.8360000000000	-0.039687870487561
2.8400000000000	-0.039492527326921
2.8440000000000	-0.039301583090787
2.8480000000000	-0.039114947181754
2.8520000000000	-0.038932531308586
2.8560000000000	-0.038754249422330
2.8600000000000	-0.038580017654155
2.8640000000000	-0.038409754254888
2.8680000000000	-0.038243379536199
2.8720000000000	-0.038080815813398
2.8760000000000	-0.037921987349844
2.8800000000000	-0.037766820302884
2.8840000000000	-0.037615242671319
2.8880000000000	-0.037467184244367
2.8920000000000	-0.037322576552058
2.8960000000000	-0.037181352817030
2.9000000000000	-0.037043447907741
2.9040000000000	-0.036908798292993
2.9080000000000	-0.036777341997764
2.9120000000000	-0.036649018560336
2.9160000000000	-0.036523768990646
2.9200000000000	-0.036401535729835
2.9240000000000	-0.036282262611005
2.9280000000000	-0.036165894821075
2.9320000000000	-0.036052378863780
2.9360000000000	-0.035941662523729
2.9400000000000	-0.035833694831521
2.9440000000000	-0.035728426029874
2.9480000000000	-0.035625807540745
2.9520000000000	-0.035525791933407
2.9560000000000	-0.035428332893464
2.9600000000000	-0.035333385192768
2.9640000000000	-0.035240904660214
2.9680000000000	-0.035150848153384
2.9720000000000	-0.035063173531025
2.9760000000000	-0.034977839626329
2.9800000000000	-0.034894806220981
2.9840000000000	-0.034814034019976
2.9880000000000	-0.034735484627168
2.9920000000000	-0.034659120521512
2.9960000000000	-0.034584905034018
3.0000000000000	-0.034512802325358
3.0040000000000	-0.034442777364126
3.0080000000000	-0.034374795905730
3.0120000000000	-0.034308824471888
3.0160000000000	-0.034244830330714
3.0200000000000	-0.034182781477389
3.0240000000000	-0.034122646615362
3.0280000000000	-0.034064395138125
3.0320000000000	-0.034007997111481
3.0360000000000	-0.033953423256319
3.0400000000000	-0.033900644931909
3.0440000000000	-0.033849634119644
3.0480000000000	-0.033800363407248
3.0520000000000	-0.033752805973445
3.0560000000000	-0.033706935573043
3.0600000000000	-0.033662726522458
3.0640000000000	-0.033620153685631
3.0680000000000	-0.033579192460351
3.0720000000000	-0.033539818764949
3.0760000000000	-0.033502009025377
3.0800000000000	-0.033465740162639
3.0840000000000	-0.033430989580577
3.0880000000000	-0.033397735153995
3.0920000000000	-0.033365955217103
3.0960000000000	-0.033335628552297
3.1000000000000	-0.033306734379239
3.1040000000000	-0.033279252344225
3.1080000000000	-0.033253162509873
3.1120000000000	-0.033228445345068
3.1160000000000	-0.033205081715189
3.1200000000000	-0.033183052872605
3.1240000000000	-0.033162340447433
3.1280000000000	-0.033142926438528
3.1320000000000	-0.033124793204736
3.1360000000000	-0.033107923456370
3.1400000000000	-0.033092300246926
3.1440000000000	-0.033077906965001
3.1480000000000	-0.033064727326457
3.1520000000000	-0.033052745366759
3.1560000000000	-0.033041945433546
3.1600000000000	-0.033032312179380
3.1640000000000	-0.033023830554691
3.1680000000000	-0.033016485800915
3.1720000000000	-0.033010263443801
3.1760000000000	-0.033005149286906
3.1800000000000	-0.033001129405239
3.1840000000000	-0.032998190139097
3.1880000000000	-0.032996318088043
3.1920000000000	-0.032995500105041
3.1960000000000	-0.032995723290747
3.2000000000000	-0.032996974987952
3.2040000000000	-0.032999242776148
3.2080000000000	-0.033002514466265
3.2120000000000	-0.033006778095502
3.2160000000000	-0.033012021922325
3.2200000000000	-0.033018234421576
3.2240000000000	-0.033025404279702
3.2280000000000	-0.033033520390109
3.2320000000000	-0.033042571848642
3.2360000000000	-0.033052547949160
3.2400000000000	-0.033063438179236
3.2440000000000	-0.033075232215958
3.2480000000000	-0.033087919921832
3.2520000000000	-0.033101491340796
3.2560000000000	-0.033115936694318
3.2600000000000	-0.033131246377612
3.2640000000000	-0.033147410955917
3.2680000000000	-0.033164421160889
3.2720000000000	-0.033182267887084
3.2760000000000	-0.033200942188503
3.2800000000000	-0.033220435275248
3.2840000000000	-0.033240738510241
3.2880000000000	-0.033261843406022
3.2920000000000	-0.033283741621645
3.2960000000000	-0.033306424959616
3.3000000000000	-0.033329885362933
3.3040000000000	-0.033354114912175
3.3080000000000	-0.033379105822680
3.3120000000000	-0.033404850441773
3.3160000000000	-0.033431341246066
3.3200000000000	-0.033458570838823
3.3240000000000	-0.033486531947391
3.3280000000000	-0.033515217420672
3.3320000000000	-0.033544620226684
3.3360000000000	-0.033574733450150
3.3400000000000	-0.033605550290161
3.3440000000000	-0.033637064057888
3.3480000000000	-0.033669268174342
3.3520000000000	-0.033702156168193
3.3560000000000	-0.033735721673635
3.3600000000000	-0.033769958428302
3.3640000000000	-0.033804860271228
3.3680000000000	-0.033840421140852
3.3720000000000	-0.033876635073083
3.3760000000000	-0.033913496199383
3.3800000000000	-0.033950998744918
3.3840000000000	-0.033989137026737
3.3880000000000	-0.034027905451990
3.3920000000000	-0.034067298516203
3.3960000000000	-0.034107310801562
3.4000000000000	-0.034147936975268
3.4040000000000	-0.034189171787902
3.4080000000000	-0.034231010071844
3.4120000000000	-0.034273446739714
3.4160000000000	-0.034316476782854
3.4200000000000	-0.034360095269845
3.4240000000000	-0.034404297345049
3.4280000000000	-0.034449078227193
3.4320000000000	-0.034494433207965
3.4360000000000	-0.034540357650673
3.4400000000000	-0.034586846988894
3.4440000000000	-0.034633896725182
3.4480000000000	-0.034681502429791
3.4520000000000	-0.034729659739424
3.4560000000000	-0.034778364356014
3.4600000000000	-0.034827612045529
3.4640000000000	-0.034877398636803
3.4680000000000	-0.034927720020388
3.4720000000000	-0.034978572147434
3.4760000000000	-0.035029951028594
3.4800000000000	-0.035081852732943
3.4840000000000	-0.035134273386939
3.4880000000000	-0.035187209173375
3.4920000000000	-0.035240656330387
3.4960000000000	-0.035294611150455
3.5000000000000	-0.035349069979443
3.5040000000000	-0.035404029215645
3.5080000000000	-0.035459485308866
3.5120000000000	-0.035515434759502
3.5160000000000	-0.035571874117657
3.5200000000000	-0.035628799982270
3.5240000000000	-0.035686209000263
3.5280000000000	-0.035744097865698
3.5320000000000	-0.035802463318958
3.5360000000000	-0.035861302145949
3.5400000000000	-0.035920611177307
3.5440000000000	-0.035980387287626
3.5480000000000	-0.036040627394707
3.5520000000000	-0.036101328458815
3.5560000000000	-0.036162487481947
3.5600000000000	-0.036224101507123
3.5640000000000	-0.036286167617697
3.5680000000000	-0.036348682936660
3.5720000000000	-0.036411644625973
3.5760000000000	-0.036475049885917
3.5800000000000	-0.036538895954435
3.5840000000000	-0.036603180106514
3.5880000000000	-0.036667899653555
3.5920000000000	-0.036733051942766
3.5960000000000	-0.036798634356577
3.6000000000000	-0.036864644312038
3.6040000000000	-0.036931079260261
3.6080000000000	-0.036997936685851
3.6120000000000	-0.037065214106354
3.6160000000000	-0.037132909071715
3.6200000000000	-0.037201019163758
3.6240000000000	-0.037269541995648
3.6280000000000	-0.037338475211396
3.6320000000000	-0.037407816485347
3.6360000000000	-0.037477563521698
3.6400000000000	-0.037547714054005
3.6440000000000	-0.037618265844720
3.6480000000000	-0.037689216684721
3.6520000000000	-0.037760564392856
3.6560000000000	-0.037832306815497
3.6600000000000	-0.037904441826099
3.6640000000000	-0.037976967324777
3.6680000000000	-0.038049881237872
3.6720000000000	-0.038123181517542
3.6760000000000	-0.038196866141357
3.6800000000000	-0.038270933111884
3.6840000000000	-0.038345380456322
3.6880000000000	-0.038420206226087
3.6920000000000	-0.038495408496456
3.6960000000000	-0.038570985366175
3.7000000000000	-0.038646934957117
3.7040000000000	-0.038723255413903
3.7080000000000	-0.038799944903560
3.7120000000000	-0.038877001615176
3.7160000000000	-0.038954423759556
3.7200000000000	-0.039032209568894
3.7240000000000	-0.039110357296437
3.7280000000000	-0.039188865216178
3.7320000000000	-0.039267731622521
3.7360000000000	-0.039346954829988
3.7400000000000	-0.039426533172900
3.7440000000000	-0.039506465005094
3.7480000000000	-0.039586748699607
3.7520000000000	-0.039667382648408
3.7560000000000	-0.039748365262101
3.7600000000000	-0.039829694969652
3.7640000000000	-0.039911370218107
3.7680000000000	-0.039993389472336
3.7720000000000	-0.040075751214754
3.7760000000000	-0.040158453945065
3.7800000000000	-0.040241496180016
3.7840000000000	-0.040324876453130
3.7880000000000	-0.040408593314471
3.7920000000000	-0.040492645330394
3.7960000000000	-0.040577031083309
3.8000000000000	-0.040661749171447
3.8040000000000	-0.040746798208627
3.8080000000000	-0.040832176824033
3.8120000000000	-0.040917883661985
3.8160000000000	-0.041003917381726
3.8200000000000	-0.041090276657200
3.8240000000000	-0.041176960176851
3.8280000000000	-0.041263966643397
3.8320000000000	-0.041351294773646
3.8360000000000	-0.041438943298275
3.8400000000000	-0.041526910961648
3.8440000000000	-0.041615196521609
3.8480000000000	-0.041703798749294
3.8520000000000	-0.041792716428948
3.8560000000000	-0.041881948357732
3.8600000000000	-0.041971493345547
3.8640000000000	-0.042061350214844
3.8680000000000	-0.042151517800463
3.8720000000000	-0.042241994949449
3.8760000000000	-0.042332780520879
3.8800000000000	-0.042423873385705
3.8840000000000	-0.042515272426578
3.8880000000000	-0.042606976537688
3.8920000000000	-0.042698984624610
3.8960000000000	-0.042791295604138
3.9000000000000	-0.042883908404138
3.9040000000000	-0.042976821963390
3.9080000000000	-0.043070035231437
3.9120000000000	-0.043163547168438
3.9160000000000	-0.043257356745036
3.9200000000000	-0.043351462942191
3.9240000000000	-0.043445864751059
3.9280000000000	-0.043540561172844
3.9320000000000	-0.043635551218666
3.9360000000000	-0.043730833909422
3.9400000000000	-0.043826408275657
3.9440000000000	-0.043922273357437
3.9480000000000	-0.044018428204215
3.9520000000000	-0.044114871874708
3.9560000000000	-0.044211603436775
3.9600000000000	-0.044308621967287
3.9640000000000	-0.044405926552020
3.9680000000000	-0.044503516285519
3.9720000000000	-0.044601390271003
3.9760000000000	-0.044699547620227
3.9800000000000	-0.044797987453393
3.9840000000000	-0.044896708899013
3.9880000000000	-0.044995711093821
3.9920000000000	-0.045094993182654
3.9960000000000	-0.045194554318348
4.0000000000000	-0.045294393661635
4.0040000000000	-0.045394510381036
4.0080000000000	-0.045494903652767
4.0120000000000	-0.045595572660630
4.0160000000000	-0.045696516595915
4.0200000000000	-0.045797734657314
4.0240000000000	-0.045899226050812
4.0280000000000	-0.046000989989601
4.0320000000000	-0.046103025693985
4.0360000000000	-0.046205332391289
4.0400000000000	-0.046307909315764
4.0440000000000	-0.046410755708510
4.0480000000000	-0.046513870817373
4.0520000000000	-0.046617253896874
4.0560000000000	-0.046720904208111
4.0600000000000	-0.046824821018690
4.0640000000000	-0.046929003602626
4.0680000000000	-0.047033451240272
4.0720000000000	-0.047138163218244
4.0760000000000	-0.047243138829327
4.0800000000000	-0.047348377372407
4.0840000000000	-0.047453878152395
4.0880000000000	-0.047559640480152
4.0920000000000	-0.047665663672408
4.0960000000000	-0.047771947051694
4.1000000000000	-0.047878489946265
4.1040000000000	-0.047985291690045
4.1080000000000	-0.048092351622529
4.1120000000000	-0.048199669088738
4.1160000000000	-0.048307243439140
4.1200000000000	-0.048415074029583
4.1240000000000	-0.048523160221232
4.1280000000000	-0.048631501380501
4.1320000000000	-0.048740096878992
4.1360000000000	-0.048848946093426
4.1400000000000	-0.048958048405584
4.1440000000000	-0.049067403202246
4.1480000000000	-0.049177009875129
4.1520000000000	-0.049286867820824
4.1560000000000	-0.049396976440743
4.1600000000000	-0.049507335141055
4.1640000000000	-0.049617943332633
4.1680000000000	-0.049728800430991
4.1720000000000	-0.049839905856235
4.1760000000000	-0.049951259033005
4.1800000000000	-0.050062859390420
4.1840000000000	-0.050174706362022
4.1880000000000	-0.050286799385729
4.1920000000000	-0.050399137903776
4.1960000000000	-0.050511721362674
4.2000000000000	-0.050624549213143
4.2040000000000	-0.050737620910078
4.2080000000000	-0.050850935912489
4.2120000000000	-0.050964493683455
4.2160000000000	-0.051078293690083
4.2200000000000	-0.051192335403445
4.2240000000000	-0.051306618298549
4.2280000000000	-0.051421141854278
4.2320000000000	-0.051535905553356
4.2360000000000	-0.051650908882292
4.2400000000000	-0.051766151331350
4.2440000000000	-0.051881632394486
4.2480000000000	-0.051997351569325
4.2520000000000	-0.052113308357099
4.2560000000000	-0.052229502262628
4.2600000000000	-0.052345932794256
4.2640000000000	-0.052462599463817
4.2680000000000	-0.052579501786608
4.2720000000000	-0.052696639281331
4.2760000000000	-0.052814011470058
4.2800000000000	-0.052931617878204
4.2840000000000	-0.053049458034472
4.2880000000000	-0.053167531470830
4.2920000000000	-0.053285837722457
4.2960000000000	-0.053404376327728
4.3000000000000	-0.053523146828155
4.3040000000000	-0.053642148768368
4.3080000000000	-0.053761381696072
4.3120000000000	-0.053880845162013
4.3160000000000	-0.054000538719942
4.3200000000000	-0.054120461926586
4.3240000000000	-0.054240614341609
4.3280000000000	-0.054360995527584
4.3320000000000	-0.054481605049953
4.3360000000000	-0.054602442477001
4.3400000000000	-0.054723507379825
4.3440000000000	-0.054844799332291
4.3480000000000	-0.054966317911024
4.3520000000000	-0.055088062695354
4.3560000000000	-0.055210033267303
4.3600000000000	-0.055332229211542
4.3640000000000	-0.055454650115375
4.3680000000000	-0.055577295568699
4.3720000000000	-0.055700165163977
4.3760000000000	-0.055823258496215
4.3800000000000	-0.055946575162930
4.3840000000000	-0.056070114764121
4.3880000000000	-0.056193876902241
4.3920000000000	-0.056317861182181
4.3960000000000	-0.056442067211219
4.4000000000000	-0.056566494599028
4.4040000000000	-0.056691142957616
4.4080000000000	-0.056816011901319
4.4120000000000	-0.056941101046777
4.4160000000000	-0.057066410012896
4.4200000000000	-0.057191938420837
4.4240000000000	-0.057317685893981
4.4280000000000	-0.057443652057913
4.4320000000000	-0.057569836540393
4.4360000000000	-0.057696238971329
4.4400000000000	-0.057822858982765
4.4440000000000	-0.057949696208850
4.4480000000000	-0.058076750285813
4.4520000000000	-0.058204020851949
4.4560000000000	-0.058331507547585
4.4600000000000	-0.058459210015074
4.4640000000000	-0.058587127898758
4.4680000000000	-0.058715260844955
4.4720000000000	-0.058843608501933
4.4760000000000	-0.058972170519897
4.4800000000000	-0.059100946550958
4.4840000000000	-0.059229936249126
4.4880000000000	-0.059359139270270
4.4920000000000	-0.059488555272119
4.4960000000000	-0.059618183914228
4.5000000000000	-0.059748024857967
4.5040000000000	-0.059878077766498
4.5080000000000	-0.060008342304756
4.5120000000000	-0.060138818139430
4.5160000000000	-0.060269504938946
4.5200000000000	-0.060400402373447
4.5240000000000	-0.060531510114779
4.5280000000000	-0.060662827836466
4.5320000000000	-0.060794355213697
4.5360000000000	-0.060926091923315
4.5400000000000	-0.061058037643779
4.5440000000000	-0.061190192055173
4.5480000000000	-0.061322554839171
4.5520000000000	-0.061455125679028
4.5560000000000	-0.061587904259558
4.5600000000000	-0.061720890267127
4.5640000000000	-0.061854083389626
4.5680000000000	-0.061987483316464
4.5720000000000	-0.062121089738546
4.5760000000000	-0.062254902348264
4.5800000000000	-0.062388920839473
4.5840000000000	-0.062523144907484
4.5880000000000	-0.062657574249043
4.5920000000000	-0.062792208562323
4.5960000000000	-0.062927047546901
4.6000000000000	-0.063062090903748
4.6040000000000	-0.063197338335216
4.6080000000000	-0.063332789545023
4.6120000000000	-0.063468444238237
4.6160000000000	-0.063604302121262
4.6200000000000	-0.063740362901826
4.6240000000000	-0.063876626288969
4.6280000000000	-0.064013091993030
4.6320000000000	-0.064149759725623
4.6360000000000	-0.064286629199642
4.6400000000000	-0.064423700129234
4.6440000000000	-0.064560972229789
4.6480000000000	-0.064698445217933
4.6520000000000	-0.064836118811511
4.6560000000000	-0.064973992729576
4.6600000000000	-0.065112066692371
4.6640000000000	-0.065250340421326
4.6680000000000	-0.065388813639046
4.6720000000000	-0.065527486069290
4.6760000000000	-0.065666357436962
4.6800000000000	-0.065805427468110
4.6840000000000	-0.065944695889903
4.6880000000000	-0.066084162430621
4.6920000000000	-0.066223826819649
4.6960000000000	-0.066363688787464
4.7000000000000	-0.066503748065620
4.7040000000000	-0.066644004386745
4.7080000000000	-0.066784457484519
4.7120000000000	-0.066925107093679
4.7160000000000	-0.067065952949993
4.7200000000000	-0.067206994790260
4.7240000000000	-0.067348232352294
4.7280000000000	-0.067489665374917
4.7320000000000	-0.067631293597950
4.7360000000000	-0.067773116762199
4.7400000000000	-0.067915134609448
4.7440000000000	-0.068057346882448
4.7480000000000	-0.068199753324912
4.7520000000000	-0.068342353681495
4.7560000000000	-0.068485147697801
4.7600000000000	-0.068628135120355
4.7640000000000	-0.068771315696606
4.7680000000000	-0.068914689174920
4.7720000000000	-0.069058255304559
4.7760000000000	-0.069202013835681
4.7800000000000	-0.069345964519333
4.7840000000000	-0.069490107107436
4.7880000000000	-0.069634441352775
4.7920000000000	-0.069778967009003
4.7960000000000	-0.069923683830620
4.8000000000000	-0.070068591572968
4.8040000000000	-0.070213689992226
4.8080000000000	-0.070358978845395
4.8120000000000	-0.070504457890301
4.8160000000000	-0.070650126885577
4.8200000000000	-0.070795985590658
4.8240000000000	-0.070942033765774
4.8280000000000	-0.071088271171948
4.8320000000000	-0.071234697570972
4.8360000000000	-0.071381312725420
4.8400000000000	-0.071528116398625
4.8440000000000	-0.071675108354677
4.8480000000000	-0.071822288358419
4.8520000000000	-0.071969656175435
4.8560000000000	-0.072117211572044
4.8600000000000	-0.072264954315294
4.8640000000000	-0.072412884172955
4.8680000000000	-0.072561000913510
4.8720000000000	-0.072709304306150
4.8760000000000	-0.072857794120765
4.8800000000000	-0.073006470127945
4.8840000000000	-0.073155332098961
4.8880000000000	-0.073304379805765
4.8920000000000	-0.073453613020993
4.8960000000000	-0.073603031517933
4.9000000000000	-0.073752635070549
4.9040000000000	-0.073902423453449
4.9080000000000	-0.074052396441898
4.9120000000000	-0.074202553811801
4.9160000000000	-0.074352895339698
4.9200000000000	-0.074503420802762
4.9240000000000	-0.074654129978788
4.9280000000000	-0.074805022646191
4.9320000000000	-0.074956098584002
4.9360000000000	-0.075107357571854
4.9400000000000	-0.075258799389981
4.9440000000000	-0.075410423819218
4.9480000000000	-0.075562230640985
4.9520000000000	-0.075714219637286
4.9560000000000	-0.075866390590708
4.9600000000000	-0.076018743284408
4.9640000000000	-0.076171277502112
4.9680000000000	-0.076323993028107
4.9720000000000	-0.076476889647241
4.9760000000000	-0.076629967144910
4.9800000000000	-0.076783225307057
4.9840000000000	-0.076936663920173
4.9880000000000	-0.077090282771274
4.9920000000000	-0.077244081647922
4.9960000000000	-0.077398060338192
5.0000000000000	-0.077552218630689
#Parameters = {D_center=12; L1=23.36; L2=5; L3=2; L4=15; L_diff=2.83; L_sub=61.66; W_50=1.36; W_sub=61.66; Z_mid=30.83; cm=0.3; ct=12; g_slot=0.8; h1=2; h2=2; h3=2; h4=2; h_sub=0.4; hole_puncher=0.87365; hole_puncher1=0.9; margin=2.24; needle_radius=0.635; nutrient_solution=0.01; pipe_OD=50; pipe_Ri=8; pipe_Ro=10; r_SRR=28; r_SRR_in=25.6; sigma_fluid=0.5; spacing=0.4; t_PDMS_microstrip=0.35; t_SRR=0.07; t_gnd=0.07; t_metal=0.5; t_microstrip=0.07; t_wall=2; w_channel=2; w_diff=2.83}
#"Frequency / GHz"	"S1,1 (12) [Magnitude / dB]"
#----------------------------------------------
1.0000000000000	-0.0066499797349487
1.0040000000000	-0.0066307399412463
1.0080000000000	-0.0066125190138248
1.0120000000000	-0.0065953082810334
1.0160000000000	-0.0065790991217678
1.0200000000000	-0.0065638829651982
1.0240000000000	-0.0065496512905069
1.0280000000000	-0.0065363956266273
1.0320000000000	-0.0065241075519860
1.0360000000000	-0.0065127786942391
1.0400000000000	-0.0065024007300195
1.0440000000000	-0.0064929653846832
1.0480000000000	-0.0064844644320432
1.0520000000000	-0.0064768896941328
1.0560000000000	-0.0064702330409396
1.0600000000000	-0.0064644863901685
1.0640000000000	-0.0064596417069871
1.0680000000000	-0.0064556910037698
1.0720000000000	-0.0064526263398731
1.0760000000000	-0.0064504398213723
1.0800000000000	-0.0064491236008260
1.0840000000000	-0.0064486698770363
1.0880000000000	-0.0064490708948076
1.0920000000000	-0.0064503189447061
1.0960000000000	-0.0064524063628230
1.1000000000000	-0.0064553255305428
1.1040000000000	-0.0064590688743007
1.1080000000000	-0.0064636288653575
1.1120000000000	-0.0064689980195675
1.1160000000000	-0.0064751688971400
1.1200000000000	-0.0064821341024137
1.1240000000000	-0.0064898862836376
1.1280000000000	-0.0064984181327308
1.1320000000000	-0.0065077223850672
1.1360000000000	-0.0065177918192465
1.1400000000000	-0.0065286192568773
1.1440000000000	-0.0065401975623479
1.1480000000000	-0.0065525196426109
1.1520000000000	-0.0065655784469624
1.1560000000000	-0.0065793669668344
1.1600000000000	-0.0065938782355603
1.1640000000000	-0.0066091053281730
1.1680000000000	-0.0066250413611888
1.1720000000000	-0.0066416794923966
1.1760000000000	-0.0066590129206395
1.1800000000000	-0.0066770348856129
1.1840000000000	-0.0066957386676527
1.1880000000000	-0.0067151175875243
1.1920000000000	-0.0067351650062237
1.1960000000000	-0.0067558743247641
1.2000000000000	-0.0067772389839797
1.2040000000000	-0.0067992524643170
1.2080000000000	-0.0068219082856343
1.2120000000000	-0.0068452000070043
1.2160000000000	-0.0068691212265131
1.2200000000000	-0.0068936655810614
1.2240000000000	-0.0069188267461664
1.2280000000000	-0.0069445984357722
1.2320000000000	-0.0069709744020454
1.2360000000000	-0.0069979484351905
1.2400000000000	-0.0070255143632553
1.2440000000000	-0.0070536660519303
1.2480000000000	-0.0070823974043795
1.2520000000000	-0.0071117023610276
1.2560000000000	-0.0071415748993857
1.2600000000000	-0.0071720090338679
1.2640000000000	-0.0072029988155915
1.2680000000000	-0.0072345383322035
1.2720000000000	-0.0072666217076939
1.2760000000000	-0.0072992431022171
1.2800000000000	-0.0073323967119013
1.2840000000000	-0.0073660767686744
1.2880000000000	-0.0074002775400881
1.2920000000000	-0.0074349933291307
1.2960000000000	-0.0074702184740596
1.3000000000000	-0.0075059473482171
1.3040000000000	-0.0075421743598586
1.3080000000000	-0.0075788939519810
1.3120000000000	-0.0076161006021467
1.3160000000000	-0.0076537888223108
1.3200000000000	-0.0076919531586516
1.3240000000000	-0.0077305881914018
1.3280000000000	-0.0077696885346795
1.3320000000000	-0.0078092488363139
1.3360000000000	-0.0078492637776897
1.3400000000000	-0.0078897280735720
1.3440000000000	-0.0079306364719442
1.3480000000000	-0.0079719837538440
1.3520000000000	-0.0080137647331996
1.3560000000000	-0.0080559742566698
1.3600000000000	-0.0080986072034799
1.3640000000000	-0.0081416584852653
1.3680000000000	-0.0081851230459053
1.3720000000000	-0.0082289958613754
1.3760000000000	-0.0082732719395785
1.3800000000000	-0.0083179463201984
1.3840000000000	-0.0083630140745355
1.3880000000000	-0.0084084703053621
1.3920000000000	-0.0084543101467583
1.3960000000000	-0.0085005287639668
1.4000000000000	-0.0085471213532377
1.4040000000000	-0.0085940831416791
1.4080000000000	-0.0086414093871069
1.4120000000000	-0.0086890953778912
1.4160000000000	-0.0087371364328211
1.4200000000000	-0.0087855279009375
1.4240000000000	-0.0088342651614045
1.4280000000000	-0.0088833436233551
1.4320000000000	-0.0089327587257501
1.4360000000000	-0.0089825059372267
1.4400000000000	-0.0090325807559692
1.4440000000000	-0.0090829787095516
1.4480000000000	-0.0091336953548105
1.4520000000000	-0.0091847262776879
1.4560000000000	-0.0092360670931153
1.4600000000000	-0.0092877134448492
1.4640000000000	-0.0093396610053477
1.4680000000000	-0.0093919054756376
1.4720000000000	-0.0094444425851620
1.4760000000000	-0.0094972680916643
1.4800000000000	-0.0095503777810355
1.4840000000000	-0.0096037674671877
1.4880000000000	-0.0096574329919347
1.4920000000000	-0.0097113702248302
1.4960000000000	-0.0097655750630611
1.5000000000000	-0.0098200434313123
1.5040000000000	-0.0098747712816308
1.5080000000000	-0.0099297545932969
1.5120000000000	-0.0099849893727007
1.5160000000000	-0.010040471653212
1.5200000000000	-0.010096197495055
1.5240000000000	-0.010152162985185
1.5280000000000	-0.010208364237150
1.5320000000000	-0.010264797390986
1.5360000000000	-0.010321458613078
1.5400000000000	-0.010378344096046
1.5440000000000	-0.010435450058614
1.5480000000000	-0.010492772745503
1.5520000000000	-0.010550308427291
1.5560000000000	-0.010608053400313
1.5600000000000	-0.010666003986525
1.5640000000000	-0.010724156533398
1.5680000000000	-0.010782507413792
1.5720000000000	-0.010841053025846
1.5760000000000	-0.010899789792852
1.5800000000000	-0.010958714163150
1.5840000000000	-0.011017822610008
1.5880000000000	-0.011077111631509
1.5920000000000	-0.011136577750434
1.5960000000000	-0.011196217514155
1.6000000000000	-0.011256027494518
1.6040000000000	-0.011316004287738
1.6080000000000	-0.011376144514279
1.6120000000000	-0.011436444818749
1.6160000000000	-0.011496901869798
1.6200000000000	-0.011557512359996
1.6240000000000	-0.011618273005734
1.6280000000000	-0.011679180547110
1.6320000000000	-0.011740231747832
1.6360000000000	-0.011801423395102
1.6400000000000	-0.011862752299520
1.6440000000000	-0.011924215294971
1.6480000000000	-0.011985809238522
1.6520000000000	-0.012047531010327
1.6560000000000	-0.012109377513519
1.6600000000000	-0.012171345674100
1.6640000000000	-0.012233432440856
1.6680000000000	-0.012295634785240
1.6720000000000	-0.012357949701284
1.6760000000000	-0.012420374205493
1.6800000000000	-0.012482905336747
1.6840000000000	-0.012545540156210
1.6880000000000	-0.012608275747216
1.6920000000000	-0.012671109215186
1.6960000000000	-0.012734037687533
1.7000000000000	-0.012797058313552
1.7040000000000	-0.012860168264340
1.7080000000000	-0.012923364732692
1.7120000000000	-0.012986644933012
1.7160000000000	-0.013050006101214
1.7200000000000	-0.013113445494638
1.7240000000000	-0.013176960391950
1.7280000000000	-0.013240548093051
1.7320000000000	-0.013304205918990
1.7360000000000	-0.013367931211873
1.7400000000000	-0.013431721334773
1.7440000000000	-0.013495573671631
1.7480000000000	-0.013559485627184
1.7520000000000	-0.013623454626869
1.7560000000000	-0.013687478116729
1.7600000000000	-0.013751553563336
1.7640000000000	-0.013815678453699
1.7680000000000	-0.013879850295182
1.7720000000000	-0.013944066615411
1.7760000000000	-0.014008324962204
1.7800000000000	-0.014072622903465
1.7840000000000	-0.014136958027124
1.7880000000000	-0.014201327941034
1.7920000000000	-0.014265730272903
1.7960000000000	-0.014330162670201
1.8000000000000	-0.014394622800090
1.8040000000000	-0.014459108349325
1.8080000000000	-0.014523617024196
1.8120000000000	-0.014588146550434
1.8160000000000	-0.014652694673130
1.8200000000000	-0.014717259156664
1.8240000000000	-0.014781837784625
1.8280000000000	-0.014846428359729
1.8320000000000	-0.014911028703744
1.8360000000000	-0.014975636657416
1.8400000000000	-0.015040250080384
1.8440000000000	-0.015104866851119
1.8480000000000	-0.015169484866832
1.8520000000000	-0.015234102043414
1.8560000000000	-0.015298716315345
1.8600000000000	-0.015363325635643
1.8640000000000	-0.015427927975765
1.8680000000000	-0.015492521325558
1.8720000000000	-0.015557103693168
1.8760000000000	-0.015621673104982
1.8800000000000	-0.015686227605544
1.8840000000000	-0.015750765257494
1.8880000000000	-0.015815284141494
1.8920000000000	-0.015879782356160
1.8960000000000	-0.015944258017989
1.9000000000000	-0.016008709261292
1.9040000000000	-0.016073134238124
1.9080000000000	-0.016137531118224
1.9120000000000	-0.016201898088932
1.9160000000000	-0.016266233355140
1.9200000000000	-0.016330535139209
1.9240000000000	-0.016394801680915
1.9280000000000	-0.016459031237374
1.9320000000000	-0.016523222082987
1.9360000000000	-0.016587372509363
1.9400000000000	-0.016651480825266
1.9440000000000	-0.016715545356546
1.9480000000000	-0.016779564446074
1.9520000000000	-0.016843536453680
1.9560000000000	-0.016907459756093
1.9600000000000	-0.016971332746876
1.9640000000000	-0.017035153836370
1.9680000000000	-0.017098921451619
1.9720000000000	-0.017162634036330
1.9760000000000	-0.017226290050791
1.9800000000000	-0.017289887971825
1.9840000000000	-0.017353426292731
1.9880000000000	-0.017416903523211
1.9920000000000	-0.017480318189331
1.9960000000000	-0.017543668833445
2.0000000000000	-0.017606954014151
2.0040000000000	-0.017670172306222
2.0080000000000	-0.017733322300557
2.0120000000000	-0.017796402604123
2.0160000000000	-0.017859411839895
2.0200000000000	-0.017922348646805
2.0240000000000	-0.017985211679686
2.0280000000000	-0.018047999609210
2.0320000000000	-0.018110711121846
2.0360000000000	-0.018173344919796
2.0400000000000	-0.018235899720943
2.0440000000000	-0.018298374258802
2.0480000000000	-0.018360767282462
2.0520000000000	-0.018423077556537
2.0560000000000	-0.018485303861110
2.0600000000000	-0.018547444991687
2.0640000000000	-0.018609499759140
2.0680000000000	-0.018671466989658
2.0720000000000	-0.018733345524700
2.0760000000000	-0.018795134220938
2.0800000000000	-0.018856831950213
2.0840000000000	-0.018918437599482
2.0880000000000	-0.018979950070769
2.0920000000000	-0.019041368281125
2.0960000000000	-0.019102691162561
2.1000000000000	-0.019163917662019
2.1040000000000	-0.019225046741316
2.1080000000000	-0.019286077377096
2.1120000000000	-0.019347008560789
2.1160000000000	-0.019407839298550
2.1200000000000	-0.019468568611235
2.1240000000000	-0.019529195534341
2.1280000000000	-0.019589719117955
2.1320000000000	-0.019650138426730
2.1360000000000	-0.019710452539817
2.1400000000000	-0.019770660550836
2.1440000000000	-0.019830761567830
2.1480000000000	-0.019890754713213
2.1520000000000	-0.019950639123737
2.1560000000000	-0.020010413950446
2.1600000000000	-0.020070078358628
2.1640000000000	-0.020129631527779
2.1680000000000	-0.020189072651561
2.1720000000000	-0.020248400937757
2.1760000000000	-0.020307615608231
2.1800000000000	-0.020366715898896
2.1840000000000	-0.020425701059654
2.1880000000000	-0.020484570354374
2.1920000000000	-0.020543323060847
2.1960000000000	-0.020601958470741
2.2000000000000	-0.020660475889571
2.2040000000000	-0.020718874636650
2.2080000000000	-0.020777154045065
2.2120000000000	-0.020835313461621
2.2160000000000	-0.020893352246817
2.2200000000000	-0.020951269774803
2.2240000000000	-0.021009065433346
2.2280000000000	-0.021066738623788
2.2320000000000	-0.021124288761014
2.2360000000000	-0.021181715273414
2.2400000000000	-0.021239017602850
2.2440000000000	-0.021296195204617
2.2480000000000	-0.021353247547409
2.2520000000000	-0.021410174113281
2.2560000000000	-0.021466974397627
2.2600000000000	-0.021523647909129
2.2640000000000	-0.021580194169732
2.2680000000000	-0.021636612714612
2.2720000000000	-0.021692903092134
2.2760000000000	-0.021749064863835
2.2800000000000	-0.021805097604372
2.2840000000000	-0.021861000901504
2.2880000000000	-0.021916774356054
2.2920000000000	-0.021972417581879
2.2960000000000	-0.022027930205834
2.3000000000000	-0.022083311867751
2.3040000000000	-0.022138562220400
2.3080000000000	-0.022193680929457
2.3120000000000	-0.022248667673480
2.3160000000000	-0.022303522143882
2.3200000000000	-0.022358244044886
2.3240000000000	-0.022412833093509
2.3280000000000	-0.022467289019535
2.3320000000000	-0.022521611565472
2.3360000000000	-0.022575800486542
2.3400000000000	-0.022629855550637
2.3440000000000	-0.022683776538295
2.3480000000000	-0.022737563242685
2.3520000000000	-0.022791215469558
2.3560000000000	-0.022844733037242
2.3600000000000	-0.022898115776600
2.3640000000000	-0.022951363531006
2.3680000000000	-0.023004476156328
2.3720000000000	-0.023057453520889
2.3760000000000	-0.023110295505457
2.3800000000000	-0.023163002003202
2.3840000000000	-0.023215572919685
2.3880000000000	-0.023268008172827
2.3920000000000	-0.023320307692885
2.3960000000000	-0.023372471422432
2.4000000000000	-0.023424499316325
2.4040000000000	-0.023476391341692
2.4080000000000	-0.023528147477897
2.4120000000000	-0.023579767716527
2.4160000000000	-0.023631252061364
2.4200000000000	-0.023682600528364
2.4240000000000	-0.023733813145635
2.4280000000000	-0.023784889953412
2.4320000000000	-0.023835831004044
2.4360000000000	-0.023886636361958
2.4400000000000	-0.023937306103653
2.4440000000000	-0.023987840317669
2.4480000000000	-0.024038239104570
2.4520000000000	-0.024088502576927
2.4560000000000	-0.024138630859291
2.4600000000000	-0.024188624088178
2.4640000000000	-0.024238482412045
2.4680000000000	-0.024288205991282
2.4720000000000	-0.024337794998172
2.4760000000000	-0.024387249616897
2.4800000000000	-0.024436570043503
2.4840000000000	-0.024485756485884
2.4880000000000	-0.024534809163769
2.4920000000000	-0.024583728308701
2.4960000000000	-0.024632514164019
2.5000000000000	-0.024681166984843
2.5040000000000	-0.024729687038057
2.5080000000000	-0.024778074602288
2.5120000000000	-0.024826329967893
2.5160000000000	-0.024874453436947
2.5200000000000	-0.024922445323217
2.5240000000000	-0.024970305952154
2.5280000000000	-0.025018035660876
2.5320000000000	-0.025065634798154
2.5360000000000	-0.025113103724389
2.5400000000000	-0.025160442811607
2.5440000000000	-0.025207652443444
2.5480000000000	-0.025254733015125
2.5520000000000	-0.025301684933453
2.5560000000000	-0.025348508616801
2.5600000000000	-0.025395204495088
2.5640000000000	-0.025441773009774
2.5680000000000	-0.025488214613846
2.5720000000000	-0.025534529771799
2.5760000000000	-0.025580718959632
2.5800000000000	-0.025626782664830
2.5840000000000	-0.025672721386358
2.5880000000000	-0.025718535634637
2.5920000000000	-0.025764225931549
2.5960000000000	-0.025809792810408
2.6000000000000	-0.025855236815967
2.6040000000000	-0.025900558504392
2.6080000000000	-0.025945758443261
2.6120000000000	-0.025990837211553
2.6160000000000	-0.026035795399621
2.6200000000000	-0.026080633609217
2.6240000000000	-0.026125352453445
2.6280000000000	-0.026169952556775
2.6320000000000	-0.026214434555029
2.6360000000000	-0.026258799095363
2.6400000000000	-0.026303046836271
2.6440000000000	-0.026347178447569
2.6480000000000	-0.026391194610388
2.6520000000000	-0.026435096017166
2.6560000000000	-0.026478883371644
2.6600000000000	-0.026522557388848
2.6640000000000	-0.026566118795094
2.6680000000000	-0.026609568327977
2.6720000000000	-0.026652906736359
2.6760000000000	-0.026696134780367
2.6800000000000	-0.026739253231385
2.6840000000000	-0.026782262872048
2.6880000000000	-0.026825164496238
2.6920000000000	-0.026867958909077
2.6960000000000	-0.026910646926916
2.7000000000000	-0.026953229377343
2.7040000000000	-0.026995707099161
2.7080000000000	-0.027038080942396
2.7120000000000	-0.027080351768291
2.7160000000000	-0.027122520449289
2.7200000000000	-0.027164587869049
2.7240000000000	-0.027206554922426
2.7280000000000	-0.027248422515472
2.7320000000000	-0.027290191565437
2.7360000000000	-0.027331863000757
2.7400000000000	-0.027373437761058
2.7440000000000	-0.027414916797153
2.7480000000000	-0.027456301071033
2.7520000000000	-0.027497591555871
2.7560000000000	-0.027538789236015
2.7600000000000	-0.027579895106994
2.7640000000000	-0.027620910175503
2.7680000000000	-0.027661835459413
2.7720000000000	-0.027702671987768
2.7760000000000	-0.027743420800778
2.7800000000000	-0.027784082949821
2.7840000000000	-0.027824659497444
2.7880000000000	-0.027865151517365
2.7920000000000	-0.027905560094461
2.7960000000000	-0.027945886324783
2.8000000000000	-0.027986131315547
2.8040000000000	-0.028026296185133
2.8080000000000	-0.028066382063095
2.8120000000000	-0.028106390090151
2.8160000000000	-0.028146321418193
2.8200000000000	-0.028186177210276
2.8240000000000	-0.028225958640637
2.8280000000000	-0.028265666894681
2.8320000000000	-0.028305303168990
2.8360000000000	-0.028344868671326
2.8400000000000	-0.028384364620629
2.8440000000000	-0.028423792247018
2.8480000000000	-0.028463152791805
2.8520000000000	-0.028502447507485
2.8560000000000	-0.028541677657745
2.8600000000000	-0.028580844517467
2.8640000000000	-0.028619949372731
2.8680000000000	-0.028658993520818
2.8720000000000	-0.028697978270214
2.8760000000000	-0.028736904940618
2.8800000000000	-0.028775774862939
2.8840000000000	-0.028814589379308
2.8880000000000	-0.028853349843072
2.8920000000000	-0.028892057618821
2.8960000000000	-0.028930714082366
2.9000000000000	-0.028969320620759
2.9040000000000	-0.029007878632299
2.9080000000000	-0.029046389526534
2.9120000000000	-0.029084854724270
2.9160000000000	-0.029123275657570
2.9200000000000	-0.029161653769772
2.9240000000000	-0.029199990515488
2.9280000000000	-0.029238287360612
2.9320000000000	-0.029276545782322
2.9360000000000	-0.029314767269101
2.9400000000000	-0.029352953320730
2.9440000000000	-0.029391105448303
2.9480000000000	-0.029429225174236
2.9520000000000	-0.029467314032267
2.9560000000000	-0.029505373567475
2.9600000000000	-0.029543405336279
2.9640000000000	-0.029581410906452
2.9680000000000	-0.029619391857130
2.9720000000000	-0.029657349778817
2.9760000000000	-0.029695286273399
2.9800000000000	-0.029733202954152
2.9840000000000	-0.029771101445745
2.9880000000000	-0.029808983384264
2.9920000000000	-0.029846850417208
2.9960000000000	-0.029884704203508
3.0000000000000	-0.029922546413534
3.0040000000000	-0.029960378729102
3.0080000000000	-0.029998202843499
3.0120000000000	-0.030036020461471
3.0160000000000	-0.030073833299261
3.0200000000000	-0.030111643084596
3.0240000000000	-0.030149451556714
3.0280000000000	-0.030187260466374
3.0320000000000	-0.030225071575861
3.0360000000000	-0.030262886659004
3.0400000000000	-0.030300707501190
3.0440000000000	-0.030338535899368
3.0480000000000	-0.030376373662076
3.0520000000000	-0.030414222609436
3.0560000000000	-0.030452084573187
3.0600000000000	-0.030489961396682
3.0640000000000	-0.030527854934911
3.0680000000000	-0.030565767054512
3.0720000000000	-0.030603699633783
3.0760000000000	-0.030641654562700
3.0800000000000	-0.030679633742934
3.0840000000000	-0.030717639087854
3.0880000000000	-0.030755672522554
3.0920000000000	-0.030793735983865
3.0960000000000	-0.030831831420365
3.1000000000000	-0.030869960792402
3.1040000000000	-0.030908126072102
3.1080000000000	-0.030946329243395
3.1120000000000	-0.030984572302016
3.1160000000000	-0.031022857255539
3.1200000000000	-0.031061186123380
3.1240000000000	-0.031099560936819
3.1280000000000	-0.031137983739020
3.1320000000000	-0.031176456585036
3.1360000000000	-0.031214981541843
3.1400000000000	-0.031253560688347
3.1440000000000	-0.031292196115401
3.1480000000000	-0.031330889925825
3.1520000000000	-0.031369644234430
3.1560000000000	-0.031408461168027
3.1600000000000	-0.031447342865452
3.1640000000000	-0.031486291477575
3.1680000000000	-0.031525309167337
3.1720000000000	-0.031564398109750
3.1760000000000	-0.031603560491927
3.1800000000000	-0.031642798513097
3.1840000000000	-0.031682114384632
3.1880000000000	-0.031721510330053
3.1920000000000	-0.031760988585063
3.1960000000000	-0.031800551397566
3.2000000000000	-0.031840201027674
3.2040000000000	-0.031879939747752
3.2080000000000	-0.031919769842408
3.2120000000000	-0.031959693608548
3.2160000000000	-0.031999713355366
3.2200000000000	-0.032039831404385
3.2240000000000	-0.032080050089476
3.2280000000000	-0.032120371756873
3.2320000000000	-0.032160798765200
3.2360000000000	-0.032201333485491
3.2400000000000	-0.032241978301216
3.2440000000000	-0.032282735608302
3.2480000000000	-0.032323607815154
3.2520000000000	-0.032364597342679
3.2560000000000	-0.032405706624310
3.2600000000000	-0.032446938106031
3.2640000000000	-0.032488294246397
3.2680000000000	-0.032529777516559
3.2720000000000	-0.032571390400293
3.2760000000000	-0.032613135394013
3.2800000000000	-0.032655015006809
3.2840000000000	-0.032697031760466
3.2880000000000	-0.032739188189481
3.2920000000000	-0.032781486841102
3.2960000000000	-0.032823930275345
3.3000000000000	-0.032866521065018
3.3040000000000	-0.032909261795757
3.3080000000000	-0.032952155066034
3.3120000000000	-0.032995203487204
3.3160000000000	-0.033038409683517
3.3200000000000	-0.033081776292148
3.3240000000000	-0.033125305963225
3.3280000000000	-0.033169001359856
3.3320000000000	-0.033212865158153
3.3360000000000	-0.033256900047266
3.3400000000000	-0.033301108729405
3.3440000000000	-0.033345493919865
3.3480000000000	-0.033390058347063
3.3520000000000	-0.033434804752560
3.3560000000000	-0.033479735891086
3.3600000000000	-0.033524854530582
3.3640000000000	-0.033570163452212
3.3680000000000	-0.033615665450404
3.3720000000000	-0.033661363332872
3.3760000000000	-0.033707259920651
3.3800000000000	-0.033753358048122
3.3840000000000	-0.033799660563043
3.3880000000000	-0.033846170326588
3.3920000000000	-0.033892890213355
3.3960000000000	-0.033939823111423
3.4000000000000	-0.033986971922363
3.4040000000000	-0.034034339561278
3.4080000000000	-0.034081928956831
3.4120000000000	-0.034129743051279
3.4160000000000	-0.034177784800501
3.4200000000000	-0.034226057174033
3.4240000000000	-0.034274563155094
3.4280000000000	-0.034323305740628
3.4320000000000	-0.034372287941326
3.4360000000000	-0.034421512781666
3.4400000000000	-0.034470983299941
3.4440000000000	-0.034520702548295
3.4480000000000	-0.034570673592752
3.4520000000000	-0.034620899513255
3.4560000000000	-0.034671383403697
3.4600000000000	-0.034722128371950
3.4640000000000	-0.034773137539913
3.4680000000000	-0.034824414043523
3.4720000000000	-0.034875961032813
3.4760000000000	-0.034927781671937
3.4800000000000	-0.034979879139197
3.4840000000000	-0.035032256627092
3.4880000000000	-0.035084917342345
3.4920000000000	-0.035137864505939
3.4960000000000	-0.035191101353155
3.5000000000000	-0.035244631133606
3.5040000000000	-0.035298457111274
3.5080000000000	-0.035352582564548
3.5120000000000	-0.035407010786258
3.5160000000000	-0.035461745083707
3.5200000000000	-0.035516788778722
3.5240000000000	-0.035572145207678
3.5280000000000	-0.035627817721540
3.5320000000000	-0.035683809685902
3.5360000000000	-0.035740124481023
3.5400000000000	-0.035796765501863
3.5440000000000	-0.035853736158129
3.5480000000000	-0.035911039874303
3.5520000000000	-0.035968680089687
3.5560000000000	-0.036026660258445
3.5600000000000	-0.036084983849632
3.5640000000000	-0.036143654347245
3.5680000000000	-0.036202675250249
3.5720000000000	-0.036262050072635
3.5760000000000	-0.036321782343439
3.5800000000000	-0.036381875606803
3.5840000000000	-0.036442333421996
3.5880000000000	-0.036503159363473
3.5920000000000	-0.036564357020900
3.5960000000000	-0.036625929999204
3.6000000000000	-0.036687881918614
3.6040000000000	-0.036750216414698
3.6080000000000	-0.036812937138411
3.6120000000000	-0.036876047756131
3.6160000000000	-0.036939551949708
3.6200000000000	-0.037003453416492
3.6240000000000	-0.037067755869401
3.6280000000000	-0.037132463036938
3.6320000000000	-0.037197578663249
3.6360000000000	-0.037263106508162
3.6400000000000	-0.037329050347229
3.6440000000000	-0.037395413971776
3.6480000000000	-0.037462201188939
3.6520000000000	-0.037529415821714
3.6560000000000	-0.037597061708999
3.6600000000000	-0.037665142705641
3.6640000000000	-0.037733662682473
3.6680000000000	-0.037802625526373
3.6720000000000	-0.037872035140298
3.6760000000000	-0.037941895443335
3.6800000000000	-0.038012210370741
3.6840000000000	-0.038082983874002
3.6880000000000	-0.038154219920859
3.6920000000000	-0.038225922495377
3.6960000000000	-0.038298095597973
3.7000000000000	-0.038370743245475
3.7040000000000	-0.038443869471167
3.7080000000000	-0.038517478324827
3.7120000000000	-0.038591573872793
3.7160000000000	-0.038666160197991
3.7200000000000	-0.038741241399995
3.7240000000000	-0.038816821595078
3.7280000000000	-0.038892904916247
3.7320000000000	-0.038969495513309
3.7360000000000	-0.039046597552904
3.7400000000000	-0.039124215218567
3.7440000000000	-0.039202352710771
3.7480000000000	-0.039281014246975
3.7520000000000	-0.039360204061685
3.7560000000000	-0.039439926406486
3.7600000000000	-0.039520185550112
3.7640000000000	-0.039600985778485
3.7680000000000	-0.039682331394768
3.7720000000000	-0.039764226719415
3.7760000000000	-0.039846676090232
3.7800000000000	-0.039929683862412
3.7840000000000	-0.040013254408605
3.7880000000000	-0.040097392118954
3.7920000000000	-0.040182101401162
3.7960000000000	-0.040267386680532
3.8000000000000	-0.040353252400028
3.8040000000000	-0.040439703020325
3.8080000000000	-0.040526743019865
3.8120000000000	-0.040614376894908
3.8160000000000	-0.040702609159584
3.8200000000000	-0.040791444345956
3.8240000000000	-0.040880887004063
3.8280000000000	-0.040970941701981
3.8320000000000	-0.041061613025880
3.8360000000000	-0.041152905580071
3.8400000000000	-0.041244823987071
3.8440000000000	-0.041337372887652
3.8480000000000	-0.041430556940898
3.8520000000000	-0.041524380824266
3.8560000000000	-0.041618849233633
3.8600000000000	-0.041713966883364
3.8640000000000	-0.041809738506356
3.8680000000000	-0.041906168854110
3.8720000000000	-0.042003262696775
3.8760000000000	-0.042101024823212
3.8800000000000	-0.042199460041052
3.8840000000000	-0.042298573176757
3.8880000000000	-0.042398369075662
3.8920000000000	-0.042498852602065
3.8960000000000	-0.042600028639250
3.9000000000000	-0.042701902089572
3.9040000000000	-0.042804477874507
3.9080000000000	-0.042907760934712
3.9120000000000	-0.043011756230083
3.9160000000000	-0.043116468739823
3.9200000000000	-0.043221903462486
3.9240000000000	-0.043328065416064
3.9280000000000	-0.043434959638020
3.9320000000000	-0.043542591185368
3.9360000000000	-0.043650965134727
3.9400000000000	-0.043760086582382
3.9440000000000	-0.043869960644352
3.9480000000000	-0.043980592456444
3.9520000000000	-0.044091987174325
3.9560000000000	-0.044204149973575
3.9600000000000	-0.044317086049755
3.9640000000000	-0.044430800618475
3.9680000000000	-0.044545298915445
3.9720000000000	-0.044660586196550
3.9760000000000	-0.044776667737916
3.9800000000000	-0.044893548835960
3.9840000000000	-0.045011234807466
3.9880000000000	-0.045129730989651
3.9920000000000	-0.045249042740221
3.9960000000000	-0.045369175437450
4.0000000000000	-0.045490134480230
4.0040000000000	-0.045611925288148
4.0080000000000	-0.045734553301548
4.0120000000000	-0.045858023981598
4.0160000000000	-0.045982342810359
4.0200000000000	-0.046107515290848
4.0240000000000	-0.046233546947114
4.0280000000000	-0.046360443324288
4.0320000000000	-0.046488209988673
4.0360000000000	-0.046616852527793
4.0400000000000	-0.046746376550474
4.0440000000000	-0.046876787686905
4.0480000000000	-0.047008091588718
4.0520000000000	-0.047140293929042
4.0560000000000	-0.047273400402579
4.0600000000000	-0.047407416725683
4.0640000000000	-0.047542348636411
4.0680000000000	-0.047678201894613
4.0720000000000	-0.047814982281994
4.0760000000000	-0.047952695602175
4.0800000000000	-0.048091347680788
4.0840000000000	-0.048230944365519
4.0880000000000	-0.048371491526202
4.0920000000000	-0.048512995054888
4.0960000000000	-0.048655460865900
4.1000000000000	-0.048798894895930
4.1040000000000	-0.048943303104089
4.1080000000000	-0.049088691472003
4.1120000000000	-0.049235066003862
4.1160000000000	-0.049382432726515
4.1200000000000	-0.049530797689535
4.1240000000000	-0.049680166965286
4.1280000000000	-0.049830546649014
4.1320000000000	-0.049981942858907
4.1360000000000	-0.050134361736180
4.1400000000000	-0.050287809445142
4.1440000000000	-0.050442292173280
4.1480000000000	-0.050597816131332
4.1520000000000	-0.050754387553358
4.1560000000000	-0.050912012696824
4.1600000000000	-0.051070697842678
4.1640000000000	-0.051230449295419
4.1680000000000	-0.051391273383189
4.1720000000000	-0.051553176457835
4.1760000000000	-0.051716164894998
4.1800000000000	-0.051880245094190
4.1840000000000	-0.052045423478862
4.1880000000000	-0.052211706496502
4.1920000000000	-0.052379100618699
4.1960000000000	-0.052547612341220
4.2000000000000	-0.052717248184112
4.2040000000000	-0.052888014691754
4.2080000000000	-0.053059918432956
4.2120000000000	-0.053232966001031
4.2160000000000	-0.053407164013887
4.2200000000000	-0.053582519114090
4.2240000000000	-0.053759037968960
4.2280000000000	-0.053936727270654
4.2320000000000	-0.054115593736235
4.2360000000000	-0.054295644107770
4.2400000000000	-0.054476885152401
4.2440000000000	-0.054659323662431
4.2480000000000	-0.054842966455414
4.2520000000000	-0.055027820374231
4.2560000000000	-0.055213892287175
4.2600000000000	-0.055401189088043
4.2640000000000	-0.055589717696208
4.2680000000000	-0.055779485056715
4.2720000000000	-0.055970498140356
4.2760000000000	-0.056162763943767
4.2800000000000	-0.056356289489511
4.2840000000000	-0.056551081826152
4.2880000000000	-0.056747148028358
4.2920000000000	-0.056944495196976
4.2960000000000	-0.057143130459131
4.3000000000000	-0.057343060968295
4.3040000000000	-0.057544293904399
4.3080000000000	-0.057746836473895
4.3120000000000	-0.057950695909866
4.3160000000000	-0.058155879472101
4.3200000000000	-0.058362394447193
4.3240000000000	-0.058570248148620
4.3280000000000	-0.058779447916840
4.3320000000000	-0.058990001119379
4.3360000000000	-0.059201915150924
4.3400000000000	-0.059415197433408
4.3440000000000	-0.059629855416105
4.3480000000000	-0.059845896575722
4.3520000000000	-0.060063328416490
4.3560000000000	-0.060282158470246
4.3600000000000	-0.060502394296544
4.3640000000000	-0.060724043482728
4.3680000000000	-0.060947113644042
4.3720000000000	-0.061171612423709
4.3760000000000	-0.061397547493031
4.3800000000000	-0.061624926551486
4.3840000000000	-0.061853757326813
4.3880000000000	-0.062084047575112
4.3920000000000	-0.062315805080940
4.3960000000000	-0.062549037657402
4.4000000000000	-0.062783753146251
4.4040000000000	-0.063019959417976
4.4080000000000	-0.063257664371908
4.4120000000000	-0.063496875936308
4.4160000000000	-0.063737602068467
4.4200000000000	-0.063979850754801
4.4240000000000	-0.064223630010956
4.4280000000000	-0.064468947881893
4.4320000000000	-0.064715812441996
4.4360000000000	-0.064964231795164
4.4400000000000	-0.065214214074912
4.4440000000000	-0.065465767444475
4.4480000000000	-0.065718900096898
4.4520000000000	-0.065973620255140
4.4560000000000	-0.066229936172176
4.4600000000000	-0.066487856131091
4.4640000000000	-0.066747388445191
4.4680000000000	-0.067008541458086
4.4720000000000	-0.067271323543817
4.4760000000000	-0.067535743106935
4.4800000000000	-0.067801808582607
4.4840000000000	-0.068069528436733
4.4880000000000	-0.068338911166028
4.4920000000000	-0.068609965298144
4.4960000000000	-0.068882699391753
4.5000000000000	-0.069157122036666
4.5040000000000	-0.069433241853938
4.5080000000000	-0.069711067495955
4.5120000000000	-0.069990607646563
4.5160000000000	-0.070271871021148
4.5200000000000	-0.070554866366758
4.5240000000000	-0.070839602462208
4.5280000000000	-0.071126088118174
4.5320000000000	-0.071414332177308
4.5360000000000	-0.071704343514350
4.5400000000000	-0.071996131036220
4.5440000000000	-0.072289703682137
4.5480000000000	-0.072585070423725
4.5520000000000	-0.072882240265114
4.5560000000000	-0.073181222243058
4.5600000000000	-0.073482025427035
4.5640000000000	-0.073784658919364
4.5680000000000	-0.074089131855307
4.5720000000000	-0.074395453403179
4.5760000000000	-0.074703632764467
4.5800000000000	-0.075013679173929
4.5840000000000	-0.075325601899713
4.5880000000000	-0.075639410243461
4.5920000000000	-0.075955113540428
4.5960000000000	-0.076272721159587
4.6000000000000	-0.076592242503742
4.6040000000000	-0.076913687009645
4.6080000000000	-0.077237064148104
4.6120000000000	-0.077562383424101
4.6160000000000	-0.077889654376897
4.6200000000000	-0.078218886580154
4.6240000000000	-0.078550089642047
4.6280000000000	-0.078883273205374
4.6320000000000	-0.079218446947677
4.6360000000000	-0.079555620581353
4.6400000000000	-0.079894803853773
4.6440000000000	-0.080236006547391
4.6480000000000	-0.080579238479870
4.6520000000000	-0.080924509504190
4.6560000000000	-0.081271829508772
4.6600000000000	-0.081621208417583
4.6640000000000	-0.081972656190273
4.6680000000000	-0.082326182822273
4.6720000000000	-0.082681798344927
4.6760000000000	-0.083039512825605
4.6800000000000	-0.083399336367822
4.6840000000000	-0.083761279111357
4.6880000000000	-0.084125351232374
4.6920000000000	-0.084491562943544
4.6960000000000	-0.084859924494160
4.7000000000000	-0.085230446170263
4.7040000000000	-0.085603138294761
4.7080000000000	-0.085978011227546
4.7120000000000	-0.086355075365624
4.7160000000000	-0.086734341143229
4.7200000000000	-0.087115819031958
4.7240000000000	-0.087499519540875
4.7280000000000	-0.087885453216648
4.7320000000000	-0.088273630643674
4.7360000000000	-0.088664062444188
4.7400000000000	-0.089056759278406
4.7440000000000	-0.089451731844635
4.7480000000000	-0.089848990879407
4.7520000000000	-0.090248547157595
4.7560000000000	-0.090650411492551
4.7600000000000	-0.091054594736219
4.7640000000000	-0.091461107779273
4.7680000000000	-0.091869961551237
4.7720000000000	-0.092281167020610
4.7760000000000	-0.092694735194995
4.7800000000000	-0.093110677121239
4.7840000000000	-0.093529003885535
4.7880000000000	-0.093949726613580
4.7920000000000	-0.094372856470677
4.7960000000000	-0.094798404661888
4.8000000000000	-0.095226382432141
4.8040000000000	-0.095656801066378
4.8080000000000	-0.096089671889679
4.8120000000000	-0.096525006267387
4.8160000000000	-0.096962815605243
4.8200000000000	-0.097403111349518
4.8240000000000	-0.097845904987154
4.8280000000000	-0.098291208045871
4.8320000000000	-0.098739032094321
4.8360000000000	-0.099189388742216
4.8400000000000	-0.099642289640455
4.8440000000000	-0.10009774648126
4.8480000000000	-0.10055577099833
4.8520000000000	-0.10101637496691
4.8560000000000	-0.10147957020403
4.8600000000000	-0.10194536856854
4.8640000000000	-0.10241378196129
4.8680000000000	-0.10288482232528
4.8720000000000	-0.10335850164576
4.8760000000000	-0.10383483195039
4.8800000000000	-0.10431382530938
4.8840000000000	-0.10479549383559
4.8880000000000	-0.10527984968471
4.8920000000000	-0.10576690505539
4.8960000000000	-0.10625667218935
4.9000000000000	-0.10674916337155
4.9040000000000	-0.10724439093031
4.9080000000000	-0.10774236723745
4.9120000000000	-0.10824310470846
4.9160000000000	-0.10874661580257
4.9200000000000	-0.10925291302296
4.9240000000000	-0.10976200891688
4.9280000000000	-0.11027391607576
4.9320000000000	-0.11078864713540
4.9360000000000	-0.11130621477607
4.9400000000000	-0.11182663172267
4.9440000000000	-0.11234991074487
4.9480000000000	-0.11287606465725
4.9520000000000	-0.11340510631946
4.9560000000000	-0.11393704863632
4.9600000000000	-0.11447190455801
4.9640000000000	-0.11500968708021
4.9680000000000	-0.11555040924418
4.9720000000000	-0.11609408413701
4.9760000000000	-0.11664072489165
4.9800000000000	-0.11719034468717
4.9840000000000	-0.11774295674881
4.9880000000000	-0.11829857434816
4.9920000000000	-0.11885721080334
4.9960000000000	-0.11941887947908
5.0000000000000	-0.11998359378695
#Parameters = {D_center=12; L1=14.16; L2=5; L3=2; L4=15; L_diff=2.83; L_sub=41.66; W_50=1.36; W_sub=41.66; Z_mid=20.83; cm=0.3; ct=12; g_slot=0.8; h1=2; h2=2; h3=2; h4=2; h_sub=0.4; hole_puncher=0.87365; hole_puncher1=0.9; margin=1.44; needle_radius=0.635; nutrient_solution=0.01; pipe_OD=50; pipe_Ri=8; pipe_Ro=10; r_SRR=18; r_SRR_in=15.6; sigma_fluid=0.5; spacing=0.4; t_PDMS_microstrip=0.35; t_SRR=0.07; t_gnd=0.07; t_metal=0.5; t_microstrip=0.07; t_wall=2; w_channel=2; w_diff=2.83}
#"Frequency / GHz"	"S1,1 (13) [Magnitude / dB]"
#----------------------------------------------
1.0000000000000	-0.0069407794244858
1.0040000000000	-0.0069699404733077
1.0080000000000	-0.0069992065702105
1.0120000000000	-0.0070285777026649
1.0160000000000	-0.0070580538580779
1.0200000000000	-0.0070876350238118
1.0240000000000	-0.0071173211871680
1.0280000000000	-0.0071471123354010
1.0320000000000	-0.0071770084557046
1.0360000000000	-0.0072070095352279
1.0400000000000	-0.0072371155610608
1.0440000000000	-0.0072673265202427
1.0480000000000	-0.0072976423997658
1.0520000000000	-0.0073280631865617
1.0560000000000	-0.0073585888675179
1.0600000000000	-0.0073892194294681
1.0640000000000	-0.0074199548591950
1.0680000000000	-0.0074507951434323
1.0720000000000	-0.0074817402688600
1.0760000000000	-0.0075127902221109
1.0800000000000	-0.0075439449897707
1.0840000000000	-0.0075752045583667
1.0880000000000	-0.0076065689143883
1.0920000000000	-0.0076380380442677
1.0960000000000	-0.0076696119343936
1.1000000000000	-0.0077012905711038
1.1040000000000	-0.0077330739406918
1.1080000000000	-0.0077649620293957
1.1120000000000	-0.0077969548234156
1.1160000000000	-0.0078290523089022
1.1200000000000	-0.0078612544719556
1.1240000000000	-0.0078935612986331
1.1280000000000	-0.0079259727749438
1.1320000000000	-0.0079584888868546
1.1360000000000	-0.0079911096202858
1.1400000000000	-0.0080238349611076
1.1440000000000	-0.0080566648951556
1.1480000000000	-0.0080895994082095
1.1520000000000	-0.0081226384860167
1.1560000000000	-0.0081557821142711
1.1600000000000	-0.0081890302786278
1.1640000000000	-0.0082223829647029
1.1680000000000	-0.0082558401580564
1.1720000000000	-0.0082894018442226
1.1760000000000	-0.0083230680086826
1.1800000000000	-0.0083568386368814
1.1840000000000	-0.0083907137142191
1.1880000000000	-0.0084246932260542
1.1920000000000	-0.0084587771577091
1.1960000000000	-0.0084929654944653
1.2000000000000	-0.0085272582215575
1.2040000000000	-0.0085616553241904
1.2080000000000	-0.0085961567875219
1.2120000000000	-0.0086307625966756
1.2160000000000	-0.0086654727367344
1.2200000000000	-0.0087002871927432
1.2240000000000	-0.0087352059497109
1.2280000000000	-0.0087702289926052
1.2320000000000	-0.0088053563063601
1.2360000000000	-0.0088405878758749
1.2400000000000	-0.0088759236860048
1.2440000000000	-0.0089113637215760
1.2480000000000	-0.0089469079673742
1.2520000000000	-0.0089825564081575
1.2560000000000	-0.0090183090286404
1.2600000000000	-0.0090541658135089
1.2640000000000	-0.0090901267474089
1.2680000000000	-0.0091261918149610
1.2720000000000	-0.0091623610007439
1.2760000000000	-0.0091986342893079
1.2800000000000	-0.0092350116651711
1.2840000000000	-0.0092714931128182
1.2880000000000	-0.0093080786167010
1.2920000000000	-0.0093447681612416
1.2960000000000	-0.0093815617308311
1.3000000000000	-0.0094184593098281
1.3040000000000	-0.0094554608825650
1.3080000000000	-0.0094925664333388
1.3120000000000	-0.0095297759464221
1.3160000000000	-0.0095670894060532
1.3200000000000	-0.0096045067964489
1.3240000000000	-0.0096420281017906
1.3280000000000	-0.0096796533062364
1.3320000000000	-0.0097173823939167
1.3360000000000	-0.0097552153489328
1.3400000000000	-0.0097931521553600
1.3440000000000	-0.0098311927972496
1.3480000000000	-0.0098693372586231
1.3520000000000	-0.0099075855234824
1.3560000000000	-0.0099459375758001
1.3600000000000	-0.0099843933995250
1.3640000000000	-0.010022952978582
1.3680000000000	-0.010061616296875
1.3720000000000	-0.010100383338280
1.3760000000000	-0.010139254086657
1.3800000000000	-0.010178228525833
1.3840000000000	-0.010217306639625
1.3880000000000	-0.010256488411824
1.3920000000000	-0.010295773826196
1.3960000000000	-0.010335162866491
1.4000000000000	-0.010374655516439
1.4040000000000	-0.010414251759746
1.4080000000000	-0.010453951580105
1.4120000000000	-0.010493754961187
1.4160000000000	-0.010533661886645
1.4200000000000	-0.010573672340114
1.4240000000000	-0.010613786305211
1.4280000000000	-0.010654003765537
1.4320000000000	-0.010694324704678
1.4360000000000	-0.010734749106201
1.4400000000000	-0.010775276953658
1.4440000000000	-0.010815908230590
1.4480000000000	-0.010856642920520
1.4520000000000	-0.010897481006955
1.4560000000000	-0.010938422473395
1.4600000000000	-0.010979467303318
1.4640000000000	-0.011020615480199
1.4680000000000	-0.011061866987491
1.4720000000000	-0.011103221808643
1.4760000000000	-0.011144679927090
1.4800000000000	-0.011186241326258
1.4840000000000	-0.011227905989559
1.4880000000000	-0.011269673900397
1.4920000000000	-0.011311545042172
1.4960000000000	-0.011353519398264
1.5000000000000	-0.011395596952058
1.5040000000000	-0.011437777686920
1.5080000000000	-0.011480061586217
1.5120000000000	-0.011522448633303
1.5160000000000	-0.011564938811533
1.5200000000000	-0.011607532104250
1.5240000000000	-0.011650228494793
1.5280000000000	-0.011693027966497
1.5320000000000	-0.011735930502696
1.5360000000000	-0.011778936086719
1.5400000000000	-0.011822044701886
1.5440000000000	-0.011865256331524
1.5480000000000	-0.011908570958951
1.5520000000000	-0.011951988567486
1.5560000000000	-0.011995509140448
1.5600000000000	-0.012039132661153
1.5640000000000	-0.012082859112922
1.5680000000000	-0.012126688479071
1.5720000000000	-0.012170620742919
1.5760000000000	-0.012214655887791
1.5800000000000	-0.012258793897008
1.5840000000000	-0.012303034753899
1.5880000000000	-0.012347378441793
1.5920000000000	-0.012391824944024
1.5960000000000	-0.012436374243931
1.6000000000000	-0.012481026324860
1.6040000000000	-0.012525781170158
1.6080000000000	-0.012570638763186
1.6120000000000	-0.012615599087301
1.6160000000000	-0.012660662125876
1.6200000000000	-0.012705827862290
1.6240000000000	-0.012751096279929
1.6280000000000	-0.012796467362189
1.6320000000000	-0.012841941092476
1.6360000000000	-0.012887517454205
1.6400000000000	-0.012933196430804
1.6440000000000	-0.012978978005713
1.6480000000000	-0.013024862162378
1.6520000000000	-0.013070848884265
1.6560000000000	-0.013116938154850
1.6600000000000	-0.013163129957626
1.6640000000000	-0.013209424276093
1.6680000000000	-0.013255821093770
1.6720000000000	-0.013302320394197
1.6760000000000	-0.013348922160923
1.6800000000000	-0.013395626377517
1.6840000000000	-0.013442433027565
1.6880000000000	-0.013489342094670
1.6920000000000	-0.013536353562455
1.6960000000000	-0.013583467414563
1.7000000000000	-0.013630683634655
1.7040000000000	-0.013678002206414
1.7080000000000	-0.013725423113542
1.7120000000000	-0.013772946339767
1.7160000000000	-0.013820571868837
1.7200000000000	-0.013868299684521
1.7240000000000	-0.013916129770615
1.7280000000000	-0.013964062110939
1.7320000000000	-0.014012096689333
1.7360000000000	-0.014060233489670
1.7400000000000	-0.014108472495847
1.7440000000000	-0.014156813691784
1.7480000000000	-0.014205257061433
1.7520000000000	-0.014253802588772
1.7560000000000	-0.014302450257806
1.7600000000000	-0.014351200052577
1.7640000000000	-0.014400051957148
1.7680000000000	-0.014449005955618
1.7720000000000	-0.014498062032117
1.7760000000000	-0.014547220170805
1.7800000000000	-0.014596480355878
1.7840000000000	-0.014645842571563
1.7880000000000	-0.014695306802121
1.7920000000000	-0.014744873031848
1.7960000000000	-0.014794541245078
1.8000000000000	-0.014844311426180
1.8040000000000	-0.014894183559557
1.8080000000000	-0.014944157629650
1.8120000000000	-0.014994233620940
1.8160000000000	-0.015044411517952
1.8200000000000	-0.015094691305239
1.8240000000000	-0.015145072967400
1.8280000000000	-0.015195556489079
1.8320000000000	-0.015246141854954
1.8360000000000	-0.015296829049751
1.8400000000000	-0.015347618058236
1.8440000000000	-0.015398508865221
1.8480000000000	-0.015449501455556
1.8520000000000	-0.015500595814147
1.8560000000000	-0.015551791925933
1.8600000000000	-0.015603089775912
1.8640000000000	-0.015654489349119
1.8680000000000	-0.015705990630642
1.8720000000000	-0.015757593605614
1.8760000000000	-0.015809298259223
1.8800000000000	-0.015861104576702
1.8840000000000	-0.015913012543334
1.8880000000000	-0.015965022144459
1.8920000000000	-0.016017133365462
1.8960000000000	-0.016069346191783
1.9000000000000	-0.016121660608920
1.9040000000000	-0.016174076602419
1.9080000000000	-0.016226594157885
1.9120000000000	-0.016279213260975
1.9160000000000	-0.016331933897403
1.9200000000000	-0.016384756052942
1.9240000000000	-0.016437679713425
1.9280000000000	-0.016490704864735
1.9320000000000	-0.016543831492823
1.9360000000000	-0.016597059583693
1.9400000000000	-0.016650389123413
1.9440000000000	-0.016703820098113
1.9480000000000	-0.016757352493980
1.9520000000000	-0.016810986297272
1.9560000000000	-0.016864721494301
1.9600000000000	-0.016918558071451
1.9640000000000	-0.016972496015164
1.9680000000000	-0.017026535311954
1.9720000000000	-0.017080675948394
1.9760000000000	-0.017134917911132
1.9800000000000	-0.017189261186874
1.9840000000000	-0.017243705762404
1.9880000000000	-0.017298251624569
1.9920000000000	-0.017352898760287
1.9960000000000	-0.017407647156548
2.0000000000000	-0.017462496800410
2.0040000000000	-0.017517447679004
2.0080000000000	-0.017572499779535
2.0120000000000	-0.017627653089280
2.0160000000000	-0.017682907595590
2.0200000000000	-0.017738263285892
2.0240000000000	-0.017793720147685
2.0280000000000	-0.017849278168547
2.0320000000000	-0.017904937336129
2.0360000000000	-0.017960697638163
2.0400000000000	-0.018016559062460
2.0440000000000	-0.018072521596904
2.0480000000000	-0.018128585229463
2.0520000000000	-0.018184749948184
2.0560000000000	-0.018241015741192
2.0600000000000	-0.018297382596701
2.0640000000000	-0.018353850502997
2.0680000000000	-0.018410419448453
2.0720000000000	-0.018467089421528
2.0760000000000	-0.018523860410763
2.0800000000000	-0.018580732404780
2.0840000000000	-0.018637705392293
2.0880000000000	-0.018694779362096
2.0920000000000	-0.018751954303071
2.0960000000000	-0.018809230204190
2.1000000000000	-0.018866607054509
2.1040000000000	-0.018924084843174
2.1080000000000	-0.018981663559420
2.1120000000000	-0.019039343192573
2.1160000000000	-0.019097123732046
2.1200000000000	-0.019155005167342
2.1240000000000	-0.019212987488062
2.1280000000000	-0.019271070683892
2.1320000000000	-0.019329254744613
2.1360000000000	-0.019387539660098
2.1400000000000	-0.019445925420316
2.1440000000000	-0.019504412015327
2.1480000000000	-0.019562999435289
2.1520000000000	-0.019621687670451
2.1560000000000	-0.019680476711160
2.1600000000000	-0.019739366547863
2.1640000000000	-0.019798357171093
2.1680000000000	-0.019857448571493
2.1720000000000	-0.019916640739795
2.1760000000000	-0.019975933666828
2.1800000000000	-0.020035327343529
2.1840000000000	-0.020094821760924
2.1880000000000	-0.020154416910143
2.1920000000000	-0.020214112782418
2.1960000000000	-0.020273909369075
2.2000000000000	-0.020333806661546
2.2040000000000	-0.020393804651359
2.2080000000000	-0.020453903330148
2.2120000000000	-0.020514102689649
2.2160000000000	-0.020574402721697
2.2200000000000	-0.020634803418228
2.2240000000000	-0.020695304771284
2.2280000000000	-0.020755906773008
2.2320000000000	-0.020816609415650
2.2360000000000	-0.020877412691558
2.2400000000000	-0.020938316593186
2.2440000000000	-0.020999321113094
2.2480000000000	-0.021060426243942
2.2520000000000	-0.021121631978497
2.2560000000000	-0.021182938309628
2.2600000000000	-0.021244345230314
2.2640000000000	-0.021305852733633
2.2680000000000	-0.021367460812767
2.2720000000000	-0.021429169461010
2.2760000000000	-0.021490978671753
2.2800000000000	-0.021552888438497
2.2840000000000	-0.021614898754845
2.2880000000000	-0.021677009614506
2.2920000000000	-0.021739221011293
2.2960000000000	-0.021801532939126
2.3000000000000	-0.021863945392029
2.3040000000000	-0.021926458364126
2.3080000000000	-0.021989071849651
2.3120000000000	-0.022051785842939
2.3160000000000	-0.022114600338431
2.3200000000000	-0.022177515330673
2.3240000000000	-0.022240530814304
2.3280000000000	-0.022303646784081
2.3320000000000	-0.022366863234855
2.3360000000000	-0.022430180161578
2.3400000000000	-0.022493597559309
2.3440000000000	-0.022557115423208
2.3480000000000	-0.022620733748529
2.3520000000000	-0.022684452530635
2.3560000000000	-0.022748271764984
2.3600000000000	-0.022812191447134
2.3640000000000	-0.022876211572743
2.3680000000000	-0.022940332137564
2.3720000000000	-0.023004553137450
2.3760000000000	-0.023068874568348
2.3800000000000	-0.023133296426301
2.3840000000000	-0.023197818707448
2.3880000000000	-0.023262441408018
2.3920000000000	-0.023327164524338
2.3960000000000	-0.023391988052821
2.4000000000000	-0.023456911989975
2.4040000000000	-0.023521936332393
2.4080000000000	-0.023587061076759
2.4120000000000	-0.023652286219843
2.4160000000000	-0.023717611758504
2.4200000000000	-0.023783037689676
2.4240000000000	-0.023848564010386
2.4280000000000	-0.023914190717736
2.4320000000000	-0.023979917808907
2.4360000000000	-0.024045745281165
2.4400000000000	-0.024111673131846
2.4440000000000	-0.024177701358358
2.4480000000000	-0.024243829958190
2.4520000000000	-0.024310058928894
2.4560000000000	-0.024376388268096
2.4600000000000	-0.024442817973486
2.4640000000000	-0.024509348042820
2.4680000000000	-0.024575978473914
2.4720000000000	-0.024642709264645
2.4760000000000	-0.024709540412946
2.4800000000000	-0.024776471916809
2.4840000000000	-0.024843503774274
2.4880000000000	-0.024910635983433
2.4920000000000	-0.024977868542423
2.4960000000000	-0.025045201449429
2.5000000000000	-0.025112634702673
2.5040000000000	-0.025180168300413
2.5080000000000	-0.025247802240950
2.5120000000000	-0.025315536522609
2.5160000000000	-0.025383371143745
2.5200000000000	-0.025451306102734
2.5240000000000	-0.025519341397982
2.5280000000000	-0.025587477027905
2.5320000000000	-0.025655712990933
2.5360000000000	-0.025724049285505
2.5400000000000	-0.025792485910068
2.5440000000000	-0.025861022863065
2.5480000000000	-0.025929660142939
2.5520000000000	-0.025998397748123
2.5560000000000	-0.026067235677037
2.5600000000000	-0.026136173928085
2.5640000000000	-0.026205212499645
2.5680000000000	-0.026274351390068
2.5720000000000	-0.026343590597674
2.5760000000000	-0.026412930120743
2.5800000000000	-0.026482369957509
2.5840000000000	-0.026551910106157
2.5880000000000	-0.026621550564813
2.5920000000000	-0.026691291331545
2.5960000000000	-0.026761132404351
2.6000000000000	-0.026831073781149
2.6040000000000	-0.026901115459784
2.6080000000000	-0.026971257438002
2.6120000000000	-0.027041499713457
2.6160000000000	-0.027111842283701
2.6200000000000	-0.027182285146174
2.6240000000000	-0.027252828298194
2.6280000000000	-0.027323471736955
2.6320000000000	-0.027394215459515
2.6360000000000	-0.027465059462786
2.6400000000000	-0.027536003743532
2.6440000000000	-0.027607048298353
2.6480000000000	-0.027678193123674
2.6520000000000	-0.027749438215746
2.6560000000000	-0.027820783570627
2.6600000000000	-0.027892229184175
2.6640000000000	-0.027963775052036
2.6680000000000	-0.028035421169637
2.6720000000000	-0.028107167532172
2.6760000000000	-0.028179014134590
2.6800000000000	-0.028250960971585
2.6840000000000	-0.028323008037587
2.6880000000000	-0.028395155326744
2.6920000000000	-0.028467402832911
2.6960000000000	-0.028539750549643
2.7000000000000	-0.028612198470170
2.7040000000000	-0.028684746587395
2.7080000000000	-0.028757394893875
2.7120000000000	-0.028830143381806
2.7160000000000	-0.028902992043008
2.7200000000000	-0.028975940868910
2.7240000000000	-0.029048989850535
2.7280000000000	-0.029122138978488
2.7320000000000	-0.029195388242929
2.7360000000000	-0.029268737633564
2.7400000000000	-0.029342187139632
2.7440000000000	-0.029415736749872
2.7480000000000	-0.029489386452516
2.7520000000000	-0.029563136235270
2.7560000000000	-0.029636986085291
2.7600000000000	-0.029710935989165
2.7640000000000	-0.029784985932891
2.7680000000000	-0.029859135901859
2.7720000000000	-0.029933385880829
2.7760000000000	-0.030007735853903
2.7800000000000	-0.030082185804508
2.7840000000000	-0.030156735715374
2.7880000000000	-0.030231385568500
2.7920000000000	-0.030306135345140
2.7960000000000	-0.030380985025776
2.8000000000000	-0.030455934590084
2.8040000000000	-0.030530984016912
2.8080000000000	-0.030606133284256
2.8120000000000	-0.030681382369228
2.8160000000000	-0.030756731248024
2.8200000000000	-0.030832179895897
2.8240000000000	-0.030907728287128
2.8280000000000	-0.030983376394996
2.8320000000000	-0.031059124191732
2.8360000000000	-0.031134971648509
2.8400000000000	-0.031210918735382
2.8440000000000	-0.031286965421272
2.8480000000000	-0.031363111673921
2.8520000000000	-0.031439357459861
2.8560000000000	-0.031515702744364
2.8600000000000	-0.031592147491418
2.8640000000000	-0.031668691663675
2.8680000000000	-0.031745335222416
2.8720000000000	-0.031822078127504
2.8760000000000	-0.031898920337348
2.8800000000000	-0.031975861808845
2.8840000000000	-0.032052902497350
2.8880000000000	-0.032130042356614
2.8920000000000	-0.032207281338744
2.8960000000000	-0.032284619394154
2.9000000000000	-0.032362056471506
2.9040000000000	-0.032439592517668
2.9080000000000	-0.032517227477644
2.9120000000000	-0.032594961294537
2.9160000000000	-0.032672793909478
2.9200000000000	-0.032750725261574
2.9240000000000	-0.032828755287847
2.9280000000000	-0.032906883923164
2.9320000000000	-0.032985111100187
2.9360000000000	-0.033063436749297
2.9400000000000	-0.033141860798530
2.9440000000000	-0.033220383173508
2.9480000000000	-0.033299003797369
2.9520000000000	-0.033377722590692
2.9560000000000	-0.033456539471417
2.9600000000000	-0.033535454354783
2.9640000000000	-0.033614467153231
2.9680000000000	-0.033693577776333
2.9720000000000	-0.033772786130704
2.9760000000000	-0.033852092119922
2.9800000000000	-0.033931495644426
2.9840000000000	-0.034010996601443
2.9880000000000	-0.034090594884879
2.9920000000000	-0.034170290385233
2.9960000000000	-0.034250082989487
3.0000000000000	-0.034329972581017
3.0040000000000	-0.034409959039484
3.0080000000000	-0.034490042240717
3.0120000000000	-0.034570222056617
3.0160000000000	-0.034650498355038
3.0200000000000	-0.034730870999662
3.0240000000000	-0.034811339849891
3.0280000000000	-0.034891904760715
3.0320000000000	-0.034972565582590
3.0360000000000	-0.035053322161301
3.0400000000000	-0.035134174337838
3.0440000000000	-0.035215121948243
3.0480000000000	-0.035296164823480
3.0520000000000	-0.035377302789286
3.0560000000000	-0.035458535666012
3.0600000000000	-0.035539863268481
3.0640000000000	-0.035621285405817
3.0680000000000	-0.035702801881289
3.0720000000000	-0.035784412492137
3.0760000000000	-0.035866117029402
3.0800000000000	-0.035947915277745
3.0840000000000	-0.036029807015265
3.0880000000000	-0.036111792013299
3.0920000000000	-0.036193870036249
3.0960000000000	-0.036276040841364
3.1000000000000	-0.036358304178533
3.1040000000000	-0.036440659790084
3.1080000000000	-0.036523107410553
3.1120000000000	-0.036605646766469
3.1160000000000	-0.036688277576115
3.1200000000000	-0.036770999549293
3.1240000000000	-0.036853812387074
3.1280000000000	-0.036936715781549
3.1320000000000	-0.037019709415565
3.1360000000000	-0.037102792962460
3.1400000000000	-0.037185966085780
3.1440000000000	-0.037269228439000
3.1480000000000	-0.037352579665230
3.1520000000000	-0.037436019396909
3.1560000000000	-0.037519547255492
3.1600000000000	-0.037603162851138
3.1640000000000	-0.037686865782368
3.1680000000000	-0.037770655635732
3.1720000000000	-0.037854531985457
3.1760000000000	-0.037938494393077
3.1800000000000	-0.038022542407064
3.1840000000000	-0.038106675562456
3.1880000000000	-0.038190893380441
3.1920000000000	-0.038275195367953
3.1960000000000	-0.038359581017264
3.2000000000000	-0.038444049805530
3.2040000000000	-0.038528601194358
3.2080000000000	-0.038613234629332
3.2120000000000	-0.038697949539547
3.2160000000000	-0.038782745337114
3.2200000000000	-0.038867621416642
3.2240000000000	-0.038952577154737
3.2280000000000	-0.039037611909443
3.2320000000000	-0.039122725019692
3.2360000000000	-0.039207915804729
3.2400000000000	-0.039293183563521
3.2440000000000	-0.039378527574146
3.2480000000000	-0.039463947093154
3.2520000000000	-0.039549441354924
3.2560000000000	-0.039635009570990
3.2600000000000	-0.039720650929335
3.2640000000000	-0.039806364593699
3.2680000000000	-0.039892149702802
3.2720000000000	-0.039978005369620
3.2760000000000	-0.040063930680562
3.2800000000000	-0.040149924694670
3.2840000000000	-0.040235986442776
3.2880000000000	-0.040322114926631
3.2920000000000	-0.040408309118001
3.2960000000000	-0.040494567957745
3.3000000000000	-0.040580890354848
3.3040000000000	-0.040667275185435
3.3080000000000	-0.040753721291740
3.3120000000000	-0.040840227481053
3.3160000000000	-0.040926792524616
3.3200000000000	-0.041013415156495
3.3240000000000	-0.041100094072412
3.3280000000000	-0.041186827928526
3.3320000000000	-0.041273615340185
3.3360000000000	-0.041360454880628
3.3400000000000	-0.041447345079651
3.3440000000000	-0.041534284422208
3.3480000000000	-0.041621271346994
3.3520000000000	-0.041708304244942
3.3560000000000	-0.041795381457701
3.3600000000000	-0.041882501276039
3.3640000000000	-0.041969661938200
3.3680000000000	-0.042056861628195
3.3720000000000	-0.042144098474049
3.3760000000000	-0.042231370545962
3.3800000000000	-0.042318675854427
3.3840000000000	-0.042406012348264
3.3880000000000	-0.042493377912594
3.3920000000000	-0.042580770366737
3.3960000000000	-0.042668187462034
3.4000000000000	-0.042755626879583
3.4040000000000	-0.042843086227910
3.4080000000000	-0.042930563040536
3.4120000000000	-0.043018054773471
3.4160000000000	-0.043105558802595
3.4200000000000	-0.043193072420971
3.4240000000000	-0.043280592836034
3.4280000000000	-0.043368117166684
3.4320000000000	-0.043455642440277
3.4360000000000	-0.043543165589485
3.4400000000000	-0.043630683449068
3.4440000000000	-0.043718192752490
3.4480000000000	-0.043805690128427
3.4520000000000	-0.043893172097149
3.4560000000000	-0.043980635066730
3.4600000000000	-0.044068075329164
3.4640000000000	-0.044155489056276
3.4680000000000	-0.044242872295523
3.4720000000000	-0.044330220965595
3.4760000000000	-0.044417530851873
3.4800000000000	-0.044504797601687
3.4840000000000	-0.044592016719408
3.4880000000000	-0.044679183561323
3.4920000000000	-0.044766293330332
3.4960000000000	-0.044853341070417
3.5000000000000	-0.044940321660894
3.5040000000000	-0.045027229810443
3.5080000000000	-0.045114060050879
3.5120000000000	-0.045200806730694
3.5160000000000	-0.045287464008314
3.5200000000000	-0.045374025845111
3.5240000000000	-0.045460485998088
3.5280000000000	-0.045546838012298
3.5320000000000	-0.045633075212942
3.5360000000000	-0.045719190697118
3.5400000000000	-0.045805177325260
3.5440000000000	-0.045891027712187
3.5480000000000	-0.045976734217803
3.5520000000000	-0.046062288937382
3.5560000000000	-0.046147683691454
3.5600000000000	-0.046232910015254
3.5640000000000	-0.046317959147727
3.5680000000000	-0.046402822020050
3.5720000000000	-0.046487489243664
3.5760000000000	-0.046571951097786
3.5800000000000	-0.046656197516382
3.5840000000000	-0.046740218074559
3.5880000000000	-0.046824001974364
3.5920000000000	-0.046907538029959
3.5960000000000	-0.046990814652129
3.6000000000000	-0.047073819832108
3.6040000000000	-0.047156541124677
3.6080000000000	-0.047238965630490
3.6120000000000	-0.047321079977621
3.6160000000000	-0.047402870302256
3.6200000000000	-0.047484322228505
3.6240000000000	-0.047565420847299
3.6280000000000	-0.047646150694290
3.6320000000000	-0.047726495726749
3.6360000000000	-0.047806439299385
3.6400000000000	-0.047885964139011
3.6440000000000	-0.047965052318049
3.6480000000000	-0.048043685226753
3.6520000000000	-0.048121843544140
3.6560000000000	-0.048199507207503
3.6600000000000	-0.048276655380492
3.6640000000000	-0.048353266419625
3.6680000000000	-0.048429317839201
3.6720000000000	-0.048504786274485
3.6760000000000	-0.048579647443107
3.6800000000000	-0.048653876104540
3.6840000000000	-0.048727446017591
3.6880000000000	-0.048800329895770
3.6920000000000	-0.048872499360430
3.6960000000000	-0.048943924891555
3.7000000000000	-0.049014575776051
3.7040000000000	-0.049084420053430
3.7080000000000	-0.049153424458705
3.7120000000000	-0.049221554362371
3.7160000000000	-0.049288773707277
3.7200000000000	-0.049355044942234
3.7240000000000	-0.049420328952161
3.7280000000000	-0.049484584984581
3.7320000000000	-0.049547770572225
3.7360000000000	-0.049609841451561
3.7400000000000	-0.049670751476980
3.7440000000000	-0.049730452530392
3.7480000000000	-0.049788894425959
3.7520000000000	-0.049846024809679
3.7560000000000	-0.049901789053522
3.7600000000000	-0.049956130143770
3.7640000000000	-0.050008988563241
3.7680000000000	-0.050060302166997
3.7720000000000	-0.050110006051174
3.7760000000000	-0.050158032414475
3.7800000000000	-0.050204310411928
3.7840000000000	-0.050248766000373
3.7880000000000	-0.050291321775218
3.7920000000000	-0.050331896797904
3.7960000000000	-0.050370406413477
3.8000000000000	-0.050406762057711
3.8040000000000	-0.050440871053036
3.8080000000000	-0.050472636392660
3.8120000000000	-0.050501956512066
3.8160000000000	-0.050528725047119
3.8200000000000	-0.050552830577925
3.8240000000000	-0.050574156357522
3.8280000000000	-0.050592580024436
3.8320000000000	-0.050607973298081
3.8360000000000	-0.050620201655849
3.8400000000000	-0.050629123990776
3.8440000000000	-0.050634592248462
3.8480000000000	-0.050636451041936
3.8520000000000	-0.050634537243015
3.8560000000000	-0.050628679548641
3.8600000000000	-0.050618698020540
3.8640000000000	-0.050604403596495
3.8680000000000	-0.050585597571342
3.8720000000000	-0.050562071045753
3.8760000000000	-0.050533604340674
3.8800000000000	-0.050499966375185
3.8840000000000	-0.050460914005428
3.8880000000000	-0.050416191322022
3.8920000000000	-0.050365528903357
3.8960000000000	-0.050308643021847
3.9000000000000	-0.050245234800167
3.9040000000000	-0.050174989314295
3.9080000000000	-0.050097574639935
3.9120000000000	-0.050012640838868
3.9160000000000	-0.049919818881360
3.9200000000000	-0.049818719500860
3.9240000000000	-0.049708931976746
3.9280000000000	-0.049590022840921
3.9320000000000	-0.049461534503777
3.9360000000000	-0.049322983794918
3.9400000000000	-0.049173860413908
3.9440000000000	-0.049013625286179
3.9480000000000	-0.048841708819175
3.9520000000000	-0.048657509053789
3.9560000000000	-0.048460389706134
3.9600000000000	-0.048249678094855
3.9640000000000	-0.048024662949329
3.9680000000000	-0.047784592094444
3.9720000000000	-0.047528670008050
3.9760000000000	-0.047256055247866
3.9800000000000	-0.046965857745346
3.9840000000000	-0.046657135965176
3.9880000000000	-0.046328893930364
3.9920000000000	-0.045980078114689
3.9960000000000	-0.045609574206350
4.0000000000000	-0.045216203749408
4.0040000000000	-0.044798720672847
4.0080000000000	-0.044355807721070
4.0120000000000	-0.043886072804524
4.0160000000000	-0.043388045294964
4.0200000000000	-0.042860172296856
4.0240000000000	-0.042300814934821
4.0280000000000	-0.041708244706933
4.0320000000000	-0.041080639965436
4.0360000000000	-0.040416082600368
4.0400000000000	-0.039712555017764
4.0440000000000	-0.038967937523221
4.0480000000000	-0.038180006243520
4.0520000000000	-0.037346431744771
4.0560000000000	-0.036464778534644
4.0600000000000	-0.035532505669946
4.0640000000000	-0.034546968728776
4.0680000000000	-0.033505423449253
4.0720000000000	-0.032405031384456
4.0760000000000	-0.031242867975744
4.0800000000000	-0.030015933503604
4.0840000000000	-0.028721167436151
4.0880000000000	-0.027355466758979
4.0920000000000	-0.025915708934848
4.0960000000000	-0.024398780204600
4.1000000000000	-0.022801609998665
4.1040000000000	-0.021121212276117
4.1080000000000	-0.019354734639727
4.1120000000000	-0.017499516081724
4.1160000000000	-0.015553154187214
4.1200000000000	-0.013513582546505
4.1240000000000	-0.011379158991266
4.1280000000000	-0.0091487650546425
4.1320000000000	-0.0068219167456218
4.1360000000000	-0.0043988863042509
4.1400000000000	-0.0018808340502455
4.1440000000000	0.0000000000000
4.1480000000000	0.0000000000000
4.1520000000000	1.9286549331066e-15
4.1560000000000	0.0000000000000
4.1600000000000	0.0000000000000
4.1640000000000	-9.6432746655329e-16
4.1680000000000	1.9286549331066e-15
4.1720000000000	0.0000000000000
4.1760000000000	0.0000000000000
4.1800000000000	-9.6432746655329e-16
4.1840000000000	1.9286549331066e-15
4.1880000000000	0.0000000000000
4.1920000000000	0.0000000000000
4.1960000000000	1.9286549331066e-15
4.2000000000000	-9.6432746655329e-16
4.2040000000000	-1.9286549331066e-15
4.2080000000000	0.0000000000000
4.2120000000000	0.0000000000000
4.2160000000000	0.0000000000000
4.2200000000000	0.0000000000000
4.2240000000000	-9.6432746655329e-16
4.2280000000000	-9.6432746655329e-16
4.2320000000000	-9.6432746655329e-16
4.2360000000000	0.0000000000000
4.2400000000000	-1.9286549331066e-15
4.2440000000000	1.9286549331066e-15
4.2480000000000	0.0000000000000
4.2520000000000	-9.6432746655329e-16
4.2560000000000	-9.6432746655329e-16
4.2600000000000	0.0000000000000
4.2640000000000	0.0000000000000
4.2680000000000	-9.6432746655329e-16
4.2720000000000	-9.6432746655329e-16
4.2760000000000	0.0000000000000
4.2800000000000	0.0000000000000
4.2840000000000	0.0000000000000
4.2880000000000	0.0000000000000
4.2920000000000	0.0000000000000
4.2960000000000	0.0000000000000
4.3000000000000	-9.6432746655329e-16
4.3040000000000	1.9286549331066e-15
4.3080000000000	-9.6432746655329e-16
4.3120000000000	0.0000000000000
4.3160000000000	-9.6432746655329e-16
4.3200000000000	-9.6432746655329e-16
4.3240000000000	0.0000000000000
4.3280000000000	-9.6432746655329e-16
4.3320000000000	0.0000000000000
4.3360000000000	0.0000000000000
4.3400000000000	0.0000000000000
4.3440000000000	0.0000000000000
4.3480000000000	0.0000000000000
4.3520000000000	0.0000000000000
4.3560000000000	1.9286549331066e-15
4.3600000000000	0.0000000000000
4.3640000000000	-9.6432746655329e-16
4.3680000000000	0.0000000000000
4.3720000000000	0.0000000000000
4.3760000000000	-1.9286549331066e-15
4.3800000000000	0.0000000000000
4.3840000000000	0.0000000000000
4.3880000000000	-0.00014682075193397
4.3920000000000	-0.0016752835003294
4.3960000000000	-0.0031599753330361
4.4000000000000	-0.0046018505656499
4.4040000000000	-0.0060019319459775
4.4080000000000	-0.0073612936183011
4.4120000000000	-0.0086810465076278
4.4160000000000	-0.0099623258450401
4.4200000000000	-0.011206280579738
4.4240000000000	-0.012414064446651
4.4280000000000	-0.013586828481613
4.4320000000000	-0.014725714797908
4.4360000000000	-0.015831851457909
4.4400000000000	-0.016906348292538
4.4440000000000	-0.017950293538229
4.4480000000000	-0.018964751176558
4.4520000000000	-0.019950758875831
4.4560000000000	-0.020909326446362
4.4600000000000	-0.021841434732375
4.4640000000000	-0.022748034873359
4.4680000000000	-0.023630047876787
4.4720000000000	-0.024488364451398
4.4760000000000	-0.025323845057500
4.4800000000000	-0.026137320136659
4.4840000000000	-0.026929590488129
4.4880000000000	-0.027701427764414
4.4920000000000	-0.028453575061921
4.4960000000000	-0.029186747586478
4.5000000000000	-0.029901633376271
4.5040000000000	-0.030598894067618
4.5080000000000	-0.031279165690986
4.5120000000000	-0.031943059486949
4.5160000000000	-0.032591162733148
4.5200000000000	-0.033224039575029
4.5240000000000	-0.033842231854298
4.5280000000000	-0.034446259930073
4.5320000000000	-0.035036623488646
4.5360000000000	-0.035613802338686
4.5400000000000	-0.036178257189159
4.5440000000000	-0.036730430408057
4.5480000000000	-0.037270746760295
4.5520000000000	-0.037799614123701
4.5560000000000	-0.038317424182319
4.5600000000000	-0.038824553096532
4.5640000000000	-0.039321362149703
4.5680000000000	-0.039808198371374
4.5720000000000	-0.040285395137075
4.5760000000000	-0.040753272745023
4.5800000000000	-0.041212138970061
4.5840000000000	-0.041662289595320
4.5880000000000	-0.042104008922090
4.5920000000000	-0.042537570258506
4.5960000000000	-0.042963236387635
4.6000000000000	-0.043381260015653
4.6040000000000	-0.043791884200716
4.6080000000000	-0.044195342763252
4.6120000000000	-0.044591860678345
4.6160000000000	-0.044981654450838
4.6200000000000	-0.045364932473942
4.6240000000000	-0.045741895371865
4.6280000000000	-0.046112736327237
4.6320000000000	-0.046477641393933
4.6360000000000	-0.046836789795879
4.6400000000000	-0.047190354212479
4.6440000000000	-0.047538501051270
4.6480000000000	-0.047881390708307
4.6520000000000	-0.048219177816897
4.6560000000000	-0.048552011485138
4.6600000000000	-0.048880035522843
4.6640000000000	-0.049203388658261
4.6680000000000	-0.049522204745146
4.6720000000000	-0.049836612960512
4.6760000000000	-0.050146737993617
4.6800000000000	-0.050452700226507
4.6840000000000	-0.050754615906551
4.6880000000000	-0.051052597311310
4.6920000000000	-0.051346752906129
4.6960000000000	-0.051637187494796
4.7000000000000	-0.051924002363527
4.7040000000000	-0.052207295418698
4.7080000000000	-0.052487161318497
4.7120000000000	-0.052763691598904
4.7160000000000	-0.053036974794147
4.7200000000000	-0.053307096551970
4.7240000000000	-0.053574139743937
4.7280000000000	-0.053838184570972
4.7320000000000	-0.054099308664427
4.7360000000000	-0.054357587182773
4.7400000000000	-0.054613092904264
4.7440000000000	-0.054865896315612
4.7480000000000	-0.055116065696971
4.7520000000000	-0.055363667203329
4.7560000000000	-0.055608764942511
4.7600000000000	-0.055851421049940
4.7640000000000	-0.056091695760279
4.7680000000000	-0.056329647476147
4.7720000000000	-0.056565332833977
4.7760000000000	-0.056798806767218
4.7800000000000	-0.057030122566931
4.7840000000000	-0.057259331939939
4.7880000000000	-0.057486485064637
4.7920000000000	-0.057711630644549
4.7960000000000	-0.057934815959745
4.8000000000000	-0.058156086916212
4.8040000000000	-0.058375488093264
4.8080000000000	-0.058593062789085
4.8120000000000	-0.058808853064477
4.8160000000000	-0.059022899784900
4.8200000000000	-0.059235242660877
4.8240000000000	-0.059445920286834
4.8280000000000	-0.059654970178423
4.8320000000000	-0.059862428808456
4.8360000000000	-0.060068331641407
4.8400000000000	-0.060272713166654
4.8440000000000	-0.060475606930423
4.8480000000000	-0.060677045566558
4.8520000000000	-0.060877060826114
4.8560000000000	-0.061075683605858
4.8600000000000	-0.061272943975706
4.8640000000000	-0.061468871205142
4.8680000000000	-0.061663493788670
4.8720000000000	-0.061856839470333
4.8760000000000	-0.062048935267325
4.8800000000000	-0.062239807492767
4.8840000000000	-0.062429481777636
4.8880000000000	-0.062617983091925
4.8920000000000	-0.062805335765036
4.8960000000000	-0.062991563505437
4.9000000000000	-0.063176689419644
4.9040000000000	-0.063360736030508
4.9080000000000	-0.063543725294882
4.9120000000000	-0.063725678620642
4.9160000000000	-0.063906616883150
4.9200000000000	-0.064086560441110
4.9240000000000	-0.064265529151904
4.9280000000000	-0.064443542386389
4.9320000000000	-0.064620619043184
4.9360000000000	-0.064796777562483
4.9400000000000	-0.064972035939389
4.9440000000000	-0.065146411736801
4.9480000000000	-0.065319922097874
4.9520000000000	-0.065492583758047
4.9560000000000	-0.065664413056695
4.9600000000000	-0.065835425948370
4.9640000000000	-0.066005638013678
4.9680000000000	-0.066175064469824
4.9720000000000	-0.066343720180761
4.9760000000000	-0.066511619667065
4.9800000000000	-0.066678777115449
4.9840000000000	-0.066845206387981
4.9880000000000	-0.067010921031027
4.9920000000000	-0.067175934283872
4.9960000000000	-0.067340259087094
5.0000000000000	-0.067503908090663
#Parameters = {D_center=12; L1=15.08; L2=5; L3=2; L4=15; L_diff=2.83; L_sub=43.66; W_50=1.36; W_sub=43.66; Z_mid=21.83; cm=0.3; ct=12; g_slot=0.8; h1=2; h2=2; h3=2; h4=2; h_sub=0.4; hole_puncher=0.87365; hole_puncher1=0.9; margin=1.52; needle_radius=0.635; nutrient_solution=0.01; pipe_OD=50; pipe_Ri=8; pipe_Ro=10; r_SRR=19; r_SRR_in=16.6; sigma_fluid=0.5; spacing=0.4; t_PDMS_microstrip=0.35; t_SRR=0.07; t_gnd=0.07; t_metal=0.5; t_microstrip=0.07; t_wall=2; w_channel=2; w_diff=2.83}
#"Frequency / GHz"	"S1,1 (14) [Magnitude / dB]"
#----------------------------------------------
1.0000000000000	-0.0065891307545761
1.0040000000000	-0.0066234353917735
1.0080000000000	-0.0066577889724413
1.0120000000000	-0.0066921915008898
1.0160000000000	-0.0067266429815651
1.0200000000000	-0.0067611434190390
1.0240000000000	-0.0067956928180217
1.0280000000000	-0.0068302911833493
1.0320000000000	-0.0068649385200043
1.0360000000000	-0.0068996348331041
1.0400000000000	-0.0069343801278995
1.0440000000000	-0.0069691744097907
1.0480000000000	-0.0070040176843149
1.0520000000000	-0.0070389099571589
1.0560000000000	-0.0070738512341493
1.0600000000000	-0.0071088415212681
1.0640000000000	-0.0071438808246409
1.0680000000000	-0.0071789691505529
1.0720000000000	-0.0072141065054306
1.0760000000000	-0.0072492928958660
1.0800000000000	-0.0072845283286042
1.0840000000000	-0.0073198128105496
1.0880000000000	-0.0073551463487659
1.0920000000000	-0.0073905289504808
1.0960000000000	-0.0074259606230918
1.1000000000000	-0.0074614413741518
1.1040000000000	-0.0074969712113884
1.1080000000000	-0.0075325501427011
1.1120000000000	-0.0075681781761638
1.1160000000000	-0.0076038553200137
1.1200000000000	-0.0076395815826753
1.1240000000000	-0.0076753569727525
1.1280000000000	-0.0077111814990201
1.1320000000000	-0.0077470551704430
1.1360000000000	-0.0077829779961715
1.1400000000000	-0.0078189499855402
1.1440000000000	-0.0078549711480701
1.1480000000000	-0.0078910414934838
1.1520000000000	-0.0079271610316856
1.1560000000000	-0.0079633297727851
1.1600000000000	-0.0079995477270853
1.1640000000000	-0.0080358149050918
1.1680000000000	-0.0080721313175110
1.1720000000000	-0.0081084969752588
1.1760000000000	-0.0081449118894529
1.1800000000000	-0.0081813760714302
1.1840000000000	-0.0082178895327283
1.1880000000000	-0.0082544522851099
1.1920000000000	-0.0082910643405500
1.1960000000000	-0.0083277257112479
1.2000000000000	-0.0083644364096197
1.2040000000000	-0.0084011964483126
1.2080000000000	-0.0084380058401987
1.2120000000000	-0.0084748645983809
1.2160000000000	-0.0085117727361967
1.2200000000000	-0.0085487302672204
1.2240000000000	-0.0085857372052616
1.2280000000000	-0.0086227935643736
1.2320000000000	-0.0086598993588546
1.2360000000000	-0.0086970546032485
1.2400000000000	-0.0087342593123530
1.2440000000000	-0.0087715135012131
1.2480000000000	-0.0088088171851344
1.2520000000000	-0.0088461703796787
1.2560000000000	-0.0088835731006723
1.2600000000000	-0.0089210253642042
1.2640000000000	-0.0089585271866349
1.2680000000000	-0.0089960785845924
1.2720000000000	-0.0090336795749809
1.2760000000000	-0.0090713301749828
1.2800000000000	-0.0091090304020637
1.2840000000000	-0.0091467802739653
1.2880000000000	-0.0091845798087287
1.2920000000000	-0.0092224290246742
1.2960000000000	-0.0092603279404247
1.3000000000000	-0.0092982765748965
1.3040000000000	-0.0093362749473122
1.3080000000000	-0.0093743230771940
1.3120000000000	-0.0094124209843740
1.3160000000000	-0.0094505686890004
1.3200000000000	-0.0094887662115295
1.3240000000000	-0.0095270135727433
1.3280000000000	-0.0095653107937463
1.3320000000000	-0.0096036578959638
1.3360000000000	-0.0096420549011653
1.3400000000000	-0.0096805018314437
1.3440000000000	-0.0097189987092312
1.3480000000000	-0.0097575455573077
1.3520000000000	-0.0097961423987953
1.3560000000000	-0.0098347892571754
1.3600000000000	-0.0098734861562736
1.3640000000000	-0.0099122331202814
1.3680000000000	-0.0099510301737539
1.3720000000000	-0.0099898773416104
1.3760000000000	-0.010028774649144
1.3800000000000	-0.010067722122028
1.3840000000000	-0.010106719786316
1.3880000000000	-0.010145767668439
1.3920000000000	-0.010184865795231
1.3960000000000	-0.010224014193911
1.4000000000000	-0.010263212892106
1.4040000000000	-0.010302461917836
1.4080000000000	-0.010341761299544
1.4120000000000	-0.010381111066080
1.4160000000000	-0.010420511246713
1.4200000000000	-0.010459961871134
1.4240000000000	-0.010499462969471
1.4280000000000	-0.010539014572281
1.4320000000000	-0.010578616710563
1.4360000000000	-0.010618269415758
1.4400000000000	-0.010657972719765
1.4440000000000	-0.010697726654926
1.4480000000000	-0.010737531254058
1.4520000000000	-0.010777386550436
1.4560000000000	-0.010817292577813
1.4600000000000	-0.010857249370416
1.4640000000000	-0.010897256962958
1.4680000000000	-0.010937315390646
1.4720000000000	-0.010977424689178
1.4760000000000	-0.011017584894755
1.4800000000000	-0.011057796044090
1.4840000000000	-0.011098058174406
1.4880000000000	-0.011138371323448
1.4920000000000	-0.011178735529491
1.4960000000000	-0.011219150831341
1.5000000000000	-0.011259617268346
1.5040000000000	-0.011300134880399
1.5080000000000	-0.011340703707946
1.5120000000000	-0.011381323791998
1.5160000000000	-0.011421995174128
1.5200000000000	-0.011462717896492
1.5240000000000	-0.011503492001816
1.5280000000000	-0.011544317533424
1.5320000000000	-0.011585194535230
1.5360000000000	-0.011626123051755
1.5400000000000	-0.011667103128134
1.5440000000000	-0.011708134810115
1.5480000000000	-0.011749218144076
1.5520000000000	-0.011790353177029
1.5560000000000	-0.011831539956624
1.5600000000000	-0.011872778531165
1.5640000000000	-0.011914068949622
1.5680000000000	-0.011955411261618
1.5720000000000	-0.011996805517460
1.5760000000000	-0.012038251768136
1.5800000000000	-0.012079750065327
1.5840000000000	-0.012121300461420
1.5880000000000	-0.012162903009501
1.5920000000000	-0.012204557763385
1.5960000000000	-0.012246264777615
1.6000000000000	-0.012288024107467
1.6040000000000	-0.012329835808968
1.6080000000000	-0.012371699938898
1.6120000000000	-0.012413616554810
1.6160000000000	-0.012455585715023
1.6200000000000	-0.012497607478652
1.6240000000000	-0.012539681905607
1.6280000000000	-0.012581809056599
1.6320000000000	-0.012623988993164
1.6360000000000	-0.012666221777659
1.6400000000000	-0.012708507473282
1.6440000000000	-0.012750846144083
1.6480000000000	-0.012793237854968
1.6520000000000	-0.012835682671722
1.6560000000000	-0.012878180661003
1.6600000000000	-0.012920731890373
1.6640000000000	-0.012963336428297
1.6680000000000	-0.013005994344157
1.6720000000000	-0.013048705708272
1.6760000000000	-0.013091470591890
1.6800000000000	-0.013134289067231
1.6840000000000	-0.013177161207476
1.6880000000000	-0.013220087086785
1.6920000000000	-0.013263066780308
1.6960000000000	-0.013306100364218
1.7000000000000	-0.013349187915692
1.7040000000000	-0.013392329512951
1.7080000000000	-0.013435525235258
1.7120000000000	-0.013478775162947
1.7160000000000	-0.013522079377419
1.7200000000000	-0.013565437961174
1.7240000000000	-0.013608850997811
1.7280000000000	-0.013652318572057
1.7320000000000	-0.013695840769770
1.7360000000000	-0.013739417677962
1.7400000000000	-0.013783049384811
1.7440000000000	-0.013826735979683
1.7480000000000	-0.013870477553134
1.7520000000000	-0.013914274196948
1.7560000000000	-0.013958126004130
1.7600000000000	-0.014002033068943
1.7640000000000	-0.014045995486912
1.7680000000000	-0.014090013354854
1.7720000000000	-0.014134086770874
1.7760000000000	-0.014178215834417
1.7800000000000	-0.014222400646246
1.7840000000000	-0.014266641308497
1.7880000000000	-0.014310937924679
1.7920000000000	-0.014355290599689
1.7960000000000	-0.014399699439848
1.8000000000000	-0.014444164552914
1.8040000000000	-0.014488686048088
1.8080000000000	-0.014533264036063
1.8120000000000	-0.014577898629017
1.8160000000000	-0.014622589940651
1.8200000000000	-0.014667338086206
1.8240000000000	-0.014712143182488
1.8280000000000	-0.014757005347880
1.8320000000000	-0.014801924702377
1.8360000000000	-0.014846901367605
1.8400000000000	-0.014891935466842
1.8440000000000	-0.014937027125041
1.8480000000000	-0.014982176468863
1.8520000000000	-0.015027383626687
1.8560000000000	-0.015072648728653
1.8600000000000	-0.015117971906671
1.8640000000000	-0.015163353294457
1.8680000000000	-0.015208793027555
1.8720000000000	-0.015254291243368
1.8760000000000	-0.015299848081180
1.8800000000000	-0.015345463682188
1.8840000000000	-0.015391138189529
1.8880000000000	-0.015436871748306
1.8920000000000	-0.015482664505623
1.8960000000000	-0.015528516610608
1.9000000000000	-0.015574428214452
1.9040000000000	-0.015620399470425
1.9080000000000	-0.015666430533932
1.9120000000000	-0.015712521562514
1.9160000000000	-0.015758672715905
1.9200000000000	-0.015804884156056
1.9240000000000	-0.015851156047167
1.9280000000000	-0.015897488555722
1.9320000000000	-0.015943881850529
1.9360000000000	-0.015990336102747
1.9400000000000	-0.016036851485929
1.9440000000000	-0.016083428176056
1.9480000000000	-0.016130066351574
1.9520000000000	-0.016176766193429
1.9560000000000	-0.016223527885119
1.9600000000000	-0.016270351612713
1.9640000000000	-0.016317237564911
1.9680000000000	-0.016364185933067
1.9720000000000	-0.016411196911246
1.9760000000000	-0.016458270696259
1.9800000000000	-0.016505407487704
1.9840000000000	-0.016552607488014
1.9880000000000	-0.016599870902504
1.9920000000000	-0.016647197939411
1.9960000000000	-0.016694588809940
2.0000000000000	-0.016742043728322
2.0040000000000	-0.016789562911846
2.0080000000000	-0.016837146580921
2.0120000000000	-0.016884794959123
2.0160000000000	-0.016932508273240
2.0200000000000	-0.016980286753330
2.0240000000000	-0.017028130632778
2.0280000000000	-0.017076040148336
2.0320000000000	-0.017124015540192
2.0360000000000	-0.017172057052019
2.0400000000000	-0.017220164931035
2.0440000000000	-0.017268339428056
2.0480000000000	-0.017316580797561
2.0520000000000	-0.017364889297753
2.0560000000000	-0.017413265190617
2.0600000000000	-0.017461708741982
2.0640000000000	-0.017510220221585
2.0680000000000	-0.017558799903147
2.0720000000000	-0.017607448064425
2.0760000000000	-0.017656164987283
2.0800000000000	-0.017704950957771
2.0840000000000	-0.017753806266191
2.0880000000000	-0.017802731207155
2.0920000000000	-0.017851726079680
2.0960000000000	-0.017900791187251
2.1000000000000	-0.017949926837902
2.1040000000000	-0.017999133344287
2.1080000000000	-0.018048411023768
2.1120000000000	-0.018097760198495
2.1160000000000	-0.018147181195477
2.1200000000000	-0.018196674346687
2.1240000000000	-0.018246239989130
2.1280000000000	-0.018295878464942
2.1320000000000	-0.018345590121473
2.1360000000000	-0.018395375311386
2.1400000000000	-0.018445234392740
2.1440000000000	-0.018495167729098
2.1480000000000	-0.018545175689615
2.1520000000000	-0.018595258649140
2.1560000000000	-0.018645416988321
2.1600000000000	-0.018695651093701
2.1640000000000	-0.018745961357838
2.1680000000000	-0.018796348179397
2.1720000000000	-0.018846811963270
2.1760000000000	-0.018897353120685
2.1800000000000	-0.018947972069326
2.1840000000000	-0.018998669233444
2.1880000000000	-0.019049445043984
2.1920000000000	-0.019100299938699
2.1960000000000	-0.019151234362290
2.2000000000000	-0.019202248766513
2.2040000000000	-0.019253343610335
2.2080000000000	-0.019304519360048
2.2120000000000	-0.019355776489409
2.2160000000000	-0.019407115479793
2.2200000000000	-0.019458536820320
2.2240000000000	-0.019510041008010
2.2280000000000	-0.019561628547926
2.2320000000000	-0.019613299953334
2.2360000000000	-0.019665055745855
2.2400000000000	-0.019716896455623
2.2440000000000	-0.019768822621452
2.2480000000000	-0.019820834790998
2.2520000000000	-0.019872933520933
2.2560000000000	-0.019925119377120
2.2600000000000	-0.019977392934789
2.2640000000000	-0.020029754778717
2.2680000000000	-0.020082205503426
2.2720000000000	-0.020134745713357
2.2760000000000	-0.020187376023080
2.2800000000000	-0.020240097057486
2.2840000000000	-0.020292909451997
2.2880000000000	-0.020345813852765
2.2920000000000	-0.020398810916904
2.2960000000000	-0.020451901312688
2.3000000000000	-0.020505085719788
2.3040000000000	-0.020558364829510
2.3080000000000	-0.020611739345005
2.3120000000000	-0.020665209981539
2.3160000000000	-0.020718777466711
2.3200000000000	-0.020772442540732
2.3240000000000	-0.020826205956668
2.3280000000000	-0.020880068480704
2.3320000000000	-0.020934030892424
2.3360000000000	-0.020988093985083
2.3400000000000	-0.021042258565897
2.3440000000000	-0.021096525456323
2.3480000000000	-0.021150895492371
2.3520000000000	-0.021205369524907
2.3560000000000	-0.021259948419959
2.3600000000000	-0.021314633059047
2.3640000000000	-0.021369424339512
2.3680000000000	-0.021424323174850
2.3720000000000	-0.021479330495063
2.3760000000000	-0.021534447247008
2.3800000000000	-0.021589674394765
2.3840000000000	-0.021645012920011
2.3880000000000	-0.021700463822408
2.3920000000000	-0.021756028119987
2.3960000000000	-0.021811706849549
2.4000000000000	-0.021867501067088
2.4040000000000	-0.021923411848217
2.4080000000000	-0.021979440288586
2.4120000000000	-0.022035587504347
2.4160000000000	-0.022091854632604
2.4200000000000	-0.022148242831880
2.4240000000000	-0.022204753282612
2.4280000000000	-0.022261387187634
2.4320000000000	-0.022318145772689
2.4360000000000	-0.022375030286955
2.4400000000000	-0.022432042003581
2.4440000000000	-0.022489182220234
2.4480000000000	-0.022546452259672
2.4520000000000	-0.022603853470315
2.4560000000000	-0.022661387226851
2.4600000000000	-0.022719054930845
2.4640000000000	-0.022776858011375
2.4680000000000	-0.022834797925674
2.4720000000000	-0.022892876159790
2.4760000000000	-0.022951094229292
2.4800000000000	-0.023009453679947
2.4840000000000	-0.023067956088463
2.4880000000000	-0.023126603063220
2.4920000000000	-0.023185396245046
2.4960000000000	-0.023244337307998
2.5000000000000	-0.023303427960162
2.5040000000000	-0.023362669944503
2.5080000000000	-0.023422065039707
2.5120000000000	-0.023481615061069
2.5160000000000	-0.023541321861398
2.5200000000000	-0.023601187331948
2.5240000000000	-0.023661213403377
2.5280000000000	-0.023721402046748
2.5320000000000	-0.023781755274522
2.5360000000000	-0.023842275141635
2.5400000000000	-0.023902963746555
2.5440000000000	-0.023963823232403
2.5480000000000	-0.024024855788097
2.5520000000000	-0.024086063649532
2.5560000000000	-0.024147449100793
2.5600000000000	-0.024209014475409
2.5640000000000	-0.024270762157644
2.5680000000000	-0.024332694583828
2.5720000000000	-0.024394814243720
2.5760000000000	-0.024457123681940
2.5800000000000	-0.024519625499408
2.5840000000000	-0.024582322354859
2.5880000000000	-0.024645216966391
2.5920000000000	-0.024708312113064
2.5960000000000	-0.024771610636552
2.6000000000000	-0.024835115442849
2.6040000000000	-0.024898829504021
2.6080000000000	-0.024962755860025
2.6120000000000	-0.025026897620583
2.6160000000000	-0.025091257967111
2.6200000000000	-0.025155840154727
2.6240000000000	-0.025220647514297
2.6280000000000	-0.025285683454586
2.6320000000000	-0.025350951464443
2.6360000000000	-0.025416455115087
2.6400000000000	-0.025482198062449
2.6440000000000	-0.025548184049611
2.6480000000000	-0.025614416909308
2.6520000000000	-0.025680900566535
2.6560000000000	-0.025747639041225
2.6600000000000	-0.025814636451035
2.6640000000000	-0.025881897014213
2.6680000000000	-0.025949425052570
2.6720000000000	-0.026017224994570
2.6760000000000	-0.026085301378492
2.6800000000000	-0.026153658855752
2.6840000000000	-0.026222302194290
2.6880000000000	-0.026291236282125
2.6920000000000	-0.026360466131010
2.6960000000000	-0.026429996880213
2.7000000000000	-0.026499833800457
2.7040000000000	-0.026569982297988
2.7080000000000	-0.026640447918796
2.7120000000000	-0.026711236352982
2.7160000000000	-0.026782353439306
2.7200000000000	-0.026853805169871
2.7240000000000	-0.026925597695026
2.7280000000000	-0.026997737328412
2.7320000000000	-0.027070230552214
2.7360000000000	-0.027143084022618
2.7400000000000	-0.027216304575468
2.7440000000000	-0.027289899232136
2.7480000000000	-0.027363875205633
2.7520000000000	-0.027438239906940
2.7560000000000	-0.027513000951593
2.7600000000000	-0.027588166166530
2.7640000000000	-0.027663743597193
2.7680000000000	-0.027739741514938
2.7720000000000	-0.027816168424707
2.7760000000000	-0.027893033073036
2.7800000000000	-0.027970344456364
2.7840000000000	-0.028048111829698
2.7880000000000	-0.028126344715620
2.7920000000000	-0.028205052913658
2.7960000000000	-0.028284246510066
2.8000000000000	-0.028363935887978
2.8040000000000	-0.028444131738019
2.8080000000000	-0.028524845069342
2.8120000000000	-0.028606087221130
2.8160000000000	-0.028687869874603
2.8200000000000	-0.028770205065524
2.8240000000000	-0.028853105197255
2.8280000000000	-0.028936583054360
2.8320000000000	-0.029020651816834
2.8360000000000	-0.029105325074921
2.8400000000000	-0.029190616844615
2.8440000000000	-0.029276541583828
2.8480000000000	-0.029363114209299
2.8520000000000	-0.029450350114249
2.8560000000000	-0.029538265186856
2.8600000000000	-0.029626875829551
2.8640000000000	-0.029716198979217
2.8680000000000	-0.029806252128313
2.8720000000000	-0.029897053346986
2.8760000000000	-0.029988621306215
2.8800000000000	-0.030080975302060
2.8840000000000	-0.030174135281038
2.8880000000000	-0.030268121866735
2.8920000000000	-0.030362956387703
2.8960000000000	-0.030458660906682
2.9000000000000	-0.030555258251285
2.9040000000000	-0.030652772046159
2.9080000000000	-0.030751226746777
2.9120000000000	-0.030850647674881
2.9160000000000	-0.030951061055723
2.9200000000000	-0.031052494057194
2.9240000000000	-0.031154974830949
2.9280000000000	-0.031258532555632
2.9320000000000	-0.031363197482364
2.9360000000000	-0.031469000982575
2.9400000000000	-0.031575975598365
2.9440000000000	-0.031684155095538
2.9480000000000	-0.031793574519454
2.9520000000000	-0.031904270253891
2.9560000000000	-0.032016280083095
2.9600000000000	-0.032129643257214
2.9640000000000	-0.032244400561357
2.9680000000000	-0.032360594388451
2.9720000000000	-0.032478268816203
2.9760000000000	-0.032597469688394
2.9800000000000	-0.032718244700782
2.9840000000000	-0.032840643491957
2.9880000000000	-0.032964717739413
2.9920000000000	-0.033090521261258
2.9960000000000	-0.033218110123878
3.0000000000000	-0.033347542755983
3.0040000000000	-0.033478880069490
3.0080000000000	-0.033612185587673
3.0120000000000	-0.033747525581144
3.0160000000000	-0.033884969212136
3.0200000000000	-0.034024588687756
3.0240000000000	-0.034166459422797
3.0280000000000	-0.034310660212824
3.0320000000000	-0.034457273418247
3.0360000000000	-0.034606385160254
3.0400000000000	-0.034758085529404
3.0440000000000	-0.034912468807877
3.0480000000000	-0.035069633706408
3.0520000000000	-0.035229683617000
3.0560000000000	-0.035392726882660
3.0600000000000	-0.035558877085459
3.0640000000000	-0.035728253354357
3.0680000000000	-0.035900980694380
3.0720000000000	-0.036077190338823
3.0760000000000	-0.036257020126366
3.0800000000000	-0.036440614905139
3.0840000000000	-0.036628126965941
3.0880000000000	-0.036819716507052
3.0920000000000	-0.037015552133316
3.0960000000000	-0.037215811392386
3.1000000000000	-0.037420681351331
3.1040000000000	-0.037630359217164
3.1080000000000	-0.037845053005069
3.1120000000000	-0.038064982258651
3.1160000000000	-0.038290378826830
3.1200000000000	-0.038521487702559
3.1240000000000	-0.038758567929043
3.1280000000000	-0.039001893579737
3.1320000000000	-0.039251754819078
3.1360000000000	-0.039508459051616
3.1400000000000	-0.039772332168102
3.1440000000000	-0.040043719897963
3.1480000000000	-0.040322989278665
3.1520000000000	-0.040610530253686
3.1560000000000	-0.040906757412086
3.1600000000000	-0.041212111884201
3.1640000000000	-0.041527063409674
3.1680000000000	-0.041852112595955
3.1720000000000	-0.042187793387583
3.1760000000000	-0.042534675768994
3.1800000000000	-0.042893368726436
3.1840000000000	-0.043264523497763
3.1880000000000	-0.043648837142486
3.1920000000000	-0.044047056468626
3.1960000000000	-0.044459982357699
3.2000000000000	-0.044888474534561
3.2040000000000	-0.045333456835139
3.2080000000000	-0.045795923032274
3.2120000000000	-0.046276943288165
3.2160000000000	-0.046777671311595
3.2200000000000	-0.047299352309069
3.2240000000000	-0.047843331832109
3.2280000000000	-0.048411065637666
3.2320000000000	-0.049004130696327
3.2360000000000	-0.049624237503235
3.2400000000000	-0.050273243870555
3.2440000000000	-0.050953170408435
3.2480000000000	-0.051666217934272
3.2520000000000	-0.052414787089150
3.2560000000000	-0.053201500486267
3.2600000000000	-0.054029227770885
3.2640000000000	-0.054901114036243
3.2680000000000	-0.055820612117546
3.2720000000000	-0.056791519378898
3.2760000000000	-0.057818019719592
3.2800000000000	-0.058904731660398
3.2840000000000	-0.060056763532989
3.2880000000000	-0.061279776992417
3.2920000000000	-0.062580060312463
3.2960000000000	-0.063964613216613
3.3000000000000	-0.065441245357024
3.3040000000000	-0.067018690996557
3.3080000000000	-0.068706742996820
3.3120000000000	-0.070516409895673
3.3160000000000	-0.072460100706964
3.3200000000000	-0.074551843140151
3.3240000000000	-0.076807542279171
3.3280000000000	-0.079245288458785
3.3320000000000	-0.081885725239380
3.3360000000000	-0.084752491148900
3.3400000000000	-0.087872752423044
3.3440000000000	-0.091277848586461
3.3480000000000	-0.095004078724219
3.3520000000000	-0.099093664164635
3.3560000000000	-0.10359593367803
3.3600000000000	-0.10856879108349
3.3640000000000	-0.11408054358876
3.3680000000000	-0.12021219400377
3.3720000000000	-0.12706033361311
3.3760000000000	-0.13474081843208
3.3800000000000	-0.14339347473991
3.3840000000000	-0.15318816723325
3.3880000000000	-0.16433268497396
3.3920000000000	-0.17708307096598
3.3960000000000	-0.19175726124267
3.4000000000000	-0.20875323760617
3.4040000000000	-0.22857337391126
3.4080000000000	-0.25185731940349
3.4120000000000	-0.27942667032316
3.4160000000000	-0.31234587178295
3.4200000000000	-0.35200521628439
3.4240000000000	-0.40023312876812
3.4280000000000	-0.45944502163100
3.4320000000000	-0.53283166816964
3.4360000000000	-0.62457294989667
3.4400000000000	-0.74001262117814
3.4440000000000	-0.88560044619032
3.4480000000000	-1.0681106609006
3.4520000000000	-1.2920701493134
3.4560000000000	-1.5536143759319
3.4600000000000	-1.8295783846499
3.4640000000000	-2.0668776470785
3.4680000000000	-2.1911249144806
3.4720000000000	-2.1510021541027
3.4760000000000	-1.9629565392853
3.4800000000000	-1.6961452647947
3.4840000000000	-1.4192119471517
3.4880000000000	-1.1713220214325
3.4920000000000	-0.96529100169885
3.4960000000000	-0.79992151654321
3.5000000000000	-0.66895272117202
3.5040000000000	-0.56540238275138
3.5080000000000	-0.48315819249688
3.5120000000000	-0.41733304260157
3.5160000000000	-0.36416798582520
3.5200000000000	-0.32081619189406
3.5240000000000	-0.28512962594410
3.5280000000000	-0.25548341289658
3.5320000000000	-0.23064115058370
3.5360000000000	-0.20965479697277
3.5400000000000	-0.19179120593712
3.5440000000000	-0.17647839695669
3.5480000000000	-0.16326618182891
3.5520000000000	-0.15179717009524
3.5560000000000	-0.14178527615977
3.5600000000000	-0.13299966723320
3.5640000000000	-0.12525267921490
3.5680000000000	-0.11839064583409
3.5720000000000	-0.11228688250562
3.5760000000000	-0.10683627612861
3.5800000000000	-0.10195108113653
3.5840000000000	-0.097557628587040
3.5880000000000	-0.093593731594683
3.5920000000000	-0.090006625761003
3.5960000000000	-0.086751323579079
3.6000000000000	-0.083789291375242
3.6040000000000	-0.081087379213818
3.6080000000000	-0.078616950462265
3.6120000000000	-0.076353169908518
3.6160000000000	-0.074274418523442
3.6200000000000	-0.072361809949926
3.6240000000000	-0.070598789142224
3.6280000000000	-0.068970797688123
3.6320000000000	-0.067464993525768
3.6360000000000	-0.066070015241247
3.6400000000000	-0.064775783069317
3.6440000000000	-0.063573330243063
3.6480000000000	-0.062454659543099
3.6520000000000	-0.061412620854380
3.6560000000000	-0.060440806303537
3.6600000000000	-0.059533460163040
3.6640000000000	-0.058685401202995
3.6680000000000	-0.057891955571478
3.6720000000000	-0.057148898609577
3.6760000000000	-0.056452404272608
3.6800000000000	-0.055799001046302
3.6840000000000	-0.055185533425526
3.6880000000000	-0.054609128170412
3.6920000000000	-0.054067164676952
3.6960000000000	-0.053557248900442
3.7000000000000	-0.053077190354680
3.7040000000000	-0.052624981780559
3.7080000000000	-0.052198781136817
3.7120000000000	-0.051796895615668
3.7160000000000	-0.051417767427999
3.7200000000000	-0.051059961138359
3.7240000000000	-0.050722152360191
3.7280000000000	-0.050403117647301
3.7320000000000	-0.050101725439462
3.7360000000000	-0.049816927938707
3.7400000000000	-0.049547753808845
3.7440000000000	-0.049293301604471
3.7480000000000	-0.049052733847557
3.7520000000000	-0.048825271679867
3.7560000000000	-0.048610190028269
3.7600000000000	-0.048406813227626
3.7640000000000	-0.048214511052525
3.7680000000000	-0.048032695114917
3.7720000000000	-0.047860815589668
3.7760000000000	-0.047698358234452
3.7800000000000	-0.047544841674169
3.7840000000000	-0.047399814923485
3.7880000000000	-0.047262855123962
3.7920000000000	-0.047133565474826
3.7960000000000	-0.047011573338757
3.8000000000000	-0.046896528505960
3.8040000000000	-0.046788101601655
3.8080000000000	-0.046685982623623
3.8120000000000	-0.046589879597825
3.8160000000000	-0.046499517341348
3.8200000000000	-0.046414636323047
3.8240000000000	-0.046334991613121
3.8280000000000	-0.046260351913864
3.8320000000000	-0.046190498664459
3.8360000000000	-0.046125225213483
3.8400000000000	-0.046064336053285
3.8440000000000	-0.046007646111078
3.8480000000000	-0.045954980091966
3.8520000000000	-0.045906171869628
3.8560000000000	-0.045861063920742
3.8600000000000	-0.045819506799622
3.8640000000000	-0.045781358649842
3.8680000000000	-0.045746484749871
3.8720000000000	-0.045714757090098
3.8760000000000	-0.045686053978758
3.8800000000000	-0.045660259674545
3.8840000000000	-0.045637264043862
3.8880000000000	-0.045616962240867
3.8920000000000	-0.045599254408562
3.8960000000000	-0.045584045399384
3.9000000000000	-0.045571244513884
3.9040000000000	-0.045560765256118
3.9080000000000	-0.045552525104594
3.9120000000000	-0.045546445297605
3.9160000000000	-0.045542450631999
3.9200000000000	-0.045540469274349
3.9240000000000	-0.045540432583743
3.9280000000000	-0.045542274945312
3.9320000000000	-0.045545933613824
3.9360000000000	-0.045551348566607
3.9400000000000	-0.045558462365210
3.9440000000000	-0.045567220025186
3.9480000000000	-0.045577568893470
3.9520000000000	-0.045589458532867
3.9560000000000	-0.045602840613147
3.9600000000000	-0.045617668808360
3.9640000000000	-0.045633898699945
3.9680000000000	-0.045651487685267
3.9720000000000	-0.045670394891243
3.9760000000000	-0.045690581092746
3.9800000000000	-0.045712008635458
3.9840000000000	-0.045734641362941
3.9880000000000	-0.045758444547619
3.9920000000000	-0.045783384825486
3.9960000000000	-0.045809430134249
4.0000000000000	-0.045836549654778
4.0040000000000	-0.045864713755586
4.0080000000000	-0.045893893940225
4.0120000000000	-0.045924062797392
4.0160000000000	-0.045955193953581
4.0200000000000	-0.045987262028178
4.0240000000000	-0.046020242590798
4.0280000000000	-0.046054112120772
4.0320000000000	-0.046088847968690
4.0360000000000	-0.046124428319795
4.0400000000000	-0.046160832159222
4.0440000000000	-0.046198039238931
4.0480000000000	-0.046236030046237
4.0520000000000	-0.046274785773863
4.0560000000000	-0.046314288291440
4.0600000000000	-0.046354520118363
4.0640000000000	-0.046395464397922
4.0680000000000	-0.046437104872678
4.0720000000000	-0.046479425860961
4.0760000000000	-0.046522412234493
4.0800000000000	-0.046566049397014
4.0840000000000	-0.046610323263931
4.0880000000000	-0.046655220242863
4.0920000000000	-0.046700727215089
4.0960000000000	-0.046746831517837
4.1000000000000	-0.046793520927362
4.1040000000000	-0.046840783642779
4.1080000000000	-0.046888608270637
4.1120000000000	-0.046936983810147
4.1160000000000	-0.046985899639086
4.1200000000000	-0.047035345500295
4.1240000000000	-0.047085311488798
4.1280000000000	-0.047135788039450
4.1320000000000	-0.047186765915140
4.1360000000000	-0.047238236195485
4.1400000000000	-0.047290190266022
4.1440000000000	-0.047342619807863
4.1480000000000	-0.047395516787765
4.1520000000000	-0.047448873448661
4.1560000000000	-0.047502682300553
4.1600000000000	-0.047556936111806
4.1640000000000	-0.047611627900801
4.1680000000000	-0.047666750927949
4.1720000000000	-0.047722298688008
4.1760000000000	-0.047778264902755
4.1800000000000	-0.047834643513938
4.1840000000000	-0.047891428676515
4.1880000000000	-0.047948614752189
4.1920000000000	-0.048006196303208
4.1960000000000	-0.048064168086395
4.2000000000000	-0.048122525047443
4.2040000000000	-0.048181262315451
4.2080000000000	-0.048240375197653
4.2120000000000	-0.048299859174393
4.2160000000000	-0.048359709894288
4.2200000000000	-0.048419923169593
4.2240000000000	-0.048480494971751
4.2280000000000	-0.048541421427133
4.2320000000000	-0.048602698812948
4.2360000000000	-0.048664323553306
4.2400000000000	-0.048726292215481
4.2440000000000	-0.048788601506278
4.2480000000000	-0.048851248268589
4.2520000000000	-0.048914229478069
4.2560000000000	-0.048977542239967
4.2600000000000	-0.049041183786066
4.2640000000000	-0.049105151471783
4.2680000000000	-0.049169442773352
4.2720000000000	-0.049234055285172
4.2760000000000	-0.049298986717220
4.2800000000000	-0.049364234892620
4.2840000000000	-0.049429797745286
4.2880000000000	-0.049495673317688
4.2920000000000	-0.049561859758695
4.2960000000000	-0.049628355321551
4.3000000000000	-0.049695158361899
4.3040000000000	-0.049762267335935
4.3080000000000	-0.049829680798622
4.3120000000000	-0.049897397402001
4.3160000000000	-0.049965415893589
4.3200000000000	-0.050033735114833
4.3240000000000	-0.050102353999679
4.3280000000000	-0.050171271573178
4.3320000000000	-0.050240486950188
4.3360000000000	-0.050309999334139
4.3400000000000	-0.050379808015876
4.3440000000000	-0.050449912372554
4.3480000000000	-0.050520311866605
4.3520000000000	-0.050591006044788
4.3560000000000	-0.050661994537265
4.3600000000000	-0.050733277056770
4.3640000000000	-0.050804853397818
4.3680000000000	-0.050876723435994
4.3720000000000	-0.050948887127275
4.3760000000000	-0.051021344507422
4.3800000000000	-0.051094095691424
4.3840000000000	-0.051167140873001
4.3880000000000	-0.051240480324163
4.3920000000000	-0.051314114394797
4.3960000000000	-0.051388043512341
4.4000000000000	-0.051462268181493
4.4040000000000	-0.051536788983957
4.4080000000000	-0.051611606578270
4.4120000000000	-0.051686721699647
4.4160000000000	-0.051762135159899
4.4200000000000	-0.051837847847386
4.4240000000000	-0.051913860727019
4.4280000000000	-0.051990174840322
4.4320000000000	-0.052066791305521
4.4360000000000	-0.052143711317709
4.4400000000000	-0.052220936149025
4.4440000000000	-0.052298467148909
4.4480000000000	-0.052376305744390
4.4520000000000	-0.052454453440422
4.4560000000000	-0.052532911820266
4.4600000000000	-0.052611682545939
4.4640000000000	-0.052690767358676
4.4680000000000	-0.052770168079461
4.4720000000000	-0.052849886609622
4.4760000000000	-0.052929924931427
4.4800000000000	-0.053010285108784
4.4840000000000	-0.053090969287950
4.4880000000000	-0.053171979698301
4.4920000000000	-0.053253318653164
4.4960000000000	-0.053334988550683
4.5000000000000	-0.053416991874747
4.5040000000000	-0.053499331195960
4.5080000000000	-0.053582009172678
4.5120000000000	-0.053665028552084
4.5160000000000	-0.053748392171321
4.5200000000000	-0.053832102958694
4.5240000000000	-0.053916163934902
4.5280000000000	-0.054000578214355
4.5320000000000	-0.054085349006522
4.5360000000000	-0.054170479617354
4.5400000000000	-0.054255973450768
4.5440000000000	-0.054341834010180
4.5480000000000	-0.054428064900112
4.5520000000000	-0.054514669827855
4.5560000000000	-0.054601652605201
4.5600000000000	-0.054689017150232
4.5640000000000	-0.054776767489196
4.5680000000000	-0.054864907758433
4.5720000000000	-0.054953442206378
4.5760000000000	-0.055042375195636
4.5800000000000	-0.055131711205137
4.5840000000000	-0.055221454832354
4.5880000000000	-0.055311610795616
4.5920000000000	-0.055402183936479
4.5960000000000	-0.055493179222195
4.6000000000000	-0.055584601748255
4.6040000000000	-0.055676456741029
4.6080000000000	-0.055768749560481
4.6120000000000	-0.055861485702972
4.6160000000000	-0.055954670804170
4.6200000000000	-0.056048310642041
4.6240000000000	-0.056142411139940
4.6280000000000	-0.056236978369806
4.6320000000000	-0.056332018555451
4.6360000000000	-0.056427538075961
4.6400000000000	-0.056523543469194
4.6440000000000	-0.056620041435396
4.6480000000000	-0.056717038840937
4.6520000000000	-0.056814542722127
4.6560000000000	-0.056912560289204
4.6600000000000	-0.057011098930396
4.6640000000000	-0.057110166216125
4.6680000000000	-0.057209769903358
4.6720000000000	-0.057309917940035
4.6760000000000	-0.057410618469698
4.6800000000000	-0.057511879836190
4.6840000000000	-0.057613710588553
4.6880000000000	-0.057716119486019
4.6920000000000	-0.057819115503185
4.6960000000000	-0.057922707835293
4.7000000000000	-0.058026905903721
4.7040000000000	-0.058131719361571
4.7080000000000	-0.058237158099443
4.7120000000000	-0.058343232251373
4.7160000000000	-0.058449952200913
4.7200000000000	-0.058557328587390
4.7240000000000	-0.058665372312341
4.7280000000000	-0.058774094546096
4.7320000000000	-0.058883506734538
4.7360000000000	-0.058993620606049
4.7400000000000	-0.059104448178619
4.7440000000000	-0.059216001767121
4.7480000000000	-0.059328293990776
4.7520000000000	-0.059441337780784
4.7560000000000	-0.059555146388120
4.7600000000000	-0.059669733391512
4.7640000000000	-0.059785112705587
4.7680000000000	-0.059901298589160
4.7720000000000	-0.060018305653712
4.7760000000000	-0.060136148871993
4.7800000000000	-0.060254843586784
4.7840000000000	-0.060374405519803
4.7880000000000	-0.060494850780698
4.7920000000000	-0.060616195876199
4.7960000000000	-0.060738457719342
4.8000000000000	-0.060861653638745
4.8040000000000	-0.060985801387993
4.8080000000000	-0.061110919155012
4.8120000000000	-0.061237025571465
4.8160000000000	-0.061364139722103
4.8200000000000	-0.061492281154068
4.8240000000000	-0.061621469886080
4.8280000000000	-0.061751726417444
4.8320000000000	-0.061883071736885
4.8360000000000	-0.062015527331061
4.8400000000000	-0.062149115192758
4.8440000000000	-0.062283857828646
4.8480000000000	-0.062419778266499
4.8520000000000	-0.062556900061826
4.8560000000000	-0.062695247303706
4.8600000000000	-0.062834844619789
4.8640000000000	-0.062975717180242
4.8680000000000	-0.063117890700520
4.8720000000000	-0.063261391442720
4.8760000000000	-0.063406246215352
4.8800000000000	-0.063552482371234
4.8840000000000	-0.063700127803282
4.8880000000000	-0.063849210937852
4.8920000000000	-0.063999760725269
4.8960000000000	-0.064151806627205
4.9000000000000	-0.064305378600376
4.9040000000000	-0.064460507076121
4.9080000000000	-0.064617222935258
4.9120000000000	-0.064775557477557
4.9160000000000	-0.064935542385126
4.9200000000000	-0.065097209678865
4.9240000000000	-0.065260591667065
4.9280000000000	-0.065425720885049
4.9320000000000	-0.065592630024716
4.9360000000000	-0.065761351852561
4.9400000000000	-0.065931919114660
4.9440000000000	-0.066104364426851
4.9480000000000	-0.066278720148110
4.9520000000000	-0.066455018234857
4.9560000000000	-0.066633290073570
4.9600000000000	-0.066813566288844
4.9640000000000	-0.066995876523425
4.9680000000000	-0.067180249186459
4.9720000000000	-0.067366711165561
4.9760000000000	-0.067555287497656
4.9800000000000	-0.067746000992896
4.9840000000000	-0.067938871805043
4.9880000000000	-0.068133916940776
4.9920000000000	-0.068331149699251
4.9960000000000	-0.068530579031921
5.0000000000000	-0.068732208811122
#Parameters = {D_center=12; L1=16; L2=5; L3=2; L4=15; L_diff=2.83; L_sub=45.66; W_50=1.36; W_sub=45.66; Z_mid=22.83; cm=0.3; ct=12; g_slot=0.8; h1=2; h2=2; h3=2; h4=2; h_sub=0.4; hole_puncher=0.87365; hole_puncher1=0.9; margin=1.6; needle_radius=0.635; nutrient_solution=0.01; pipe_OD=50; pipe_Ri=8; pipe_Ro=10; r_SRR=20; r_SRR_in=17.6; sigma_fluid=0.5; spacing=0.4; t_PDMS_microstrip=0.35; t_SRR=0.07; t_gnd=0.07; t_metal=0.5; t_microstrip=0.07; t_wall=2; w_channel=2; w_diff=2.83}
#"Frequency / GHz"	"S1,1 (15) [Magnitude / dB]"
#----------------------------------------------
1.0000000000000	-0.0066439050513859
1.0040000000000	-0.0066764355857492
1.0080000000000	-0.0067090317860234
1.0120000000000	-0.0067416936495510
1.0160000000000	-0.0067744211737333
1.0200000000000	-0.0068072143560471
1.0240000000000	-0.0068400731940209
1.0280000000000	-0.0068729976852600
1.0320000000000	-0.0069059878274375
1.0360000000000	-0.0069390436182900
1.0400000000000	-0.0069721650556326
1.0440000000000	-0.0070053521373484
1.0480000000000	-0.0070386048613955
1.0520000000000	-0.0070719232258047
1.0560000000000	-0.0071053072286855
1.0600000000000	-0.0071387568682250
1.0640000000000	-0.0071722721426872
1.0680000000000	-0.0072058530504177
1.0720000000000	-0.0072394995898405
1.0760000000000	-0.0072732117594682
1.0800000000000	-0.0073069895578939
1.0840000000000	-0.0073408329837988
1.0880000000000	-0.0073747420359452
1.0920000000000	-0.0074087167131928
1.0960000000000	-0.0074427570144863
1.1000000000000	-0.0074768629388621
1.1040000000000	-0.0075110344854531
1.1080000000000	-0.0075452716534812
1.1120000000000	-0.0075795744422693
1.1160000000000	-0.0076139428512392
1.1200000000000	-0.0076483768799050
1.1240000000000	-0.0076828765278902
1.1280000000000	-0.0077174417949164
1.1320000000000	-0.0077520726808070
1.1360000000000	-0.0077867691854952
1.1400000000000	-0.0078215313090235
1.1440000000000	-0.0078563590515383
1.1480000000000	-0.0078912524132995
1.1520000000000	-0.0079262113946813
1.1560000000000	-0.0079612359961675
1.1600000000000	-0.0079963262183662
1.1640000000000	-0.0080314820619938
1.1680000000000	-0.0080667035278939
1.1720000000000	-0.0081019906170274
1.1760000000000	-0.0081373433304829
1.1800000000000	-0.0081727616694696
1.1840000000000	-0.0082082456353263
1.1880000000000	-0.0082437952295219
1.1920000000000	-0.0082794104536539
1.1960000000000	-0.0083150913094557
1.2000000000000	-0.0083508377987964
1.2040000000000	-0.0083866499236779
1.2080000000000	-0.0084225276862444
1.2120000000000	-0.0084584710887768
1.2160000000000	-0.0084944801337110
1.2200000000000	-0.0085305548236168
1.2240000000000	-0.0085666951612121
1.2280000000000	-0.0086029011493737
1.2320000000000	-0.0086391727911218
1.2360000000000	-0.0086755100896336
1.2400000000000	-0.0087119130482393
1.2440000000000	-0.0087483816704388
1.2480000000000	-0.0087849159598820
1.2520000000000	-0.0088215159203816
1.2560000000000	-0.0088581815559246
1.2600000000000	-0.0088949128706609
1.2640000000000	-0.0089317098689097
1.2680000000000	-0.0089685725551668
1.2720000000000	-0.0090055009341019
1.2760000000000	-0.0090424950105596
1.2800000000000	-0.0090795547895719
1.2840000000000	-0.0091166802763482
1.2880000000000	-0.0091538714762851
1.2920000000000	-0.0091911283949696
1.2960000000000	-0.0092284510381748
1.3000000000000	-0.0092658394118734
1.3040000000000	-0.0093032935222325
1.3080000000000	-0.0093408133756172
1.3120000000000	-0.0093783989785944
1.3160000000000	-0.0094160503379378
1.3200000000000	-0.0094537674606280
1.3240000000000	-0.0094915503538568
1.3280000000000	-0.0095293990250319
1.3320000000000	-0.0095673134817694
1.3360000000000	-0.0096052937319173
1.3400000000000	-0.0096433397835372
1.3440000000000	-0.0096814516449207
1.3480000000000	-0.0097196293245862
1.3520000000000	-0.0097578728312843
1.3560000000000	-0.0097961821740089
1.3600000000000	-0.0098345573619811
1.3640000000000	-0.0098729984046700
1.3680000000000	-0.0099115053117916
1.3720000000000	-0.0099500780933078
1.3760000000000	-0.0099887167594351
1.3800000000000	-0.010027421320644
1.3840000000000	-0.010066191787666
1.3880000000000	-0.010105028171495
1.3920000000000	-0.010143930483395
1.3960000000000	-0.010182898734889
1.4000000000000	-0.010221932937791
1.4040000000000	-0.010261033104179
1.4080000000000	-0.010300199246422
1.4120000000000	-0.010339431377169
1.4160000000000	-0.010378729509360
1.4200000000000	-0.010418093656231
1.4240000000000	-0.010457523831312
1.4280000000000	-0.010497020048439
1.4320000000000	-0.010536582321749
1.4360000000000	-0.010576210665693
1.4400000000000	-0.010615905095037
1.4440000000000	-0.010655665624864
1.4480000000000	-0.010695492270579
1.4520000000000	-0.010735385047918
1.4560000000000	-0.010775343972947
1.4600000000000	-0.010815369062068
1.4640000000000	-0.010855460332028
1.4680000000000	-0.010895617799920
1.4720000000000	-0.010935841483180
1.4760000000000	-0.010976131399610
1.4800000000000	-0.011016487567370
1.4840000000000	-0.011056910004980
1.4880000000000	-0.011097398731339
1.4920000000000	-0.011137953765717
1.4960000000000	-0.011178575127762
1.5000000000000	-0.011219262837522
1.5040000000000	-0.011260016915417
1.5080000000000	-0.011300837382278
1.5120000000000	-0.011341724259339
1.5160000000000	-0.011382677568231
1.5200000000000	-0.011423697331010
1.5240000000000	-0.011464783570149
1.5280000000000	-0.011505936308540
1.5320000000000	-0.011547155569517
1.5360000000000	-0.011588441376841
1.5400000000000	-0.011629793754723
1.5440000000000	-0.011671212727818
1.5480000000000	-0.011712698321247
1.5520000000000	-0.011754250560580
1.5560000000000	-0.011795869471865
1.5600000000000	-0.011837555081619
1.5640000000000	-0.011879307416846
1.5680000000000	-0.011921126505038
1.5720000000000	-0.011963012374177
1.5760000000000	-0.012004965052752
1.5800000000000	-0.012046984569758
1.5840000000000	-0.012089070954709
1.5880000000000	-0.012131224237643
1.5920000000000	-0.012173444449126
1.5960000000000	-0.012215731620264
1.6000000000000	-0.012258085782707
1.6040000000000	-0.012300506968663
1.6080000000000	-0.012342995210898
1.6120000000000	-0.012385550542747
1.6160000000000	-0.012428172998125
1.6200000000000	-0.012470862611527
1.6240000000000	-0.012513619418051
1.6280000000000	-0.012556443453386
1.6320000000000	-0.012599334753842
1.6360000000000	-0.012642293356343
1.6400000000000	-0.012685319298438
1.6440000000000	-0.012728412618322
1.6480000000000	-0.012771573354826
1.6520000000000	-0.012814801547444
1.6560000000000	-0.012858097236331
1.6600000000000	-0.012901460462320
1.6640000000000	-0.012944891266921
1.6680000000000	-0.012988389692345
1.6720000000000	-0.013031955781500
1.6760000000000	-0.013075589578009
1.6800000000000	-0.013119291126227
1.6840000000000	-0.013163060471233
1.6880000000000	-0.013206897658857
1.6920000000000	-0.013250802735679
1.6960000000000	-0.013294775749050
1.7000000000000	-0.013338816747101
1.7040000000000	-0.013382925778746
1.7080000000000	-0.013427102893704
1.7120000000000	-0.013471348142504
1.7160000000000	-0.013515661576495
1.7200000000000	-0.013560043247871
1.7240000000000	-0.013604493209667
1.7280000000000	-0.013649011515783
1.7320000000000	-0.013693598220984
1.7360000000000	-0.013738253380932
1.7400000000000	-0.013782977052182
1.7440000000000	-0.013827769292201
1.7480000000000	-0.013872630159383
1.7520000000000	-0.013917559713059
1.7560000000000	-0.013962558013517
1.7600000000000	-0.014007625122011
1.7640000000000	-0.014052761100773
1.7680000000000	-0.014097966013039
1.7720000000000	-0.014143239923048
1.7760000000000	-0.014188582896072
1.7800000000000	-0.014233994998420
1.7840000000000	-0.014279476297458
1.7880000000000	-0.014325026861632
1.7920000000000	-0.014370646760468
1.7960000000000	-0.014416336064604
1.8000000000000	-0.014462094845798
1.8040000000000	-0.014507923176946
1.8080000000000	-0.014553821132103
1.8120000000000	-0.014599788786499
1.8160000000000	-0.014645826216553
1.8200000000000	-0.014691933499894
1.8240000000000	-0.014738110715384
1.8280000000000	-0.014784357943127
1.8320000000000	-0.014830675264497
1.8360000000000	-0.014877062762152
1.8400000000000	-0.014923520520060
1.8440000000000	-0.014970048623508
1.8480000000000	-0.015016647159136
1.8520000000000	-0.015063316214947
1.8560000000000	-0.015110055880336
1.8600000000000	-0.015156866246104
1.8640000000000	-0.015203747404485
1.8680000000000	-0.015250699449176
1.8720000000000	-0.015297722475334
1.8760000000000	-0.015344816579634
1.8800000000000	-0.015391981860265
1.8840000000000	-0.015439218416965
1.8880000000000	-0.015486526351046
1.8920000000000	-0.015533905765418
1.8960000000000	-0.015581356764611
1.9000000000000	-0.015628879454806
1.9040000000000	-0.015676473943860
1.9080000000000	-0.015724140341327
1.9120000000000	-0.015771878758492
1.9160000000000	-0.015819689308398
1.9200000000000	-0.015867572105867
1.9240000000000	-0.015915527267543
1.9280000000000	-0.015963554911905
1.9320000000000	-0.016011655159308
1.9360000000000	-0.016059828132012
1.9400000000000	-0.016108073954205
1.9440000000000	-0.016156392752047
1.9480000000000	-0.016204784653691
1.9520000000000	-0.016253249789319
1.9560000000000	-0.016301788291183
1.9600000000000	-0.016350400293629
1.9640000000000	-0.016399085933129
1.9680000000000	-0.016447845348340
1.9720000000000	-0.016496678680102
1.9760000000000	-0.016545586071507
1.9800000000000	-0.016594567667922
1.9840000000000	-0.016643623617030
1.9880000000000	-0.016692754068869
1.9920000000000	-0.016741959175867
1.9960000000000	-0.016791239092891
2.0000000000000	-0.016840593977282
2.0040000000000	-0.016890023988897
2.0080000000000	-0.016939529290154
2.0120000000000	-0.016989110046074
2.0160000000000	-0.017038766424327
2.0200000000000	-0.017088498595276
2.0240000000000	-0.017138306732026
2.0280000000000	-0.017188191010463
2.0320000000000	-0.017238151609314
2.0360000000000	-0.017288188710186
2.0400000000000	-0.017338302497620
2.0440000000000	-0.017388493159145
2.0480000000000	-0.017438760885323
2.0520000000000	-0.017489105869809
2.0560000000000	-0.017539528309401
2.0600000000000	-0.017590028404097
2.0640000000000	-0.017640606357150
2.0680000000000	-0.017691262375131
2.0720000000000	-0.017741996667976
2.0760000000000	-0.017792809449057
2.0800000000000	-0.017843700935242
2.0840000000000	-0.017894671346951
2.0880000000000	-0.017945720908229
2.0920000000000	-0.017996849846798
2.0960000000000	-0.018048058394139
2.1000000000000	-0.018099346785549
2.1040000000000	-0.018150715260214
2.1080000000000	-0.018202164061278
2.1120000000000	-0.018253693435921
2.1160000000000	-0.018305303635424
2.1200000000000	-0.018356994915251
2.1240000000000	-0.018408767535126
2.1280000000000	-0.018460621759104
2.1320000000000	-0.018512557855663
2.1360000000000	-0.018564576097775
2.1400000000000	-0.018616676763001
2.1440000000000	-0.018668860133563
2.1480000000000	-0.018721126496448
2.1520000000000	-0.018773476143479
2.1560000000000	-0.018825909371430
2.1600000000000	-0.018878426482090
2.1640000000000	-0.018931027782381
2.1680000000000	-0.018983713584454
2.1720000000000	-0.019036484205777
2.1760000000000	-0.019089339969246
2.1800000000000	-0.019142281203289
2.1840000000000	-0.019195308241967
2.1880000000000	-0.019248421425090
2.1920000000000	-0.019301621098326
2.1960000000000	-0.019354907613312
2.2000000000000	-0.019408281327777
2.2040000000000	-0.019461742605653
2.2080000000000	-0.019515291817211
2.2120000000000	-0.019568929339163
2.2160000000000	-0.019622655554819
2.2200000000000	-0.019676470854190
2.2240000000000	-0.019730375634142
2.2280000000000	-0.019784370298520
2.2320000000000	-0.019838455258302
2.2360000000000	-0.019892630931724
2.2400000000000	-0.019946897744444
2.2440000000000	-0.020001256129677
2.2480000000000	-0.020055706528367
2.2520000000000	-0.020110249389330
2.2560000000000	-0.020164885169415
2.2600000000000	-0.020219614333684
2.2640000000000	-0.020274437355562
2.2680000000000	-0.020329354717024
2.2720000000000	-0.020384366908769
2.2760000000000	-0.020439474430395
2.2800000000000	-0.020494677790599
2.2840000000000	-0.020549977507351
2.2880000000000	-0.020605374108106
2.2920000000000	-0.020660868129990
2.2960000000000	-0.020716460120021
2.3000000000000	-0.020772150635294
2.3040000000000	-0.020827940243229
2.3080000000000	-0.020883829521768
2.3120000000000	-0.020939819059610
2.3160000000000	-0.020995909456441
2.3200000000000	-0.021052101323179
2.3240000000000	-0.021108395282208
2.3280000000000	-0.021164791967637
2.3320000000000	-0.021221292025549
2.3360000000000	-0.021277896114274
2.3400000000000	-0.021334604904652
2.3440000000000	-0.021391419080309
2.3480000000000	-0.021448339337951
2.3520000000000	-0.021505366387650
2.3560000000000	-0.021562500953135
2.3600000000000	-0.021619743772118
2.3640000000000	-0.021677095596594
2.3680000000000	-0.021734557193174
2.3720000000000	-0.021792129343410
2.3760000000000	-0.021849812844145
2.3800000000000	-0.021907608507856
2.3840000000000	-0.021965517163021
2.3880000000000	-0.022023539654480
2.3920000000000	-0.022081676843825
2.3960000000000	-0.022139929609781
2.4000000000000	-0.022198298848614
2.4040000000000	-0.022256785474542
2.4080000000000	-0.022315390420150
2.4120000000000	-0.022374114636839
2.4160000000000	-0.022432959095255
2.4200000000000	-0.022491924785768
2.4240000000000	-0.022551012718933
2.4280000000000	-0.022610223925974
2.4320000000000	-0.022669559459291
2.4360000000000	-0.022729020392968
2.4400000000000	-0.022788607823307
2.4440000000000	-0.022848322869363
2.4480000000000	-0.022908166673506
2.4520000000000	-0.022968140402006
2.4560000000000	-0.023028245245605
2.4600000000000	-0.023088482420149
2.4640000000000	-0.023148853167193
2.4680000000000	-0.023209358754656
2.4720000000000	-0.023270000477500
2.4760000000000	-0.023330779658380
2.4800000000000	-0.023391697648377
2.4840000000000	-0.023452755827714
2.4880000000000	-0.023513955606498
2.4920000000000	-0.023575298425496
2.4960000000000	-0.023636785756926
2.5000000000000	-0.023698419105269
2.5040000000000	-0.023760200008123
2.5080000000000	-0.023822130037049
2.5120000000000	-0.023884210798492
2.5160000000000	-0.023946443934678
2.5200000000000	-0.024008831124583
2.5240000000000	-0.024071374084898
2.5280000000000	-0.024134074571056
2.5320000000000	-0.024196934378256
2.5360000000000	-0.024259955342559
2.5400000000000	-0.024323139341975
2.5440000000000	-0.024386488297628
2.5480000000000	-0.024450004174934
2.5520000000000	-0.024513688984804
2.5560000000000	-0.024577544784926
2.5600000000000	-0.024641573681056
2.5640000000000	-0.024705777828355
2.5680000000000	-0.024770159432788
2.5720000000000	-0.024834720752546
2.5760000000000	-0.024899464099538
2.5800000000000	-0.024964391840898
2.5840000000000	-0.025029506400593
2.5880000000000	-0.025094810261047
2.5920000000000	-0.025160305964819
2.5960000000000	-0.025225996116360
2.6000000000000	-0.025291883383823
2.6040000000000	-0.025357970500917
2.6080000000000	-0.025424260268853
2.6120000000000	-0.025490755558331
2.6160000000000	-0.025557459311628
2.6200000000000	-0.025624374544713
2.6240000000000	-0.025691504349480
2.6280000000000	-0.025758851896043
2.6320000000000	-0.025826420435111
2.6360000000000	-0.025894213300437
2.6400000000000	-0.025962233911391
2.6440000000000	-0.026030485775572
2.6480000000000	-0.026098972491578
2.6520000000000	-0.026167697751814
2.6560000000000	-0.026236665345447
2.6600000000000	-0.026305879161461
2.6640000000000	-0.026375343191801
2.6680000000000	-0.026445061534669
2.6720000000000	-0.026515038397923
2.6760000000000	-0.026585278102600
2.6800000000000	-0.026655785086593
2.6840000000000	-0.026726563908446
2.6880000000000	-0.026797619251304
2.6920000000000	-0.026868955927024
2.6960000000000	-0.026940578880411
2.7000000000000	-0.027012493193678
2.7040000000000	-0.027084704091019
2.7080000000000	-0.027157216943396
2.7120000000000	-0.027230037273518
2.7160000000000	-0.027303170760982
2.7200000000000	-0.027376623247678
2.7240000000000	-0.027450400743356
2.7280000000000	-0.027524509431457
2.7320000000000	-0.027598955675156
2.7360000000000	-0.027673746023661
2.7400000000000	-0.027748887218785
2.7440000000000	-0.027824386201772
2.7480000000000	-0.027900250120414
2.7520000000000	-0.027976486336469
2.7560000000000	-0.028053102433385
2.7600000000000	-0.028130106224366
2.7640000000000	-0.028207505760767
2.7680000000000	-0.028285309340857
2.7720000000000	-0.028363525518971
2.7760000000000	-0.028442163115028
2.7800000000000	-0.028521231224515
2.7840000000000	-0.028600739228855
2.7880000000000	-0.028680696806301
2.7920000000000	-0.028761113943236
2.7960000000000	-0.028842000946060
2.8000000000000	-0.028923368453553
2.8040000000000	-0.029005227449847
2.8080000000000	-0.029087589277953
2.8120000000000	-0.029170465653948
2.8160000000000	-0.029253868681784
2.8200000000000	-0.029337810868823
2.8240000000000	-0.029422305142086
2.8280000000000	-0.029507364865262
2.8320000000000	-0.029593003856555
2.8360000000000	-0.029679236407363
2.8400000000000	-0.029766077301876
2.8440000000000	-0.029853541837617
2.8480000000000	-0.029941645847001
2.8520000000000	-0.030030405719951
2.8560000000000	-0.030119838427641
2.8600000000000	-0.030209961547429
2.8640000000000	-0.030300793289048
2.8680000000000	-0.030392352522121
2.8720000000000	-0.030484658805103
2.8760000000000	-0.030577732415696
2.8800000000000	-0.030671594382854
2.8840000000000	-0.030766266520452
2.8880000000000	-0.030861771462759
2.8920000000000	-0.030958132701753
2.8960000000000	-0.031055374626484
2.9000000000000	-0.031153522564509
2.9040000000000	-0.031252602825622
2.9080000000000	-0.031352642747962
2.9120000000000	-0.031453670746671
2.9160000000000	-0.031555716365255
2.9200000000000	-0.031658810329846
2.9240000000000	-0.031762984606509
2.9280000000000	-0.031868272461841
2.9320000000000	-0.031974708527045
2.9360000000000	-0.032082328865710
2.9400000000000	-0.032191171045578
2.9440000000000	-0.032301274214519
2.9480000000000	-0.032412679181044
2.9520000000000	-0.032525428499632
2.9560000000000	-0.032639566561220
2.9600000000000	-0.032755139689231
2.9640000000000	-0.032872196241494
2.9680000000000	-0.032990786718513
2.9720000000000	-0.033110963878496
2.9760000000000	-0.033232782859685
2.9800000000000	-0.033356301310471
2.9840000000000	-0.033481579527897
2.9880000000000	-0.033608680605167
2.9920000000000	-0.033737670588810
2.9960000000000	-0.033868618646285
3.0000000000000	-0.034001597244759
3.0040000000000	-0.034136682341974
3.0080000000000	-0.034273953590120
3.0120000000000	-0.034413494553711
3.0160000000000	-0.034555392942654
3.0200000000000	-0.034699740861643
3.0240000000000	-0.034846635077244
3.0280000000000	-0.034996177304129
3.0320000000000	-0.035148474512007
3.0360000000000	-0.035303639255024
3.0400000000000	-0.035461790025481
3.0440000000000	-0.035623051633990
3.0480000000000	-0.035787555618333
3.0520000000000	-0.035955440683508
3.0560000000000	-0.036126853175730
3.0600000000000	-0.036301947593430
3.0640000000000	-0.036480887138543
3.0680000000000	-0.036663844311793
3.0720000000000	-0.036851001556022
3.0760000000000	-0.037042551952040
3.0800000000000	-0.037238699971964
3.0840000000000	-0.037439662295503
3.0880000000000	-0.037645668695334
3.0920000000000	-0.037856962998252
3.0960000000000	-0.038073804129661
3.1000000000000	-0.038296467249727
3.1040000000000	-0.038525244990502
3.1080000000000	-0.038760448804409
3.1120000000000	-0.039002410435697
3.1160000000000	-0.039251483527797
3.1200000000000	-0.039508045381174
3.1240000000000	-0.039772498877920
3.1280000000000	-0.040045274591454
3.1320000000000	-0.040326833101895
3.1360000000000	-0.040617667540374
3.1400000000000	-0.040918306388477
3.1440000000000	-0.041229316562447
3.1480000000000	-0.041551306815759
3.1520000000000	-0.041884931498089
3.1560000000000	-0.042230894713993
3.1600000000000	-0.042589954930555
3.1640000000000	-0.042962930090189
3.1680000000000	-0.043350703292879
3.1720000000000	-0.043754229121360
3.1760000000000	-0.044174540693686
3.1800000000000	-0.044612757540270
3.1840000000000	-0.045070094417230
3.1880000000000	-0.045547871185294
3.1920000000000	-0.046047523903878
3.1960000000000	-0.046570617313908
3.2000000000000	-0.047118858911452
3.2040000000000	-0.047694114847685
3.2080000000000	-0.048298427930766
3.2120000000000	-0.048934038052666
3.2160000000000	-0.049603405420943
3.2200000000000	-0.050309237043537
3.2240000000000	-0.051054516996697
3.2280000000000	-0.051842541105213
3.2320000000000	-0.052676956783866
3.2360000000000	-0.053561808934979
3.2400000000000	-0.054501592974741
3.2440000000000	-0.055501316279023
3.2480000000000	-0.056566569607696
3.2520000000000	-0.057703610397716
3.2560000000000	-0.058919460226791
3.2600000000000	-0.060222019262110
3.2640000000000	-0.061620201151433
3.2680000000000	-0.063124092622878
3.2720000000000	-0.064745143084294
3.2760000000000	-0.066496390816917
3.2800000000000	-0.068392734027321
3.2840000000000	-0.070451257171622
3.2880000000000	-0.072691625752118
3.2920000000000	-0.075136566421665
3.2960000000000	-0.077812454006160
3.3000000000000	-0.080750033373753
3.3040000000000	-0.083985312503542
3.3080000000000	-0.087560674427901
3.3120000000000	-0.091526271066513
3.3160000000000	-0.095941782949333
3.3200000000000	-0.10087865777702
3.3240000000000	-0.10642298111092
3.3280000000000	-0.11267918928096
3.3320000000000	-0.11977491541988
3.3360000000000	-0.12786737583551
3.3400000000000	-0.13715187326634
3.3440000000000	-0.14787324311959
3.3480000000000	-0.16034144118686
3.3520000000000	-0.17495303411996
3.3560000000000	-0.19222121522018
3.3600000000000	-0.21281830203957
3.3640000000000	-0.23763676024128
3.3680000000000	-0.26787809136860
3.3720000000000	-0.30518412635963
3.3760000000000	-0.35183341373294
3.3800000000000	-0.41103772506008
3.3840000000000	-0.48739070486539
3.3880000000000	-0.58753788835713
3.3920000000000	-0.72112980130981
3.3960000000000	-0.90198999868966
3.4000000000000	-1.1488456421196
3.4040000000000	-1.4829588208369
3.4080000000000	-1.9146074530214
3.4120000000000	-2.4029722866404
3.4160000000000	-2.7956060716675
3.4200000000000	-2.8686958041037
3.4240000000000	-2.5694009102685
3.4280000000000	-2.0905790495480
3.4320000000000	-1.6278984647647
3.4360000000000	-1.2573183803305
3.4400000000000	-0.98073027153658
3.4440000000000	-0.77819385917006
3.4480000000000	-0.62935228692602
3.4520000000000	-0.51853792044725
3.4560000000000	-0.43467305977547
3.4600000000000	-0.37011760650230
3.4640000000000	-0.31960746038253
3.4680000000000	-0.27948147001259
3.4720000000000	-0.24715799059173
3.4760000000000	-0.22078835647183
3.4800000000000	-0.19902793501033
3.4840000000000	-0.18088374770814
3.4880000000000	-0.16561185533263
3.4920000000000	-0.15264730591424
3.4960000000000	-0.14155562473692
3.5000000000000	-0.13199874028304
3.5040000000000	-0.12371071686221
3.5080000000000	-0.11648024109566
3.5120000000000	-0.11013782266143
3.5160000000000	-0.10454632855518
3.5200000000000	-0.099593903903450
3.5240000000000	-0.095188621612375
3.5280000000000	-0.091254398449110
3.5320000000000	-0.087727848670150
3.5360000000000	-0.084555838674084
3.5400000000000	-0.081693570784009
3.5440000000000	-0.079103069981630
3.5480000000000	-0.076751980093297
3.5520000000000	-0.074612599519166
3.5560000000000	-0.072661103789202
3.5600000000000	-0.070876914871988
3.5640000000000	-0.069242186538815
3.5680000000000	-0.067741382096163
3.5720000000000	-0.066360926082704
3.5760000000000	-0.065088915537145
3.5800000000000	-0.063914879508933
3.5840000000000	-0.062829577843193
3.5880000000000	-0.061824832098713
3.5920000000000	-0.060893382881900
3.5960000000000	-0.060028768995864
3.6000000000000	-0.059225224683758
3.6040000000000	-0.058477591942685
3.6080000000000	-0.057781245440081
3.6120000000000	-0.057132028008859
3.6160000000000	-0.056526195055335
3.6200000000000	-0.055960366502716
3.6240000000000	-0.055431485127298
3.6280000000000	-0.054936780335638
3.6320000000000	-0.054473736586947
3.6360000000000	-0.054040065793471
3.6400000000000	-0.053633683137275
3.6440000000000	-0.053252685829350
3.6480000000000	-0.052895334409566
3.6520000000000	-0.052560036246554
3.6560000000000	-0.052245330947065
3.6600000000000	-0.051949877426768
3.6640000000000	-0.051672442430047
3.6680000000000	-0.051411890316431
3.6720000000000	-0.051167173956592
3.6760000000000	-0.050937326602508
3.6800000000000	-0.050721454614568
3.6840000000000	-0.050518730944087
3.6880000000000	-0.050328389282954
3.6920000000000	-0.050149718803633
3.6960000000000	-0.049982059422458
3.7000000000000	-0.049824797527631
3.7040000000000	-0.049677362120619
3.7080000000000	-0.049539221325897
3.7120000000000	-0.049409879229434
3.7160000000000	-0.049288873011051
3.7200000000000	-0.049175770339869
3.7240000000000	-0.049070167005672
3.7280000000000	-0.048971684762055
3.7320000000000	-0.048879969360066
3.7360000000000	-0.048794688753331
3.7400000000000	-0.048715531457808
3.7440000000000	-0.048642205051185
3.7480000000000	-0.048574434798439
3.7520000000000	-0.048511962391636
3.7560000000000	-0.048454544793272
3.7600000000000	-0.048401953173507
3.7640000000000	-0.048353971932718
3.7680000000000	-0.048310397801624
3.7720000000000	-0.048271039012063
3.7760000000000	-0.048235714532097
3.7800000000000	-0.048204253359853
3.7840000000000	-0.048176493871017
3.7880000000000	-0.048152283215305
3.7920000000000	-0.048131476757825
3.7960000000000	-0.048113937561529
3.8000000000000	-0.048099535907317
3.8040000000000	-0.048088148848725
3.8080000000000	-0.048079659798353
3.8120000000000	-0.048073958143487
3.8160000000000	-0.048070938888565
3.8200000000000	-0.048070502322370
3.8240000000000	-0.048072553708008
3.8280000000000	-0.048077002993908
3.8320000000000	-0.048083764544205
3.8360000000000	-0.048092756887052
3.8400000000000	-0.048103902479477
3.8440000000000	-0.048117127487574
3.8480000000000	-0.048132361580862
3.8520000000000	-0.048149537739785
3.8560000000000	-0.048168592075361
3.8600000000000	-0.048189463660169
3.8640000000000	-0.048212094369749
3.8680000000000	-0.048236428733775
3.8720000000000	-0.048262413796228
3.8760000000000	-0.048289998984001
3.8800000000000	-0.048319135983274
3.8840000000000	-0.048349778623172
3.8880000000000	-0.048381882766187
3.8920000000000	-0.048415406204875
3.8960000000000	-0.048450308564400
3.9000000000000	-0.048486551210580
3.9040000000000	-0.048524097162961
3.9080000000000	-0.048562911012655
3.9120000000000	-0.048602958844590
3.9160000000000	-0.048644208163846
3.9200000000000	-0.048686627825841
3.9240000000000	-0.048730187970069
3.9280000000000	-0.048774859957142
3.9320000000000	-0.048820616308942
3.9360000000000	-0.048867430651616
3.9400000000000	-0.048915277661235
3.9440000000000	-0.048964133011927
3.9480000000000	-0.049013973326288
3.9520000000000	-0.049064776127905
3.9560000000000	-0.049116519795824
3.9600000000000	-0.049169183520797
3.9640000000000	-0.049222747263180
3.9680000000000	-0.049277191712317
3.9720000000000	-0.049332498247268
3.9760000000000	-0.049388648898772
3.9800000000000	-0.049445626312288
3.9840000000000	-0.049503413712004
3.9880000000000	-0.049561994865667
3.9920000000000	-0.049621354050153
3.9960000000000	-0.049681476017612
4.0000000000000	-0.049742345962085
4.0040000000000	-0.049803949486483
4.0080000000000	-0.049866272569795
4.0120000000000	-0.049929301534411
4.0160000000000	-0.049993023013420
4.0200000000000	-0.050057423917787
4.0240000000000	-0.050122491403253
4.0280000000000	-0.050188212836852
4.0320000000000	-0.050254575762875
4.0360000000000	-0.050321567868174
4.0400000000000	-0.050389176946648
4.0440000000000	-0.050457390862742
4.0480000000000	-0.050526197513831
4.0520000000000	-0.050595584791278
4.0560000000000	-0.050665540540045
4.0600000000000	-0.050736052516600
4.0640000000000	-0.050807108344995
4.0680000000000	-0.050878695470842
4.0720000000000	-0.050950801113016
4.0760000000000	-0.051023412212797
4.0800000000000	-0.051096515380249
4.0840000000000	-0.051170096837538
4.0880000000000	-0.051244142358898
4.0920000000000	-0.051318637206960
4.0960000000000	-0.051393566065105
4.1000000000000	-0.051468912965489
4.1040000000000	-0.051544661212391
4.1080000000000	-0.051620793300451
4.1120000000000	-0.051697290827401
4.1160000000000	-0.051774134400857
4.1200000000000	-0.051851303538622
4.1240000000000	-0.051928776562080
4.1280000000000	-0.052006530482068
4.1320000000000	-0.052084540876685
4.1360000000000	-0.052162781760435
4.1400000000000	-0.052241225444024
4.1440000000000	-0.052319842384170
4.1480000000000	-0.052398601022722
4.1520000000000	-0.052477467614293
4.1560000000000	-0.052556406041685
4.1600000000000	-0.052635377618284
4.1640000000000	-0.052714340876587
4.1680000000000	-0.052793251342023
4.1720000000000	-0.052872061291234
4.1760000000000	-0.052950719493892
4.1800000000000	-0.053029170937279
4.1840000000000	-0.053107356532746
4.1880000000000	-0.053185212803293
4.1920000000000	-0.053262671551544
4.1960000000000	-0.053339659507497
4.2000000000000	-0.053416097955555
4.2040000000000	-0.053491902340468
4.2080000000000	-0.053566981852145
4.2120000000000	-0.053641238989428
4.2160000000000	-0.053714569103316
4.2200000000000	-0.053786859920625
4.2240000000000	-0.053857991049421
4.2280000000000	-0.053927833468307
4.2320000000000	-0.053996249002348
4.2360000000000	-0.054063089789243
4.2400000000000	-0.054128197740489
4.2440000000000	-0.054191404003404
4.2480000000000	-0.054252528431338
4.2520000000000	-0.054311379071036
4.2560000000000	-0.054367751677955
4.2600000000000	-0.054421429272490
4.2640000000000	-0.054472181752458
4.2680000000000	-0.054519765579820
4.2720000000000	-0.054563923562588
4.2760000000000	-0.054604384756057
4.2800000000000	-0.054640864510890
4.2840000000000	-0.054673064699174
4.2880000000000	-0.054700674153287
4.2920000000000	-0.054723369355949
4.2960000000000	-0.054740815423473
4.3000000000000	-0.054752667427112
4.3040000000000	-0.054758572100074
4.3080000000000	-0.054758169979065
4.3120000000000	-0.054751098029612
4.3160000000000	-0.054736992802657
4.3200000000000	-0.054715494166259
4.3240000000000	-0.054686249649530
4.3280000000000	-0.054648919426060
4.3320000000000	-0.054603181950344
4.3360000000000	-0.054548740242528
4.3400000000000	-0.054485328794109
4.3440000000000	-0.054412721039571
4.3480000000000	-0.054330737306626
4.3520000000000	-0.054239253121306
4.3560000000000	-0.054138207704420
4.3600000000000	-0.054027612454498
4.3640000000000	-0.053907559171394
4.3680000000000	-0.053778227736690
4.3720000000000	-0.053639892935446
4.3760000000000	-0.053492930081878
4.3800000000000	-0.053337819103163
4.3840000000000	-0.053175146744087
4.3880000000000	-0.053005606583659
4.3920000000000	-0.052829996604885
4.3960000000000	-0.052649214131024
4.4000000000000	-0.052464248034470
4.4040000000000	-0.052276168234374
4.4080000000000	-0.052086112620662
4.4120000000000	-0.051895271668192
4.4160000000000	-0.051704871126417
4.4200000000000	-0.051516153278415
4.4240000000000	-0.051330357349359
4.4280000000000	-0.051148699701221
4.4320000000000	-0.050972354472532
4.4360000000000	-0.050802435306590
4.4400000000000	-0.050639978759976
4.4440000000000	-0.050485929898831
4.4480000000000	-0.050341130480306
4.4520000000000	-0.050206309988920
4.4560000000000	-0.050082079662280
4.4600000000000	-0.049968929507037
4.4640000000000	-0.049867228182879
4.4680000000000	-0.049777225526856
4.4720000000000	-0.049699057407164
4.4760000000000	-0.049632752537329
4.4800000000000	-0.049578240848984
4.4840000000000	-0.049535363012217
4.4880000000000	-0.049503880704226
4.4920000000000	-0.049483487255261
4.4960000000000	-0.049473818341560
4.5000000000000	-0.049474462443421
4.5040000000000	-0.049484970838912
4.5080000000000	-0.049504866956389
4.5120000000000	-0.049533654959053
4.5160000000000	-0.049570827480679
4.5200000000000	-0.049615872471565
4.5240000000000	-0.049668279147377
4.5280000000000	-0.049727543060673
4.5320000000000	-0.049793170335658
4.5360000000000	-0.049864681121728
4.5400000000000	-0.049941612331364
4.5440000000000	-0.050023519733536
4.5480000000000	-0.050109979475941
4.5520000000000	-0.050200589108835
4.5560000000000	-0.050294968180424
4.5600000000000	-0.050392758469743
4.5640000000000	-0.050493623917714
4.5680000000000	-0.050597250311521
4.5720000000000	-0.050703344771402
4.5760000000000	-0.050811635083189
4.5800000000000	-0.050921868914220
4.5840000000000	-0.051033812944881
4.5880000000000	-0.051147251943181
4.5920000000000	-0.051261987805224
4.5960000000000	-0.051377838580471
4.6000000000000	-0.051494637497220
4.6040000000000	-0.051612232000518
4.6080000000000	-0.051730482812257
4.6120000000000	-0.051849263020700
4.6160000000000	-0.051968457205024
4.6200000000000	-0.052087960598648
4.6240000000000	-0.052207678293924
4.6280000000000	-0.052327524489618
4.6320000000000	-0.052447421781744
4.6360000000000	-0.052567300497609
4.6400000000000	-0.052687098072450
4.6440000000000	-0.052806758467434
4.6480000000000	-0.052926231627762
4.6520000000000	-0.053045472979093
4.6560000000000	-0.053164442960583
4.6600000000000	-0.053283106592606
4.6640000000000	-0.053401433077237
4.6680000000000	-0.053519395429539
4.6720000000000	-0.053636970137712
4.6760000000000	-0.053754136850239
4.6800000000000	-0.053870878088208
4.6840000000000	-0.053987178980989
4.6880000000000	-0.054103027023653
4.6920000000000	-0.054218411854534
4.6960000000000	-0.054333325051344
4.7000000000000	-0.054447759944541
4.7040000000000	-0.054561711446520
4.7080000000000	-0.054675175895436
4.7120000000000	-0.054788150912478
4.7160000000000	-0.054900635271508
4.7200000000000	-0.055012628780079
4.7240000000000	-0.055124132170888
4.7280000000000	-0.055235147002814
4.7320000000000	-0.055345675570731
4.7360000000000	-0.055455720823380
4.7400000000000	-0.055565286288612
4.7440000000000	-0.055674376005393
4.7480000000000	-0.055782994461976
4.7520000000000	-0.055891146539728
4.7560000000000	-0.055998837462145
4.7600000000000	-0.056106072748573
4.7640000000000	-0.056212858172268
4.7680000000000	-0.056319199722374
4.7720000000000	-0.056425103569555
4.7760000000000	-0.056530576034857
4.7800000000000	-0.056635623561630
4.7840000000000	-0.056740252690157
4.7880000000000	-0.056844470034796
4.7920000000000	-0.056948282263403
4.7960000000000	-0.057051696078844
4.8000000000000	-0.057154718202378
4.8040000000000	-0.057257355358793
4.8080000000000	-0.057359614263112
4.8120000000000	-0.057461501608712
4.8160000000000	-0.057563024056778
4.8200000000000	-0.057664188226910
4.8240000000000	-0.057765000688847
4.8280000000000	-0.057865467955135
4.8320000000000	-0.057965596474719
4.8360000000000	-0.058065392627321
4.8400000000000	-0.058164862718564
4.8440000000000	-0.058264012975769
4.8480000000000	-0.058362849544337
4.8520000000000	-0.058461378484704
4.8560000000000	-0.058559605769760
4.8600000000000	-0.058657537282750
4.8640000000000	-0.058755178815558
4.8680000000000	-0.058852536067360
4.8720000000000	-0.058949614643606
4.8760000000000	-0.059046420055307
4.8800000000000	-0.059142957718576
4.8840000000000	-0.059239232954411
4.8880000000000	-0.059335250988704
4.8920000000000	-0.059431016952417
4.8960000000000	-0.059526535881956
4.9000000000000	-0.059621812719673
4.9040000000000	-0.059716852314523
4.9080000000000	-0.059811659422825
4.9120000000000	-0.059906238709127
4.9160000000000	-0.060000594747182
4.9200000000000	-0.060094732020984
4.9240000000000	-0.060188654925871
4.9280000000000	-0.060282367769707
4.9320000000000	-0.060375874774113
4.9360000000000	-0.060469180075714
4.9400000000000	-0.060562287727450
4.9440000000000	-0.060655201699912
4.9480000000000	-0.060747925882690
4.9520000000000	-0.060840464085746
4.9560000000000	-0.060932820040805
4.9600000000000	-0.061024997402748
4.9640000000000	-0.061116999751006
4.9680000000000	-0.061208830590975
4.9720000000000	-0.061300493355410
4.9760000000000	-0.061391991405823
4.9800000000000	-0.061483328033871
4.9840000000000	-0.061574506462739
4.9880000000000	-0.061665529848518
4.9920000000000	-0.061756401281549
4.9960000000000	-0.061847123787784
5.0000000000000	-0.061937700330102
#Parameters = {D_center=12; L1=16; L2=5; L3=2; L4=15; L_diff=2.83; L_sub=45.66; W_50=1.36; W_sub=45.66; Z_mid=22.83; cm=0.3; ct=12; g_slot=1.2; h1=2; h2=2; h3=2; h4=2; h_sub=0.4; hole_puncher=0.87365; hole_puncher1=0.9; margin=1.6; needle_radius=0.635; nutrient_solution=0.01; pipe_OD=50; pipe_Ri=8; pipe_Ro=10; r_SRR=20; r_SRR_in=17.6; sigma_fluid=0.5; spacing=0.4; t_PDMS_microstrip=0.35; t_SRR=0.07; t_gnd=0.07; t_metal=0.5; t_microstrip=0.07; t_wall=2; w_channel=2; w_diff=2.83}
#"Frequency / GHz"	"S1,1 (16) [Magnitude / dB]"
#----------------------------------------------
1.0000000000000	-0.0066538831797265
1.0040000000000	-0.0066861428531141
1.0080000000000	-0.0067184719246189
1.0120000000000	-0.0067508703879298
1.0160000000000	-0.0067833382367796
1.0200000000000	-0.0068158754649588
1.0240000000000	-0.0068484820663000
1.0280000000000	-0.0068811580346883
1.0320000000000	-0.0069139033640703
1.0360000000000	-0.0069467180484388
1.0400000000000	-0.0069796020818457
1.0440000000000	-0.0070125554583949
1.0480000000000	-0.0070455781722613
1.0520000000000	-0.0070786702176646
1.0560000000000	-0.0071118315888960
1.0600000000000	-0.0071450622802989
1.0640000000000	-0.0071783622862939
1.0680000000000	-0.0072117316013522
1.0720000000000	-0.0072451702200220
1.0760000000000	-0.0072786781369119
1.0800000000000	-0.0073122553467063
1.0840000000000	-0.0073459018441549
1.0880000000000	-0.0073796176240824
1.0920000000000	-0.0074134026813836
1.0960000000000	-0.0074472570110319
1.1000000000000	-0.0074811806080767
1.1040000000000	-0.0075151734676454
1.1080000000000	-0.0075492355849400
1.1120000000000	-0.0075833669552522
1.1160000000000	-0.0076175675739504
1.1200000000000	-0.0076518374364894
1.1240000000000	-0.0076861765384051
1.1280000000000	-0.0077205848753302
1.1320000000000	-0.0077550624429810
1.1360000000000	-0.0077896092371645
1.1400000000000	-0.0078242252537787
1.1440000000000	-0.0078589104888228
1.1480000000000	-0.0078936649383806
1.1520000000000	-0.0079284885986492
1.1560000000000	-0.0079633814659078
1.1600000000000	-0.0079983435365516
1.1640000000000	-0.0080333748070724
1.1680000000000	-0.0080684752740657
1.1720000000000	-0.0081036449342376
1.1760000000000	-0.0081388837844002
1.1800000000000	-0.0081741918214780
1.1840000000000	-0.0082095690425093
1.1880000000000	-0.0082450154446429
1.1920000000000	-0.0082805310251518
1.1960000000000	-0.0083161157814169
1.2000000000000	-0.0083517697109490
1.2040000000000	-0.0083874928113772
1.2080000000000	-0.0084232850804549
1.2120000000000	-0.0084591465160704
1.2160000000000	-0.0084950771162293
1.2200000000000	-0.0085310768790789
1.2240000000000	-0.0085671458028915
1.2280000000000	-0.0086032838860811
1.2320000000000	-0.0086394911271984
1.2360000000000	-0.0086757675249330
1.2400000000000	-0.0087121130781187
1.2440000000000	-0.0087485277857358
1.2480000000000	-0.0087850116469063
1.2520000000000	-0.0088215646609092
1.2560000000000	-0.0088581868271708
1.2600000000000	-0.0088948781452736
1.2640000000000	-0.0089316386149600
1.2680000000000	-0.0089684682361266
1.2720000000000	-0.0090053670088376
1.2760000000000	-0.0090423349333191
1.2800000000000	-0.0090793720099709
1.2840000000000	-0.0091164782393505
1.2880000000000	-0.0091536536222016
1.2920000000000	-0.0091908981594375
1.2960000000000	-0.0092282118521508
1.3000000000000	-0.0092655947016183
1.3040000000000	-0.0093030467092941
1.3080000000000	-0.0093405678768297
1.3120000000000	-0.0093781582060582
1.3160000000000	-0.0094158176990083
1.3200000000000	-0.0094535463579082
1.3240000000000	-0.0094913441851818
1.3280000000000	-0.0095292111834547
1.3320000000000	-0.0095671473555616
1.3360000000000	-0.0096051527045454
1.3400000000000	-0.0096432272336548
1.3440000000000	-0.0096813709463627
1.3480000000000	-0.0097195838463545
1.3520000000000	-0.0097578659375411
1.3560000000000	-0.0097962172240564
1.3600000000000	-0.0098346377102608
1.3640000000000	-0.0098731274007559
1.3680000000000	-0.0099116863003680
1.3720000000000	-0.0099503144141713
1.3760000000000	-0.0099890117474784
1.3800000000000	-0.010027778305852
1.3840000000000	-0.010066614095104
1.3880000000000	-0.010105519121299
1.3920000000000	-0.010144493390766
1.3960000000000	-0.010183536910086
1.4000000000000	-0.010222649686117
1.4040000000000	-0.010261831725980
1.4080000000000	-0.010301083037074
1.4120000000000	-0.010340403627074
1.4160000000000	-0.010379793503943
1.4200000000000	-0.010419252675922
1.4240000000000	-0.010458781151553
1.4280000000000	-0.010498378939667
1.4320000000000	-0.010538046049400
1.4360000000000	-0.010577782490189
1.4400000000000	-0.010617588271779
1.4440000000000	-0.010657463404239
1.4480000000000	-0.010697407897939
1.4520000000000	-0.010737421763593
1.4560000000000	-0.010777505012227
1.4600000000000	-0.010817657655210
1.4640000000000	-0.010857879704243
1.4680000000000	-0.010898171171375
1.4720000000000	-0.010938532069003
1.4760000000000	-0.010978962409873
1.4800000000000	-0.011019462207099
1.4840000000000	-0.011060031474150
1.4880000000000	-0.011100670224868
1.4920000000000	-0.011141378473475
1.4960000000000	-0.011182156234570
1.5000000000000	-0.011223003523137
1.5040000000000	-0.011263920354555
1.5080000000000	-0.011304906744606
1.5120000000000	-0.011345962709470
1.5160000000000	-0.011387088265737
1.5200000000000	-0.011428283430415
1.5240000000000	-0.011469548220942
1.5280000000000	-0.011510882655176
1.5320000000000	-0.011552286751412
1.5360000000000	-0.011593760528392
1.5400000000000	-0.011635304005306
1.5440000000000	-0.011676917201791
1.5480000000000	-0.011718600137964
1.5520000000000	-0.011760352834389
1.5560000000000	-0.011802175312125
1.5600000000000	-0.011844067592707
1.5640000000000	-0.011886029698161
1.5680000000000	-0.011928061651012
1.5720000000000	-0.011970163474290
1.5760000000000	-0.012012335191540
1.5800000000000	-0.012054576826829
1.5840000000000	-0.012096888404748
1.5880000000000	-0.012139269950433
1.5920000000000	-0.012181721489557
1.5960000000000	-0.012224243048348
1.6000000000000	-0.012266834653605
1.6040000000000	-0.012309496332685
1.6080000000000	-0.012352228113528
1.6120000000000	-0.012395030024664
1.6160000000000	-0.012437902095218
1.6200000000000	-0.012480844354922
1.6240000000000	-0.012523856834122
1.6280000000000	-0.012566939563782
1.6320000000000	-0.012610092575512
1.6360000000000	-0.012653315901557
1.6400000000000	-0.012696609574817
1.6440000000000	-0.012739973628854
1.6480000000000	-0.012783408097906
1.6520000000000	-0.012826913016895
1.6560000000000	-0.012870488421431
1.6600000000000	-0.012914134347838
1.6640000000000	-0.012957850833146
1.6680000000000	-0.013001637915120
1.6720000000000	-0.013045495632259
1.6760000000000	-0.013089424023807
1.6800000000000	-0.013133423129778
1.6840000000000	-0.013177492990952
1.6880000000000	-0.013221633648894
1.6920000000000	-0.013265845145969
1.6960000000000	-0.013310127525345
1.7000000000000	-0.013354480831019
1.7040000000000	-0.013398905107817
1.7080000000000	-0.013443400401409
1.7120000000000	-0.013487966758338
1.7160000000000	-0.013532604226009
1.7200000000000	-0.013577312852721
1.7240000000000	-0.013622092687673
1.7280000000000	-0.013666943780977
1.7320000000000	-0.013711866183680
1.7360000000000	-0.013756859947770
1.7400000000000	-0.013801925126198
1.7440000000000	-0.013847061772885
1.7480000000000	-0.013892269942748
1.7520000000000	-0.013937549691709
1.7560000000000	-0.013982901076708
1.7600000000000	-0.014028324155727
1.7640000000000	-0.014073818987799
1.7680000000000	-0.014119385633036
1.7720000000000	-0.014165024152631
1.7760000000000	-0.014210734608889
1.7800000000000	-0.014256517065234
1.7840000000000	-0.014302371586236
1.7880000000000	-0.014348298237626
1.7920000000000	-0.014394297086311
1.7960000000000	-0.014440368200397
1.8000000000000	-0.014486511649210
1.8040000000000	-0.014532727503313
1.8080000000000	-0.014579015834524
1.8120000000000	-0.014625376715943
1.8160000000000	-0.014671810221970
1.8200000000000	-0.014718316428317
1.8240000000000	-0.014764895412050
1.8280000000000	-0.014811547251589
1.8320000000000	-0.014858272026746
1.8360000000000	-0.014905069818743
1.8400000000000	-0.014951940710230
1.8440000000000	-0.014998884785323
1.8480000000000	-0.015045902129606
1.8520000000000	-0.015092992830180
1.8560000000000	-0.015140156975670
1.8600000000000	-0.015187394656261
1.8640000000000	-0.015234705963718
1.8680000000000	-0.015282090991416
1.8720000000000	-0.015329549834369
1.8760000000000	-0.015377082589250
1.8800000000000	-0.015424689354428
1.8840000000000	-0.015472370229993
1.8880000000000	-0.015520125317783
1.8920000000000	-0.015567954721414
1.8960000000000	-0.015615858546318
1.9000000000000	-0.015663836899767
1.9040000000000	-0.015711889890902
1.9080000000000	-0.015760017630778
1.9120000000000	-0.015808220232383
1.9160000000000	-0.015856497810676
1.9200000000000	-0.015904850482625
1.9240000000000	-0.015953278367244
1.9280000000000	-0.016001781585616
1.9320000000000	-0.016050360260939
1.9360000000000	-0.016099014518571
1.9400000000000	-0.016147744486052
1.9440000000000	-0.016196550293145
1.9480000000000	-0.016245432071889
1.9520000000000	-0.016294389956630
1.9560000000000	-0.016343424084057
1.9600000000000	-0.016392534593254
1.9640000000000	-0.016441721625736
1.9680000000000	-0.016490985325500
1.9720000000000	-0.016540325839060
1.9760000000000	-0.016589743315504
1.9800000000000	-0.016639237906534
1.9840000000000	-0.016688809766508
1.9880000000000	-0.016738459052502
1.9920000000000	-0.016788185924356
1.9960000000000	-0.016837990544712
2.0000000000000	-0.016887873079086
2.0040000000000	-0.016937833695906
2.0080000000000	-0.016987872566578
2.0120000000000	-0.017037989865524
2.0160000000000	-0.017088185770262
2.0200000000000	-0.017138460461449
2.0240000000000	-0.017188814122938
2.0280000000000	-0.017239246941849
2.0320000000000	-0.017289759108630
2.0360000000000	-0.017340350817112
2.0400000000000	-0.017391022264580
2.0440000000000	-0.017441773651841
2.0480000000000	-0.017492605183288
2.0520000000000	-0.017543517066976
2.0560000000000	-0.017594509514679
2.0600000000000	-0.017645582741984
2.0640000000000	-0.017696736968352
2.0680000000000	-0.017747972417191
2.0720000000000	-0.017799289315951
2.0760000000000	-0.017850687896188
2.0800000000000	-0.017902168393652
2.0840000000000	-0.017953731048380
2.0880000000000	-0.018005376104763
2.0920000000000	-0.018057103811656
2.0960000000000	-0.018108914422457
2.1000000000000	-0.018160808195203
2.1040000000000	-0.018212785392660
2.1080000000000	-0.018264846282433
2.1120000000000	-0.018316991137056
2.1160000000000	-0.018369220234102
2.1200000000000	-0.018421533856286
2.1240000000000	-0.018473932291571
2.1280000000000	-0.018526415833286
2.1320000000000	-0.018578984780240
2.1360000000000	-0.018631639436833
2.1400000000000	-0.018684380113189
2.1440000000000	-0.018737207125261
2.1480000000000	-0.018790120794983
2.1520000000000	-0.018843121450390
2.1560000000000	-0.018896209425752
2.1600000000000	-0.018949385061720
2.1640000000000	-0.019002648705453
2.1680000000000	-0.019056000710789
2.1720000000000	-0.019109441438392
2.1760000000000	-0.019162971255887
2.1800000000000	-0.019216590538049
2.1840000000000	-0.019270299666958
2.1880000000000	-0.019324099032174
2.1920000000000	-0.019377989030900
2.1960000000000	-0.019431970068192
2.2000000000000	-0.019486042557125
2.2040000000000	-0.019540206919000
2.2080000000000	-0.019594463583539
2.2120000000000	-0.019648812989098
2.2160000000000	-0.019703255582884
2.2200000000000	-0.019757791821175
2.2240000000000	-0.019812422169549
2.2280000000000	-0.019867147103131
2.2320000000000	-0.019921967106829
2.2360000000000	-0.019976882675607
2.2400000000000	-0.020031894314746
2.2440000000000	-0.020087002540104
2.2480000000000	-0.020142207878432
2.2520000000000	-0.020197510867655
2.2560000000000	-0.020252912057190
2.2600000000000	-0.020308412008264
2.2640000000000	-0.020364011294257
2.2680000000000	-0.020419710501050
2.2720000000000	-0.020475510227397
2.2760000000000	-0.020531411085298
2.2800000000000	-0.020587413700403
2.2840000000000	-0.020643518712437
2.2880000000000	-0.020699726775625
2.2920000000000	-0.020756038559154
2.2960000000000	-0.020812454747665
2.3000000000000	-0.020868976041728
2.3040000000000	-0.020925603158405
2.3080000000000	-0.020982336831777
2.3120000000000	-0.021039177813548
2.3160000000000	-0.021096126873646
2.3200000000000	-0.021153184800885
2.3240000000000	-0.021210352403651
2.3280000000000	-0.021267630510607
2.3320000000000	-0.021325019971487
2.3360000000000	-0.021382521657890
2.3400000000000	-0.021440136464150
2.3440000000000	-0.021497865308251
2.3480000000000	-0.021555709132794
2.3520000000000	-0.021613668906044
2.3560000000000	-0.021671745623029
2.3600000000000	-0.021729940306727
2.3640000000000	-0.021788254009331
2.3680000000000	-0.021846687813585
2.3720000000000	-0.021905242834257
2.3760000000000	-0.021963920219700
2.3800000000000	-0.022022721153507
2.3840000000000	-0.022081646856347
2.3880000000000	-0.022140698587909
2.3920000000000	-0.022199877649010
2.3960000000000	-0.022259185383903
2.4000000000000	-0.022318623182739
2.4040000000000	-0.022378192484294
2.4080000000000	-0.022437894778892
2.4120000000000	-0.022497731611618
2.4160000000000	-0.022557704585866
2.4200000000000	-0.022617815367132
2.4240000000000	-0.022678065687285
2.4280000000000	-0.022738457349179
2.4320000000000	-0.022798992231787
2.4360000000000	-0.022859672295845
2.4400000000000	-0.022920499590121
2.4440000000000	-0.022981476258335
2.4480000000000	-0.023042604546866
2.4520000000000	-0.023103886813354
2.4560000000000	-0.023165325536260
2.4600000000000	-0.023226923325610
2.4640000000000	-0.023288682935013
2.4680000000000	-0.023350607275171
2.4720000000000	-0.023412699429144
2.4760000000000	-0.023474962669517
2.4800000000000	-0.023537400477954
2.4840000000000	-0.023600016567305
2.4880000000000	-0.023662814906816
2.4920000000000	-0.023725799750972
2.4960000000000	-0.023788975672415
2.5000000000000	-0.023852347599866
2.5040000000000	-0.023915920861731
2.5080000000000	-0.023979701236522
2.5120000000000	-0.024043695011310
2.5160000000000	-0.024107909049752
2.5200000000000	-0.024172350871414
2.5240000000000	-0.024237028744795
2.5280000000000	-0.024301951796598
2.5320000000000	-0.024367130140830
2.5360000000000	-0.024432575031698
2.5400000000000	-0.024498299045633
2.5440000000000	-0.024564316298939
2.5480000000000	-0.024630642709079
2.5520000000000	-0.024697296310063
2.5560000000000	-0.024764297635029
2.5600000000000	-0.024831670182768
2.5640000000000	-0.024899440989842
2.5680000000000	-0.024967641336568
2.5720000000000	-0.025036307623418
2.5760000000000	-0.025105482466644
2.5800000000000	-0.025175216077395
2.5840000000000	-0.025245568011326
2.5880000000000	-0.025316609405980
2.5920000000000	-0.025388425867111
2.5960000000000	-0.025461121226880
2.6000000000000	-0.025534822486969
2.6040000000000	-0.025609686390657
2.6080000000000	-0.025685908264181
2.6120000000000	-0.025763734063368
2.6160000000000	-0.025843477017645
2.6200000000000	-0.025925540978650
2.6240000000000	-0.026010453727961
2.6280000000000	-0.026098915378881
2.6320000000000	-0.026191870174356
2.6360000000000	-0.026290615464045
2.6400000000000	-0.026396971440988
2.6440000000000	-0.026513553358892
2.6480000000000	-0.026644222921790
2.6520000000000	-0.026794866106321
2.6560000000000	-0.026974794767722
2.6600000000000	-0.027199408648504
2.6640000000000	-0.027495577897976
2.6680000000000	-0.027913379919966
2.6720000000000	-0.028554159178244
2.6760000000000	-0.029645580054710
2.6800000000000	-0.031770460693710
2.6840000000000	-0.036643722865293
2.6880000000000	-0.048930477085930
2.6920000000000	-0.061378241934716
2.6960000000000	-0.046722375122298
2.7000000000000	-0.036415455457198
2.7040000000000	-0.032310114348255
2.7080000000000	-0.030493446127948
2.7120000000000	-0.029581497028276
2.7160000000000	-0.029082601889973
2.7200000000000	-0.028796138793020
2.7240000000000	-0.028629461811283
2.7280000000000	-0.028535354450620
2.7320000000000	-0.028487798912559
2.7360000000000	-0.028471531545855
2.7400000000000	-0.028477128230605
2.7440000000000	-0.028498518725007
2.7480000000000	-0.028531651652568
2.7520000000000	-0.028573740248751
2.7560000000000	-0.028622817427409
2.7600000000000	-0.028677463367142
2.7640000000000	-0.028736633237181
2.7680000000000	-0.028799545112106
2.7720000000000	-0.028865605191759
2.7760000000000	-0.028934356781832
2.7800000000000	-0.029005444781450
2.7840000000000	-0.029078590514851
2.7880000000000	-0.029153573601142
2.7920000000000	-0.029230218699308
2.7960000000000	-0.029308385686273
2.8000000000000	-0.029387962288784
2.8040000000000	-0.029468858493703
2.8080000000000	-0.029551002263786
2.8120000000000	-0.029634336223005
2.8160000000000	-0.029718815070172
2.8200000000000	-0.029804403545005
2.8240000000000	-0.029891074817597
2.8280000000000	-0.029978809205131
2.8320000000000	-0.030067593143915
2.8360000000000	-0.030157418362124
2.8400000000000	-0.030248281211691
2.8440000000000	-0.030340182127303
2.8480000000000	-0.030433125187730
2.8520000000000	-0.030527117760133
2.8560000000000	-0.030622170212177
2.8600000000000	-0.030718295679983
2.8640000000000	-0.030815509882433
2.8680000000000	-0.030913830974225
2.8720000000000	-0.031013279431698
2.8760000000000	-0.031113877966502
2.8800000000000	-0.031215651463293
2.8840000000000	-0.031318626938257
2.8880000000000	-0.031422833515998
2.8920000000000	-0.031528302422746
2.8960000000000	-0.031635066994286
2.9000000000000	-0.031743162697341
2.9040000000000	-0.031852627163421
2.9080000000000	-0.031963500234393
2.9120000000000	-0.032075824019209
2.9160000000000	-0.032189642961421
2.9200000000000	-0.032305003917265
2.9240000000000	-0.032421956244206
2.9280000000000	-0.032540551899984
2.9320000000000	-0.032660845552296
2.9360000000000	-0.032782894699351
2.9400000000000	-0.032906759801646
2.9440000000000	-0.033032504425397
2.9480000000000	-0.033160195398139
2.9520000000000	-0.033289902977153
2.9560000000000	-0.033421701031406
2.9600000000000	-0.033555667237848
2.9640000000000	-0.033691883292976
2.9680000000000	-0.033830435140727
2.9720000000000	-0.033971413217806
2.9760000000000	-0.034114912717799
2.9800000000000	-0.034261033875411
2.9840000000000	-0.034409882272471
2.9880000000000	-0.034561569167358
2.9920000000000	-0.034716211849829
2.9960000000000	-0.034873934023290
3.0000000000000	-0.035034866216858
3.0040000000000	-0.035199146229761
3.0080000000000	-0.035366919610892
3.0120000000000	-0.035538340176634
3.0160000000000	-0.035713570570368
3.0200000000000	-0.035892782867477
3.0240000000000	-0.036076159230046
3.0280000000000	-0.036263892615859
3.0320000000000	-0.036456187546896
3.0360000000000	-0.036653260942984
3.0400000000000	-0.036855343026971
3.0440000000000	-0.037062678308431
3.0480000000000	-0.037275526653769
3.0520000000000	-0.037494164451424
3.0560000000000	-0.037718885881920
3.0600000000000	-0.037950004303639
3.0640000000000	-0.038187853766479
3.0680000000000	-0.038432790667026
3.0720000000000	-0.038685195560507
3.0760000000000	-0.038945475146692
3.0800000000000	-0.039214064449066
3.0840000000000	-0.039491429208984
3.0880000000000	-0.039778068519413
3.0920000000000	-0.040074517725933
3.0960000000000	-0.040381351626447
3.1000000000000	-0.040699188005201
3.1040000000000	-0.041028691541584
3.1080000000000	-0.041370578139742
3.1120000000000	-0.041725619731510
3.1160000000000	-0.042094649612705
3.1200000000000	-0.042478568381369
3.1240000000000	-0.042878350556784
3.1280000000000	-0.043295051969791
3.1320000000000	-0.043729818028691
3.1360000000000	-0.044183892981157
3.1400000000000	-0.044658630311491
3.1440000000000	-0.045155504434847
3.1480000000000	-0.045676123876383
3.1520000000000	-0.046222246154344
3.1560000000000	-0.046795794623263
3.1600000000000	-0.047398877577287
3.1640000000000	-0.048033809966334
3.1680000000000	-0.048703138140852
3.1720000000000	-0.049409668116591
3.1760000000000	-0.050156497942293
3.1800000000000	-0.050947054863744
3.1840000000000	-0.051785138112013
3.1880000000000	-0.052674968307595
3.1920000000000	-0.053621244672779
3.1960000000000	-0.054629211491109
3.2000000000000	-0.055704735557363
3.2040000000000	-0.056854396738734
3.2080000000000	-0.058085594238401
3.2120000000000	-0.059406671740941
3.2160000000000	-0.060827065359544
3.2200000000000	-0.062357479241100
3.2240000000000	-0.064010094875491
3.2280000000000	-0.065798821677316
3.2320000000000	-0.067739598365964
3.2360000000000	-0.069850757203905
3.2400000000000	-0.072153466454200
3.2440000000000	-0.074672270748823
3.2480000000000	-0.077435754780985
3.2520000000000	-0.080477363351426
3.2560000000000	-0.083836421019053
3.2600000000000	-0.087559408434830
3.2640000000000	-0.091701571312915
3.2680000000000	-0.096328963994231
3.2720000000000	-0.10152106572408
3.2760000000000	-0.10737415858523
3.2800000000000	-0.11400572820486
3.2840000000000	-0.12156025201782
3.2880000000000	-0.13021689050861
3.2920000000000	-0.14019981844042
3.2960000000000	-0.15179226315512
3.3000000000000	-0.16535581507855
3.3040000000000	-0.18135733684729
3.3080000000000	-0.20040697584266
3.3120000000000	-0.22331263007212
3.3160000000000	-0.25115913361086
3.3200000000000	-0.28542505939532
3.3240000000000	-0.32815736386225
3.3280000000000	-0.38223543349542
3.3320000000000	-0.45177253222473
3.3360000000000	-0.54272228767652
3.3400000000000	-0.66376497291213
3.3440000000000	-0.82747529032816
3.3480000000000	-1.0513769877627
3.3520000000000	-1.3570081815805
3.3560000000000	-1.7607268168586
3.3600000000000	-2.2417293392544
3.3640000000000	-2.6799300418153
3.3680000000000	-2.8499563860925
3.3720000000000	-2.6311198173498
3.3760000000000	-2.1750721253879
3.3800000000000	-1.7001872856253
3.3840000000000	-1.3097587424811
3.3880000000000	-1.0164351926203
3.3920000000000	-0.80196116397309
3.3960000000000	-0.64506215100151
3.4000000000000	-0.52888573944747
3.4040000000000	-0.44144269036914
3.4080000000000	-0.37447639346251
3.4120000000000	-0.32232252344978
3.4160000000000	-0.28106238990317
3.4200000000000	-0.24794780294700
3.4240000000000	-0.22102119983383
3.4280000000000	-0.19886577256836
3.4320000000000	-0.18044001711988
3.4360000000000	-0.16496690500820
3.4400000000000	-0.15185861439048
3.4440000000000	-0.14066466292956
3.4480000000000	-0.13103564316505
3.4520000000000	-0.12269750563058
3.4560000000000	-0.11543307300600
3.4600000000000	-0.10906858002154
3.4640000000000	-0.10346375296021
3.4680000000000	-0.098504413836882
3.4720000000000	-0.094096907144585
3.4760000000000	-0.090163857393669
3.4800000000000	-0.086640908885667
3.4840000000000	-0.083474197867858
3.4880000000000	-0.080618376038081
3.4920000000000	-0.078035052894904
3.4960000000000	-0.075691559007719
3.5000000000000	-0.073559957172688
3.5040000000000	-0.071616246511366
3.5080000000000	-0.069839717838172
3.5120000000000	-0.068212428439983
3.5160000000000	-0.066718771735513
3.5200000000000	-0.065345122788837
3.5240000000000	-0.064079544823535
3.5280000000000	-0.062911545067034
3.5320000000000	-0.061831870699952
3.5360000000000	-0.060832337576125
3.5400000000000	-0.059905685849801
3.5440000000000	-0.059045457797940
3.5480000000000	-0.058245894031506
3.5520000000000	-0.057501845006764
3.5560000000000	-0.056808695318012
3.5600000000000	-0.056162298709076
3.5640000000000	-0.055558922107229
3.5680000000000	-0.054995197278728
3.5720000000000	-0.054468078944688
3.5760000000000	-0.053974808390962
3.5800000000000	-0.053512881765080
3.5840000000000	-0.053080022383920
3.5880000000000	-0.052674156483537
3.5920000000000	-0.052293391931450
3.5960000000000	-0.051935999495542
3.6000000000000	-0.051600396325096
3.6040000000000	-0.051285131350784
3.6080000000000	-0.050988872353380
3.6120000000000	-0.050710394486982
3.6160000000000	-0.050448570073009
3.6200000000000	-0.050202359506857
3.6240000000000	-0.049970803140874
3.6280000000000	-0.049753014025820
3.6320000000000	-0.049548171408718
3.6360000000000	-0.049355514898423
3.6400000000000	-0.049174339221753
3.6440000000000	-0.049003989502974
3.6480000000000	-0.048843857007736
3.6520000000000	-0.048693375300151
3.6560000000000	-0.048552016767718
3.6600000000000	-0.048419289474539
3.6640000000000	-0.048294734307822
3.6680000000000	-0.048177922386902
3.6720000000000	-0.048068452707550
3.6760000000000	-0.047965949997505
3.6800000000000	-0.047870062761830
3.6840000000000	-0.047780461499204
3.6880000000000	-0.047696837072242
3.6920000000000	-0.047618899216877
3.6960000000000	-0.047546375177381
3.7000000000000	-0.047479008455098
3.7040000000000	-0.047416557660214
3.7080000000000	-0.047358795456938
3.7120000000000	-0.047305507593556
3.7160000000000	-0.047256492009650
3.7200000000000	-0.047211558013516
3.7240000000000	-0.047170525523572
3.7280000000000	-0.047133224368140
3.7320000000000	-0.047099493638503
3.7360000000000	-0.047069181090669
3.7400000000000	-0.047042142591717
3.7440000000000	-0.047018241606937
3.7480000000000	-0.046997348724381
3.7520000000000	-0.046979341213762
3.7560000000000	-0.046964102616857
3.7600000000000	-0.046951522366889
3.7640000000000	-0.046941495434586
3.7680000000000	-0.046933921998771
3.7720000000000	-0.046928707139578
3.7760000000000	-0.046925760552540
3.7800000000000	-0.046924996281927
3.7840000000000	-0.046926332471887
3.7880000000000	-0.046929691134016
3.7920000000000	-0.046934997930180
3.7960000000000	-0.046942181969391
3.8000000000000	-0.046951175617762
3.8040000000000	-0.046961914320560
3.8080000000000	-0.046974336435499
3.8120000000000	-0.046988383076458
3.8160000000000	-0.047003997966882
3.8200000000000	-0.047021127302219
3.8240000000000	-0.047039719620718
3.8280000000000	-0.047059725682032
3.8320000000000	-0.047081098353117
3.8360000000000	-0.047103792500874
3.8400000000000	-0.047127764891150
3.8440000000000	-0.047152974093599
3.8480000000000	-0.047179380392088
3.8520000000000	-0.047206945700237
3.8560000000000	-0.047235633481763
3.8600000000000	-0.047265408675338
3.8640000000000	-0.047296237623670
3.8680000000000	-0.047328088006493
3.8720000000000	-0.047360928777305
3.8760000000000	-0.047394730103530
3.8800000000000	-0.047429463309953
3.8840000000000	-0.047465100825196
3.8880000000000	-0.047501616131063
3.8920000000000	-0.047538983714579
3.8960000000000	-0.047577179022538
3.9000000000000	-0.047616178418461
3.9040000000000	-0.047655959141749
3.9080000000000	-0.047696499268989
3.9120000000000	-0.047737777677188
3.9160000000000	-0.047779774008926
3.9200000000000	-0.047822468639217
3.9240000000000	-0.047865842644080
3.9280000000000	-0.047909877770625
3.9320000000000	-0.047954556408656
3.9360000000000	-0.047999861563635
3.9400000000000	-0.048045776830985
3.9440000000000	-0.048092286371619
3.9480000000000	-0.048139374888661
3.9520000000000	-0.048187027605263
3.9560000000000	-0.048235230243470
3.9600000000000	-0.048283969004105
3.9640000000000	-0.048333230547562
3.9680000000000	-0.048383001975512
3.9720000000000	-0.048433270813443
3.9760000000000	-0.048484024994016
3.9800000000000	-0.048535252841142
3.9840000000000	-0.048586943054834
3.9880000000000	-0.048639084696683
3.9920000000000	-0.048691667176032
3.9960000000000	-0.048744680236722
4.0000000000000	-0.048798113944454
4.0040000000000	-0.048851958674691
4.0080000000000	-0.048906205101084
4.0120000000000	-0.048960844184402
4.0160000000000	-0.049015867161953
4.0200000000000	-0.049071265537430
4.0240000000000	-0.049127031071207
4.0280000000000	-0.049183155771039
4.0320000000000	-0.049239631883163
4.0360000000000	-0.049296451883748
4.0400000000000	-0.049353608470724
4.0440000000000	-0.049411094555931
4.0480000000000	-0.049468903257601
4.0520000000000	-0.049527027893140
4.0560000000000	-0.049585461972200
4.0600000000000	-0.049644199190048
4.0640000000000	-0.049703233421168
4.0680000000000	-0.049762558713155
4.0720000000000	-0.049822169280824
4.0760000000000	-0.049882059500561
4.0800000000000	-0.049942223904899
4.0840000000000	-0.050002657177298
4.0880000000000	-0.050063354147128
4.0920000000000	-0.050124309784855
4.0960000000000	-0.050185519197395
4.1000000000000	-0.050246977623659
4.1040000000000	-0.050308680430271
4.1080000000000	-0.050370623107409
4.1120000000000	-0.050432801264879
4.1160000000000	-0.050495210628239
4.1200000000000	-0.050557847035145
4.1240000000000	-0.050620706431798
4.1280000000000	-0.050683784869520
4.1320000000000	-0.050747078501468
4.1360000000000	-0.050810583579453
4.1400000000000	-0.050874296450894
4.1440000000000	-0.050938213555853
4.1480000000000	-0.051002331424205
4.1520000000000	-0.051066646672890
4.1560000000000	-0.051131156003272
4.1600000000000	-0.051195856198585
4.1640000000000	-0.051260744121470
4.1680000000000	-0.051325816711602
4.1720000000000	-0.051391070983397
4.1760000000000	-0.051456504023789
4.1800000000000	-0.051522112990111
4.1840000000000	-0.051587895108003
4.1880000000000	-0.051653847669440
4.1920000000000	-0.051719968030796
4.1960000000000	-0.051786253610982
4.2000000000000	-0.051852701889645
4.2040000000000	-0.051919310405431
4.2080000000000	-0.051986076754305
4.2120000000000	-0.052052998587919
4.2160000000000	-0.052120073612046
4.2200000000000	-0.052187299585050
4.2240000000000	-0.052254674316430
4.2280000000000	-0.052322195665379
4.2320000000000	-0.052389861539417
4.2360000000000	-0.052457669893055
4.2400000000000	-0.052525618726506
4.2440000000000	-0.052593706084426
4.2480000000000	-0.052661930054727
4.2520000000000	-0.052730288767380
4.2560000000000	-0.052798780393294
4.2600000000000	-0.052867403143208
4.2640000000000	-0.052936155266643
4.2680000000000	-0.053005035050857
4.2720000000000	-0.053074040819837
4.2760000000000	-0.053143170933350
4.2800000000000	-0.053212423785990
4.2840000000000	-0.053281797806274
4.2880000000000	-0.053351291455752
4.2920000000000	-0.053420903228152
4.2960000000000	-0.053490631648559
4.3000000000000	-0.053560475272593
4.3040000000000	-0.053630432685642
4.3080000000000	-0.053700502502094
4.3120000000000	-0.053770683364604
4.3160000000000	-0.053840973943385
4.3200000000000	-0.053911372935501
4.3240000000000	-0.053981879064210
4.3280000000000	-0.054052491078297
4.3320000000000	-0.054123207751451
4.3360000000000	-0.054194027881636
4.3400000000000	-0.054264950290508
4.3440000000000	-0.054335973822815
4.3480000000000	-0.054407097345848
4.3520000000000	-0.054478319748889
4.3560000000000	-0.054549639942670
4.3600000000000	-0.054621056858859
4.3640000000000	-0.054692569449562
4.3680000000000	-0.054764176686826
4.3720000000000	-0.054835877562162
4.3760000000000	-0.054907671086093
4.3800000000000	-0.054979556287691
4.3840000000000	-0.055051532214145
4.3880000000000	-0.055123597930341
4.3920000000000	-0.055195752518436
4.3960000000000	-0.055267995077462
4.4000000000000	-0.055340324722939
4.4040000000000	-0.055412740586483
4.4080000000000	-0.055485241815441
4.4120000000000	-0.055557827572536
4.4160000000000	-0.055630497035502
4.4200000000000	-0.055703249396747
4.4240000000000	-0.055776083863027
4.4280000000000	-0.055848999655116
4.4320000000000	-0.055921996007487
4.4360000000000	-0.055995072168010
4.4400000000000	-0.056068227397654
4.4440000000000	-0.056141460970185
4.4480000000000	-0.056214772171894
4.4520000000000	-0.056288160301315
4.4560000000000	-0.056361624668950
4.4600000000000	-0.056435164597019
4.4640000000000	-0.056508779419192
4.4680000000000	-0.056582468480344
4.4720000000000	-0.056656231136312
4.4760000000000	-0.056730066753660
4.4800000000000	-0.056803974709438
4.4840000000000	-0.056877954390978
4.4880000000000	-0.056952005195641
4.4920000000000	-0.057026126530641
4.4960000000000	-0.057100317812800
4.5000000000000	-0.057174578468378
4.5040000000000	-0.057248907932843
4.5080000000000	-0.057323305650698
4.5120000000000	-0.057397771075289
4.5160000000000	-0.057472303668610
4.5200000000000	-0.057546902901132
4.5240000000000	-0.057621568251628
4.5280000000000	-0.057696299206998
4.5320000000000	-0.057771095262097
4.5360000000000	-0.057845955919578
4.5400000000000	-0.057920880689745
4.5440000000000	-0.057995869090363
4.5480000000000	-0.058070920646542
4.5520000000000	-0.058146034890567
4.5560000000000	-0.058221211361761
4.5600000000000	-0.058296449606345
4.5640000000000	-0.058371749177290
4.5680000000000	-0.058447109634197
4.5720000000000	-0.058522530543154
4.5760000000000	-0.058598011476611
4.5800000000000	-0.058673552013251
4.5840000000000	-0.058749151737873
4.5880000000000	-0.058824810241266
4.5920000000000	-0.058900527120102
4.5960000000000	-0.058976301976804
4.6000000000000	-0.059052134419447
4.6040000000000	-0.059128024061649
4.6080000000000	-0.059203970522459
4.6120000000000	-0.059279973426248
4.6160000000000	-0.059356032402619
4.6200000000000	-0.059432147086300
4.6240000000000	-0.059508317117039
4.6280000000000	-0.059584542139528
4.6320000000000	-0.059660821803287
4.6360000000000	-0.059737155762590
4.6400000000000	-0.059813543676361
4.6440000000000	-0.059889985208103
4.6480000000000	-0.059966480025802
4.6520000000000	-0.060043027801840
4.6560000000000	-0.060119628212921
4.6600000000000	-0.060196280939992
4.6640000000000	-0.060272985668153
4.6680000000000	-0.060349742086595
4.6720000000000	-0.060426549888516
4.6760000000000	-0.060503408771045
4.6800000000000	-0.060580318435187
4.6840000000000	-0.060657278585728
4.6880000000000	-0.060734288931184
4.6920000000000	-0.060811349183730
4.6960000000000	-0.060888459059130
4.7000000000000	-0.060965618276674
4.7040000000000	-0.061042826559121
4.7080000000000	-0.061120083632626
4.7120000000000	-0.061197389226687
4.7160000000000	-0.061274743074088
4.7200000000000	-0.061352144910829
4.7240000000000	-0.061429594476085
4.7280000000000	-0.061507091512137
4.7320000000000	-0.061584635764326
4.7360000000000	-0.061662226980995
4.7400000000000	-0.061739864913433
4.7440000000000	-0.061817549315836
4.7480000000000	-0.061895279945247
4.7520000000000	-0.061973056561506
4.7560000000000	-0.062050878927209
4.7600000000000	-0.062128746807651
4.7640000000000	-0.062206659970793
4.7680000000000	-0.062284618187197
4.7720000000000	-0.062362621230006
4.7760000000000	-0.062440668874882
4.7800000000000	-0.062518760899966
4.7840000000000	-0.062596897085842
4.7880000000000	-0.062675077215495
4.7920000000000	-0.062753301074261
4.7960000000000	-0.062831568449804
4.8000000000000	-0.062909879132064
4.8040000000000	-0.062988232913225
4.8080000000000	-0.063066629587671
4.8120000000000	-0.063145068951964
4.8160000000000	-0.063223550804790
4.8200000000000	-0.063302074946941
4.8240000000000	-0.063380641181264
4.8280000000000	-0.063459249312643
4.8320000000000	-0.063537899147955
4.8360000000000	-0.063616590496039
4.8400000000000	-0.063695323167674
4.8440000000000	-0.063774096975531
4.8480000000000	-0.063852911734159
4.8520000000000	-0.063931767259938
4.8560000000000	-0.064010663371071
4.8600000000000	-0.064089599887531
4.8640000000000	-0.064168576631054
4.8680000000000	-0.064247593425094
4.8720000000000	-0.064326650094808
4.8760000000000	-0.064405746467022
4.8800000000000	-0.064484882370207
4.8840000000000	-0.064564057634455
4.8880000000000	-0.064643272091451
4.8920000000000	-0.064722525574445
4.8960000000000	-0.064801817918237
4.9000000000000	-0.064881148959142
4.9040000000000	-0.064960518534978
4.9080000000000	-0.065039926485032
4.9120000000000	-0.065119372650039
4.9160000000000	-0.065198856872171
4.9200000000000	-0.065278378994999
4.9240000000000	-0.065357938863482
4.9280000000000	-0.065437536323944
4.9320000000000	-0.065517171224048
4.9360000000000	-0.065596843412787
4.9400000000000	-0.065676552740450
4.9440000000000	-0.065756299058613
4.9480000000000	-0.065836082220113
4.9520000000000	-0.065915902079034
4.9560000000000	-0.065995758490684
4.9600000000000	-0.066075651311585
4.9640000000000	-0.066155580399441
4.9680000000000	-0.066235545613132
4.9720000000000	-0.066315546812693
4.9760000000000	-0.066395583859298
4.9800000000000	-0.066475656615238
4.9840000000000	-0.066555764943914
4.9880000000000	-0.066635908709810
4.9920000000000	-0.066716087778488
4.9960000000000	-0.066796302016561
5.0000000000000	-0.066876551291691
#Parameters = {D_center=12; L1=16; L2=5; L3=2; L4=15; L_diff=2.83; L_sub=45.66; W_50=1.36; W_sub=45.66; Z_mid=22.83; cm=0.3; ct=12; g_slot=1.6; h1=2; h2=2; h3=2; h4=2; h_sub=0.4; hole_puncher=0.87365; hole_puncher1=0.9; margin=1.6; needle_radius=0.635; nutrient_solution=0.01; pipe_OD=50; pipe_Ri=8; pipe_Ro=10; r_SRR=20; r_SRR_in=17.6; sigma_fluid=0.5; spacing=0.4; t_PDMS_microstrip=0.35; t_SRR=0.07; t_gnd=0.07; t_metal=0.5; t_microstrip=0.07; t_wall=2; w_channel=2; w_diff=2.83}
#"Frequency / GHz"	"S1,1 (17) [Magnitude / dB]"
#----------------------------------------------
1.0000000000000	-0.0066259335152314
1.0040000000000	-0.0066587221000324
1.0080000000000	-0.0066915726086511
1.0120000000000	-0.0067244850366700
1.0160000000000	-0.0067574593797403
1.0200000000000	-0.0067904956335840
1.0240000000000	-0.0068235937939889
1.0280000000000	-0.0068567538568155
1.0320000000000	-0.0068899758180048
1.0360000000000	-0.0069232596735560
1.0400000000000	-0.0069566054195602
1.0440000000000	-0.0069900130521762
1.0480000000000	-0.0070234825676425
1.0520000000000	-0.0070570139622779
1.0560000000000	-0.0070906072324778
1.0600000000000	-0.0071242623747283
1.0640000000000	-0.0071579793855916
1.0680000000000	-0.0071917582617185
1.0720000000000	-0.0072255989998444
1.0760000000000	-0.0072595015967946
1.0800000000000	-0.0072934660494845
1.0840000000000	-0.0073274923549147
1.0880000000000	-0.0073615805101866
1.0920000000000	-0.0073957305124876
1.0960000000000	-0.0074299423591088
1.1000000000000	-0.0074642160474304
1.1040000000000	-0.0074985515749352
1.1080000000000	-0.0075329489392058
1.1120000000000	-0.0075674081379292
1.1160000000000	-0.0076019291688923
1.1200000000000	-0.0076365120299892
1.1240000000000	-0.0076711567192188
1.1280000000000	-0.0077058632346893
1.1320000000000	-0.0077406315746211
1.1360000000000	-0.0077754617373490
1.1400000000000	-0.0078103537213112
1.1440000000000	-0.0078453075250717
1.1480000000000	-0.0078803231473109
1.1520000000000	-0.0079154005868222
1.1560000000000	-0.0079505398425230
1.1600000000000	-0.0079857409134593
1.1640000000000	-0.0080210037987934
1.1680000000000	-0.0080563284978210
1.1720000000000	-0.0080917150099609
1.1760000000000	-0.0081271633347642
1.1800000000000	-0.0081626734719167
1.1840000000000	-0.0081982454212417
1.1880000000000	-0.0082338791826881
1.1920000000000	-0.0082695747563569
1.1960000000000	-0.0083053321424804
1.2000000000000	-0.0083411513414355
1.2040000000000	-0.0083770323537487
1.2080000000000	-0.0084129751800900
1.2120000000000	-0.0084489798212773
1.2160000000000	-0.0084850462782833
1.2200000000000	-0.0085211745522336
1.2240000000000	-0.0085573646444087
1.2280000000000	-0.0085936165562504
1.2320000000000	-0.0086299302893595
1.2360000000000	-0.0086663058454963
1.2400000000000	-0.0087027432265933
1.2440000000000	-0.0087392424347446
1.2480000000000	-0.0087758034722194
1.2520000000000	-0.0088124263414582
1.2560000000000	-0.0088491110450726
1.2600000000000	-0.0088858575858620
1.2640000000000	-0.0089226659667961
1.2680000000000	-0.0089595361910312
1.2720000000000	-0.0089964682619123
1.2760000000000	-0.0090334621829654
1.2800000000000	-0.0090705179579166
1.2840000000000	-0.0091076355906807
1.2880000000000	-0.0091448150853660
1.2920000000000	-0.0091820564462859
1.2960000000000	-0.0092193596779550
1.3000000000000	-0.0092567247850901
1.3040000000000	-0.0092941517726130
1.3080000000000	-0.0093316406456689
1.3120000000000	-0.0093691914096046
1.3160000000000	-0.0094068040699888
1.3200000000000	-0.0094444786326103
1.3240000000000	-0.0094822151034773
1.3280000000000	-0.0095200134888291
1.3320000000000	-0.0095578737951353
1.3360000000000	-0.0095957960290880
1.3400000000000	-0.0096337801976298
1.3440000000000	-0.0096718263079297
1.3480000000000	-0.0097099343674112
1.3520000000000	-0.0097481043837325
1.3560000000000	-0.0097863363648075
1.3600000000000	-0.0098246303188036
1.3640000000000	-0.0098629862541412
1.3680000000000	-0.0099014041795052
1.3720000000000	-0.0099398841038376
1.3760000000000	-0.0099784260363572
1.3800000000000	-0.010017029986546
1.3840000000000	-0.010055695964165
1.3880000000000	-0.010094423979251
1.3920000000000	-0.010133214042128
1.3960000000000	-0.010172066163402
1.4000000000000	-0.010210980353972
1.4040000000000	-0.010249956625030
1.4080000000000	-0.010288994988074
1.4120000000000	-0.010328095454890
1.4160000000000	-0.010367258037591
1.4200000000000	-0.010406482748580
1.4240000000000	-0.010445769600593
1.4280000000000	-0.010485118606678
1.4320000000000	-0.010524529780210
1.4360000000000	-0.010564003134894
1.4400000000000	-0.010603538684762
1.4440000000000	-0.010643136444194
1.4480000000000	-0.010682796427907
1.4520000000000	-0.010722518650969
1.4560000000000	-0.010762303128798
1.4600000000000	-0.010802149877171
1.4640000000000	-0.010842058912226
1.4680000000000	-0.010882030250475
1.4720000000000	-0.010922063908791
1.4760000000000	-0.010962159904435
1.4800000000000	-0.011002318255049
1.4840000000000	-0.011042538978661
1.4880000000000	-0.011082822093695
1.4920000000000	-0.011123167618970
1.4960000000000	-0.011163575573718
1.5000000000000	-0.011204045977576
1.5040000000000	-0.011244578850597
1.5080000000000	-0.011285174213261
1.5120000000000	-0.011325832086470
1.5160000000000	-0.011366552491565
1.5200000000000	-0.011407335450324
1.5240000000000	-0.011448180984970
1.5280000000000	-0.011489089118185
1.5320000000000	-0.011530059873101
1.5360000000000	-0.011571093273325
1.5400000000000	-0.011612189342926
1.5440000000000	-0.011653348106457
1.5480000000000	-0.011694569588956
1.5520000000000	-0.011735853815954
1.5560000000000	-0.011777200813474
1.5600000000000	-0.011818610608052
1.5640000000000	-0.011860083226736
1.5680000000000	-0.011901618697090
1.5720000000000	-0.011943217047209
1.5760000000000	-0.011984878305723
1.5800000000000	-0.012026602501805
1.5840000000000	-0.012068389665171
1.5880000000000	-0.012110239826107
1.5920000000000	-0.012152153015456
1.5960000000000	-0.012194129264636
1.6000000000000	-0.012236168605652
1.6040000000000	-0.012278271071090
1.6080000000000	-0.012320436694144
1.6120000000000	-0.012362665508611
1.6160000000000	-0.012404957548902
1.6200000000000	-0.012447312850058
1.6240000000000	-0.012489731447749
1.6280000000000	-0.012532213378284
1.6320000000000	-0.012574758678634
1.6360000000000	-0.012617367386423
1.6400000000000	-0.012660039539948
1.6440000000000	-0.012702775178184
1.6480000000000	-0.012745574340800
1.6520000000000	-0.012788437068161
1.6560000000000	-0.012831363401343
1.6600000000000	-0.012874353382145
1.6640000000000	-0.012917407053090
1.6680000000000	-0.012960524457450
1.6720000000000	-0.013003705639240
1.6760000000000	-0.013046950643250
1.6800000000000	-0.013090259515027
1.6840000000000	-0.013133632300916
1.6880000000000	-0.013177069048060
1.6920000000000	-0.013220569804395
1.6960000000000	-0.013264134618692
1.7000000000000	-0.013307763540546
1.7040000000000	-0.013351456620398
1.7080000000000	-0.013395213909547
1.7120000000000	-0.013439035460157
1.7160000000000	-0.013482921325278
1.7200000000000	-0.013526871558852
1.7240000000000	-0.013570886215727
1.7280000000000	-0.013614965351677
1.7320000000000	-0.013659109023407
1.7360000000000	-0.013703317288574
1.7400000000000	-0.013747590205791
1.7440000000000	-0.013791927834659
1.7480000000000	-0.013836330235761
1.7520000000000	-0.013880797470691
1.7560000000000	-0.013925329602061
1.7600000000000	-0.013969926693525
1.7640000000000	-0.014014588809785
1.7680000000000	-0.014059316016613
1.7720000000000	-0.014104108380865
1.7760000000000	-0.014148965970493
1.7800000000000	-0.014193888854576
1.7840000000000	-0.014238877103315
1.7880000000000	-0.014283930788072
1.7920000000000	-0.014329049981373
1.7960000000000	-0.014374234756929
1.8000000000000	-0.014419485189660
1.8040000000000	-0.014464801355706
1.8080000000000	-0.014510183332445
1.8120000000000	-0.014555631198521
1.8160000000000	-0.014601145033860
1.8200000000000	-0.014646724919677
1.8240000000000	-0.014692370938516
1.8280000000000	-0.014738083174257
1.8320000000000	-0.014783861712143
1.8360000000000	-0.014829706638795
1.8400000000000	-0.014875618042241
1.8440000000000	-0.014921596011931
1.8480000000000	-0.014967640638764
1.8520000000000	-0.015013752015107
1.8560000000000	-0.015059930234822
1.8600000000000	-0.015106175393287
1.8640000000000	-0.015152487587416
1.8680000000000	-0.015198866915695
1.8720000000000	-0.015245313478189
1.8760000000000	-0.015291827376586
1.8800000000000	-0.015338408714211
1.8840000000000	-0.015385057596050
1.8880000000000	-0.015431774128788
1.8920000000000	-0.015478558420827
1.8960000000000	-0.015525410582315
1.9000000000000	-0.015572330725173
1.9040000000000	-0.015619318963128
1.9080000000000	-0.015666375411736
1.9120000000000	-0.015713500188423
1.9160000000000	-0.015760693412497
1.9200000000000	-0.015807955205195
1.9240000000000	-0.015855285689703
1.9280000000000	-0.015902684991198
1.9320000000000	-0.015950153236870
1.9360000000000	-0.015997690555963
1.9400000000000	-0.016045297079808
1.9440000000000	-0.016092972941847
1.9480000000000	-0.016140718277683
1.9520000000000	-0.016188533225108
1.9560000000000	-0.016236417924134
1.9600000000000	-0.016284372517043
1.9640000000000	-0.016332397148411
1.9680000000000	-0.016380491965158
1.9720000000000	-0.016428657116576
1.9760000000000	-0.016476892754381
1.9800000000000	-0.016525199032741
1.9840000000000	-0.016573576108326
1.9880000000000	-0.016622024140347
1.9920000000000	-0.016670543290602
1.9960000000000	-0.016719133723517
2.0000000000000	-0.016767795606190
2.0040000000000	-0.016816529108434
2.0080000000000	-0.016865334402837
2.0120000000000	-0.016914211664791
2.0160000000000	-0.016963161072554
2.0200000000000	-0.017012182807292
2.0240000000000	-0.017061277053134
2.0280000000000	-0.017110443997219
2.0320000000000	-0.017159683829751
2.0360000000000	-0.017208996744050
2.0400000000000	-0.017258382936611
2.0440000000000	-0.017307842607156
2.0480000000000	-0.017357375958689
2.0520000000000	-0.017406983197560
2.0560000000000	-0.017456664533517
2.0600000000000	-0.017506420179770
2.0640000000000	-0.017556250353053
2.0680000000000	-0.017606155273685
2.0720000000000	-0.017656135165632
2.0760000000000	-0.017706190256578
2.0800000000000	-0.017756320777989
2.0840000000000	-0.017806526965178
2.0880000000000	-0.017856809057378
2.0920000000000	-0.017907167297813
2.0960000000000	-0.017957601933766
2.1000000000000	-0.018008113216663
2.1040000000000	-0.018058701402133
2.1080000000000	-0.018109366750103
2.1120000000000	-0.018160109524861
2.1160000000000	-0.018210929995149
2.1200000000000	-0.018261828434233
2.1240000000000	-0.018312805119995
2.1280000000000	-0.018363860335026
2.1320000000000	-0.018414994366691
2.1360000000000	-0.018466207507242
2.1400000000000	-0.018517500053895
2.1440000000000	-0.018568872308933
2.1480000000000	-0.018620324579787
2.1520000000000	-0.018671857179154
2.1560000000000	-0.018723470425079
2.1600000000000	-0.018775164641070
2.1640000000000	-0.018826940156188
2.1680000000000	-0.018878797305168
2.1720000000000	-0.018930736428518
2.1760000000000	-0.018982757872638
2.1800000000000	-0.019034861989925
2.1840000000000	-0.019087049138896
2.1880000000000	-0.019139319684306
2.1920000000000	-0.019191673997268
2.1960000000000	-0.019244112455376
2.2000000000000	-0.019296635442843
2.2040000000000	-0.019349243350611
2.2080000000000	-0.019401936576508
2.2120000000000	-0.019454715525367
2.2160000000000	-0.019507580609169
2.2200000000000	-0.019560532247192
2.2240000000000	-0.019613570866153
2.2280000000000	-0.019666696900356
2.2320000000000	-0.019719910791846
2.2360000000000	-0.019773212990570
2.2400000000000	-0.019826603954529
2.2440000000000	-0.019880084149950
2.2480000000000	-0.019933654051448
2.2520000000000	-0.019987314142201
2.2560000000000	-0.020041064914132
2.2600000000000	-0.020094906868078
2.2640000000000	-0.020148840513976
2.2680000000000	-0.020202866371065
2.2720000000000	-0.020256984968070
2.2760000000000	-0.020311196843393
2.2800000000000	-0.020365502545337
2.2840000000000	-0.020419902632299
2.2880000000000	-0.020474397672982
2.2920000000000	-0.020528988246625
2.2960000000000	-0.020583674943218
2.3000000000000	-0.020638458363742
2.3040000000000	-0.020693339120388
2.3080000000000	-0.020748317836819
2.3120000000000	-0.020803395148400
2.3160000000000	-0.020858571702463
2.3200000000000	-0.020913848158563
2.3240000000000	-0.020969225188743
2.3280000000000	-0.021024703477816
2.3320000000000	-0.021080283723638
2.3360000000000	-0.021135966637398
2.3400000000000	-0.021191752943915
2.3440000000000	-0.021247643381940
2.3480000000000	-0.021303638704466
2.3520000000000	-0.021359739679057
2.3560000000000	-0.021415947088157
2.3600000000000	-0.021472261729442
2.3640000000000	-0.021528684416166
2.3680000000000	-0.021585215977501
2.3720000000000	-0.021641857258914
2.3760000000000	-0.021698609122537
2.3800000000000	-0.021755472447552
2.3840000000000	-0.021812448130576
2.3880000000000	-0.021869537086082
2.3920000000000	-0.021926740246799
2.3960000000000	-0.021984058564153
2.4000000000000	-0.022041493008692
2.4040000000000	-0.022099044570548
2.4080000000000	-0.022156714259894
2.4120000000000	-0.022214503107426
2.4160000000000	-0.022272412164846
2.4200000000000	-0.022330442505367
2.4240000000000	-0.022388595224236
2.4280000000000	-0.022446871439262
2.4320000000000	-0.022505272291359
2.4360000000000	-0.022563798945114
2.4400000000000	-0.022622452589370
2.4440000000000	-0.022681234437806
2.4480000000000	-0.022740145729567
2.4520000000000	-0.022799187729881
2.4560000000000	-0.022858361730723
2.4600000000000	-0.022917669051459
2.4640000000000	-0.022977111039559
2.4680000000000	-0.023036689071282
2.4720000000000	-0.023096404552422
2.4760000000000	-0.023156258919046
2.4800000000000	-0.023216253638274
2.4840000000000	-0.023276390209064
2.4880000000000	-0.023336670163045
2.4920000000000	-0.023397095065348
2.4960000000000	-0.023457666515487
2.5000000000000	-0.023518386148242
2.5040000000000	-0.023579255634599
2.5080000000000	-0.023640276682685
2.5120000000000	-0.023701451038762
2.5160000000000	-0.023762780488232
2.5200000000000	-0.023824266856686
2.5240000000000	-0.023885912010970
2.5280000000000	-0.023947717860309
2.5320000000000	-0.024009686357436
2.5360000000000	-0.024071819499791
2.5400000000000	-0.024134119330723
2.5440000000000	-0.024196587940761
2.5480000000000	-0.024259227468896
2.5520000000000	-0.024322040103954
2.5560000000000	-0.024385028085939
2.5600000000000	-0.024448193707488
2.5640000000000	-0.024511539315345
2.5680000000000	-0.024575067311880
2.5720000000000	-0.024638780156665
2.5760000000000	-0.024702680368107
2.5800000000000	-0.024766770525121
2.5840000000000	-0.024831053268880
2.5880000000000	-0.024895531304604
2.5920000000000	-0.024960207403423
2.5960000000000	-0.025025084404298
2.6000000000000	-0.025090165216004
2.6040000000000	-0.025155452819197
2.6080000000000	-0.025220950268531
2.6120000000000	-0.025286660694862
2.6160000000000	-0.025352587307537
2.6200000000000	-0.025418733396731
2.6240000000000	-0.025485102335912
2.6280000000000	-0.025551697584355
2.6320000000000	-0.025618522689768
2.6360000000000	-0.025685581291000
2.6400000000000	-0.025752877120857
2.6440000000000	-0.025820414009011
2.6480000000000	-0.025888195885021
2.6520000000000	-0.025956226781462
2.6560000000000	-0.026024510837166
2.6600000000000	-0.026093052300598
2.6640000000000	-0.026161855533335
2.6680000000000	-0.026230925013694
2.6720000000000	-0.026300265340487
2.6760000000000	-0.026369881236920
2.6800000000000	-0.026439777554644
2.6840000000000	-0.026509959277959
2.6880000000000	-0.026580431528173
2.6920000000000	-0.026651199568142
2.6960000000000	-0.026722268806976
2.7000000000000	-0.026793644804947
2.7040000000000	-0.026865333278554
2.7080000000000	-0.026937340105827
2.7120000000000	-0.027009671331831
2.7160000000000	-0.027082333174372
2.7200000000000	-0.027155332029957
2.7240000000000	-0.027228674479984
2.7280000000000	-0.027302367297191
2.7320000000000	-0.027376417452351
2.7360000000000	-0.027450832121268
2.7400000000000	-0.027525618692052
2.7440000000000	-0.027600784772694
2.7480000000000	-0.027676338198964
2.7520000000000	-0.027752287042643
2.7560000000000	-0.027828639620108
2.7600000000000	-0.027905404501267
2.7640000000000	-0.027982590518906
2.7680000000000	-0.028060206778426
2.7720000000000	-0.028138262667997
2.7760000000000	-0.028216767869170
2.7800000000000	-0.028295732367960
2.7840000000000	-0.028375166466402
2.7880000000000	-0.028455080794649
2.7920000000000	-0.028535486323599
2.7960000000000	-0.028616394378095
2.8000000000000	-0.028697816650731
2.8040000000000	-0.028779765216297
2.8080000000000	-0.028862252546873
2.8120000000000	-0.028945291527648
2.8160000000000	-0.029028895473473
2.8200000000000	-0.029113078146174
2.8240000000000	-0.029197853772726
2.8280000000000	-0.029283237064260
2.8320000000000	-0.029369243236011
2.8360000000000	-0.029455888028212
2.8400000000000	-0.029543187728026
2.8440000000000	-0.029631159192548
2.8480000000000	-0.029719819872943
2.8520000000000	-0.029809187839806
2.8560000000000	-0.029899281809763
2.8600000000000	-0.029990121173454
2.8640000000000	-0.030081726024924
2.8680000000000	-0.030174117192523
2.8720000000000	-0.030267316271416
2.8760000000000	-0.030361345657774
2.8800000000000	-0.030456228584772
2.8840000000000	-0.030551989160491
2.8880000000000	-0.030648652407838
2.8920000000000	-0.030746244306614
2.8960000000000	-0.030844791837859
2.9000000000000	-0.030944323030629
2.9040000000000	-0.031044867011329
2.9080000000000	-0.031146454055799
2.9120000000000	-0.031249115644308
2.9160000000000	-0.031352884519640
2.9200000000000	-0.031457794748504
2.9240000000000	-0.031563881786435
2.9280000000000	-0.031671182546465
2.9320000000000	-0.031779735471793
2.9360000000000	-0.031889580612721
2.9400000000000	-0.032000759708152
2.9440000000000	-0.032113316271958
2.9480000000000	-0.032227295684565
2.9520000000000	-0.032342745290097
2.9560000000000	-0.032459714499482
2.9600000000000	-0.032578254899963
2.9640000000000	-0.032698420371409
2.9680000000000	-0.032820267210003
2.9720000000000	-0.032943854259766
2.9760000000000	-0.033069243052537
2.9800000000000	-0.033196497957027
2.9840000000000	-0.033325686337609
2.9880000000000	-0.033456878723613
2.9920000000000	-0.033590148989891
2.9960000000000	-0.033725574549536
3.0000000000000	-0.033863236559705
3.0040000000000	-0.034003220141578
3.0080000000000	-0.034145614615534
3.0120000000000	-0.034290513752833
3.0160000000000	-0.034438016045066
3.0200000000000	-0.034588224992879
3.0240000000000	-0.034741249415529
3.0280000000000	-0.034897203783040
3.0320000000000	-0.035056208572817
3.0360000000000	-0.035218390652875
3.0400000000000	-0.035383883693883
3.0440000000000	-0.035552828612628
3.0480000000000	-0.035725374049581
3.0520000000000	-0.035901676883663
3.0560000000000	-0.036081902787523
3.0600000000000	-0.036266226827024
3.0640000000000	-0.036454834109016
3.0680000000000	-0.036647920481894
3.0720000000000	-0.036845693293894
3.0760000000000	-0.037048372214677
3.0800000000000	-0.037256190126261
3.0840000000000	-0.037469394090117
3.0880000000000	-0.037688246397930
3.0920000000000	-0.037913025714445
3.0960000000000	-0.038144028321697
3.1000000000000	-0.038381569475050
3.1040000000000	-0.038625984882711
3.1080000000000	-0.038877632321696
3.1120000000000	-0.039136893404832
3.1160000000000	-0.039404175515189
3.1200000000000	-0.039679913926256
3.1240000000000	-0.039964574128596
3.1280000000000	-0.040258654386213
3.1320000000000	-0.040562688548997
3.1360000000000	-0.040877249150913
3.1400000000000	-0.041202950827643
3.1440000000000	-0.041540454091866
3.1480000000000	-0.041890469509569
3.1520000000000	-0.042253762326842
3.1560000000000	-0.042631157603506
3.1600000000000	-0.043023545918024
3.1640000000000	-0.043431889717489
3.1680000000000	-0.043857230397360
3.1720000000000	-0.044300696208371
3.1760000000000	-0.044763511102796
3.1800000000000	-0.045247004649780
3.1840000000000	-0.045752623169849
3.1880000000000	-0.046281942262795
3.1920000000000	-0.046836680931717
3.1960000000000	-0.047418717539625
3.2000000000000	-0.048030107875256
3.2040000000000	-0.048673105652376
3.2080000000000	-0.049350185824164
3.2120000000000	-0.050064071162602
3.2160000000000	-0.050817762635363
3.2200000000000	-0.051614574212174
3.2240000000000	-0.052458172853180
3.2280000000000	-0.053352624578606
3.2320000000000	-0.054302447697903
3.2360000000000	-0.055312674496159
3.2400000000000	-0.056388922945505
3.2440000000000	-0.057537480343124
3.2480000000000	-0.058765401191906
3.2520000000000	-0.060080622156792
3.2560000000000	-0.061492097577822
3.2600000000000	-0.063009959837349
3.2640000000000	-0.064645709912693
3.2680000000000	-0.066412444762325
3.2720000000000	-0.068325129880223
3.2760000000000	-0.070400927526299
3.2800000000000	-0.072659593959502
3.2840000000000	-0.075123962679308
3.2880000000000	-0.077820535518247
3.2920000000000	-0.080780209832580
3.2960000000000	-0.084039178584206
3.3000000000000	-0.087640051602040
3.3040000000000	-0.091633261904584
3.3080000000000	-0.096078842307065
3.3120000000000	-0.10104868701917
3.3160000000000	-0.10662945407029
3.3200000000000	-0.11292632237491
3.3240000000000	-0.12006789985831
3.3280000000000	-0.12821269810665
3.3320000000000	-0.13755776259472
3.3360000000000	-0.14835030378998
3.3400000000000	-0.16090355748431
3.3440000000000	-0.17561868268402
3.3480000000000	-0.19301539472793
3.3520000000000	-0.21377541156891
3.3560000000000	-0.23880495613995
3.3600000000000	-0.26932597932325
3.3640000000000	-0.30701118431573
3.3680000000000	-0.35418641944977
3.3720000000000	-0.41413683593265
3.3760000000000	-0.49157075163587
3.3800000000000	-0.59331217427560
3.3840000000000	-0.72928120113651
3.3880000000000	-0.91367104322282
3.3920000000000	-1.1655684140732
3.3960000000000	-1.5060128409975
3.4000000000000	-1.9426034299807
3.4040000000000	-2.4257764577921
3.4080000000000	-2.7898216329108
3.4120000000000	-2.8155302481399
3.4160000000000	-2.4823936681636
3.4200000000000	-1.9986020141032
3.4240000000000	-1.5475343874355
3.4280000000000	-1.1921310863466
3.4320000000000	-0.92888065120626
3.4360000000000	-0.73676250226245
3.4400000000000	-0.59576590641605
3.4440000000000	-0.49082923792967
3.4480000000000	-0.41140449511397
3.4520000000000	-0.35024907097856
3.4560000000000	-0.30238277731592
3.4600000000000	-0.26434461367622
3.4640000000000	-0.23369437055573
3.4680000000000	-0.20868426791600
3.4720000000000	-0.18804253917163
3.4760000000000	-0.17082955894739
3.4800000000000	-0.15634099895604
3.4840000000000	-0.14404171643204
3.4880000000000	-0.13351996211003
3.4920000000000	-0.12445520319016
3.4960000000000	-0.11659519657192
3.5000000000000	-0.10973943467079
3.5040000000000	-0.10372704114310
3.5080000000000	-0.098427814630287
3.5120000000000	-0.093735527338084
3.5160000000000	-0.089562857833171
3.5200000000000	-0.085837521542296
3.5240000000000	-0.082499288336374
3.5280000000000	-0.079497663710050
3.5320000000000	-0.076790071057930
3.5360000000000	-0.074340415712260
3.5400000000000	-0.072117942273736
3.5440000000000	-0.070096319060577
3.5480000000000	-0.068252899754864
3.5520000000000	-0.066568124282522
3.5560000000000	-0.065025029835187
3.5600000000000	-0.063608849578481
3.5640000000000	-0.062306681593805
3.5680000000000	-0.061107214399522
3.5720000000000	-0.060000498302479
3.5760000000000	-0.058977754067343
3.5800000000000	-0.058031212123894
3.5840000000000	-0.057153976883290
3.5880000000000	-0.056339911793275
3.5920000000000	-0.055583541597404
3.5960000000000	-0.054879968925221
3.6000000000000	-0.054224802867667
3.6040000000000	-0.053614097614248
3.6080000000000	-0.053044299568034
3.6120000000000	-0.052512201629135
3.6160000000000	-0.052014903559816
3.6200000000000	-0.051549777526089
3.6240000000000	-0.051114438059004
3.6280000000000	-0.050706715800874
3.6320000000000	-0.050324634502203
3.6360000000000	-0.049966390818283
3.6400000000000	-0.049630336523517
3.6440000000000	-0.049314962819015
3.6480000000000	-0.049018886457133
3.6520000000000	-0.048740837446906
3.6560000000000	-0.048479648138213
3.6600000000000	-0.048234243511092
3.6640000000000	-0.048003632520809
3.6680000000000	-0.047786900369711
3.6720000000000	-0.047583201594411
3.6760000000000	-0.047391753871564
3.6800000000000	-0.047211832458333
3.6840000000000	-0.047042765194384
3.6880000000000	-0.046883928001621
3.6920000000000	-0.046734740825948
3.6960000000000	-0.046594663972129
3.7000000000000	-0.046463194788987
3.7040000000000	-0.046339864667180
3.7080000000000	-0.046224236316401
3.7120000000000	-0.046115901292708
3.7160000000000	-0.046014477750133
3.7200000000000	-0.045919608393583
3.7240000000000	-0.045830958612847
3.7280000000000	-0.045748214779520
3.7320000000000	-0.045671082690926
3.7360000000000	-0.045599286146674
3.7400000000000	-0.045532565645112
3.7440000000000	-0.045470677188322
3.7480000000000	-0.045413391185416
3.7520000000000	-0.045360491445058
3.7560000000000	-0.045311774248981
3.7600000000000	-0.045267047499190
3.7640000000000	-0.045226129932212
3.7680000000000	-0.045188850394450
3.7720000000000	-0.045155047173294
3.7760000000000	-0.045124567379104
3.7800000000000	-0.045097266373742
3.7840000000000	-0.045073007241682
3.7880000000000	-0.045051660300077
3.7920000000000	-0.045033102644601
3.7960000000000	-0.045017217728062
3.8000000000000	-0.045003894969160
3.8040000000000	-0.044993029388896
3.8080000000000	-0.044984521272491
3.8120000000000	-0.044978275854726
3.8160000000000	-0.044974203026916
3.8200000000000	-0.044972217063805
3.8240000000000	-0.044972236368866
3.8280000000000	-0.044974183236605
3.8320000000000	-0.044977983630556
3.8360000000000	-0.044983566975842
3.8400000000000	-0.044990865965168
3.8440000000000	-0.044999816377295
3.8480000000000	-0.045010356907080
3.8520000000000	-0.045022429006229
3.8560000000000	-0.045035976734022
3.8600000000000	-0.045050946617279
3.8640000000000	-0.045067287518924
3.8680000000000	-0.045084950514579
3.8720000000000	-0.045103888776557
3.8760000000000	-0.045124057464833
3.8800000000000	-0.045145413624467
3.8840000000000	-0.045167916089038
3.8880000000000	-0.045191525389737
3.8920000000000	-0.045216203669675
3.8960000000000	-0.045241914603126
3.9000000000000	-0.045268623319334
3.9040000000000	-0.045296296330616
3.9080000000000	-0.045324901464475
3.9120000000000	-0.045354407799468
3.9160000000000	-0.045384785604584
3.9200000000000	-0.045416006281927
3.9240000000000	-0.045448042312479
3.9280000000000	-0.045480867204761
3.9320000000000	-0.045514455446213
3.9360000000000	-0.045548782457129
3.9400000000000	-0.045583824546978
3.9440000000000	-0.045619558872989
3.9480000000000	-0.045655963400840
3.9520000000000	-0.045693016867335
3.9560000000000	-0.045730698744973
3.9600000000000	-0.045768989208245
3.9640000000000	-0.045807869101609
3.9680000000000	-0.045847319909027
3.9720000000000	-0.045887323724953
3.9760000000000	-0.045927863226731
3.9800000000000	-0.045968921648263
3.9840000000000	-0.046010482754944
3.9880000000000	-0.046052530819731
3.9920000000000	-0.046095050600301
3.9960000000000	-0.046138027317275
4.0000000000000	-0.046181446633366
4.0040000000000	-0.046225294633480
4.0080000000000	-0.046269557805669
4.0120000000000	-0.046314223022903
4.0160000000000	-0.046359277525602
4.0200000000000	-0.046404708904922
4.0240000000000	-0.046450505086694
4.0280000000000	-0.046496654316033
4.0320000000000	-0.046543145142545
4.0360000000000	-0.046589966406115
4.0400000000000	-0.046637107223241
4.0440000000000	-0.046684556973863
4.0480000000000	-0.046732305288698
4.0520000000000	-0.046780342037003
4.0560000000000	-0.046828657314783
4.0600000000000	-0.046877241433390
4.0640000000000	-0.046926084908498
4.0680000000000	-0.046975178449439
4.0720000000000	-0.047024512948859
4.0760000000000	-0.047074079472692
4.0800000000000	-0.047123869250417
4.0840000000000	-0.047173873665588
4.0880000000000	-0.047224084246611
4.0920000000000	-0.047274492657757
4.0960000000000	-0.047325090690383
4.1000000000000	-0.047375870254367
4.1040000000000	-0.047426823369692
4.1080000000000	-0.047477942158234
4.1120000000000	-0.047529218835671
4.1160000000000	-0.047580645703535
4.1200000000000	-0.047632215141397
4.1240000000000	-0.047683919599128
4.1280000000000	-0.047735751589277
4.1320000000000	-0.047787703679509
4.1360000000000	-0.047839768485129
4.1400000000000	-0.047891938661612
4.1440000000000	-0.047944206897217
4.1480000000000	-0.047996565905589
4.1520000000000	-0.048049008418388
4.1560000000000	-0.048101527177894
4.1600000000000	-0.048154114929603
4.1640000000000	-0.048206764414801
4.1680000000000	-0.048259468363065
4.1720000000000	-0.048312219484727
4.1760000000000	-0.048365010463243
4.1800000000000	-0.048417833947484
4.1840000000000	-0.048470682543909
4.1880000000000	-0.048523548808637
4.1920000000000	-0.048576425239363
4.1960000000000	-0.048629304267124
4.2000000000000	-0.048682178247905
4.2040000000000	-0.048735039454053
4.2080000000000	-0.048787880065479
4.2120000000000	-0.048840692160642
4.2160000000000	-0.048893467707306
4.2200000000000	-0.048946198552996
4.2240000000000	-0.048998876415212
4.2280000000000	-0.049051492871311
4.2320000000000	-0.049104039348062
4.2360000000000	-0.049156507110872
4.2400000000000	-0.049208887252602
4.2440000000000	-0.049261170682005
4.2480000000000	-0.049313348111715
4.2520000000000	-0.049365410045794
4.2560000000000	-0.049417346766768
4.2600000000000	-0.049469148322152
4.2640000000000	-0.049520804510425
4.2680000000000	-0.049572304866388
4.2720000000000	-0.049623638645925
4.2760000000000	-0.049674794810064
4.2800000000000	-0.049725762008340
4.2840000000000	-0.049776528561397
4.2880000000000	-0.049827082442798
4.2920000000000	-0.049877411259951
4.2960000000000	-0.049927502234168
4.3000000000000	-0.049977342179724
4.3040000000000	-0.050026917481921
4.3080000000000	-0.050076214074052
4.3120000000000	-0.050125217413213
4.3160000000000	-0.050173912454910
4.3200000000000	-0.050222283626337
4.3240000000000	-0.050270314798312
4.3280000000000	-0.050317989255724
4.3320000000000	-0.050365289666452
4.3360000000000	-0.050412198048617
4.3400000000000	-0.050458695736099
4.3440000000000	-0.050504763342206
4.3480000000000	-0.050550380721372
4.3520000000000	-0.050595526928754
4.3560000000000	-0.050640180177647
4.3600000000000	-0.050684317794523
4.3640000000000	-0.050727916171587
4.3680000000000	-0.050770950716709
4.3720000000000	-0.050813395800511
4.3760000000000	-0.050855224700537
4.3800000000000	-0.050896409542230
4.3840000000000	-0.050936921236592
4.3880000000000	-0.050976729414299
4.3920000000000	-0.051015802356073
4.3960000000000	-0.051054106919087
4.4000000000000	-0.051091608459167
4.4040000000000	-0.051128270748564
4.4080000000000	-0.051164055889016
4.4120000000000	-0.051198924219872
4.4160000000000	-0.051232834220965
4.4200000000000	-0.051265742409973
4.4240000000000	-0.051297603233985
4.4280000000000	-0.051328368954916
4.4320000000000	-0.051357989528541
4.4360000000000	-0.051386412476754
4.4400000000000	-0.051413582752804
4.4440000000000	-0.051439442599159
4.4480000000000	-0.051463931397675
4.4520000000000	-0.051486985511825
4.4560000000000	-0.051508538120651
4.4600000000000	-0.051528519044204
4.4640000000000	-0.051546854560271
4.4680000000000	-0.051563467212157
4.4720000000000	-0.051578275607458
4.4760000000000	-0.051591194207751
4.4800000000000	-0.051602133109242
4.4840000000000	-0.051610997814566
4.4880000000000	-0.051617688996045
4.4920000000000	-0.051622102250873
4.4960000000000	-0.051624127848975
4.5000000000000	-0.051623650474514
4.5040000000000	-0.051620548962297
4.5080000000000	-0.051614696030851
4.5120000000000	-0.051605958014233
4.5160000000000	-0.051594194595330
4.5200000000000	-0.051579258543988
4.5240000000000	-0.051560995464089
4.5280000000000	-0.051539243554680
4.5320000000000	-0.051513833391258
4.5360000000000	-0.051484587734648
4.5400000000000	-0.051451321376402
4.5440000000000	-0.051413841031374
4.5480000000000	-0.051371945290182
4.5520000000000	-0.051325424646582
4.5560000000000	-0.051274061617553
4.5600000000000	-0.051217630976974
4.5640000000000	-0.051155900127301
4.5680000000000	-0.051088629637790
4.5720000000000	-0.051015573982281
4.5760000000000	-0.050936482514626
4.5800000000000	-0.050851100725617
4.5840000000000	-0.050759171831146
4.5880000000000	-0.050660438748234
4.5920000000000	-0.050554646522252
4.5960000000000	-0.050441545275995
4.6000000000000	-0.050320893758218
4.6040000000000	-0.050192463575888
4.6080000000000	-0.050056044200159
4.6120000000000	-0.049911448839920
4.6160000000000	-0.049758521278374
4.6200000000000	-0.049597143765709
4.6240000000000	-0.049427246053560
4.6280000000000	-0.049248815642608
4.6320000000000	-0.049061909291249
4.6360000000000	-0.048866665798789
4.6400000000000	-0.048663320027794
4.6440000000000	-0.048452218065672
4.6480000000000	-0.048233833341217
4.6520000000000	-0.048008783407692
4.6560000000000	-0.047777846977595
4.6600000000000	-0.047541980647790
4.6640000000000	-0.047302334589768
4.6680000000000	-0.047060266305781
4.6720000000000	-0.046817351377902
4.6760000000000	-0.046575389980151
4.6800000000000	-0.046336407805033
4.6840000000000	-0.046102649999224
4.6880000000000	-0.045876566740064
4.6920000000000	-0.045660789241684
4.6960000000000	-0.045458095284706
4.7000000000000	-0.045271363829371
4.7040000000000	-0.045103518902125
4.7080000000000	-0.044957463714798
4.7120000000000	-0.044836006839224
4.7160000000000	-0.044741783142577
4.7200000000000	-0.044677172993286
4.7240000000000	-0.044644223868983
4.7280000000000	-0.044644578827746
4.7320000000000	-0.044679416262926
4.7360000000000	-0.044749404905686
4.7400000000000	-0.044854677178520
4.7440000000000	-0.044994822808531
4.7480000000000	-0.045168903198774
4.7520000000000	-0.045375485587393
4.7560000000000	-0.045612694661171
4.7600000000000	-0.045878278181221
4.7640000000000	-0.046169682432244
4.7680000000000	-0.046484132976702
4.7720000000000	-0.046818716275284
4.7760000000000	-0.047170458172229
4.7800000000000	-0.047536395942651
4.7840000000000	-0.047913641454496
4.7880000000000	-0.048299433898236
4.7920000000000	-0.048691181394734
4.7960000000000	-0.049086491534245
4.8000000000000	-0.049483191490051
4.8040000000000	-0.049879338771363
4.8080000000000	-0.050273223938379
4.8120000000000	-0.050663366717651
4.8160000000000	-0.051048506956101
4.8200000000000	-0.051427591766389
4.8240000000000	-0.051799760076010
4.8280000000000	-0.052164325620629
4.8320000000000	-0.052520759239573
4.8360000000000	-0.052868671153719
4.8400000000000	-0.053207793741033
4.8440000000000	-0.053537965180830
4.8480000000000	-0.053859114215042
4.8520000000000	-0.054171246174842
4.8560000000000	-0.054474430341734
4.8600000000000	-0.054768788652325
4.8640000000000	-0.055054485711780
4.8680000000000	-0.055331720050582
4.8720000000000	-0.055600716539352
4.8760000000000	-0.055861719865456
4.8800000000000	-0.056114988970128
4.8840000000000	-0.056360792344810
4.8880000000000	-0.056599404088546
4.8920000000000	-0.056831100633803
4.8960000000000	-0.057056158054641
4.9000000000000	-0.057274849878815
4.9040000000000	-0.057487445332947
4.9080000000000	-0.057694207957606
4.9120000000000	-0.057895394536380
4.9160000000000	-0.058091254289813
4.9200000000000	-0.058282028291497
4.9240000000000	-0.058467949069109
4.9280000000000	-0.058649240358504
4.9320000000000	-0.058826116983385
4.9360000000000	-0.058998784837171
4.9400000000000	-0.059167440947143
4.9440000000000	-0.059332273604094
4.9480000000000	-0.059493462543226
4.9520000000000	-0.059651179164542
4.9560000000000	-0.059805586782713
4.9600000000000	-0.059956840898246
4.9640000000000	-0.060105089483201
4.9680000000000	-0.060250473275813
4.9720000000000	-0.060393126079532
4.9760000000000	-0.060533175062838
4.9800000000000	-0.060670741056846
4.9840000000000	-0.060805938848423
4.9880000000000	-0.060938877467009
4.9920000000000	-0.061069660463776
4.9960000000000	-0.061198386182067
5.0000000000000	-0.061325148018447
#Parameters = {D_center=12; L1=16; L2=5; L3=2; L4=15; L_diff=2.83; L_sub=45.66; W_50=1.36; W_sub=45.66; Z_mid=22.83; cm=0.3; ct=12; g_slot=2; h1=2; h2=2; h3=2; h4=2; h_sub=0.4; hole_puncher=0.87365; hole_puncher1=0.9; margin=1.6; needle_radius=0.635; nutrient_solution=0.01; pipe_OD=50; pipe_Ri=8; pipe_Ro=10; r_SRR=20; r_SRR_in=17.6; sigma_fluid=0.5; spacing=0.4; t_PDMS_microstrip=0.35; t_SRR=0.07; t_gnd=0.07; t_metal=0.5; t_microstrip=0.07; t_wall=2; w_channel=2; w_diff=2.83}
#"Frequency / GHz"	"S1,1 (18) [Magnitude / dB]"
#----------------------------------------------
1.0000000000000	-0.0066415475757805
1.0040000000000	-0.0066745332214536
1.0080000000000	-0.0067075805861631
1.0120000000000	-0.0067406896660520
1.0160000000000	-0.0067738604573343
1.0200000000000	-0.0068070929563116
1.0240000000000	-0.0068403871593626
1.0280000000000	-0.0068737430629478
1.0320000000000	-0.0069071606636104
1.0360000000000	-0.0069406399579807
1.0400000000000	-0.0069741809427729
1.0440000000000	-0.0070077836147899
1.0480000000000	-0.0070414479709213
1.0520000000000	-0.0070751740081497
1.0560000000000	-0.0071089617235519
1.0600000000000	-0.0071428111142935
1.0640000000000	-0.0071767221776408
1.0680000000000	-0.0072106949109475
1.0720000000000	-0.0072447293116753
1.0760000000000	-0.0072788253773860
1.0800000000000	-0.0073129831057332
1.0840000000000	-0.0073472024944818
1.0880000000000	-0.0073814835414994
1.0920000000000	-0.0074158262447618
1.0960000000000	-0.0074502306023506
1.1000000000000	-0.0074846966124566
1.1040000000000	-0.0075192242733867
1.1080000000000	-0.0075538135835544
1.1120000000000	-0.0075884645414970
1.1160000000000	-0.0076231771458611
1.1200000000000	-0.0076579513954184
1.1240000000000	-0.0076927872890554
1.1280000000000	-0.0077276848257847
1.1320000000000	-0.0077626440047456
1.1360000000000	-0.0077976648251962
1.1400000000000	-0.0078327472865315
1.1440000000000	-0.0078678913882708
1.1480000000000	-0.0079030971300694
1.1520000000000	-0.0079383645117137
1.1560000000000	-0.0079736935331298
1.1600000000000	-0.0080090841943761
1.1640000000000	-0.0080445364956622
1.1680000000000	-0.0080800504373281
1.1720000000000	-0.0081156260198678
1.1760000000000	-0.0081512632439175
1.1800000000000	-0.0081869621102602
1.1840000000000	-0.0082227226198380
1.1880000000000	-0.0082585447737398
1.1920000000000	-0.0082944285732131
1.1960000000000	-0.0083303740196595
1.2000000000000	-0.0083663811146477
1.2040000000000	-0.0084024498599033
1.2080000000000	-0.0084385802573183
1.2120000000000	-0.0084747723089576
1.2160000000000	-0.0085110260170471
1.2200000000000	-0.0085473413839884
1.2240000000000	-0.0085837184123633
1.2280000000000	-0.0086201571049275
1.2320000000000	-0.0086566574646112
1.2360000000000	-0.0086932194945375
1.2400000000000	-0.0087298431980033
1.2440000000000	-0.0087665285785081
1.2480000000000	-0.0088032756397238
1.2520000000000	-0.0088400843855315
1.2560000000000	-0.0088769548200013
1.2600000000000	-0.0089138869474032
1.2640000000000	-0.0089508807722090
1.2680000000000	-0.0089879362990927
1.2720000000000	-0.0090250535329441
1.2760000000000	-0.0090622324788522
1.2800000000000	-0.0090994731421256
1.2840000000000	-0.0091367755282925
1.2880000000000	-0.0091741396430929
1.2920000000000	-0.0092115654924970
1.2960000000000	-0.0092490530826956
1.3000000000000	-0.0092866024201105
1.3040000000000	-0.0093242135113968
1.3080000000000	-0.0093618863634437
1.3120000000000	-0.0093996209833782
1.3160000000000	-0.0094374173785730
1.3200000000000	-0.0094752755566456
1.3240000000000	-0.0095131955254581
1.3280000000000	-0.0095511772931300
1.3320000000000	-0.0095892208680342
1.3360000000000	-0.0096273262588067
1.3400000000000	-0.0096654934743415
1.3440000000000	-0.0097037225238048
1.3480000000000	-0.0097420134166314
1.3520000000000	-0.0097803661625290
1.3560000000000	-0.0098187807714886
1.3600000000000	-0.0098572572537759
1.3640000000000	-0.0098957956199497
1.3680000000000	-0.0099343958808552
1.3720000000000	-0.0099730580476315
1.3760000000000	-0.010011782131721
1.3800000000000	-0.010050568144863
1.3840000000000	-0.010089416099106
1.3880000000000	-0.010128326006805
1.3920000000000	-0.010167297880639
1.3960000000000	-0.010206331733600
1.4000000000000	-0.010245427579004
1.4040000000000	-0.010284585430502
1.4080000000000	-0.010323805302071
1.4120000000000	-0.010363087208026
1.4160000000000	-0.010402431163030
1.4200000000000	-0.010441837182091
1.4240000000000	-0.010481305280568
1.4280000000000	-0.010520835474172
1.4320000000000	-0.010560427778990
1.4360000000000	-0.010600082211463
1.4400000000000	-0.010639798788405
1.4440000000000	-0.010679577527018
1.4480000000000	-0.010719418444873
1.4520000000000	-0.010759321559938
1.4560000000000	-0.010799286890573
1.4600000000000	-0.010839314455531
1.4640000000000	-0.010879404273976
1.4680000000000	-0.010919556365481
1.4720000000000	-0.010959770750026
1.4760000000000	-0.011000047448029
1.4800000000000	-0.011040386480318
1.4840000000000	-0.011080787868164
1.4880000000000	-0.011121251633280
1.4920000000000	-0.011161777797813
1.4960000000000	-0.011202366384372
1.5000000000000	-0.011243017416018
1.5040000000000	-0.011283730916281
1.5080000000000	-0.011324506909161
1.5120000000000	-0.011365345419131
1.5160000000000	-0.011406246471152
1.5200000000000	-0.011447210090676
1.5240000000000	-0.011488236303652
1.5280000000000	-0.011529325136535
1.5320000000000	-0.011570476616291
1.5360000000000	-0.011611690770405
1.5400000000000	-0.011652967626888
1.5440000000000	-0.011694307214284
1.5480000000000	-0.011735709561684
1.5520000000000	-0.011777174698721
1.5560000000000	-0.011818702655590
1.5600000000000	-0.011860293463044
1.5640000000000	-0.011901947152418
1.5680000000000	-0.011943663755623
1.5720000000000	-0.011985443305156
1.5760000000000	-0.012027285834115
1.5800000000000	-0.012069191376204
1.5840000000000	-0.012111159965739
1.5880000000000	-0.012153191637662
1.5920000000000	-0.012195286427545
1.5960000000000	-0.012237444371604
1.6000000000000	-0.012279665506701
1.6040000000000	-0.012321949870358
1.6080000000000	-0.012364297500768
1.6120000000000	-0.012406708436805
1.6160000000000	-0.012449182718025
1.6200000000000	-0.012491720384689
1.6240000000000	-0.012534321477761
1.6280000000000	-0.012576986038923
1.6320000000000	-0.012619714110588
1.6360000000000	-0.012662505735910
1.6400000000000	-0.012705360958789
1.6440000000000	-0.012748279823888
1.6480000000000	-0.012791262376643
1.6520000000000	-0.012834308663267
1.6560000000000	-0.012877418730774
1.6600000000000	-0.012920592626982
1.6640000000000	-0.012963830400527
1.6680000000000	-0.013007132100869
1.6720000000000	-0.013050497778321
1.6760000000000	-0.013093927484036
1.6800000000000	-0.013137421270046
1.6840000000000	-0.013180979189253
1.6880000000000	-0.013224601295454
1.6920000000000	-0.013268287643358
1.6960000000000	-0.013312038288582
1.7000000000000	-0.013355853287677
1.7040000000000	-0.013399732698150
1.7080000000000	-0.013443676578455
1.7120000000000	-0.013487684988027
1.7160000000000	-0.013531757987289
1.7200000000000	-0.013575895637666
1.7240000000000	-0.013620098001597
1.7280000000000	-0.013664365142566
1.7320000000000	-0.013708697125092
1.7360000000000	-0.013753094014772
1.7400000000000	-0.013797555878274
1.7440000000000	-0.013842082783362
1.7480000000000	-0.013886674798922
1.7520000000000	-0.013931331994962
1.7560000000000	-0.013976054442643
1.7600000000000	-0.014020842214286
1.7640000000000	-0.014065695383395
1.7680000000000	-0.014110614024673
1.7720000000000	-0.014155598214050
1.7760000000000	-0.014200648028680
1.7800000000000	-0.014245763546981
1.7840000000000	-0.014290944848642
1.7880000000000	-0.014336192014654
1.7920000000000	-0.014381505127311
1.7960000000000	-0.014426884270251
1.8000000000000	-0.014472329528463
1.8040000000000	-0.014517840988314
1.8080000000000	-0.014563418737568
1.8120000000000	-0.014609062865405
1.8160000000000	-0.014654773462451
1.8200000000000	-0.014700550620796
1.8240000000000	-0.014746394434012
1.8280000000000	-0.014792304997185
1.8320000000000	-0.014838282406930
1.8360000000000	-0.014884326761423
1.8400000000000	-0.014930438160420
1.8440000000000	-0.014976616705289
1.8480000000000	-0.015022862499024
1.8520000000000	-0.015069175646279
1.8560000000000	-0.015115556253394
1.8600000000000	-0.015162004428418
1.8640000000000	-0.015208520281143
1.8680000000000	-0.015255103923123
1.8720000000000	-0.015301755467706
1.8760000000000	-0.015348475030068
1.8800000000000	-0.015395262727233
1.8840000000000	-0.015442118678109
1.8880000000000	-0.015489043003522
1.8920000000000	-0.015536035826236
1.8960000000000	-0.015583097270989
1.9000000000000	-0.015630227464533
1.9040000000000	-0.015677426535654
1.9080000000000	-0.015724694615219
1.9120000000000	-0.015772031836195
1.9160000000000	-0.015819438333696
1.9200000000000	-0.015866914245010
1.9240000000000	-0.015914459709646
1.9280000000000	-0.015962074869354
1.9320000000000	-0.016009759868173
1.9360000000000	-0.016057514852473
1.9400000000000	-0.016105339970982
1.9440000000000	-0.016153235374835
1.9480000000000	-0.016201201217607
1.9520000000000	-0.016249237655363
1.9560000000000	-0.016297344846691
1.9600000000000	-0.016345522952746
1.9640000000000	-0.016393772137302
1.9680000000000	-0.016442092566783
1.9720000000000	-0.016490484410320
1.9760000000000	-0.016538947839789
1.9800000000000	-0.016587483029862
1.9840000000000	-0.016636090158052
1.9880000000000	-0.016684769404768
1.9920000000000	-0.016733520953356
1.9960000000000	-0.016782344990153
2.0000000000000	-0.016831241704543
2.0040000000000	-0.016880211289009
2.0080000000000	-0.016929253939177
2.0120000000000	-0.016978369853885
2.0160000000000	-0.017027559235230
2.0200000000000	-0.017076822288625
2.0240000000000	-0.017126159222868
2.0280000000000	-0.017175570250181
2.0320000000000	-0.017225055586297
2.0360000000000	-0.017274615450496
2.0400000000000	-0.017324250065686
2.0440000000000	-0.017373959658467
2.0480000000000	-0.017423744459186
2.0520000000000	-0.017473604702010
2.0560000000000	-0.017523540624994
2.0600000000000	-0.017573552470157
2.0640000000000	-0.017623640483547
2.0680000000000	-0.017673804915310
2.0720000000000	-0.017724046019780
2.0760000000000	-0.017774364055535
2.0800000000000	-0.017824759285494
2.0840000000000	-0.017875231976983
2.0880000000000	-0.017925782401820
2.0920000000000	-0.017976410836403
2.0960000000000	-0.018027117561786
2.1000000000000	-0.018077902863774
2.1040000000000	-0.018128767033001
2.1080000000000	-0.018179710365035
2.1120000000000	-0.018230733160452
2.1160000000000	-0.018281835724949
2.1200000000000	-0.018333018369422
2.1240000000000	-0.018384281410084
2.1280000000000	-0.018435625168544
2.1320000000000	-0.018487049971930
2.1360000000000	-0.018538556152980
2.1400000000000	-0.018590144050157
2.1440000000000	-0.018641814007752
2.1480000000000	-0.018693566376005
2.1520000000000	-0.018745401511214
2.1560000000000	-0.018797319775854
2.1600000000000	-0.018849321538690
2.1640000000000	-0.018901407174916
2.1680000000000	-0.018953577066265
2.1720000000000	-0.019005831601144
2.1760000000000	-0.019058171174767
2.1800000000000	-0.019110596189281
2.1840000000000	-0.019163107053918
2.1880000000000	-0.019215704185114
2.1920000000000	-0.019268388006681
2.1960000000000	-0.019321158949927
2.2000000000000	-0.019374017453820
2.2040000000000	-0.019426963965150
2.2080000000000	-0.019479998938669
2.2120000000000	-0.019533122837258
2.2160000000000	-0.019586336132107
2.2200000000000	-0.019639639302865
2.2240000000000	-0.019693032837816
2.2280000000000	-0.019746517234077
2.2320000000000	-0.019800092997751
2.2360000000000	-0.019853760644132
2.2400000000000	-0.019907520697889
2.2440000000000	-0.019961373693262
2.2480000000000	-0.020015320174267
2.2520000000000	-0.020069360694887
2.2560000000000	-0.020123495819302
2.2600000000000	-0.020177726122085
2.2640000000000	-0.020232052188436
2.2680000000000	-0.020286474614405
2.2720000000000	-0.020340994007111
2.2760000000000	-0.020395610985001
2.2800000000000	-0.020450326178080
2.2840000000000	-0.020505140228155
2.2880000000000	-0.020560053789107
2.2920000000000	-0.020615067527140
2.2960000000000	-0.020670182121056
2.3000000000000	-0.020725398262529
2.3040000000000	-0.020780716656383
2.3080000000000	-0.020836138020896
2.3120000000000	-0.020891663088084
2.3160000000000	-0.020947292604007
2.3200000000000	-0.021003027329095
2.3240000000000	-0.021058868038450
2.3280000000000	-0.021114815522195
2.3320000000000	-0.021170870585803
2.3360000000000	-0.021227034050446
2.3400000000000	-0.021283306753344
2.3440000000000	-0.021339689548149
2.3480000000000	-0.021396183305307
2.3520000000000	-0.021452788912447
2.3560000000000	-0.021509507274776
2.3600000000000	-0.021566339315501
2.3640000000000	-0.021623285976224
2.3680000000000	-0.021680348217385
2.3720000000000	-0.021737527018705
2.3760000000000	-0.021794823379638
2.3800000000000	-0.021852238319829
2.3840000000000	-0.021909772879612
2.3880000000000	-0.021967428120483
2.3920000000000	-0.022025205125614
2.3960000000000	-0.022083105000376
2.4000000000000	-0.022141128872873
2.4040000000000	-0.022199277894492
2.4080000000000	-0.022257553240466
2.4120000000000	-0.022315956110462
2.4160000000000	-0.022374487729174
2.4200000000000	-0.022433149346947
2.4240000000000	-0.022491942240400
2.4280000000000	-0.022550867713087
2.4320000000000	-0.022609927096168
2.4360000000000	-0.022669121749095
2.4400000000000	-0.022728453060325
2.4440000000000	-0.022787922448057
2.4480000000000	-0.022847531360985
2.4520000000000	-0.022907281279065
2.4560000000000	-0.022967173714325
2.4600000000000	-0.023027210211692
2.4640000000000	-0.023087392349821
2.4680000000000	-0.023147721741999
2.4720000000000	-0.023208200037020
2.4760000000000	-0.023268828920128
2.4800000000000	-0.023329610113967
2.4840000000000	-0.023390545379571
2.4880000000000	-0.023451636517381
2.4920000000000	-0.023512885368298
2.4960000000000	-0.023574293814756
2.5000000000000	-0.023635863781840
2.5040000000000	-0.023697597238448
2.5080000000000	-0.023759496198463
2.5120000000000	-0.023821562721988
2.5160000000000	-0.023883798916603
2.5200000000000	-0.023946206938683
2.5240000000000	-0.024008788994733
2.5280000000000	-0.024071547342782
2.5320000000000	-0.024134484293824
2.5360000000000	-0.024197602213297
2.5400000000000	-0.024260903522623
2.5440000000000	-0.024324390700778
2.5480000000000	-0.024388066285940
2.5520000000000	-0.024451932877176
2.5560000000000	-0.024515993136182
2.5600000000000	-0.024580249789107
2.5640000000000	-0.024644705628399
2.5680000000000	-0.024709363514751
2.5720000000000	-0.024774226379099
2.5760000000000	-0.024839297224672
2.5800000000000	-0.024904579129150
2.5840000000000	-0.024970075246863
2.5880000000000	-0.025035788811084
2.5920000000000	-0.025101723136401
2.5960000000000	-0.025167881621167
2.6000000000000	-0.025234267750038
2.6040000000000	-0.025300885096616
2.6080000000000	-0.025367737326158
2.6120000000000	-0.025434828198409
2.6160000000000	-0.025502161570528
2.6200000000000	-0.025569741400122
2.6240000000000	-0.025637571748378
2.6280000000000	-0.025705656783345
2.6320000000000	-0.025774000783288
2.6360000000000	-0.025842608140210
2.6400000000000	-0.025911483363489
2.6440000000000	-0.025980631083644
2.6480000000000	-0.026050056056255
2.6520000000000	-0.026119763166037
2.6560000000000	-0.026189757431047
2.6600000000000	-0.026260044007076
2.6640000000000	-0.026330628192204
2.6680000000000	-0.026401515431525
2.6720000000000	-0.026472711322067
2.6760000000000	-0.026544221617894
2.6800000000000	-0.026616052235431
2.6840000000000	-0.026688209258969
2.6880000000000	-0.026760698946423
2.6920000000000	-0.026833527735295
2.6960000000000	-0.026906702248906
2.7000000000000	-0.026980229302851
2.7040000000000	-0.027054115911744
2.7080000000000	-0.027128369296223
2.7120000000000	-0.027202996890270
2.7160000000000	-0.027278006348799
2.7200000000000	-0.027353405555602
2.7240000000000	-0.027429202631602
2.7280000000000	-0.027505405943476
2.7320000000000	-0.027582024112626
2.7360000000000	-0.027659066024566
2.7400000000000	-0.027736540838678
2.7440000000000	-0.027814457998435
2.7480000000000	-0.027892827242032
2.7520000000000	-0.027971658613514
2.7560000000000	-0.028050962474386
2.7600000000000	-0.028130749515751
2.7640000000000	-0.028211030770979
2.7680000000000	-0.028291817628974
2.7720000000000	-0.028373121848012
2.7760000000000	-0.028454955570251
2.7800000000000	-0.028537331336885
2.7840000000000	-0.028620262104020
2.7880000000000	-0.028703761259270
2.7920000000000	-0.028787842639177
2.7960000000000	-0.028872520547401
2.8000000000000	-0.028957809773842
2.8040000000000	-0.029043725614628
2.8080000000000	-0.029130283893117
2.8120000000000	-0.029217500981881
2.8160000000000	-0.029305393825808
2.8200000000000	-0.029393979966332
2.8240000000000	-0.029483277566869
2.8280000000000	-0.029573305439539
2.8320000000000	-0.029664083073231
2.8360000000000	-0.029755630663112
2.8400000000000	-0.029847969141640
2.8440000000000	-0.029941120211185
2.8480000000000	-0.030035106378351
2.8520000000000	-0.030129950990114
2.8560000000000	-0.030225678271839
2.8600000000000	-0.030322313367371
2.8640000000000	-0.030419882381243
2.8680000000000	-0.030518412423186
2.8720000000000	-0.030617931655075
2.8760000000000	-0.030718469340452
2.8800000000000	-0.030820055896795
2.8840000000000	-0.030922722950711
2.8880000000000	-0.031026503396253
2.8920000000000	-0.031131431456537
2.8960000000000	-0.031237542748894
2.9000000000000	-0.031344874353800
2.9040000000000	-0.031453464887806
2.9080000000000	-0.031563354580767
2.9120000000000	-0.031674585357651
2.9160000000000	-0.031787200925227
2.9200000000000	-0.031901246863991
2.9240000000000	-0.032016770725686
2.9280000000000	-0.032133822136807
2.9320000000000	-0.032252452908520
2.9360000000000	-0.032372717153422
2.9400000000000	-0.032494671409726
2.9440000000000	-0.032618374773269
2.9480000000000	-0.032743889038068
2.9520000000000	-0.032871278845946
2.9560000000000	-0.033000611845959
2.9600000000000	-0.033131958864372
2.9640000000000	-0.033265394085938
2.9680000000000	-0.033400995247416
2.9720000000000	-0.033538843844234
2.9760000000000	-0.033679025351339
2.9800000000000	-0.033821629459381
2.9840000000000	-0.033966750327427
2.9880000000000	-0.034114486853567
2.9920000000000	-0.034264942964872
2.9960000000000	-0.034418227928288
3.0000000000000	-0.034574456684243
3.0040000000000	-0.034733750204840
3.0080000000000	-0.034896235878784
3.0120000000000	-0.035062047925306
3.0160000000000	-0.035231327839632
3.0200000000000	-0.035404224872775
3.0240000000000	-0.035580896548702
3.0280000000000	-0.035761509222238
3.0320000000000	-0.035946238681441
3.0360000000000	-0.036135270798526
3.0400000000000	-0.036328802233873
3.0440000000000	-0.036527041198120
3.0480000000000	-0.036730208277925
3.0520000000000	-0.036938537331472
3.0560000000000	-0.037152276460637
3.0600000000000	-0.037371689067332
3.0640000000000	-0.037597055002507
3.0680000000000	-0.037828671817209
3.0720000000000	-0.038066856126187
3.0760000000000	-0.038311945095785
3.0800000000000	-0.038564298069232
3.0840000000000	-0.038824298344031
3.0880000000000	-0.039092355117931
3.0920000000000	-0.039368905622035
3.0960000000000	-0.039654417461857
3.1000000000000	-0.039949391189880
3.1040000000000	-0.040254363136100
3.1080000000000	-0.040569908526596
3.1120000000000	-0.040896644924089
3.1160000000000	-0.041235236029052
3.1200000000000	-0.041586395885234
3.1240000000000	-0.041950893539462
3.1280000000000	-0.042329558212718
3.1320000000000	-0.042723285047590
3.1360000000000	-0.043133041506657
3.1400000000000	-0.043559874507451
3.1440000000000	-0.044004918392436
3.1480000000000	-0.044469403847542
3.1520000000000	-0.044954667900442
3.1560000000000	-0.045462165150462
3.1600000000000	-0.045993480406503
3.1640000000000	-0.046550342938228
3.1680000000000	-0.047134642580043
3.1720000000000	-0.047748447968059
3.1760000000000	-0.048394027238780
3.1800000000000	-0.049073871576317
3.1840000000000	-0.049790722064469
3.1880000000000	-0.050547600383905
3.1920000000000	-0.051347843995836
3.1960000000000	-0.052195146576301
3.2000000000000	-0.053093604614432
3.2040000000000	-0.054047771270425
3.2080000000000	-0.055062718812481
3.2120000000000	-0.056144111227301
3.2160000000000	-0.057298288939123
3.2200000000000	-0.058532367995280
3.2240000000000	-0.059854356603965
3.2280000000000	-0.061273292572025
3.2320000000000	-0.062799406024962
3.2360000000000	-0.064444312848938
3.2400000000000	-0.066221245642211
3.2440000000000	-0.068145330690846
3.2480000000000	-0.070233921711073
3.2520000000000	-0.072507003991620
3.2560000000000	-0.074987686346126
3.2600000000000	-0.077702803254647
3.2640000000000	-0.080683656158177
3.2680000000000	-0.083966931664516
3.2720000000000	-0.087595846263793
3.2760000000000	-0.091621583228137
3.2800000000000	-0.096105109393739
3.2840000000000	-0.10111948997866
3.2880000000000	-0.10675286212101
3.2920000000000	-0.11311228783385
3.2960000000000	-0.12032879267235
3.3000000000000	-0.12856401989250
3.3040000000000	-0.13801911012886
3.3080000000000	-0.14894668294951
3.3120000000000	-0.16166719511772
3.3160000000000	-0.17659155411963
3.3200000000000	-0.19425279162638
3.3240000000000	-0.21535103873749
3.3280000000000	-0.24081829708387
3.3320000000000	-0.27191305141934
3.3360000000000	-0.31036036560773
3.3400000000000	-0.35856179294109
3.3440000000000	-0.41991232122701
3.3480000000000	-0.49927839105399
3.3520000000000	-0.60370431610703
3.3560000000000	-0.74338886811059
3.3600000000000	-0.93277785302256
3.3640000000000	-1.1908222281295
3.3680000000000	-1.5368804804136
3.3720000000000	-1.9725619982765
3.3760000000000	-2.4351628792928
3.3800000000000	-2.7485364928641
3.3840000000000	-2.7162112428798
3.3880000000000	-2.3592868428456
3.3920000000000	-1.8875210741619
3.3960000000000	-1.4608782967281
3.4000000000000	-1.1279898678482
3.4040000000000	-0.88176536624406
3.4080000000000	-0.70173169014105
3.4120000000000	-0.56919991223346
3.4160000000000	-0.47023741001977
3.4200000000000	-0.39509680436369
3.4240000000000	-0.33707209318766
3.4280000000000	-0.29153813048839
3.4320000000000	-0.25527001143869
3.4360000000000	-0.22598655323953
3.4400000000000	-0.20204882728919
3.4440000000000	-0.18226085997039
3.4480000000000	-0.16573670758376
3.4520000000000	-0.15181069297954
3.4560000000000	-0.13997593944856
3.4600000000000	-0.12984167363079
3.4640000000000	-0.12110314278606
3.4680000000000	-0.11352012706059
3.4720000000000	-0.10690138876992
3.4760000000000	-0.10109327776710
3.4800000000000	-0.095971283771686
3.4840000000000	-0.091433704053691
3.4880000000000	-0.087396847302076
3.4920000000000	-0.083791365433584
3.4960000000000	-0.080559422256486
3.5000000000000	-0.077652489159191
3.5040000000000	-0.075029614989052
3.5080000000000	-0.072656057698879
3.5120000000000	-0.070502194289745
3.5160000000000	-0.068542646522863
3.5200000000000	-0.066755575167740
3.5240000000000	-0.065122106821401
3.5280000000000	-0.063625865705676
3.5320000000000	-0.062252589119767
3.5360000000000	-0.060989809958007
3.5400000000000	-0.059826593300738
3.5440000000000	-0.058753316840627
3.5480000000000	-0.057761487029645
3.5520000000000	-0.056843584478199
3.5560000000000	-0.055992933422411
3.5600000000000	-0.055203591083649
3.5640000000000	-0.054470253539889
3.5680000000000	-0.053788175359503
3.5720000000000	-0.053153100751272
3.5760000000000	-0.052561204387550
3.5800000000000	-0.052009040382019
3.5840000000000	-0.051493498165848
3.5880000000000	-0.051011764219185
3.5920000000000	-0.050561288788652
3.5960000000000	-0.050139756863686
3.6000000000000	-0.049745062801599
3.6040000000000	-0.049375288087518
3.6080000000000	-0.049028681795271
3.6120000000000	-0.048703643381552
3.6160000000000	-0.048398707500954
3.6200000000000	-0.048112530575648
3.6240000000000	-0.047843878892258
3.6280000000000	-0.047591618031009
3.6320000000000	-0.047354703459782
3.6360000000000	-0.047132172148923
3.6400000000000	-0.046923135082384
3.6440000000000	-0.046726770557561
3.6480000000000	-0.046542318180486
3.6520000000000	-0.046369073475270
3.6560000000000	-0.046206383037141
3.6600000000000	-0.046053640167457
3.6640000000000	-0.045910280936772
3.6680000000000	-0.045775780628733
3.6720000000000	-0.045649650523376
3.6760000000000	-0.045531434983341
3.6800000000000	-0.045420708810914
3.6840000000000	-0.045317074847550
3.6880000000000	-0.045220161790834
3.6920000000000	-0.045129622206671
3.6960000000000	-0.045045130717079
3.7000000000000	-0.044966382346085
3.7040000000000	-0.044893091008171
3.7080000000000	-0.044824988125463
3.7120000000000	-0.044761821361252
3.7160000000000	-0.044703353458864
3.7200000000000	-0.044649361175969
3.7240000000000	-0.044599634305491
3.7280000000000	-0.044553974775187
3.7320000000000	-0.044512195818743
3.7360000000000	-0.044474121212031
3.7400000000000	-0.044439584568678
3.7440000000000	-0.044408428689811
3.7480000000000	-0.044380504963235
3.7520000000000	-0.044355672807820
3.7560000000000	-0.044333799159262
3.7600000000000	-0.044314757993726
3.7640000000000	-0.044298429886223
3.7680000000000	-0.044284701600877
3.7720000000000	-0.044273465710456
3.7760000000000	-0.044264620242822
3.7800000000000	-0.044258068352153
3.7840000000000	-0.044253718012955
3.7880000000000	-0.044251481735113
3.7920000000000	-0.044251276298296
3.7960000000000	-0.044253022504298
3.8000000000000	-0.044256644945863
3.8040000000000	-0.044262071790844
3.8080000000000	-0.044269234580471
3.8120000000000	-0.044278068040720
3.8160000000000	-0.044288509905832
3.8200000000000	-0.044300500753047
3.8240000000000	-0.044313983847819
3.8280000000000	-0.044328904998697
3.8320000000000	-0.044345212421218
3.8360000000000	-0.044362856610169
3.8400000000000	-0.044381790219657
3.8440000000000	-0.044401967950409
3.8480000000000	-0.044423346443846
3.8520000000000	-0.044445884182438
3.8560000000000	-0.044469541395942
3.8600000000000	-0.044494279973119
3.8640000000000	-0.044520063378581
3.8680000000000	-0.044546856574382
3.8720000000000	-0.044574625946125
3.8760000000000	-0.044603339233217
3.8800000000000	-0.044632965463049
3.8840000000000	-0.044663474888840
3.8880000000000	-0.044694838930903
3.8920000000000	-0.044727030121141
3.8960000000000	-0.044760022050551
3.9000000000000	-0.044793789319555
3.9040000000000	-0.044828307490996
3.9080000000000	-0.044863553045622
3.9120000000000	-0.044899503339913
3.9160000000000	-0.044936136566128
3.9200000000000	-0.044973431714392
3.9240000000000	-0.045011368536762
3.9280000000000	-0.045049927513118
3.9320000000000	-0.045089089818775
3.9360000000000	-0.045128837293737
3.9400000000000	-0.045169152413469
3.9440000000000	-0.045210018261130
3.9480000000000	-0.045251418501159
3.9520000000000	-0.045293337354156
3.9560000000000	-0.045335759572982
3.9600000000000	-0.045378670419981
3.9640000000000	-0.045422055645332
3.9680000000000	-0.045465901466374
3.9720000000000	-0.045510194547938
3.9760000000000	-0.045554921983571
3.9800000000000	-0.045600071277645
3.9840000000000	-0.045645630328269
3.9880000000000	-0.045691587410980
3.9920000000000	-0.045737931163186
3.9960000000000	-0.045784650569275
4.0000000000000	-0.045831734946407
4.0040000000000	-0.045879173930921
4.0080000000000	-0.045926957465332
4.0120000000000	-0.045975075785892
4.0160000000000	-0.046023519410690
4.0200000000000	-0.046072279128242
4.0240000000000	-0.046121345986569
4.0280000000000	-0.046170711282735
4.0320000000000	-0.046220366552800
4.0360000000000	-0.046270303562203
4.0400000000000	-0.046320514296511
4.0440000000000	-0.046370990952559
4.0480000000000	-0.046421725929926
4.0520000000000	-0.046472711822746
4.0560000000000	-0.046523941411848
4.0600000000000	-0.046575407657169
4.0640000000000	-0.046627103690490
4.0680000000000	-0.046679022808399
4.0720000000000	-0.046731158465555
4.0760000000000	-0.046783504268170
4.0800000000000	-0.046836053967717
4.0840000000000	-0.046888801454888
4.0880000000000	-0.046941740753735
4.0920000000000	-0.046994866016019
4.0960000000000	-0.047048171515746
4.1000000000000	-0.047101651643890
4.1040000000000	-0.047155300903260
4.1080000000000	-0.047209113903572
4.1120000000000	-0.047263085356629
4.1160000000000	-0.047317210071659
4.1200000000000	-0.047371482950811
4.1240000000000	-0.047425898984748
4.1280000000000	-0.047480453248376
4.1320000000000	-0.047535140896695
4.1360000000000	-0.047589957160747
4.1400000000000	-0.047644897343660
4.1440000000000	-0.047699956816810
4.1480000000000	-0.047755131016050
4.1520000000000	-0.047810415438030
4.1560000000000	-0.047865805636601
4.1600000000000	-0.047921297219285
4.1640000000000	-0.047976885843815
4.1680000000000	-0.048032567214730
4.1720000000000	-0.048088337080041
4.1760000000000	-0.048144191227935
4.1800000000000	-0.048200125483534
4.1840000000000	-0.048256135705704
4.1880000000000	-0.048312217783870
4.1920000000000	-0.048368367634916
4.1960000000000	-0.048424581200061
4.2000000000000	-0.048480854441803
4.2040000000000	-0.048537183340840
4.2080000000000	-0.048593563893056
4.2120000000000	-0.048649992106471
4.2160000000000	-0.048706463998232
4.2200000000000	-0.048762975591581
4.2240000000000	-0.048819522912843
4.2280000000000	-0.048876101988389
4.2320000000000	-0.048932708841604
4.2360000000000	-0.048989339489820
4.2400000000000	-0.049045989941261
4.2440000000000	-0.049102656191911
4.2480000000000	-0.049159334222416
4.2520000000000	-0.049216019994897
4.2560000000000	-0.049272709449758
4.2600000000000	-0.049329398502441
4.2640000000000	-0.049386083040108
4.2680000000000	-0.049442758918318
4.2720000000000	-0.049499421957597
4.2760000000000	-0.049556067939959
4.2800000000000	-0.049612692605364
4.2840000000000	-0.049669291648089
4.2880000000000	-0.049725860713009
4.2920000000000	-0.049782395391801
4.2960000000000	-0.049838891219051
4.3000000000000	-0.049895343668233
4.3040000000000	-0.049951748147607
4.3080000000000	-0.050008099995987
4.3120000000000	-0.050064394478364
4.3160000000000	-0.050120626781420
4.3200000000000	-0.050176792008884
4.3240000000000	-0.050232885176738
4.3280000000000	-0.050288901208247
4.3320000000000	-0.050344834928839
4.3360000000000	-0.050400681060779
4.3400000000000	-0.050456434217662
4.3440000000000	-0.050512088898694
4.3480000000000	-0.050567639482740
4.3520000000000	-0.050623080222166
4.3560000000000	-0.050678405236417
4.3600000000000	-0.050733608505324
4.3640000000000	-0.050788683862161
4.3680000000000	-0.050843624986378
4.3720000000000	-0.050898425396051
4.3760000000000	-0.050953078439977
4.3800000000000	-0.051007577289444
4.3840000000000	-0.051061914929612
4.3880000000000	-0.051116084150505
4.3920000000000	-0.051170077537603
4.3960000000000	-0.051223887461974
4.4000000000000	-0.051277506069954
4.4040000000000	-0.051330925272320
4.4080000000000	-0.051384136732954
4.4120000000000	-0.051437131856935
4.4160000000000	-0.051489901778049
4.4200000000000	-0.051542437345669
4.4240000000000	-0.051594729110982
4.4280000000000	-0.051646767312489
4.4320000000000	-0.051698541860773
4.4360000000000	-0.051750042322466
4.4400000000000	-0.051801257903349
4.4440000000000	-0.051852177430606
4.4480000000000	-0.051902789334048
4.4520000000000	-0.051953081626378
4.4560000000000	-0.052003041882343
4.4600000000000	-0.052052657216737
4.4640000000000	-0.052101914261180
4.4680000000000	-0.052150799139588
4.4720000000000	-0.052199297442232
4.4760000000000	-0.052247394198330
4.4800000000000	-0.052295073847042
4.4840000000000	-0.052342320206765
4.4880000000000	-0.052389116442632
4.4920000000000	-0.052435445032064
4.4960000000000	-0.052481287728272
4.5000000000000	-0.052526625521538
4.5040000000000	-0.052571438598162
4.5080000000000	-0.052615706296845
4.5120000000000	-0.052659407062406
4.5160000000000	-0.052702518396592
4.5200000000000	-0.052745016805776
4.5240000000000	-0.052786877745354
4.5280000000000	-0.052828075560575
4.5320000000000	-0.052868583423534
4.5360000000000	-0.052908373266087
4.5400000000000	-0.052947415708364
4.5440000000000	-0.052985679982530
4.5480000000000	-0.053023133851498
4.5520000000000	-0.053059743522171
4.5560000000000	-0.053095473552815
4.5600000000000	-0.053130286754119
4.5640000000000	-0.053164144083461
4.5680000000000	-0.053197004531876
4.5720000000000	-0.053228825003127
4.5760000000000	-0.053259560184314
4.5800000000000	-0.053289162407352
4.5840000000000	-0.053317581500578
4.5880000000000	-0.053344764629783
4.5920000000000	-0.053370656127769
4.5960000000000	-0.053395197311595
4.6000000000000	-0.053418326286527
4.6040000000000	-0.053439977735619
4.6080000000000	-0.053460082693866
4.6120000000000	-0.053478568305661
4.6160000000000	-0.053495357564302
4.6200000000000	-0.053510369032118
4.6240000000000	-0.053523516539759
4.6280000000000	-0.053534708863007
4.6320000000000	-0.053543849375475
4.6360000000000	-0.053550835675321
4.6400000000000	-0.053555559184086
4.6440000000000	-0.053557904715714
4.6480000000000	-0.053557750013525
4.6520000000000	-0.053554965253073
4.6560000000000	-0.053549412508646
4.6600000000000	-0.053540945181048
4.6640000000000	-0.053529407384530
4.6680000000000	-0.053514633290593
4.6720000000000	-0.053496446426632
4.6760000000000	-0.053474658927633
4.6800000000000	-0.053449070739367
4.6840000000000	-0.053419468772164
4.6880000000000	-0.053385626005066
4.6920000000000	-0.053347300540976
4.6960000000000	-0.053304234615001
4.7000000000000	-0.053256153559711
4.7040000000000	-0.053202764733453
4.7080000000000	-0.053143756420847
4.7120000000000	-0.053078796718401
4.7160000000000	-0.053007532423181
4.7200000000000	-0.052929587948864
4.7240000000000	-0.052844564301435
4.7280000000000	-0.052752038157140
4.7320000000000	-0.052651561098090
4.7360000000000	-0.052542659077239
4.7400000000000	-0.052424832204533
4.7440000000000	-0.052297554971564
4.7480000000000	-0.052160277063139
4.7520000000000	-0.052012424943096
4.7560000000000	-0.051853404449066
4.7600000000000	-0.051682604688769
4.7640000000000	-0.051499403600075
4.7680000000000	-0.051303175620537
4.7720000000000	-0.051093302010256
4.7760000000000	-0.050869184484938
4.7800000000000	-0.050630262944806
4.7840000000000	-0.050376038223531
4.7880000000000	-0.050106100927378
4.7920000000000	-0.049820167570923
4.7960000000000	-0.049518125328633
4.8000000000000	-0.049200086773710
4.8040000000000	-0.048866455926239
4.8080000000000	-0.048518006714184
4.8120000000000	-0.048155974475157
4.8160000000000	-0.047782160283961
4.8200000000000	-0.047399046545834
4.8240000000000	-0.047009920311335
4.8280000000000	-0.046618998021658
4.8320000000000	-0.046231541843140
4.8360000000000	-0.045853953489589
4.8400000000000	-0.045493826820378
4.8440000000000	-0.045159936260358
4.8480000000000	-0.044862135383619
4.8520000000000	-0.044611140454143
4.8560000000000	-0.044418179165235
4.8600000000000	-0.044294496879078
4.8640000000000	-0.044250731921915
4.8680000000000	-0.044296196625790
4.8720000000000	-0.044438127894436
4.8760000000000	-0.044680993694510
4.8800000000000	-0.045025952407181
4.8840000000000	-0.045470554108120
4.8880000000000	-0.046008744496376
4.8920000000000	-0.046631187478249
4.8960000000000	-0.047325871269852
4.9000000000000	-0.048078918085233
4.9040000000000	-0.048875490111568
4.9080000000000	-0.049700680043841
4.9120000000000	-0.050540291402050
4.9160000000000	-0.051381445001868
4.9200000000000	-0.052212983770196
4.9240000000000	-0.053025680133779
4.9280000000000	-0.053812273202890
4.9320000000000	-0.054567375330905
4.9360000000000	-0.055287290584069
4.9400000000000	-0.055969783934846
4.9440000000000	-0.056613832589599
4.9480000000000	-0.057219382277708
4.9520000000000	-0.057787123245500
4.9560000000000	-0.058318294011304
4.9600000000000	-0.058814515939940
4.9640000000000	-0.059277658301706
4.9680000000000	-0.059709731418852
4.9720000000000	-0.060112804443101
4.9760000000000	-0.060488943942313
4.9800000000000	-0.060840169549075
4.9840000000000	-0.061168423248432
4.9880000000000	-0.061475549323911
4.9920000000000	-0.061763282454927
4.9960000000000	-0.062033241913343
5.0000000000000	-0.062286930216061
#Parameters = {D_center=12; L1=16; L2=2; L3=2; L4=15; L_diff=2.83; L_sub=45.66; W_50=1.36; W_sub=45.66; Z_mid=22.83; cm=0.3; ct=12; g_slot=1.2; h1=2; h2=2; h3=2; h4=2; h_sub=0.4; hole_puncher=0.87365; hole_puncher1=0.9; margin=1.6; needle_radius=0.635; nutrient_solution=0.01; pipe_OD=50; pipe_Ri=8; pipe_Ro=10; r_SRR=20; r_SRR_in=17.6; sigma_fluid=0.5; spacing=0.4; t_PDMS_microstrip=0.35; t_SRR=0.07; t_gnd=0.07; t_metal=0.5; t_microstrip=0.07; t_wall=2; w_channel=2; w_diff=2.83}
#"Frequency / GHz"	"S1,1 (19) [Magnitude / dB]"
#----------------------------------------------
1.0000000000000	-0.0067127254709957
1.0040000000000	-0.0067703279844555
1.0080000000000	-0.0068279445286620
1.0120000000000	-0.0068855750086509
1.0160000000000	-0.0069432193277654
1.0200000000000	-0.0070008773876120
1.0240000000000	-0.0070585490880352
1.0280000000000	-0.0071162343270760
1.0320000000000	-0.0071739330009341
1.0360000000000	-0.0072316450039227
1.0400000000000	-0.0072893702284470
1.0440000000000	-0.0073471085649415
1.0480000000000	-0.0074048599018448
1.0520000000000	-0.0074626241255503
1.0560000000000	-0.0075204011203627
1.0600000000000	-0.0075781907684642
1.0640000000000	-0.0076359929498459
1.0680000000000	-0.0076938075422950
1.0720000000000	-0.0077516344213120
1.0760000000000	-0.0078094734600970
1.0800000000000	-0.0078673245294712
1.0840000000000	-0.0079251874978425
1.0880000000000	-0.0079830622311530
1.0920000000000	-0.0080409485928239
1.0960000000000	-0.0080988464436967
1.1000000000000	-0.0081567556419926
1.1040000000000	-0.0082146760432415
1.1080000000000	-0.0082726075002276
1.1120000000000	-0.0083305498629385
1.1160000000000	-0.0083885029785016
1.1200000000000	-0.0084464666911108
1.1240000000000	-0.0085044408419858
1.1280000000000	-0.0085624252692869
1.1320000000000	-0.0086204198080676
1.1360000000000	-0.0086784242901906
1.1400000000000	-0.0087364385442691
1.1440000000000	-0.0087944623955946
1.1480000000000	-0.0088524956660611
1.1520000000000	-0.0089105381741029
1.1560000000000	-0.0089685897346049
1.1600000000000	-0.0090266501588338
1.1640000000000	-0.0090847192543560
1.1680000000000	-0.0091427968249678
1.1720000000000	-0.0092008826705914
1.1760000000000	-0.0092589765872144
1.1800000000000	-0.0093170783667831
1.1840000000000	-0.0093751877971360
1.1880000000000	-0.0094333046618905
1.1920000000000	-0.0094914287403660
1.1960000000000	-0.0095495598074864
1.2000000000000	-0.0096076976336804
1.2040000000000	-0.0096658419847832
1.2080000000000	-0.0097239926219403
1.2120000000000	-0.0097821493014929
1.2160000000000	-0.0098403117748916
1.2200000000000	-0.0098984797885611
1.2240000000000	-0.0099566530838081
1.2280000000000	-0.010014831396712
1.2320000000000	-0.010073014457988
1.2360000000000	-0.010131201992879
1.2400000000000	-0.010189393721049
1.2440000000000	-0.010247589356427
1.2480000000000	-0.010305788607106
1.2520000000000	-0.010363991175201
1.2560000000000	-0.010422196756709
1.2600000000000	-0.010480405041390
1.2640000000000	-0.010538615712613
1.2680000000000	-0.010596828447206
1.2720000000000	-0.010655042915337
1.2760000000000	-0.010713258780333
1.2800000000000	-0.010771475698535
1.2840000000000	-0.010829693319149
1.2880000000000	-0.010887911284080
1.2920000000000	-0.010946129227765
1.2960000000000	-0.011004346776997
1.3000000000000	-0.011062563550759
1.3040000000000	-0.011120779160055
1.3080000000000	-0.011178993207708
1.3120000000000	-0.011237205288182
1.3160000000000	-0.011295414987402
1.3200000000000	-0.011353621882544
1.3240000000000	-0.011411825541836
1.3280000000000	-0.011470025524360
1.3320000000000	-0.011528221379840
1.3360000000000	-0.011586412648417
1.3400000000000	-0.011644598860446
1.3440000000000	-0.011702779536249
1.3480000000000	-0.011760954185903
1.3520000000000	-0.011819122308991
1.3560000000000	-0.011877283394359
1.3600000000000	-0.011935436919870
1.3640000000000	-0.011993582352153
1.3680000000000	-0.012051719146337
1.3720000000000	-0.012109846745777
1.3760000000000	-0.012167964581786
1.3800000000000	-0.012226072073365
1.3840000000000	-0.012284168626889
1.3880000000000	-0.012342253635823
1.3920000000000	-0.012400326480442
1.3960000000000	-0.012458386527479
1.4000000000000	-0.012516433129833
1.4040000000000	-0.012574465626249
1.4080000000000	-0.012632483340963
1.4120000000000	-0.012690485583366
1.4160000000000	-0.012748471647672
1.4200000000000	-0.012806440812528
1.4240000000000	-0.012864392340674
1.4280000000000	-0.012922325478539
1.4320000000000	-0.012980239455874
1.4360000000000	-0.013038133485345
1.4400000000000	-0.013096006762133
1.4440000000000	-0.013153858463499
1.4480000000000	-0.013211687748384
1.4520000000000	-0.013269493756946
1.4560000000000	-0.013327275610131
1.4600000000000	-0.013385032409189
1.4640000000000	-0.013442763235224
1.4680000000000	-0.013500467148696
1.4720000000000	-0.013558143188927
1.4760000000000	-0.013615790373598
1.4800000000000	-0.013673407698222
1.4840000000000	-0.013730994135614
1.4880000000000	-0.013788548635327
1.4920000000000	-0.013846070123113
1.4960000000000	-0.013903557500334
1.5000000000000	-0.013961009643358
1.5040000000000	-0.014018425402990
1.5080000000000	-0.014075803603821
1.5120000000000	-0.014133143043588
1.5160000000000	-0.014190442492540
1.5200000000000	-0.014247700692764
1.5240000000000	-0.014304916357497
1.5280000000000	-0.014362088170411
1.5320000000000	-0.014419214784904
1.5360000000000	-0.014476294823376
1.5400000000000	-0.014533326876438
1.5440000000000	-0.014590309502156
1.5480000000000	-0.014647241225250
1.5520000000000	-0.014704120536284
1.5560000000000	-0.014760945890826
1.5600000000000	-0.014817715708581
1.5640000000000	-0.014874428372521
1.5680000000000	-0.014931082227993
1.5720000000000	-0.014987675581776
1.5760000000000	-0.015044206701149
1.5800000000000	-0.015100673812926
1.5840000000000	-0.015157075102439
1.5880000000000	-0.015213408712551
1.5920000000000	-0.015269672742589
1.5960000000000	-0.015325865247290
1.6000000000000	-0.015381984235691
1.6040000000000	-0.015438027670038
1.6080000000000	-0.015493993464591
1.6120000000000	-0.015549879484495
1.6160000000000	-0.015605683544535
1.6200000000000	-0.015661403407933
1.6240000000000	-0.015717036785073
1.6280000000000	-0.015772581332194
1.6320000000000	-0.015828034650083
1.6360000000000	-0.015883394282725
1.6400000000000	-0.015938657715885
1.6440000000000	-0.015993822375715
1.6480000000000	-0.016048885627305
1.6520000000000	-0.016103844773157
1.6560000000000	-0.016158697051723
1.6600000000000	-0.016213439635791
1.6640000000000	-0.016268069630929
1.6680000000000	-0.016322584073864
1.6720000000000	-0.016376979930782
1.6760000000000	-0.016431254095670
1.6800000000000	-0.016485403388553
1.6840000000000	-0.016539424553727
1.6880000000000	-0.016593314257958
1.6920000000000	-0.016647069088613
1.6960000000000	-0.016700685551781
1.7000000000000	-0.016754160070342
1.7040000000000	-0.016807488982013
1.7080000000000	-0.016860668537308
1.7120000000000	-0.016913694897539
1.7160000000000	-0.016966564132689
1.7200000000000	-0.017019272219302
1.7240000000000	-0.017071815038331
1.7280000000000	-0.017124188372908
1.7320000000000	-0.017176387906122
1.7360000000000	-0.017228409218730
1.7400000000000	-0.017280247786830
1.7440000000000	-0.017331898979506
1.7480000000000	-0.017383358056439
1.7520000000000	-0.017434620165469
1.7560000000000	-0.017485680340124
1.7600000000000	-0.017536533497110
1.7640000000000	-0.017587174433819
1.7680000000000	-0.017637597825688
1.7720000000000	-0.017687798223667
1.7760000000000	-0.017737770051566
1.7800000000000	-0.017787507603400
1.7840000000000	-0.017837005040718
1.7880000000000	-0.017886256389904
1.7920000000000	-0.017935255539468
1.7960000000000	-0.017983996237300
1.8000000000000	-0.018032472087945
1.8040000000000	-0.018080676549832
1.8080000000000	-0.018128602932524
1.8120000000000	-0.018176244393967
1.8160000000000	-0.018223593937747
1.8200000000000	-0.018270644410314
1.8240000000000	-0.018317388498308
1.8280000000000	-0.018363818725826
1.8320000000000	-0.018409927451751
1.8360000000000	-0.018455706867154
1.8400000000000	-0.018501148992641
1.8440000000000	-0.018546245675904
1.8480000000000	-0.018590988589171
1.8520000000000	-0.018635369226867
1.8560000000000	-0.018679378903274
1.8600000000000	-0.018723008750328
1.8640000000000	-0.018766249715507
1.8680000000000	-0.018809092559856
1.8720000000000	-0.018851527856139
1.8760000000000	-0.018893545987148
1.8800000000000	-0.018935137144182
1.8840000000000	-0.018976291325703
1.8880000000000	-0.019016998336222
1.8920000000000	-0.019057247785397
1.8960000000000	-0.019097029087364
1.9000000000000	-0.019136331460372
1.9040000000000	-0.019175143926694
1.9080000000000	-0.019213455312864
1.9120000000000	-0.019251254250270
1.9160000000000	-0.019288529176089
1.9200000000000	-0.019325268334725
1.9240000000000	-0.019361459779566
1.9280000000000	-0.019397091375318
1.9320000000000	-0.019432150800817
1.9360000000000	-0.019466625552374
1.9400000000000	-0.019500502947771
1.9440000000000	-0.019533770130814
1.9480000000000	-0.019566414076674
1.9520000000000	-0.019598421597855
1.9560000000000	-0.019629779351010
1.9600000000000	-0.019660473844568
1.9640000000000	-0.019690491447242
1.9680000000000	-0.019719818397513
1.9720000000000	-0.019748440814072
1.9760000000000	-0.019776344707376
1.9800000000000	-0.019803515992303
1.9840000000000	-0.019829940502018
1.9880000000000	-0.019855604003119
1.9920000000000	-0.019880492212098
1.9960000000000	-0.019904590813249
2.0000000000000	-0.019927885478016
2.0040000000000	-0.019950361885974
2.0080000000000	-0.019972005747390
2.0120000000000	-0.019992802827578
2.0160000000000	-0.020012738973005
2.0200000000000	-0.020031800139335
2.0240000000000	-0.020049972421424
2.0280000000000	-0.020067242085395
2.0320000000000	-0.020083595602860
2.0360000000000	-0.020099019687334
2.0400000000000	-0.020113501333024
2.0440000000000	-0.020127027855955
2.0480000000000	-0.020139586937578
2.0520000000000	-0.020151166670938
2.0560000000000	-0.020161755609415
2.0600000000000	-0.020171342818179
2.0640000000000	-0.020179917928328
2.0680000000000	-0.020187471193862
2.0720000000000	-0.020193993551413
2.0760000000000	-0.020199476682873
2.0800000000000	-0.020203913080856
2.0840000000000	-0.020207296117075
2.0880000000000	-0.020209620113514
2.0920000000000	-0.020210880416518
2.0960000000000	-0.020211073473610
2.1000000000000	-0.020210196913076
2.1040000000000	-0.020208249626170
2.1080000000000	-0.020205231851866
2.1120000000000	-0.020201145263991
2.1160000000000	-0.020195993060606
2.1200000000000	-0.020189780055417
2.1240000000000	-0.020182512770970
2.1280000000000	-0.020174199533458
2.1320000000000	-0.020164850568708
2.1360000000000	-0.020154478099142
2.1400000000000	-0.020143096441265
2.1440000000000	-0.020130722103278
2.1480000000000	-0.020117373882389
2.1520000000000	-0.020103072961285
2.1560000000000	-0.020087843003255
2.1600000000000	-0.020071710245374
2.1640000000000	-0.020054703589088
2.1680000000000	-0.020036854687601
2.1720000000000	-0.020018198029276
2.1760000000000	-0.019998771016369
2.1800000000000	-0.019978614038252
2.1840000000000	-0.019957770538370
2.1880000000000	-0.019936287074040
2.1920000000000	-0.019914213368246
2.1960000000000	-0.019891602352551
2.2000000000000	-0.019868510200207
2.2040000000000	-0.019844996348604
2.2080000000000	-0.019821123510113
2.2120000000000	-0.019796957670491
2.2160000000000	-0.019772568073979
2.2200000000000	-0.019748027194260
2.2240000000000	-0.019723410690530
2.2280000000000	-0.019698797347934
2.2320000000000	-0.019674269001785
2.2360000000000	-0.019649910444918
2.2400000000000	-0.019625809317812
2.2440000000000	-0.019602055981037
2.2480000000000	-0.019578743369870
2.2520000000000	-0.019555966830897
2.2560000000000	-0.019533823940717
2.2600000000000	-0.019512414306905
2.2640000000000	-0.019491839351556
2.2680000000000	-0.019472202078005
2.2720000000000	-0.019453606821335
2.2760000000000	-0.019436158983645
2.2800000000000	-0.019419964754999
2.2840000000000	-0.019405130821394
2.2880000000000	-0.019391764061083
2.2920000000000	-0.019379971230804
2.2960000000000	-0.019369858643683
2.3000000000000	-0.019361531840594
2.3040000000000	-0.019355095257059
2.3080000000000	-0.019350651887669
2.3120000000000	-0.019348302950315
2.3160000000000	-0.019348147552432
2.3200000000000	-0.019350282361601
2.3240000000000	-0.019354801282753
2.3280000000000	-0.019361795144453
2.3320000000000	-0.019371351396348
2.3360000000000	-0.019383553820205
2.3400000000000	-0.019398482256559
2.3440000000000	-0.019416212349025
2.3480000000000	-0.019436815308232
2.3520000000000	-0.019460357697077
2.3560000000000	-0.019486901238773
2.3600000000000	-0.019516502649221
2.3640000000000	-0.019549213494707
2.3680000000000	-0.019585080075883
2.3720000000000	-0.019624143338715
2.3760000000000	-0.019666438812818
2.3800000000000	-0.019711996577355
2.3840000000000	-0.019760841254456
2.3880000000000	-0.019812992029890
2.3920000000000	-0.019868462700329
2.3960000000000	-0.019927261746646
2.4000000000000	-0.019989392432129
2.4040000000000	-0.020054852924508
2.4080000000000	-0.020123636440484
2.4120000000000	-0.020195731411292
2.4160000000000	-0.020271121667674
2.4200000000000	-0.020349786642542
2.4240000000000	-0.020431701589521
2.4280000000000	-0.020516837815590
2.4320000000000	-0.020605162925836
2.4360000000000	-0.020696641078426
2.4400000000000	-0.020791233247952
2.4440000000000	-0.020888897495189
2.4480000000000	-0.020989589241449
2.4520000000000	-0.021093261545821
2.4560000000000	-0.021199865383517
2.4600000000000	-0.021309349923731
2.4640000000000	-0.021421662805546
2.4680000000000	-0.021536750410457
2.4720000000000	-0.021654558130212
2.4760000000000	-0.021775030628878
2.4800000000000	-0.021898112098010
2.4840000000000	-0.022023746504096
2.4880000000000	-0.022151877827444
2.4920000000000	-0.022282450291889
2.4960000000000	-0.022415408584763
2.5000000000000	-0.022550698066734
2.5040000000000	-0.022688264971224
2.5080000000000	-0.022828056593145
2.5120000000000	-0.022970021466952
2.5160000000000	-0.023114109533962
2.5200000000000	-0.023260272299023
2.5240000000000	-0.023408462976709
2.5280000000000	-0.023558636627320
2.5320000000000	-0.023710750282894
2.5360000000000	-0.023864763063696
2.5400000000000	-0.024020636285501
2.5440000000000	-0.024178333558202
2.5480000000000	-0.024337820876150
2.5520000000000	-0.024499066700796
2.5560000000000	-0.024662042036161
2.5600000000000	-0.024826720497665
2.5640000000000	-0.024993078374939
2.5680000000000	-0.025161094689126
2.5720000000000	-0.025330751245355
2.5760000000000	-0.025502032680830
2.5800000000000	-0.025674926509352
2.5840000000000	-0.025849423162564
2.5880000000000	-0.026025516028774
2.5920000000000	-0.026203201489748
2.5960000000000	-0.026382478956118
2.6000000000000	-0.026563350901948
2.6040000000000	-0.026745822899013
2.6080000000000	-0.026929903651312
2.6120000000000	-0.027115605030364
2.6160000000000	-0.027302942111819
2.6200000000000	-0.027491933213879
2.6240000000000	-0.027682599938046
2.6280000000000	-0.027874967212746
2.6320000000000	-0.028069063340251
2.6360000000000	-0.028264920047464
2.6400000000000	-0.028462572541079
2.6440000000000	-0.028662059567553
2.6480000000000	-0.028863423478475
2.6520000000000	-0.029066710301808
2.6560000000000	-0.029271969819512
2.6600000000000	-0.029479255652183
2.6640000000000	-0.029688625351125
2.6680000000000	-0.029900140498551
2.6720000000000	-0.030113866816438
2.6760000000000	-0.030329874284704
2.6800000000000	-0.030548237269331
2.6840000000000	-0.030769034661140
2.6880000000000	-0.030992350025934
2.6920000000000	-0.031218271766794
2.6960000000000	-0.031446893299345
2.7000000000000	-0.031678313240852
2.7040000000000	-0.031912635614113
2.7080000000000	-0.032149970067115
2.7120000000000	-0.032390432109565
2.7160000000000	-0.032634143367443
2.7200000000000	-0.032881231856808
2.7240000000000	-0.033131832278253
2.7280000000000	-0.033386086333432
2.7320000000000	-0.033644143065248
2.7360000000000	-0.033906159223440
2.7400000000000	-0.034172299657406
2.7440000000000	-0.034442737738278
2.7480000000000	-0.034717655812521
2.7520000000000	-0.034997245689348
2.7560000000000	-0.035281709164629
2.7600000000000	-0.035571258584173
2.7640000000000	-0.035866117449421
2.7680000000000	-0.036166521068991
2.7720000000000	-0.036472717259841
2.7760000000000	-0.036784967102040
2.7800000000000	-0.037103545751695
2.7840000000000	-0.037428743316891
2.7880000000000	-0.037760865802057
2.7920000000000	-0.038100236126647
2.7960000000000	-0.038447195224667
2.8000000000000	-0.038802103232224
2.8040000000000	-0.039165340770968
2.8080000000000	-0.039537310336190
2.8120000000000	-0.039918437799180
2.8160000000000	-0.040309174034513
2.8200000000000	-0.040709996684057
2.8240000000000	-0.041121412070779
2.8280000000000	-0.041543957276852
2.8320000000000	-0.041978202402171
2.8360000000000	-0.042424753021218
2.8400000000000	-0.042884252858235
2.8440000000000	-0.043357386702951
2.8480000000000	-0.043844883591721
2.8520000000000	-0.044347520281881
2.8560000000000	-0.044866125050401
2.8600000000000	-0.045401581851732
2.8640000000000	-0.045954834873995
2.8680000000000	-0.046526893537560
2.8720000000000	-0.047118837985580
2.8760000000000	-0.047731825122450
2.8800000000000	-0.048367095263325
2.8840000000000	-0.049025979466268
2.8880000000000	-0.049709907628031
2.8920000000000	-0.050420417435533
2.8960000000000	-0.051159164277747
2.9000000000000	-0.051927932237296
2.9040000000000	-0.052728646298043
2.9080000000000	-0.053563385924532
2.9120000000000	-0.054434400191995
2.9160000000000	-0.055344124672222
2.9200000000000	-0.056295200311620
2.9240000000000	-0.057290494574145
2.9280000000000	-0.058333125164437
2.9320000000000	-0.059426486696649
2.9360000000000	-0.060574280733684
2.9400000000000	-0.061780549691510
2.9440000000000	-0.063049715186314
2.9480000000000	-0.064386621501010
2.9520000000000	-0.065796584965518
2.9560000000000	-0.067285450186260
2.9600000000000	-0.068859654229807
2.9640000000000	-0.070526300069624
2.9680000000000	-0.072293240851656
2.9720000000000	-0.074169176833854
2.9760000000000	-0.076163767219258
2.9800000000000	-0.078287759547948
2.9840000000000	-0.080553139860201
2.9880000000000	-0.082973307517198
2.9920000000000	-0.085563279400301
2.9960000000000	-0.088339929247323
3.0000000000000	-0.091322269180374
3.0040000000000	-0.094531782106968
3.0080000000000	-0.097992815728805
3.0120000000000	-0.10173305149644
3.0160000000000	-0.10578406516891
3.0200000000000	-0.11018199989728
3.0240000000000	-0.11496837824894
3.0280000000000	-0.12019108672889
3.0320000000000	-0.12590557568866
3.0360000000000	-0.13217632979942
3.0400000000000	-0.13907868055661
3.0440000000000	-0.14670105404654
3.0480000000000	-0.15514777651099
3.0520000000000	-0.16454260003748
3.0560000000000	-0.17503316520221
3.0600000000000	-0.18679669282022
3.0640000000000	-0.20004730206341
3.0680000000000	-0.21504550032629
3.0720000000000	-0.23211060111190
3.0760000000000	-0.25163712969600
3.0800000000000	-0.27411671786419
3.0840000000000	-0.30016763858282
3.0880000000000	-0.33057509774363
3.0920000000000	-0.36634685310762
3.0960000000000	-0.40879093721043
3.1000000000000	-0.45962563979237
3.1040000000000	-0.52113710462344
3.1080000000000	-0.59640788759669
3.1120000000000	-0.68965195294023
3.1160000000000	-0.80670933059292
3.1200000000000	-0.95577725524316
3.1240000000000	-1.1484777788340
3.1280000000000	-1.4013539405161
3.1320000000000	-1.7377354323303
3.1360000000000	-2.1892529675644
3.1400000000000	-2.7940055918007
3.1440000000000	-3.5816879697996
3.1480000000000	-4.5212744569891
3.1520000000000	-5.4047908667147
3.1560000000000	-5.7909397460388
3.1600000000000	-5.3953426661238
3.1640000000000	-4.5070281640578
3.1680000000000	-3.5664461258014
3.1720000000000	-2.7794550362654
3.1760000000000	-2.1759353284008
3.1800000000000	-1.7257403259926
3.1840000000000	-1.3906133280851
3.1880000000000	-1.1388778052607
3.1920000000000	-0.94719944350556
3.1960000000000	-0.79904484262074
3.2000000000000	-0.68280548912173
3.2040000000000	-0.59029766337542
3.2080000000000	-0.51569346973183
3.2120000000000	-0.45478936663865
3.2160000000000	-0.40451157408470
3.2200000000000	-0.36258127578673
3.2240000000000	-0.32728628563362
3.2280000000000	-0.29732366011281
3.2320000000000	-0.27168989657666
3.2360000000000	-0.24960336086779
3.2400000000000	-0.23044879155730
3.2440000000000	-0.21373710814884
3.2480000000000	-0.19907595724311
3.2520000000000	-0.18614788317007
3.2560000000000	-0.17469397528129
3.2600000000000	-0.16450149309197
3.2640000000000	-0.15539441150451
3.2680000000000	-0.14722613142361
3.2720000000000	-0.13987381163657
3.2760000000000	-0.13323392569088
3.2800000000000	-0.12721875240153
3.2840000000000	-0.12175358378634
3.2880000000000	-0.11677448860000
3.2920000000000	-0.11222650932938
3.2960000000000	-0.10806219973971
3.3000000000000	-0.10424043176228
3.3040000000000	-0.10072541675585
3.3080000000000	-0.097485898420927
3.3120000000000	-0.094494483949047
3.3160000000000	-0.091727087103821
3.3200000000000	-0.089162462408133
3.3240000000000	-0.086781813855436
3.3280000000000	-0.084568464871023
3.3320000000000	-0.082507578841913
3.3360000000000	-0.080585921578201
3.3400000000000	-0.078791658688509
3.3440000000000	-0.077114182142394
3.3480000000000	-0.075543961325182
3.3520000000000	-0.074072414721222
3.3560000000000	-0.072691799032215
3.3600000000000	-0.071395113081500
3.3640000000000	-0.070176014298510
3.3680000000000	-0.069028745940089
3.3720000000000	-0.067948073503159
3.3760000000000	-0.066929229028486
3.3800000000000	-0.065967862198198
3.3840000000000	-0.065059997298194
3.3880000000000	-0.064201995256588
3.3920000000000	-0.063390520086749
3.3960000000000	-0.062622509161350
3.4000000000000	-0.061895146826635
3.4040000000000	-0.061205840935370
3.4080000000000	-0.060552201935923
3.4120000000000	-0.059932024204716
3.4160000000000	-0.059343269351495
3.4200000000000	-0.058784051263160
3.4240000000000	-0.058252622682517
3.4280000000000	-0.057747363144867
3.4320000000000	-0.057266768117823
3.4360000000000	-0.056809439209400
3.4400000000000	-0.056374075326032
3.4440000000000	-0.055959464676894
3.4480000000000	-0.055564477533210
3.4520000000000	-0.055188059662353
3.4560000000000	-0.054829226365848
3.4600000000000	-0.054487057058745
3.4640000000000	-0.054160690334969
3.4680000000000	-0.053849319469468
3.4720000000000	-0.053552188313706
3.4760000000000	-0.053268587545607
3.4800000000000	-0.052997851239506
3.4840000000000	-0.052739353725260
3.4880000000000	-0.052492506709079
3.4920000000000	-0.052256756631405
3.4960000000000	-0.052031582239895
3.5000000000000	-0.051816492357677
3.5040000000000	-0.051611023829192
3.5080000000000	-0.051414739627658
3.5120000000000	-0.051227227109777
3.5160000000000	-0.051048096404811
3.5200000000000	-0.050876978926262
3.5240000000000	-0.050713525995686
3.5280000000000	-0.050557407569068
3.5320000000000	-0.050408311057114
3.5360000000000	-0.050265940231690
3.5400000000000	-0.050130014211190
3.5440000000000	-0.050000266518557
3.5480000000000	-0.049876444205891
3.5520000000000	-0.049758307040487
3.5560000000000	-0.049645626747330
3.5600000000000	-0.049538186303657
3.5640000000000	-0.049435779281532
3.5680000000000	-0.049338209234758
3.5720000000000	-0.049245289126680
3.5760000000000	-0.049156840795905
3.5800000000000	-0.049072694456983
3.5840000000000	-0.048992688233538
3.5880000000000	-0.048916667721428
3.5920000000000	-0.048844485579750
3.5960000000000	-0.048776001147719
3.6000000000000	-0.048711080085493
3.6040000000000	-0.048649594037343
3.6080000000000	-0.048591420315523
3.6120000000000	-0.048536441603416
3.6160000000000	-0.048484545676671
3.6200000000000	-0.048435625141023
3.6240000000000	-0.048389577185725
3.6280000000000	-0.048346303351511
3.6320000000000	-0.048305709312141
3.6360000000000	-0.048267704668585
3.6400000000000	-0.048232202755081
3.6440000000000	-0.048199120456235
3.6480000000000	-0.048168378034485
3.6520000000000	-0.048139898967244
3.6560000000000	-0.048113609793135
3.6600000000000	-0.048089439966690
3.6640000000000	-0.048067321721049
3.6680000000000	-0.048047189938125
3.6720000000000	-0.048028982025753
3.6760000000000	-0.048012637801477
3.6800000000000	-0.047998099382448
3.6840000000000	-0.047985311081207
3.6880000000000	-0.047974219306867
3.6920000000000	-0.047964772471478
3.6960000000000	-0.047956920901202
3.7000000000000	-0.047950616752055
3.7040000000000	-0.047945813929924
3.7080000000000	-0.047942468014632
3.7120000000000	-0.047940536187825
3.7160000000000	-0.047939977164417
3.7200000000000	-0.047940751127468
3.7240000000000	-0.047942819666224
3.7280000000000	-0.047946145717206
3.7320000000000	-0.047950693508137
3.7360000000000	-0.047956428504570
3.7400000000000	-0.047963317359077
3.7440000000000	-0.047971327862825
3.7480000000000	-0.047980428899481
3.7520000000000	-0.047990590401213
3.7560000000000	-0.048001783306803
3.7600000000000	-0.048013979521636
3.7640000000000	-0.048027151879584
3.7680000000000	-0.048041274106586
3.7720000000000	-0.048056320785896
3.7760000000000	-0.048072267324900
3.7800000000000	-0.048089089923410
3.7840000000000	-0.048106765543371
3.7880000000000	-0.048125271879909
3.7920000000000	-0.048144587333658
3.7960000000000	-0.048164690984277
3.8000000000000	-0.048185562565127
3.8040000000000	-0.048207182439043
3.8080000000000	-0.048229531575140
3.8120000000000	-0.048252591526608
3.8160000000000	-0.048276344409450
3.8200000000000	-0.048300772882110
3.8240000000000	-0.048325860125950
3.8280000000000	-0.048351589826561
3.8320000000000	-0.048377946155819
3.8360000000000	-0.048404913754699
3.8400000000000	-0.048432477716774
3.8440000000000	-0.048460623572410
3.8480000000000	-0.048489337273576
3.8520000000000	-0.048518605179267
3.8560000000000	-0.048548414041533
3.8600000000000	-0.048578750992035
3.8640000000000	-0.048609603529136
3.8680000000000	-0.048640959505529
3.8720000000000	-0.048672807116302
3.8760000000000	-0.048705134887512
3.8800000000000	-0.048737931665165
3.8840000000000	-0.048771186604637
3.8880000000000	-0.048804889160505
3.8920000000000	-0.048839029076755
3.8960000000000	-0.048873596377353
3.9000000000000	-0.048908581357187
3.9040000000000	-0.048943974573350
3.9080000000000	-0.048979766836716
3.9120000000000	-0.049015949203878
3.9160000000000	-0.049052512969332
3.9200000000000	-0.049089449657997
3.9240000000000	-0.049126751017951
3.9280000000000	-0.049164409013494
3.9320000000000	-0.049202415818406
3.9360000000000	-0.049240763809485
3.9400000000000	-0.049279445560292
3.9440000000000	-0.049318453835135
3.9480000000000	-0.049357781583255
3.9520000000000	-0.049397421933220
3.9560000000000	-0.049437368187524
3.9600000000000	-0.049477613817356
3.9640000000000	-0.049518152457566
3.9680000000000	-0.049558977901798
3.9720000000000	-0.049600084097799
3.9760000000000	-0.049641465142864
3.9800000000000	-0.049683115279475
3.9840000000000	-0.049725028891053
3.9880000000000	-0.049767200497869
3.9920000000000	-0.049809624753088
3.9960000000000	-0.049852296438953
4.0000000000000	-0.049895210463076
4.0040000000000	-0.049938361854883
4.0080000000000	-0.049981745762145
4.0120000000000	-0.050025357447642
4.0160000000000	-0.050069192285926
4.0200000000000	-0.050113245760192
4.0240000000000	-0.050157513459265
4.0280000000000	-0.050201991074645
4.0320000000000	-0.050246674397697
4.0360000000000	-0.050291559316891
4.0400000000000	-0.050336641815145
4.0440000000000	-0.050381917967259
4.0480000000000	-0.050427383937412
4.0520000000000	-0.050473035976758
4.0560000000000	-0.050518870421074
4.0600000000000	-0.050564883688507
4.0640000000000	-0.050611072277366
4.0680000000000	-0.050657432764000
4.0720000000000	-0.050703961800730
4.0760000000000	-0.050750656113854
4.0800000000000	-0.050797512501700
4.0840000000000	-0.050844527832754
4.0880000000000	-0.050891699043824
4.0920000000000	-0.050939023138282
4.0960000000000	-0.050986497184344
4.1000000000000	-0.051034118313399
4.1040000000000	-0.051081883718397
4.1080000000000	-0.051129790652286
4.1120000000000	-0.051177836426482
4.1160000000000	-0.051226018409390
4.1200000000000	-0.051274334024982
4.1240000000000	-0.051322780751390
4.1280000000000	-0.051371356119560
4.1320000000000	-0.051420057711939
4.1360000000000	-0.051468883161201
4.1400000000000	-0.051517830149001
4.1440000000000	-0.051566896404775
4.1480000000000	-0.051616079704574
4.1520000000000	-0.051665377869918
4.1560000000000	-0.051714788766704
4.1600000000000	-0.051764310304115
4.1640000000000	-0.051813940433597
4.1680000000000	-0.051863677147824
4.1720000000000	-0.051913518479724
4.1760000000000	-0.051963462501521
4.1800000000000	-0.052013507323790
4.1840000000000	-0.052063651094563
4.1880000000000	-0.052113891998433
4.1920000000000	-0.052164228255709
4.1960000000000	-0.052214658121570
4.2000000000000	-0.052265179885264
4.2040000000000	-0.052315791869301
4.2080000000000	-0.052366492428692
4.2120000000000	-0.052417279950204
4.2160000000000	-0.052468152851620
4.2200000000000	-0.052519109581047
4.2240000000000	-0.052570148616196
4.2280000000000	-0.052621268463737
4.2320000000000	-0.052672467658635
4.2360000000000	-0.052723744763495
4.2400000000000	-0.052775098367969
4.2440000000000	-0.052826527088126
4.2480000000000	-0.052878029565877
4.2520000000000	-0.052929604468395
4.2560000000000	-0.052981250487550
4.2600000000000	-0.053032966339375
4.2640000000000	-0.053084750763523
4.2680000000000	-0.053136602522754
4.2720000000000	-0.053188520402432
4.2760000000000	-0.053240503210028
4.2800000000000	-0.053292549774637
4.2840000000000	-0.053344658946522
4.2880000000000	-0.053396829596650
4.2920000000000	-0.053449060616239
4.2960000000000	-0.053501350916338
4.3000000000000	-0.053553699427402
4.3040000000000	-0.053606105098863
4.3080000000000	-0.053658566898754
4.3120000000000	-0.053711083813293
4.3160000000000	-0.053763654846505
4.3200000000000	-0.053816279019856
4.3240000000000	-0.053868955371887
4.3280000000000	-0.053921682957845
4.3320000000000	-0.053974460849352
4.3360000000000	-0.054027288134054
4.3400000000000	-0.054080163915291
4.3440000000000	-0.054133087311789
4.3480000000000	-0.054186057457322
4.3520000000000	-0.054239073500410
4.3560000000000	-0.054292134604033
4.3600000000000	-0.054345239945321
4.3640000000000	-0.054398388715273
4.3680000000000	-0.054451580118473
4.3720000000000	-0.054504813372830
4.3760000000000	-0.054558087709285
4.3800000000000	-0.054611402371576
4.3840000000000	-0.054664756615970
4.3880000000000	-0.054718149711014
4.3920000000000	-0.054771580937292
4.3960000000000	-0.054825049587190
4.4000000000000	-0.054878554964666
4.4040000000000	-0.054932096385008
4.4080000000000	-0.054985673174627
4.4120000000000	-0.055039284670837
4.4160000000000	-0.055092930221644
4.4200000000000	-0.055146609185521
4.4240000000000	-0.055200320931238
4.4280000000000	-0.055254064837629
4.4320000000000	-0.055307840293423
4.4360000000000	-0.055361646697045
4.4400000000000	-0.055415483456431
4.4440000000000	-0.055469349988844
4.4480000000000	-0.055523245720695
4.4520000000000	-0.055577170087386
4.4560000000000	-0.055631122533119
4.4600000000000	-0.055685102510744
4.4640000000000	-0.055739109481586
4.4680000000000	-0.055793142915296
4.4720000000000	-0.055847202289695
4.4760000000000	-0.055901287090607
4.4800000000000	-0.055955396811734
4.4840000000000	-0.056009530954488
4.4880000000000	-0.056063689027866
4.4920000000000	-0.056117870548296
4.4960000000000	-0.056172075039511
4.5000000000000	-0.056226302032411
4.5040000000000	-0.056280551064932
4.5080000000000	-0.056334821681915
4.5120000000000	-0.056389113434992
4.5160000000000	-0.056443425882449
4.5200000000000	-0.056497758589109
4.5240000000000	-0.056552111126229
4.5280000000000	-0.056606483071358
4.5320000000000	-0.056660874008251
4.5360000000000	-0.056715283526738
4.5400000000000	-0.056769711222631
4.5440000000000	-0.056824156697605
4.5480000000000	-0.056878619559103
4.5520000000000	-0.056933099420229
4.5560000000000	-0.056987595899656
4.5600000000000	-0.057042108621513
4.5640000000000	-0.057096637215308
4.5680000000000	-0.057151181315821
4.5720000000000	-0.057205740563019
4.5760000000000	-0.057260314601957
4.5800000000000	-0.057314903082699
4.5840000000000	-0.057369505660233
4.5880000000000	-0.057424121994373
4.5920000000000	-0.057478751749693
4.5960000000000	-0.057533394595430
4.6000000000000	-0.057588050205415
4.6040000000000	-0.057642718257992
4.6080000000000	-0.057697398435933
4.6120000000000	-0.057752090426374
4.6160000000000	-0.057806793920743
4.6200000000000	-0.057861508614671
4.6240000000000	-0.057916234207936
4.6280000000000	-0.057970970404395
4.6320000000000	-0.058025716911899
4.6360000000000	-0.058080473442249
4.6400000000000	-0.058135239711107
4.6440000000000	-0.058190015437951
4.6480000000000	-0.058244800345994
4.6520000000000	-0.058299594162152
4.6560000000000	-0.058354396616941
4.6600000000000	-0.058409207444453
4.6640000000000	-0.058464026382278
4.6680000000000	-0.058518853171458
4.6720000000000	-0.058573687556420
4.6760000000000	-0.058628529284934
4.6800000000000	-0.058683378108042
4.6840000000000	-0.058738233780019
4.6880000000000	-0.058793096058321
4.6920000000000	-0.058847964703518
4.6960000000000	-0.058902839479262
4.7000000000000	-0.058957720152227
4.7040000000000	-0.059012606492063
4.7080000000000	-0.059067498271358
4.7120000000000	-0.059122395265566
4.7160000000000	-0.059177297252995
4.7200000000000	-0.059232204014734
4.7240000000000	-0.059287115334623
4.7280000000000	-0.059342030999210
4.7320000000000	-0.059396950797695
4.7360000000000	-0.059451874521908
4.7400000000000	-0.059506801966254
4.7440000000000	-0.059561732927679
4.7480000000000	-0.059616667205627
4.7520000000000	-0.059671604601996
4.7560000000000	-0.059726544921120
4.7600000000000	-0.059781487969708
4.7640000000000	-0.059836433556818
4.7680000000000	-0.059891381493822
4.7720000000000	-0.059946331594372
4.7760000000000	-0.060001283674352
4.7800000000000	-0.060056237551862
4.7840000000000	-0.060111193047170
4.7880000000000	-0.060166149982695
4.7920000000000	-0.060221108182947
4.7960000000000	-0.060276067474528
4.8000000000000	-0.060331027686076
4.8040000000000	-0.060385988648248
4.8080000000000	-0.060440950193681
4.8120000000000	-0.060495912156973
4.8160000000000	-0.060550874374636
4.8200000000000	-0.060605836685086
4.8240000000000	-0.060660798928606
4.8280000000000	-0.060715760947318
4.8320000000000	-0.060770722585159
4.8360000000000	-0.060825683687848
4.8400000000000	-0.060880644102871
4.8440000000000	-0.060935603679439
4.8480000000000	-0.060990562268478
4.8520000000000	-0.061045519722594
4.8560000000000	-0.061100475896056
4.8600000000000	-0.061155430644765
4.8640000000000	-0.061210383826228
4.8680000000000	-0.061265335299550
4.8720000000000	-0.061320284925396
4.8760000000000	-0.061375232565967
4.8800000000000	-0.061430178084992
4.8840000000000	-0.061485121347696
4.8880000000000	-0.061540062220774
4.8920000000000	-0.061595000572390
4.8960000000000	-0.061649936272130
4.9000000000000	-0.061704869190996
4.9040000000000	-0.061759799201390
4.9080000000000	-0.061814726177080
4.9120000000000	-0.061869649993202
4.9160000000000	-0.061924570526210
4.9200000000000	-0.061979487653886
4.9240000000000	-0.062034401255311
4.9280000000000	-0.062089311210841
4.9320000000000	-0.062144217402100
4.9360000000000	-0.062199119711949
4.9400000000000	-0.062254018024485
4.9440000000000	-0.062308912225005
4.9480000000000	-0.062363802200011
4.9520000000000	-0.062418687837174
4.9560000000000	-0.062473569025328
4.9600000000000	-0.062528445654451
4.9640000000000	-0.062583317615654
4.9680000000000	-0.062638184801153
4.9720000000000	-0.062693047104271
4.9760000000000	-0.062747904419412
4.9800000000000	-0.062802756642048
4.9840000000000	-0.062857603668700
4.9880000000000	-0.062912445396937
4.9920000000000	-0.062967281725349
4.9960000000000	-0.063022112553541
5.0000000000000	-0.063076937782111
#Parameters = {D_center=12; L1=16; L2=2; L3=2; L4=15; L_diff=2.83; L_sub=45.66; W_50=1.36; W_sub=45.66; Z_mid=22.83; cm=0.3; ct=12; g_slot=1.6; h1=2; h2=2; h3=2; h4=2; h_sub=0.4; hole_puncher=0.87365; hole_puncher1=0.9; margin=1.6; needle_radius=0.635; nutrient_solution=0.01; pipe_OD=50; pipe_Ri=8; pipe_Ro=10; r_SRR=20; r_SRR_in=17.6; sigma_fluid=0.5; spacing=0.4; t_PDMS_microstrip=0.35; t_SRR=0.07; t_gnd=0.07; t_metal=0.5; t_microstrip=0.07; t_wall=2; w_channel=2; w_diff=2.83}
#"Frequency / GHz"	"S1,1 (20) [Magnitude / dB]"
#----------------------------------------------
1.0000000000000	-0.0066666473689485
1.0040000000000	-0.0066980606300328
1.0080000000000	-0.0067295295957898
1.0120000000000	-0.0067610542324592
1.0160000000000	-0.0067926345056923
1.0200000000000	-0.0068242703805312
1.0240000000000	-0.0068559618214058
1.0280000000000	-0.0068877087921210
1.0320000000000	-0.0069195112558376
1.0360000000000	-0.0069513691750655
1.0400000000000	-0.0069832825116501
1.0440000000000	-0.0070152512267521
1.0480000000000	-0.0070472752808447
1.0520000000000	-0.0070793546336901
1.0560000000000	-0.0071114892443300
1.0600000000000	-0.0071436790710731
1.0640000000000	-0.0071759240714720
1.0680000000000	-0.0072082242023133
1.0720000000000	-0.0072405794196002
1.0760000000000	-0.0072729896785412
1.0800000000000	-0.0073054549335257
1.0840000000000	-0.0073379751381125
1.0880000000000	-0.0073705502450036
1.0920000000000	-0.0074031802060444
1.0960000000000	-0.0074358649721878
1.1000000000000	-0.0074686044934826
1.1040000000000	-0.0075013987190474
1.1080000000000	-0.0075342475970729
1.1120000000000	-0.0075671510747699
1.1160000000000	-0.0076001090983750
1.1200000000000	-0.0076331216131163
1.1240000000000	-0.0076661885631931
1.1280000000000	-0.0076993098917588
1.1320000000000	-0.0077324855408934
1.1360000000000	-0.0077657154515769
1.1400000000000	-0.0077989995636824
1.1440000000000	-0.0078323378159246
1.1480000000000	-0.0078657301458574
1.1520000000000	-0.0078991764898435
1.1560000000000	-0.0079326767830169
1.1600000000000	-0.0079662309592716
1.1640000000000	-0.0079998389512155
1.1680000000000	-0.0080335006901632
1.1720000000000	-0.0080672161060946
1.1760000000000	-0.0081009851276175
1.1800000000000	-0.0081348076819556
1.1840000000000	-0.0081686836949041
1.1880000000000	-0.0082026130907983
1.1920000000000	-0.0082365957924879
1.1960000000000	-0.0082706317212925
1.2000000000000	-0.0083047207969763
1.2040000000000	-0.0083388629377107
1.2080000000000	-0.0083730580600286
1.2120000000000	-0.0084073060787900
1.2160000000000	-0.0084416069071629
1.2200000000000	-0.0084759604565490
1.2240000000000	-0.0085103666365730
1.2280000000000	-0.0085448253550274
1.2320000000000	-0.0085793365178273
1.2360000000000	-0.0086139000289677
1.2400000000000	-0.0086485157904947
1.2440000000000	-0.0086831837024270
1.2480000000000	-0.0087179036627387
1.2520000000000	-0.0087526755672906
1.2560000000000	-0.0087874993097936
1.2600000000000	-0.0088223747817496
1.2640000000000	-0.0088573018723850
1.2680000000000	-0.0088922804686312
1.2720000000000	-0.0089273104550367
1.2760000000000	-0.0089623917137103
1.2800000000000	-0.0089975241243006
1.2840000000000	-0.0090327075638732
1.2880000000000	-0.0090679419069025
1.2920000000000	-0.0091032270251714
1.2960000000000	-0.0091385627877363
1.3000000000000	-0.0091739490608240
1.3040000000000	-0.0092093857078008
1.3080000000000	-0.0092448725890512
1.3120000000000	-0.0092804095619573
1.3160000000000	-0.0093159964807912
1.3200000000000	-0.0093516331966397
1.3240000000000	-0.0093873195573316
1.3280000000000	-0.0094230554073377
1.3320000000000	-0.0094588405877232
1.3360000000000	-0.0094946749360073
1.3400000000000	-0.0095305582861251
1.3440000000000	-0.0095664904682861
1.3480000000000	-0.0096024713089279
1.3520000000000	-0.0096385006305765
1.3560000000000	-0.0096745782517576
1.3600000000000	-0.0097107039869152
1.3640000000000	-0.0097468776462653
1.3680000000000	-0.0097830990357089
1.3720000000000	-0.0098193679567126
1.3760000000000	-0.0098556842061979
1.3800000000000	-0.0098920475764130
1.3840000000000	-0.0099284578547976
1.3880000000000	-0.0099649148238743
1.3920000000000	-0.010001418261119
1.3960000000000	-0.010037967938783
1.4000000000000	-0.010074563623812
1.4040000000000	-0.010111205077651
1.4080000000000	-0.010147892056134
1.4120000000000	-0.010184624309291
1.4160000000000	-0.010221401581213
1.4200000000000	-0.010258223609895
1.4240000000000	-0.010295090127043
1.4280000000000	-0.010332000857924
1.4320000000000	-0.010368955521147
1.4360000000000	-0.010405953828538
1.4400000000000	-0.010442995484879
1.4440000000000	-0.010480080187777
1.4480000000000	-0.010517207627404
1.4520000000000	-0.010554377486310
1.4560000000000	-0.010591589439208
1.4600000000000	-0.010628843152756
1.4640000000000	-0.010666138285287
1.4680000000000	-0.010703474486614
1.4720000000000	-0.010740851397760
1.4760000000000	-0.010778268650684
1.4800000000000	-0.010815725868068
1.4840000000000	-0.010853222662989
1.4880000000000	-0.010890758638651
1.4920000000000	-0.010928333388119
1.4960000000000	-0.010965946493973
1.5000000000000	-0.011003597528044
1.5040000000000	-0.011041286051030
1.5080000000000	-0.011079011612217
1.5120000000000	-0.011116773749108
1.5160000000000	-0.011154571987055
1.5200000000000	-0.011192405838899
1.5240000000000	-0.011230274804594
1.5280000000000	-0.011268178370792
1.5320000000000	-0.011306116010431
1.5360000000000	-0.011344087182329
1.5400000000000	-0.011382091330725
1.5440000000000	-0.011420127884809
1.5480000000000	-0.011458196258280
1.5520000000000	-0.011496295848819
1.5560000000000	-0.011534426037613
1.5600000000000	-0.011572586188804
1.5640000000000	-0.011610775648936
1.5680000000000	-0.011648993746393
1.5720000000000	-0.011687239790845
1.5760000000000	-0.011725513072559
1.5800000000000	-0.011763812861851
1.5840000000000	-0.011802138408351
1.5880000000000	-0.011840488940379
1.5920000000000	-0.011878863664184
1.5960000000000	-0.011917261763265
1.6000000000000	-0.011955682397536
1.6040000000000	-0.011994124702595
1.6080000000000	-0.012032587788860
1.6120000000000	-0.012071070740709
1.6160000000000	-0.012109572615607
1.6200000000000	-0.012148092443178
1.6240000000000	-0.012186629224206
1.6280000000000	-0.012225181929685
1.6320000000000	-0.012263749499708
1.6360000000000	-0.012302330842448
1.6400000000000	-0.012340924832989
1.6440000000000	-0.012379530312139
1.6480000000000	-0.012418146085248
1.6520000000000	-0.012456770920879
1.6560000000000	-0.012495403549524
1.6600000000000	-0.012534042662181
1.6640000000000	-0.012572686908949
1.6680000000000	-0.012611334897470
1.6720000000000	-0.012649985191425
1.6760000000000	-0.012688636308855
1.6800000000000	-0.012727286720443
1.6840000000000	-0.012765934847765
1.6880000000000	-0.012804579061452
1.6920000000000	-0.012843217679173
1.6960000000000	-0.012881848963688
1.7000000000000	-0.012920471120655
1.7040000000000	-0.012959082296539
1.7080000000000	-0.012997680576165
1.7120000000000	-0.013036263980387
1.7160000000000	-0.013074830463557
1.7200000000000	-0.013113377910891
1.7240000000000	-0.013151904135646
1.7280000000000	-0.013190406876343
1.7320000000000	-0.013228883793650
1.7360000000000	-0.013267332467254
1.7400000000000	-0.013305750392592
1.7440000000000	-0.013344134977275
1.7480000000000	-0.013382483537567
1.7520000000000	-0.013420793294538
1.7560000000000	-0.013459061370040
1.7600000000000	-0.013497284782548
1.7640000000000	-0.013535460442784
1.7680000000000	-0.013573585149092
1.7720000000000	-0.013611655582604
1.7760000000000	-0.013649668302201
1.7800000000000	-0.013687619739110
1.7840000000000	-0.013725506191416
1.7880000000000	-0.013763323818095
1.7920000000000	-0.013801068632872
1.7960000000000	-0.013838736497750
1.8000000000000	-0.013876323116142
1.8040000000000	-0.013913824025742
1.8080000000000	-0.013951234590898
1.8120000000000	-0.013988549994746
1.8160000000000	-0.014025765230826
1.8200000000000	-0.014062875094178
1.8240000000000	-0.014099874172230
1.8280000000000	-0.014136756834896
1.8320000000000	-0.014173517224357
1.8360000000000	-0.014210149244112
1.8400000000000	-0.014246646547689
1.8440000000000	-0.014283002526449
1.8480000000000	-0.014319210296933
1.8520000000000	-0.014355262687456
1.8560000000000	-0.014391152223897
1.8600000000000	-0.014426871114828
1.8640000000000	-0.014462411235718
1.8680000000000	-0.014497764112358
1.8720000000000	-0.014532920903163
1.8760000000000	-0.014567872380885
1.8800000000000	-0.014602608912794
1.8840000000000	-0.014637120440222
1.8880000000000	-0.014671396456696
1.8920000000000	-0.014705425984977
1.8960000000000	-0.014739197552750
1.9000000000000	-0.014772699167085
1.9040000000000	-0.014805918287434
1.9080000000000	-0.014838841797140
1.9120000000000	-0.014871455973549
1.9160000000000	-0.014903746456390
1.9200000000000	-0.014935698214492
1.9240000000000	-0.014967295511128
1.9280000000000	-0.014998521867082
1.9320000000000	-0.015029360022421
1.9360000000000	-0.015059791896179
1.9400000000000	-0.015089798544413
1.9440000000000	-0.015119360116240
1.9480000000000	-0.015148455808446
1.9520000000000	-0.015177063818223
1.9560000000000	-0.015205161294475
1.9600000000000	-0.015232724287844
1.9640000000000	-0.015259727699643
1.9680000000000	-0.015286145230261
1.9720000000000	-0.015311949327219
1.9760000000000	-0.015337111134020
1.9800000000000	-0.015361600440045
1.9840000000000	-0.015385385633045
1.9880000000000	-0.015408433655550
1.9920000000000	-0.015430709966472
1.9960000000000	-0.015452178510797
2.0000000000000	-0.015472801699604
2.0040000000000	-0.015492540404247
2.0080000000000	-0.015511353968747
2.0120000000000	-0.015529200246043
2.0160000000000	-0.015546035665240
2.0200000000000	-0.015561815337801
2.0240000000000	-0.015576493214159
2.0280000000000	-0.015590022303935
2.0320000000000	-0.015602354976899
2.0360000000000	-0.015613443365868
2.0400000000000	-0.015623239899015
2.0440000000000	-0.015631697994628
2.0480000000000	-0.015638772962540
2.0520000000000	-0.015644423165135
2.0560000000000	-0.015648611507882
2.0600000000000	-0.015651307346579
2.0640000000000	-0.015652488922829
2.0680000000000	-0.015652146470009
2.0720000000000	-0.015650286172542
2.0760000000000	-0.015646935211299
2.0800000000000	-0.015642148195978
2.0840000000000	-0.015636015370865
2.0880000000000	-0.015628673092312
2.0920000000000	-0.015620317221960
2.0960000000000	-0.015611220266977
2.1000000000000	-0.015601753341761
2.1040000000000	-0.015592414336938
2.1080000000000	-0.015583864078506
2.1120000000000	-0.015576972758995
2.1160000000000	-0.015572879535750
2.1200000000000	-0.015573068925063
2.1240000000000	-0.015579468440674
2.1280000000000	-0.015594572761469
2.1320000000000	-0.015621600356246
2.1360000000000	-0.015664688554906
2.1400000000000	-0.015729131758006
2.1440000000000	-0.015821663444140
2.1480000000000	-0.015950773511772
2.1520000000000	-0.016127034543598
2.1560000000000	-0.016363378446580
2.1600000000000	-0.016675212180589
2.1640000000000	-0.017080183389767
2.1680000000000	-0.017597308899802
2.1720000000000	-0.018245092296401
2.1760000000000	-0.019038261517802
2.1800000000000	-0.019982997553415
2.1840000000000	-0.021071165092774
2.1880000000000	-0.022275107949313
2.1920000000000	-0.023545609557552
2.1960000000000	-0.024815664458740
2.2000000000000	-0.026010828910998
2.2040000000000	-0.027063513828236
2.2080000000000	-0.027925904226695
2.2120000000000	-0.028576604325220
2.2160000000000	-0.029019492688521
2.2200000000000	-0.029276968289999
2.2240000000000	-0.029381344461690
2.2280000000000	-0.029367409038685
2.2320000000000	-0.029267483793891
2.2360000000000	-0.029108945745549
2.2400000000000	-0.028913535523419
2.2440000000000	-0.028697701971321
2.2480000000000	-0.028473410205475
2.2520000000000	-0.028249060704602
2.2560000000000	-0.028030339738171
2.2600000000000	-0.027820930673526
2.2640000000000	-0.027623074667899
2.2680000000000	-0.027437996071880
2.2720000000000	-0.027266216851278
2.2760000000000	-0.027107784611288
2.2800000000000	-0.026962435548880
2.2840000000000	-0.026829709457480
2.2880000000000	-0.026709029937699
2.2920000000000	-0.026599759635984
2.2960000000000	-0.026501237712204
2.3000000000000	-0.026412804753094
2.3040000000000	-0.026333818876094
2.3080000000000	-0.026263665696493
2.3120000000000	-0.026201764056644
2.3160000000000	-0.026147568861080
2.3200000000000	-0.026100571963914
2.3240000000000	-0.026060301774362
2.3280000000000	-0.026026322044261
2.3320000000000	-0.025998230160610
2.3360000000000	-0.025975655164851
2.3400000000000	-0.025958255650052
2.3440000000000	-0.025945717636850
2.3480000000000	-0.025937752493790
2.3520000000000	-0.025934094944147
2.3560000000000	-0.025934501182732
2.3600000000000	-0.025938747115462
2.3640000000000	-0.025946626727107
2.3680000000000	-0.025957950575842
2.3720000000000	-0.025972544411096
2.3760000000000	-0.025990247908795
2.3800000000000	-0.026010913516650
2.3840000000000	-0.026034405401794
2.3880000000000	-0.026060598493078
2.3920000000000	-0.026089377610160
2.3960000000000	-0.026120636672024
2.4000000000000	-0.026154277977797
2.4040000000000	-0.026190211553838
2.4080000000000	-0.026228354560375
2.4120000000000	-0.026268630752677
2.4160000000000	-0.026310969991566
2.4200000000000	-0.026355307798459
2.4240000000000	-0.026401584951152
2.4280000000000	-0.026449747116226
2.4320000000000	-0.026499744514818
2.4360000000000	-0.026551531618733
2.4400000000000	-0.026605066873901
2.4440000000000	-0.026660312448875
2.4480000000000	-0.026717234006153
2.4520000000000	-0.026775800494029
2.4560000000000	-0.026835983957459
2.4600000000000	-0.026897759366057
2.4640000000000	-0.026961104458010
2.4680000000000	-0.027025999598193
2.4720000000000	-0.027092427649752
2.4760000000000	-0.027160373857735
2.4800000000000	-0.027229825743888
2.4840000000000	-0.027300773011939
2.4880000000000	-0.027373207462248
2.4920000000000	-0.027447122915419
2.4960000000000	-0.027522515144164
2.5000000000000	-0.027599381812732
2.5040000000000	-0.027677722423552
2.5080000000000	-0.027757538270605
2.5120000000000	-0.027838832399052
2.5160000000000	-0.027921609570846
2.5200000000000	-0.028005876235958
2.5240000000000	-0.028091640508979
2.5280000000000	-0.028178912150825
2.5320000000000	-0.028267702555287
2.5360000000000	-0.028358024740416
2.5400000000000	-0.028449893344324
2.5440000000000	-0.028543324625520
2.5480000000000	-0.028638336467511
2.5520000000000	-0.028734948387647
2.5560000000000	-0.028833181550187
2.5600000000000	-0.028933058783437
2.5640000000000	-0.029034604601027
2.5680000000000	-0.029137845227310
2.5720000000000	-0.029242808626922
2.5760000000000	-0.029349524538379
2.5800000000000	-0.029458024512075
2.5840000000000	-0.029568341952436
2.5880000000000	-0.029680512164451
2.5920000000000	-0.029794572404854
2.5960000000000	-0.029910561937688
2.6000000000000	-0.030028522094826
2.6040000000000	-0.030148496341326
2.6080000000000	-0.030270530345959
2.6120000000000	-0.030394672056999
2.6160000000000	-0.030520971783659
2.6200000000000	-0.030649482283279
2.6240000000000	-0.030780258854640
2.6280000000000	-0.030913359437664
2.6320000000000	-0.031048844719879
2.6360000000000	-0.031186778249923
2.6400000000000	-0.031327226558640
2.6440000000000	-0.031470259287999
2.6480000000000	-0.031615949328470
2.6520000000000	-0.031764372965270
2.6560000000000	-0.031915610034047
2.6600000000000	-0.032069744086612
2.6640000000000	-0.032226862567324
2.6680000000000	-0.032387057000866
2.6720000000000	-0.032550423192095
2.6760000000000	-0.032717061438873
2.6800000000000	-0.032887076758683
2.6840000000000	-0.033060579129982
2.6880000000000	-0.033237683749396
2.6920000000000	-0.033418511305784
2.6960000000000	-0.033603188272470
2.7000000000000	-0.033791847218878
2.7040000000000	-0.033984627143065
2.7080000000000	-0.034181673826678
2.7120000000000	-0.034383140214009
2.7160000000000	-0.034589186817011
2.7200000000000	-0.034799982148255
2.7240000000000	-0.035015703183992
2.7280000000000	-0.035236535859724
2.7320000000000	-0.035462675600814
2.7360000000000	-0.035694327891038
2.7400000000000	-0.035931708882051
2.7440000000000	-0.036175046047234
2.7480000000000	-0.036424578883537
2.7520000000000	-0.036680559665423
2.7560000000000	-0.036943254255226
2.7600000000000	-0.037212942974913
2.7640000000000	-0.037489921544462
2.7680000000000	-0.037774502092764
2.7720000000000	-0.038067014247496
2.7760000000000	-0.038367806311026
2.7800000000000	-0.038677246530211
2.7840000000000	-0.038995724468695
2.7880000000000	-0.039323652491232
2.7920000000000	-0.039661467370622
2.7960000000000	-0.040009632028900
2.8000000000000	-0.040368637425745
2.8040000000000	-0.040739004608454
2.8080000000000	-0.041121286939477
2.8120000000000	-0.041516072519253
2.8160000000000	-0.041923986824137
2.8200000000000	-0.042345695581491
2.8240000000000	-0.042781907906588
2.8280000000000	-0.043233379728901
2.8320000000000	-0.043700917538634
2.8360000000000	-0.044185382488180
2.8400000000000	-0.044687694887329
2.8440000000000	-0.045208839136048
2.8480000000000	-0.045749869144129
2.8520000000000	-0.046311914293305
2.8560000000000	-0.046896186004767
2.8600000000000	-0.047503984983266
2.8640000000000	-0.048136709218550
2.8680000000000	-0.048795862835917
2.8720000000000	-0.049483065900286
2.8760000000000	-0.050200065292906
2.8800000000000	-0.050948746796759
2.8840000000000	-0.051731148546465
2.8880000000000	-0.052549476021376
2.8920000000000	-0.053406118787285
2.8960000000000	-0.054303669223467
2.9000000000000	-0.055244943508298
2.9040000000000	-0.056233005179717
2.9080000000000	-0.057271191637442
2.9120000000000	-0.058363144013558
2.9160000000000	-0.059512840908933
2.9200000000000	-0.060724636576858
2.9240000000000	-0.062003304235408
2.9280000000000	-0.063354085309543
2.9320000000000	-0.064782745547103
2.9360000000000	-0.066295639125072
2.9400000000000	-0.067899782070095
2.9440000000000	-0.069602936568541
2.9480000000000	-0.071413708046823
2.9520000000000	-0.073341657274901
2.9560000000000	-0.075397430201784
2.9600000000000	-0.077592908791995
2.9640000000000	-0.079941386823518
2.9680000000000	-0.082457775465009
2.9720000000000	-0.085158844517766
2.9760000000000	-0.088063506543958
2.9800000000000	-0.091193152782743
2.9840000000000	-0.094572051879656
2.9880000000000	-0.098227825153556
2.9920000000000	-0.10219201557477
2.9960000000000	-0.10650077206214
3.0000000000000	-0.11119567644206
3.0040000000000	-0.11632474787809
3.0080000000000	-0.12194366936411
3.0120000000000	-0.12811729378558
3.0160000000000	-0.13492150422014
3.0200000000000	-0.14244552614664
3.0240000000000	-0.15079482029282
3.0280000000000	-0.16009472715820
3.0320000000000	-0.17049509238241
3.0360000000000	-0.18217618275524
3.0400000000000	-0.19535631556748
3.0440000000000	-0.21030178370192
3.0480000000000	-0.22733988712776
3.0520000000000	-0.24687621125718
3.0560000000000	-0.26941777439268
3.0600000000000	-0.29560437814765
3.0640000000000	-0.32625155759206
3.0680000000000	-0.36241013204974
3.0720000000000	-0.40544980138471
3.0760000000000	-0.45717798239539
3.0800000000000	-0.52001085021075
3.0840000000000	-0.59722238542976
3.0880000000000	-0.69331048484890
3.0920000000000	-0.81453803399502
3.0960000000000	-0.96972996035438
3.1000000000000	-1.1714227707699
3.1040000000000	-1.4374215772806
3.1080000000000	-1.7925505901232
3.1120000000000	-2.2693497986679
3.1160000000000	-2.9031587706908
3.1200000000000	-3.7082075720818
3.1240000000000	-4.6073595626035
3.1280000000000	-5.3181375368425
3.1320000000000	-5.4199210761029
3.1360000000000	-4.8347197243033
3.1400000000000	-3.9446349034097
3.1440000000000	-3.0963045969801
3.1480000000000	-2.4129433686561
3.1520000000000	-1.8955347004173
3.1560000000000	-1.5104520049735
3.1600000000000	-1.2231515565825
3.1640000000000	-1.0064479655091
3.1680000000000	-0.84065019251442
3.1720000000000	-0.71187237470647
3.1760000000000	-0.61036033458404
3.1800000000000	-0.52921782985757
3.1840000000000	-0.46351430976934
3.1880000000000	-0.40967779790886
3.1920000000000	-0.36508459552006
3.1960000000000	-0.32778099966896
3.2000000000000	-0.29629290562819
3.2040000000000	-0.26949406923759
3.2080000000000	-0.24651382815545
3.2120000000000	-0.22667164243919
3.2160000000000	-0.20943007609780
3.2200000000000	-0.19436061229479
3.2240000000000	-0.18111850821493
3.2280000000000	-0.16942409287514
3.2320000000000	-0.15904870985881
3.2360000000000	-0.14980404563564
3.2400000000000	-0.14153395152308
3.2440000000000	-0.13410812071233
3.2480000000000	-0.12741715842358
3.2520000000000	-0.12136870771156
3.2560000000000	-0.11588438202994
3.2600000000000	-0.11089731933686
3.2640000000000	-0.10635021872379
3.2680000000000	-0.10219375437171
3.2720000000000	-0.098385286611953
3.2760000000000	-0.094887808461049
3.2800000000000	-0.091669079947653
3.2840000000000	-0.088700913093838
3.2880000000000	-0.085958578440261
3.2920000000000	-0.083420310157485
3.2960000000000	-0.081066891532578
3.3000000000000	-0.078881306305143
3.3040000000000	-0.076848444204562
3.3080000000000	-0.074954851300318
3.3120000000000	-0.073188517562030
3.3160000000000	-0.071538695442475
3.3200000000000	-0.069995744427185
3.3240000000000	-0.068550997400189
3.3280000000000	-0.067196645405152
3.3320000000000	-0.065925637971435
3.3360000000000	-0.064731596654043
3.3400000000000	-0.063608739827549
3.3440000000000	-0.062551817094508
3.3480000000000	-0.061556051931980
3.3520000000000	-0.060617091417241
3.3560000000000	-0.059730962053517
3.3600000000000	-0.058894030866057
3.3640000000000	-0.058102971063464
3.3680000000000	-0.057354731663345
3.3720000000000	-0.056646510568746
3.3760000000000	-0.055975730655318
3.3800000000000	-0.055340018491240
3.3840000000000	-0.054737185364319
3.3880000000000	-0.054165210335299
3.3920000000000	-0.053622225074185
3.3960000000000	-0.053106500268768
3.4000000000000	-0.052616433422035
3.4040000000000	-0.052150537878894
3.4080000000000	-0.051707432942918
3.4120000000000	-0.051285834961262
3.4160000000000	-0.050884549271030
3.4200000000000	-0.050502462913438
3.4240000000000	-0.050138538033308
3.4280000000000	-0.049791805891349
3.4320000000000	-0.049461361425137
3.4360000000000	-0.049146358302142
3.4400000000000	-0.048846004414681
3.4440000000000	-0.048559557772267
3.4480000000000	-0.048286322751894
3.4520000000000	-0.048025646671044
3.4560000000000	-0.047776916652164
3.4600000000000	-0.047539556750583
3.4640000000000	-0.047313025320986
3.4680000000000	-0.047096812600039
3.4720000000000	-0.046890438485155
3.4760000000000	-0.046693450491493
3.4800000000000	-0.046505421870968
3.4840000000000	-0.046325949878864
3.4880000000000	-0.046154654174895
3.4920000000000	-0.045991175346992
3.4960000000000	-0.045835173547185
3.5000000000000	-0.045686327229893
3.5040000000000	-0.045544331984053
3.5080000000000	-0.045408899451121
3.5120000000000	-0.045279756321817
3.5160000000000	-0.045156643405213
3.5200000000000	-0.045039314764156
3.5240000000000	-0.044927536911800
3.5280000000000	-0.044821088064272
3.5320000000000	-0.044719757445097
3.5360000000000	-0.044623344637321
3.5400000000000	-0.044531658979596
3.5440000000000	-0.044444519002912
3.5480000000000	-0.044361751904840
3.5520000000000	-0.044283193058480
3.5560000000000	-0.044208685553511
3.5600000000000	-0.044138079766995
3.5640000000000	-0.044071232961711
3.5680000000000	-0.044008008910067
3.5720000000000	-0.043948277541712
3.5760000000000	-0.043891914613173
3.5800000000000	-0.043838801397973
3.5840000000000	-0.043788824395760
3.5880000000000	-0.043741875059156
3.5920000000000	-0.043697849537091
3.5960000000000	-0.043656648433498
3.6000000000000	-0.043618176580342
3.6040000000000	-0.043582342823974
3.6080000000000	-0.043549059824004
3.6120000000000	-0.043518243863768
3.6160000000000	-0.043489814671716
3.6200000000000	-0.043463695252944
3.6240000000000	-0.043439811730277
3.6280000000000	-0.043418093194222
3.6320000000000	-0.043398471561297
3.6360000000000	-0.043380881440162
3.6400000000000	-0.043365260005078
3.6440000000000	-0.043351546876250
3.6480000000000	-0.043339684006614
3.6520000000000	-0.043329615574684
3.6560000000000	-0.043321287883086
3.6600000000000	-0.043314649262452
3.6640000000000	-0.043309649980320
3.6680000000000	-0.043306242154788
3.6720000000000	-0.043304379672611
3.6760000000000	-0.043304018111476
3.6800000000000	-0.043305114666248
3.6840000000000	-0.043307628078935
3.6880000000000	-0.043311518572134
3.6920000000000	-0.043316747785823
3.6960000000000	-0.043323278717255
3.7000000000000	-0.043331075663809
3.7040000000000	-0.043340104168599
3.7080000000000	-0.043350330968765
3.7120000000000	-0.043361723946199
3.7160000000000	-0.043374252080650
3.7200000000000	-0.043387885405035
3.7240000000000	-0.043402594962882
3.7280000000000	-0.043418352767720
3.7320000000000	-0.043435131764403
3.7360000000000	-0.043452905792186
3.7400000000000	-0.043471649549510
3.7440000000000	-0.043491338560387
3.7480000000000	-0.043511949142306
3.7520000000000	-0.043533458375587
3.7560000000000	-0.043555844074101
3.7600000000000	-0.043579084757298
3.7640000000000	-0.043603159623453
3.7680000000000	-0.043628048524106
3.7720000000000	-0.043653731939605
3.7760000000000	-0.043680190955708
3.7800000000000	-0.043707407241199
3.7840000000000	-0.043735363026464
3.7880000000000	-0.043764041082962
3.7920000000000	-0.043793424703583
3.7960000000000	-0.043823497683824
3.8000000000000	-0.043854244303757
3.8040000000000	-0.043885649310729
3.8080000000000	-0.043917697902807
3.8120000000000	-0.043950375712869
3.8160000000000	-0.043983668793365
3.8200000000000	-0.044017563601710
3.8240000000000	-0.044052046986216
3.8280000000000	-0.044087106172650
3.8320000000000	-0.044122728751287
3.8360000000000	-0.044158902664493
3.8400000000000	-0.044195616194797
3.8440000000000	-0.044232857953421
3.8480000000000	-0.044270616869275
3.8520000000000	-0.044308882178368
3.8560000000000	-0.044347643413617
3.8600000000000	-0.044386890395085
3.8640000000000	-0.044426613220539
3.8680000000000	-0.044466802256410
3.8720000000000	-0.044507448129076
3.8760000000000	-0.044548541716472
3.8800000000000	-0.044590074140023
3.8840000000000	-0.044632036756856
3.8880000000000	-0.044674421152334
3.8920000000000	-0.044717219132832
3.8960000000000	-0.044760422718795
3.9000000000000	-0.044804024138044
3.9040000000000	-0.044848015819323
3.9080000000000	-0.044892390386081
3.9120000000000	-0.044937140650488
3.9160000000000	-0.044982259607626
3.9200000000000	-0.045027740429947
3.9240000000000	-0.045073576461864
3.9280000000000	-0.045119761214578
3.9320000000000	-0.045166288361062
3.9360000000000	-0.045213151731235
3.9400000000000	-0.045260345307276
3.9440000000000	-0.045307863219143
3.9480000000000	-0.045355699740199
3.9520000000000	-0.045403849283024
3.9560000000000	-0.045452306395351
3.9600000000000	-0.045501065756127
3.9640000000000	-0.045550122171753
3.9680000000000	-0.045599470572391
3.9720000000000	-0.045649106008435
3.9760000000000	-0.045699023647088
3.9800000000000	-0.045749218769040
3.9840000000000	-0.045799686765278
3.9880000000000	-0.045850423133979
3.9920000000000	-0.045901423477515
3.9960000000000	-0.045952683499555
4.0000000000000	-0.046004199002255
4.0040000000000	-0.046055965883547
4.0080000000000	-0.046107980134507
4.0120000000000	-0.046160237836803
4.0160000000000	-0.046212735160238
4.0200000000000	-0.046265468360363
4.0240000000000	-0.046318433776155
4.0280000000000	-0.046371627827789
4.0320000000000	-0.046425047014458
4.0360000000000	-0.046478687912277
4.0400000000000	-0.046532547172240
4.0440000000000	-0.046586621518245
4.0480000000000	-0.046640907745179
4.0520000000000	-0.046695402717063
4.0560000000000	-0.046750103365249
4.0600000000000	-0.046805006686678
4.0640000000000	-0.046860109742179
4.0680000000000	-0.046915409654831
4.0720000000000	-0.046970903608372
4.0760000000000	-0.047026588845641
4.0800000000000	-0.047082462667092
4.0840000000000	-0.047138522429325
4.0880000000000	-0.047194765543679
4.0920000000000	-0.047251189474856
4.0960000000000	-0.047307791739589
4.1000000000000	-0.047364569905348
4.1040000000000	-0.047421521589080
4.1080000000000	-0.047478644455999
4.1120000000000	-0.047535936218382
4.1160000000000	-0.047593394634435
4.1200000000000	-0.047651017507163
4.1240000000000	-0.047708802683284
4.1280000000000	-0.047766748052169
4.1320000000000	-0.047824851544830
4.1360000000000	-0.047883111132898
4.1400000000000	-0.047941524827669
4.1440000000000	-0.048000090679151
4.1480000000000	-0.048058806775155
4.1520000000000	-0.048117671240390
4.1560000000000	-0.048176682235608
4.1600000000000	-0.048235837956743
4.1640000000000	-0.048295136634109
4.1680000000000	-0.048354576531593
4.1720000000000	-0.048414155945856
4.1760000000000	-0.048473873205613
4.1800000000000	-0.048533726670872
4.1840000000000	-0.048593714732224
4.1880000000000	-0.048653835810142
4.1920000000000	-0.048714088354306
4.1960000000000	-0.048774470842935
4.2000000000000	-0.048834981782145
4.2040000000000	-0.048895619705339
4.2080000000000	-0.048956383172558
4.2120000000000	-0.049017270769924
4.2160000000000	-0.049078281109035
4.2200000000000	-0.049139412826422
4.2240000000000	-0.049200664582970
4.2280000000000	-0.049262035063411
4.2320000000000	-0.049323522975782
4.2360000000000	-0.049385127050932
4.2400000000000	-0.049446846042001
4.2440000000000	-0.049508678723969
4.2480000000000	-0.049570623893153
4.2520000000000	-0.049632680366766
4.2560000000000	-0.049694846982470
4.2600000000000	-0.049757122597925
4.2640000000000	-0.049819506090374
4.2680000000000	-0.049881996356227
4.2720000000000	-0.049944592310641
4.2760000000000	-0.050007292887150
4.2800000000000	-0.050070097037260
4.2840000000000	-0.050133003730068
4.2880000000000	-0.050196011951921
4.2920000000000	-0.050259120706028
4.2960000000000	-0.050322329012128
4.3000000000000	-0.050385635906142
4.3040000000000	-0.050449040439844
4.3080000000000	-0.050512541680528
4.3120000000000	-0.050576138710703
4.3160000000000	-0.050639830627768
4.3200000000000	-0.050703616543720
4.3240000000000	-0.050767495584862
4.3280000000000	-0.050831466891496
4.3320000000000	-0.050895529617665
4.3360000000000	-0.050959682930858
4.3400000000000	-0.051023926011747
4.3440000000000	-0.051088258053939
4.3480000000000	-0.051152678263697
4.3520000000000	-0.051217185859699
4.3560000000000	-0.051281780072798
4.3600000000000	-0.051346460145779
4.3640000000000	-0.051411225333118
4.3680000000000	-0.051476074900769
4.3720000000000	-0.051541008125922
4.3760000000000	-0.051606024296802
4.3800000000000	-0.051671122712444
4.3840000000000	-0.051736302682490
4.3880000000000	-0.051801563526986
4.3920000000000	-0.051866904576173
4.3960000000000	-0.051932325170308
4.4000000000000	-0.051997824659458
4.4040000000000	-0.052063402403328
4.4080000000000	-0.052129057771062
4.4120000000000	-0.052194790141078
4.4160000000000	-0.052260598900891
4.4200000000000	-0.052326483446940
4.4240000000000	-0.052392443184423
4.4280000000000	-0.052458477527126
4.4320000000000	-0.052524585897282
4.4360000000000	-0.052590767725391
4.4400000000000	-0.052657022450089
4.4440000000000	-0.052723349517980
4.4480000000000	-0.052789748383504
4.4520000000000	-0.052856218508784
4.4560000000000	-0.052922759363490
4.4600000000000	-0.052989370424704
4.4640000000000	-0.053056051176776
4.4680000000000	-0.053122801111209
4.4720000000000	-0.053189619726509
4.4760000000000	-0.053256506528080
4.4800000000000	-0.053323461028085
4.4840000000000	-0.053390482745331
4.4880000000000	-0.053457571205153
4.4920000000000	-0.053524725939296
4.4960000000000	-0.053591946485795
4.5000000000000	-0.053659232388875
4.5040000000000	-0.053726583198839
4.5080000000000	-0.053793998471948
4.5120000000000	-0.053861477770344
4.5160000000000	-0.053929020661917
4.5200000000000	-0.053996626720225
4.5240000000000	-0.054064295524386
4.5280000000000	-0.054132026658988
4.5320000000000	-0.054199819713993
4.5360000000000	-0.054267674284637
4.5400000000000	-0.054335589971354
4.5440000000000	-0.054403566379673
4.5480000000000	-0.054471603120134
4.5520000000000	-0.054539699808213
4.5560000000000	-0.054607856064227
4.5600000000000	-0.054676071513256
4.5640000000000	-0.054744345785058
4.5680000000000	-0.054812678513996
4.5720000000000	-0.054881069338968
4.5760000000000	-0.054949517903309
4.5800000000000	-0.055018023854741
4.5840000000000	-0.055086586845281
4.5880000000000	-0.055155206531176
4.5920000000000	-0.055223882572848
4.5960000000000	-0.055292614634801
4.6000000000000	-0.055361402385561
4.6040000000000	-0.055430245497626
4.6080000000000	-0.055499143647378
4.6120000000000	-0.055568096515030
4.6160000000000	-0.055637103784569
4.6200000000000	-0.055706165143688
4.6240000000000	-0.055775280283723
4.6280000000000	-0.055844448899601
4.6320000000000	-0.055913670689780
4.6360000000000	-0.055982945356191
4.6400000000000	-0.056052272604180
4.6440000000000	-0.056121652142456
4.6480000000000	-0.056191083683046
4.6520000000000	-0.056260566941221
4.6560000000000	-0.056330101635465
4.6600000000000	-0.056399687487421
4.6640000000000	-0.056469324221821
4.6680000000000	-0.056539011566467
4.6720000000000	-0.056608749252163
4.6760000000000	-0.056678537012677
4.6800000000000	-0.056748374584683
4.6840000000000	-0.056818261707736
4.6880000000000	-0.056888198124208
4.6920000000000	-0.056958183579250
4.6960000000000	-0.057028217820755
4.7000000000000	-0.057098300599307
4.7040000000000	-0.057168431668149
4.7080000000000	-0.057238610783133
4.7120000000000	-0.057308837702691
4.7160000000000	-0.057379112187776
4.7200000000000	-0.057449434001846
4.7240000000000	-0.057519802910816
4.7280000000000	-0.057590218683021
4.7320000000000	-0.057660681089171
4.7360000000000	-0.057731189902337
4.7400000000000	-0.057801744897891
4.7440000000000	-0.057872345853490
4.7480000000000	-0.057942992549031
4.7520000000000	-0.058013684766622
4.7560000000000	-0.058084422290548
4.7600000000000	-0.058155204907236
4.7640000000000	-0.058226032405234
4.7680000000000	-0.058296904575161
4.7720000000000	-0.058367821209695
4.7760000000000	-0.058438782103532
4.7800000000000	-0.058509787053359
4.7840000000000	-0.058580835857827
4.7880000000000	-0.058651928317516
4.7920000000000	-0.058723064234917
4.7960000000000	-0.058794243414398
4.8000000000000	-0.058865465662168
4.8040000000000	-0.058936730786270
4.8080000000000	-0.059008038596547
4.8120000000000	-0.059079388904599
4.8160000000000	-0.059150781523786
4.8200000000000	-0.059222216269181
4.8240000000000	-0.059293692957556
4.8280000000000	-0.059365211407359
4.8320000000000	-0.059436771438678
4.8360000000000	-0.059508372873230
4.8400000000000	-0.059580015534340
4.8440000000000	-0.059651699246903
4.8480000000000	-0.059723423837378
4.8520000000000	-0.059795189133752
4.8560000000000	-0.059866994965535
4.8600000000000	-0.059938841163724
4.8640000000000	-0.060010727560788
4.8680000000000	-0.060082653990649
4.8720000000000	-0.060154620288659
4.8760000000000	-0.060226626291581
4.8800000000000	-0.060298671837571
4.8840000000000	-0.060370756766160
4.8880000000000	-0.060442880918223
4.8920000000000	-0.060515044135983
4.8960000000000	-0.060587246262970
4.9000000000000	-0.060659487144020
4.9040000000000	-0.060731766625244
4.9080000000000	-0.060804084554020
4.9120000000000	-0.060876440778974
4.9160000000000	-0.060948835149958
4.9200000000000	-0.061021267518043
4.9240000000000	-0.061093737735485
4.9280000000000	-0.061166245655733
4.9320000000000	-0.061238791133399
4.9360000000000	-0.061311374024237
4.9400000000000	-0.061383994185141
4.9440000000000	-0.061456651474124
4.9480000000000	-0.061529345750299
4.9520000000000	-0.061602076873871
4.9560000000000	-0.061674844706119
4.9600000000000	-0.061747649109384
4.9640000000000	-0.061820489947054
4.9680000000000	-0.061893367083547
4.9720000000000	-0.061966280384300
4.9760000000000	-0.062039229715762
4.9800000000000	-0.062112214945371
4.9840000000000	-0.062185235941544
4.9880000000000	-0.062258292573667
4.9920000000000	-0.062331384712080
4.9960000000000	-0.062404512228066
5.0000000000000	-0.062477674993838
#Parameters = {D_center=12; L1=16; L2=2; L3=2; L4=15; L_diff=2.83; L_sub=45.66; W_50=1.36; W_sub=45.66; Z_mid=22.83; cm=0.3; ct=12; g_slot=2; h1=2; h2=2; h3=2; h4=2; h_sub=0.4; hole_puncher=0.87365; hole_puncher1=0.9; margin=1.6; needle_radius=0.635; nutrient_solution=0.01; pipe_OD=50; pipe_Ri=8; pipe_Ro=10; r_SRR=20; r_SRR_in=17.6; sigma_fluid=0.5; spacing=0.4; t_PDMS_microstrip=0.35; t_SRR=0.07; t_gnd=0.07; t_metal=0.5; t_microstrip=0.07; t_wall=2; w_channel=2; w_diff=2.83}
#"Frequency / GHz"	"S1,1 (21) [Magnitude / dB]"
#----------------------------------------------
1.0000000000000	-0.0066540268124507
1.0040000000000	-0.0066840420714252
1.0080000000000	-0.0067141207971046
1.0120000000000	-0.0067442630185291
1.0160000000000	-0.0067744687651225
1.0200000000000	-0.0068047380666965
1.0240000000000	-0.0068350709534489
1.0280000000000	-0.0068654674559796
1.0320000000000	-0.0068959276053015
1.0360000000000	-0.0069264514328357
1.0400000000000	-0.0069570389704173
1.0440000000000	-0.0069876902503222
1.0480000000000	-0.0070184053052509
1.0520000000000	-0.0070491841683507
1.0560000000000	-0.0070800268732140
1.0600000000000	-0.0071109334538940
1.0640000000000	-0.0071419039449094
1.0680000000000	-0.0071729383812498
1.0720000000000	-0.0072040367983863
1.0760000000000	-0.0072351992322802
1.0800000000000	-0.0072664257193892
1.0840000000000	-0.0072977162966782
1.0880000000000	-0.0073290710016288
1.0920000000000	-0.0073604898722438
1.0960000000000	-0.0073919729470624
1.1000000000000	-0.0074235202651646
1.1040000000000	-0.0074551318661805
1.1080000000000	-0.0074868077903069
1.1120000000000	-0.0075185480783070
1.1160000000000	-0.0075503527715282
1.1200000000000	-0.0075822219119106
1.1240000000000	-0.0076141555419947
1.1280000000000	-0.0076461537049350
1.1320000000000	-0.0076782164445127
1.1360000000000	-0.0077103438051361
1.1400000000000	-0.0077425358318715
1.1440000000000	-0.0077747925704335
1.1480000000000	-0.0078071140672079
1.1520000000000	-0.0078395003692701
1.1560000000000	-0.0078719515243844
1.1600000000000	-0.0079044675810221
1.1640000000000	-0.0079370485883721
1.1680000000000	-0.0079696945963595
1.1720000000000	-0.0080024056556573
1.1760000000000	-0.0080351818176990
1.1800000000000	-0.0080680231346860
1.1840000000000	-0.0081009296596141
1.1880000000000	-0.0081339014462829
1.1920000000000	-0.0081669385493038
1.1960000000000	-0.0082000410241284
1.2000000000000	-0.0082332089270535
1.2040000000000	-0.0082664423152436
1.2080000000000	-0.0082997412467435
1.2120000000000	-0.0083331057804927
1.2160000000000	-0.0083665359763515
1.2200000000000	-0.0084000318951098
1.2240000000000	-0.0084335935985102
1.2280000000000	-0.0084672211492578
1.2320000000000	-0.0085009146110516
1.2360000000000	-0.0085346740485962
1.2400000000000	-0.0085684995276168
1.2440000000000	-0.0086023911148933
1.2480000000000	-0.0086363488782655
1.2520000000000	-0.0086703728866641
1.2560000000000	-0.0087044632101270
1.2600000000000	-0.0087386199198192
1.2640000000000	-0.0087728430880697
1.2680000000000	-0.0088071327883732
1.2720000000000	-0.0088414890954279
1.2760000000000	-0.0088759120851618
1.2800000000000	-0.0089104018347411
1.2840000000000	-0.0089449584226130
1.2880000000000	-0.0089795819285284
1.2920000000000	-0.0090142724335504
1.2960000000000	-0.0090490300201155
1.3000000000000	-0.0090838547720241
1.3040000000000	-0.0091187467744979
1.3080000000000	-0.0091537061141947
1.3120000000000	-0.0091887328792477
1.3160000000000	-0.0092238271592805
1.3200000000000	-0.0092589890454537
1.3240000000000	-0.0092942186304949
1.3280000000000	-0.0093295160087295
1.3320000000000	-0.0093648812761127
1.3360000000000	-0.0094003145302661
1.3400000000000	-0.0094358158705176
1.3440000000000	-0.0094713853979337
1.3480000000000	-0.0095070232153561
1.3520000000000	-0.0095427294274453
1.3560000000000	-0.0095785041407208
1.3600000000000	-0.0096143474635966
1.3640000000000	-0.0096502595064239
1.3680000000000	-0.0096862403815402
1.3720000000000	-0.0097222902033071
1.3760000000000	-0.0097584090881643
1.3800000000000	-0.0097945971546600
1.3840000000000	-0.0098308545235208
1.3880000000000	-0.0098671813176859
1.3920000000000	-0.0099035776623584
1.3960000000000	-0.0099400436850698
1.4000000000000	-0.0099765795157160
1.4040000000000	-0.010013185286627
1.4080000000000	-0.010049861132613
1.4120000000000	-0.010086607191037
1.4160000000000	-0.010123423601862
1.4200000000000	-0.010160310507707
1.4240000000000	-0.010197268053942
1.4280000000000	-0.010234296388706
1.4320000000000	-0.010271395663024
1.4360000000000	-0.010308566030831
1.4400000000000	-0.010345807649083
1.4440000000000	-0.010383120677802
1.4480000000000	-0.010420505280170
1.4520000000000	-0.010457961622590
1.4560000000000	-0.010495489874781
1.4600000000000	-0.010533090209860
1.4640000000000	-0.010570762804411
1.4680000000000	-0.010608507838592
1.4720000000000	-0.010646325496225
1.4760000000000	-0.010684215964871
1.4800000000000	-0.010722179435946
1.4840000000000	-0.010760216104809
1.4880000000000	-0.010798326170873
1.4920000000000	-0.010836509837704
1.4960000000000	-0.010874767313128
1.5000000000000	-0.010913098809353
1.5040000000000	-0.010951504543091
1.5080000000000	-0.010989984735647
1.5120000000000	-0.011028539613078
1.5160000000000	-0.011067169406300
1.5200000000000	-0.011105874351236
1.5240000000000	-0.011144654688940
1.5280000000000	-0.011183510665730
1.5320000000000	-0.011222442533368
1.5360000000000	-0.011261450549179
1.5400000000000	-0.011300534976214
1.5440000000000	-0.011339696083417
1.5480000000000	-0.011378934145792
1.5520000000000	-0.011418249444566
1.5560000000000	-0.011457642267388
1.5600000000000	-0.011497112908490
1.5640000000000	-0.011536661668883
1.5680000000000	-0.011576288856577
1.5720000000000	-0.011615994786751
1.5760000000000	-0.011655779782004
1.5800000000000	-0.011695644172532
1.5840000000000	-0.011735588296403
1.5880000000000	-0.011775612499747
1.5920000000000	-0.011815717137027
1.5960000000000	-0.011855902571298
1.6000000000000	-0.011896169174445
1.6040000000000	-0.011936517327480
1.6080000000000	-0.011976947420807
1.6120000000000	-0.012017459854528
1.6160000000000	-0.012058055038743
1.6200000000000	-0.012098733393849
1.6240000000000	-0.012139495350911
1.6280000000000	-0.012180341351953
1.6320000000000	-0.012221271850338
1.6360000000000	-0.012262287311132
1.6400000000000	-0.012303388211495
1.6440000000000	-0.012344575041049
1.6480000000000	-0.012385848302312
1.6520000000000	-0.012427208511126
1.6560000000000	-0.012468656197096
1.6600000000000	-0.012510191904058
1.6640000000000	-0.012551816190558
1.6680000000000	-0.012593529630346
1.6720000000000	-0.012635332812921
1.6760000000000	-0.012677226344045
1.6800000000000	-0.012719210846325
1.6840000000000	-0.012761286959811
1.6880000000000	-0.012803455342586
1.6920000000000	-0.012845716671440
1.6960000000000	-0.012888071642488
1.7000000000000	-0.012930520971910
1.7040000000000	-0.012973065396656
1.7080000000000	-0.013015705675210
1.7120000000000	-0.013058442588371
1.7160000000000	-0.013101276940078
1.7200000000000	-0.013144209558266
1.7240000000000	-0.013187241295791
1.7280000000000	-0.013230373031311
1.7320000000000	-0.013273605670330
1.7360000000000	-0.013316940146177
1.7400000000000	-0.013360377421084
1.7440000000000	-0.013403918487314
1.7480000000000	-0.013447564368333
1.7520000000000	-0.013491316120004
1.7560000000000	-0.013535174831915
1.7600000000000	-0.013579141628673
1.7640000000000	-0.013623217671329
1.7680000000000	-0.013667404158855
1.7720000000000	-0.013711702329656
1.7760000000000	-0.013756113463207
1.7800000000000	-0.013800638881736
1.7840000000000	-0.013845279951991
1.7880000000000	-0.013890038087106
1.7920000000000	-0.013934914748544
1.7960000000000	-0.013979911448156
1.8000000000000	-0.014025029750320
1.8040000000000	-0.014070271274193
1.8080000000000	-0.014115637696109
1.8120000000000	-0.014161130752025
1.8160000000000	-0.014206752240169
1.8200000000000	-0.014252504023808
1.8240000000000	-0.014298388034110
1.8280000000000	-0.014344406273211
1.8320000000000	-0.014390560817410
1.8360000000000	-0.014436853820568
1.8400000000000	-0.014483287517652
1.8440000000000	-0.014529864228476
1.8480000000000	-0.014576586361672
1.8520000000000	-0.014623456418830
1.8560000000000	-0.014670476998930
1.8600000000000	-0.014717650802955
1.8640000000000	-0.014764980638775
1.8680000000000	-0.014812469426351
1.8720000000000	-0.014860120203171
1.8760000000000	-0.014907936130044
1.8800000000000	-0.014955920497174
1.8840000000000	-0.015004076730637
1.8880000000000	-0.015052408399219
1.8920000000000	-0.015100919221624
1.8960000000000	-0.015149613074137
1.9000000000000	-0.015198493998759
1.9040000000000	-0.015247566211771
1.9080000000000	-0.015296834112870
1.9120000000000	-0.015346302294859
1.9160000000000	-0.015395975553864
1.9200000000000	-0.015445858900277
1.9240000000000	-0.015495957570330
1.9280000000000	-0.015546277038359
1.9320000000000	-0.015596823029947
1.9360000000000	-0.015647601535783
1.9400000000000	-0.015698618826523
1.9440000000000	-0.015749881468529
1.9480000000000	-0.015801396340681
1.9520000000000	-0.015853170652300
1.9560000000000	-0.015905211962226
1.9600000000000	-0.015957528199193
1.9640000000000	-0.016010127683625
1.9680000000000	-0.016063019150824
1.9720000000000	-0.016116211775835
1.9760000000000	-0.016169715199984
1.9800000000000	-0.016223539559296
1.9840000000000	-0.016277695514917
1.9880000000000	-0.016332194285674
1.9920000000000	-0.016387047683001
1.9960000000000	-0.016442268148396
2.0000000000000	-0.016497868793581
2.0040000000000	-0.016553863443650
2.0080000000000	-0.016610266683431
2.0120000000000	-0.016667093907324
2.0160000000000	-0.016724361372881
2.0200000000000	-0.016782086258566
2.0240000000000	-0.016840286725877
2.0280000000000	-0.016898981986404
2.0320000000000	-0.016958192374092
2.0360000000000	-0.017017939423301
2.0400000000000	-0.017078245953076
2.0440000000000	-0.017139136158327
2.0480000000000	-0.017200635708380
2.0520000000000	-0.017262771853731
2.0560000000000	-0.017325573541706
2.0600000000000	-0.017389071541885
2.0640000000000	-0.017453298582178
2.0680000000000	-0.017518289496650
2.0720000000000	-0.017584081386211
2.0760000000000	-0.017650713793401
2.0800000000000	-0.017718228892723
2.0840000000000	-0.017786671698071
2.0880000000000	-0.017856090288967
2.0920000000000	-0.017926536057551
2.0960000000000	-0.017998063978506
2.1000000000000	-0.018070732904234
2.1040000000000	-0.018144605888054
2.1080000000000	-0.018219750538400
2.1120000000000	-0.018296239407255
2.1160000000000	-0.018374150416760
2.1200000000000	-0.018453567328048
2.1240000000000	-0.018534580257133
2.1280000000000	-0.018617286243041
2.1320000000000	-0.018701789874299
2.1360000000000	-0.018788203980403
2.1400000000000	-0.018876650395852
2.1440000000000	-0.018967260805359
2.1480000000000	-0.019060177679863
2.1520000000000	-0.019155555314264
2.1560000000000	-0.019253560979334
2.1600000000000	-0.019354376201741
2.1640000000000	-0.019458198188195
2.1680000000000	-0.019565241411761
2.1720000000000	-0.019675739380905
2.1760000000000	-0.019789946614675
2.1800000000000	-0.019908140850648
2.1840000000000	-0.020030625516013
2.1880000000000	-0.020157732496386
2.1920000000000	-0.020289825241874
2.1960000000000	-0.020427302255420
2.2000000000000	-0.020570601014895
2.2040000000000	-0.020720202387629
2.2080000000000	-0.020876635604401
2.2120000000000	-0.021040483869243
2.2160000000000	-0.021212390692077
2.2200000000000	-0.021393067043163
2.2240000000000	-0.021583299441655
2.2280000000000	-0.021783959105301
2.2320000000000	-0.021996012304528
2.2360000000000	-0.022220532081348
2.2400000000000	-0.022458711511769
2.2440000000000	-0.022711878708439
2.2480000000000	-0.022981513777843
2.2520000000000	-0.023269267960502
2.2560000000000	-0.023576985192139
2.2600000000000	-0.023906726323347
2.2640000000000	-0.024260796219704
2.2680000000000	-0.024641773924580
2.2720000000000	-0.025052545991421
2.2760000000000	-0.025496342961359
2.2800000000000	-0.025976778754241
2.2840000000000	-0.026497892416832
2.2880000000000	-0.027064191188232
2.2920000000000	-0.027680693129706
2.2960000000000	-0.028352966540366
2.3000000000000	-0.029087161925382
2.3040000000000	-0.029890030259850
2.3080000000000	-0.030768918527746
2.3120000000000	-0.031731729824852
2.3160000000000	-0.032786830532083
2.3200000000000	-0.033942881093277
2.3240000000000	-0.035208559899826
2.3280000000000	-0.036592142209010
2.3320000000000	-0.038100889206142
2.3360000000000	-0.039740198748312
2.3400000000000	-0.041512473289620
2.3440000000000	-0.043415678499377
2.3480000000000	-0.045441606829430
2.3520000000000	-0.047573933113606
2.3560000000000	-0.049786260178899
2.3600000000000	-0.052040496360814
2.3640000000000	-0.054286056995933
2.3680000000000	-0.056460480794332
2.3720000000000	-0.058492013563738
2.3760000000000	-0.060304449663819
2.3800000000000	-0.061824006700561
2.3840000000000	-0.062987335997238
2.3880000000000	-0.063749179201169
2.3920000000000	-0.064087972302605
2.3960000000000	-0.064008064683899
2.4000000000000	-0.063538088501896
2.4040000000000	-0.062726041742128
2.4080000000000	-0.061632415007326
2.4120000000000	-0.060322936098634
2.4160000000000	-0.058862242596834
2.4200000000000	-0.057309243341227
2.4240000000000	-0.055714359911214
2.4280000000000	-0.054118425889725
2.4320000000000	-0.052552817210047
2.4360000000000	-0.051040354699650
2.4400000000000	-0.049596589902707
2.4440000000000	-0.048231193687489
2.4480000000000	-0.046949272822476
2.4520000000000	-0.045752523497060
2.4560000000000	-0.044640188463588
2.4600000000000	-0.043609819523787
2.4640000000000	-0.042657865400766
2.4680000000000	-0.041780112404222
2.4720000000000	-0.040972006192132
2.4760000000000	-0.040228880500544
2.4800000000000	-0.039546114883487
2.4840000000000	-0.038919239414583
2.4880000000000	-0.038344000505498
2.4920000000000	-0.037816398739202
2.4960000000000	-0.037332706953750
2.5000000000000	-0.036889474699622
2.5040000000000	-0.036483523564354
2.5080000000000	-0.036111936615691
2.5120000000000	-0.035772044286382
2.5160000000000	-0.035461408334205
2.5200000000000	-0.035177805007606
2.5240000000000	-0.034919208179649
2.5280000000000	-0.034683772949736
2.5320000000000	-0.034469820025388
2.5360000000000	-0.034275821064212
2.5400000000000	-0.034100385064533
2.5440000000000	-0.033942245831107
2.5480000000000	-0.033800250501487
2.5520000000000	-0.033673349091147
2.5560000000000	-0.033560585001337
2.5600000000000	-0.033461086423459
2.5640000000000	-0.033374058571302
2.5680000000000	-0.033298776672054
2.5720000000000	-0.033234579648637
2.5760000000000	-0.033180864429972
2.5800000000000	-0.033137080829230
2.5840000000000	-0.033102726935084
2.5880000000000	-0.033077344965380
2.5920000000000	-0.033060517537242
2.5960000000000	-0.033051864311795
2.6000000000000	-0.033051038975954
2.6040000000000	-0.033057726527555
2.6080000000000	-0.033071640833273
2.6120000000000	-0.033092522432228
2.6160000000000	-0.033120136560887
2.6200000000000	-0.033154271377840
2.6240000000000	-0.033194736368517
2.6280000000000	-0.033241360913293
2.6320000000000	-0.033293993002984
2.6360000000000	-0.033352498088456
2.6400000000000	-0.033416758051976
2.6440000000000	-0.033486670289756
2.6480000000000	-0.033562146895670
2.6520000000000	-0.033643113938228
2.6560000000000	-0.033729510822818
2.6600000000000	-0.033821289732864
2.6640000000000	-0.033918415143998
2.6680000000000	-0.034020863406149
2.6720000000000	-0.034128622389042
2.6760000000000	-0.034241691187377
2.6800000000000	-0.034360079882229
2.6840000000000	-0.034483809355930
2.6880000000000	-0.034612911158046
2.6920000000000	-0.034747427420550
2.6960000000000	-0.034887410820592
2.7000000000000	-0.035032924589775
2.7040000000000	-0.035184042569134
2.7080000000000	-0.035340849309318
2.7120000000000	-0.035503440215943
2.7160000000000	-0.035671921740264
2.7200000000000	-0.035846411615761
2.7240000000000	-0.036027039141486
2.7280000000000	-0.036213945513384
2.7320000000000	-0.036407284205154
2.7360000000000	-0.036607221400522
2.7400000000000	-0.036813936479215
2.7440000000000	-0.037027622559286
2.7480000000000	-0.037248487098866
2.7520000000000	-0.037476752560848
2.7560000000000	-0.037712657144449
2.7600000000000	-0.037956455588188
2.7640000000000	-0.038208420049315
2.7680000000000	-0.038468841065307
2.7720000000000	-0.038738028603787
2.7760000000000	-0.039016313207886
2.7800000000000	-0.039304047244914
2.7840000000000	-0.039601606267087
2.7880000000000	-0.039909390494020
2.7920000000000	-0.040227826427867
2.7960000000000	-0.040557368613141
2.8000000000000	-0.040898501554649
2.8040000000000	-0.041251741808565
2.8080000000000	-0.041617640263273
2.8120000000000	-0.041996784628668
2.8160000000000	-0.042389802154713
2.8200000000000	-0.042797362602523
2.8240000000000	-0.043220181494028
2.8280000000000	-0.043659023669432
2.8320000000000	-0.044114707185166
2.8360000000000	-0.044588107589218
2.8400000000000	-0.045080162615148
2.8440000000000	-0.045591877341514
2.8480000000000	-0.046124329869274
2.8520000000000	-0.046678677576646
2.8560000000000	-0.047256164018755
2.8600000000000	-0.047858126548337
2.8640000000000	-0.048486004744184
2.8680000000000	-0.049141349745899
2.8720000000000	-0.049825834607313
2.8760000000000	-0.050541265796877
2.8800000000000	-0.051289595991800
2.8840000000000	-0.052072938334188
2.8880000000000	-0.052893582342526
2.8920000000000	-0.053754011700935
2.8960000000000	-0.054656924183036
2.9000000000000	-0.055605254007190
2.9040000000000	-0.056602196967230
2.9080000000000	-0.057651238738481
2.9120000000000	-0.058756186824630
2.9160000000000	-0.059921206689288
2.9200000000000	-0.061150862708856
2.9240000000000	-0.062450164694312
2.9280000000000	-0.063824620862106
2.9320000000000	-0.065280298293763
2.9360000000000	-0.066823892115658
2.9400000000000	-0.068462804862427
2.9440000000000	-0.070205237768976
2.9480000000000	-0.072060296078674
2.9520000000000	-0.074038110874337
2.9560000000000	-0.076149980452645
2.9600000000000	-0.078408534896259
2.9640000000000	-0.080827928282021
2.9680000000000	-0.083424063938650
2.9720000000000	-0.086214859385011
2.9760000000000	-0.089220559108613
2.9800000000000	-0.092464105272337
2.9840000000000	-0.095971578883011
2.9880000000000	-0.099772727074361
2.9920000000000	-0.10390159615736
2.9960000000000	-0.10839729525337
3.0000000000000	-0.11330492202916
3.0040000000000	-0.11867669081580
3.0080000000000	-0.12457331492747
3.0120000000000	-0.13106571028742
3.0160000000000	-0.13823710789549
3.0200000000000	-0.14618569017551
3.0240000000000	-0.15502790358384
3.0280000000000	-0.16490265100330
3.0320000000000	-0.17597663813054
3.0360000000000	-0.18845124668922
3.0400000000000	-0.20257144628203
3.0440000000000	-0.21863745457526
3.0480000000000	-0.23702014027530
3.0520000000000	-0.25818157767547
3.0560000000000	-0.28270277112238
3.0600000000000	-0.31132147463449
3.0640000000000	-0.34498439578836
3.0680000000000	-0.38492014472624
3.0720000000000	-0.43274246219297
3.0760000000000	-0.49059814472113
3.0800000000000	-0.56138159535425
3.0840000000000	-0.64904933102168
3.0880000000000	-0.75908446325836
3.0920000000000	-0.89918334726868
3.0960000000000	-1.0802582949373
3.1000000000000	-1.3178423644171
3.1040000000000	-1.6338383838695
3.1080000000000	-2.0579272053089
3.1120000000000	-2.6258064516675
3.1160000000000	-3.3651994977370
3.1200000000000	-4.2472837414298
3.1240000000000	-5.0806081150580
3.1280000000000	-5.4597248202995
3.1320000000000	-5.1119788423676
3.1360000000000	-4.2874846404554
3.1400000000000	-3.3984492934533
3.1440000000000	-2.6483903388709
3.1480000000000	-2.0713659813901
3.1520000000000	-1.6406514514198
3.1560000000000	-1.3201778906028
3.1600000000000	-1.0796736802850
3.1640000000000	-0.89674320390731
3.1680000000000	-0.75550099176364
3.1720000000000	-0.64479614556882
3.1760000000000	-0.55677381800836
3.1800000000000	-0.48584596549004
3.1840000000000	-0.42798633457805
3.1880000000000	-0.38025385416133
3.1920000000000	-0.34047024888432
3.1960000000000	-0.30700038058012
3.2000000000000	-0.27860099627656
3.2040000000000	-0.25431531564956
3.2080000000000	-0.23339863350569
3.2120000000000	-0.21526514540690
3.2160000000000	-0.19944947105418
3.2200000000000	-0.18557848056856
3.2240000000000	-0.17335042982613
3.2280000000000	-0.16251934152209
3.2320000000000	-0.15288319339081
3.2360000000000	-0.14427489917698
3.2400000000000	-0.13655535917502
3.2440000000000	-0.12960805931132
3.2480000000000	-0.12333483958571
3.2520000000000	-0.11765255324694
3.2560000000000	-0.11249041007982
3.2600000000000	-0.10778784923326
3.2640000000000	-0.10349282499168
3.2680000000000	-0.099560416837983
3.2720000000000	-0.095951695895078
3.2760000000000	-0.092632795345357
3.2800000000000	-0.089574144120120
3.2840000000000	-0.086749832027926
3.2880000000000	-0.084137081277115
3.2920000000000	-0.081715804570461
3.2960000000000	-0.079468233994258
3.3000000000000	-0.077378608075610
3.3040000000000	-0.075432906851210
3.3080000000000	-0.073618626736923
3.3120000000000	-0.071924588529270
3.3160000000000	-0.070340773097479
3.3200000000000	-0.068858180307000
3.3240000000000	-0.067468707505151
3.3280000000000	-0.066165044537161
3.3320000000000	-0.064940582778158
3.3360000000000	-0.063789336087767
3.3400000000000	-0.062705871938581
3.3440000000000	-0.061685251252351
3.3480000000000	-0.060722975710802
3.3520000000000	-0.059814941500545
3.3560000000000	-0.058957398611437
3.3600000000000	-0.058146914940746
3.3640000000000	-0.057380344566658
3.3680000000000	-0.056654799647800
3.3720000000000	-0.055967625483573
3.3760000000000	-0.055316378336183
3.3800000000000	-0.054698805670952
3.3840000000000	-0.054112828518601
3.3880000000000	-0.053556525703537
3.3920000000000	-0.053028119716219
3.3960000000000	-0.052525964036903
3.4000000000000	-0.052048531743164
3.4040000000000	-0.051594405254860
3.4080000000000	-0.051162267088861
3.4120000000000	-0.050750891511594
3.4160000000000	-0.050359136991307
3.4200000000000	-0.049985939363768
3.4240000000000	-0.049630305635495
3.4280000000000	-0.049291308357504
3.4320000000000	-0.048968080510441
3.4360000000000	-0.048659810848682
3.4400000000000	-0.048365739657051
3.4440000000000	-0.048085154878870
3.4480000000000	-0.047817388578782
3.4520000000000	-0.047561813707648
3.4560000000000	-0.047317841140481
3.4600000000000	-0.047084916961370
3.4640000000000	-0.046862519972228
3.4680000000000	-0.046650159404477
3.4720000000000	-0.046447372815092
3.4760000000000	-0.046253724150156
3.4800000000000	-0.046068801960955
3.4840000000000	-0.045892217758994
3.4880000000000	-0.045723604497739
3.4920000000000	-0.045562615170062
3.4960000000000	-0.045408921511432
3.5000000000000	-0.045262212799847
3.5040000000000	-0.045122194744328
3.5080000000000	-0.044988588454659
3.5120000000000	-0.044861129485572
3.5160000000000	-0.044739566949394
3.5200000000000	-0.044623662691514
3.5240000000000	-0.044513190523769
3.5280000000000	-0.044407935510972
3.5320000000000	-0.044307693306637
3.5360000000000	-0.044212269533876
3.5400000000000	-0.044121479208088
3.5440000000000	-0.044035146198241
3.5480000000000	-0.043953102723819
3.5520000000000	-0.043875188884750
3.5560000000000	-0.043801252221903
3.5600000000000	-0.043731147305870
3.5640000000000	-0.043664735351998
3.5680000000000	-0.043601883859758
3.5720000000000	-0.043542466274740
3.5760000000000	-0.043486361671611
3.5800000000000	-0.043433454456626
3.5840000000000	-0.043383634088296
3.5880000000000	-0.043336794814954
3.5920000000000	-0.043292835428086
3.5960000000000	-0.043251659030323
3.6000000000000	-0.043213172817130
3.6040000000000	-0.043177287871286
3.6080000000000	-0.043143918969258
3.6120000000000	-0.043112984398764
3.6160000000000	-0.043084405786711
3.6200000000000	-0.043058107936914
3.6240000000000	-0.043034018676900
3.6280000000000	-0.043012068713286
3.6320000000000	-0.042992191495129
3.6360000000000	-0.042974323084788
3.6400000000000	-0.042958402035811
3.6440000000000	-0.042944369277434
3.6480000000000	-0.042932168005251
3.6520000000000	-0.042921743577724
3.6560000000000	-0.042913043418149
3.6600000000000	-0.042906016921769
3.6640000000000	-0.042900615367702
3.6680000000000	-0.042896791835452
3.6720000000000	-0.042894501125665
3.6760000000000	-0.042893699684947
3.6800000000000	-0.042894345534473
3.6840000000000	-0.042896398202174
3.6880000000000	-0.042899818658309
3.6920000000000	-0.042904569254226
3.6960000000000	-0.042910613664132
3.7000000000000	-0.042917916829700
3.7040000000000	-0.042926444907364
3.7080000000000	-0.042936165218154
3.7120000000000	-0.042947046199918
3.7160000000000	-0.042959057361833
3.7200000000000	-0.042972169241035
3.7240000000000	-0.042986353361304
3.7280000000000	-0.043001582193667
3.7320000000000	-0.043017829118805
3.7360000000000	-0.043035068391208
3.7400000000000	-0.043053275104964
3.7440000000000	-0.043072425161086
3.7480000000000	-0.043092495236322
3.7520000000000	-0.043113462753354
3.7560000000000	-0.043135305852337
3.7600000000000	-0.043158003363677
3.7640000000000	-0.043181534782017
3.7680000000000	-0.043205880241357
3.7720000000000	-0.043231020491250
3.7760000000000	-0.043256936874033
3.7800000000000	-0.043283611303018
3.7840000000000	-0.043311026241630
3.7880000000000	-0.043339164683421
3.7920000000000	-0.043368010132919
3.7960000000000	-0.043397546587291
3.8000000000000	-0.043427758518751
3.8040000000000	-0.043458630857722
3.8080000000000	-0.043490148976666
3.8120000000000	-0.043522298674578
3.8160000000000	-0.043555066162130
3.8200000000000	-0.043588438047388
3.8240000000000	-0.043622401322125
3.8280000000000	-0.043656943348663
3.8320000000000	-0.043692051847254
3.8360000000000	-0.043727714883948
3.8400000000000	-0.043763920858938
3.8440000000000	-0.043800658495376
3.8480000000000	-0.043837916828591
3.8520000000000	-0.043875685195760
3.8560000000000	-0.043913953225956
3.8600000000000	-0.043952710830571
3.8640000000000	-0.043991948194120
3.8680000000000	-0.044031655765380
3.8720000000000	-0.044071824248870
3.8760000000000	-0.044112444596641
3.8800000000000	-0.044153508000381
3.8840000000000	-0.044195005883806
3.8880000000000	-0.044236929895329
3.8920000000000	-0.044279271901004
3.8960000000000	-0.044322023977730
3.9000000000000	-0.044365178406683
3.9040000000000	-0.044408727667005
3.9080000000000	-0.044452664429717
3.9120000000000	-0.044496981551830
3.9160000000000	-0.044541672070690
3.9200000000000	-0.044586729198512
3.9240000000000	-0.044632146317096
3.9280000000000	-0.044677916972754
3.9320000000000	-0.044724034871378
3.9360000000000	-0.044770493873718
3.9400000000000	-0.044817287990791
3.9440000000000	-0.044864411379459
3.9480000000000	-0.044911858338172
3.9520000000000	-0.044959623302821
3.9560000000000	-0.045007700842772
3.9600000000000	-0.045056085657001
3.9640000000000	-0.045104772570385
3.9680000000000	-0.045153756530081
3.9720000000000	-0.045203032602073
3.9760000000000	-0.045252595967786
3.9800000000000	-0.045302441920841
3.9840000000000	-0.045352565863915
3.9880000000000	-0.045402963305673
3.9920000000000	-0.045453629857850
3.9960000000000	-0.045504561232383
4.0000000000000	-0.045555753238645
4.0040000000000	-0.045607201780794
4.0080000000000	-0.045658902855169
4.0120000000000	-0.045710852547793
4.0160000000000	-0.045763047031942
4.0200000000000	-0.045815482565809
4.0240000000000	-0.045868155490203
4.0280000000000	-0.045921062226371
4.0320000000000	-0.045974199273847
4.0360000000000	-0.046027563208375
4.0400000000000	-0.046081150679921
4.0440000000000	-0.046134958410704
4.0480000000000	-0.046188983193327
4.0520000000000	-0.046243221888937
4.0560000000000	-0.046297671425465
4.0600000000000	-0.046352328795878
4.0640000000000	-0.046407191056537
4.0680000000000	-0.046462255325560
4.0720000000000	-0.046517518781265
4.0760000000000	-0.046572978660624
4.0800000000000	-0.046628632257805
4.0840000000000	-0.046684476922718
4.0880000000000	-0.046740510059627
4.0920000000000	-0.046796729125796
4.0960000000000	-0.046853131630174
4.1000000000000	-0.046909715132112
4.1040000000000	-0.046966477240128
4.1080000000000	-0.047023415610701
4.1120000000000	-0.047080527947095
4.1160000000000	-0.047137811998230
4.1200000000000	-0.047195265557566
4.1240000000000	-0.047252886462037
4.1280000000000	-0.047310672591003
4.1320000000000	-0.047368621865230
4.1360000000000	-0.047426732245914
4.1400000000000	-0.047485001733713
4.1440000000000	-0.047543428367813
4.1480000000000	-0.047602010225025
4.1520000000000	-0.047660745418902
4.1560000000000	-0.047719632098875
4.1600000000000	-0.047778668449422
4.1640000000000	-0.047837852689255
4.1680000000000	-0.047897183070525
4.1720000000000	-0.047956657878061
4.1760000000000	-0.048016275428609
4.1800000000000	-0.048076034070113
4.1840000000000	-0.048135932181000
4.1880000000000	-0.048195968169487
4.1920000000000	-0.048256140472918
4.1960000000000	-0.048316447557096
4.2000000000000	-0.048376887915654
4.2040000000000	-0.048437460069427
4.2080000000000	-0.048498162565856
4.2120000000000	-0.048558993978387
4.2160000000000	-0.048619952905903
4.2200000000000	-0.048681037972163
4.2240000000000	-0.048742247825258
4.2280000000000	-0.048803581137076
4.2320000000000	-0.048865036602792
4.2360000000000	-0.048926612940347
4.2400000000000	-0.048988308889974
4.2440000000000	-0.049050123213705
4.2480000000000	-0.049112054694913
4.2520000000000	-0.049174102137845
4.2560000000000	-0.049236264367188
4.2600000000000	-0.049298540227627
4.2640000000000	-0.049360928583427
4.2680000000000	-0.049423428318019
4.2720000000000	-0.049486038333594
4.2760000000000	-0.049548757550712
4.2800000000000	-0.049611584907925
4.2840000000000	-0.049674519361392
4.2880000000000	-0.049737559884527
4.2920000000000	-0.049800705467625
4.2960000000000	-0.049863955117530
4.3000000000000	-0.049927307857301
4.3040000000000	-0.049990762725853
4.3080000000000	-0.050054318777662
4.3120000000000	-0.050117975082437
4.3160000000000	-0.050181730724814
4.3200000000000	-0.050245584804050
4.3240000000000	-0.050309536433739
4.3280000000000	-0.050373584741516
4.3320000000000	-0.050437728868787
4.3360000000000	-0.050501967970436
4.3400000000000	-0.050566301214579
4.3440000000000	-0.050630727782295
4.3480000000000	-0.050695246867360
4.3520000000000	-0.050759857676015
4.3560000000000	-0.050824559426711
4.3600000000000	-0.050889351349873
4.3640000000000	-0.050954232687667
4.3680000000000	-0.051019202693774
4.3720000000000	-0.051084260633172
4.3760000000000	-0.051149405781899
4.3800000000000	-0.051214637426871
4.3840000000000	-0.051279954865647
4.3880000000000	-0.051345357406241
4.3920000000000	-0.051410844366918
4.3960000000000	-0.051476415075998
4.4000000000000	-0.051542068871674
4.4040000000000	-0.051607805101815
4.4080000000000	-0.051673623123795
4.4120000000000	-0.051739522304303
4.4160000000000	-0.051805502019185
4.4200000000000	-0.051871561653254
4.4240000000000	-0.051937700600144
4.4280000000000	-0.052003918262134
4.4320000000000	-0.052070214049992
4.4360000000000	-0.052136587382816
4.4400000000000	-0.052203037687891
4.4440000000000	-0.052269564400527
4.4480000000000	-0.052336166963920
4.4520000000000	-0.052402844829012
4.4560000000000	-0.052469597454342
4.4600000000000	-0.052536424305911
4.4640000000000	-0.052603324857062
4.4680000000000	-0.052670298588321
4.4720000000000	-0.052737344987293
4.4760000000000	-0.052804463548527
4.4800000000000	-0.052871653773389
4.4840000000000	-0.052938915169946
4.4880000000000	-0.053006247252848
4.4920000000000	-0.053073649543207
4.4960000000000	-0.053141121568487
4.5000000000000	-0.053208662862396
4.5040000000000	-0.053276272964772
4.5080000000000	-0.053343951421471
4.5120000000000	-0.053411697784279
4.5160000000000	-0.053479511610790
4.5200000000000	-0.053547392464328
4.5240000000000	-0.053615339913818
4.5280000000000	-0.053683353533724
4.5320000000000	-0.053751432903925
4.5360000000000	-0.053819577609643
4.5400000000000	-0.053887787241343
4.5440000000000	-0.053956061394639
4.5480000000000	-0.054024399670220
4.5520000000000	-0.054092801673759
4.5560000000000	-0.054161267015816
4.5600000000000	-0.054229795311783
4.5640000000000	-0.054298386181776
4.5680000000000	-0.054367039250570
4.5720000000000	-0.054435754147523
4.5760000000000	-0.054504530506496
4.5800000000000	-0.054573367965774
4.5840000000000	-0.054642266168006
4.5880000000000	-0.054711224760113
4.5920000000000	-0.054780243393240
4.5960000000000	-0.054849321722671
4.6000000000000	-0.054918459407772
4.6040000000000	-0.054987656111917
4.6080000000000	-0.055056911502422
4.6120000000000	-0.055126225250493
4.6160000000000	-0.055195597031148
4.6200000000000	-0.055265026523164
4.6240000000000	-0.055334513409017
4.6280000000000	-0.055404057374821
4.6320000000000	-0.055473658110268
4.6360000000000	-0.055543315308575
4.6400000000000	-0.055613028666421
4.6440000000000	-0.055682797883904
4.6480000000000	-0.055752622664478
4.6520000000000	-0.055822502714898
4.6560000000000	-0.055892437745174
4.6600000000000	-0.055962427468521
4.6640000000000	-0.056032471601303
4.6680000000000	-0.056102569862990
4.6720000000000	-0.056172721976101
4.6760000000000	-0.056242927666169
4.6800000000000	-0.056313186661683
4.6840000000000	-0.056383498694049
4.6880000000000	-0.056453863497543
4.6920000000000	-0.056524280809265
4.6960000000000	-0.056594750369101
4.7000000000000	-0.056665271919674
4.7040000000000	-0.056735845206309
4.7080000000000	-0.056806469976984
4.7120000000000	-0.056877145982299
4.7160000000000	-0.056947872975430
4.7200000000000	-0.057018650712091
4.7240000000000	-0.057089478950495
4.7280000000000	-0.057160357451319
4.7320000000000	-0.057231285977669
4.7360000000000	-0.057302264295041
4.7400000000000	-0.057373292171279
4.7440000000000	-0.057444369376554
4.7480000000000	-0.057515495683314
4.7520000000000	-0.057586670866267
4.7560000000000	-0.057657894702335
4.7600000000000	-0.057729166970625
4.7640000000000	-0.057800487452394
4.7680000000000	-0.057871855931030
4.7720000000000	-0.057943272192002
4.7760000000000	-0.058014736022848
4.7800000000000	-0.058086247213130
4.7840000000000	-0.058157805554411
4.7880000000000	-0.058229410840234
4.7920000000000	-0.058301062866076
4.7960000000000	-0.058372761429335
4.8000000000000	-0.058444506329301
4.8040000000000	-0.058516297367114
4.8080000000000	-0.058588134345756
4.8120000000000	-0.058660017070020
4.8160000000000	-0.058731945346478
4.8200000000000	-0.058803918983458
4.8240000000000	-0.058875937791028
4.8280000000000	-0.058948001580950
4.8320000000000	-0.059020110166688
4.8360000000000	-0.059092263363354
4.8400000000000	-0.059164460987703
4.8440000000000	-0.059236702858100
4.8480000000000	-0.059308988794506
4.8520000000000	-0.059381318618453
4.8560000000000	-0.059453692153014
4.8600000000000	-0.059526109222796
4.8640000000000	-0.059598569653910
4.8680000000000	-0.059671073273947
4.8720000000000	-0.059743619911965
4.8760000000000	-0.059816209398470
4.8800000000000	-0.059888841565390
4.8840000000000	-0.059961516246057
4.8880000000000	-0.060034233275186
4.8920000000000	-0.060106992488869
4.8960000000000	-0.060179793724536
4.9000000000000	-0.060252636820954
4.9040000000000	-0.060325521618201
4.9080000000000	-0.060398447957648
4.9120000000000	-0.060471415681944
4.9160000000000	-0.060544424635001
4.9200000000000	-0.060617474661972
4.9240000000000	-0.060690565609237
4.9280000000000	-0.060763697324387
4.9320000000000	-0.060836869656208
4.9360000000000	-0.060910082454662
4.9400000000000	-0.060983335570881
4.9440000000000	-0.061056628857137
4.9480000000000	-0.061129962166840
4.9520000000000	-0.061203335354517
4.9560000000000	-0.061276748275790
4.9600000000000	-0.061350200787385
4.9640000000000	-0.061423692747092
4.9680000000000	-0.061497224013767
4.9720000000000	-0.061570794447307
4.9760000000000	-0.061644403908646
4.9800000000000	-0.061718052259742
4.9840000000000	-0.061791739363550
4.9880000000000	-0.061865465084030
4.9920000000000	-0.061939229286114
4.9960000000000	-0.062013031835712
5.0000000000000	-0.062086872599680
#Parameters = {D_center=12; L1=14.5; L2=2; L3=2; L4=15; L_diff=2.83; L_sub=45.66; W_50=1.36; W_sub=45.66; Z_mid=22.83; cm=0.3; ct=12; g_slot=0.8; h1=2; h2=2; h3=2; h4=2; h_sub=0.4; hole_puncher=0.87365; hole_puncher1=0.9; margin=1.6; needle_radius=0.635; nutrient_solution=0.01; pipe_OD=50; pipe_Ri=8; pipe_Ro=10; r_SRR=20; r_SRR_in=16.1; sigma_fluid=0.5; spacing=0.4; t_PDMS_microstrip=0.35; t_SRR=0.07; t_gnd=0.07; t_metal=0.5; t_microstrip=0.07; t_wall=2; w_channel=3.5; w_diff=2.83}
#"Frequency / GHz"	"S1,1 (22) [Magnitude / dB]"
#----------------------------------------------
1.0000000000000	-0.0066757464067322
1.0040000000000	-0.0067125535606262
1.0080000000000	-0.0067494134608164
1.0120000000000	-0.0067863261403299
1.0160000000000	-0.0068232916326277
1.0200000000000	-0.0068603099715874
1.0240000000000	-0.0068973811915280
1.0280000000000	-0.0069345053271930
1.0320000000000	-0.0069716824137761
1.0360000000000	-0.0070089124869118
1.0400000000000	-0.0070461955826817
1.0440000000000	-0.0070835317376212
1.0480000000000	-0.0071209209887283
1.0520000000000	-0.0071583633734658
1.0560000000000	-0.0071958589297480
1.0600000000000	-0.0072334076959869
1.0640000000000	-0.0072710097110498
1.0680000000000	-0.0073086650142977
1.0720000000000	-0.0073463736455739
1.0760000000000	-0.0073841356452188
1.0800000000000	-0.0074219510540673
1.0840000000000	-0.0074598199134571
1.0880000000000	-0.0074977422652322
1.0920000000000	-0.0075357181517502
1.0960000000000	-0.0075737476158875
1.1000000000000	-0.0076118307010482
1.1040000000000	-0.0076499674511565
1.1080000000000	-0.0076881579106810
1.1120000000000	-0.0077264021246255
1.1160000000000	-0.0077647001385392
1.1200000000000	-0.0078030519985252
1.1240000000000	-0.0078414577512422
1.1280000000000	-0.0078799174439185
1.1320000000000	-0.0079184311243440
1.1360000000000	-0.0079569988408905
1.1400000000000	-0.0079956206425059
1.1440000000000	-0.0080342965787299
1.1480000000000	-0.0080730266996966
1.1520000000000	-0.0081118110561395
1.1560000000000	-0.0081506496993963
1.1600000000000	-0.0081895426814264
1.1640000000000	-0.0082284900548011
1.1680000000000	-0.0082674918727240
1.1720000000000	-0.0083065481890319
1.1760000000000	-0.0083456590581968
1.1800000000000	-0.0083848245353453
1.1840000000000	-0.0084240446762555
1.1880000000000	-0.0084633195373641
1.1920000000000	-0.0085026491757863
1.1960000000000	-0.0085420336493065
1.2000000000000	-0.0085814730163917
1.2040000000000	-0.0086209673362049
1.2080000000000	-0.0086605166686045
1.2120000000000	-0.0087001210741614
1.2160000000000	-0.0087397806141502
1.2200000000000	-0.0087794953505778
1.2240000000000	-0.0088192653461857
1.2280000000000	-0.0088590906644388
1.2320000000000	-0.0088989713695590
1.2360000000000	-0.0089389075265243
1.2400000000000	-0.0089788992010740
1.2440000000000	-0.0090189464597215
1.2480000000000	-0.0090590493697561
1.2520000000000	-0.0090992079992646
1.2560000000000	-0.0091394224171297
1.2600000000000	-0.0091796926930396
1.2640000000000	-0.0092200188975055
1.2680000000000	-0.0092604011018556
1.2720000000000	-0.0093008393782683
1.2760000000000	-0.0093413337997533
1.2800000000000	-0.0093818844401882
1.2840000000000	-0.0094224913743041
1.2880000000000	-0.0094631546777124
1.2920000000000	-0.0095038744269111
1.2960000000000	-0.0095446506992967
1.3000000000000	-0.0095854835731641
1.3040000000000	-0.0096263731277260
1.3080000000000	-0.0096673194431265
1.3120000000000	-0.0097083226004465
1.3160000000000	-0.0097493826817170
1.3200000000000	-0.0097904997699186
1.3240000000000	-0.0098316739490191
1.3280000000000	-0.0098729053039585
1.3320000000000	-0.0099141939206740
1.3360000000000	-0.0099555398861143
1.3400000000000	-0.0099969432882350
1.3440000000000	-0.010038404216033
1.3480000000000	-0.010079922759539
1.3520000000000	-0.010121499009845
1.3560000000000	-0.010163133059109
1.3600000000000	-0.010204825000567
1.3640000000000	-0.010246574928556
1.3680000000000	-0.010288382938509
1.3720000000000	-0.010330249126984
1.3760000000000	-0.010372173591677
1.3800000000000	-0.010414156431423
1.3840000000000	-0.010456197746225
1.3880000000000	-0.010498297637259
1.3920000000000	-0.010540456206892
1.3960000000000	-0.010582673558693
1.4000000000000	-0.010624949797451
1.4040000000000	-0.010667285029198
1.4080000000000	-0.010709679361196
1.4120000000000	-0.010752132901992
1.4160000000000	-0.010794645761402
1.4200000000000	-0.010837218050543
1.4240000000000	-0.010879849881846
1.4280000000000	-0.010922541369067
1.4320000000000	-0.010965292627310
1.4360000000000	-0.011008103773042
1.4400000000000	-0.011050974924110
1.4440000000000	-0.011093906199757
1.4480000000000	-0.011136897720642
1.4520000000000	-0.011179949608858
1.4560000000000	-0.011223061987943
1.4600000000000	-0.011266234982913
1.4640000000000	-0.011309468720268
1.4680000000000	-0.011352763328015
1.4720000000000	-0.011396118935689
1.4760000000000	-0.011439535674366
1.4800000000000	-0.011483013676700
1.4840000000000	-0.011526553076919
1.4880000000000	-0.011570154010864
1.4920000000000	-0.011613816616002
1.4960000000000	-0.011657541031452
1.5000000000000	-0.011701327397999
1.5040000000000	-0.011745175858123
1.5080000000000	-0.011789086556020
1.5120000000000	-0.011833059637620
1.5160000000000	-0.011877095250616
1.5200000000000	-0.011921193544475
1.5240000000000	-0.011965354670489
1.5280000000000	-0.012009578781763
1.5320000000000	-0.012053866033268
1.5360000000000	-0.012098216581848
1.5400000000000	-0.012142630586256
1.5440000000000	-0.012187108207176
1.5480000000000	-0.012231649607245
1.5520000000000	-0.012276254951090
1.5560000000000	-0.012320924405339
1.5600000000000	-0.012365658138662
1.5640000000000	-0.012410456321793
1.5680000000000	-0.012455319127557
1.5720000000000	-0.012500246730901
1.5760000000000	-0.012545239308930
1.5800000000000	-0.012590297040915
1.5840000000000	-0.012635420108342
1.5880000000000	-0.012680608694947
1.5920000000000	-0.012725862986726
1.5960000000000	-0.012771183171977
1.6000000000000	-0.012816569441341
1.6040000000000	-0.012862021987824
1.6080000000000	-0.012907541006825
1.6120000000000	-0.012953126696193
1.6160000000000	-0.012998779256226
1.6200000000000	-0.013044498889741
1.6240000000000	-0.013090285802084
1.6280000000000	-0.013136140201178
1.6320000000000	-0.013182062297565
1.6360000000000	-0.013228052304416
1.6400000000000	-0.013274110437609
1.6440000000000	-0.013320236915734
1.6480000000000	-0.013366431960151
1.6520000000000	-0.013412695795018
1.6560000000000	-0.013459028647342
1.6600000000000	-0.013505430747006
1.6640000000000	-0.013551902326836
1.6680000000000	-0.013598443622611
1.6720000000000	-0.013645054873135
1.6760000000000	-0.013691736320265
1.6800000000000	-0.013738488208954
1.6840000000000	-0.013785310787313
1.6880000000000	-0.013832204306642
1.6920000000000	-0.013879169021475
1.6960000000000	-0.013926205189657
1.7000000000000	-0.013973313072348
1.7040000000000	-0.014020492934110
1.7080000000000	-0.014067745042936
1.7120000000000	-0.014115069670321
1.7160000000000	-0.014162467091292
1.7200000000000	-0.014209937584480
1.7240000000000	-0.014257481432165
1.7280000000000	-0.014305098920334
1.7320000000000	-0.014352790338737
1.7360000000000	-0.014400555980947
1.7400000000000	-0.014448396144416
1.7440000000000	-0.014496311130532
1.7480000000000	-0.014544301244688
1.7520000000000	-0.014592366796336
1.7560000000000	-0.014640508099056
1.7600000000000	-0.014688725470611
1.7640000000000	-0.014737019233024
1.7680000000000	-0.014785389712639
1.7720000000000	-0.014833837240184
1.7760000000000	-0.014882362150851
1.7800000000000	-0.014930964784353
1.7840000000000	-0.014979645485017
1.7880000000000	-0.015028404601832
1.7920000000000	-0.015077242488537
1.7960000000000	-0.015126159503698
1.8000000000000	-0.015175156010776
1.8040000000000	-0.015224232378224
1.8080000000000	-0.015273388979542
1.8120000000000	-0.015322626193386
1.8160000000000	-0.015371944403631
1.8200000000000	-0.015421343999461
1.8240000000000	-0.015470825375466
1.8280000000000	-0.015520388931719
1.8320000000000	-0.015570035073870
1.8360000000000	-0.015619764213241
1.8400000000000	-0.015669576766916
1.8440000000000	-0.015719473157841
1.8480000000000	-0.015769453814910
1.8520000000000	-0.015819519173087
1.8560000000000	-0.015869669673488
1.8600000000000	-0.015919905763490
1.8640000000000	-0.015970227896842
1.8680000000000	-0.016020636533766
1.8720000000000	-0.016071132141072
1.8760000000000	-0.016121715192272
1.8800000000000	-0.016172386167683
1.8840000000000	-0.016223145554567
1.8880000000000	-0.016273993847221
1.8920000000000	-0.016324931547131
1.8960000000000	-0.016375959163061
1.9000000000000	-0.016427077211221
1.9040000000000	-0.016478286215360
1.9080000000000	-0.016529586706922
1.9120000000000	-0.016580979225172
1.9160000000000	-0.016632464317335
1.9200000000000	-0.016684042538741
1.9240000000000	-0.016735714452963
1.9280000000000	-0.016787480631973
1.9320000000000	-0.016839341656288
1.9360000000000	-0.016891298115121
1.9400000000000	-0.016943350606544
1.9440000000000	-0.016995499737644
1.9480000000000	-0.017047746124692
1.9520000000000	-0.017100090393306
1.9560000000000	-0.017152533178631
1.9600000000000	-0.017205075125503
1.9640000000000	-0.017257716888633
1.9680000000000	-0.017310459132797
1.9720000000000	-0.017363302533012
1.9760000000000	-0.017416247774740
1.9800000000000	-0.017469295554073
1.9840000000000	-0.017522446577940
1.9880000000000	-0.017575701564313
1.9920000000000	-0.017629061242413
1.9960000000000	-0.017682526352926
2.0000000000000	-0.017736097648225
2.0040000000000	-0.017789775892599
2.0080000000000	-0.017843561862463
2.0120000000000	-0.017897456346628
2.0160000000000	-0.017951460146506
2.0200000000000	-0.018005574076384
2.0240000000000	-0.018059798963665
2.0280000000000	-0.018114135649123
2.0320000000000	-0.018168584987183
2.0360000000000	-0.018223147846178
2.0400000000000	-0.018277825108637
2.0440000000000	-0.018332617671565
2.0480000000000	-0.018387526446736
2.0520000000000	-0.018442552360992
2.0560000000000	-0.018497696356554
2.0600000000000	-0.018552959391331
2.0640000000000	-0.018608342439246
2.0680000000000	-0.018663846490568
2.0720000000000	-0.018719472552242
2.0760000000000	-0.018775221648252
2.0800000000000	-0.018831094819961
2.0840000000000	-0.018887093126490
2.0880000000000	-0.018943217645087
2.0920000000000	-0.018999469471510
2.0960000000000	-0.019055849720436
2.1000000000000	-0.019112359525837
2.1040000000000	-0.019169000041436
2.1080000000000	-0.019225772441101
2.1120000000000	-0.019282677919301
2.1160000000000	-0.019339717691557
2.1200000000000	-0.019396892994898
2.1240000000000	-0.019454205088336
2.1280000000000	-0.019511655253366
2.1320000000000	-0.019569244794463
2.1360000000000	-0.019626975039586
2.1400000000000	-0.019684847340737
2.1440000000000	-0.019742863074474
2.1480000000000	-0.019801023642500
2.1520000000000	-0.019859330472222
2.1560000000000	-0.019917785017358
2.1600000000000	-0.019976388758541
2.1640000000000	-0.020035143203946
2.1680000000000	-0.020094049889946
2.1720000000000	-0.020153110381774
2.1760000000000	-0.020212326274208
2.1800000000000	-0.020271699192280
2.1840000000000	-0.020331230792008
2.1880000000000	-0.020390922761140
2.1920000000000	-0.020450776819932
2.1960000000000	-0.020510794721943
2.2000000000000	-0.020570978254859
2.2040000000000	-0.020631329241348
2.2080000000000	-0.020691849539920
2.2120000000000	-0.020752541045838
2.2160000000000	-0.020813405692054
2.2200000000000	-0.020874445450158
2.2240000000000	-0.020935662331386
2.2280000000000	-0.020997058387634
2.2320000000000	-0.021058635712517
2.2360000000000	-0.021120396442482
2.2400000000000	-0.021182342757910
2.2440000000000	-0.021244476884310
2.2480000000000	-0.021306801093521
2.2520000000000	-0.021369317704959
2.2560000000000	-0.021432029086924
2.2600000000000	-0.021494937657924
2.2640000000000	-0.021558045888078
2.2680000000000	-0.021621356300549
2.2720000000000	-0.021684871473032
2.2760000000000	-0.021748594039299
2.2800000000000	-0.021812526690801
2.2840000000000	-0.021876672178329
2.2880000000000	-0.021941033313731
2.2920000000000	-0.022005612971712
2.2960000000000	-0.022070414091669
2.3000000000000	-0.022135439679642
2.3040000000000	-0.022200692810305
2.3080000000000	-0.022266176629041
2.3120000000000	-0.022331894354127
2.3160000000000	-0.022397849278961
2.3200000000000	-0.022464044774425
2.3240000000000	-0.022530484291315
2.3280000000000	-0.022597171362881
2.3320000000000	-0.022664109607485
2.3360000000000	-0.022731302731345
2.3400000000000	-0.022798754531427
2.3440000000000	-0.022866468898440
2.3480000000000	-0.022934449819984
2.3520000000000	-0.023002701383801
2.3560000000000	-0.023071227781231
2.3600000000000	-0.023140033310755
2.3640000000000	-0.023209122381767
2.3680000000000	-0.023278499518474
2.3720000000000	-0.023348169364005
2.3760000000000	-0.023418136684710
2.3800000000000	-0.023488406374664
2.3840000000000	-0.023558983460391
2.3880000000000	-0.023629873105840
2.3920000000000	-0.023701080617585
2.3960000000000	-0.023772611450298
2.4000000000000	-0.023844471212526
2.4040000000000	-0.023916665672742
2.4080000000000	-0.023989200765724
2.4120000000000	-0.024062082599289
2.4160000000000	-0.024135317461387
2.4200000000000	-0.024208911827577
2.4240000000000	-0.024282872368939
2.4280000000000	-0.024357205960422
2.4320000000000	-0.024431919689683
2.4360000000000	-0.024507020866431
2.4400000000000	-0.024582517032345
2.4440000000000	-0.024658415971562
2.4480000000000	-0.024734725721825
2.4520000000000	-0.024811454586326
2.4560000000000	-0.024888611146263
2.4600000000000	-0.024966204274246
2.4640000000000	-0.025044243148527
2.4680000000000	-0.025122737268197
2.4720000000000	-0.025201696469378
2.4760000000000	-0.025281130942534
2.4800000000000	-0.025361051250963
2.4840000000000	-0.025441468350576
2.4880000000000	-0.025522393611116
2.4920000000000	-0.025603838838858
2.4960000000000	-0.025685816301033
2.5000000000000	-0.025768338752026
2.5040000000000	-0.025851419461608
2.5080000000000	-0.025935072245291
2.5120000000000	-0.026019311497115
2.5160000000000	-0.026104152225003
2.5200000000000	-0.026189610089013
2.5240000000000	-0.026275701442721
2.5280000000000	-0.026362443378077
2.5320000000000	-0.026449853774079
2.5360000000000	-0.026537951349673
2.5400000000000	-0.026626755721305
2.5440000000000	-0.026716287465648
2.5480000000000	-0.026806568188029
2.5520000000000	-0.026897620597245
2.5560000000000	-0.026989468587431
2.5600000000000	-0.027082137327784
2.5640000000000	-0.027175653361127
2.5680000000000	-0.027270044712251
2.5720000000000	-0.027365341007279
2.5760000000000	-0.027461573605384
2.5800000000000	-0.027558775744367
2.5840000000000	-0.027656982701866
2.5880000000000	-0.027756231974187
2.5920000000000	-0.027856563475081
2.5960000000000	-0.027958019757084
2.6000000000000	-0.028060646258487
2.6040000000000	-0.028164491579494
2.6080000000000	-0.028269607791616
2.6120000000000	-0.028376050785094
2.6160000000000	-0.028483880659856
2.6200000000000	-0.028593162166542
2.6240000000000	-0.028703965205085
2.6280000000000	-0.028816365389817
2.6320000000000	-0.028930444691591
2.6360000000000	-0.029046292169263
2.6400000000000	-0.029164004805260
2.6440000000000	-0.029283688462723
2.6480000000000	-0.029405458985037
2.6520000000000	-0.029529443462768
2.6560000000000	-0.029655781698019
2.6600000000000	-0.029784627902451
2.6640000000000	-0.029916152672854
2.6680000000000	-0.030050545297742
2.6720000000000	-0.030188016460201
2.6760000000000	-0.030328801417169
2.6800000000000	-0.030473163753945
2.6840000000000	-0.030621399836516
2.6880000000000	-0.030773844114258
2.6920000000000	-0.030930875464339
2.6960000000000	-0.031092924818701
2.7000000000000	-0.031260484379057
2.7040000000000	-0.031434118809438
2.7080000000000	-0.031614478906433
2.7120000000000	-0.031802318393861
2.7160000000000	-0.031998514684202
2.7200000000000	-0.032204094712628
2.7240000000000	-0.032420267307153
2.7280000000000	-0.032648464049074
2.7320000000000	-0.032890391256804
2.7360000000000	-0.033148096676444
2.7400000000000	-0.033424055806167
2.7440000000000	-0.033721284705028
2.7480000000000	-0.034043488924048
2.7520000000000	-0.034395262290389
2.7560000000000	-0.034782355370707
2.7600000000000	-0.035212042652500
2.7640000000000	-0.035693631628657
2.7680000000000	-0.036239179055234
2.7720000000000	-0.036864514734916
2.7760000000000	-0.037590729917621
2.7800000000000	-0.038446380856948
2.7840000000000	-0.039470814708158
2.7880000000000	-0.040719291712130
2.7920000000000	-0.042271036921486
2.7960000000000	-0.044242145873139
2.8000000000000	-0.046806598343135
2.8040000000000	-0.050230673955435
2.8080000000000	-0.054928243462639
2.8120000000000	-0.061541995724832
2.8160000000000	-0.071025312410381
2.8200000000000	-0.084549117889458
2.8240000000000	-0.10254571078514
2.8280000000000	-0.12153121253998
2.8320000000000	-0.13100962869293
2.8360000000000	-0.12282016060933
2.8400000000000	-0.10406599392006
2.8440000000000	-0.085813850441381
2.8480000000000	-0.072131369246011
2.8520000000000	-0.062696365974004
2.8560000000000	-0.056283790027731
2.8600000000000	-0.051878647433538
2.8640000000000	-0.048797710961621
2.8680000000000	-0.046603783080495
2.8720000000000	-0.045017747297607
2.8760000000000	-0.043858696719909
2.8800000000000	-0.043006871816382
2.8840000000000	-0.042381185613908
2.8880000000000	-0.041925517669624
2.8920000000000	-0.041600221164372
2.8960000000000	-0.041376754904816
2.9000000000000	-0.041234219001118
2.9040000000000	-0.041157072751717
2.9080000000000	-0.041133601545059
2.9120000000000	-0.041154867789547
2.9160000000000	-0.041213980623779
2.9200000000000	-0.041305579382136
2.9240000000000	-0.041425462833836
2.9280000000000	-0.041570319419335
2.9320000000000	-0.041737528504354
2.9360000000000	-0.041925012266810
2.9400000000000	-0.042131124154183
2.9440000000000	-0.042354564078280
2.9480000000000	-0.042594313384009
2.9520000000000	-0.042849584602462
2.9560000000000	-0.043119782373126
2.9600000000000	-0.043404472888916
2.9640000000000	-0.043703359908266
2.9680000000000	-0.044016265876252
2.9720000000000	-0.044343117058783
2.9760000000000	-0.044683931860273
2.9800000000000	-0.045038811692600
2.9840000000000	-0.045407933911199
2.9880000000000	-0.045791546445842
2.9920000000000	-0.046189963838916
2.9960000000000	-0.046603564469618
3.0000000000000	-0.047032788793507
3.0040000000000	-0.047478138466907
3.0080000000000	-0.047940176257602
3.0120000000000	-0.048419526668934
3.0160000000000	-0.048916877225481
3.0200000000000	-0.049432980386240
3.0240000000000	-0.049968656066044
3.0280000000000	-0.050524794759383
3.0320000000000	-0.051102361272493
3.0360000000000	-0.051702399080704
3.0400000000000	-0.052326035338621
3.0440000000000	-0.052974486581141
3.0480000000000	-0.053649065164066
3.0520000000000	-0.054351186504117
3.0560000000000	-0.055082377190094
3.0600000000000	-0.055844284049907
3.0640000000000	-0.056638684272430
3.0680000000000	-0.057467496699173
3.0720000000000	-0.058332794418800
3.0760000000000	-0.059236818818053
3.0800000000000	-0.060181995266148
3.0840000000000	-0.061170950636898
3.0880000000000	-0.062206532903970
3.0920000000000	-0.063291833081293
3.0960000000000	-0.064430209822900
3.1000000000000	-0.065625317046221
3.1040000000000	-0.066881135001020
3.1080000000000	-0.068202005274750
3.1120000000000	-0.069592670306005
3.1160000000000	-0.071058318073620
3.1200000000000	-0.072604632742714
3.1240000000000	-0.074237852184732
3.1280000000000	-0.075964833450512
3.1320000000000	-0.077793127469908
3.1360000000000	-0.079731064485269
3.1400000000000	-0.081787852008505
3.1440000000000	-0.083973687433411
3.1480000000000	-0.086299887850917
3.1520000000000	-0.088779040122465
3.1560000000000	-0.091425174888756
3.1600000000000	-0.094253968956278
3.1640000000000	-0.097282981449542
3.1680000000000	-0.10053193029001
3.1720000000000	-0.10402301702534
3.1760000000000	-0.10778130986398
3.1800000000000	-0.11183519707607
3.1840000000000	-0.11621692583769
3.1880000000000	-0.12096324530595
3.1920000000000	-0.12611617745654
3.1960000000000	-0.13172394531978
3.2000000000000	-0.13784209615060
3.2040000000000	-0.14453486735772
3.2080000000000	-0.15187685650674
3.2120000000000	-0.15995507452057
3.2160000000000	-0.16887148487899
3.2200000000000	-0.17874616333945
3.2240000000000	-0.18972125552810
3.2280000000000	-0.20196596804339
3.2320000000000	-0.21568290873431
3.2360000000000	-0.23111620262545
3.2400000000000	-0.24856196480473
3.2440000000000	-0.26838192998585
3.2480000000000	-0.29102134942392
3.2520000000000	-0.31703271288157
3.2560000000000	-0.34710750202351
3.2600000000000	-0.38211913147058
3.2640000000000	-0.42318163600866
3.2680000000000	-0.47173074625813
3.2720000000000	-0.52963710330004
3.2760000000000	-0.59936599285929
3.2800000000000	-0.68420480486870
3.2840000000000	-0.78858920332764
3.2880000000000	-0.91857207925490
3.2920000000000	-1.0824939559080
3.2960000000000	-1.2919201380140
3.3000000000000	-1.5628749073558
3.3040000000000	-1.9172213928934
3.3080000000000	-2.3834015721785
3.3120000000000	-2.9938407125861
3.3160000000000	-3.7712742757811
3.3200000000000	-4.6862804869111
3.3240000000000	-5.5679938841252
3.3280000000000	-6.0480754601384
3.3320000000000	-5.8213071576391
3.3360000000000	-5.0444007854438
3.3400000000000	-4.1155569034389
3.3440000000000	-3.2818286801435
3.3480000000000	-2.6127367410775
3.3520000000000	-2.0979554857929
3.3560000000000	-1.7063626269044
3.3600000000000	-1.4076382529448
3.3640000000000	-1.1776423431562
3.3680000000000	-0.99844354755637
3.3720000000000	-0.85704418791577
3.3760000000000	-0.74407044825358
3.3800000000000	-0.65273387550663
3.3840000000000	-0.57807562499498
3.3880000000000	-0.51643424479191
3.3920000000000	-0.46507483814146
3.3960000000000	-0.42193062715085
3.4000000000000	-0.38542180347930
3.4040000000000	-0.35432742618249
3.4080000000000	-0.32769386904501
3.4120000000000	-0.30476861540141
3.4160000000000	-0.28495176164089
3.4200000000000	-0.26775997643618
3.4240000000000	-0.25279926297191
3.4280000000000	-0.23974395271331
3.4320000000000	-0.22832010250759
3.4360000000000	-0.21829199847608
3.4400000000000	-0.20945088442948
3.4440000000000	-0.20160540537584
3.4480000000000	-0.19457364980823
3.4520000000000	-0.18817712425399
3.4560000000000	-0.18223747834932
3.4600000000000	-0.17657718564981
3.4640000000000	-0.17102538788229
3.4680000000000	-0.16542933810066
3.4720000000000	-0.15967008903101
3.4760000000000	-0.15367861775212
3.4800000000000	-0.14744669783463
3.4840000000000	-0.14102719777045
3.4880000000000	-0.13452184030208
3.4920000000000	-0.12805942997848
3.4960000000000	-0.12177125525300
3.5000000000000	-0.11577065653137
3.5040000000000	-0.11014093126205
3.5080000000000	-0.10493198273226
3.5120000000000	-0.10016346548123
3.5160000000000	-0.095831336982755
3.5200000000000	-0.091915217684834
3.5240000000000	-0.088384963530787
3.5280000000000	-0.085205774341012
3.5320000000000	-0.082341766944182
3.5360000000000	-0.079758242121229
3.5400000000000	-0.077422966933334
3.5440000000000	-0.075306776578161
3.5480000000000	-0.073383739653448
3.5520000000000	-0.071631064181002
3.5560000000000	-0.070028864707245
3.5600000000000	-0.068559867520960
3.5640000000000	-0.067209100585892
3.5680000000000	-0.065963594506399
3.5720000000000	-0.064812107930703
3.5760000000000	-0.063744882923268
3.5800000000000	-0.062753431270048
3.5840000000000	-0.061830350205573
3.5880000000000	-0.060969164856730
3.5920000000000	-0.060164194259174
3.5960000000000	-0.059410437786915
3.6000000000000	-0.058703479041062
3.6040000000000	-0.058039404548326
3.6080000000000	-0.057414734954853
3.6120000000000	-0.056826366727942
3.6160000000000	-0.056271522678571
3.6200000000000	-0.055747709883717
3.6240000000000	-0.055252683817682
3.6280000000000	-0.054784417697659
3.6320000000000	-0.054341076214199
3.6360000000000	-0.053920992955440
3.6400000000000	-0.053522650949320
3.6440000000000	-0.053144665843701
3.6480000000000	-0.052785771323599
3.6520000000000	-0.052444806430567
3.6560000000000	-0.052120704503614
3.6600000000000	-0.051812483506255
3.6640000000000	-0.051519237541647
3.6680000000000	-0.051240129388942
3.6720000000000	-0.050974383919842
3.6760000000000	-0.050721282275815
3.6800000000000	-0.050480156704614
3.6840000000000	-0.050250385969670
3.6880000000000	-0.050031391258668
3.6920000000000	-0.049822632528146
3.6960000000000	-0.049623605230064
3.7000000000000	-0.049433837373734
3.7040000000000	-0.049252886882929
3.7080000000000	-0.049080339213502
3.7120000000000	-0.048915805201361
3.7160000000000	-0.048758919114727
3.7200000000000	-0.048609336887837
3.7240000000000	-0.048466734516243
3.7280000000000	-0.048330806596317
3.7320000000000	-0.048201264993710
3.7360000000000	-0.048077837627308
3.7400000000000	-0.047960267356949
3.7440000000000	-0.047848310964427
3.7480000000000	-0.047741738218529
3.7520000000000	-0.047640331016016
3.7560000000000	-0.047543882591210
3.7600000000000	-0.047452196787734
3.7640000000000	-0.047365087386669
3.7680000000000	-0.047282377485978
3.7720000000000	-0.047203898926545
3.7760000000000	-0.047129491760779
3.7800000000000	-0.047059003759979
3.7840000000000	-0.046992289957209
3.7880000000000	-0.046929212222631
3.7920000000000	-0.046869638868599
3.7960000000000	-0.046813444282061
3.8000000000000	-0.046760508582045
3.8040000000000	-0.046710717300242
3.8080000000000	-0.046663961082831
3.8120000000000	-0.046620135411896
3.8160000000000	-0.046579140344963
3.8200000000000	-0.046540880271207
3.8240000000000	-0.046505263683156
3.8280000000000	-0.046472202962677
3.8320000000000	-0.046441614180252
3.8360000000000	-0.046413416906535
3.8400000000000	-0.046387534035341
3.8440000000000	-0.046363891617261
3.8480000000000	-0.046342418703134
3.8520000000000	-0.046323047196713
3.8560000000000	-0.046305711715901
3.8600000000000	-0.046290349461959
3.8640000000000	-0.046276900096186
3.8680000000000	-0.046265305623509
3.8720000000000	-0.046255510282636
3.8760000000000	-0.046247460442232
3.8800000000000	-0.046241104502817
3.8840000000000	-0.046236392803966
3.8880000000000	-0.046233277536536
3.8920000000000	-0.046231712659533
3.8960000000000	-0.046231653821397
3.9000000000000	-0.046233058285408
3.9040000000000	-0.046235884858952
3.9080000000000	-0.046240093826438
3.9120000000000	-0.046245646885643
3.9160000000000	-0.046252507087265
3.9200000000000	-0.046260638777520
3.9240000000000	-0.046270007543601
3.9280000000000	-0.046280580161822
3.9320000000000	-0.046292324548304
3.9360000000000	-0.046305209712055
3.9400000000000	-0.046319205710329
3.9440000000000	-0.046334283606111
3.9480000000000	-0.046350415427604
3.9520000000000	-0.046367574129660
3.9560000000000	-0.046385733556986
3.9600000000000	-0.046404868409079
3.9640000000000	-0.046424954206761
3.9680000000000	-0.046445967260264
3.9720000000000	-0.046467884638738
3.9760000000000	-0.046490684141172
3.9800000000000	-0.046514344268580
3.9840000000000	-0.046538844197450
3.9880000000000	-0.046564163754360
3.9920000000000	-0.046590283391699
3.9960000000000	-0.046617184164456
4.0000000000000	-0.046644847708013
4.0040000000000	-0.046673256216888
4.0080000000000	-0.046702392424388
4.0120000000000	-0.046732239583131
4.0160000000000	-0.046762781446384
4.0200000000000	-0.046794002250174
4.0240000000000	-0.046825886696171
4.0280000000000	-0.046858419935247
4.0320000000000	-0.046891587551736
4.0360000000000	-0.046925375548312
4.0400000000000	-0.046959770331519
4.0440000000000	-0.046994758697840
4.0480000000000	-0.047030327820352
4.0520000000000	-0.047066465235916
4.0560000000000	-0.047103158832861
4.0600000000000	-0.047140396839152
4.0640000000000	-0.047178167811036
4.0680000000000	-0.047216460622124
4.0720000000000	-0.047255264452879
4.0760000000000	-0.047294568780538
4.0800000000000	-0.047334363369402
4.0840000000000	-0.047374638261494
4.0880000000000	-0.047415383767575
4.0920000000000	-0.047456590458497
4.0960000000000	-0.047498249156891
4.1000000000000	-0.047540350929136
4.1040000000000	-0.047582887077653
4.1080000000000	-0.047625849133481
4.1120000000000	-0.047669228849089
4.1160000000000	-0.047713018191509
4.1200000000000	-0.047757209335663
4.1240000000000	-0.047801794657962
4.1280000000000	-0.047846766730122
4.1320000000000	-0.047892118313208
4.1360000000000	-0.047937842351878
4.1400000000000	-0.047983931968846
4.1440000000000	-0.048030380459519
4.1480000000000	-0.048077181286844
4.1520000000000	-0.048124328076307
4.1560000000000	-0.048171814611144
4.1600000000000	-0.048219634827665
4.1640000000000	-0.048267782810788
4.1680000000000	-0.048316252789695
4.1720000000000	-0.048365039133639
4.1760000000000	-0.048414136347899
4.1800000000000	-0.048463539069878
4.1840000000000	-0.048513242065299
4.1880000000000	-0.048563240224580
4.1920000000000	-0.048613528559272
4.1960000000000	-0.048664102198646
4.2000000000000	-0.048714956386411
4.2040000000000	-0.048766086477480
4.2080000000000	-0.048817487934899
4.2120000000000	-0.048869156326834
4.2160000000000	-0.048921087323695
4.2200000000000	-0.048973276695312
4.2240000000000	-0.049025720308221
4.2280000000000	-0.049078414123045
4.2320000000000	-0.049131354191924
4.2360000000000	-0.049184536656079
4.2400000000000	-0.049237957743384
4.2440000000000	-0.049291613766086
4.2480000000000	-0.049345501118542
4.2520000000000	-0.049399616275041
4.2560000000000	-0.049453955787706
4.2600000000000	-0.049508516284448
4.2640000000000	-0.049563294466983
4.2680000000000	-0.049618287108905
4.2720000000000	-0.049673491053837
4.2760000000000	-0.049728903213612
4.2800000000000	-0.049784520566518
4.2840000000000	-0.049840340155612
4.2880000000000	-0.049896359087050
4.2920000000000	-0.049952574528503
4.2960000000000	-0.050008983707590
4.3000000000000	-0.050065583910378
4.3040000000000	-0.050122372479902
4.3080000000000	-0.050179346814767
4.3120000000000	-0.050236504367747
4.3160000000000	-0.050293842644445
4.3200000000000	-0.050351359201998
4.3240000000000	-0.050409051647810
4.3280000000000	-0.050466917638320
4.3320000000000	-0.050524954877806
4.3360000000000	-0.050583161117224
4.3400000000000	-0.050641534153087
4.3440000000000	-0.050700071826353
4.3480000000000	-0.050758772021373
4.3520000000000	-0.050817632664853
4.3560000000000	-0.050876651724839
4.3600000000000	-0.050935827209742
4.3640000000000	-0.050995157167382
4.3680000000000	-0.051054639684066
4.3720000000000	-0.051114272883678
4.3760000000000	-0.051174054926810
4.3800000000000	-0.051233984009904
4.3840000000000	-0.051294058364427
4.3880000000000	-0.051354276256050
4.3920000000000	-0.051414635983875
4.3960000000000	-0.051475135879663
4.4000000000000	-0.051535774307092
4.4040000000000	-0.051596549661021
4.4080000000000	-0.051657460366801
4.4120000000000	-0.051718504879570
4.4160000000000	-0.051779681683599
4.4200000000000	-0.051840989291623
4.4240000000000	-0.051902426244213
4.4280000000000	-0.051963991109165
4.4320000000000	-0.052025682480878
4.4360000000000	-0.052087498979787
4.4400000000000	-0.052149439251779
4.4440000000000	-0.052211501967626
4.4480000000000	-0.052273685822464
4.4520000000000	-0.052335989535247
4.4560000000000	-0.052398411848229
4.4600000000000	-0.052460951526472
4.4640000000000	-0.052523607357337
4.4680000000000	-0.052586378150027
4.4720000000000	-0.052649262735103
4.4760000000000	-0.052712259964033
4.4800000000000	-0.052775368708752
4.4840000000000	-0.052838587861224
4.4880000000000	-0.052901916333022
4.4920000000000	-0.052965353054911
4.4960000000000	-0.053028896976456
4.5000000000000	-0.053092547065620
4.5040000000000	-0.053156302308380
4.5080000000000	-0.053220161708365
4.5120000000000	-0.053284124286473
4.5160000000000	-0.053348189080534
4.5200000000000	-0.053412355144955
4.5240000000000	-0.053476621550372
4.5280000000000	-0.053540987383328
4.5320000000000	-0.053605451745949
4.5360000000000	-0.053670013755633
4.5400000000000	-0.053734672544722
4.5440000000000	-0.053799427260226
4.5480000000000	-0.053864277063513
4.5520000000000	-0.053929221130026
4.5560000000000	-0.053994258649003
4.5600000000000	-0.054059388823198
4.5640000000000	-0.054124610868623
4.5680000000000	-0.054189924014277
4.5720000000000	-0.054255327501895
4.5760000000000	-0.054320820585696
4.5800000000000	-0.054386402532135
4.5840000000000	-0.054452072619679
4.5880000000000	-0.054517830138556
4.5920000000000	-0.054583674390537
4.5960000000000	-0.054649604688709
4.6000000000000	-0.054715620357258
4.6040000000000	-0.054781720731260
4.6080000000000	-0.054847905156466
4.6120000000000	-0.054914172989100
4.6160000000000	-0.054980523595666
4.6200000000000	-0.055046956352743
4.6240000000000	-0.055113470646809
4.6280000000000	-0.055180065874031
4.6320000000000	-0.055246741440108
4.6360000000000	-0.055313496760076
4.6400000000000	-0.055380331258145
4.6440000000000	-0.055447244367517
4.6480000000000	-0.055514235530223
4.6520000000000	-0.055581304196970
4.6560000000000	-0.055648449826961
4.6600000000000	-0.055715671887758
4.6640000000000	-0.055782969855113
4.6680000000000	-0.055850343212835
4.6720000000000	-0.055917791452622
4.6760000000000	-0.055985314073934
4.6800000000000	-0.056052910583856
4.6840000000000	-0.056120580496938
4.6880000000000	-0.056188323335078
4.6920000000000	-0.056256138627391
4.6960000000000	-0.056324025910068
4.7000000000000	-0.056391984726263
4.7040000000000	-0.056460014625953
4.7080000000000	-0.056528115165833
4.7120000000000	-0.056596285909190
4.7160000000000	-0.056664526425778
4.7200000000000	-0.056732836291725
4.7240000000000	-0.056801215089399
4.7280000000000	-0.056869662407307
4.7320000000000	-0.056938177840002
4.7360000000000	-0.057006760987949
4.7400000000000	-0.057075411457446
4.7440000000000	-0.057144128860514
4.7480000000000	-0.057212912814803
4.7520000000000	-0.057281762943477
4.7560000000000	-0.057350678875153
4.7600000000000	-0.057419660243776
4.7640000000000	-0.057488706688540
4.7680000000000	-0.057557817853804
4.7720000000000	-0.057626993388998
4.7760000000000	-0.057696232948532
4.7800000000000	-0.057765536191725
4.7840000000000	-0.057834902782714
4.7880000000000	-0.057904332390368
4.7920000000000	-0.057973824688227
4.7960000000000	-0.058043379354398
4.8000000000000	-0.058112996071502
4.8040000000000	-0.058182674526586
4.8080000000000	-0.058252414411061
4.8120000000000	-0.058322215420606
4.8160000000000	-0.058392077255133
4.8200000000000	-0.058461999618684
4.8240000000000	-0.058531982219382
4.8280000000000	-0.058602024769362
4.8320000000000	-0.058672126984704
4.8360000000000	-0.058742288585361
4.8400000000000	-0.058812509295113
4.8440000000000	-0.058882788841486
4.8480000000000	-0.058953126955710
4.8520000000000	-0.059023523372643
4.8560000000000	-0.059093977830723
4.8600000000000	-0.059164490071906
4.8640000000000	-0.059235059841615
4.8680000000000	-0.059305686888678
4.8720000000000	-0.059376370965276
4.8760000000000	-0.059447111826895
4.8800000000000	-0.059517909232264
4.8840000000000	-0.059588762943316
4.8880000000000	-0.059659672725128
4.8920000000000	-0.059730638345870
4.8960000000000	-0.059801659576770
4.9000000000000	-0.059872736192053
4.9040000000000	-0.059943867968899
4.9080000000000	-0.060015054687393
4.9120000000000	-0.060086296130494
4.9160000000000	-0.060157592083974
4.9200000000000	-0.060228942336381
4.9240000000000	-0.060300346678993
4.9280000000000	-0.060371804905790
4.9320000000000	-0.060443316813395
4.9360000000000	-0.060514882201041
4.9400000000000	-0.060586500870531
4.9440000000000	-0.060658172626202
4.9480000000000	-0.060729897274883
4.9520000000000	-0.060801674625856
4.9560000000000	-0.060873504490822
4.9600000000000	-0.060945386683866
4.9640000000000	-0.061017321021416
4.9680000000000	-0.061089307322210
4.9720000000000	-0.061161345407267
4.9760000000000	-0.061233435099846
4.9800000000000	-0.061305576225411
4.9840000000000	-0.061377768611609
4.9880000000000	-0.061450012088229
4.9920000000000	-0.061522306487169
4.9960000000000	-0.061594651642414
5.0000000000000	-0.061667047389994
#Parameters = {D_center=12; L1=13; L2=2; L3=2; L4=15; L_diff=2.83; L_sub=45.66; W_50=1.36; W_sub=45.66; Z_mid=22.83; cm=0.3; ct=12; g_slot=0.8; h1=2; h2=2; h3=2; h4=2; h_sub=0.4; hole_puncher=0.87365; hole_puncher1=0.9; margin=1.6; needle_radius=0.635; nutrient_solution=0.01; pipe_OD=50; pipe_Ri=8; pipe_Ro=10; r_SRR=20; r_SRR_in=14.6; sigma_fluid=0.5; spacing=0.4; t_PDMS_microstrip=0.35; t_SRR=0.07; t_gnd=0.07; t_metal=0.5; t_microstrip=0.07; t_wall=2; w_channel=5; w_diff=2.83}
#"Frequency / GHz"	"S1,1 (23) [Magnitude / dB]"
#----------------------------------------------
1.0000000000000	-0.0068350529842996
1.0040000000000	-0.0068681830268822
1.0080000000000	-0.0069013859365650
1.0120000000000	-0.0069346618403158
1.0160000000000	-0.0069680108669174
1.0200000000000	-0.0070014331469998
1.0240000000000	-0.0070349288130675
1.0280000000000	-0.0070684979995191
1.0320000000000	-0.0071021408427023
1.0360000000000	-0.0071358574809306
1.0400000000000	-0.0071696480545175
1.0440000000000	-0.0072035127058168
1.0480000000000	-0.0072374515792473
1.0520000000000	-0.0072714648213365
1.0560000000000	-0.0073055525807523
1.0600000000000	-0.0073397150083383
1.0640000000000	-0.0073739522571525
1.0680000000000	-0.0074082644825109
1.0720000000000	-0.0074426518420097
1.0760000000000	-0.0074771144955825
1.0800000000000	-0.0075116526055317
1.0840000000000	-0.0075462663365697
1.0880000000000	-0.0075809558558602
1.0920000000000	-0.0076157213330634
1.0960000000000	-0.0076505629403790
1.1000000000000	-0.0076854808525863
1.1040000000000	-0.0077204752470960
1.1080000000000	-0.0077555463039931
1.1120000000000	-0.0077906942060770
1.1160000000000	-0.0078259191389239
1.1200000000000	-0.0078612212909252
1.1240000000000	-0.0078966008533377
1.1280000000000	-0.0079320580203446
1.1320000000000	-0.0079675929890905
1.1360000000000	-0.0080032059597445
1.1400000000000	-0.0080388971355671
1.1440000000000	-0.0080746667229368
1.1480000000000	-0.0081105149314309
1.1520000000000	-0.0081464419738732
1.1560000000000	-0.0081824480663935
1.1600000000000	-0.0082185334284932
1.1640000000000	-0.0082546982830894
1.1680000000000	-0.0082909428566104
1.1720000000000	-0.0083272673790266
1.1760000000000	-0.0083636720839257
1.1800000000000	-0.0084001572085958
1.1840000000000	-0.0084367229940752
1.1880000000000	-0.0084733696852280
1.1920000000000	-0.0085100975308178
1.1960000000000	-0.0085469067835742
1.2000000000000	-0.0085837977002741
1.2040000000000	-0.0086207705418235
1.2080000000000	-0.0086578255733161
1.2120000000000	-0.0086949630641248
1.2160000000000	-0.0087321832879906
1.2200000000000	-0.0087694865230902
1.2240000000000	-0.0088068730521301
1.2280000000000	-0.0088443431624353
1.2320000000000	-0.0088818971460267
1.2360000000000	-0.0089195352997292
1.2400000000000	-0.0089572579252416
1.2440000000000	-0.0089950653292601
1.2480000000000	-0.0090329578235559
1.2520000000000	-0.0090709357250723
1.2560000000000	-0.0091089993560394
1.2600000000000	-0.0091471490440705
1.2640000000000	-0.0091853851222674
1.2680000000000	-0.0092237079293346
1.2720000000000	-0.0092621178096952
1.2760000000000	-0.0093006151135827
1.2800000000000	-0.0093392001971834
1.2840000000000	-0.0093778734227357
1.2880000000000	-0.0094166351586819
1.2920000000000	-0.0094554857797455
1.2960000000000	-0.0094944256671113
1.3000000000000	-0.0095334552085189
1.3040000000000	-0.0095725747984145
1.3080000000000	-0.0096117848380862
1.3120000000000	-0.0096510857358036
1.3160000000000	-0.0096904779069516
1.3200000000000	-0.0097299617742105
1.3240000000000	-0.0097695377676703
1.3280000000000	-0.0098092063249918
1.3320000000000	-0.0098489678916008
1.3360000000000	-0.0098888229208019
1.3400000000000	-0.0099287718739846
1.3440000000000	-0.0099688152207639
1.3480000000000	-0.010008953439188
1.3520000000000	-0.010049187015879
1.3560000000000	-0.010089516446268
1.3600000000000	-0.010129942234719
1.3640000000000	-0.010170464894780
1.3680000000000	-0.010211084949365
1.3720000000000	-0.010251802930931
1.3760000000000	-0.010292619381733
1.3800000000000	-0.010333534853993
1.3840000000000	-0.010374549910155
1.3880000000000	-0.010415665123094
1.3920000000000	-0.010456881076343
1.3960000000000	-0.010498198364335
1.4000000000000	-0.010539617592677
1.4040000000000	-0.010581139378338
1.4080000000000	-0.010622764349950
1.4120000000000	-0.010664493148083
1.4160000000000	-0.010706326425463
1.4200000000000	-0.010748264847303
1.4240000000000	-0.010790309091563
1.4280000000000	-0.010832459849241
1.4320000000000	-0.010874717824682
1.4360000000000	-0.010917083735900
1.4400000000000	-0.010959558314854
1.4440000000000	-0.011002142307830
1.4480000000000	-0.011044836475724
1.4520000000000	-0.011087641594437
1.4560000000000	-0.011130558455178
1.4600000000000	-0.011173587864876
1.4640000000000	-0.011216730646512
1.4680000000000	-0.011259987639533
1.4720000000000	-0.011303359700245
1.4760000000000	-0.011346847702206
1.4800000000000	-0.011390452536654
1.4840000000000	-0.011434175112950
1.4880000000000	-0.011478016358980
1.4920000000000	-0.011521977221672
1.4960000000000	-0.011566058667410
1.5000000000000	-0.011610261682546
1.5040000000000	-0.011654587273883
1.5080000000000	-0.011699036469210
1.5120000000000	-0.011743610317811
1.5160000000000	-0.011788309890986
1.5200000000000	-0.011833136282651
1.5240000000000	-0.011878090609896
1.5280000000000	-0.011923174013574
1.5320000000000	-0.011968387658908
1.5360000000000	-0.012013732736137
1.5400000000000	-0.012059210461143
1.5440000000000	-0.012104822076137
1.5480000000000	-0.012150568850335
1.5520000000000	-0.012196452080678
1.5560000000000	-0.012242473092551
1.5600000000000	-0.012288633240551
1.5640000000000	-0.012334933909267
1.5680000000000	-0.012381376514069
1.5720000000000	-0.012427962501938
1.5760000000000	-0.012474693352341
1.5800000000000	-0.012521570578097
1.5840000000000	-0.012568595726262
1.5880000000000	-0.012615770379133
1.5920000000000	-0.012663096155176
1.5960000000000	-0.012710574709997
1.6000000000000	-0.012758207737450
1.6040000000000	-0.012805996970668
1.6080000000000	-0.012853944183140
1.6120000000000	-0.012902051189912
1.6160000000000	-0.012950319848703
1.6200000000000	-0.012998752061170
1.6240000000000	-0.013047349774152
1.6280000000000	-0.013096114980966
1.6320000000000	-0.013145049722760
1.6360000000000	-0.013194156089900
1.6400000000000	-0.013243436223419
1.6440000000000	-0.013292892316508
1.6480000000000	-0.013342526616039
1.6520000000000	-0.013392341424192
1.6560000000000	-0.013442339100071
1.6600000000000	-0.013492522061456
1.6640000000000	-0.013542892786538
1.6680000000000	-0.013593453815762
1.6720000000000	-0.013644207753759
1.6760000000000	-0.013695157271271
1.6800000000000	-0.013746305107189
1.6840000000000	-0.013797654070742
1.6880000000000	-0.013849207043580
1.6920000000000	-0.013900966982141
1.6960000000000	-0.013952936919949
1.7000000000000	-0.014005119970097
1.7040000000000	-0.014057519327749
1.7080000000000	-0.014110138272815
1.7120000000000	-0.014162980172631
1.7160000000000	-0.014216048484851
1.7200000000000	-0.014269346760350
1.7240000000000	-0.014322878646312
1.7280000000000	-0.014376647889376
1.7320000000000	-0.014430658338969
1.7360000000000	-0.014484913950735
1.7400000000000	-0.014539418790065
1.7440000000000	-0.014594177035841
1.7480000000000	-0.014649192984301
1.7520000000000	-0.014704471053005
1.7560000000000	-0.014760015785043
1.7600000000000	-0.014815831853375
1.7640000000000	-0.014871924065343
1.7680000000000	-0.014928297367371
1.7720000000000	-0.014984956849880
1.7760000000000	-0.015041907752394
1.7800000000000	-0.015099155468841
1.7840000000000	-0.015156705553117
1.7880000000000	-0.015214563724854
1.7920000000000	-0.015272735875449
1.7960000000000	-0.015331228074347
1.8000000000000	-0.015390046575586
1.8040000000000	-0.015449197824663
1.8080000000000	-0.015508688465660
1.8120000000000	-0.015568525348673
1.8160000000000	-0.015628715537679
1.8200000000000	-0.015689266318569
1.8240000000000	-0.015750185207727
1.8280000000000	-0.015811479960861
1.8320000000000	-0.015873158582340
1.8360000000000	-0.015935229334867
1.8400000000000	-0.015997700749677
1.8440000000000	-0.016060581637135
1.8480000000000	-0.016123881097924
1.8520000000000	-0.016187608534658
1.8560000000000	-0.016251773664113
1.8600000000000	-0.016316386530022
1.8640000000000	-0.016381457516506
1.8680000000000	-0.016446997362095
1.8720000000000	-0.016513017174515
1.8760000000000	-0.016579528446155
1.8800000000000	-0.016646543070297
1.8840000000000	-0.016714073358165
1.8880000000000	-0.016782132056873
1.8920000000000	-0.016850732368182
1.8960000000000	-0.016919887968314
1.9000000000000	-0.016989613028738
1.9040000000000	-0.017059922238033
1.9080000000000	-0.017130830824892
1.9120000000000	-0.017202354582367
1.9160000000000	-0.017274509893322
1.9200000000000	-0.017347313757353
1.9240000000000	-0.017420783819068
1.9280000000000	-0.017494938397931
1.9320000000000	-0.017569796519745
1.9360000000000	-0.017645377949868
1.9400000000000	-0.017721703228278
1.9440000000000	-0.017798793706556
1.9480000000000	-0.017876671587057
1.9520000000000	-0.017955359964201
1.9560000000000	-0.018034882868197
1.9600000000000	-0.018115265311311
1.9640000000000	-0.018196533336773
1.9680000000000	-0.018278714070639
1.9720000000000	-0.018361835776673
1.9760000000000	-0.018445927914552
1.9800000000000	-0.018531021201578
1.9840000000000	-0.018617147678154
1.9880000000000	-0.018704340777284
1.9920000000000	-0.018792635398414
1.9960000000000	-0.018882067985859
2.0000000000000	-0.018972676612204
2.0040000000000	-0.019064501067042
2.0080000000000	-0.019157582951414
2.0120000000000	-0.019251965778378
2.0160000000000	-0.019347695080204
2.0200000000000	-0.019444818522642
2.0240000000000	-0.019543386026860
2.0280000000000	-0.019643449899600
2.0320000000000	-0.019745064972225
2.0360000000000	-0.019848288749338
2.0400000000000	-0.019953181567770
2.0440000000000	-0.020059806766686
2.0480000000000	-0.020168230869831
2.0520000000000	-0.020278523780845
2.0560000000000	-0.020390758992701
2.0600000000000	-0.020505013812534
2.0640000000000	-0.020621369603105
2.0680000000000	-0.020739912042330
2.0720000000000	-0.020860731402468
2.0760000000000	-0.020983922850676
2.0800000000000	-0.021109586772779
2.0840000000000	-0.021237829122423
2.0880000000000	-0.021368761797823
2.0920000000000	-0.021502503048689
2.0960000000000	-0.021639177916082
2.1000000000000	-0.021778918708342
2.1040000000000	-0.021921865516442
2.1080000000000	-0.022068166772626
2.1120000000000	-0.022217979856458
2.1160000000000	-0.022371471753033
2.1200000000000	-0.022528819768440
2.1240000000000	-0.022690212308394
2.1280000000000	-0.022855849726286
2.1320000000000	-0.023025945248078
2.1360000000000	-0.023200725981883
2.1400000000000	-0.023380434021337
2.1440000000000	-0.023565327652865
2.1480000000000	-0.023755682678103
2.1520000000000	-0.023951793864295
2.1560000000000	-0.024153976536969
2.1600000000000	-0.024362568331115
2.1640000000000	-0.024577931119110
2.1680000000000	-0.024800453136169
2.1720000000000	-0.025030551326701
2.1760000000000	-0.025268673938296
2.1800000000000	-0.025515303393633
2.1840000000000	-0.025770959474893
2.1880000000000	-0.026036202860149
2.1920000000000	-0.026311639056939
2.1960000000000	-0.026597922784804
2.2000000000000	-0.026895762866351
2.2040000000000	-0.027205927695419
2.2080000000000	-0.027529251361475
2.2120000000000	-0.027866640521815
2.2160000000000	-0.028219082127765
2.2200000000000	-0.028587652128281
2.2240000000000	-0.028973525294922
2.2280000000000	-0.029377986336206
2.2320000000000	-0.029802442498455
2.2360000000000	-0.030248437884585
2.2400000000000	-0.030717669763727
2.2440000000000	-0.031212007194148
2.2480000000000	-0.031733512341989
2.2520000000000	-0.032284464950879
2.2560000000000	-0.032867390505483
2.2600000000000	-0.033485092739876
2.2640000000000	-0.034140691273027
2.2680000000000	-0.034837665315811
2.2720000000000	-0.035579904593723
2.2760000000000	-0.036371768877826
2.2800000000000	-0.037218157825246
2.2840000000000	-0.038124593218111
2.2880000000000	-0.039097316176971
2.2920000000000	-0.040143402541645
2.2960000000000	-0.041270900397708
2.3000000000000	-0.042488994731288
2.3040000000000	-0.043808205489441
2.3080000000000	-0.045240627000798
2.3120000000000	-0.046800218900475
2.3160000000000	-0.048503161580475
2.3200000000000	-0.050368292996731
2.3240000000000	-0.052417648748299
2.3280000000000	-0.054677134186240
2.3320000000000	-0.057177366597760
2.3360000000000	-0.059954738236826
2.3400000000000	-0.063052768579868
2.3440000000000	-0.066523838801014
2.3480000000000	-0.070431436256007
2.3520000000000	-0.074853086524511
2.3560000000000	-0.079884222611535
2.3600000000000	-0.085643346622644
2.3640000000000	-0.092278996514812
2.3680000000000	-0.099979268057801
2.3720000000000	-0.10898500656071
2.3760000000000	-0.11960835139599
2.3800000000000	-0.13225921883781
2.3840000000000	-0.14748376781090
2.3880000000000	-0.16602129654560
2.3920000000000	-0.18889005097952
2.3960000000000	-0.21751931043595
2.4000000000000	-0.25395703209303
2.4040000000000	-0.30120307673066
2.4080000000000	-0.36375367359112
2.4120000000000	-0.44850041971388
2.4160000000000	-0.56620193485183
2.4200000000000	-0.73375217869931
2.4240000000000	-0.97692617714324
2.4280000000000	-1.3301075149126
2.4320000000000	-1.8169758418611
2.4360000000000	-2.3698912629873
2.4400000000000	-2.7059380993414
2.4440000000000	-2.5289926760056
2.4480000000000	-2.0038751745244
2.4520000000000	-1.4741916255925
2.4560000000000	-1.0737092313305
2.4600000000000	-0.79622256750611
2.4640000000000	-0.60630696173382
2.4680000000000	-0.47436068747628
2.4720000000000	-0.38049583000197
2.4760000000000	-0.31202826766547
2.4800000000000	-0.26088621722804
2.4840000000000	-0.22185247087169
2.4880000000000	-0.19148088860741
2.4920000000000	-0.16744192370238
2.4960000000000	-0.14812488357280
2.5000000000000	-0.13239222085863
2.5040000000000	-0.11942464260046
2.5080000000000	-0.10862137842438
2.5120000000000	-0.099534612272820
2.5160000000000	-0.091825508524476
2.5200000000000	-0.085234163711177
2.5240000000000	-0.079558712523992
2.5280000000000	-0.074640561839540
2.5320000000000	-0.070353797432822
2.5360000000000	-0.066597477570993
2.5400000000000	-0.063289953806376
2.5440000000000	-0.060364635156660
2.5480000000000	-0.057766793363242
2.5520000000000	-0.055451128167838
2.5560000000000	-0.053379893716451
2.5600000000000	-0.051521443641315
2.5640000000000	-0.049849091636840
2.5680000000000	-0.048340211990237
2.5720000000000	-0.046975524211229
2.5760000000000	-0.045738520069984
2.5800000000000	-0.044615001648234
2.5840000000000	-0.043592706563345
2.5880000000000	-0.042661002118264
2.5920000000000	-0.041810634306696
2.5960000000000	-0.041033520745871
2.6000000000000	-0.040322578993472
2.6040000000000	-0.039671583526354
2.6080000000000	-0.039075046059302
2.6120000000000	-0.038528114966906
2.6160000000000	-0.038026490416391
2.6200000000000	-0.037566352481496
2.6240000000000	-0.037144300029433
2.6280000000000	-0.036757298586675
2.6320000000000	-0.036402635718721
2.6360000000000	-0.036077882722899
2.6400000000000	-0.035780861645447
2.6440000000000	-0.035509616805656
2.6480000000000	-0.035262390149058
2.6520000000000	-0.035037599865203
2.6560000000000	-0.034833821798455
2.6600000000000	-0.034649773256668
2.6640000000000	-0.034484298885560
2.6680000000000	-0.034336358328995
2.6720000000000	-0.034205015438596
2.6760000000000	-0.034089428832549
2.6800000000000	-0.033988843633843
2.6840000000000	-0.033902584243614
2.6880000000000	-0.033830048027162
2.6920000000000	-0.033770699808235
2.6960000000000	-0.033724067083107
2.7000000000000	-0.033689735879278
2.7040000000000	-0.033667347195200
2.7080000000000	-0.033656593967541
2.7120000000000	-0.033657218521398
2.7160000000000	-0.033669010466447
2.7200000000000	-0.033691805009276
2.7240000000000	-0.033725481658270
2.7280000000000	-0.033769963303293
2.7320000000000	-0.033825215657882
2.7360000000000	-0.033891247056783
2.7400000000000	-0.033968108606752
2.7440000000000	-0.034055894693527
2.7480000000000	-0.034154743852936
2.7520000000000	-0.034264840019399
2.7560000000000	-0.034386414170653
2.7600000000000	-0.034519746393455
2.7640000000000	-0.034665168401638
2.7680000000000	-0.034823066545233
2.7720000000000	-0.034993885357342
2.7760000000000	-0.035178131695080
2.7800000000000	-0.035376379541271
2.7840000000000	-0.035589275546149
2.7880000000000	-0.035817545402634
2.7920000000000	-0.036062001165510
2.7960000000000	-0.036323549644807
2.8000000000000	-0.036603202027034
2.8040000000000	-0.036902084905810
2.8080000000000	-0.037221452936818
2.8120000000000	-0.037562703371721
2.8160000000000	-0.037927392773841
2.8200000000000	-0.038317256276319
2.8240000000000	-0.038734229813778
2.8280000000000	-0.039180475844278
2.8320000000000	-0.039658413183001
2.8360000000000	-0.040170751697933
2.8400000000000	-0.040720532776352
2.8440000000000	-0.041311176667783
2.8480000000000	-0.041946538053771
2.8520000000000	-0.042630971501216
2.8560000000000	-0.043369408840986
2.8600000000000	-0.044167451000318
2.8640000000000	-0.045031477435906
2.8680000000000	-0.045968777105257
2.8720000000000	-0.046987705930266
2.8760000000000	-0.048097877022430
2.8800000000000	-0.049310391652195
2.8840000000000	-0.050638121191896
2.8880000000000	-0.052096053230048
2.8920000000000	-0.053701719006226
2.8960000000000	-0.055475724618341
2.9000000000000	-0.057442415630486
2.9040000000000	-0.059630714508397
2.9080000000000	-0.062075183816411
2.9120000000000	-0.064817386913009
2.9160000000000	-0.067907644334868
2.9200000000000	-0.071407321687905
2.9240000000000	-0.075391839019515
2.9280000000000	-0.079954670554844
2.9320000000000	-0.085212720157921
2.9360000000000	-0.091313632172514
2.9400000000000	-0.098445861844130
2.9440000000000	-0.10685273702161
2.9480000000000	-0.11685238005444
2.9520000000000	-0.12886637033089
2.9560000000000	-0.14346165684236
2.9600000000000	-0.16141288642444
2.9640000000000	-0.18379668177633
2.9680000000000	-0.21213658822256
2.9720000000000	-0.24862901435033
2.9760000000000	-0.29649812376242
2.9800000000000	-0.36054963451367
2.9840000000000	-0.44800047316453
2.9880000000000	-0.56955988314436
2.9920000000000	-0.74016439812656
2.9960000000000	-0.97654944429528
3.0000000000000	-1.2826117291759
3.0040000000000	-1.6074821308626
3.0080000000000	-1.8034067755855
3.0120000000000	-1.7282123763490
3.0160000000000	-1.4412916216053
3.0200000000000	-1.1142780852980
3.0240000000000	-0.84334100785550
3.0280000000000	-0.64346094582797
3.0320000000000	-0.50081023072783
3.0360000000000	-0.39885674280536
3.0400000000000	-0.32488766413559
3.0440000000000	-0.27016534445245
3.0480000000000	-0.22885991357938
3.0520000000000	-0.19707999451713
3.0560000000000	-0.17219550487674
3.0600000000000	-0.15239808540588
3.0640000000000	-0.13642112108801
3.0680000000000	-0.12336099060435
3.0720000000000	-0.11256162300273
3.0760000000000	-0.10353878255782
3.0800000000000	-0.095929567626328
3.0840000000000	-0.089458149594939
3.0880000000000	-0.083912141484996
3.0920000000000	-0.079126038509383
3.0960000000000	-0.074969439508506
3.1000000000000	-0.071338550534767
3.1040000000000	-0.068149974906134
3.1080000000000	-0.065336118294156
3.1120000000000	-0.062841749549112
3.1160000000000	-0.060621398782259
3.1200000000000	-0.058637369011066
3.1240000000000	-0.056858202328421
3.1280000000000	-0.055257486220646
3.1320000000000	-0.053812916885081
3.1360000000000	-0.052505558478630
3.1400000000000	-0.051319253011486
3.1440000000000	-0.050240146996995
3.1480000000000	-0.049256309278031
3.1520000000000	-0.048357420564528
3.1560000000000	-0.047534519754637
3.1600000000000	-0.046779795508356
3.1640000000000	-0.046086414103590
3.1680000000000	-0.045448376551124
3.1720000000000	-0.044860399434238
3.1760000000000	-0.044317815086285
3.1800000000000	-0.043816487609224
3.1840000000000	-0.043352741930096
3.1880000000000	-0.042923303637309
3.1920000000000	-0.042525247768213
3.1960000000000	-0.042155955060527
3.2000000000000	-0.041813074452015
3.2040000000000	-0.041494490830751
3.2080000000000	-0.041198297213640
3.2120000000000	-0.040922770672760
3.2160000000000	-0.040666351444364
3.2200000000000	-0.040427624749205
3.2240000000000	-0.040205304930009
3.2280000000000	-0.039998221574972
3.2320000000000	-0.039805307348539
3.2360000000000	-0.039625587293793
3.2400000000000	-0.039458169406811
3.2440000000000	-0.039302236313209
3.2480000000000	-0.039157037902146
3.2520000000000	-0.039021884794128
3.2560000000000	-0.038896142536529
3.2600000000000	-0.038779226435739
3.2640000000000	-0.038670596947443
3.2680000000000	-0.038569755557262
3.2720000000000	-0.038476241093056
3.2760000000000	-0.038389626418020
3.2800000000000	-0.038309515460343
3.2840000000000	-0.038235540540817
3.2880000000000	-0.038167359964816
3.2920000000000	-0.038104655849123
3.2960000000000	-0.038047132157883
3.3000000000000	-0.037994512924936
3.3040000000000	-0.037946540642639
3.3080000000000	-0.037902974799604
3.3120000000000	-0.037863590551816
3.3160000000000	-0.037828177513436
3.3200000000000	-0.037796538655102
3.3240000000000	-0.037768489298978
3.3280000000000	-0.037743856200960
3.3320000000000	-0.037722476711486
3.3360000000000	-0.037704198007376
3.3400000000000	-0.037688876387924
3.3440000000000	-0.037676376629135
3.3480000000000	-0.037666571390737
3.3520000000000	-0.037659340671036
3.3560000000000	-0.037654571305324
3.3600000000000	-0.037652156503835
3.3640000000000	-0.037651995425802
3.3680000000000	-0.037653992786350
3.3720000000000	-0.037658058493439
3.3760000000000	-0.037664107312196
3.3800000000000	-0.037672058554349
3.3840000000000	-0.037681835790611
3.3880000000000	-0.037693366584112
3.3920000000000	-0.037706582243117
3.3960000000000	-0.037721417591494
3.4000000000000	-0.037737810755430
3.4040000000000	-0.037755702965156
3.4080000000000	-0.037775038370438
3.4120000000000	-0.037795763868775
3.4160000000000	-0.037817828945321
3.4200000000000	-0.037841185523600
3.4240000000000	-0.037865787826211
3.4280000000000	-0.037891592244778
3.4320000000000	-0.037918557218392
3.4360000000000	-0.037946643120004
3.4400000000000	-0.037975812150101
3.4440000000000	-0.038006028237195
3.4480000000000	-0.038037256944582
3.4520000000000	-0.038069465382971
3.4560000000000	-0.038102622128512
3.4600000000000	-0.038136697145918
3.4640000000000	-0.038171661716225
3.4680000000000	-0.038207488368972
3.4720000000000	-0.038244150818428
3.4760000000000	-0.038281623903613
3.4800000000000	-0.038319883531872
3.4840000000000	-0.038358906625739
3.4880000000000	-0.038398671072889
3.4920000000000	-0.038439155678975
3.4960000000000	-0.038480340123144
3.5000000000000	-0.038522204916092
3.5040000000000	-0.038564731360465
3.5080000000000	-0.038607901513467
3.5120000000000	-0.038651698151539
3.5160000000000	-0.038696104736979
3.5200000000000	-0.038741105386380
3.5240000000000	-0.038786684840767
3.5280000000000	-0.038832828437342
3.5320000000000	-0.038879522082743
3.5360000000000	-0.038926752227695
3.5400000000000	-0.038974505843015
3.5440000000000	-0.039022770396849
3.5480000000000	-0.039071533833092
3.5520000000000	-0.039120784550935
3.5560000000000	-0.039170511385408
3.5600000000000	-0.039220703588977
3.5640000000000	-0.039271350814000
3.5680000000000	-0.039322443096101
3.5720000000000	-0.039373970838364
3.5760000000000	-0.039425924796285
3.5800000000000	-0.039478296063497
3.5840000000000	-0.039531076058144
3.5880000000000	-0.039584256509966
3.5920000000000	-0.039637829447965
3.5960000000000	-0.039691787188679
3.6000000000000	-0.039746122324996
3.6040000000000	-0.039800827715535
3.6080000000000	-0.039855896474470
3.6120000000000	-0.039911321961873
3.6160000000000	-0.039967097774493
3.6200000000000	-0.040023217736942
3.6240000000000	-0.040079675893320
3.6280000000000	-0.040136466499187
3.6320000000000	-0.040193584013927
3.6360000000000	-0.040251023093435
3.6400000000000	-0.040308778583159
3.6440000000000	-0.040366845511419
3.6480000000000	-0.040425219083062
3.6520000000000	-0.040483894673362
3.6560000000000	-0.040542867822218
3.6600000000000	-0.040602134228590
3.6640000000000	-0.040661689745184
3.6680000000000	-0.040721530373372
3.6720000000000	-0.040781652258321
3.6760000000000	-0.040842051684350
3.6800000000000	-0.040902725070478
3.6840000000000	-0.040963668966155
3.6880000000000	-0.041024880047199
3.6920000000000	-0.041086355111877
3.6960000000000	-0.041148091077191
3.7000000000000	-0.041210084975271
3.7040000000000	-0.041272333949983
3.7080000000000	-0.041334835253619
3.7120000000000	-0.041397586243781
3.7160000000000	-0.041460584380359
3.7200000000000	-0.041523827222654
3.7240000000000	-0.041587312426619
3.7280000000000	-0.041651037742225
3.7320000000000	-0.041715001010914
3.7360000000000	-0.041779200163195
3.7400000000000	-0.041843633216308
3.7440000000000	-0.041908298272016
3.7480000000000	-0.041973193514463
3.7520000000000	-0.042038317208157
3.7560000000000	-0.042103667696003
3.7600000000000	-0.042169243397440
3.7640000000000	-0.042235042806669
3.7680000000000	-0.042301064490937
3.7720000000000	-0.042367307088900
3.7760000000000	-0.042433769309070
3.7800000000000	-0.042500449928320
3.7840000000000	-0.042567347790460
3.7880000000000	-0.042634461804869
3.7920000000000	-0.042701790945202
3.7960000000000	-0.042769334248154
3.8000000000000	-0.042837090812269
3.8040000000000	-0.042905059796815
3.8080000000000	-0.042973240420725
3.8120000000000	-0.043041631961547
3.8160000000000	-0.043110233754515
3.8200000000000	-0.043179045191590
3.8240000000000	-0.043248065720604
3.8280000000000	-0.043317294844432
3.8320000000000	-0.043386732120200
3.8360000000000	-0.043456377158557
3.8400000000000	-0.043526229622962
3.8440000000000	-0.043596289229033
3.8480000000000	-0.043666555743933
3.8520000000000	-0.043737028985777
3.8560000000000	-0.043807708823104
3.8600000000000	-0.043878595174369
3.8640000000000	-0.043949688007456
3.8680000000000	-0.044020987339269
3.8720000000000	-0.044092493235316
3.8760000000000	-0.044164205809342
3.8800000000000	-0.044236125222993
3.8840000000000	-0.044308251685527
3.8880000000000	-0.044380585453526
3.8920000000000	-0.044453126830664
3.8960000000000	-0.044525876167499
3.9000000000000	-0.044598833861279
3.9040000000000	-0.044672000355823
3.9080000000000	-0.044745376141356
3.9120000000000	-0.044818961754448
3.9160000000000	-0.044892757777943
3.9200000000000	-0.044966764840915
3.9240000000000	-0.045040983618656
3.9280000000000	-0.045115414832713
3.9320000000000	-0.045190059250908
3.9360000000000	-0.045264917687429
3.9400000000000	-0.045339991002916
3.9440000000000	-0.045415280104601
3.9480000000000	-0.045490785946444
3.9520000000000	-0.045566509529323
3.9560000000000	-0.045642451901233
3.9600000000000	-0.045718614157518
3.9640000000000	-0.045794997441130
3.9680000000000	-0.045871602942910
3.9720000000000	-0.045948431901906
3.9760000000000	-0.046025485605694
3.9800000000000	-0.046102765390761
3.9840000000000	-0.046180272642878
3.9880000000000	-0.046258008797523
3.9920000000000	-0.046335975340332
3.9960000000000	-0.046414173807564
4.0000000000000	-0.046492605786588
4.0040000000000	-0.046571272916435
4.0080000000000	-0.046650176888328
4.0120000000000	-0.046729319446280
4.0160000000000	-0.046808702387701
4.0200000000000	-0.046888327564029
4.0240000000000	-0.046968196881419
4.0280000000000	-0.047048312301430
4.0320000000000	-0.047128675841746
4.0360000000000	-0.047209289576967
4.0400000000000	-0.047290155639364
4.0440000000000	-0.047371276219727
4.0480000000000	-0.047452653568218
4.0520000000000	-0.047534289995251
4.0560000000000	-0.047616187872424
4.0600000000000	-0.047698349633471
4.0640000000000	-0.047780777775254
4.0680000000000	-0.047863474858790
4.0720000000000	-0.047946443510322
4.0760000000000	-0.048029686422408
4.0800000000000	-0.048113206355071
4.0840000000000	-0.048197006136967
4.0880000000000	-0.048281088666617
4.0920000000000	-0.048365456913648
4.0960000000000	-0.048450113920113
4.1000000000000	-0.048535062801803
4.1040000000000	-0.048620306749683
4.1080000000000	-0.048705849031266
4.1120000000000	-0.048791692992142
4.1160000000000	-0.048877842057469
4.1200000000000	-0.048964299733559
4.1240000000000	-0.049051069609505
4.1280000000000	-0.049138155358856
4.1320000000000	-0.049225560741334
4.1360000000000	-0.049313289604620
4.1400000000000	-0.049401345886206
4.1440000000000	-0.049489733615262
4.1480000000000	-0.049578456914617
4.1520000000000	-0.049667520002748
4.1560000000000	-0.049756927195883
4.1600000000000	-0.049846682910111
4.1640000000000	-0.049936791663626
4.1680000000000	-0.050027258078945
4.1720000000000	-0.050118086885331
4.1760000000000	-0.050209282921131
4.1800000000000	-0.050300851136328
4.1840000000000	-0.050392796595073
4.1880000000000	-0.050485124478354
4.1920000000000	-0.050577840086699
4.1960000000000	-0.050670948843035
4.2000000000000	-0.050764456295551
4.2040000000000	-0.050858368120700
4.2080000000000	-0.050952690126284
4.2120000000000	-0.051047428254646
4.2160000000000	-0.051142588585924
4.2200000000000	-0.051238177341463
4.2240000000000	-0.051334200887260
4.2280000000000	-0.051430665737616
4.2320000000000	-0.051527578558816
4.2360000000000	-0.051624946172936
4.2400000000000	-0.051722775561823
4.2440000000000	-0.051821073871158
4.2480000000000	-0.051919848414658
4.2520000000000	-0.052019106678391
4.2560000000000	-0.052118856325295
4.2600000000000	-0.052219105199743
4.2640000000000	-0.052319861332345
4.2680000000000	-0.052421132944874
4.2720000000000	-0.052522928455308
4.2760000000000	-0.052625256483081
4.2800000000000	-0.052728125854548
4.2840000000000	-0.052831545608501
4.2880000000000	-0.052935525001997
4.2920000000000	-0.053040073516315
4.2960000000000	-0.053145200863087
4.3000000000000	-0.053250916990706
4.3040000000000	-0.053357232090883
4.3080000000000	-0.053464156605446
4.3120000000000	-0.053571701233380
4.3160000000000	-0.053679876938061
4.3200000000000	-0.053788694954813
4.3240000000000	-0.053898166798632
4.3280000000000	-0.054008304272246
4.3320000000000	-0.054119119474370
4.3360000000000	-0.054230624808378
4.3400000000000	-0.054342832991155
4.3440000000000	-0.054455757062238
4.3480000000000	-0.054569410393435
4.3520000000000	-0.054683806698645
4.3560000000000	-0.054798960043975
4.3600000000000	-0.054914884858443
4.3640000000000	-0.055031595944797
4.3680000000000	-0.055149108490910
4.3720000000000	-0.055267438081492
4.3760000000000	-0.055386600710208
4.3800000000000	-0.055506612792386
4.3840000000000	-0.055627491177960
4.3880000000000	-0.055749253165002
4.3920000000000	-0.055871916513873
4.3960000000000	-0.055995499461669
4.4000000000000	-0.056120020737337
4.4040000000000	-0.056245499577293
4.4080000000000	-0.056371955741755
4.4120000000000	-0.056499409531540
4.4160000000000	-0.056627881805516
4.4200000000000	-0.056757393998838
4.4240000000000	-0.056887968141763
4.4280000000000	-0.057019626879193
4.4320000000000	-0.057152393491111
4.4360000000000	-0.057286291913628
4.4400000000000	-0.057421346760973
4.4440000000000	-0.057557583348291
4.4480000000000	-0.057695027715400
4.4520000000000	-0.057833706651396
4.4560000000000	-0.057973647720395
4.4600000000000	-0.058114879288174
4.4640000000000	-0.058257430549852
4.4680000000000	-0.058401331558972
4.4720000000000	-0.058546613257329
4.4760000000000	-0.058693307506584
4.4800000000000	-0.058841447120532
4.4840000000000	-0.058991065899303
4.4880000000000	-0.059142198664764
4.4920000000000	-0.059294881297169
4.4960000000000	-0.059449150773777
4.5000000000000	-0.059605045208928
4.5040000000000	-0.059762603895767
4.5080000000000	-0.059921867349803
4.5120000000000	-0.060082877354554
4.5160000000000	-0.060245677008751
4.5200000000000	-0.060410310776206
4.5240000000000	-0.060576824537284
4.5280000000000	-0.060745265643139
4.5320000000000	-0.060915682971960
4.5360000000000	-0.061088126988201
4.5400000000000	-0.061262649804085
4.5440000000000	-0.061439305244226
4.5480000000000	-0.061618148912948
4.5520000000000	-0.061799238264854
4.5560000000000	-0.061982632678751
4.5600000000000	-0.062168393534922
4.5640000000000	-0.062356584295863
4.5680000000000	-0.062547270591416
4.5720000000000	-0.062740520307257
4.5760000000000	-0.062936403678004
4.5800000000000	-0.063134993385147
4.5840000000000	-0.063336364658938
4.5880000000000	-0.063540595385925
4.5920000000000	-0.063747766221597
4.5960000000000	-0.063957960708876
4.6000000000000	-0.064171265401821
4.6040000000000	-0.064387769996422
4.6080000000000	-0.064607567467474
4.6120000000000	-0.064830754212956
4.6160000000000	-0.065057430205050
4.6200000000000	-0.065287699149954
4.6240000000000	-0.065521668655246
4.6280000000000	-0.065759450406708
4.6320000000000	-0.066001160353907
4.6360000000000	-0.066246918906239
4.6400000000000	-0.066496851139168
4.6440000000000	-0.066751087011958
4.6480000000000	-0.067009761596959
4.6520000000000	-0.067273015321941
4.6560000000000	-0.067540994225331
4.6600000000000	-0.067813850226518
4.6640000000000	-0.068091741410634
4.6680000000000	-0.068374832329925
4.6720000000000	-0.068663294322319
4.6760000000000	-0.068957305848707
4.6800000000000	-0.069257052849243
4.6840000000000	-0.069562729120929
4.6880000000000	-0.069874536717922
4.6920000000000	-0.070192686374931
4.6960000000000	-0.070517397956872
4.7000000000000	-0.070848900935669
4.7040000000000	-0.071187434895757
4.7080000000000	-0.071533250071442
4.7120000000000	-0.071886607917750
4.7160000000000	-0.072247781716445
4.7200000000000	-0.072617057221671
4.7240000000000	-0.072994733345739
4.7280000000000	-0.073381122890157
4.7320000000000	-0.073776553323446
4.7360000000000	-0.074181367611470
4.7400000000000	-0.074595925101056
4.7440000000000	-0.075020602464497
4.7480000000000	-0.075455794707311
4.7520000000000	-0.075901916244182
4.7560000000000	-0.076359402050740
4.7600000000000	-0.076828708893933
4.7640000000000	-0.077310316649538
4.7680000000000	-0.077804729713917
4.7720000000000	-0.078312478515773
4.7760000000000	-0.078834121138306
4.7800000000000	-0.079370245060482
4.7840000000000	-0.079921469025728
4.7880000000000	-0.080488445051930
4.7920000000000	-0.081071860591512
4.7960000000000	-0.081672440858278
4.8000000000000	-0.082290951332497
4.8040000000000	-0.082928200461357
4.8080000000000	-0.083585042573097
4.8120000000000	-0.084262381022815
4.8160000000000	-0.084961171592608
4.8200000000000	-0.085682426167936
4.8240000000000	-0.086427216718018
4.8280000000000	-0.087196679608179
4.8320000000000	-0.087992020275876
4.8360000000000	-0.088814518306577
4.8400000000000	-0.089665532947872
4.8440000000000	-0.090546509106644
4.8480000000000	-0.091458983876783
4.8520000000000	-0.092404593652493
4.8560000000000	-0.093385081887474
4.8600000000000	-0.094402307568021
4.8640000000000	-0.095458254473731
4.8680000000000	-0.096555041314403
4.8720000000000	-0.097694932833335
4.8760000000000	-0.098880351988865
4.8800000000000	-0.10011389333015
4.8840000000000	-0.10139833770522
4.8880000000000	-0.10273666845306
4.8920000000000	-0.10413208925359
4.8960000000000	-0.10558804382986
4.9000000000000	-0.10710823772490
4.9040000000000	-0.10869666240626
4.9080000000000	-0.11035762198378
4.9120000000000	-0.11209576286844
4.9160000000000	-0.11391610674583
4.9200000000000	-0.11582408729137
4.9240000000000	-0.11782559111724
4.9280000000000	-0.11992700351580
4.9320000000000	-0.12213525964416
4.9360000000000	-0.12445790190155
4.9400000000000	-0.12690314436037
4.9440000000000	-0.12947994525385
4.9480000000000	-0.13219808868336
4.9520000000000	-0.13506827689717
4.9560000000000	-0.13810223472124
4.9600000000000	-0.14131282798702
4.9640000000000	-0.14471419812256
4.9680000000000	-0.14832191545235
4.9720000000000	-0.15215315420561
4.9760000000000	-0.15622689278020
4.9800000000000	-0.16056414346661
4.9840000000000	-0.16518821662769
4.9880000000000	-0.17012502529452
4.9920000000000	-0.17540343730486
4.9960000000000	-0.18105568353337
5.0000000000000	-0.18711783250550
#Parameters = {D_center=12; L1=15; L2=2; L3=2; L4=15; L_diff=2.83; L_sub=45.66; W_50=1.36; W_sub=45.66; Z_mid=22.83; cm=0.3; ct=12; g_slot=0.8; h1=2; h2=2; h3=2; h4=2; h_sub=0.4; hole_puncher=0.87365; hole_puncher1=0.9; margin=1.6; needle_radius=0.635; nutrient_solution=0.01; pipe_OD=50; pipe_Ri=8; pipe_Ro=10; r_SRR=20; r_SRR_in=16.6; sigma_fluid=0.5; spacing=0.4; t_PDMS_microstrip=0.35; t_SRR=0.07; t_gnd=0.07; t_metal=0.5; t_microstrip=0.07; t_wall=2; w_channel=3; w_diff=2.83}
#"Frequency / GHz"	"S1,1 (24) [Magnitude / dB]"
#----------------------------------------------
1.0000000000000	-0.0066701386448514
1.0040000000000	-0.0067012142524966
1.0080000000000	-0.0067323647603114
1.0120000000000	-0.0067635902316161
1.0160000000000	-0.0067948907303486
1.0200000000000	-0.0068262663210974
1.0240000000000	-0.0068577170690877
1.0280000000000	-0.0068892430402070
1.0320000000000	-0.0069208443009902
1.0360000000000	-0.0069525209186613
1.0400000000000	-0.0069842729611047
1.0440000000000	-0.0070161004969023
1.0480000000000	-0.0070480035953264
1.0520000000000	-0.0070799823263509
1.0560000000000	-0.0071120367606678
1.0600000000000	-0.0071441669696826
1.0640000000000	-0.0071763730255381
1.0680000000000	-0.0072086550011109
1.0720000000000	-0.0072410129700276
1.0760000000000	-0.0072734470066698
1.0800000000000	-0.0073059571861856
1.0840000000000	-0.0073385435845070
1.0880000000000	-0.0073712062783392
1.0920000000000	-0.0074039453451958
1.0960000000000	-0.0074367608633847
1.1000000000000	-0.0074696529120386
1.1040000000000	-0.0075026215711096
1.1080000000000	-0.0075356669213911
1.1120000000000	-0.0075687890445204
1.1160000000000	-0.0076019880229911
1.1200000000000	-0.0076352639401698
1.1240000000000	-0.0076686168802961
1.1280000000000	-0.0077020469285066
1.1320000000000	-0.0077355541708312
1.1360000000000	-0.0077691386942222
1.1400000000000	-0.0078028005865490
1.1440000000000	-0.0078365399366218
1.1480000000000	-0.0078703568341955
1.1520000000000	-0.0079042513699895
1.1560000000000	-0.0079382236356912
1.1600000000000	-0.0079722737239767
1.1640000000000	-0.0080064017285162
1.1680000000000	-0.0080406077439949
1.1720000000000	-0.0080748918661200
1.1760000000000	-0.0081092541916291
1.1800000000000	-0.0081436948183206
1.1840000000000	-0.0081782138450447
1.1880000000000	-0.0082128113717382
1.1920000000000	-0.0082474874994277
1.1960000000000	-0.0082822423302409
1.2000000000000	-0.0083170759674250
1.2040000000000	-0.0083519885153664
1.2080000000000	-0.0083869800795980
1.2120000000000	-0.0084220507668177
1.2160000000000	-0.0084572006848993
1.2200000000000	-0.0084924299429154
1.2240000000000	-0.0085277386511472
1.2280000000000	-0.0085631269211029
1.2320000000000	-0.0085985948655350
1.2360000000000	-0.0086341425984483
1.2400000000000	-0.0086697702351343
1.2440000000000	-0.0087054778921649
1.2480000000000	-0.0087412656874308
1.2520000000000	-0.0087771337401464
1.2560000000000	-0.0088130821708692
1.2600000000000	-0.0088491111015249
1.2640000000000	-0.0088852206554121
1.2680000000000	-0.0089214109572385
1.2720000000000	-0.0089576821331195
1.2760000000000	-0.0089940343106191
1.2800000000000	-0.0090304676187506
1.2840000000000	-0.0090669821880041
1.2880000000000	-0.0091035781503675
1.2920000000000	-0.0091402556393486
1.2960000000000	-0.0091770147899871
1.3000000000000	-0.0092138557388883
1.3040000000000	-0.0092507786242276
1.3080000000000	-0.0092877835857880
1.3120000000000	-0.0093248707649729
1.3160000000000	-0.0093620403048374
1.3200000000000	-0.0093992923500951
1.3240000000000	-0.0094366270471559
1.3280000000000	-0.0094740445441478
1.3320000000000	-0.0095115449909301
1.3360000000000	-0.0095491285391269
1.3400000000000	-0.0095867953421532
1.3440000000000	-0.0096245455552265
1.3480000000000	-0.0096623793354156
1.3520000000000	-0.0097002968416389
1.3560000000000	-0.0097382982347095
1.3600000000000	-0.0097763836773612
1.3640000000000	-0.0098145533342561
1.3680000000000	-0.0098528073720435
1.3720000000000	-0.0098911459593594
1.3760000000000	-0.0099295692668705
1.3800000000000	-0.0099680774673006
1.3840000000000	-0.010006670735452
1.3880000000000	-0.010045349248247
1.3920000000000	-0.010084113184749
1.3960000000000	-0.010122962726200
1.4000000000000	-0.010161898056052
1.4040000000000	-0.010200919359987
1.4080000000000	-0.010240026825964
1.4120000000000	-0.010279220644247
1.4160000000000	-0.010318501007432
1.4200000000000	-0.010357868110496
1.4240000000000	-0.010397322150814
1.4280000000000	-0.010436863328210
1.4320000000000	-0.010476491844975
1.4360000000000	-0.010516207905929
1.4400000000000	-0.010556011718429
1.4440000000000	-0.010595903492433
1.4480000000000	-0.010635883440519
1.4520000000000	-0.010675951777936
1.4560000000000	-0.010716108722632
1.4600000000000	-0.010756354495311
1.4640000000000	-0.010796689319463
1.4680000000000	-0.010837113421406
1.4720000000000	-0.010877627030331
1.4760000000000	-0.010918230378343
1.4800000000000	-0.010958923700517
1.4840000000000	-0.010999707234923
1.4880000000000	-0.011040581222689
1.4920000000000	-0.011081545908033
1.4960000000000	-0.011122601538333
1.5000000000000	-0.011163748364144
1.5040000000000	-0.011204986639278
1.5080000000000	-0.011246316620833
1.5120000000000	-0.011287738569251
1.5160000000000	-0.011329252748378
1.5200000000000	-0.011370859425496
1.5240000000000	-0.011412558871407
1.5280000000000	-0.011454351360457
1.5320000000000	-0.011496237170613
1.5360000000000	-0.011538216583517
1.5400000000000	-0.011580289884529
1.5440000000000	-0.011622457362808
1.5480000000000	-0.011664719311361
1.5520000000000	-0.011707076027102
1.5560000000000	-0.011749527810916
1.5600000000000	-0.011792074967731
1.5640000000000	-0.011834717806573
1.5680000000000	-0.011877456640638
1.5720000000000	-0.011920291787356
1.5760000000000	-0.011963223568462
1.5800000000000	-0.012006252310070
1.5840000000000	-0.012049378342735
1.5880000000000	-0.012092602001534
1.5920000000000	-0.012135923626141
1.5960000000000	-0.012179343560891
1.6000000000000	-0.012222862154878
1.6040000000000	-0.012266479762012
1.6080000000000	-0.012310196741119
1.6120000000000	-0.012354013456004
1.6160000000000	-0.012397930275553
1.6200000000000	-0.012441947573803
1.6240000000000	-0.012486065730045
1.6280000000000	-0.012530285128896
1.6320000000000	-0.012574606160404
1.6360000000000	-0.012619029220130
1.6400000000000	-0.012663554709248
1.6440000000000	-0.012708183034645
1.6480000000000	-0.012752914609007
1.6520000000000	-0.012797749850937
1.6560000000000	-0.012842689185045
1.6600000000000	-0.012887733042051
1.6640000000000	-0.012932881858899
1.6680000000000	-0.012978136078870
1.6720000000000	-0.013023496151683
1.6760000000000	-0.013068962533609
1.6800000000000	-0.013114535687600
1.6840000000000	-0.013160216083396
1.6880000000000	-0.013206004197652
1.6920000000000	-0.013251900514053
1.6960000000000	-0.013297905523455
1.7000000000000	-0.013344019724003
1.7040000000000	-0.013390243621271
1.7080000000000	-0.013436577728389
1.7120000000000	-0.013483022566187
1.7160000000000	-0.013529578663336
1.7200000000000	-0.013576246556488
1.7240000000000	-0.013623026790431
1.7280000000000	-0.013669919918226
1.7320000000000	-0.013716926501383
1.7360000000000	-0.013764047109997
1.7400000000000	-0.013811282322919
1.7440000000000	-0.013858632727921
1.7480000000000	-0.013906098921867
1.7520000000000	-0.013953681510881
1.7560000000000	-0.014001381110520
1.7600000000000	-0.014049198345965
1.7640000000000	-0.014097133852200
1.7680000000000	-0.014145188274199
1.7720000000000	-0.014193362267122
1.7760000000000	-0.014241656496515
1.7800000000000	-0.014290071638512
1.7840000000000	-0.014338608380035
1.7880000000000	-0.014387267419023
1.7920000000000	-0.014436049464628
1.7960000000000	-0.014484955237460
1.8000000000000	-0.014533985469804
1.8040000000000	-0.014583140905845
1.8080000000000	-0.014632422301930
1.8120000000000	-0.014681830426791
1.8160000000000	-0.014731366061814
1.8200000000000	-0.014781030001280
1.8240000000000	-0.014830823052650
1.8280000000000	-0.014880746036813
1.8320000000000	-0.014930799788380
1.8360000000000	-0.014980985155961
1.8400000000000	-0.015031303002458
1.8440000000000	-0.015081754205369
1.8480000000000	-0.015132339657082
1.8520000000000	-0.015183060265205
1.8560000000000	-0.015233916952886
1.8600000000000	-0.015284910659126
1.8640000000000	-0.015336042339143
1.8680000000000	-0.015387312964712
1.8720000000000	-0.015438723524517
1.8760000000000	-0.015490275024525
1.8800000000000	-0.015541968488358
1.8840000000000	-0.015593804957689
1.8880000000000	-0.015645785492632
1.8920000000000	-0.015697911172146
1.8960000000000	-0.015750183094473
1.9000000000000	-0.015802602377544
1.9040000000000	-0.015855170159448
1.9080000000000	-0.015907887598866
1.9120000000000	-0.015960755875544
1.9160000000000	-0.016013776190779
1.9200000000000	-0.016066949767912
1.9240000000000	-0.016120277852830
1.9280000000000	-0.016173761714499
1.9320000000000	-0.016227402645487
1.9360000000000	-0.016281201962527
1.9400000000000	-0.016335161007086
1.9440000000000	-0.016389281145941
1.9480000000000	-0.016443563771792
1.9520000000000	-0.016498010303876
1.9560000000000	-0.016552622188605
1.9600000000000	-0.016607400900218
1.9640000000000	-0.016662347941469
1.9680000000000	-0.016717464844316
1.9720000000000	-0.016772753170641
1.9760000000000	-0.016828214512978
1.9800000000000	-0.016883850495293
1.9840000000000	-0.016939662773763
1.9880000000000	-0.016995653037573
1.9920000000000	-0.017051823009767
1.9960000000000	-0.017108174448098
2.0000000000000	-0.017164709145917
2.0040000000000	-0.017221428933092
2.0080000000000	-0.017278335676948
2.0120000000000	-0.017335431283243
2.0160000000000	-0.017392717697171
2.0200000000000	-0.017450196904406
2.0240000000000	-0.017507870932165
2.0280000000000	-0.017565741850326
2.0320000000000	-0.017623811772558
2.0360000000000	-0.017682082857517
2.0400000000000	-0.017740557310051
2.0440000000000	-0.017799237382472
2.0480000000000	-0.017858125375854
2.0520000000000	-0.017917223641383
2.0560000000000	-0.017976534581759
2.0600000000000	-0.018036060652618
2.0640000000000	-0.018095804364046
2.0680000000000	-0.018155768282107
2.0720000000000	-0.018215955030450
2.0760000000000	-0.018276367291957
2.0800000000000	-0.018337007810466
2.0840000000000	-0.018397879392534
2.0880000000000	-0.018458984909277
2.0920000000000	-0.018520327298283
2.0960000000000	-0.018581909565578
2.1000000000000	-0.018643734787673
2.1040000000000	-0.018705806113698
2.1080000000000	-0.018768126767584
2.1120000000000	-0.018830700050364
2.1160000000000	-0.018893529342537
2.1200000000000	-0.018956618106526
2.1240000000000	-0.019019969889234
2.1280000000000	-0.019083588324699
2.1320000000000	-0.019147477136854
2.1360000000000	-0.019211640142381
2.1400000000000	-0.019276081253693
2.1440000000000	-0.019340804482031
2.1480000000000	-0.019405813940681
2.1520000000000	-0.019471113848320
2.1560000000000	-0.019536708532505
2.1600000000000	-0.019602602433290
2.1640000000000	-0.019668800107017
2.1680000000000	-0.019735306230234
2.1720000000000	-0.019802125603798
2.1760000000000	-0.019869263157146
2.1800000000000	-0.019936723952740
2.1840000000000	-0.020004513190715
2.1880000000000	-0.020072636213710
2.1920000000000	-0.020141098511933
2.1960000000000	-0.020209905728416
2.2000000000000	-0.020279063664535
2.2040000000000	-0.020348578285752
2.2080000000000	-0.020418455727620
2.2120000000000	-0.020488702302067
2.2160000000000	-0.020559324503962
2.2200000000000	-0.020630329017967
2.2240000000000	-0.020701722725743
2.2280000000000	-0.020773512713451
2.2320000000000	-0.020845706279628
2.2360000000000	-0.020918310943443
2.2400000000000	-0.020991334453323
2.2440000000000	-0.021064784796029
2.2480000000000	-0.021138670206135
2.2520000000000	-0.021212999176005
2.2560000000000	-0.021287780466249
2.2600000000000	-0.021363023116702
2.2640000000000	-0.021438736457949
2.2680000000000	-0.021514930123458
2.2720000000000	-0.021591614062311
2.2760000000000	-0.021668798552596
2.2800000000000	-0.021746494215511
2.2840000000000	-0.021824712030199
2.2880000000000	-0.021903463349383
2.2920000000000	-0.021982759915805
2.2960000000000	-0.022062613879604
2.3000000000000	-0.022143037816594
2.3040000000000	-0.022224044747597
2.3080000000000	-0.022305648158789
2.3120000000000	-0.022387862023245
2.3160000000000	-0.022470700823669
2.3200000000000	-0.022554179576443
2.3240000000000	-0.022638313857040
2.3280000000000	-0.022723119826948
2.3320000000000	-0.022808614262137
2.3360000000000	-0.022894814583270
2.3400000000000	-0.022981738887664
2.3440000000000	-0.023069405983237
2.3480000000000	-0.023157835424499
2.3520000000000	-0.023247047550783
2.3560000000000	-0.023337063526841
2.3600000000000	-0.023427905386034
2.3640000000000	-0.023519596076223
2.3680000000000	-0.023612159508642
2.3720000000000	-0.023705620609936
2.3760000000000	-0.023800005377615
2.3800000000000	-0.023895340939187
2.3840000000000	-0.023991655615241
2.3880000000000	-0.024088978986816
2.3920000000000	-0.024187341967377
2.3960000000000	-0.024286776879750
2.4000000000000	-0.024387317538467
2.4040000000000	-0.024488999337914
2.4080000000000	-0.024591859346750
2.4120000000000	-0.024695936409202
2.4160000000000	-0.024801271253704
2.4200000000000	-0.024907906609581
2.4240000000000	-0.025015887332448
2.4280000000000	-0.025125260539066
2.4320000000000	-0.025236075752496
2.4360000000000	-0.025348385058487
2.4400000000000	-0.025462243274056
2.4440000000000	-0.025577708129397
2.4480000000000	-0.025694840464362
2.4520000000000	-0.025813704440800
2.4560000000000	-0.025934367772306
2.4600000000000	-0.026056901973008
2.4640000000000	-0.026181382627182
2.4680000000000	-0.026307889681766
2.4720000000000	-0.026436507763996
2.4760000000000	-0.026567326526642
2.4800000000000	-0.026700441023644
2.4840000000000	-0.026835952119184
2.4880000000000	-0.026973966933703
2.4920000000000	-0.027114599330605
2.4960000000000	-0.027257970448011
2.5000000000000	-0.027404209280275
2.5040000000000	-0.027553453314697
2.5080000000000	-0.027705849229352
2.5120000000000	-0.027861553658823
2.5160000000000	-0.028020734035386
2.5200000000000	-0.028183569514158
2.5240000000000	-0.028350251991725
2.5280000000000	-0.028520987229138
2.5320000000000	-0.028695996091349
2.5360000000000	-0.028875515916871
2.5400000000000	-0.029059802033220
2.5440000000000	-0.029249129435683
2.5480000000000	-0.029443794649378
2.5520000000000	-0.029644117797158
2.5560000000000	-0.029850444899049
2.5600000000000	-0.030063150432263
2.5640000000000	-0.030282640185050
2.5680000000000	-0.030509354441791
2.5720000000000	-0.030743771542393
2.5760000000000	-0.030986411864570
2.5800000000000	-0.031237842284548
2.5840000000000	-0.031498681179179
2.5880000000000	-0.031769604041260
2.5920000000000	-0.032051349789446
2.5960000000000	-0.032344727865037
2.6000000000000	-0.032650626220129
2.6040000000000	-0.032970020314696
2.6080000000000	-0.033303983254859
2.6120000000000	-0.033653697219613
2.6160000000000	-0.034020466339179
2.6200000000000	-0.034405731203459
2.6240000000000	-0.034811085193077
2.6280000000000	-0.035238292835605
2.6320000000000	-0.035689310394023
2.6360000000000	-0.036166308887216
2.6400000000000	-0.036671699718526
2.6440000000000	-0.037208163036938
2.6480000000000	-0.037778678863446
2.6520000000000	-0.038386560861469
2.6560000000000	-0.039035492386132
2.6600000000000	-0.039729564070608
2.6640000000000	-0.040473311640499
2.6680000000000	-0.041271751805602
2.6720000000000	-0.042130412849620
2.6760000000000	-0.043055354765976
2.6800000000000	-0.044053171267201
2.6840000000000	-0.045130962460755
2.6880000000000	-0.046296262116906
2.6920000000000	-0.047556896899285
2.6960000000000	-0.048920746368398
2.7000000000000	-0.050395361876893
2.7040000000000	-0.051987390026340
2.7080000000000	-0.053701733581384
2.7120000000000	-0.055540373057322
2.7160000000000	-0.057500772348583
2.7200000000000	-0.059573813470911
2.7240000000000	-0.061741266667829
2.7280000000000	-0.063972925937816
2.7320000000000	-0.066223748147518
2.7360000000000	-0.068431629175453
2.7400000000000	-0.070516786019183
2.7440000000000	-0.072383955520236
2.7480000000000	-0.073928534803770
2.7520000000000	-0.075047111547318
2.7560000000000	-0.075651463524355
2.7600000000000	-0.075683368253484
2.7640000000000	-0.075126282738830
2.7680000000000	-0.074010098126809
2.7720000000000	-0.072407106314402
2.7760000000000	-0.070420276909795
2.7800000000000	-0.068167417727756
2.7840000000000	-0.065765574221405
2.7880000000000	-0.063319022798327
2.7920000000000	-0.060912309767545
2.7960000000000	-0.058608041004860
2.8000000000000	-0.056448131103134
2.8040000000000	-0.054456998225348
2.8080000000000	-0.052645453638547
2.8120000000000	-0.051014466736222
2.8160000000000	-0.049558383663376
2.8200000000000	-0.048267459765213
2.8240000000000	-0.047129730328132
2.8280000000000	-0.046132319945383
2.8320000000000	-0.045262311936702
2.8360000000000	-0.044507291829378
2.8400000000000	-0.043855659840767
2.8440000000000	-0.043296785926343
2.8480000000000	-0.042821061650194
2.8520000000000	-0.042419887431043
2.8560000000000	-0.042085621723917
2.8600000000000	-0.041811509919490
2.8640000000000	-0.041591604516825
2.8680000000000	-0.041420683818988
2.8720000000000	-0.041294173487611
2.8760000000000	-0.041208073363323
2.8800000000000	-0.041158890711583
2.8840000000000	-0.041143580269285
2.8880000000000	-0.041159490993544
2.8920000000000	-0.041204319144275
2.8960000000000	-0.041276067194007
2.9000000000000	-0.041373008003393
2.9040000000000	-0.041493653696517
2.9080000000000	-0.041636728695166
2.9120000000000	-0.041801146412279
2.9160000000000	-0.041985989152458
2.9200000000000	-0.042190490817504
2.9240000000000	-0.042414022062931
2.9280000000000	-0.042656077596954
2.9320000000000	-0.042916265354500
2.9360000000000	-0.043194297316064
2.9400000000000	-0.043489981774109
2.9440000000000	-0.043803216878772
2.9480000000000	-0.044133985320272
2.9520000000000	-0.044482350027674
2.9560000000000	-0.044848450783391
2.9600000000000	-0.045232501670032
2.9640000000000	-0.045634789281377
2.9680000000000	-0.046055671642843
2.9720000000000	-0.046495577798847
2.9760000000000	-0.046955008035432
2.9800000000000	-0.047434534716527
2.9840000000000	-0.047934803721578
2.9880000000000	-0.048456536481025
2.9920000000000	-0.049000532614705
2.9960000000000	-0.049567673186506
3.0000000000000	-0.050158924597090
3.0040000000000	-0.050775343144993
3.0080000000000	-0.051418080295390
3.0120000000000	-0.052088388705287
3.0160000000000	-0.052787629064165
3.0200000000000	-0.053517277820127
3.0240000000000	-0.054278935874098
3.0280000000000	-0.055074338338208
3.0320000000000	-0.055905365470073
3.0360000000000	-0.056774054912140
3.0400000000000	-0.057682615385297
3.0440000000000	-0.058633442008811
3.0480000000000	-0.059629133445060
3.0520000000000	-0.060672511097989
3.0560000000000	-0.061766640629631
3.0600000000000	-0.062914856100206
3.0640000000000	-0.064120787085501
3.0680000000000	-0.065388389181592
3.0720000000000	-0.066721978373368
3.0760000000000	-0.068126269821487
3.0800000000000	-0.069606421714913
3.0840000000000	-0.071168084945914
3.0880000000000	-0.072817459495057
3.0920000000000	-0.074561358569497
3.0960000000000	-0.076407281724703
3.1000000000000	-0.078363498423972
3.1040000000000	-0.080439143760540
3.1080000000000	-0.082644328394303
3.1120000000000	-0.084990265152433
3.1160000000000	-0.087489415227284
3.1200000000000	-0.090155657497488
3.1240000000000	-0.093004485225710
3.1280000000000	-0.096053235284265
3.1320000000000	-0.099321356171808
3.1360000000000	-0.10283072246830
3.1400000000000	-0.10660600510566
3.1440000000000	-0.11067510900550
3.1480000000000	-0.11506969238034
3.1520000000000	-0.11982578547937
3.1560000000000	-0.12498453100750
3.1600000000000	-0.13059307415622
3.1640000000000	-0.13670563755785
3.1680000000000	-0.14338482605682
3.1720000000000	-0.15070321872280
3.1760000000000	-0.15874532203295
3.1800000000000	-0.16760998003520
3.1840000000000	-0.17741336654119
3.1880000000000	-0.18829272375944
3.1920000000000	-0.20041106519657
3.1960000000000	-0.21396313375339
3.2000000000000	-0.22918300684105
3.2040000000000	-0.24635388085937
3.2080000000000	-0.26582076487572
3.2120000000000	-0.28800709352933
3.2160000000000	-0.31343667045826
3.2200000000000	-0.34276293363302
3.2240000000000	-0.37680838016550
3.2280000000000	-0.41661823275327
3.2320000000000	-0.46353427307276
3.2360000000000	-0.51929750881006
3.2400000000000	-0.58619241768081
3.2440000000000	-0.66725152436698
3.2480000000000	-0.76654772623385
3.2520000000000	-0.88961356695697
3.2560000000000	-1.0440405201802
3.2600000000000	-1.2403206264099
3.2640000000000	-1.4929729755221
3.2680000000000	-1.8218707531226
3.2720000000000	-2.2532221780595
3.2760000000000	-2.8182336200897
3.2800000000000	-3.5435951516966
3.2840000000000	-4.4194179190047
3.2880000000000	-5.3236753824996
3.2920000000000	-5.9392945064789
3.2960000000000	-5.9037366010754
3.3000000000000	-5.2394863054653
3.3040000000000	-4.3227402200263
3.3080000000000	-3.4540541612347
3.3120000000000	-2.7413672099960
3.3160000000000	-2.1886739069410
3.3200000000000	-1.7676631833914
3.3240000000000	-1.4470470630930
3.3280000000000	-1.2009547964662
3.3320000000000	-1.0098932607675
3.3360000000000	-0.85966317507035
3.3400000000000	-0.74001849948455
3.3440000000000	-0.64355102689115
3.3480000000000	-0.56486357172150
3.3520000000000	-0.49998343660554
3.3560000000000	-0.44595283717233
3.3600000000000	-0.40054361684385
3.3640000000000	-0.36205769263364
3.3680000000000	-0.32918638087611
3.3720000000000	-0.30091027545435
3.3760000000000	-0.27642724183233
3.3800000000000	-0.25510007439432
3.3840000000000	-0.23641804011268
3.3880000000000	-0.21996832907319
3.3920000000000	-0.20541464567518
3.3960000000000	-0.19248099908226
3.4000000000000	-0.18093931687714
3.4040000000000	-0.17059989699005
3.4080000000000	-0.16130398609422
3.4120000000000	-0.15291796520337
3.4160000000000	-0.14532876021944
3.4200000000000	-0.13844019357536
3.4240000000000	-0.13217006441521
3.4280000000000	-0.12644779686276
3.4320000000000	-0.12121253433170
3.4360000000000	-0.11641158635914
3.4400000000000	-0.11199915580034
3.4440000000000	-0.10793529032800
3.4480000000000	-0.10418501441141
3.4520000000000	-0.10071760730320
3.4560000000000	-0.097505999759582
3.4600000000000	-0.094526267793723
3.4640000000000	-0.091757206104234
3.4680000000000	-0.089179967222837
3.4720000000000	-0.086777755105192
3.4760000000000	-0.084535564011486
3.4800000000000	-0.082439955212533
3.4840000000000	-0.080478865408313
3.4880000000000	-0.078641441831571
3.4920000000000	-0.076917899885313
3.4960000000000	-0.075299399873428
3.5000000000000	-0.073777939961864
3.5040000000000	-0.072346262980289
3.5080000000000	-0.070997775061917
3.5120000000000	-0.069726474438315
3.5160000000000	-0.068526888969924
3.5200000000000	-0.067394021211726
3.5240000000000	-0.066323299995501
3.5280000000000	-0.065310537662163
3.5320000000000	-0.064351892204755
3.5360000000000	-0.063443833689624
3.5400000000000	-0.062583114413294
3.5440000000000	-0.061766742328484
3.5480000000000	-0.060991957337243
3.5520000000000	-0.060256210103771
3.5560000000000	-0.059557143086052
3.5600000000000	-0.058892573525225
3.5640000000000	-0.058260478165554
3.5680000000000	-0.057658979507067
3.5720000000000	-0.057086333417985
3.5760000000000	-0.056540917955659
3.5800000000000	-0.056021223263335
3.5840000000000	-0.055525842426304
3.5880000000000	-0.055053463184862
3.5920000000000	-0.054602860413666
3.5960000000000	-0.054172889287768
3.6000000000000	-0.053762479064613
3.6040000000000	-0.053370627419538
3.6080000000000	-0.052996395279248
3.6120000000000	-0.052638902103884
3.6160000000000	-0.052297321573888
3.6200000000000	-0.051970877642396
3.6240000000000	-0.051658840918364
3.6280000000000	-0.051360525349038
3.6320000000000	-0.051075285173974
3.6360000000000	-0.050802512125419
3.6400000000000	-0.050541632852658
3.6440000000000	-0.050292106550054
3.6480000000000	-0.050053422770634
3.6520000000000	-0.049825099408852
3.6560000000000	-0.049606680837707
3.6600000000000	-0.049397736186932
3.6640000000000	-0.049197857750174
3.6680000000000	-0.049006659510233
3.6720000000000	-0.048823775772522
3.6760000000000	-0.048648859897739
3.6800000000000	-0.048481583125637
3.6840000000000	-0.048321633482481
3.6880000000000	-0.048168714765486
3.6920000000000	-0.048022545598076
3.6960000000000	-0.047882858550414
3.7000000000000	-0.047749399320083
3.7040000000000	-0.047621925968282
3.7080000000000	-0.047500208207290
3.7120000000000	-0.047384026735276
3.7160000000000	-0.047273172614942
3.7200000000000	-0.047167446692704
3.7240000000000	-0.047066659055417
3.7280000000000	-0.046970628521947
3.7320000000000	-0.046879182166967
3.7360000000000	-0.046792154874785
3.7400000000000	-0.046709388920960
3.7440000000000	-0.046630733579816
3.7480000000000	-0.046556044755997
3.7520000000000	-0.046485184638423
3.7560000000000	-0.046418021375098
3.7600000000000	-0.046354428767344
3.7640000000000	-0.046294285982154
3.7680000000000	-0.046237477281431
3.7720000000000	-0.046183891767045
3.7760000000000	-0.046133423140569
3.7800000000000	-0.046085969476831
3.7840000000000	-0.046041433010336
3.7880000000000	-0.045999719933710
3.7920000000000	-0.045960740207475
3.7960000000000	-0.045924407380325
3.8000000000000	-0.045890638419368
3.8040000000000	-0.045859353549593
3.8080000000000	-0.045830476102085
3.8120000000000	-0.045803932370394
3.8160000000000	-0.045779651474587
3.8200000000000	-0.045757565232495
3.8240000000000	-0.045737608037761
3.8280000000000	-0.045719716744234
3.8320000000000	-0.045703830556384
3.8360000000000	-0.045689890925340
3.8400000000000	-0.045677841450253
3.8440000000000	-0.045667627784661
3.8480000000000	-0.045659197547572
3.8520000000000	-0.045652500238998
3.8560000000000	-0.045647487159685
3.8600000000000	-0.045644111334803
3.8640000000000	-0.045642327441374
3.8680000000000	-0.045642091739229
3.8720000000000	-0.045643362005314
3.8760000000000	-0.045646097471124
3.8800000000000	-0.045650258763154
3.8840000000000	-0.045655807846135
3.8880000000000	-0.045662707968967
3.8920000000000	-0.045670923613169
3.8960000000000	-0.045680420443711
3.9000000000000	-0.045691165262139
3.9040000000000	-0.045703125961819
3.9080000000000	-0.045716271485252
3.9120000000000	-0.045730571783278
3.9160000000000	-0.045745997776158
3.9200000000000	-0.045762521316360
3.9240000000000	-0.045780115153018
3.9280000000000	-0.045798752897944
3.9320000000000	-0.045818408993150
3.9360000000000	-0.045839058679753
3.9400000000000	-0.045860677968264
3.9440000000000	-0.045883243610129
3.9480000000000	-0.045906733070495
3.9520000000000	-0.045931124502142
3.9560000000000	-0.045956396720496
3.9600000000000	-0.045982529179725
3.9640000000000	-0.046009501949794
3.9680000000000	-0.046037295694513
3.9720000000000	-0.046065891650458
3.9760000000000	-0.046095271606773
3.9800000000000	-0.046125417885797
3.9840000000000	-0.046156313324470
3.9880000000000	-0.046187941256500
3.9920000000000	-0.046220285495235
3.9960000000000	-0.046253330317214
4.0000000000000	-0.046287060446388
4.0040000000000	-0.046321461038954
4.0080000000000	-0.046356517668779
4.0120000000000	-0.046392216313396
4.0160000000000	-0.046428543340554
4.0200000000000	-0.046465485495260
4.0240000000000	-0.046503029887357
4.0280000000000	-0.046541163979544
4.0320000000000	-0.046579875575856
4.0360000000000	-0.046619152810599
4.0400000000000	-0.046658984137677
4.0440000000000	-0.046699358320329
4.0480000000000	-0.046740264421254
4.0520000000000	-0.046781691793077
4.0560000000000	-0.046823630069195
4.0600000000000	-0.046866069154949
4.0640000000000	-0.046908999219092
4.0680000000000	-0.046952410685612
4.0720000000000	-0.046996294225807
4.0760000000000	-0.047040640750678
4.0800000000000	-0.047085441403559
4.0840000000000	-0.047130687553045
4.0880000000000	-0.047176370786143
4.0920000000000	-0.047222482901672
4.0960000000000	-0.047269015903898
4.1000000000000	-0.047315961996387
4.1040000000000	-0.047363313576071
4.1080000000000	-0.047411063227515
4.1120000000000	-0.047459203717387
4.1160000000000	-0.047507727989120
4.1200000000000	-0.047556629157736
4.1240000000000	-0.047605900504869
4.1280000000000	-0.047655535473941
4.1320000000000	-0.047705527665502
4.1360000000000	-0.047755870832731
4.1400000000000	-0.047806558877078
4.1440000000000	-0.047857585844052
4.1480000000000	-0.047908945919159
4.1520000000000	-0.047960633423947
4.1560000000000	-0.048012642812216
4.1600000000000	-0.048064968666315
4.1640000000000	-0.048117605693575
4.1680000000000	-0.048170548722871
4.1720000000000	-0.048223792701260
4.1760000000000	-0.048277332690757
4.1800000000000	-0.048331163865198
4.1840000000000	-0.048385281507203
4.1880000000000	-0.048439681005244
4.1920000000000	-0.048494357850783
4.1960000000000	-0.048549307635526
4.2000000000000	-0.048604526048750
4.2040000000000	-0.048660008874703
4.2080000000000	-0.048715751990099
4.2120000000000	-0.048771751361683
4.2160000000000	-0.048828003043869
4.2200000000000	-0.048884503176455
4.2240000000000	-0.048941247982404
4.2280000000000	-0.048998233765680
4.2320000000000	-0.049055456909180
4.2360000000000	-0.049112913872688
4.2400000000000	-0.049170601190929
4.2440000000000	-0.049228515471640
4.2480000000000	-0.049286653393738
4.2520000000000	-0.049345011705514
4.2560000000000	-0.049403587222889
4.2600000000000	-0.049462376827720
4.2640000000000	-0.049521377466159
4.2680000000000	-0.049580586147056
4.2720000000000	-0.049639999940396
4.2760000000000	-0.049699615975816
4.2800000000000	-0.049759431441120
4.2840000000000	-0.049819443580863
4.2880000000000	-0.049879649694971
4.2920000000000	-0.049940047137404
4.2960000000000	-0.050000633314835
4.3000000000000	-0.050061405685399
4.3040000000000	-0.050122361757441
4.3080000000000	-0.050183499088340
4.3120000000000	-0.050244815283319
4.3160000000000	-0.050306307994329
4.3200000000000	-0.050367974918935
4.3240000000000	-0.050429813799250
4.3280000000000	-0.050491822420888
4.3320000000000	-0.050553998611949
4.3360000000000	-0.050616340242037
4.3400000000000	-0.050678845221287
4.3440000000000	-0.050741511499443
4.3480000000000	-0.050804337064939
4.3520000000000	-0.050867319944012
4.3560000000000	-0.050930458199844
4.3600000000000	-0.050993749931720
4.3640000000000	-0.051057193274213
4.3680000000000	-0.051120786396382
4.3720000000000	-0.051184527501002
4.3760000000000	-0.051248414823800
4.3800000000000	-0.051312446632736
4.3840000000000	-0.051376621227264
4.3880000000000	-0.051440936937655
4.3920000000000	-0.051505392124297
4.3960000000000	-0.051569985177047
4.4000000000000	-0.051634714514581
4.4040000000000	-0.051699578583761
4.4080000000000	-0.051764575859020
4.4120000000000	-0.051829704841773
4.4160000000000	-0.051894964059818
4.4200000000000	-0.051960352066785
4.4240000000000	-0.052025867441571
4.4280000000000	-0.052091508787797
4.4320000000000	-0.052157274733289
4.4360000000000	-0.052223163929560
4.4400000000000	-0.052289175051303
4.4440000000000	-0.052355306795911
4.4480000000000	-0.052421557882991
4.4520000000000	-0.052487927053909
4.4560000000000	-0.052554413071316
4.4600000000000	-0.052621014718734
4.4640000000000	-0.052687730800090
4.4680000000000	-0.052754560139321
4.4720000000000	-0.052821501579943
4.4760000000000	-0.052888553984660
4.4800000000000	-0.052955716234966
4.4840000000000	-0.053022987230764
4.4880000000000	-0.053090365889985
4.4920000000000	-0.053157851148229
4.4960000000000	-0.053225441958412
4.5000000000000	-0.053293137290402
4.5040000000000	-0.053360936130692
4.5080000000000	-0.053428837482062
4.5120000000000	-0.053496840363257
4.5160000000000	-0.053564943808661
4.5200000000000	-0.053633146867999
4.5240000000000	-0.053701448606024
4.5280000000000	-0.053769848102225
4.5320000000000	-0.053838344450543
4.5360000000000	-0.053906936759074
4.5400000000000	-0.053975624149804
4.5440000000000	-0.054044405758334
4.5480000000000	-0.054113280733626
4.5520000000000	-0.054182248237724
4.5560000000000	-0.054251307445523
4.5600000000000	-0.054320457544510
4.5640000000000	-0.054389697734521
4.5680000000000	-0.054459027227523
4.5720000000000	-0.054528445247356
4.5760000000000	-0.054597951029529
4.5800000000000	-0.054667543820994
4.5840000000000	-0.054737222879918
4.5880000000000	-0.054806987475496
4.5920000000000	-0.054876836887716
4.5960000000000	-0.054946770407180
4.6000000000000	-0.055016787334897
4.6040000000000	-0.055086886982087
4.6080000000000	-0.055157068669997
4.6120000000000	-0.055227331729716
4.6160000000000	-0.055297675501981
4.6200000000000	-0.055368099337020
4.6240000000000	-0.055438602594371
4.6280000000000	-0.055509184642696
4.6320000000000	-0.055579844859640
4.6360000000000	-0.055650582631650
4.6400000000000	-0.055721397353826
4.6440000000000	-0.055792288429753
4.6480000000000	-0.055863255271367
4.6520000000000	-0.055934297298784
4.6560000000000	-0.056005413940171
4.6600000000000	-0.056076604631589
4.6640000000000	-0.056147868816861
4.6680000000000	-0.056219205947433
4.6720000000000	-0.056290615482237
4.6760000000000	-0.056362096887561
4.6800000000000	-0.056433649636914
4.6840000000000	-0.056505273210910
4.6880000000000	-0.056576967097134
4.6920000000000	-0.056648730790025
4.6960000000000	-0.056720563790755
4.7000000000000	-0.056792465607114
4.7040000000000	-0.056864435753393
4.7080000000000	-0.056936473750275
4.7120000000000	-0.057008579124727
4.7160000000000	-0.057080751409877
4.7200000000000	-0.057152990144930
4.7240000000000	-0.057225294875054
4.7280000000000	-0.057297665151275
4.7320000000000	-0.057370100530385
4.7360000000000	-0.057442600574837
4.7400000000000	-0.057515164852659
4.7440000000000	-0.057587792937350
4.7480000000000	-0.057660484407797
4.7520000000000	-0.057733238848175
4.7560000000000	-0.057806055847868
4.7600000000000	-0.057878935001377
4.7640000000000	-0.057951875908241
4.7680000000000	-0.058024878172943
4.7720000000000	-0.058097941404841
4.7760000000000	-0.058171065218071
4.7800000000000	-0.058244249231490
4.7840000000000	-0.058317493068580
4.7880000000000	-0.058390796357383
4.7920000000000	-0.058464158730423
4.7960000000000	-0.058537579824629
4.8000000000000	-0.058611059281274
4.8040000000000	-0.058684596745899
4.8080000000000	-0.058758191868234
4.8120000000000	-0.058831844302154
4.8160000000000	-0.058905553705588
4.8200000000000	-0.058979319740474
4.8240000000000	-0.059053142072677
4.8280000000000	-0.059127020371939
4.8320000000000	-0.059200954311820
4.8360000000000	-0.059274943569620
4.8400000000000	-0.059348987826339
4.8440000000000	-0.059423086766609
4.8480000000000	-0.059497240078639
4.8520000000000	-0.059571447454157
4.8560000000000	-0.059645708588356
4.8600000000000	-0.059720023179841
4.8640000000000	-0.059794390930581
4.8680000000000	-0.059868811545845
4.8720000000000	-0.059943284734156
4.8760000000000	-0.060017810207242
4.8800000000000	-0.060092387679992
4.8840000000000	-0.060167016870395
4.8880000000000	-0.060241697499505
4.8920000000000	-0.060316429291380
4.8960000000000	-0.060391211973051
4.9000000000000	-0.060466045274470
4.9040000000000	-0.060540928928461
4.9080000000000	-0.060615862670687
4.9120000000000	-0.060690846239595
4.9160000000000	-0.060765879376385
4.9200000000000	-0.060840961824963
4.9240000000000	-0.060916093331901
4.9280000000000	-0.060991273646392
4.9320000000000	-0.061066502520228
4.9360000000000	-0.061141779707736
4.9400000000000	-0.061217104965764
4.9440000000000	-0.061292478053631
4.9480000000000	-0.061367898733086
4.9520000000000	-0.061443366768290
4.9560000000000	-0.061518881925761
4.9600000000000	-0.061594443974353
4.9640000000000	-0.061670052685213
4.9680000000000	-0.061745707831754
4.9720000000000	-0.061821409189621
4.9760000000000	-0.061897156536647
4.9800000000000	-0.061972949652841
4.9840000000000	-0.062048788320344
4.9880000000000	-0.062124672323398
4.9920000000000	-0.062200601448322
4.9960000000000	-0.062276575483473
5.0000000000000	-0.062352594219228
