19797

1 0.702574
2 0.689894
3 0.677584
4 0.769204
5 0.800167
6 0.732306
7 0.719819
8 0.951614
9 0.587808
10 0.693915
11 0.801103
12 0.928064
13 0.710816
14 0.658049
15 0.928602
16 0.910449
17 0.940437
18 0.853832
19 0.796759
20 0.781782
21 0.682498
22 0.932971
23 0.656217
24 0.805378
25 0.73294
26 0.774064
27 0.811856
28 0.886602
29 0.794619
30 0.868566
31 0.909182
32 0.66387
33 0.959539
34 0.636226
35 0.655829
36 0.753539
37 0.808708
38 0.739222
39 0.931013
40 0.892047
41 0.870944
42 0.74765
43 0.916886
44 0.822649
45 0.906087
46 0.879261
47 0.898872
48 0.694665
49 0.946631
50 0.881682
51 0.706169
52 0.793745
53 0.967859
54 0.660867
55 0.929195
56 0.716922
57 0.813911
58 0.699579
59 0.724999
60 0.937444
61 0.819469
62 0.703025
63 0.735395
64 0.854127
65 0.734565
66 0.902967
67 0.677618
68 0.714306
69 0.937907
70 0.912404
71 0.583285
72 0.793938
73 0.643079
74 0.8934
75 0.975992
76 0.85651
77 0.781326
78 0.7163
79 0.7026
80 0.733648
81 0.942709
82 0.946218
83 0.832433
84 0.707439
85 0.760467
86 0.887227
87 0.922678
88 0.662049
89 0.672639
90 0.903158
91 0.874133
92 0.842674
93 0.559383
94 0.757937
95 0.770927
96 0.768721
97 0.878638
98 0.61195
99 0.756902
100 0.724347
101 0.680763
102 0.758288
103 0.87234
104 0.645987
105 0.723927
106 0.73719
107 0.961229
108 0.804293
109 0.857485
110 0.817277
111 0.759344
112 0.73173
113 0.714861
114 0.697439
115 0.699231
116 0.727164
117 0.711343
118 0.97733
119 0.754054
120 0.739724
121 0.686857
122 0.959852
123 0.787376
124 0.711098
125 0.666011
126 0.659341
127 0.753594
128 0.815714
129 0.732249
130 0.881835
131 0.788402
132 0.809582
133 0.612189
134 0.756809
135 0.72297
136 0.650907
137 0.774329
138 0.696728
139 0.705901
140 0.767157
141 0.762193
142 0.677468
143 0.680379
144 0.736051
145 0.871561
146 0.830958
147 0.861233
148 0.881555
149 0.769588
150 0.670412
151 0.715474
152 0.625309
153 0.688404
154 0.748626
155 0.908234
156 0.912945
157 0.77978
158 0.834496
159 0.788846
160 0.735379
161 0.777895
162 0.788416
163 0.725286
164 0.860211
165 0.617825
166 0.847892
167 0.85054
168 0.665416
169 0.597292
170 0.706003
171 0.568475
172 0.717794
173 0.762943
174 0.72922
175 0.731347
176 0.697012
177 0.848089
178 0.812459
179 0.712844
180 0.719575
181 0.687355
182 0.656885
183 0.823461
184 0.720668
185 0.68841
186 0.675755
187 0.721169
188 0.815891
189 0.672159
190 0.677514
191 0.692368
192 0.741483
193 0.451951
194 0.863109
195 0.953621
196 0.723826
197 0.78564
198 0.887684
199 0.906597
200 0.67705
201 0.796958
202 0.95614
203 0.875379
204 0.813812
205 0.948067
206 0.921971
207 0.751204
208 0.73696
209 0.699388
210 0.810245
211 0.909144
212 0.91785
213 0.741933
214 0.749624
215 0.767998
216 0.894986
217 0.902444
218 0.929681
219 0.590918
220 0.732822
221 0.545845
222 0.954781
223 0.842838
224 0.908779
225 0.805102
226 0.736967
227 0.826164
228 0.928376
229 0.808923
230 0.885906
231 0.750506
232 0.883138
233 0.870958
234 0.891895
235 0.855648
236 0.853411
237 0.891513
238 0.671517
239 0.940918
240 0.926337
241 0.842087
242 0.765177
243 0.88582
244 0.851401
245 0.847703
246 0.839168
247 0.94201
248 0.643495
249 0.943026
250 0.824124
251 0.634223
252 0.943206
253 0.893006
254 0.938926
255 0.809903
256 0.960206
257 0.728679
258 0.790854
259 0.775923
260 0.94549
261 0.861462
262 0.785029
263 0.74995
264 0.811062
265 0.630219
266 0.908513
267 0.722396
268 0.831895
269 0.880876
270 0.938156
271 0.91443
272 0.93774
273 0.895308
274 0.852586
275 0.936399
276 0.82791
277 0.808398
278 0.918611
279 0.910605
280 0.754698
281 0.932469
282 0.95524
283 0.94989
284 0.966655
285 0.898269
286 0.901348
287 0.912293
288 0.932101
289 0.588233
290 0.752942
291 0.744082
292 0.622901
293 0.937436
294 0.732974
295 0.682812
296 0.724414
297 0.962182
298 0.923248
299 0.957112
300 0.771487
301 0.89946
302 0.718639
303 0.685964
304 0.683
305 0.727007
306 0.709888
307 0.731454
308 0.989041
309 0.79445
310 0.754736
311 0.753751
312 0.735131
313 0.973653
314 0.710967
315 0.715039
316 0.719975
317 0.816579
318 0.818669
319 0.799721
320 0.960362
321 0.757726
322 0.82348
323 0.818451
324 0.67984
325 0.717541
326 0.976287
327 0.724067
328 0.797113
329 0.915721
330 0.92918
331 0.665349
332 0.874262
333 0.839976
334 0.954161
335 0.928669
336 0.892434
337 0.817244
338 0.606638
339 0.87358
340 0.820807
341 0.751322
342 0.800233
343 0.935215
344 0.855913
345 0.835458
346 0.800966
347 0.765541
348 0.767254
349 0.935555
350 0.802783
351 0.649948
352 0.964533
353 0.509628
354 0.835189
355 0.934589
356 0.809395
357 0.55302
358 0.597392
359 0.748453
360 0.741616
361 0.893264
362 0.909128
363 0.744614
364 0.793254
365 0.815163
366 0.840039
367 0.784084
368 0.718509
369 0.644616
370 0.655906
371 0.661944
372 0.699065
373 0.722171
374 0.954115
375 0.736583
376 0.953673
377 0.700324
378 0.774799
379 0.96213
380 0.761253
381 0.894022
382 0.810178
383 0.728458
384 0.751447
385 0.741538
386 0.713783
387 0.926504
388 0.978607
389 0.92674
390 0.95452
391 0.960552
392 0.945718
393 0.910497
394 0.926386
395 0.921569
396 0.756666
397 0.790401
398 0.970534
399 0.920036
400 0.688924
401 0.892581
402 0.806961
403 0.924709
404 0.93291
405 0.91819
406 0.936583
407 0.72429
408 0.907137
409 0.935744
410 0.781912
411 0.796045
412 0.875093
413 0.885599
414 0.698058
415 0.911353
416 0.953519
417 0.926117
418 0.907809
419 0.826832
420 0.914864
421 0.805223
422 0.851212
423 0.899161
424 0.955357
425 0.920443
426 0.799319
427 0.745891
428 0.827848
429 0.813888
430 0.899892
431 0.932587
432 0.922186
433 0.778549
434 0.876629
435 0.93128
436 0.879616
437 0.686922
438 0.90497
439 0.959813
440 0.920377
441 0.840909
442 0.801442
443 0.774436
444 0.915406
445 0.950277
446 0.664581
447 0.72607
448 0.873266
449 0.827892
450 0.954608
451 0.690366
452 0.905013
453 0.809938
454 0.673606
455 0.928902
456 0.852614
457 0.877038
458 0.924076
459 0.876186
460 0.876837
461 0.89024
462 0.705045
463 0.908636
464 0.912916
465 0.99169
466 0.585446
467 0.911066
468 0.903305
469 0.951257
470 0.975683
471 0.898418
472 0.647058
473 0.959497
474 0.677882
475 0.894295
476 0.704053
477 0.944483
478 0.930194
479 0.924173
480 0.900136
481 0.667436
482 0.911028
483 0.721915
484 0.701551
485 0.94308
486 0.714287
487 0.968022
488 0.725969
489 0.851015
490 0.687219
491 0.761793
492 0.70291
493 0.654423
494 0.695513
495 0.704424
496 0.742349
497 0.825573
498 0.689203
499 0.745631
500 0.714721
501 0.681072
502 0.872552
503 0.774504
504 0.638655
505 0.723474
506 0.69703
507 0.647032
508 0.916162
509 0.783418
510 0.990548
511 0.813387
512 0.875457
513 0.759288
514 0.914527
515 0.808689
516 0.91907
517 0.77323
518 0.76435
519 0.709457
520 0.702796
521 0.739385
522 0.78546
523 0.753788
524 0.808746
525 0.753745
526 0.672514
527 0.698791
528 0.728975
529 0.829655
530 0.750943
531 0.997983
532 0.939298
533 0.789469
534 0.50934
535 0.94215
536 0.939867
537 0.844417
538 0.92909
539 0.900669
540 0.955739
541 0.878516
542 0.9216
543 0.8545
544 0.755961
545 0.746605
546 0.822922
547 0.706598
548 0.670781
549 0.927243
550 0.92398
551 0.947049
552 0.942904
553 0.918491
554 0.929513
555 0.698795
556 0.920505
557 0.996578
558 0.76667
559 0.946904
560 0.931778
561 0.846715
562 0.944981
563 0.981388
564 0.9176
565 0.962754
566 0.892502
567 0.835518
568 0.887448
569 0.953812
570 0.986195
571 0.950828
572 0.91779
573 0.729419
574 0.866152
575 0.877416
576 0.955978
577 0.912243
578 0.760028
579 0.900614
580 0.937681
581 0.969391
582 0.93895
583 0.93028
584 0.882892
585 0.9684
586 0.979249
587 0.890565
588 0.888322
589 0.879721
590 0.753293
591 0.95712
592 0.844749
593 0.929702
594 0.968612
595 0.922799
596 0.982601
597 0.842204
598 0.954616
599 0.941022
600 0.93969
601 0.885501
602 0.956707
603 0.989835
604 0.838536
605 0.92558
606 0.937629
607 0.731465
608 0.939074
609 0.84364
610 0.93788
611 0.881213
612 0.93423
613 0.881518
614 0.949462
615 0.938436
616 0.88365
617 0.921535
618 0.927764
619 0.952798
620 0.804781
621 0.883947
622 0.922757
623 0.875841
624 0.900879
625 0.985842
626 0.933897
627 0.994948
628 0.874309
629 0.985606
630 0.854188
631 0.921331
632 0.775752
633 0.793545
634 0.933484
635 0.9357
636 0.728
637 0.853148
638 0.898472
639 0.794276
640 0.912097
641 0.978126
642 0.792833
643 0.793234
644 0.851918
645 0.894508
646 0.907458
647 0.778732
648 0.971687
649 0.673714
650 0.954765
651 0.967946
652 0.697936
653 0.98534
654 0.940227
655 0.861523
656 0.960232
657 0.962421
658 0.942788
659 0.943754
660 0.94361
661 0.744009
662 0.89057
663 0.648073
664 0.676747
665 0.911708
666 0.92246
667 0.928066
668 0.800702
669 0.686716
670 0.941857
671 0.874111
672 0.878192
673 0.855716
674 0.92105
675 0.82216
676 0.681879
677 0.832473
678 0.6162
679 0.943415
680 0.670654
681 0.928455
682 0.88091
683 0.932995
684 0.981219
685 0.70193
686 0.939423
687 0.935544
688 0.975851
689 0.770566
690 0.928007
691 0.742184
692 0.877273
693 0.989131
694 0.812168
695 0.89822
696 0.820992
697 0.874264
698 0.736014
699 0.730809
700 0.958579
701 0.923999
702 0.868539
703 0.907698
704 0.962
705 0.930818
706 0.716767
707 0.694203
708 0.960088
709 0.853947
710 0.724229
711 0.934566
712 0.95393
713 0.841185
714 0.957875
715 0.752054
716 0.646612
717 0.962871
718 0.956495
719 0.98014
720 0.91439
721 0.892439
722 0.984253
723 0.970124
724 0.972309
725 0.810223
726 0.942925
727 0.951211
728 0.891175
729 0.949806
730 0.871938
731 0.868871
732 0.938302
733 0.899227
734 0.93165
735 0.87006
736 0.937304
737 0.873451
738 0.928912
739 0.89467
740 0.988168
741 0.995708
742 0.958203
743 0.552507
744 0.938048
745 0.884466
746 0.9534
747 0.892013
748 0.871743
749 0.711932
750 0.802433
751 0.932975
752 0.806497
753 0.915666
754 0.928158
755 0.908512
756 0.989976
757 0.779288
758 0.887689
759 0.779216
760 0.573568
761 0.936876
762 0.880535
763 0.862843
764 0.82488
765 0.917013
766 0.678335
767 0.940228
768 0.833874
769 0.643952
770 0.930356
771 0.933395
772 0.833092
773 0.978786
774 0.861121
775 0.929108
776 0.782197
777 0.858827
778 0.802187
779 0.844145
780 0.771829
781 0.926193
782 0.933749
783 0.713537
784 0.844912
785 0.945106
786 0.689518
787 0.890761
788 0.924988
789 0.687412
790 0.511882
791 0.90471
792 0.954089
793 0.930985
794 0.739523
795 0.987098
796 0.987611
797 0.764091
798 0.867723
799 0.768245
800 0.738901
801 0.904984
802 0.988076
803 0.990525
804 0.83129
805 0.906936
806 0.942786
807 0.952085
808 0.870677
809 0.66704
810 0.971034
811 0.979675
812 0.964738
813 0.984641
814 0.944483
815 0.979314
816 0.956747
817 0.837082
818 0.958974
819 0.922637
820 0.955003
821 0.923053
822 0.924139
823 0.935275
824 0.859576
825 0.942127
826 0.924746
827 0.830817
828 0.92364
829 0.767663
830 0.632093
831 0.857343
832 0.899526
833 0.791554
834 0.72007
835 0.889162
836 0.937168
837 0.944804
838 0.877321
839 0.864915
840 0.712159
841 0.958567
842 0.673922
843 0.912409
844 0.83976
845 0.910042
846 0.929325
847 0.963683
848 0.724652
849 0.659905
850 0.928159
851 0.787944
852 0.935125
853 0.847236
854 0.846584
855 0.940778
856 0.908967
857 0.993183
858 0.966831
859 0.933908
860 0.886531
861 0.931493
862 0.848036
863 0.890721
864 0.938918
865 0.81374
866 0.942626
867 0.943682
868 0.796757
869 0.927085
870 0.918892
871 0.814062
872 0.974445
873 0.904633
874 0.995136
875 0.961198
876 0.844741
877 0.847141
878 0.98808
879 0.887298
880 0.710011
881 0.69591
882 0.920133
883 0.956092
884 0.964729
885 0.968189
886 0.672476
887 0.661833
888 0.952433
889 0.939628
890 0.618577
891 0.907977
892 0.929387
893 0.796158
894 0.976322
895 0.95575
896 0.862316
897 0.91129
898 0.950857
899 0.805056
900 0.852147
901 0.865989
902 0.931726
903 0.948467
904 0.965465
905 0.910349
906 0.976247
907 0.836992
908 0.982952
909 0.855181
910 0.920291
911 0.958501
912 0.884038
913 0.944575
914 0.926944
915 0.949254
916 0.980979
917 0.981509
918 0.860699
919 0.939021
920 0.844498
921 0.885314
922 0.78582
923 0.909654
924 0.955939
925 0.948378
926 0.790945
927 0.918895
928 0.879361
929 0.839108
930 0.888072
931 0.98591
932 0.810602
933 0.976764
934 0.906594
935 0.97715
936 0.971034
937 0.938862
938 0.9703
939 0.927671
940 0.721981
941 0.934558
942 0.750326
943 0.857287
944 0.898741
945 0.942377
946 0.956134
947 0.919647
948 0.898311
949 0.720249
950 0.89622
951 0.814558
952 0.904562
953 0.921127
954 0.824203
955 0.991833
956 0.994016
957 0.920897
958 0.957973
959 0.975176
960 0.850697
961 0.932872
962 0.929408
963 0.983513
964 0.917761
965 0.879682
966 0.98235
967 0.889979
968 0.845385
969 0.951675
970 0.917429
971 0.962067
972 0.986898
973 0.928746
974 0.866637
975 0.895117
976 0.938969
977 0.907169
978 0.926836
979 0.96416
980 0.965702
981 0.939726
982 0.912493
983 0.997908
984 0.833759
985 0.990576
986 0.892497
987 0.873308
988 0.918865
989 0.925686
990 0.931932
991 0.973593
992 0.974515
993 0.881472
994 0.880168
995 0.939231
996 0.977287
997 0.866702
998 0.954946
999 0.944123
1000 0.671919
1001 0.857058
1002 0.964564
1003 0.968399
1004 0.9164
1005 0.950745
1006 0.977487
1007 0.919479
1008 0.95149
1009 0.953418
1010 0.864203
1011 0.960784
1012 0.866067
1013 0.928992
1014 0.895744
1015 0.991817
1016 0.919406
1017 0.861482
1018 0.916513
1019 0.948389
1020 0.819553
1021 0.921329
1022 0.86485
1023 0.94974
1024 0.966566
1025 0.85363
1026 0.900695
1027 0.872037
1028 0.70297
1029 0.916323
1030 0.841374
1031 0.680318
1032 0.826843
1033 0.789732
1034 0.973844
1035 0.81974
1036 0.894647
1037 0.971662
1038 0.996275
1039 0.974034
1040 0.986233
1041 0.794984
1042 0.979923
1043 0.987497
1044 0.782804
1045 0.879463
1046 0.954317
1047 0.868479
1048 0.826916
1049 0.956808
1050 0.883465
1051 0.881493
1052 0.912102
1053 0.854602
1054 0.791381
1055 0.850273
1056 0.887969
1057 0.785194
1058 0.90214
1059 0.856778
1060 0.766288
1061 0.770891
1062 0.826869
1063 0.977013
1064 0.985491
1065 0.98849
1066 0.981694
1067 0.870251
1068 0.97704
1069 0.84499
1070 0.830505
1071 0.791358
1072 0.808157
1073 0.975617
1074 0.881361
1075 0.98697
1076 0.937406
1077 0.830606
1078 0.844046
1079 0.96398
1080 0.978246
1081 0.964243
1082 0.988227
1083 0.971689
1084 0.918674
1085 0.967292
1086 0.84499
1087 0.910178
1088 0.907641
1089 0.982797
1090 0.895137
1091 0.949083
1092 0.939929
1093 0.78167
1094 0.964234
1095 0.819895
1096 0.950362
1097 0.899488
1098 0.84313
1099 0.953966
1100 0.989122
1101 0.779379
1102 0.867204
1103 0.897851
1104 0.831804
1105 0.874622
1106 0.909926
1107 0.720525
1108 0.883098
1109 0.946936
1110 0.95665
1111 0.965763
1112 0.788527
1113 0.946433
1114 0.972168
1115 0.890554
1116 0.92566
1117 0.911372
1118 0.839986
1119 0.786259
1120 0.886896
1121 0.838597
1122 0.771773
1123 0.862924
1124 0.92485
1125 0.925174
1126 0.699124
1127 0.74104
1128 0.789715
1129 0.968204
1130 0.963928
1131 0.940717
1132 0.819147
1133 0.887323
1134 0.886226
1135 0.924396
1136 0.959052
1137 0.763312
1138 0.967774
1139 0.954888
1140 0.958303
1141 0.917792
1142 0.941463
1143 0.926927
1144 0.961214
1145 0.984485
1146 0.967719
1147 0.98089
1148 0.948982
1149 0.933631
1150 0.979987
1151 0.95704
1152 0.932119
1153 0.948421
1154 0.966434
1155 0.96387
1156 0.937508
1157 0.992899
1158 0.972493
1159 0.916745
1160 0.823084
1161 0.898898
1162 0.944379
1163 0.974666
1164 0.902421
1165 0.849643
1166 0.926165
1167 0.685159
1168 0.962268
1169 0.967466
1170 0.713488
1171 0.842526
1172 0.883117
1173 0.958382
1174 0.903873
1175 0.958934
1176 0.99077
1177 0.913776
1178 0.600983
1179 0.960148
1180 0.925947
1181 0.82829
1182 0.960678
1183 0.98729
1184 0.949616
1185 0.932114
1186 0.921904
1187 0.933699
1188 0.968029
1189 0.947394
1190 0.928446
1191 0.880267
1192 0.920877
1193 0.953802
1194 0.884298
1195 0.929374
1196 0.959794
1197 0.901346
1198 0.981903
1199 0.938668
1200 0.835781
1201 0.977827
1202 0.764682
1203 0.635953
1204 0.846584
1205 0.993186
1206 0.938389
1207 0.927576
1208 0.821849
1209 0.972943
1210 0.889091
1211 0.930227
1212 0.952215
1213 0.967434
1214 0.9619
1215 0.974886
1216 0.925493
1217 0.990438
1218 0.913802
1219 0.964674
1220 0.888107
1221 0.977397
1222 0.870039
1223 0.965565
1224 0.921647
1225 0.927865
1226 0.888213
1227 0.780936
1228 0.947547
1229 0.656357
1230 0.987475
1231 0.909084
1232 0.944154
1233 0.867194
1234 0.982111
1235 0.928636
1236 0.873276
1237 0.968982
1238 0.900009
1239 0.840581
1240 0.926556
1241 0.866747
1242 0.88415
1243 0.958331
1244 0.952046
1245 0.909816
1246 0.863926
1247 0.854679
1248 0.944105
1249 0.87123
1250 0.846404
1251 0.939227
1252 0.952313
1253 0.947375
1254 0.950935
1255 0.895084
1256 0.956195
1257 0.862467
1258 0.761077
1259 0.899732
1260 0.690234
1261 0.942313
1262 0.824107
1263 0.956443
1264 0.986459
1265 0.825786
1266 0.891113
1267 0.895604
1268 0.983672
1269 0.887239
1270 0.885004
1271 0.940836
1272 0.850584
1273 0.778178
1274 0.892622
1275 0.840566
1276 0.935371
1277 0.962132
1278 0.956842
1279 0.997801
1280 0.851852
1281 0.928861
1282 0.860867
1283 0.827853
1284 0.739823
1285 0.970857
1286 0.970472
1287 0.824265
1288 0.969623
1289 0.898742
1290 0.87105
1291 0.813173
1292 0.62161
1293 0.653721
1294 0.932198
1295 0.803565
1296 0.865418
1297 0.944019
1298 0.837751
1299 0.960922
1300 0.863927
1301 0.901496
1302 0.808119
1303 0.867713
1304 0.847335
1305 0.887823
1306 0.915965
1307 0.874314
1308 0.88162
1309 0.907816
1310 0.678631
1311 0.804164
1312 0.964634
1313 0.841579
1314 0.829187
1315 0.901885
1316 0.828456
1317 0.987942
1318 0.896727
1319 0.842558
1320 0.825652
1321 0.768727
1322 0.975487
1323 0.945576
1324 0.844486
1325 0.922536
1326 0.846062
1327 0.912059
1328 0.854765
1329 0.954379
1330 0.885487
1331 0.890999
1332 0.856551
1333 0.823379
1334 0.770747
1335 0.954797
1336 0.912421
1337 0.913972
1338 0.807343
1339 0.968399
1340 0.886424
1341 0.95418
1342 0.976609
1343 0.853789
1344 0.985387
1345 0.924726
1346 0.959272
1347 0.968451
1348 0.822543
1349 0.961169
1350 0.901201
1351 0.889082
1352 0.836807
1353 0.964069
1354 0.890795
1355 0.8919
1356 0.857922
1357 0.917245
1358 0.977991
1359 0.852263
1360 0.89432
1361 0.877748
1362 0.981802
1363 0.851447
1364 0.799876
1365 0.85402
1366 0.923998
1367 0.916111
1368 0.880602
1369 0.916196
1370 0.892951
1371 0.790769
1372 0.959139
1373 0.916544
1374 0.776344
1375 0.906352
1376 0.730741
1377 0.906272
1378 0.895488
1379 0.851329
1380 0.822969
1381 0.822646
1382 0.800175
1383 0.831458
1384 0.897081
1385 0.823155
1386 0.809161
1387 0.813253
1388 0.843641
1389 0.851869
1390 0.870371
1391 0.805011
1392 0.786272
1393 0.848388
1394 0.907154
1395 0.790541
1396 0.911977
1397 0.795127
1398 0.968323
1399 0.942325
1400 0.762089
1401 0.977495
1402 0.782343
1403 0.913486
1404 0.702985
1405 0.557551
1406 0.940667
1407 0.895405
1408 0.797659
1409 0.870622
1410 0.986616
1411 0.940179
1412 0.972945
1413 0.981164
1414 0.973126
1415 0.89559
1416 0.867079
1417 0.909797
1418 0.611527
1419 0.867429
1420 0.67059
1421 0.715193
1422 0.94082
1423 0.887006
1424 0.867772
1425 0.932597
1426 0.809634
1427 0.870597
1428 0.901641
1429 0.744222
1430 0.716394
1431 0.629706
1432 0.691745
1433 0.8486
1434 0.779239
1435 0.969967
1436 0.839344
1437 0.7428
1438 0.895438
1439 0.843409
1440 0.800998
1441 0.920927
1442 0.831987
1443 0.653165
1444 0.803526
1445 0.920422
1446 0.681169
1447 0.885114
1448 0.855202
1449 0.903365
1450 0.953276
1451 0.890624
1452 0.901367
1453 0.8989
1454 0.893919
1455 0.628534
1456 0.704572
1457 0.936688
1458 0.926119
1459 0.748658
1460 0.879752
1461 0.920054
1462 0.82987
1463 0.924715
1464 0.983932
1465 0.985729
1466 0.975582
1467 0.856692
1468 0.932141
1469 0.988507
1470 0.932524
1471 0.896015
1472 0.918114
1473 0.937972
1474 0.62222
1475 0.842744
1476 0.813987
1477 0.88451
1478 0.635385
1479 0.911784
1480 0.875169
1481 0.942618
1482 0.837861
1483 0.930604
1484 0.903829
1485 0.904386
1486 0.977658
1487 0.938364
1488 0.834772
1489 0.929651
1490 0.884159
1491 0.661885
1492 0.83208
1493 0.909866
1494 0.808968
1495 0.874201
1496 0.931813
1497 0.728912
1498 0.711073
1499 0.919181
1500 0.934091
1501 0.846311
1502 0.80002
1503 0.839377
1504 0.971688
1505 0.883013
1506 0.882752
1507 0.829666
1508 0.714025
1509 0.83734
1510 0.793134
1511 0.836655
1512 0.973897
1513 0.92865
1514 0.883611
1515 0.837751
1516 0.81657
1517 0.636802
1518 0.866804
1519 0.95676
1520 0.830088
1521 0.669936
1522 0.744087
1523 0.94069
1524 0.715245
1525 0.968497
1526 0.927486
1527 0.897896
1528 0.845963
1529 0.697824
1530 0.93821
1531 0.894938
1532 0.8839
1533 0.958015
1534 0.889874
1535 0.95498
1536 0.940818
1537 0.836337
1538 0.899002
1539 0.839914
1540 0.874106
1541 0.6635
1542 0.954614
1543 0.897056
1544 0.816886
1545 0.91925
1546 0.892596
1547 0.926808
1548 0.899581
1549 0.892044
1550 0.820997
1551 0.951791
1552 0.725043
1553 0.907238
1554 0.707581
1555 0.6656
1556 0.921762
1557 0.885117
1558 0.767832
1559 0.674238
1560 0.790205
1561 0.941367
1562 0.962347
1563 0.854844
1564 0.908739
1565 0.894168
1566 0.84153
1567 0.854701
1568 0.813663
1569 0.8963
1570 0.858121
1571 0.868519
1572 0.693311
1573 0.764477
1574 0.974815
1575 0.975705
1576 0.836621
1577 0.826152
1578 0.886788
1579 0.884287
1580 0.831431
1581 0.954805
1582 0.733274
1583 0.881394
1584 0.803253
1585 0.792449
1586 0.884073
1587 0.883192
1588 0.869191
1589 0.942844
1590 0.926266
1591 0.883212
1592 0.919838
1593 0.886
1594 0.953682
1595 0.94965
1596 0.76354
1597 0.924862
1598 0.996176
1599 0.747718
1600 0.698682
1601 0.948287
1602 0.982091
1603 0.96035
1604 0.966861
1605 0.876343
1606 0.902711
1607 0.856784
1608 0.899949
1609 0.929533
1610 0.716019
1611 0.869805
1612 0.650215
1613 0.95529
1614 0.878855
1615 0.761917
1616 0.919972
1617 0.773186
1618 0.867754
1619 0.914523
1620 0.938863
1621 0.889462
1622 0.698388
1623 0.842665
1624 0.71562
1625 0.617372
1626 0.91832
1627 0.943767
1628 0.963843
1629 0.99173
1630 0.76834
1631 0.670205
1632 0.964593
1633 0.668689
1634 0.981214
1635 0.943032
1636 0.91933
1637 0.709531
1638 0.661625
1639 0.98086
1640 0.985374
1641 0.90761
1642 0.886941
1643 0.989956
1644 0.67589
1645 0.799634
1646 0.670384
1647 0.859617
1648 0.866718
1649 0.916604
1650 0.736838
1651 0.643868
1652 0.776202
1653 0.791271
1654 0.953799
1655 0.970959
1656 0.680406
1657 0.634545
1658 0.84455
1659 0.830201
1660 0.792244
1661 0.91213
1662 0.885043
1663 0.92389
1664 0.677183
1665 0.836711
1666 0.826459
1667 0.627486
1668 0.767309
1669 0.883787
1670 0.946484
1671 0.911396
1672 0.953408
1673 0.907637
1674 0.923143
1675 0.690269
1676 0.853813
1677 0.670793
1678 0.860341
1679 0.744912
1680 0.900142
1681 0.902288
1682 0.865088
1683 0.853722
1684 0.961502
1685 0.932066
1686 0.939708
1687 0.84481
1688 0.939494
1689 0.952671
1690 0.880294
1691 0.938513
1692 0.89377
1693 0.877273
1694 0.862398
1695 0.784185
1696 0.977621
1697 0.958044
1698 0.926001
1699 0.692233
1700 0.934568
1701 0.826752
1702 0.91857
1703 0.758791
1704 0.861329
1705 0.936162
1706 0.91726
1707 0.870641
1708 0.845087
1709 0.834231
1710 0.881244
1711 0.837006
1712 0.798315
1713 0.795916
1714 0.831486
1715 0.679007
1716 0.952956
1717 0.881093
1718 0.718277
1719 0.897504
1720 0.950021
1721 0.985256
1722 0.659229
1723 0.89501
1724 0.896583
1725 0.755874
1726 0.745721
1727 0.823102
1728 0.916242
1729 0.937072
1730 0.932333
1731 0.934991
1732 0.920931
1733 0.854877
1734 0.94627
1735 0.781034
1736 0.766538
1737 0.994794
1738 0.803313
1739 0.941749
1740 0.824932
1741 0.765449
1742 0.816352
1743 0.841144
1744 0.817079
1745 0.737651
1746 0.929714
1747 0.954429
1748 0.864449
1749 0.812309
1750 0.941355
1751 0.894032
1752 0.934487
1753 0.853709
1754 0.878445
1755 0.949153
1756 0.958444
1757 0.889866
1758 0.933987
1759 0.815185
1760 0.902704
1761 0.953629
1762 0.900169
1763 0.916471
1764 0.860418
1765 0.879139
1766 0.962079
1767 0.821889
1768 0.809825
1769 0.748398
1770 0.905961
1771 0.858247
1772 0.82557
1773 0.97411
1774 0.912882
1775 0.948258
1776 0.949708
1777 0.789352
1778 0.966696
1779 0.861085
1780 0.922348
1781 0.927637
1782 0.983505
1783 0.92257
1784 0.948123
1785 0.958441
1786 0.787761
1787 0.953754
1788 0.965741
1789 0.82384
1790 0.993693
1791 0.610698
1792 0.871242
1793 0.931061
1794 0.710419
1795 0.783346
1796 0.890768
1797 0.863311
1798 0.854468
1799 0.872843
1800 0.936663
1801 0.910887
1802 0.876656
1803 0.7814
1804 0.926634
1805 0.954456
1806 0.890537
1807 0.937231
1808 0.876134
1809 0.940969
1810 0.969614
1811 0.862988
1812 0.897433
1813 0.793345
1814 0.602805
1815 0.766246
1816 0.709335
1817 0.789791
1818 0.836553
1819 0.896276
1820 0.850198
1821 0.924744
1822 0.93191
1823 0.858569
1824 0.958425
1825 0.929318
1826 0.954231
1827 0.806216
1828 0.898388
1829 0.871632
1830 0.883
1831 0.942988
1832 0.948678
1833 0.904365
1834 0.887877
1835 0.967749
1836 0.883441
1837 0.908248
1838 0.926394
1839 0.965645
1840 0.981837
1841 0.899055
1842 0.902066
1843 0.958674
1844 0.870906
1845 0.786142
1846 0.90261
1847 0.971331
1848 0.855911
1849 0.936848
1850 0.850119
1851 0.753487
1852 0.911703
1853 0.93951
1854 0.902669
1855 0.910818
1856 0.854337
1857 0.897997
1858 0.878294
1859 0.828333
1860 0.851109
1861 0.937336
1862 0.788097
1863 0.909292
1864 0.69158
1865 0.909994
1866 0.848876
1867 0.892589
1868 0.834783
1869 0.760047
1870 0.855479
1871 0.906485
1872 0.868675
1873 0.857579
1874 0.906198
1875 0.890899
1876 0.801821
1877 0.882
1878 0.890085
1879 0.864123
1880 0.608337
1881 0.853099
1882 0.70496
1883 0.655281
1884 0.748132
1885 0.926597
1886 0.733631
1887 0.926714
1888 0.904895
1889 0.892902
1890 0.955889
1891 0.909828
1892 0.706525
1893 0.900583
1894 0.816345
1895 0.803721
1896 0.909666
1897 0.851762
1898 0.743739
1899 0.848969
1900 0.776065
1901 0.776745
1902 0.901314
1903 0.965237
1904 0.805175
1905 0.846649
1906 0.853829
1907 0.964794
1908 0.90866
1909 0.956324
1910 0.888356
1911 0.912552
1912 0.840874
1913 0.837695
1914 0.946634
1915 0.974694
1916 0.82259
1917 0.932742
1918 0.788319
1919 0.910265
1920 0.778123
1921 0.931852
1922 0.845413
1923 0.794124
1924 0.816221
1925 0.817156
1926 0.716298
1927 0.815173
1928 0.953591
1929 0.740811
1930 0.964025
1931 0.652535
1932 0.890745
1933 0.902573
1934 0.94181
1935 0.835439
1936 0.890202
1937 0.865274
1938 0.832989
1939 0.945222
1940 0.897856
1941 0.868392
1942 0.846228
1943 0.888172
1944 0.951613
1945 0.915253
1946 0.984589
1947 0.876874
1948 0.924503
1949 0.941744
1950 0.879987
1951 0.784737
1952 0.63207
1953 0.693533
1954 0.849366
1955 0.625527
1956 0.874562
1957 0.708916
1958 0.854658
1959 0.670636
1960 0.907062
1961 0.956555
1962 0.846231
1963 0.977873
1964 0.833726
1965 0.81311
1966 0.956405
1967 0.968718
1968 0.969585
1969 0.784031
1970 0.95892
1971 0.95666
1972 0.945703
1973 0.953105
1974 0.823271
1975 0.934377
1976 0.917488
1977 0.863586
1978 0.920045
1979 0.91915
1980 0.949192
1981 0.920456
1982 0.898168
1983 0.804249
1984 0.892347
1985 0.84839
1986 0.884815
1987 0.928905
1988 0.856038
1989 0.928631
1990 0.796035
1991 0.627146
1992 0.85085
1993 0.838363
1994 0.822
1995 0.918247
1996 0.808835
1997 0.82651
1998 0.668674
1999 0.769544
2000 0.917435
2001 0.964614
2002 0.904057
2003 0.950253
2004 0.950243
2005 0.972856
2006 0.819526
2007 0.899489
2008 0.86529
2009 0.856592
2010 0.722529
2011 0.622725
2012 0.937336
2013 0.955169
2014 0.908172
2015 0.963534
2016 0.907885
2017 0.892856
2018 0.710717
2019 0.915148
2020 0.854511
2021 0.965778
2022 0.682092
2023 0.963672
2024 0.790418
2025 0.840425
2026 0.92508
2027 0.864808
2028 0.950798
2029 0.828023
2030 0.947497
2031 0.909186
2032 0.895322
2033 0.958542
2034 0.868703
2035 0.939881
2036 0.873672
2037 0.887697
2038 0.899542
2039 0.845789
2040 0.981585
2041 0.93532
2042 0.940803
2043 0.81411
2044 0.872761
2045 0.894132
2046 0.895348
2047 0.663364
2048 0.687721
2049 0.872492
2050 0.834793
2051 0.923588
2052 0.917716
2053 0.860445
2054 0.807476
2055 0.888346
2056 0.929588
2057 0.792062
2058 0.886447
2059 0.948538
2060 0.983803
2061 0.878834
2062 0.824139
2063 0.919276
2064 0.901213
2065 0.961936
2066 0.941734
2067 0.901139
2068 0.903463
2069 0.789821
2070 0.936568
2071 0.882523
2072 0.929805
2073 0.864062
2074 0.935707
2075 0.972859
2076 0.956513
2077 0.798788
2078 0.927219
2079 0.913757
2080 0.889045
2081 0.918055
2082 0.884723
2083 0.935175
2084 0.915165
2085 0.877423
2086 0.897262
2087 0.875412
2088 0.837594
2089 0.832731
2090 0.889762
2091 0.974805
2092 0.937323
2093 0.943075
2094 0.956647
2095 0.941486
2096 0.94178
2097 0.851708
2098 0.836304
2099 0.95121
2100 0.902402
2101 0.891941
2102 0.742608
2103 0.810036
2104 0.858825
2105 0.878368
2106 0.898888
2107 0.949974
2108 0.859816
2109 0.797376
2110 0.981539
2111 0.793309
2112 0.844424
2113 0.843399
2114 0.872974
2115 0.846845
2116 0.695695
2117 0.770197
2118 0.909292
2119 0.850759
2120 0.978607
2121 0.818204
2122 0.905163
2123 0.951741
2124 0.922967
2125 0.901907
2126 0.877936
2127 0.891976
2128 0.908193
2129 0.650075
2130 0.977132
2131 0.958552
2132 0.962475
2133 0.636202
2134 0.931765
2135 0.881344
2136 0.855139
2137 0.861629
2138 0.879284
2139 0.877524
2140 0.917613
2141 0.87695
2142 0.924056
2143 0.877423
2144 0.909152
2145 0.922449
2146 0.955733
2147 0.927486
2148 0.898769
2149 0.813495
2150 0.812009
2151 0.935027
2152 0.854533
2153 0.974393
2154 0.93503
2155 0.980225
2156 0.903998
2157 0.802651
2158 0.851388
2159 0.851567
2160 0.910596
2161 0.914981
2162 0.61455
2163 0.880675
2164 0.885261
2165 0.828543
2166 0.777119
2167 0.94881
2168 0.750689
2169 0.919731
2170 0.75538
2171 0.916595
2172 0.959047
2173 0.780808
2174 0.901058
2175 0.823463
2176 0.947247
2177 0.784314
2178 0.826526
2179 0.882951
2180 0.875675
2181 0.82281
2182 0.88943
2183 0.848883
2184 0.884712
2185 0.950036
2186 0.906248
2187 0.969353
2188 0.946974
2189 0.938825
2190 0.798658
2191 0.932565
2192 0.893734
2193 0.978212
2194 0.93158
2195 0.871968
2196 0.956701
2197 0.888193
2198 0.950487
2199 0.95876
2200 0.860732
2201 0.974362
2202 0.883927
2203 0.879486
2204 0.820214
2205 0.939237
2206 0.762518
2207 0.844436
2208 0.900482
2209 0.842597
2210 0.95585
2211 0.932316
2212 0.782162
2213 0.921008
2214 0.789882
2215 0.913226
2216 0.94161
2217 0.930269
2218 0.876609
2219 0.878798
2220 0.886606
2221 0.91662
2222 0.850331
2223 0.862168
2224 0.881896
2225 0.865988
2226 0.870396
2227 0.843673
2228 0.841574
2229 0.816311
2230 0.838663
2231 0.788898
2232 0.970384
2233 0.918805
2234 0.92087
2235 0.944176
2236 0.668951
2237 0.927363
2238 0.815563
2239 0.94027
2240 0.849483
2241 0.937258
2242 0.840338
2243 0.856027
2244 0.93139
2245 0.975579
2246 0.763439
2247 0.941753
2248 0.940363
2249 0.888505
2250 0.934939
2251 0.870333
2252 0.940032
2253 0.737824
2254 0.749659
2255 0.853719
2256 0.933729
2257 0.849415
2258 0.657943
2259 0.873338
2260 0.916655
2261 0.908407
2262 0.778157
2263 0.862371
2264 0.886656
2265 0.810927
2266 0.946918
2267 0.736673
2268 0.821219
2269 0.941038
2270 0.821369
2271 0.896964
2272 0.938444
2273 0.953846
2274 0.820157
2275 0.916725
2276 0.930203
2277 0.951694
2278 0.930665
2279 0.866811
2280 0.960937
2281 0.712301
2282 0.93072
2283 0.71277
2284 0.87641
2285 0.845176
2286 0.927284
2287 0.908061
2288 0.939848
2289 0.839086
2290 0.93775
2291 0.819759
2292 0.91374
2293 0.850292
2294 0.931201
2295 0.926431
2296 0.870562
2297 0.939718
2298 0.925881
2299 0.84784
2300 0.862425
2301 0.754476
2302 0.94285
2303 0.950877
2304 0.910243
2305 0.907486
2306 0.909403
2307 0.777594
2308 0.894684
2309 0.799842
2310 0.791684
2311 0.74806
2312 0.78694
2313 0.937012
2314 0.848427
2315 0.893697
2316 0.896558
2317 0.674067
2318 0.907208
2319 0.825396
2320 0.821192
2321 0.933319
2322 0.907303
2323 0.863993
2324 0.924259
2325 0.94502
2326 0.983326
2327 0.69121
2328 0.95918
2329 0.766616
2330 0.915411
2331 0.92666
2332 0.74983
2333 0.817841
2334 0.888458
2335 0.937903
2336 0.840556
2337 0.905223
2338 0.866782
2339 0.809694
2340 0.913819
2341 0.952022
2342 0.808087
2343 0.800416
2344 0.735543
2345 0.948994
2346 0.841743
2347 0.8857
2348 0.876455
2349 0.964012
2350 0.927149
2351 0.860373
2352 0.953747
2353 0.921995
2354 0.862032
2355 0.885135
2356 0.805998
2357 0.901222
2358 0.922632
2359 0.943086
2360 0.902193
2361 0.925689
2362 0.694667
2363 0.895303
2364 0.922196
2365 0.784607
2366 0.913048
2367 0.814218
2368 0.884826
2369 0.886859
2370 0.937597
2371 0.905649
2372 0.92064
2373 0.928063
2374 0.937613
2375 0.89541
2376 0.986576
2377 0.874493
2378 0.904156
2379 0.832813
2380 0.923565
2381 0.950922
2382 0.874336
2383 0.892504
2384 0.95863
2385 0.892505
2386 0.909233
2387 0.862319
2388 0.919572
2389 0.928371
2390 0.953576
2391 0.950968
2392 0.951017
2393 0.658459
2394 0.699201
2395 0.957124
2396 0.968447
2397 0.833685
2398 0.857654
2399 0.923816
2400 0.831533
2401 0.899114
2402 0.783868
2403 0.933847
2404 0.932995
2405 0.882993
2406 0.914224
2407 0.857375
2408 0.819371
2409 0.743537
2410 0.967685
2411 0.947448
2412 0.801038
2413 0.899617
2414 0.666623
2415 0.94605
2416 0.857163
2417 0.815889
2418 0.839115
2419 0.916632
2420 0.967437
2421 0.9354
2422 0.868613
2423 0.946802
2424 0.943975
2425 0.886521
2426 0.860833
2427 0.931343
2428 0.887199
2429 0.939841
2430 0.950365
2431 0.882993
2432 0.942678
2433 0.78335
2434 0.87807
2435 0.941937
2436 0.801316
2437 0.929989
2438 0.826355
2439 0.783431
2440 0.895757
2441 0.83492
2442 0.877015
2443 0.840184
2444 0.915323
2445 0.89608
2446 0.972568
2447 0.77841
2448 0.873344
2449 0.868179
2450 0.982474
2451 0.862122
2452 0.925339
2453 0.968795
2454 0.884048
2455 0.781179
2456 0.949765
2457 0.955487
2458 0.613342
2459 0.881744
2460 0.705754
2461 0.891026
2462 0.830058
2463 0.931784
2464 0.756341
2465 0.823858
2466 0.744606
2467 0.895252
2468 0.692235
2469 0.898378
2470 0.930458
2471 0.889495
2472 0.905443
2473 0.824102
2474 0.929808
2475 0.954109
2476 0.83999
2477 0.894966
2478 0.898177
2479 0.796789
2480 0.946832
2481 0.899879
2482 0.919198
2483 0.912479
2484 0.880489
2485 0.872901
2486 0.95147
2487 0.892841
2488 0.901092
2489 0.971086
2490 0.970118
2491 0.866513
2492 0.918508
2493 0.927678
2494 0.637813
2495 0.784494
2496 0.871056
2497 0.740174
2498 0.572634
2499 0.89009
2500 0.898146
2501 0.837814
2502 0.861185
2503 0.878684
2504 0.891773
2505 0.930699
2506 0.852572
2507 0.859527
2508 0.54905
2509 0.902516
2510 0.74101
2511 0.967807
2512 0.969763
2513 0.991026
2514 0.90953
2515 0.994342
2516 0.903841
2517 0.766158
2518 0.954018
2519 0.819474
2520 0.852018
2521 0.946347
2522 0.884556
2523 0.933855
2524 0.932091
2525 0.862367
2526 0.829801
2527 0.857971
2528 0.760078
2529 0.950773
2530 0.924535
2531 0.969125
2532 0.859294
2533 0.845231
2534 0.933711
2535 0.803922
2536 0.946081
2537 0.889191
2538 0.869286
2539 0.927188
2540 0.962716
2541 0.940136
2542 0.946339
2543 0.932037
2544 0.803358
2545 0.890835
2546 0.938533
2547 0.707711
2548 0.910266
2549 0.904761
2550 0.919495
2551 0.822686
2552 0.977029
2553 0.938944
2554 0.926236
2555 0.888115
2556 0.937442
2557 0.886746
2558 0.576522
2559 0.614463
2560 0.927097
2561 0.943632
2562 0.974346
2563 0.943757
2564 0.919652
2565 0.941398
2566 0.978174
2567 0.929937
2568 0.941337
2569 0.820537
2570 0.922864
2571 0.965452
2572 0.998804
2573 0.879357
2574 0.857988
2575 0.868202
2576 0.840414
2577 0.836539
2578 0.829153
2579 0.838813
2580 0.838696
2581 0.91235
2582 0.916261
2583 0.894002
2584 0.872402
2585 0.734649
2586 0.907699
2587 0.990167
2588 0.953161
2589 0.86007
2590 0.861073
2591 0.879079
2592 0.973754
2593 0.92312
2594 0.998331
2595 0.858308
2596 0.875455
2597 0.865086
2598 0.867502
2599 0.818953
2600 0.854058
2601 0.913457
2602 0.845283
2603 0.858085
2604 0.858874
2605 0.871705
2606 0.91029
2607 0.789967
2608 0.937619
2609 0.867198
2610 0.873606
2611 0.938141
2612 0.802011
2613 0.794035
2614 0.950862
2615 0.934706
2616 0.846343
2617 0.874804
2618 0.837026
2619 0.894499
2620 0.865655
2621 0.886517
2622 0.974442
2623 0.96099
2624 0.887709
2625 0.877217
2626 0.604194
2627 0.756475
2628 0.882222
2629 0.941532
2630 0.949294
2631 0.931381
2632 0.904914
2633 0.828032
2634 0.832938
2635 0.943857
2636 0.897068
2637 0.88848
2638 0.846742
2639 0.870895
2640 0.880219
2641 0.963954
2642 0.836474
2643 0.878513
2644 0.870701
2645 0.894456
2646 0.874056
2647 0.969016
2648 0.900553
2649 0.868659
2650 0.897067
2651 0.805759
2652 0.930669
2653 0.807925
2654 0.878967
2655 0.961502
2656 0.88468
2657 0.843001
2658 0.952214
2659 0.904578
2660 0.964167
2661 0.887653
2662 0.958815
2663 0.904413
2664 0.783282
2665 0.976406
2666 0.952077
2667 0.786579
2668 0.885728
2669 0.891376
2670 0.961117
2671 0.975099
2672 0.924613
2673 0.975766
2674 0.930494
2675 0.933007
2676 0.856715
2677 0.928886
2678 0.869862
2679 0.986716
2680 0.876322
2681 0.824765
2682 0.897134
2683 0.756789
2684 0.90453
2685 0.973862
2686 0.92819
2687 0.832336
2688 0.819563
2689 0.942781
2690 0.961397
2691 0.919256
2692 0.841624
2693 0.990382
2694 0.958408
2695 0.89097
2696 0.897293
2697 0.925428
2698 0.93606
2699 0.868045
2700 0.917685
2701 0.940959
2702 0.926198
2703 0.989763
2704 0.835238
2705 0.908921
2706 0.923332
2707 0.949692
2708 0.960948
2709 0.980379
2710 0.988375
2711 0.893268
2712 0.963789
2713 0.939196
2714 0.888759
2715 0.921163
2716 0.840211
2717 0.85537
2718 0.972098
2719 0.865961
2720 0.872605
2721 0.85311
2722 0.983372
2723 0.950923
2724 0.853552
2725 0.925587
2726 0.909023
2727 0.9392
2728 0.948508
2729 0.955014
2730 0.977593
2731 0.889363
2732 0.796837
2733 0.831689
2734 0.814823
2735 0.9704
2736 0.940335
2737 0.876253
2738 0.955255
2739 0.890021
2740 0.930376
2741 0.937434
2742 0.959343
2743 0.939973
2744 0.93099
2745 0.858038
2746 0.654867
2747 0.623143
2748 0.845095
2749 0.908558
2750 0.923829
2751 0.928411
2752 0.830492
2753 0.874016
2754 0.942701
2755 0.868844
2756 0.901992
2757 0.831892
2758 0.808692
2759 0.952028
2760 0.896766
2761 0.91667
2762 0.934449
2763 0.915484
2764 0.821111
2765 0.948446
2766 0.932047
2767 0.89901
2768 0.855647
2769 0.95085
2770 0.922791
2771 0.940182
2772 0.805064
2773 0.901164
2774 0.877282
2775 0.881432
2776 0.903774
2777 0.957165
2778 0.961221
2779 0.974461
2780 0.862006
2781 0.984985
2782 0.942214
2783 0.86474
2784 0.93983
2785 0.846972
2786 0.874923
2787 0.974736
2788 0.896973
2789 0.922558
2790 0.939998
2791 0.951431
2792 0.952379
2793 0.923003
2794 0.861574
2795 0.625174
2796 0.96553
2797 0.939203
2798 0.895133
2799 0.920374
2800 0.931989
2801 0.901045
2802 0.888813
2803 0.898354
2804 0.867589
2805 0.865017
2806 0.740063
2807 0.898568
2808 0.938651
2809 0.930616
2810 0.885195
2811 0.873276
2812 0.895265
2813 0.892291
2814 0.839922
2815 0.937381
2816 0.92816
2817 0.781533
2818 0.877482
2819 0.894043
2820 0.719216
2821 0.914426
2822 0.96216
2823 0.895463
2824 0.880738
2825 0.976622
2826 0.988902
2827 0.879754
2828 0.907754
2829 0.888626
2830 0.873195
2831 0.922985
2832 0.861794
2833 0.922803
2834 0.776578
2835 0.908845
2836 0.875241
2837 0.877456
2838 0.930396
2839 0.977691
2840 0.866437
2841 0.799704
2842 0.747292
2843 0.892332
2844 0.92457
2845 0.9022
2846 0.685596
2847 0.844266
2848 0.835999
2849 0.858349
2850 0.846162
2851 0.797725
2852 0.827223
2853 0.952136
2854 0.878826
2855 0.884585
2856 0.905992
2857 0.845224
2858 0.899523
2859 0.898679
2860 0.971591
2861 0.912363
2862 0.9531
2863 0.925974
2864 0.766738
2865 0.81202
2866 0.882029
2867 0.888689
2868 0.84561
2869 0.920508
2870 0.938101
2871 0.960003
2872 0.885194
2873 0.877909
2874 0.904007
2875 0.845977
2876 0.712064
2877 0.810119
2878 0.734286
2879 0.899593
2880 0.956255
2881 0.860455
2882 0.967602
2883 0.792787
2884 0.973063
2885 0.761852
2886 0.966153
2887 0.806556
2888 0.9786
2889 0.655472
2890 0.888139
2891 0.922845
2892 0.951928
2893 0.739298
2894 0.888963
2895 0.896853
2896 0.963569
2897 0.879246
2898 0.943823
2899 0.878106
2900 0.942413
2901 0.943383
2902 0.926908
2903 0.883815
2904 0.928862
2905 0.950438
2906 0.879562
2907 0.901574
2908 0.880904
2909 0.874504
2910 0.865259
2911 0.858995
2912 0.894716
2913 0.726387
2914 0.880222
2915 0.694529
2916 0.833024
2917 0.966563
2918 0.915435
2919 0.860733
2920 0.896897
2921 0.847263
2922 0.984883
2923 0.882088
2924 0.96131
2925 0.844924
2926 0.913378
2927 0.860609
2928 0.770054
2929 0.896343
2930 0.839852
2931 0.876478
2932 0.9654
2933 0.888745
2934 0.924701
2935 0.837936
2936 0.913829
2937 0.744392
2938 0.977486
2939 0.932436
2940 0.834829
2941 0.968417
2942 0.926793
2943 0.859607
2944 0.826316
2945 0.846822
2946 0.871222
2947 0.851688
2948 0.890182
2949 0.881701
2950 0.945657
2951 0.90093
2952 0.868381
2953 0.927353
2954 0.846183
2955 0.777007
2956 0.977215
2957 0.945357
2958 0.729512
2959 0.974584
2960 0.973268
2961 0.975159
2962 0.888139
2963 0.934842
2964 0.873882
2965 0.884907
2966 0.882923
2967 0.912756
2968 0.984304
2969 0.65093
2970 0.878241
2971 0.783038
2972 0.83618
2973 0.92672
2974 0.852171
2975 0.772294
2976 0.895363
2977 0.916413
2978 0.870882
2979 0.872754
2980 0.939288
2981 0.880672
2982 0.954371
2983 0.956136
2984 0.900333
2985 0.874745
2986 0.95062
2987 0.898042
2988 0.939386
2989 0.87254
2990 0.914528
2991 0.882371
2992 0.848574
2993 0.878094
2994 0.894328
2995 0.867831
2996 0.838292
2997 0.926041
2998 0.883917
2999 0.844782
3000 0.848881
3001 0.896308
3002 0.947095
3003 0.729109
3004 0.887405
3005 0.876895
3006 0.943365
3007 0.876839
3008 0.879194
3009 0.842486
3010 0.899263
3011 0.840833
3012 0.939201
3013 0.922986
3014 0.883885
3015 0.829516
3016 0.906553
3017 0.859814
3018 0.928973
3019 0.894396
3020 0.93191
3021 0.939595
3022 0.914107
3023 0.893828
3024 0.905119
3025 0.906506
3026 0.877744
3027 0.843775
3028 0.847603
3029 0.923052
3030 0.935538
3031 0.865307
3032 0.588982
3033 0.906295
3034 0.932101
3035 0.881582
3036 0.95555
3037 0.897695
3038 0.772129
3039 0.94311
3040 0.938379
3041 0.915235
3042 0.931091
3043 0.940643
3044 0.875988
3045 0.943411
3046 0.909953
3047 0.941794
3048 0.940019
3049 0.857573
3050 0.862582
3051 0.886026
3052 0.755086
3053 0.861303
3054 0.837415
3055 0.973972
3056 0.867228
3057 0.785927
3058 0.956694
3059 0.865498
3060 0.844096
3061 0.755848
3062 0.910072
3063 0.696757
3064 0.908093
3065 0.938074
3066 0.963314
3067 0.896881
3068 0.842594
3069 0.814375
3070 0.936383
3071 0.933709
3072 0.8306
3073 0.922608
3074 0.930384
3075 0.942146
3076 0.911499
3077 0.941327
3078 0.931864
3079 0.882808
3080 0.961084
3081 0.833135
3082 0.966613
3083 0.92205
3084 0.826387
3085 0.921419
3086 0.975538
3087 0.933408
3088 0.960024
3089 0.978721
3090 0.961113
3091 0.889936
3092 0.958152
3093 0.918067
3094 0.958479
3095 0.910878
3096 0.864311
3097 0.96001
3098 0.908903
3099 0.875268
3100 0.980486
3101 0.878187
3102 0.902086
3103 0.934335
3104 0.948163
3105 0.948955
3106 0.859294
3107 0.909727
3108 0.918599
3109 0.936293
3110 0.879324
3111 0.780237
3112 0.915774
3113 0.923897
3114 0.984116
3115 0.702604
3116 0.885078
3117 0.883202
3118 0.81404
3119 0.83924
3120 0.958801
3121 0.980693
3122 0.913585
3123 0.946737
3124 0.964016
3125 0.93539
3126 0.942724
3127 0.916909
3128 0.835501
3129 0.98523
3130 0.974714
3131 0.95232
3132 0.893428
3133 0.879843
3134 0.912669
3135 0.893916
3136 0.690906
3137 0.7254
3138 0.930219
3139 0.895981
3140 0.925342
3141 0.940834
3142 0.905699
3143 0.78462
3144 0.852034
3145 0.83542
3146 0.921036
3147 0.61385
3148 0.891319
3149 0.694179
3150 0.764817
3151 0.937778
3152 0.814311
3153 0.966633
3154 0.861798
3155 0.934144
3156 0.795533
3157 0.879266
3158 0.902252
3159 0.915688
3160 0.885489
3161 0.82883
3162 0.905877
3163 0.910366
3164 0.846332
3165 0.715256
3166 0.895734
3167 0.870011
3168 0.945734
3169 0.96738
3170 0.816976
3171 0.810939
3172 0.869223
3173 0.881835
3174 0.939475
3175 0.957384
3176 0.828405
3177 0.766418
3178 0.896973
3179 0.956707
3180 0.970895
3181 0.702641
3182 0.963931
3183 0.672111
3184 0.878693
3185 0.926393
3186 0.955953
3187 0.671144
3188 0.944974
3189 0.922151
3190 0.857642
3191 0.97168
3192 0.939421
3193 0.927879
3194 0.816052
3195 0.815065
3196 0.905013
3197 0.871695
3198 0.899968
3199 0.898562
3200 0.910778
3201 0.863738
3202 0.938016
3203 0.843854
3204 0.895055
3205 0.944267
3206 0.87616
3207 0.963592
3208 0.617066
3209 0.877567
3210 0.881651
3211 0.81629
3212 0.872734
3213 0.657513
3214 0.964547
3215 0.831454
3216 0.881348
3217 0.907063
3218 0.963032
3219 0.873343
3220 0.789132
3221 0.898248
3222 0.693071
3223 0.949236
3224 0.918528
3225 0.723378
3226 0.927854
3227 0.904368
3228 0.836969
3229 0.948404
3230 0.925616
3231 0.930849
3232 0.748385
3233 0.867619
3234 0.873426
3235 0.813762
3236 0.888469
3237 0.851038
3238 0.898023
3239 0.924869
3240 0.965549
3241 0.879801
3242 0.933704
3243 0.81049
3244 0.833057
3245 0.862155
3246 0.819612
3247 0.826753
3248 0.945366
3249 0.95114
3250 0.980185
3251 0.96969
3252 0.893553
3253 0.879701
3254 0.933731
3255 0.828562
3256 0.915289
3257 0.872061
3258 0.890449
3259 0.745791
3260 0.950676
3261 0.91813
3262 0.641102
3263 0.877926
3264 0.929417
3265 0.918018
3266 0.780989
3267 0.642474
3268 0.863726
3269 0.9659
3270 0.693676
3271 0.947516
3272 0.669628
3273 0.947619
3274 0.607692
3275 0.93
3276 0.917594
3277 0.899053
3278 0.962689
3279 0.663713
3280 0.623042
3281 0.961061
3282 0.70627
3283 0.829248
3284 0.903704
3285 0.689312
3286 0.940579
3287 0.807584
3288 0.983876
3289 0.84317
3290 0.898009
3291 0.932723
3292 0.748737
3293 0.744398
3294 0.888435
3295 0.931322
3296 0.813383
3297 0.856435
3298 0.833728
3299 0.721758
3300 0.888662
3301 0.876722
3302 0.839626
3303 0.775191
3304 0.817515
3305 0.849134
3306 0.849876
3307 0.949714
3308 0.856489
3309 0.950502
3310 0.950204
3311 0.926236
3312 0.853657
3313 0.950223
3314 0.790718
3315 0.794838
3316 0.931572
3317 0.930425
3318 0.910427
3319 0.919536
3320 0.845329
3321 0.951784
3322 0.933774
3323 0.631553
3324 0.915608
3325 0.877588
3326 0.941585
3327 0.702687
3328 0.807065
3329 0.790335
3330 0.87758
3331 0.92534
3332 0.980072
3333 0.699583
3334 0.742328
3335 0.925482
3336 0.626465
3337 0.902646
3338 0.906103
3339 0.736485
3340 0.881284
3341 0.930835
3342 0.871729
3343 0.830386
3344 0.915214
3345 0.884525
3346 0.971211
3347 0.875049
3348 0.808392
3349 0.85835
3350 0.949263
3351 0.928867
3352 0.877945
3353 0.800392
3354 0.95911
3355 0.954763
3356 0.952666
3357 0.919342
3358 0.944659
3359 0.662398
3360 0.912085
3361 0.923519
3362 0.79818
3363 0.936727
3364 0.941961
3365 0.980219
3366 0.894137
3367 0.921331
3368 0.966417
3369 0.845197
3370 0.962494
3371 0.888575
3372 0.894049
3373 0.912836
3374 0.566959
3375 0.926099
3376 0.911646
3377 0.778226
3378 0.969133
3379 0.908671
3380 0.973671
3381 0.88158
3382 0.924373
3383 0.929058
3384 0.961566
3385 0.896594
3386 0.925196
3387 0.922946
3388 0.897891
3389 0.943313
3390 0.818625
3391 0.961583
3392 0.809772
3393 0.910958
3394 0.90445
3395 0.945563
3396 0.895306
3397 0.946407
3398 0.70625
3399 0.921814
3400 0.922907
3401 0.889196
3402 0.588909
3403 0.895407
3404 0.625809
3405 0.783031
3406 0.802449
3407 0.94487
3408 0.762903
3409 0.759727
3410 0.853922
3411 0.877459
3412 0.762894
3413 0.869056
3414 0.824774
3415 0.936512
3416 0.76175
3417 0.668702
3418 0.930365
3419 0.848639
3420 0.794572
3421 0.720317
3422 0.72139
3423 0.885826
3424 0.923859
3425 0.957025
3426 0.96219
3427 0.880603
3428 0.917875
3429 0.881595
3430 0.85853
3431 0.851979
3432 0.912074
3433 0.916038
3434 0.936578
3435 0.904461
3436 0.93573
3437 0.832974
3438 0.86152
3439 0.821552
3440 0.696042
3441 0.904492
3442 0.856617
3443 0.789631
3444 0.921184
3445 0.912335
3446 0.923138
3447 0.848907
3448 0.942467
3449 0.927327
3450 0.594868
3451 0.935771
3452 0.681403
3453 0.887438
3454 0.927082
3455 0.845778
3456 0.701649
3457 0.967181
3458 0.980961
3459 0.854651
3460 0.992673
3461 0.81453
3462 0.877932
3463 0.871634
3464 0.878535
3465 0.983631
3466 0.605622
3467 0.95558
3468 0.941196
3469 0.722396
3470 0.830023
3471 0.866153
3472 0.931218
3473 0.915506
3474 0.916547
3475 0.748218
3476 0.515019
3477 0.956221
3478 0.950511
3479 0.933187
3480 0.881256
3481 0.803737
3482 0.930518
3483 0.686207
3484 0.843002
3485 0.85688
3486 0.984078
3487 0.854698
3488 0.861962
3489 0.925803
3490 0.807091
3491 0.969295
3492 0.641491
3493 0.918762
3494 0.796407
3495 0.87881
3496 0.922357
3497 0.952572
3498 0.890702
3499 0.740153
3500 0.901952
3501 0.678741
3502 0.837543
3503 0.96664
3504 0.820899
3505 0.906474
3506 0.941993
3507 0.695159
3508 0.941265
3509 0.862333
3510 0.964249
3511 0.992481
3512 0.980758
3513 0.6479
3514 0.811436
3515 0.808842
3516 0.885449
3517 0.849873
3518 0.918695
3519 0.88028
3520 0.978857
3521 0.96934
3522 0.925461
3523 0.801262
3524 0.847779
3525 0.872135
3526 0.713889
3527 0.828982
3528 0.929922
3529 0.887458
3530 0.861247
3531 0.887487
3532 0.913628
3533 0.695389
3534 0.793422
3535 0.667899
3536 0.922346
3537 0.541744
3538 0.919753
3539 0.952368
3540 0.92261
3541 0.863705
3542 0.916172
3543 0.944173
3544 0.707987
3545 0.933341
3546 0.819386
3547 0.927758
3548 0.964251
3549 0.915818
3550 0.690675
3551 0.863785
3552 0.581455
3553 0.7927
3554 0.951519
3555 0.856327
3556 0.789946
3557 0.862298
3558 0.932441
3559 0.923007
3560 0.665307
3561 0.94011
3562 0.877245
3563 0.821849
3564 0.835452
3565 0.736297
3566 0.934521
3567 0.815349
3568 0.970571
3569 0.946518
3570 0.908956
3571 0.986523
3572 0.54518
3573 0.932949
3574 0.836745
3575 0.921645
3576 0.615953
3577 0.921892
3578 0.802692
3579 0.973315
3580 0.748487
3581 0.714177
3582 0.970487
3583 0.913313
3584 0.889516
3585 0.928426
3586 0.828047
3587 0.863683
3588 0.659468
3589 0.690268
3590 0.626526
3591 0.944378
3592 0.736002
3593 0.887054
3594 0.813719
3595 0.563673
3596 0.800159
3597 0.763489
3598 0.832357
3599 0.741932
3600 0.619833
3601 0.643521
3602 0.959067
3603 0.75474
3604 0.838978
3605 0.856627
3606 0.927853
3607 0.846945
3608 0.673245
3609 0.676616
3610 0.768757
3611 0.958748
3612 0.926326
3613 0.89723
3614 0.970022
3615 0.872194
3616 0.931751
3617 0.949103
3618 0.818112
3619 0.943505
3620 0.980354
3621 0.958866
3622 0.894149
3623 0.941063
3624 0.825897
3625 0.863533
3626 0.736861
3627 0.922466
3628 0.924612
3629 0.879415
3630 0.896218
3631 0.853478
3632 0.957966
3633 0.916032
3634 0.876705
3635 0.911113
3636 0.902324
3637 0.870765
3638 0.846078
3639 0.912397
3640 0.801808
3641 0.791533
3642 0.834069
3643 0.940199
3644 0.748922
3645 0.799195
3646 0.826815
3647 0.691484
3648 0.784961
3649 0.904015
3650 0.939556
3651 0.880065
3652 0.936611
3653 0.865177
3654 0.97153
3655 0.96403
3656 0.866975
3657 0.845386
3658 0.640625
3659 0.920739
3660 0.959871
3661 0.910768
3662 0.631819
3663 0.716784
3664 0.905511
3665 0.946277
3666 0.703266
3667 0.935206
3668 0.92116
3669 0.79195
3670 0.830062
3671 0.808861
3672 0.976924
3673 0.822239
3674 0.796804
3675 0.864168
3676 0.953501
3677 0.872676
3678 0.866126
3679 0.935814
3680 0.908897
3681 0.683112
3682 0.834284
3683 0.872117
3684 0.833296
3685 0.584159
3686 0.69772
3687 0.761162
3688 0.927732
3689 0.887318
3690 0.849369
3691 0.879869
3692 0.877748
3693 0.88231
3694 0.809607
3695 0.795678
3696 0.840261
3697 0.937117
3698 0.769804
3699 0.781831
3700 0.708032
3701 0.87644
3702 0.937728
3703 0.907128
3704 0.925165
3705 0.900676
3706 0.882786
3707 0.795577
3708 0.945786
3709 0.898708
3710 0.858055
3711 0.773535
3712 0.814438
3713 0.646556
3714 0.621078
3715 0.913191
3716 0.717809
3717 0.883419
3718 0.75366
3719 0.829077
3720 0.786523
3721 0.939619
3722 0.817557
3723 0.887926
3724 0.880189
3725 0.704888
3726 0.697944
3727 0.749154
3728 0.83745
3729 0.877473
3730 0.837979
3731 0.865493
3732 0.926006
3733 0.889678
3734 0.624172
3735 0.812349
3736 0.948544
3737 0.914878
3738 0.52625
3739 0.963589
3740 0.901238
3741 0.880256
3742 0.961879
3743 0.798755
3744 0.817
3745 0.855873
3746 0.968437
3747 0.918643
3748 0.947637
3749 0.801019
3750 0.901216
3751 0.657092
3752 0.940745
3753 0.962075
3754 0.949093
3755 0.979322
3756 0.855948
3757 0.953862
3758 0.834395
3759 0.925613
3760 0.952682
3761 0.936442
3762 0.851932
3763 0.947672
3764 0.825772
3765 0.667626
3766 0.909382
3767 0.878125
3768 0.867859
3769 0.896992
3770 0.906004
3771 0.85532
3772 0.939993
3773 0.867673
3774 0.974559
3775 0.953257
3776 0.954535
3777 0.92632
3778 0.966407
3779 0.927196
3780 0.909294
3781 0.858655
3782 0.719754
3783 0.934605
3784 0.751202
3785 0.889853
3786 0.788325
3787 0.848637
3788 0.846268
3789 0.821913
3790 0.747056
3791 0.816102
3792 0.750969
3793 0.971011
3794 0.947197
3795 0.919176
3796 0.729885
3797 0.915567
3798 0.905783
3799 0.721898
3800 0.885754
3801 0.916746
3802 0.849307
3803 0.834514
3804 0.90987
3805 0.958025
3806 0.92015
3807 0.836727
3808 0.89201
3809 0.770883
3810 0.826605
3811 0.961614
3812 0.944812
3813 0.830273
3814 0.943364
3815 0.917565
3816 0.987865
3817 0.961019
3818 0.943713
3819 0.922342
3820 0.926809
3821 0.906417
3822 0.803642
3823 0.858731
3824 0.934198
3825 0.720153
3826 0.767786
3827 0.784802
3828 0.726814
3829 0.652606
3830 0.566106
3831 0.934428
3832 0.955302
3833 0.874275
3834 0.914688
3835 0.965578
3836 0.877742
3837 0.874814
3838 0.927179
3839 0.959983
3840 0.945516
3841 0.896242
3842 0.935968
3843 0.71589
3844 0.881899
3845 0.861463
3846 0.849838
3847 0.814017
3848 0.919438
3849 0.892969
3850 0.861432
3851 0.919984
3852 0.716266
3853 0.644391
3854 0.921832
3855 0.987617
3856 0.691077
3857 0.683403
3858 0.908613
3859 0.86835
3860 0.947247
3861 0.919006
3862 0.864402
3863 0.799374
3864 0.932211
3865 0.541707
3866 0.923115
3867 0.700996
3868 0.667009
3869 0.969922
3870 0.876175
3871 0.881958
3872 0.838252
3873 0.632201
3874 0.62248
3875 0.741559
3876 0.579181
3877 0.842388
3878 0.521873
3879 0.609018
3880 0.585634
3881 0.741633
3882 0.645
3883 0.916976
3884 0.829108
3885 0.797054
3886 0.819361
3887 0.649031
3888 0.712641
3889 0.676486
3890 0.804068
3891 0.682185
3892 0.69036
3893 0.951658
3894 0.802078
3895 0.897876
3896 0.801535
3897 0.762934
3898 0.767932
3899 0.576928
3900 0.860047
3901 0.875617
3902 0.719547
3903 0.836699
3904 0.605142
3905 0.842136
3906 0.776817
3907 0.719537
3908 0.730267
3909 0.729795
3910 0.753483
3911 0.712087
3912 0.697487
3913 0.618721
3914 0.621469
3915 0.745827
3916 0.549587
3917 0.675506
3918 0.601201
3919 0.751214
3920 0.600904
3921 0.658066
3922 0.758637
3923 0.608724
3924 0.63994
3925 0.560592
3926 0.711434
3927 0.561361
3928 0.75334
3929 0.599389
3930 0.668513
3931 0.593684
3932 0.797603
3933 0.550669
3934 0.871872
3935 0.735621
3936 0.590611
3937 0.756207
3938 0.810352
3939 0.805825
3940 0.813744
3941 0.670157
3942 0.825143
3943 0.601074
3944 0.647004
3945 0.602264
3946 0.544456
3947 0.753036
3948 0.577617
3949 0.597768
3950 0.830365
3951 0.578173
3952 0.627176
3953 0.586327
3954 0.783896
3955 0.649521
3956 0.640929
3957 0.745134
3958 0.791075
3959 0.588113
3960 0.787341
3961 0.7039
3962 0.684758
3963 0.81694
3964 0.774108
3965 0.714272
3966 0.895072
3967 0.722912
3968 0.737166
3969 0.699885
3970 0.668356
3971 0.764652
3972 0.751131
3973 0.761623
3974 0.72544
3975 0.74908
3976 0.576465
3977 0.69708
3978 0.932727
3979 0.78634
3980 0.890501
3981 0.847342
3982 0.698327
3983 0.777395
3984 0.631884
3985 0.666877
3986 0.744447
3987 0.794419
3988 0.901488
3989 0.754565
3990 0.790717
3991 0.793212
3992 0.804722
3993 0.673263
3994 0.590745
3995 0.724602
3996 0.789255
3997 0.861258
3998 0.67313
3999 0.791676
4000 0.697996
4001 0.642969
4002 0.672929
4003 0.844709
4004 0.76095
4005 0.711844
4006 0.670245
4007 0.74925
4008 0.794134
4009 0.672945
4010 0.721701
4011 0.588798
4012 0.791787
4013 0.5755
4014 0.74659
4015 0.676869
4016 0.725422
4017 0.702191
4018 0.73725
4019 0.675011
4020 0.736104
4021 0.727554
4022 0.736613
4023 0.712962
4024 0.767421
4025 0.881119
4026 0.838302
4027 0.748793
4028 0.871155
4029 0.776272
4030 0.54621
4031 0.760239
4032 0.828788
4033 0.683958
4034 0.731698
4035 0.79266
4036 0.629916
4037 0.775458
4038 0.645391
4039 0.790126
4040 0.715926
4041 0.705061
4042 0.705081
4043 0.673973
4044 0.766654
4045 0.775109
4046 0.690744
4047 0.755229
4048 0.692527
4049 0.762571
4050 0.637836
4051 0.751355
4052 0.665262
4053 0.711973
4054 0.75034
4055 0.614793
4056 0.881281
4057 0.75778
4058 0.644508
4059 0.643701
4060 0.772795
4061 0.646002
4062 0.714066
4063 0.731895
4064 0.728172
4065 0.733581
4066 0.748093
4067 0.70309
4068 0.74514
4069 0.652098
4070 0.738844
4071 0.778981
4072 0.725003
4073 0.658269
4074 0.761401
4075 0.628403
4076 0.798337
4077 0.828619
4078 0.805885
4079 0.707125
4080 0.67217
4081 0.754151
4082 0.731538
4083 0.693593
4084 0.697473
4085 0.7098
4086 0.76709
4087 0.708144
4088 0.685942
4089 0.718207
4090 0.799314
4091 0.834701
4092 0.923057
4093 0.862302
4094 0.839216
4095 0.701748
4096 0.799703
4097 0.738823
4098 0.775729
4099 0.747108
4100 0.835837
4101 0.627364
4102 0.742395
4103 0.720582
4104 0.883976
4105 0.866695
4106 0.916373
4107 0.824071
4108 0.936108
4109 0.764085
4110 0.771364
4111 0.673874
4112 0.741052
4113 0.625955
4114 0.715975
4115 0.684262
4116 0.612405
4117 0.795197
4118 0.602454
4119 0.710758
4120 0.77044
4121 0.734959
4122 0.778181
4123 0.704068
4124 0.72107
4125 0.475224
4126 0.776153
4127 0.849032
4128 0.731005
4129 0.742573
4130 0.686409
4131 0.762471
4132 0.776345
4133 0.6533
4134 0.729176
4135 0.741942
4136 0.758691
4137 0.564829
4138 0.748976
4139 0.754282
4140 0.879326
4141 0.87091
4142 0.710605
4143 0.866733
4144 0.675555
4145 0.685682
4146 0.664422
4147 0.676206
4148 0.756151
4149 0.761245
4150 0.644382
4151 0.668146
4152 0.726901
4153 0.734003
4154 0.740972
4155 0.633262
4156 0.545014
4157 0.791698
4158 0.656793
4159 0.877571
4160 0.86156
4161 0.754399
4162 0.787956
4163 0.947332
4164 0.740993
4165 0.649744
4166 0.755037
4167 0.827616
4168 0.607813
4169 0.567213
4170 0.64608
4171 0.716606
4172 0.564364
4173 0.796409
4174 0.651907
4175 0.719392
4176 0.743699
4177 0.72323
4178 0.798187
4179 0.654038
4180 0.569291
4181 0.680709
4182 0.763881
4183 0.773029
4184 0.732625
4185 0.771824
4186 0.744687
4187 0.799782
4188 0.585057
4189 0.731695
4190 0.679759
4191 0.737996
4192 0.746568
4193 0.500565
4194 0.654751
4195 0.832916
4196 0.769408
4197 0.734145
4198 0.63779
4199 0.766989
4200 0.700436
4201 0.678511
4202 0.775117
4203 0.568049
4204 0.691981
4205 0.791747
4206 0.833565
4207 0.795348
4208 0.797405
4209 0.88749
4210 0.848305
4211 0.842564
4212 0.706695
4213 0.777052
4214 0.742409
4215 0.594157
4216 0.741561
4217 0.838061
4218 0.826377
4219 0.685103
4220 0.756051
4221 0.648831
4222 0.675832
4223 0.741576
4224 0.816445
4225 0.565967
4226 0.859248
4227 0.809451
4228 0.635567
4229 0.842821
4230 0.750458
4231 0.757142
4232 0.71205
4233 0.667281
4234 0.722327
4235 0.785117
4236 0.690199
4237 0.932119
4238 0.828838
4239 0.675231
4240 0.687836
4241 0.744465
4242 0.71844
4243 0.841878
4244 0.760571
4245 0.742888
4246 0.783796
4247 0.861782
4248 0.726239
4249 0.896868
4250 0.737361
4251 0.747761
4252 0.752944
4253 0.601544
4254 0.730378
4255 0.779529
4256 0.783829
4257 0.643027
4258 0.657395
4259 0.862408
4260 0.922057
4261 0.761085
4262 0.782479
4263 0.879635
4264 0.889945
4265 0.666706
4266 0.855146
4267 0.976711
4268 0.907929
4269 0.706848
4270 0.817689
4271 0.883742
4272 0.914981
4273 0.883089
4274 0.915279
4275 0.70487
4276 0.816065
4277 0.70327
4278 0.520964
4279 0.645643
4280 0.713444
4281 0.822194
4282 0.704823
4283 0.714913
4284 0.749275
4285 0.606743
4286 0.636329
4287 0.632712
4288 0.717077
4289 0.813875
4290 0.738439
4291 0.828513
4292 0.80378
4293 0.763251
4294 0.793882
4295 0.696068
4296 0.819742
4297 0.693362
4298 0.83745
4299 0.639286
4300 0.751365
4301 0.709029
4302 0.705197
4303 0.74105
4304 0.660387
4305 0.839822
4306 0.54339
4307 0.751249
4308 0.575659
4309 0.705557
4310 0.863918
4311 0.898065
4312 0.873031
4313 0.853311
4314 0.720087
4315 0.877441
4316 0.888185
4317 0.797404
4318 0.890734
4319 0.913453
4320 0.842692
4321 0.810495
4322 0.728769
4323 0.930961
4324 0.866748
4325 0.928206
4326 0.655944
4327 0.869809
4328 0.609756
4329 0.733826
4330 0.700175
4331 0.745036
4332 0.731862
4333 0.645971
4334 0.694013
4335 0.702846
4336 0.607474
4337 0.642178
4338 0.6788
4339 0.686145
4340 0.685178
4341 0.838223
4342 0.826181
4343 0.585831
4344 0.699813
4345 0.754376
4346 0.714769
4347 0.687892
4348 0.70924
4349 0.636328
4350 0.705693
4351 0.793975
4352 0.797031
4353 0.692972
4354 0.72185
4355 0.73581
4356 0.654138
4357 0.713301
4358 0.757004
4359 0.749857
4360 0.650816
4361 0.733914
4362 0.847656
4363 0.743612
4364 0.733446
4365 0.689773
4366 0.695482
4367 0.75389
4368 0.69745
4369 0.657657
4370 0.698241
4371 0.799548
4372 0.751546
4373 0.866703
4374 0.706837
4375 0.77065
4376 0.776261
4377 0.918579
4378 0.776047
4379 0.804916
4380 0.795383
4381 0.789036
4382 0.798132
4383 0.898017
4384 0.610973
4385 0.312816
4386 0.70674
4387 0.779209
4388 0.446916
4389 0.649946
4390 0.120649
4391 0.455195
4392 0.496636
4393 0.495615
4394 0.402933
4395 0.422062
4396 0.505153
4397 0.623982
4398 0.430356
4399 0.375329
4400 0.260451
4401 0.32094
4402 0.042903
4403 0.456975
4404 0.541691
4405 0.391854
4406 0.534483
4407 0.428177
4408 0.62764
4409 0.281916
4410 0.264027
4411 0.315903
4412 0.460086
4413 0.321351
4414 0.509804
4415 0.62549
4416 0.069133
4417 0.449689
4418 0.96787
4419 0.427327
4420 0.31817
4421 0.0642946
4422 0.425478
4423 0.417057
4424 0.435269
4425 0.479399
4426 0.454387
4427 0.323137
4428 0.433534
4429 0.232416
4430 0.318004
4431 0.461686
4432 0.430207
4433 0.727739
4434 0.389696
4435 0.541741
4436 0.470236
4437 0.565865
4438 0.30321
4439 0.369546
4440 0.841029
4441 0.327677
4442 0.239645
4443 0.348781
4444 0.484401
4445 0.417559
4446 0.376842
4447 0.458233
4448 0.490546
4449 0.467082
4450 0.370214
4451 0.455818
4452 0.642397
4453 0.60728
4454 0.418188
4455 0.0841063
4456 0.225702
4457 0.519573
4458 0.433876
4459 0.450455
4460 0.536061
4461 0.389279
4462 0.422776
4463 0.506727
4464 0.389959
4465 0.397458
4466 0.425691
4467 0.36332
4468 0.440762
4469 0.452481
4470 0.546108
4471 0.328786
4472 0.411845
4473 0.581716
4474 0.291056
4475 0.32713
4476 0.216422
4477 0.406031
4478 0.768134
4479 0.468951
4480 0.58449
4481 0.314021
4482 0.473222
4483 0.470309
4484 0.306074
4485 0.30242
4486 0.350258
4487 0.463978
4488 0.499297
4489 0.821412
4490 0.402712
4491 0.32718
4492 0.465351
4493 0.276215
4494 0.409344
4495 0.530035
4496 0.398995
4497 0.622927
4498 0.665237
4499 0.543623
4500 0.638634
4501 0.472291
4502 0.40035
4503 0.106174
4504 0.31886
4505 0.983539
4506 0.675873
4507 0.248578
4508 0.410277
4509 0.430812
4510 0.428739
4511 0.570767
4512 0.471338
4513 0.53894
4514 0.509237
4515 0.457898
4516 0.314771
4517 0.459763
4518 0.308893
4519 0.333183
4520 0.457796
4521 0.497242
4522 0.510271
4523 0.554232
4524 0.342165
4525 0.584025
4526 0.613613
4527 0.560609
4528 0.558915
4529 0.514099
4530 0.524129
4531 0.389081
4532 0.334824
4533 0.652388
4534 0.218029
4535 0.629119
4536 0.728428
4537 0.729391
4538 0.456804
4539 0.392081
4540 0.430238
4541 0.436985
4542 0.195508
4543 0.369203
4544 0.215425
4545 0.457048
4546 0.476786
4547 0.408911
4548 0.225065
4549 0.465029
4550 0.465852
4551 0.450836
4552 0.259831
4553 0.382786
4554 0.735153
4555 0.713112
4556 0.512748
4557 0.438685
4558 0.411184
4559 0.278658
4560 0.419561
4561 0.320684
4562 0.596948
4563 0.452162
4564 0.564977
4565 0.330419
4566 0.291624
4567 0.443819
4568 0.15879
4569 0.246559
4570 0.218431
4571 0.460498
4572 0.486221
4573 0.539137
4574 0.521813
4575 0.389102
4576 0.414941
4577 0.815911
4578 0.151621
4579 0.460032
4580 0.711442
4581 0.135321
4582 0.320495
4583 0.637881
4584 0.123306
4585 0.262405
4586 0.262562
4587 0.508356
4588 0.448885
4589 0.427315
4590 0.607508
4591 0.258317
4592 0.277631
4593 0.238483
4594 0.24891
4595 0.421445
4596 0.381005
4597 0.388187
4598 0.482081
4599 0.488433
4600 0.506599
4601 0.561551
4602 0.387304
4603 0.679643
4604 0.59912
4605 0.172307
4606 0.383565
4607 0.37172
4608 0.322363
4609 0.322422
4610 0.453966
4611 0.523941
4612 0.327694
4613 0.539339
4614 0.0452126
4615 0.0673366
4616 0.460245
4617 0.465992
4618 0.536304
4619 0.415306
4620 0.467811
4621 0.23177
4622 0.336893
4623 0.579083
4624 0.257098
4625 0.295562
4626 0.497833
4627 0.113257
4628 0.632875
4629 0.47849
4630 0.447084
4631 0.374822
4632 0.425982
4633 0.434819
4634 0.494448
4635 0.465784
4636 0.570927
4637 0.445636
4638 0.385246
4639 0.51167
4640 0.457742
4641 0.393587
4642 0.530392
4643 0.14584
4644 0.143976
4645 0.220185
4646 0.409763
4647 0.357971
4648 0.38011
4649 0.407069
4650 0.605229
4651 0.408054
4652 0.561361
4653 0.671313
4654 0.513897
4655 0.323982
4656 0.442922
4657 0.249132
4658 0.432457
4659 0.478021
4660 0.446149
4661 0.542091
4662 0.456921
4663 0.484634
4664 0.443208
4665 0.333774
4666 0.403191
4667 0.448733
4668 0.411738
4669 0.541282
4670 0.32205
4671 0.654448
4672 0.326778
4673 0.462286
4674 0.451059
4675 0.331785
4676 0.560441
4677 0.322013
4678 0.352855
4679 0.179547
4680 0.453767
4681 0.397356
4682 0.453013
4683 0.444396
4684 0.453675
4685 0.432984
4686 0.454423
4687 0.481343
4688 0.438957
4689 0.466204
4690 0.824039
4691 0.337431
4692 0.485178
4693 0.322433
4694 0.570461
4695 0.331567
4696 0.250547
4697 0.366445
4698 0.461536
4699 0.646184
4700 0.717258
4701 0.707624
4702 0.256223
4703 0.222858
4704 0.426229
4705 0.294559
4706 0.375491
4707 0.292227
4708 0.300896
4709 0.238692
4710 0.49505
4711 0.30762
4712 0.270341
4713 0.457181
4714 0.236381
4715 0.421238
4716 0.610162
4717 0.164549
4718 0.114938
4719 0.477761
4720 0.468509
4721 0.0649163
4722 0.0947276
4723 0.423107
4724 0.46376
4725 0.384647
4726 0.362024
4727 0.445244
4728 0.38531
4729 0.309464
4730 0.446841
4731 0.431354
4732 0.46907
4733 0.498615
4734 0.209117
4735 0.527618
4736 0.460139
4737 0.47007
4738 0.555398
4739 0.339097
4740 0.282517
4741 0.453682
4742 0.217555
4743 0.394649
4744 0.306173
4745 0.407256
4746 0.161367
4747 0.514153
4748 0.263844
4749 0.286039
4750 0.470211
4751 0.38726
4752 0.275481
4753 0.872441
4754 0.227658
4755 0.446767
4756 0.485149
4757 0.20777
4758 0.242429
4759 0.0694302
4760 0.462257
4761 0.52502
4762 0.0653277
4763 0.0655821
4764 0.148636
4765 0.467323
4766 0.109072
4767 0.540119
4768 0.500248
4769 0.0611719
4770 0.21328
4771 0.0613099
4772 0.46262
4773 0.0846665
4774 0.431027
4775 0.564789
4776 0.0821331
4777 0.624648
4778 0.34768
4779 0.623055
4780 0.80303
4781 0.7452
4782 0.464497
4783 0.774171
4784 0.739659
4785 0.746447
4786 0.170693
4787 0.634532
4788 0.7668
4789 0.235546
4790 0.41095
4791 0.576335
4792 0.674579
4793 0.232609
4794 0.441782
4795 0.576816
4796 0.669527
4797 0.354958
4798 0.60427
4799 0.56376
4800 0.488253
4801 0.387654
4802 0.59629
4803 0.331793
4804 0.564857
4805 0.647687
4806 0.308687
4807 0.215254
4808 0.524114
4809 0.483193
4810 0.590148
4811 0.400235
4812 0.3131
4813 0.338115
4814 0.690813
4815 0.745067
4816 0.774313
4817 0.70498
4818 0.652782
4819 0.711982
4820 0.338128
4821 0.685572
4822 0.984326
4823 0.80569
4824 0.744021
4825 0.577309
4826 0.641189
4827 0.649294
4828 0.793991
4829 0.222313
4830 0.426899
4831 0.235958
4832 0.747457
4833 0.169301
4834 0.656609
4835 0.51487
4836 0.416595
4837 0.241392
4838 0.541141
4839 0.263931
4840 0.669319
4841 0.892162
4842 0.229388
4843 0.863708
4844 0.876314
4845 0.752822
4846 0.873688
4847 0.159229
4848 0.279917
4849 0.384442
4850 0.475506
4851 0.242425
4852 0.564906
4853 0.450569
4854 0.58688
4855 0.496775
4856 0.380587
4857 0.091188
4858 0.164307
4859 0.582237
4860 0.682193
4861 0.618945
4862 0.288885
4863 0.442916
4864 0.389834
4865 0.210319
4866 0.805265
4867 0.478083
4868 0.231162
4869 0.60254
4870 0.717353
4871 0.879356
4872 0.428574
4873 0.639805
4874 0.76492
4875 0.314744
4876 0.502681
4877 0.938595
4878 0.5712
4879 0.779652
4880 0.75433
4881 0.579084
4882 0.386974
4883 0.716257
4884 0.471124
4885 0.832662
4886 0.688744
4887 0.182599
4888 0.440446
4889 0.360507
4890 0.662405
4891 0.67101
4892 0.284653
4893 0.186311
4894 0.408247
4895 0.714236
4896 0.166713
4897 0.453566
4898 0.275501
4899 0.644512
4900 0.743808
4901 0.486834
4902 0.673173
4903 0.567821
4904 0.646549
4905 0.672452
4906 0.694321
4907 0.538531
4908 0.722163
4909 0.666181
4910 0.388367
4911 0.303661
4912 0.813534
4913 0.365481
4914 0.366462
4915 0.542713
4916 0.605873
4917 0.489229
4918 0.476351
4919 0.600032
4920 0.715504
4921 0.569206
4922 0.777625
4923 0.144201
4924 0.230545
4925 0.61618
4926 0.467175
4927 0.722056
4928 0.749095
4929 0.351123
4930 0.669099
4931 0.806677
4932 0.784709
4933 0.864073
4934 0.165662
4935 0.309065
4936 0.576807
4937 0.688599
4938 0.18178
4939 0.497199
4940 0.315441
4941 0.3235
4942 0.420958
4943 0.141904
4944 0.252349
4945 0.486431
4946 0.371546
4947 0.516394
4948 0.294543
4949 0.569319
4950 0.586002
4951 0.0972765
4952 0.632486
4953 0.709262
4954 0.452604
4955 0.69874
4956 0.257669
4957 0.801949
4958 0.684525
4959 0.818712
4960 0.677678
4961 0.61689
4962 0.494994
4963 0.582907
4964 0.348994
4965 0.12534
4966 0.700709
4967 0.900223
4968 0.260963
4969 0.625633
4970 0.518796
4971 0.232955
4972 0.186775
4973 0.150626
4974 0.333993
4975 0.409042
4976 0.230285
4977 0.779679
4978 0.423258
4979 0.68867
4980 0.312824
4981 0.372449
4982 0.359131
4983 0.52518
4984 0.451355
4985 0.54715
4986 0.479512
4987 0.419231
4988 0.660512
4989 0.483939
4990 0.501738
4991 0.239839
4992 0.085099
4993 0.751165
4994 0.34498
4995 0.736456
4996 0.858411
4997 0.726915
4998 0.588415
4999 0.735789
5000 0.527527
5001 0.421458
5002 0.404892
5003 0.0722966
5004 0.40536
5005 0.608641
5006 0.287887
5007 0.635131
5008 0.833776
5009 0.837845
5010 0.211184
5011 0.186074
5012 0.501506
5013 0.7392
5014 0.452403
5015 0.332558
5016 0.329522
5017 0.831546
5018 0.681158
5019 0.618505
5020 0.654598
5021 0.643306
5022 0.596674
5023 0.45205
5024 0.583476
5025 0.620303
5026 0.488696
5027 0.3631
5028 0.358761
5029 0.809427
5030 0.703903
5031 0.149394
5032 0.271191
5033 0.45788
5034 0.459354
5035 0.466333
5036 0.242777
5037 0.511872
5038 0.258627
5039 0.287191
5040 0.435318
5041 0.428982
5042 0.575501
5043 0.395014
5044 0.657041
5045 0.555871
5046 0.443712
5047 0.445946
5048 0.13843
5049 0.487905
5050 0.419858
5051 0.568536
5052 0.43947
5053 0.510125
5054 0.234029
5055 0.244957
5056 0.361604
5057 0.499229
5058 0.460264
5059 0.308103
5060 0.449907
5061 0.527622
5062 0.338872
5063 0.379649
5064 0.0562237
5065 0.661479
5066 0.71655
5067 0.147961
5068 0.257604
5069 0.388301
5070 0.215421
5071 0.456021
5072 0.180375
5073 0.228598
5074 0.224944
5075 0.349222
5076 0.456016
5077 0.436975
5078 0.382078
5079 0.505979
5080 0.444327
5081 0.530493
5082 0.555219
5083 0.233939
5084 0.582502
5085 0.604366
5086 0.858032
5087 0.751834
5088 0.678278
5089 0.865369
5090 0.366524
5091 0.674291
5092 0.577146
5093 0.706754
5094 0.698865
5095 0.715898
5096 0.883541
5097 0.839751
5098 0.786551
5099 0.862631
5100 0.713908
5101 0.626164
5102 0.742039
5103 0.485161
5104 0.902563
5105 0.76315
5106 0.743417
5107 0.52658
5108 0.647864
5109 0.7573
5110 0.59698
5111 0.58089
5112 0.818833
5113 0.51985
5114 0.752231
5115 0.646181
5116 0.644813
5117 0.417604
5118 0.713045
5119 0.653657
5120 0.899968
5121 0.850738
5122 0.626562
5123 0.640085
5124 0.645203
5125 0.730262
5126 0.622579
5127 0.507815
5128 0.765627
5129 0.761257
5130 0.709867
5131 0.881618
5132 0.614054
5133 0.780364
5134 0.406353
5135 0.775393
5136 0.775865
5137 0.633127
5138 0.715668
5139 0.952971
5140 0.556398
5141 0.752333
5142 0.548627
5143 0.656468
5144 0.587108
5145 0.559495
5146 0.508817
5147 0.766802
5148 0.734931
5149 0.824871
5150 0.771988
5151 0.590715
5152 0.926222
5153 0.605946
5154 0.824934
5155 0.764456
5156 0.747445
5157 0.478512
5158 0.569788
5159 0.646975
5160 0.612687
5161 0.490737
5162 0.547616
5163 0.835879
5164 0.828053
5165 0.574561
5166 0.732656
5167 0.810776
5168 0.588689
5169 0.963852
5170 0.555023
5171 0.822178
5172 0.906795
5173 0.637407
5174 0.608305
5175 0.735848
5176 0.780829
5177 0.6286
5178 0.78547
5179 0.69277
5180 0.700225
5181 0.889262
5182 0.914439
5183 0.68532
5184 0.89253
5185 0.598356
5186 0.885014
5187 0.709497
5188 0.745705
5189 0.720116
5190 0.642676
5191 0.523349
5192 0.577704
5193 0.852113
5194 0.511718
5195 0.703315
5196 0.239765
5197 0.691784
5198 0.705071
5199 0.605386
5200 0.74913
5201 0.807035
5202 0.702059
5203 0.544707
5204 0.682998
5205 0.426477
5206 0.618894
5207 0.640849
5208 0.608511
5209 0.726293
5210 0.456727
5211 0.672594
5212 0.728513
5213 0.622072
5214 0.642694
5215 0.690244
5216 0.831995
5217 0.8048
5218 0.474845
5219 0.608974
5220 0.513976
5221 0.921685
5222 0.724213
5223 0.510254
5224 0.687976
5225 0.52156
5226 0.608541
5227 0.394264
5228 0.748118
5229 0.687214
5230 0.620695
5231 0.63373
5232 0.815535
5233 0.89615
5234 0.524775
5235 0.761017
5236 0.534394
5237 0.529001
5238 0.641735
5239 0.378786
5240 0.254709
5241 0.79757
5242 0.81728
5243 0.625937
5244 0.668007
5245 0.872274
5246 0.631885
5247 0.899457
5248 0.630602
5249 0.682618
5250 0.659707
5251 0.561796
5252 0.612124
5253 0.304477
5254 0.634623
5255 0.74608
5256 0.363186
5257 0.626433
5258 0.402376
5259 0.741789
5260 0.825565
5261 0.815021
5262 0.561093
5263 0.710256
5264 0.825447
5265 0.692365
5266 0.275107
5267 0.380978
5268 0.338766
5269 0.738934
5270 0.877451
5271 0.682726
5272 0.86575
5273 0.620996
5274 0.368715
5275 0.565916
5276 0.620685
5277 0.887526
5278 0.761756
5279 0.339481
5280 0.592315
5281 0.450559
5282 0.611529
5283 0.725558
5284 0.811675
5285 0.678535
5286 0.38299
5287 0.318348
5288 0.493108
5289 0.487223
5290 0.853665
5291 0.551559
5292 0.861735
5293 0.662053
5294 0.613805
5295 0.82623
5296 0.801191
5297 0.674846
5298 0.433986
5299 0.788038
5300 0.736725
5301 0.423399
5302 0.75819
5303 0.409841
5304 0.587295
5305 0.705733
5306 0.621301
5307 0.837667
5308 0.5188
5309 0.914687
5310 0.40075
5311 0.674211
5312 0.56834
5313 0.637876
5314 0.636961
5315 0.826627
5316 0.680001
5317 0.507056
5318 0.783368
5319 0.693567
5320 0.547122
5321 0.265119
5322 0.906241
5323 0.217371
5324 0.952032
5325 0.787649
5326 0.793363
5327 0.628573
5328 0.827225
5329 0.779321
5330 0.82355
5331 0.668564
5332 0.245629
5333 0.365847
5334 0.8787
5335 0.761057
5336 0.797679
5337 0.644083
5338 0.63959
5339 0.808645
5340 0.776361
5341 0.452983
5342 0.619922
5343 0.713271
5344 0.909397
5345 0.485022
5346 0.601046
5347 0.695251
5348 0.662429
5349 0.627855
5350 0.616017
5351 0.511719
5352 0.866246
5353 0.578996
5354 0.67901
5355 0.500177
5356 0.564338
5357 0.604735
5358 0.930009
5359 0.51095
5360 0.47542
5361 0.769096
5362 0.810093
5363 0.707467
5364 0.29753
5365 0.412697
5366 0.611276
5367 0.833679
5368 0.49104
5369 0.575904
5370 0.54818
5371 0.75886
5372 0.485623
5373 0.521587
5374 0.719765
5375 0.670265
5376 0.438373
5377 0.879576
5378 0.50714
5379 0.475973
5380 0.6916
5381 0.506847
5382 0.600549
5383 0.861585
5384 0.550621
5385 0.666079
5386 0.411946
5387 0.533313
5388 0.45013
5389 0.246781
5390 0.628447
5391 0.584143
5392 0.527215
5393 0.592852
5394 0.628441
5395 0.690335
5396 0.635771
5397 0.605922
5398 0.57575
5399 0.874396
5400 0.809394
5401 0.759798
5402 0.819811
5403 0.779057
5404 0.832593
5405 0.732697
5406 0.701794
5407 0.762347
5408 0.796749
5409 0.777248
5410 0.623219
5411 0.561209
5412 0.599696
5413 0.943773
5414 0.797109
5415 0.836038
5416 0.761852
5417 0.667832
5418 0.664622
5419 0.905031
5420 0.84145
5421 0.704497
5422 0.877603
5423 0.790813
5424 0.872443
5425 0.65366
5426 0.812417
5427 0.860473
5428 0.861386
5429 0.523414
5430 0.821801
5431 0.610607
5432 0.419374
5433 0.647001
5434 0.747983
5435 0.749787
5436 0.763928
5437 0.696781
5438 0.790846
5439 0.784088
5440 0.841287
5441 0.912505
5442 0.589078
5443 0.646036
5444 0.634182
5445 0.623086
5446 0.662864
5447 0.829039
5448 0.842988
5449 0.751494
5450 0.644591
5451 0.752561
5452 0.934315
5453 0.535544
5454 0.578634
5455 0.421483
5456 0.716196
5457 0.873938
5458 0.622363
5459 0.629088
5460 0.578959
5461 0.749746
5462 0.662359
5463 0.701381
5464 0.723528
5465 0.637149
5466 0.690184
5467 0.664369
5468 0.908249
5469 0.837533
5470 0.831629
5471 0.705616
5472 0.894043
5473 0.846713
5474 0.814218
5475 0.860664
5476 0.6636
5477 0.825156
5478 0.693445
5479 0.854422
5480 0.704099
5481 0.576852
5482 0.623977
5483 0.605346
5484 0.955247
5485 0.475361
5486 0.639837
5487 0.895075
5488 0.747619
5489 0.846823
5490 0.81125
5491 0.534733
5492 0.747183
5493 0.797948
5494 0.684832
5495 0.660532
5496 0.672313
5497 0.670925
5498 0.754283
5499 0.899324
5500 0.582948
5501 0.6074
5502 0.746301
5503 0.834106
5504 0.756662
5505 0.463621
5506 0.626367
5507 0.618398
5508 0.426132
5509 0.670375
5510 0.818841
5511 0.93541
5512 0.835774
5513 0.906143
5514 0.693369
5515 0.659131
5516 0.87667
5517 0.754819
5518 0.71559
5519 0.872334
5520 0.58052
5521 0.940903
5522 0.702972
5523 0.813694
5524 0.731549
5525 0.796098
5526 0.507487
5527 0.83642
5528 0.84898
5529 0.892272
5530 0.553418
5531 0.526378
5532 0.702897
5533 0.826471
5534 0.580725
5535 0.723458
5536 0.78515
5537 0.897801
5538 0.63867
5539 0.849195
5540 0.722725
5541 0.810237
5542 0.802398
5543 0.671605
5544 0.574937
5545 0.864742
5546 0.970464
5547 0.774931
5548 0.770825
5549 0.721352
5550 0.842941
5551 0.59581
5552 0.789854
5553 0.734132
5554 0.792411
5555 0.661297
5556 0.745854
5557 0.505521
5558 0.8389
5559 0.431538
5560 0.7789
5561 0.746604
5562 0.7806
5563 0.846705
5564 0.745352
5565 0.501732
5566 0.547179
5567 0.949793
5568 0.821617
5569 0.883956
5570 0.652119
5571 0.723316
5572 0.699027
5573 0.357447
5574 0.825928
5575 0.69473
5576 0.809793
5577 0.67329
5578 0.789345
5579 0.874491
5580 0.477146
5581 0.581716
5582 0.670075
5583 0.580576
5584 0.755458
5585 0.804127
5586 0.711481
5587 0.604925
5588 0.823983
5589 0.574207
5590 0.660317
5591 0.481217
5592 0.609302
5593 0.897001
5594 0.823411
5595 0.725646
5596 0.806881
5597 0.886314
5598 0.779542
5599 0.664288
5600 0.529939
5601 0.587784
5602 0.691539
5603 0.857156
5604 0.86831
5605 0.848656
5606 0.814358
5607 0.779367
5608 0.896584
5609 0.574264
5610 0.638148
5611 0.904963
5612 0.695737
5613 0.84783
5614 0.727355
5615 0.814542
5616 0.635438
5617 0.850291
5618 0.805968
5619 0.653343
5620 0.782755
5621 0.862094
5622 0.765573
5623 0.818273
5624 0.845493
5625 0.927206
5626 0.875201
5627 0.950962
5628 0.620938
5629 0.762918
5630 0.671432
5631 0.550065
5632 0.472866
5633 0.723454
5634 0.717666
5635 0.748396
5636 0.462035
5637 0.59765
5638 0.609506
5639 0.523039
5640 0.55086
5641 0.669439
5642 0.904774
5643 0.923844
5644 0.664881
5645 0.598092
5646 0.700475
5647 0.904728
5648 0.796033
5649 0.846195
5650 0.628921
5651 0.458518
5652 0.519995
5653 0.758718
5654 0.726231
5655 0.832463
5656 0.740304
5657 0.86959
5658 0.728055
5659 0.879303
5660 0.703067
5661 0.47266
5662 0.557947
5663 0.399627
5664 0.865414
5665 0.59171
5666 0.669603
5667 0.801349
5668 0.568875
5669 0.364562
5670 0.532482
5671 0.54017
5672 0.820075
5673 0.631955
5674 0.831984
5675 0.727469
5676 0.774263
5677 0.53357
5678 0.747314
5679 0.540721
5680 0.710426
5681 0.693724
5682 0.769284
5683 0.798771
5684 0.632583
5685 0.431175
5686 0.729547
5687 0.797376
5688 0.838867
5689 0.630771
5690 0.899114
5691 0.694506
5692 0.820161
5693 0.493696
5694 0.693067
5695 0.547811
5696 0.605923
5697 0.737546
5698 0.786183
5699 0.838639
5700 0.699575
5701 0.73597
5702 0.64303
5703 0.821351
5704 0.933409
5705 0.836291
5706 0.69561
5707 0.609671
5708 0.824863
5709 0.5055
5710 0.627118
5711 0.512882
5712 0.848329
5713 0.584102
5714 0.407736
5715 0.651939
5716 0.557216
5717 0.720848
5718 0.243242
5719 0.282837
5720 0.24117
5721 0.501075
5722 0.538409
5723 0.527871
5724 0.616518
5725 0.590207
5726 0.737395
5727 0.670592
5728 0.715725
5729 0.560591
5730 0.511899
5731 0.237553
5732 0.289156
5733 0.319463
5734 0.634218
5735 0.560637
5736 0.512979
5737 0.520048
5738 0.360301
5739 0.511895
5740 0.538485
5741 0.51289
5742 0.53278
5743 0.661361
5744 0.541911
5745 0.246581
5746 0.344334
5747 0.535815
5748 0.511755
5749 0.224086
5750 0.561162
5751 0.646668
5752 0.654701
5753 0.665773
5754 0.532733
5755 0.541932
5756 0.656646
5757 0.505633
5758 0.533052
5759 0.652442
5760 0.220373
5761 0.6533
5762 0.533015
5763 0.505667
5764 0.561144
5765 0.519963
5766 0.654717
5767 0.66322
5768 0.535804
5769 0.511732
5770 0.656563
5771 0.646495
5772 0.665648
5773 0.618468
5774 0.644963
5775 0.635319
5776 0.19066
5777 0.659674
5778 0.557211
5779 0.656509
5780 0.565904
5781 0.553436
5782 0.618089
5783 0.628761
5784 0.53996
5785 0.626385
5786 0.616911
5787 0.653275
5788 0.57678
5789 0.577027
5790 0.258211
5791 0.616561
5792 0.652269
5793 0.616682
5794 0.554262
5795 0.626447
5796 0.57679
5797 0.553473
5798 0.628726
5799 0.635324
5800 0.618147
5801 0.577015
5802 0.661536
5803 0.539959
5804 0.663256
5805 0.616982
5806 0.565964
5807 0.656363
5808 0.618509
5809 0.557342
5810 0.659517
5811 0.186604
5812 0.644858
5813 0.63409
5814 0.55421
5815 0.170858
5816 0.375428
5817 0.772964
5818 0.349133
5819 0.482971
5820 0.658675
5821 0.199546
5822 0.240415
5823 0.383539
5824 0.711288
5825 0.691124
5826 0.563245
5827 0.710913
5828 0.519798
5829 0.441238
5830 0.362376
5831 0.213419
5832 0.416775
5833 0.22004
5834 0.812212
5835 0.574513
5836 0.632717
5837 0.168715
5838 0.750864
5839 0.185018
5840 0.615822
5841 0.77776
5842 0.551687
5843 0.570753
5844 0.483692
5845 0.732037
5846 0.206702
5847 0.251462
5848 0.371102
5849 0.718262
5850 0.284872
5851 0.435461
5852 0.187094
5853 0.848773
5854 0.209487
5855 0.151359
5856 0.759101
5857 0.469168
5858 0.472931
5859 0.454575
5860 0.454574
5861 0.455368
5862 0.455367
5863 0.711607
5864 0.143603
5865 0.421224
5866 0.463983
5867 0.443992
5868 0.471608
5869 0.723057
5870 0.442049
5871 0.498753
5872 0.488273
5873 0.458285
5874 0.490939
5875 0.502603
5876 0.486984
5877 0.495478
5878 0.506646
5879 0.499211
5880 0.491578
5881 0.466208
5882 0.476741
5883 0.498851
5884 0.494822
5885 0.463316
5886 0.464993
5887 0.488347
5888 0.486609
5889 0.458109
5890 0.152242
5891 0.304997
5892 0.48057
5893 0.458273
5894 0.499112
5895 0.456912
5896 0.489293
5897 0.493839
5898 0.47255
5899 0.486873
5900 0.479054
5901 0.47484
5902 0.494819
5903 0.485286
5904 0.491848
5905 0.497093
5906 0.469189
5907 0.452888
5908 0.495494
5909 0.488038
5910 0.455
5911 0.483158
5912 0.474267
5913 0.486172
5914 0.514856
5915 0.475796
5916 0.489142
5917 0.516935
5918 0.477182
5919 0.479665
5920 0.491611
5921 0.464897
5922 0.486457
5923 0.474883
5924 0.490076
5925 0.480555
5926 0.479742
5927 0.494407
5928 0.479154
5929 0.477269
5930 0.493828
5931 0.481668
5932 0.45702
5933 0.473204
5934 0.497591
5935 0.470015
5936 0.454958
5937 0.117892
5938 0.489988
5939 0.330413
5940 0.157796
5941 0.474756
5942 0.48943
5943 0.432868
5944 0.488005
5945 0.443233
5946 0.452941
5947 0.412124
5948 0.443979
5949 0.483123
5950 0.479322
5951 0.421226
5952 0.344866
5953 0.145711
5954 0.3339
5955 0.138614
5956 0.682067
5957 0.113495
5958 0.348982
5959 0.126899
5960 0.732537
5961 0.398728
5962 0.585842
5963 0.291494
5964 0.233398
5965 0.23612
5966 0.206491
5967 0.387104
5968 0.422729
5969 0.401204
5970 0.399279
5971 0.394882
5972 0.420313
5973 0.396703
5974 0.418332
5975 0.396692
5976 0.398335
5977 0.20766
5978 0.10588
5979 0.384451
5980 0.371947
5981 0.412628
5982 0.392661
5983 0.420226
5984 0.398297
5985 0.40941
5986 0.381354
5987 0.401443
5988 0.405057
5989 0.291493
5990 0.387923
5991 0.384291
5992 0.362844
5993 0.351153
5994 0.399632
5995 0.407379
5996 0.396652
5997 0.363888
5998 0.42275
5999 0.384439
6000 0.404495
6001 0.408935
6002 0.395434
6003 0.370477
6004 0.422782
6005 0.223673
6006 0.21718
6007 0.407451
6008 0.434106
6009 0.430978
6010 0.415936
6011 0.384287
6012 0.351125
6013 0.362848
6014 0.412019
6015 0.401874
6016 0.371418
6017 0.410056
6018 0.393702
6019 0.38789
6020 0.399741
6021 0.381411
6022 0.410346
6023 0.390481
6024 0.420638
6025 0.416049
6026 0.392795
6027 0.416276
6028 0.411254
6029 0.41266
6030 0.418612
6031 0.385879
6032 0.363957
6033 0.404595
6034 0.359047
6035 0.114033
6036 0.40895
6037 0.418519
6038 0.422699
6039 0.42636
6040 0.399305
6041 0.428936
6042 0.358441
6043 0.401871
6044 0.41005
6045 0.402747
6046 0.35727
6047 0.399743
6048 0.401205
6049 0.41203
6050 0.403262
6051 0.38573
6052 0.358989
6053 0.411241
6054 0.410352
6055 0.399056
6056 0.415967
6057 0.238737
6058 0.0860304
6059 0.574223
6060 0.704821
6061 0.0952671
6062 0.740734
6063 0.268795
6064 0.277339
6065 0.351995
6066 0.342981
6067 0.268794
6068 0.364141
6069 0.301928
6070 0.835613
6071 0.854372
6072 0.847596
6073 0.481907
6074 0.810378
6075 0.746909
6076 0.602005
6077 0.434476
6078 0.559441
6079 0.464363
6080 0.741296
6081 0.369122
6082 0.711814
6083 0.4083
6084 0.271301
6085 0.712595
6086 0.260231
6087 0.793907
6088 0.271887
6089 0.347459
6090 0.654388
6091 0.353426
6092 0.584198
6093 0.59863
6094 0.481923
6095 0.483406
6096 0.455036
6097 0.599665
6098 0.580559
6099 0.577604
6100 0.502244
6101 0.59863
6102 0.578587
6103 0.593055
6104 0.738816
6105 0.0910714
6106 0.415916
6107 0.245924
6108 0.205888
6109 0.0988855
6110 0.385478
6111 0.743354
6112 0.405478
6113 0.392817
6114 0.381501
6115 0.696957
6116 0.433473
6117 0.465481
6118 0.486976
6119 0.431827
6120 0.40374
6121 0.224013
6122 0.414452
6123 0.393991
6124 0.379814
6125 0.457707
6126 0.448332
6127 0.387279
6128 0.411546
6129 0.200306
6130 0.394664
6131 0.498071
6132 0.454747
6133 0.382611
6134 0.402223
6135 0.0967445
6136 0.378698
6137 0.429673
6138 0.708431
6139 0.318801
6140 0.462686
6141 0.489462
6142 0.402134
6143 0.3814
6144 0.313204
6145 0.314506
6146 0.320261
6147 0.374809
6148 0.143267
6149 0.426866
6150 0.336564
6151 0.234138
6152 0.242565
6153 0.451631
6154 0.517559
6155 0.691513
6156 0.382575
6157 0.715218
6158 0.105798
6159 0.260386
6160 0.10645
6161 0.277367
6162 0.305666
6163 0.303963
6164 0.0858018
6165 0.0855041
6166 0.14598
6167 0.243979
6168 0.272584
6169 0.212508
6170 0.359729
6171 0.161146
6172 0.381435
6173 0.188898
6174 0.199329
6175 0.377015
6176 0.682471
6177 0.312569
6178 0.615572
6179 0.192698
6180 0.411886
6181 0.661617
6182 0.399056
6183 0.657977
6184 0.658547
6185 0.350593
6186 0.688115
6187 0.909793
6188 0.627793
6189 0.587813
6190 0.487575
6191 0.883785
6192 0.902838
6193 0.630525
6194 0.711416
6195 0.920793
6196 0.491493
6197 0.677685
6198 0.528756
6199 0.529556
6200 0.428351
6201 0.517161
6202 0.426266
6203 0.728557
6204 0.00962433
6205 0.0702062
6206 0.0940307
6207 0.270323
6208 0.0997828
6209 0.141353
6210 0.00530464
6211 0.0980747
6212 0.057912
6213 0.68975
6214 0.446767
6215 0.0213448
6216 0.0085101
6217 0.878828
6218 0.0561013
6219 0.0483246
6220 0.00688776
6221 0.190277
6222 0.0110544
6223 0.126517
6224 0.0397672
6225 0.0148986
6226 0.00214728
6227 0.392794
6228 0.107811
6229 0.0412817
6230 0.0679956
6231 0.00374028
6232 0.0176715
6233 0.011516
6234 0.190133
6235 0.0112054
6236 0.119769
6237 0.112439
6238 0.133661
6239 0.00188117
6240 0.014594
6241 0.0265021
6242 0.0210124
6243 0.0191015
6244 0.0906358
6245 0.139718
6246 0.109167
6247 0.0314273
6248 0.184265
6249 0.0134856
6250 0.0200055
6251 0.1447
6252 0.0930734
6253 0.0457014
6254 0.0264761
6255 0.00862318
6256 0.0370471
6257 0.0024796
6258 0.0360587
6259 0.0258233
6260 0.0186997
6261 0.0181734
6262 0.376416
6263 0.0147147
6264 0.01903
6265 0.107818
6266 0.076419
6267 0.0143681
6268 0.0166463
6269 0.0994045
6270 0.00683075
6271 0.0169342
6272 0.0373421
6273 0.00736044
6274 0.0130578
6275 0.0254563
6276 0.00630273
6277 0.720283
6278 0.00928563
6279 0.0479754
6280 0.077479
6281 0.392128
6282 0.0383574
6283 0.127946
6284 0.674506
6285 0.180088
6286 0.00505743
6287 0.517096
6288 0.0241289
6289 0.093983
6290 0.436303
6291 0.188114
6292 0.0901602
6293 0.361299
6294 0.442488
6295 0.0122791
6296 0.0121566
6297 0.306576
6298 0.0359926
6299 0.256785
6300 0.0393553
6301 0.0495838
6302 0.155127
6303 0.102937
6304 0.301182
6305 0.474305
6306 0.0514761
6307 0.0724849
6308 0.296119
6309 0.155092
6310 0.00505709
6311 0.109223
6312 0.0958723
6313 0.116785
6314 0.107719
6315 0.0275604
6316 0.111708
6317 0.0950517
6318 0.0245135
6319 0.452022
6320 0.195994
6321 0.00947119
6322 0.359983
6323 0.141353
6324 0.162099
6325 0.0476484
6326 0.376416
6327 0.466676
6328 0.33296
6329 0.414008
6330 0.332962
6331 0.141353
6332 0.466676
6333 0.162447
6334 0.0823135
6335 0.693774
6336 0.162099
6337 0.376416
6338 0.00228826
6339 0.179495
6340 0.162447
6341 0.179492
6342 0.0112006
6343 0.0980549
6344 0.0555043
6345 0.387685
6346 0.0541257
6347 0.395543
6348 0.0428386
6349 0.0502011
6350 0.0853485
6351 0.00544571
6352 0.316933
6353 0.0992867
6354 0.0108059
6355 0.458785
6356 0.0045858
6357 0.093009
6358 0.162099
6359 0.37715
6360 0.179494
6361 0.00664196
6362 0.116943
6363 0.63849
6364 0.0736104
6365 0.0123203
6366 0.489536
6367 0.194739
6368 0.162447
6369 0.466676
6370 0.61244
6371 0.114622
6372 0.0469824
6373 0.0894842
6374 0.0209226
6375 0.0403242
6376 0.013125
6377 0.00325007
6378 0.0186028
6379 0.0590106
6380 0.0893362
6381 0.0380991
6382 0.0384082
6383 0.192084
6384 0.0378643
6385 0.00840365
6386 0.114902
6387 0.0135109
6388 0.0347295
6389 0.0171769
6390 0.00786369
6391 0.0755226
6392 0.0181918
6393 0.0153338
6394 0.00567612
6395 0.0164785
6396 0.00591296
6397 0.0188509
6398 0.0134121
6399 0.521559
6400 0.0866015
6401 0.0985891
6402 0.0020017
6403 0.0582696
6404 0.391457
6405 0.0261464
6406 0.414732
6407 0.39816
6408 0.0046407
6409 0.0404167
6410 0.364335
6411 0.333745
6412 0.00471093
6413 0.414008
6414 0.00158806
6415 0.00778663
6416 0.0115821
6417 0.0452614
6418 0.00752544
6419 0.0372125
6420 0.477515
6421 0.0117718
6422 0.0174195
6423 0.0325752
6424 0.371979
6425 0.58266
6426 0.212065
6427 0.0103899
6428 0.039373
6429 0.0177682
6430 0.0893458
6431 0.0318593
6432 0.33296
6433 0.00532349
6434 0.477515
6435 0.179492
6436 0.0333275
6437 0.0257157
6438 0.0104512
6439 0.0045974
6440 0.15184
6441 0.0562925
6442 0.00952247
6443 0.0383848
6444 0.0170698
6445 0.0321586
6446 0.0031782
6447 0.0420981
6448 0.453054
6449 0.011215
6450 0.00238058
6451 0.00719182
6452 0.0319064
6453 0.45511
6454 0.474777
6455 0.332963
6456 0.222069
6457 0.00779009
6458 0.0199594
6459 0.333745
6460 0.414008
6461 0.0441028
6462 0.399727
6463 0.453054
6464 0.0238986
6465 0.413375
6466 0.0622836
6467 0.0360899
6468 0.141353
6469 0.58265
6470 0.136094
6471 0.00758513
6472 0.00378237
6473 0.0367774
6474 0.00232036
6475 0.148666
6476 0.00370365
6477 0.00232248
6478 0.00423822
6479 0.0187691
6480 0.0663323
6481 0.015796
6482 0.00199742
6483 0.316933
6484 0.406082
6485 0.00656527
6486 0.036815
6487 0.0351329
6488 0.0567528
6489 0.0334166
6490 0.154887
6491 0.0375888
6492 0.0509798
6493 0.45511
6494 0.00967956
6495 0.0571105
6496 0.00637805
6497 0.073706
6498 0.00285939
6499 0.37715
6500 0.0151087
6501 0.193397
6502 0.199237
6503 0.00296589
6504 0.0382722
6505 0.0123349
6506 0.0117492
6507 0.026434
6508 0.0291577
6509 0.00648466
6510 0.0296811
6511 0.371979
6512 0.00275489
6513 0.00898556
6514 0.406082
6515 0.154887
6516 0.059033
6517 0.0174391
6518 0.0796032
6519 0.00517179
6520 0.047793
6521 0.041874
6522 0.0396117
6523 0.00984236
6524 0.0624535
6525 0.00121597
6526 0.029737
6527 0.55711
6528 0.212357
6529 0.0140179
6530 0.339609
6531 0.00749073
6532 0.00421867
6533 0.35287
6534 0.0583556
6535 0.118873
6536 0.0972168
6537 0.0393419
6538 0.0419155
6539 0.0143841
6540 0.0356907
6541 0.00816524
6542 0.00953347
6543 0.0269534
6544 0.406082
6545 0.0286543
6546 0.0626123
6547 0.0038788
6548 0.0486411
6549 0.0499973
6550 0.0275043
6551 0.00949106
6552 0.0915933
6553 0.00584189
6554 0.0317712
6555 0.0244986
6556 0.402425
6557 0.0131493
6558 0.0169984
6559 0.00413892
6560 0.131812
6561 0.0320364
6562 0.0687063
6563 0.0792597
6564 0.0367457
6565 0.0121522
6566 0.0391571
6567 0.0195852
6568 0.0213704
6569 0.216048
6570 0.0303089
6571 0.0462481
6572 0.0482763
6573 0.0115228
6574 0.0482857
6575 0.0184148
6576 0.00325081
6577 0.014568
6578 0.0364187
6579 0.00692011
6580 0.0471743
6581 0.0679036
6582 0.0273345
6583 0.115858
6584 0.107414
6585 0.0639445
6586 0.0441714
6587 0.0156278
6588 0.00743785
6589 0.0351653
6590 0.0290313
6591 0.0254692
6592 0.0299772
6593 0.0366013
6594 0.0189094
6595 0.0179534
6596 0.0299746
6597 0.00880339
6598 0.0786154
6599 0.0170131
6600 0.0181498
6601 0.14446
6602 0.00967521
6603 0.015667
6604 0.0567968
6605 0.0598992
6606 0.0630422
6607 0.0306415
6608 0.0316186
6609 0.057506
6610 0.176701
6611 0.280761
6612 0.0191263
6613 0.0284782
6614 0.0485868
6615 0.0414354
6616 0.0745401
6617 0.0994382
6618 0.104213
6619 0.0529177
6620 0.0402157
6621 0.0482098
6622 0.106642
6623 0.0276815
6624 0.0400372
6625 0.0306341
6626 0.0901028
6627 0.0287735
6628 0.0266462
6629 0.0224336
6630 0.0644067
6631 0.0223603
6632 0.00926167
6633 0.0303529
6634 0.0567081
6635 0.347772
6636 0.0553439
6637 0.0316066
6638 0.0414193
6639 0.0515604
6640 0.0235131
6641 0.0105843
6642 0.0118522
6643 0.0180128
6644 0.0195239
6645 0.0304445
6646 0.056136
6647 0.0937605
6648 0.0115512
6649 0.0234951
6650 0.0187315
6651 0.0818963
6652 0.0131688
6653 0.00907006
6654 0.248454
6655 0.0134103
6656 0.0102018
6657 0.0228954
6658 0.00405989
6659 0.0537153
6660 0.0536554
6661 0.0644456
6662 0.124856
6663 0.0308531
6664 0.0214974
6665 0.0140196
6666 0.0173194
6667 0.00274793
6668 0.137483
6669 0.044752
6670 0.0625834
6671 0.0650469
6672 0.0212948
6673 0.094149
6674 0.0924508
6675 0.159292
6676 0.0584517
6677 0.0165544
6678 0.0488715
6679 0.0938917
6680 0.0336659
6681 0.0233123
6682 0.0240257
6683 0.0338632
6684 0.195345
6685 0.142406
6686 0.0218665
6687 0.00663829
6688 0.0497078
6689 0.115445
6690 0.0318469
6691 0.111276
6692 0.12675
6693 0.0169967
6694 0.155688
6695 0.0145028
6696 0.107377
6697 0.0154379
6698 0.0221795
6699 0.113996
6700 0.0930952
6701 0.107772
6702 0.0186413
6703 0.0474882
6704 0.0290912
6705 0.0169142
6706 0.0354092
6707 0.0785333
6708 0.0474524
6709 0.00537532
6710 0.0421017
6711 0.0891068
6712 0.0228169
6713 0.00700006
6714 0.0366476
6715 0.0867001
6716 0.0166805
6717 0.0570304
6718 0.0412931
6719 0.0746584
6720 0.0756138
6721 0.0238254
6722 0.0367395
6723 0.00995803
6724 0.0781092
6725 0.054623
6726 0.146183
6727 0.13249
6728 0.142716
6729 0.153378
6730 0.113623
6731 0.0219894
6732 0.0809917
6733 0.0387441
6734 0.0681724
6735 0.0330747
6736 0.0814709
6737 0.0339021
6738 0.0520499
6739 0.0298331
6740 0.115879
6741 0.0107631
6742 0.0501884
6743 0.129143
6744 0.0622204
6745 0.0381003
6746 0.03149
6747 0.0349693
6748 0.0876273
6749 0.070709
6750 0.0140855
6751 0.0582864
6752 0.162273
6753 0.0442848
6754 0.0709486
6755 0.0490474
6756 0.0994899
6757 0.0401651
6758 0.22707
6759 0.00726286
6760 0.0434297
6761 0.0111293
6762 0.0220163
6763 0.0971194
6764 0.197447
6765 0.0380606
6766 0.0829651
6767 0.101401
6768 0.0838434
6769 0.0568125
6770 0.012214
6771 0.043782
6772 0.169928
6773 0.0217593
6774 0.0328364
6775 0.124052
6776 0.0449731
6777 0.1444
6778 0.0591288
6779 0.00980053
6780 0.0334476
6781 0.0089444
6782 0.0403008
6783 0.107255
6784 0.100577
6785 0.0572096
6786 0.0727743
6787 0.0438514
6788 0.0229614
6789 0.0445729
6790 0.0457844
6791 0.0749322
6792 0.00893674
6793 0.140359
6794 0.0389706
6795 0.00617596
6796 0.0532812
6797 0.114375
6798 0.0289593
6799 0.0841185
6800 0.0391477
6801 0.0633445
6802 0.0138411
6803 0.081147
6804 0.0138028
6805 0.0562603
6806 0.118841
6807 0.0303033
6808 0.0399942
6809 0.0172401
6810 0.00413734
6811 0.0351947
6812 0.039108
6813 0.0124986
6814 0.0635568
6815 0.16294
6816 0.0122007
6817 0.115476
6818 0.0155805
6819 0.0375579
6820 0.0355037
6821 0.0286733
6822 0.0186231
6823 0.0635787
6824 0.0299445
6825 0.0234675
6826 0.00964125
6827 0.130192
6828 0.0776826
6829 0.101041
6830 0.0434244
6831 0.0130019
6832 0.0389482
6833 0.0383899
6834 0.0246774
6835 0.0613256
6836 0.0191692
6837 0.0256109
6838 0.0655835
6839 0.0155664
6840 0.0206701
6841 0.0228365
6842 0.109169
6843 0.0164511
6844 0.0236634
6845 0.085125
6846 0.11581
6847 0.010967
6848 0.0174891
6849 0.0222628
6850 0.0652698
6851 0.053248
6852 0.0214029
6853 0.0382345
6854 0.212065
6855 0.58265
6856 0.00816349
6857 0.10949
6858 0.0953854
6859 0.0305804
6860 0.0186344
6861 0.182369
6862 0.0951853
6863 0.582665
6864 0.212065
6865 0.116841
6866 0.399727
6867 0.37715
6868 0.0541644
6869 0.453054
6870 0.0542596
6871 0.0197954
6872 0.0097519
6873 0.0608132
6874 0.445075
6875 0.00200015
6876 0.106256
6877 0.00665468
6878 0.0813393
6879 0.381164
6880 0.09173
6881 0.0151274
6882 0.0549037
6883 0.00382235
6884 0.0100091
6885 0.413375
6886 0.040911
6887 0.150953
6888 0.0296703
6889 0.0385083
6890 0.061344
6891 0.212065
6892 0.012858
6893 0.0186169
6894 0.0619061
6895 0.153174
6896 0.458366
6897 0.0338789
6898 0.0124411
6899 0.00424313
6900 0.0378139
6901 0.3595
6902 0.00470995
6903 0.138208
6904 0.391457
6905 0.0134045
6906 0.446767
6907 0.0166537
6908 0.00969475
6909 0.0649958
6910 0.00431261
6911 0.381164
6912 0.00799087
6913 0.0910438
6914 0.458785
6915 0.45511
6916 0.0519648
6917 0.00807011
6918 0.154018
6919 0.0663353
6920 0.0130994
6921 0.00863495
6922 0.0535839
6923 0.0222905
6924 0.676553
6925 0.0383476
6926 0.0476466
6927 0.0681524
6928 0.051857
6929 0.0414133
6930 0.0349762
6931 0.0256432
6932 0.0240952
6933 0.0896562
6934 0.00321392
6935 0.0150475
6936 0.0607087
6937 0.0688006
6938 0.0570825
6939 0.0710631
6940 0.0118847
6941 0.0490034
6942 0.023306
6943 0.0156953
6944 0.0275783
6945 0.0169044
6946 0.166441
6947 0.0325754
6948 0.074417
6949 0.0400366
6950 0.0151556
6951 0.0167231
6952 0.00672451
6953 0.0115047
6954 0.0925412
6955 0.0119188
6956 0.0776437
6957 0.0151365
6958 0.0714925
6959 0.0119197
6960 0.067653
6961 0.0341801
6962 0.0524653
6963 0.00581387
6964 0.0231283
6965 0.0404333
6966 0.0395761
6967 0.0568897
6968 0.0286476
6969 0.00907784
6970 0.0428858
6971 0.00391863
6972 0.118619
6973 0.0239073
6974 0.0385717
6975 0.0165651
6976 0.0576321
6977 0.276442
6978 0.00878206
6979 0.0193659
6980 0.0325493
6981 0.210844
6982 0.0143405
6983 0.410342
6984 0.0295842
6985 0.00903164
6986 0.00433453
6987 0.0244015
6988 0.0150167
6989 0.00737363
6990 0.0743389
6991 0.0106535
6992 0.0223966
6993 0.041616
6994 0.0304179
6995 0.0981688
6996 0.0266221
6997 0.0167022
6998 0.00330587
6999 0.00846684
7000 0.0881003
7001 0.0137958
7002 0.0360985
7003 0.0267404
7004 0.011004
7005 0.0286811
7006 0.0190249
7007 0.0101692
7008 0.0229517
7009 0.0097513
7010 0.0259037
7011 0.198955
7012 0.0330687
7013 0.020519
7014 0.0804699
7015 0.406082
7016 0.445502
7017 0.0285991
7018 0.474777
7019 0.413375
7020 0.448203
7021 0.468657
7022 0.307189
7023 0.458785
7024 0.35287
7025 0.381987
7026 0.0183623
7027 0.154887
7028 0.123361
7029 0.0894672
7030 0.00865169
7031 0.0465095
7032 0.111087
7033 0.137808
7034 0.0643493
7035 0.324563
7036 0.468657
7037 0.39816
7038 0.0901116
7039 0.345948
7040 0.445075
7041 0.00414758
7042 0.458785
7043 0.0613086
7044 0.364335
7045 0.446767
7046 0.345948
7047 0.445075
7048 0.448203
7049 0.0158527
7050 0.468657
7051 0.453054
7052 0.3595
7053 0.0653875
7054 0.0275833
7055 0.0606922
7056 0.07434
7057 0.114677
7058 0.00780581
7059 0.138947
7060 0.0551917
7061 0.0211616
7062 0.0204789
7063 0.0552702
7064 0.0448365
7065 0.0258942
7066 0.0301889
7067 0.0194092
7068 0.00679509
7069 0.101692
7070 0.0238527
7071 0.0110781
7072 0.00874112
7073 0.0685108
7074 0.0148001
7075 0.00748981
7076 0.0416629
7077 0.00191376
7078 0.00408768
7079 0.545109
7080 0.0282532
7081 0.0558029
7082 0.00256476
7083 0.402362
7084 0.0320968
7085 0.0492366
7086 0.0342655
7087 0.0573387
7088 0.05985
7089 0.0454443
7090 0.157965
7091 0.0566974
7092 0.0232817
7093 0.0384505
7094 0.182758
7095 0.0228108
7096 0.0273659
7097 0.13133
7098 0.928236
7099 0.00736618
7100 0.00832758
7101 0.0701274
7102 0.0420063
7103 0.00294679
7104 0.0115138
7105 0.122494
7106 0.0818212
7107 0.058383
7108 0.167356
7109 0.0091084
7110 0.00203794
7111 0.0975897
7112 0.0681869
7113 0.0181767
7114 0.00381274
7115 0.0157663
7116 0.0444515
7117 0.118812
7118 0.111159
7119 0.0603715
7120 0.765565
7121 0.0134768
7122 0.101885
7123 0.0321195
7124 0.0107558
7125 0.0131299
7126 0.00201241
7127 0.111926
7128 0.0114385
7129 0.0109429
7130 0.065034
7131 0.0738908
7132 0.060682
7133 0.00742551
7134 0.0603558
7135 0.333745
7136 0.0338779
7137 0.0493422
7138 0.040746
7139 0.354165
7140 0.324563
7141 0.387685
7142 0.00216206
7143 0.00322474
7144 0.00660559
7145 0.445075
7146 0.381398
7147 0.392339
7148 0.345948
7149 0.00397103
7150 0.391457
7151 0.448203
7152 0.3595
7153 0.09339
7154 0.0285168
7155 0.05958
7156 0.0343097
7157 0.00306707
7158 0.0279359
7159 0.00526335
7160 0.00415735
7161 0.0191851
7162 0.392794
7163 0.474777
7164 0.455668
7165 0.381164
7166 0.307189
7167 0.00310763
7168 0.381987
7169 0.00527926
7170 0.474777
7171 0.391457
7172 0.00557183
7173 0.00427413
7174 0.121373
7175 0.0115707
7176 0.0382321
7177 0.0563709
7178 0.0672169
7179 0.0206331
7180 0.036145
7181 0.134729
7182 0.0464574
7183 0.0504103
7184 0.0613083
7185 0.0548639
7186 0.0410033
7187 0.0393447
7188 0.0168041
7189 0.120171
7190 0.0735659
7191 0.0172766
7192 0.0416842
7193 0.112797
7194 0.0272692
7195 0.0342724
7196 0.0395518
7197 0.019183
7198 0.055637
7199 0.0203164
7200 0.0159717
7201 0.0118843
7202 0.0277471
7203 0.192701
7204 0.222109
7205 0.08748
7206 0.381987
7207 0.307189
7208 0.012936
7209 0.00249561
7210 0.381164
7211 0.443569
7212 0.468657
7213 0.00768392
7214 0.387685
7215 0.389992
7216 0.395543
7217 0.392794
7218 0.39816
7219 0.0135279
7220 0.0355622
7221 0.00767387
7222 0.357276
7223 0.35287
7224 0.392339
7225 0.00883248
7226 0.35287
7227 0.389992
7228 0.387685
7229 0.392794
7230 0.0414627
7231 0.37715
7232 0.39816
7233 0.0411614
7234 0.0370173
7235 0.00920317
7236 0.0822387
7237 0.0356522
7238 0.00541976
7239 0.0405975
7240 0.0144473
7241 0.00304813
7242 0.017854
7243 0.0151451
7244 0.116041
7245 0.0971872
7246 0.170496
7247 0.154887
7248 0.046727
7249 0.0247805
7250 0.0768472
7251 0.0345626
7252 0.031769
7253 0.0143323
7254 0.109373
7255 0.0266858
7256 0.00608578
7257 0.130943
7258 0.0250293
7259 0.0807626
7260 0.0193578
7261 0.477515
7262 0.020219
7263 0.156009
7264 0.0131108
7265 0.0642818
7266 0.0846702
7267 0.333745
7268 0.0358451
7269 0.0900929
7270 0.0160925
7271 0.0423291
7272 0.0168767
7273 0.0168013
7274 0.0280358
7275 0.0342457
7276 0.0767432
7277 0.00925117
7278 0.130165
7279 0.046829
7280 0.477515
7281 0.00819147
7282 0.00872394
7283 0.0700403
7284 0.0881228
7285 0.0487263
7286 0.122737
7287 0.0242568
7288 0.0518982
7289 0.00631211
7290 0.141742
7291 0.0216015
7292 0.0426183
7293 0.104497
7294 0.0555615
7295 0.101415
7296 0.13696
7297 0.00607801
7298 0.00805409
7299 0.14901
7300 0.00486202
7301 0.0292029
7302 0.0112252
7303 0.058246
7304 0.0504042
7305 0.0581841
7306 0.174796
7307 0.140653
7308 0.0201736
7309 0.0248426
7310 0.110867
7311 0.0543502
7312 0.0457009
7313 0.0445165
7314 0.0943326
7315 0.118993
7316 0.0144168
7317 0.0119391
7318 0.0228031
7319 0.131003
7320 0.0538064
7321 0.0103268
7322 0.0228439
7323 0.00910934
7324 0.0070478
7325 0.489444
7326 0.0466346
7327 0.0226911
7328 0.00561947
7329 0.00601423
7330 0.0158405
7331 0.161695
7332 0.00614128
7333 0.0753758
7334 0.046637
7335 0.0439632
7336 0.103959
7337 0.0160763
7338 0.236882
7339 0.064418
7340 0.153882
7341 0.0267782
7342 0.0873318
7343 0.0225651
7344 0.117613
7345 0.0330987
7346 0.0626178
7347 0.0279284
7348 0.0104007
7349 0.0346607
7350 0.0148649
7351 0.0451292
7352 0.0327263
7353 0.0308197
7354 0.0339342
7355 0.00844593
7356 0.528009
7357 0.0345895
7358 0.00501816
7359 0.0535889
7360 0.0518423
7361 0.0182733
7362 0.0228329
7363 0.0894557
7364 0.0431277
7365 0.0810715
7366 0.233049
7367 0.200455
7368 0.0451566
7369 0.0344889
7370 0.012315
7371 0.0105553
7372 0.0135203
7373 0.0167748
7374 0.00388911
7375 0.0224509
7376 0.0615628
7377 0.0110296
7378 0.08893
7379 0.0211765
7380 0.0279922
7381 0.10628
7382 0.0431608
7383 0.100167
7384 0.050429
7385 0.0261003
7386 0.00900227
7387 0.0184355
7388 0.00735139
7389 0.0236683
7390 0.00405768
7391 0.0328468
7392 0.0194198
7393 0.00690344
7394 0.0825826
7395 0.0168003
7396 0.0223983
7397 0.0428615
7398 0.0357631
7399 0.0308068
7400 0.0398664
7401 0.0217771
7402 0.0858565
7403 0.04345
7404 0.0156245
7405 0.00891694
7406 0.00544349
7407 0.00191619
7408 0.0388328
7409 0.147068
7410 0.0110564
7411 0.00564229
7412 0.0195546
7413 0.023766
7414 0.0462017
7415 0.0102879
7416 0.00796739
7417 0.0455372
7418 0.0473313
7419 0.0343924
7420 0.00450704
7421 0.0602512
7422 0.0242916
7423 0.064111
7424 0.0207283
7425 0.00479889
7426 0.038908
7427 0.0375742
7428 0.01059
7429 0.128373
7430 0.0065401
7431 0.0564464
7432 0.0433277
7433 0.0169742
7434 0.014277
7435 0.0711231
7436 0.0015927
7437 0.0384342
7438 0.00142565
7439 0.0962713
7440 0.008133
7441 0.00874158
7442 0.0361097
7443 0.0881465
7444 0.00209444
7445 0.0380795
7446 0.00323553
7447 0.00168093
7448 0.0372242
7449 0.0362985
7450 0.0112847
7451 0.0263033
7452 0.0555603
7453 0.0961579
7454 0.042667
7455 0.0196525
7456 0.0219987
7457 0.0088782
7458 0.0471778
7459 0.0523757
7460 0.0410582
7461 0.0378929
7462 0.0530908
7463 0.0413716
7464 0.0423814
7465 0.0506606
7466 0.118048
7467 0.00429861
7468 0.0152422
7469 0.00269459
7470 0.0228118
7471 0.0114372
7472 0.0451439
7473 0.00632493
7474 0.0316703
7475 0.0450803
7476 0.00549146
7477 0.027314
7478 0.0425058
7479 0.0471005
7480 0.0389404
7481 0.0343669
7482 0.0624231
7483 0.0363418
7484 0.0348629
7485 0.199721
7486 0.00601868
7487 0.0373865
7488 0.0113236
7489 0.0612644
7490 0.00709261
7491 0.0400472
7492 0.0210689
7493 0.0357858
7494 0.00264637
7495 0.0149345
7496 0.00125273
7497 0.0936822
7498 0.0371129
7499 0.0370331
7500 0.0152704
7501 0.0385593
7502 0.092656
7503 0.00706338
7504 0.042226
7505 0.00779919
7506 0.0371293
7507 0.0116758
7508 0.0486521
7509 0.0301395
7510 0.0335362
7511 0.01759
7512 0.00751559
7513 0.0413246
7514 0.0370685
7515 0.00776015
7516 0.022911
7517 0.141815
7518 0.0678381
7519 0.0111384
7520 0.0651222
7521 0.085413
7522 0.00678021
7523 0.0168699
7524 0.0268641
7525 0.0355396
7526 0.0139719
7527 0.209216
7528 0.0253724
7529 0.826226
7530 0.063611
7531 0.0480961
7532 0.0437685
7533 0.00700344
7534 0.102936
7535 0.0208291
7536 0.0384387
7537 0.0185419
7538 0.114513
7539 0.0165285
7540 0.00212958
7541 0.054408
7542 0.0357878
7543 0.0158471
7544 0.00163374
7545 0.0369334
7546 0.0238772
7547 0.576402
7548 0.0414671
7549 0.244774
7550 0.123953
7551 0.0141896
7552 0.00626289
7553 0.00363206
7554 0.00617437
7555 0.0472283
7556 0.0366906
7557 0.0326733
7558 0.148141
7559 0.117596
7560 0.0128707
7561 0.0363873
7562 0.0423897
7563 0.17521
7564 0.029959
7565 0.0754418
7566 0.0677483
7567 0.0370966
7568 0.11332
7569 0.0401656
7570 0.0231143
7571 0.0345509
7572 0.00232256
7573 0.0386722
7574 0.0236596
7575 0.149555
7576 0.0135056
7577 0.00716654
7578 0.0169935
7579 0.0891505
7580 0.0378196
7581 0.0168364
7582 0.035925
7583 0.0491463
7584 0.00374458
7585 0.0175683
7586 0.00255187
7587 0.00630319
7588 0.083099
7589 0.0513886
7590 0.0454577
7591 0.0126481
7592 0.0101135
7593 0.0157163
7594 0.316172
7595 0.0407682
7596 0.0120595
7597 0.0222927
7598 0.0120638
7599 0.00500038
7600 0.0288611
7601 0.0029155
7602 0.0264021
7603 0.0104887
7604 0.00619015
7605 0.00929973
7606 0.00715759
7607 0.0169899
7608 0.0763393
7609 0.0119676
7610 0.00381432
7611 0.0104135
7612 0.0602435
7613 0.0600906
7614 0.0401128
7615 0.0483881
7616 0.0181799
7617 0.0398139
7618 0.762704
7619 0.00451963
7620 0.240413
7621 0.00643874
7622 0.0396468
7623 0.0404747
7624 0.0604141
7625 0.0425366
7626 0.155039
7627 0.0857458
7628 0.0109733
7629 0.350907
7630 0.0463148
7631 0.18348
7632 0.609684
7633 0.282418
7634 0.221158
7635 0.159218
7636 0.031377
7637 0.264945
7638 0.0218837
7639 0.127752
7640 0.241798
7641 0.0987717
7642 0.119952
7643 0.0641326
7644 0.0155244
7645 0.159327
7646 0.0204452
7647 0.0704787
7648 0.402849
7649 0.390373
7650 0.0387822
7651 0.0134122
7652 0.0521119
7653 0.253216
7654 0.743075
7655 0.0260673
7656 0.022847
7657 0.0694195
7658 0.164171
7659 0.0521926
7660 0.627787
7661 0.101918
7662 0.0925727
7663 0.0303755
7664 0.0173885
7665 0.226447
7666 0.0563992
7667 0.23528
7668 0.119281
7669 0.00900866
7670 0.0204933
7671 0.056931
7672 0.348538
7673 0.0267808
7674 0.0313834
7675 0.0988692
7676 0.0996659
7677 0.0278664
7678 0.0222276
7679 0.0390338
7680 0.0276377
7681 0.0105322
7682 0.289007
7683 0.0132319
7684 0.00625039
7685 0.00946537
7686 0.177543
7687 0.0480176
7688 0.0584758
7689 0.0343268
7690 0.508026
7691 0.376536
7692 0.306022
7693 0.146417
7694 0.00481141
7695 0.042933
7696 0.00656693
7697 0.127824
7698 0.00602375
7699 0.0448185
7700 0.00669598
7701 0.0439192
7702 0.0865757
7703 0.391569
7704 0.162152
7705 0.0165161
7706 0.100874
7707 0.0322559
7708 0.128638
7709 0.439001
7710 0.87387
7711 0.0402715
7712 0.0815768
7713 0.0318465
7714 0.0585035
7715 0.0465121
7716 0.463873
7717 0.142049
7718 0.304825
7719 0.00865902
7720 0.0397108
7721 0.555913
7722 0.529248
7723 0.110929
7724 0.0425295
7725 0.522421
7726 0.0417514
7727 0.129725
7728 0.284656
7729 0.00885615
7730 0.0857611
7731 0.518325
7732 0.114977
7733 0.0447071
7734 0.128853
7735 0.133691
7736 0.11949
7737 0.0594568
7738 0.0443233
7739 0.0327665
7740 0.375838
7741 0.0451253
7742 0.209777
7743 0.0378265
7744 0.0325934
7745 0.0923155
7746 0.0297872
7747 0.101663
7748 0.145296
7749 0.00804523
7750 0.898257
7751 0.110768
7752 0.155077
7753 0.443982
7754 0.0730756
7755 0.00904528
7756 0.0275231
7757 0.0398822
7758 0.180903
7759 0.379234
7760 0.0600721
7761 0.0581062
7762 0.281837
7763 0.142975
7764 0.154133
7765 0.717875
7766 0.451334
7767 0.442744
7768 0.836537
7769 0.558542
7770 0.29122
7771 0.446701
7772 0.451543
7773 0.251489
7774 0.317959
7775 0.484261
7776 0.391925
7777 0.23015
7778 0.193439
7779 0.0195727
7780 0.0835656
7781 0.142685
7782 0.140216
7783 0.389418
7784 0.21459
7785 0.0702773
7786 0.166512
7787 0.820744
7788 0.448033
7789 0.405842
7790 0.422882
7791 0.02267
7792 0.7599
7793 0.272386
7794 0.448874
7795 0.67434
7796 0.618886
7797 0.1684
7798 0.454224
7799 0.154183
7800 0.758309
7801 0.830259
7802 0.123445
7803 0.185747
7804 0.419211
7805 0.692244
7806 0.358925
7807 0.284916
7808 0.61437
7809 0.114145
7810 0.435614
7811 0.394893
7812 0.0801138
7813 0.129892
7814 0.134939
7815 0.111075
7816 0.125506
7817 0.276655
7818 0.0472738
7819 0.0234337
7820 0.413768
7821 0.156635
7822 0.515249
7823 0.750546
7824 0.817447
7825 0.132316
7826 0.271422
7827 0.843539
7828 0.936818
7829 0.191295
7830 0.0639157
7831 0.0203909
7832 0.428324
7833 0.393066
7834 0.0129326
7835 0.802143
7836 0.60934
7837 0.684338
7838 0.513319
7839 0.427508
7840 0.750046
7841 0.202569
7842 0.320732
7843 0.221699
7844 0.0952369
7845 0.024132
7846 0.381846
7847 0.0219454
7848 0.0331374
7849 0.056152
7850 0.578892
7851 0.638398
7852 0.16069
7853 0.0491633
7854 0.0799042
7855 0.976496
7856 0.0854842
7857 0.604318
7858 0.77079
7859 0.534322
7860 0.760955
7861 0.534526
7862 0.5063
7863 0.0899654
7864 0.131616
7865 0.516512
7866 0.798754
7867 0.163141
7868 0.098478
7869 0.0154738
7870 0.714677
7871 0.568492
7872 0.0633158
7873 0.0689458
7874 0.0628288
7875 0.134054
7876 0.217427
7877 0.0891285
7878 0.36777
7879 0.989855
7880 0.441415
7881 0.678991
7882 0.020071
7883 0.26849
7884 0.487825
7885 0.770024
7886 0.0458004
7887 0.625293
7888 0.468033
7889 0.586846
7890 0.1002
7891 0.264833
7892 0.0458086
7893 0.076876
7894 0.0853875
7895 0.136064
7896 0.0109866
7897 0.251657
7898 0.156178
7899 0.0246466
7900 0.117252
7901 0.231265
7902 0.157883
7903 0.111894
7904 0.526329
7905 0.667707
7906 0.65081
7907 0.431788
7908 0.260957
7909 0.609708
7910 0.725064
7911 0.628441
7912 0.748341
7913 0.637416
7914 0.478309
7915 0.147225
7916 0.218759
7917 0.277672
7918 0.428938
7919 0.0658709
7920 0.839653
7921 0.144749
7922 0.0186571
7923 0.817438
7924 0.106391
7925 0.764718
7926 0.252381
7927 0.23671
7928 0.612589
7929 0.690423
7930 0.0265107
7931 0.0907986
7932 0.0172859
7933 0.108713
7934 0.43836
7935 0.0611848
7936 0.489025
7937 0.171048
7938 0.667106
7939 0.231814
7940 0.786227
7941 0.494198
7942 0.526354
7943 0.757533
7944 0.160486
7945 0.012646
7946 0.414602
7947 0.284527
7948 0.0115018
7949 0.00950241
7950 0.0229947
7951 0.00671879
7952 0.00794744
7953 0.0223016
7954 0.443586
7955 0.35318
7956 0.18722
7957 0.0891435
7958 0.0142241
7959 0.064196
7960 0.637533
7961 0.0733666
7962 0.0956213
7963 0.0524593
7964 0.444812
7965 0.0168916
7966 0.445304
7967 0.364062
7968 0.3549
7969 0.0338156
7970 0.156283
7971 0.678989
7972 0.00719861
7973 0.013698
7974 0.442653
7975 0.227428
7976 0.0160516
7977 0.017335
7978 0.0457376
7979 0.0238622
7980 0.015119
7981 0.0191836
7982 0.0576197
7983 0.553288
7984 0.00759057
7985 0.836579
7986 0.734488
7987 0.346919
7988 0.0143542
7989 0.345374
7990 0.0104513
7991 0.0345171
7992 0.100954
7993 0.0372301
7994 0.0488566
7995 0.0444885
7996 0.00590464
7997 0.095391
7998 0.0268364
7999 0.0105435
8000 0.0333905
8001 0.056451
8002 0.0119525
8003 0.0801389
8004 0.0725077
8005 0.129455
8006 0.0484801
8007 0.181586
8008 0.0834329
8009 0.0303923
8010 0.345205
8011 0.0788965
8012 0.0161159
8013 0.127969
8014 0.0195373
8015 0.025727
8016 0.0402038
8017 0.0866437
8018 0.0723062
8019 0.067715
8020 0.0382266
8021 0.157344
8022 0.007787
8023 0.0341995
8024 0.032
8025 0.0205959
8026 0.0107089
8027 0.0658493
8028 0.352258
8029 0.00906779
8030 0.0155031
8031 0.119886
8032 0.0107818
8033 0.129755
8034 0.0688044
8035 0.0186834
8036 0.0620212
8037 0.0422761
8038 0.0343938
8039 0.00793703
8040 0.0776654
8041 0.0636005
8042 0.0408982
8043 0.0953182
8044 0.186446
8045 0.0640288
8046 0.0823721
8047 0.0787652
8048 0.0176755
8049 0.0408712
8050 0.0503166
8051 0.0424331
8052 0.0701459
8053 0.0959495
8054 0.0163511
8055 0.0446777
8056 0.0226113
8057 0.0391447
8058 0.00992447
8059 0.0134977
8060 0.0469071
8061 0.0239432
8062 0.0174874
8063 0.169845
8064 0.133562
8065 0.00713344
8066 0.042101
8067 0.00759922
8068 0.009423
8069 0.0591222
8070 0.0429557
8071 0.014049
8072 0.0390121
8073 0.0730907
8074 0.204028
8075 0.128972
8076 0.12501
8077 0.337956
8078 0.130603
8079 0.081203
8080 0.0177168
8081 0.608606
8082 0.427153
8083 0.0233796
8084 0.713124
8085 0.277654
8086 0.354444
8087 0.0836667
8088 0.0466083
8089 0.0532149
8090 0.0474898
8091 0.0674368
8092 0.164331
8093 0.0299147
8094 0.0261277
8095 0.104843
8096 0.289403
8097 0.227968
8098 0.018736
8099 0.0193349
8100 0.26059
8101 0.412934
8102 0.0224921
8103 0.272343
8104 0.0230973
8105 0.370465
8106 0.0226963
8107 0.135131
8108 0.0344844
8109 0.03628
8110 0.0394165
8111 0.0816757
8112 0.0504221
8113 0.162393
8114 0.713124
8115 0.0946069
8116 0.848597
8117 0.1124
8118 0.125153
8119 0.230244
8120 0.13151
8121 0.0591763
8122 0.0384537
8123 0.0174004
8124 0.0222939
8125 0.218103
8126 0.0305799
8127 0.023326
8128 0.0157655
8129 0.129617
8130 0.00837811
8131 0.0357518
8132 0.0766596
8133 0.021022
8134 0.0233086
8135 0.00889723
8136 0.00988059
8137 0.0142035
8138 0.0334467
8139 0.112792
8140 0.0166365
8141 0.125887
8142 0.201473
8143 0.118836
8144 0.290815
8145 0.0917761
8146 0.0963648
8147 0.0778438
8148 0.0753331
8149 0.00759045
8150 0.0375945
8151 0.0155945
8152 0.2319
8153 0.0677002
8154 0.0730862
8155 0.0351574
8156 0.1463
8157 0.171103
8158 0.0668067
8159 0.0203977
8160 0.0209782
8161 0.087402
8162 0.00947204
8163 0.119196
8164 0.0207457
8165 0.037615
8166 0.0069089
8167 0.186802
8168 0.109545
8169 0.795168
8170 0.0584893
8171 0.127509
8172 0.0919753
8173 0.0995072
8174 0.0109627
8175 0.116031
8176 0.0907816
8177 0.0391169
8178 0.0596639
8179 0.0238686
8180 0.0578898
8181 0.282068
8182 0.0293727
8183 0.0331893
8184 0.04266
8185 0.0174069
8186 0.168251
8187 0.0689177
8188 0.0832736
8189 0.0134421
8190 0.0354806
8191 0.0346109
8192 0.0429663
8193 0.0575578
8194 0.0733201
8195 0.0343531
8196 0.0306141
8197 0.0492296
8198 0.0370767
8199 0.0610243
8200 0.0440536
8201 0.0428946
8202 0.119595
8203 0.128518
8204 0.0472078
8205 0.024619
8206 0.160254
8207 0.134013
8208 0.0100964
8209 0.157864
8210 0.252174
8211 0.0481603
8212 0.101255
8213 0.140432
8214 0.0943094
8215 0.0154629
8216 0.0812023
8217 0.0767476
8218 0.762329
8219 0.0754056
8220 0.123033
8221 0.566039
8222 0.10584
8223 0.722232
8224 0.559469
8225 0.876749
8226 0.463643
8227 0.872511
8228 0.654219
8229 0.0149563
8230 0.0203611
8231 0.668192
8232 0.0429151
8233 0.617906
8234 0.111076
8235 0.0601931
8236 0.506767
8237 0.145724
8238 0.158397
8239 0.0703034
8240 0.0858668
8241 0.0538046
8242 0.0202936
8243 0.0341002
8244 0.0152555
8245 0.144283
8246 0.0100262
8247 0.0242851
8248 0.127533
8249 0.0635229
8250 0.0777586
8251 0.04329
8252 0.00676201
8253 0.0157208
8254 0.773583
8255 0.306963
8256 0.0069662
8257 0.0120715
8258 0.0116009
8259 0.0611151
8260 0.14244
8261 0.0124861
8262 0.23778
8263 0.0228363
8264 0.0115432
8265 0.365714
8266 0.597543
8267 0.0237801
8268 0.174051
8269 0.0312822
8270 0.0879156
8271 0.1007
8272 0.0697137
8273 0.147249
8274 0.678413
8275 0.710968
8276 0.864868
8277 0.0763331
8278 0.62192
8279 0.812487
8280 0.423365
8281 0.0609901
8282 0.743629
8283 0.0286431
8284 0.0102542
8285 0.00778697
8286 0.0646401
8287 0.0143361
8288 0.183067
8289 0.122691
8290 0.408766
8291 0.145574
8292 0.4003
8293 0.152371
8294 0.381517
8295 0.740033
8296 0.165559
8297 0.199422
8298 0.59656
8299 0.478254
8300 0.450094
8301 0.176462
8302 0.162655
8303 0.711826
8304 0.695867
8305 0.349752
8306 0.599258
8307 0.0807143
8308 0.202192
8309 0.1915
8310 0.452991
8311 0.301333
8312 0.715748
8313 0.76517
8314 0.145823
8315 0.125529
8316 0.211619
8317 0.564973
8318 0.503118
8319 0.866213
8320 0.46099
8321 0.748016
8322 0.038515
8323 0.00892466
8324 0.0302656
8325 0.268749
8326 0.0181548
8327 0.297178
8328 0.497451
8329 0.166373
8330 0.0429284
8331 0.496185
8332 0.284715
8333 0.510651
8334 0.837513
8335 0.427853
8336 0.601976
8337 0.494894
8338 0.740593
8339 0.658021
8340 0.319207
8341 0.32112
8342 0.657094
8343 0.28617
8344 0.614108
8345 0.462233
8346 0.129309
8347 0.0149141
8348 0.0424264
8349 0.490208
8350 0.205451
8351 0.101748
8352 0.0230975
8353 0.0756427
8354 0.0867836
8355 0.0448801
8356 0.0924948
8357 0.118876
8358 0.0247171
8359 0.0243581
8360 0.193514
8361 0.578936
8362 0.0706982
8363 0.0190328
8364 0.129022
8365 0.152386
8366 0.86017
8367 0.390244
8368 0.0338847
8369 0.0140051
8370 0.0180349
8371 0.0464968
8372 0.0177239
8373 0.290051
8374 0.0185883
8375 0.106432
8376 0.0919815
8377 0.12912
8378 0.127984
8379 0.0180852
8380 0.0489936
8381 0.15836
8382 0.536363
8383 0.64464
8384 0.156942
8385 0.232163
8386 0.01342
8387 0.0481453
8388 0.0532216
8389 0.0652137
8390 0.0522879
8391 0.0624739
8392 0.0906814
8393 0.0174096
8394 0.621236
8395 0.527417
8396 0.0635447
8397 0.0153886
8398 0.98769
8399 0.0156317
8400 0.289015
8401 0.883448
8402 0.500932
8403 0.0509389
8404 0.140973
8405 0.00671722
8406 0.0667336
8407 0.0109046
8408 0.208538
8409 0.541798
8410 0.111711
8411 0.0181535
8412 0.0407215
8413 0.160894
8414 0.0724912
8415 0.0413689
8416 0.061699
8417 0.146797
8418 0.140202
8419 0.0635176
8420 0.100191
8421 0.0575332
8422 0.0132061
8423 0.00761786
8424 0.0954145
8425 0.0159009
8426 0.0329388
8427 0.0236926
8428 0.0483813
8429 0.0513449
8430 0.296506
8431 0.357776
8432 0.475945
8433 0.470189
8434 0.0297268
8435 0.0470783
8436 0.0124663
8437 0.0845066
8438 0.0330867
8439 0.043056
8440 0.0595056
8441 0.163527
8442 0.0116954
8443 0.0433489
8444 0.0924476
8445 0.00926072
8446 0.0427748
8447 0.0631236
8448 0.07905
8449 0.00412193
8450 0.00924899
8451 0.176982
8452 0.00483598
8453 0.127758
8454 0.054261
8455 0.0254952
8456 0.215433
8457 0.126229
8458 0.847456
8459 0.0762007
8460 0.0951969
8461 0.0244104
8462 0.0380494
8463 0.00567815
8464 0.099619
8465 0.00951499
8466 0.0445346
8467 0.111368
8468 0.00237753
8469 0.0720685
8470 0.135083
8471 0.592903
8472 0.72188
8473 0.651424
8474 0.065225
8475 0.919029
8476 0.00430623
8477 0.10744
8478 0.097081
8479 0.711378
8480 0.421342
8481 0.116424
8482 0.306441
8483 0.582939
8484 0.150454
8485 0.574237
8486 0.326876
8487 0.668295
8488 0.246324
8489 0.0399261
8490 0.132058
8491 0.00240136
8492 0.0176975
8493 0.00173097
8494 0.351123
8495 0.433133
8496 0.411596
8497 0.454051
8498 0.636757
8499 0.43404
8500 0.0901611
8501 0.578542
8502 0.685983
8503 0.719562
8504 0.676407
8505 0.888419
8506 0.573187
8507 0.657979
8508 0.705941
8509 0.836345
8510 0.86719
8511 0.488466
8512 0.901847
8513 0.830226
8514 0.435504
8515 0.844885
8516 0.538983
8517 0.849578
8518 0.788704
8519 0.641552
8520 0.688383
8521 0.678512
8522 0.602477
8523 0.559356
8524 0.0738362
8525 0.601172
8526 0.663871
8527 0.510269
8528 0.522195
8529 0.535489
8530 0.161813
8531 0.664625
8532 0.534552
8533 0.130985
8534 0.931244
8535 0.086613
8536 0.14092
8537 0.664499
8538 0.0905056
8539 0.42337
8540 0.544031
8541 0.259621
8542 0.828627
8543 0.413285
8544 0.723523
8545 0.322264
8546 0.102208
8547 0.367429
8548 0.135825
8549 0.680471
8550 0.183899
8551 0.121295
8552 0.65639
8553 0.606171
8554 0.0372042
8555 0.764646
8556 0.524301
8557 0.120828
8558 0.0358709
8559 0.458168
8560 0.258805
8561 0.876234
8562 0.205299
8563 0.159308
8564 0.311378
8565 0.888612
8566 0.478847
8567 0.854357
8568 0.445321
8569 0.0350687
8570 0.686773
8571 0.17876
8572 0.510852
8573 0.386938
8574 0.414354
8575 0.836491
8576 0.617438
8577 0.774544
8578 0.0478696
8579 0.917592
8580 0.807624
8581 0.959453
8582 0.950861
8583 0.0951938
8584 0.0272177
8585 0.383616
8586 0.224428
8587 0.064603
8588 0.0253133
8589 0.254384
8590 0.515747
8591 0.297453
8592 0.883869
8593 0.0525166
8594 0.188485
8595 0.383944
8596 0.684947
8597 0.49262
8598 0.487395
8599 0.623967
8600 0.418544
8601 0.697462
8602 0.572079
8603 0.124189
8604 0.465151
8605 0.596486
8606 0.557459
8607 0.648588
8608 0.413489
8609 0.389546
8610 0.48937
8611 0.165464
8612 0.298496
8613 0.94716
8614 0.10645
8615 0.804324
8616 0.292933
8617 0.488583
8618 0.518897
8619 0.845913
8620 0.553262
8621 0.235223
8622 0.187336
8623 0.324277
8624 0.48781
8625 0.647897
8626 0.551389
8627 0.890617
8628 0.380119
8629 0.610176
8630 0.410288
8631 0.216347
8632 0.770149
8633 0.141556
8634 0.473903
8635 0.506049
8636 0.141805
8637 0.711606
8638 0.496037
8639 0.619392
8640 0.549786
8641 0.543974
8642 0.616992
8643 0.574427
8644 0.65664
8645 0.703528
8646 0.138716
8647 0.489648
8648 0.320862
8649 0.846873
8650 0.101263
8651 0.0530789
8652 0.375856
8653 0.545556
8654 0.354912
8655 0.454
8656 0.476218
8657 0.446429
8658 0.596711
8659 0.413639
8660 0.725985
8661 0.589711
8662 0.365509
8663 0.513713
8664 0.345308
8665 0.372446
8666 0.827402
8667 0.585373
8668 0.4732
8669 0.941256
8670 0.934386
8671 0.313251
8672 0.796776
8673 0.773708
8674 0.382781
8675 0.625024
8676 0.493091
8677 0.394845
8678 0.414514
8679 0.905068
8680 0.572593
8681 0.861098
8682 0.847021
8683 0.411112
8684 0.694007
8685 0.945898
8686 0.196797
8687 0.367842
8688 0.210696
8689 0.7811
8690 0.707586
8691 0.93779
8692 0.482721
8693 0.430176
8694 0.878622
8695 0.889415
8696 0.795135
8697 0.425439
8698 0.138596
8699 0.179569
8700 0.100422
8701 0.459096
8702 0.412173
8703 0.176544
8704 0.204311
8705 0.101197
8706 0.446576
8707 0.111406
8708 0.622143
8709 0.471705
8710 0.537916
8711 0.856178
8712 0.156725
8713 0.36967
8714 0.632367
8715 0.708375
8716 0.35852
8717 0.605849
8718 0.534359
8719 0.124227
8720 0.658621
8721 0.908385
8722 0.622146
8723 0.152673
8724 0.592476
8725 0.751581
8726 0.703953
8727 0.642602
8728 0.722145
8729 0.75103
8730 0.325632
8731 0.616436
8732 0.491026
8733 0.125034
8734 0.495231
8735 0.420128
8736 0.766572
8737 0.622033
8738 0.692752
8739 0.949167
8740 0.710435
8741 0.578895
8742 0.793237
8743 0.443269
8744 0.692453
8745 0.777759
8746 0.596121
8747 0.499378
8748 0.434337
8749 0.584433
8750 0.369153
8751 0.379005
8752 0.859114
8753 0.562151
8754 0.584565
8755 0.558952
8756 0.167406
8757 0.545847
8758 0.528261
8759 0.29058
8760 0.437915
8761 0.682191
8762 0.726366
8763 0.810701
8764 0.13962
8765 0.236397
8766 0.59401
8767 0.504661
8768 0.0992809
8769 0.136192
8770 0.128802
8771 0.17608
8772 0.140117
8773 0.166263
8774 0.344175
8775 0.168591
8776 0.0994582
8777 0.251165
8778 0.0893649
8779 0.0710429
8780 0.0609258
8781 0.11354
8782 0.108034
8783 0.136715
8784 0.113179
8785 0.126706
8786 0.427532
8787 0.961138
8788 0.494652
8789 0.821917
8790 0.477353
8791 0.746523
8792 0.481095
8793 0.939447
8794 0.631813
8795 0.685898
8796 0.687539
8797 0.611927
8798 0.482954
8799 0.490909
8800 0.635509
8801 0.0619089
8802 0.446228
8803 0.895249
8804 0.624727
8805 0.517627
8806 0.679506
8807 0.241855
8808 0.247015
8809 0.0936692
8810 0.033237
8811 0.463643
8812 0.356605
8813 0.2057
8814 0.0712646
8815 0.276082
8816 0.510055
8817 0.0524657
8818 0.0577926
8819 0.263375
8820 0.0450603
8821 0.153663
8822 0.132675
8823 0.0996257
8824 0.257583
8825 0.137581
8826 0.0636508
8827 0.126817
8828 0.398016
8829 0.420132
8830 0.118425
8831 0.422516
8832 0.353665
8833 0.337323
8834 0.235557
8835 0.0417187
8836 0.204834
8837 0.281813
8838 0.242224
8839 0.36792
8840 0.409236
8841 0.435594
8842 0.375581
8843 0.234372
8844 0.0624154
8845 0.362524
8846 0.307399
8847 0.0613868
8848 0.114467
8849 0.167339
8850 0.0722622
8851 0.230578
8852 0.230735
8853 0.357268
8854 0.43922
8855 0.289518
8856 0.0780366
8857 0.39971
8858 0.19647
8859 0.238873
8860 0.069027
8861 0.261629
8862 0.181521
8863 0.0560694
8864 0.160038
8865 0.387502
8866 0.0537858
8867 0.258929
8868 0.627701
8869 0.49176
8870 0.354406
8871 0.830535
8872 0.256543
8873 0.851809
8874 0.509022
8875 0.58874
8876 0.537858
8877 0.74844
8878 0.582382
8879 0.0967228
8880 0.845597
8881 0.13903
8882 0.219846
8883 0.874573
8884 0.0625223
8885 0.698049
8886 0.350047
8887 0.13843
8888 0.461331
8889 0.605654
8890 0.277819
8891 0.191471
8892 0.382329
8893 0.459489
8894 0.223847
8895 0.840845
8896 0.842884
8897 0.483646
8898 0.0509746
8899 0.619875
8900 0.766118
8901 0.432479
8902 0.753075
8903 0.913475
8904 0.483653
8905 0.772494
8906 0.0368528
8907 0.0424481
8908 0.249263
8909 0.0857178
8910 0.0898862
8911 0.0722195
8912 0.0896803
8913 0.0636372
8914 0.130769
8915 0.059321
8916 0.778537
8917 0.5396
8918 0.458763
8919 0.0938564
8920 0.60841
8921 0.738459
8922 0.120352
8923 0.0550388
8924 0.0366995
8925 0.196849
8926 0.587045
8927 0.116026
8928 0.142203
8929 0.0433507
8930 0.162125
8931 0.107196
8932 0.344462
8933 0.436764
8934 0.391511
8935 0.408223
8936 0.0812507
8937 0.260277
8938 0.0642948
8939 0.238506
8940 0.646269
8941 0.141981
8942 0.137461
8943 0.27377
8944 0.457019
8945 0.536851
8946 0.138378
8947 0.466504
8948 0.0405464
8949 0.241633
8950 0.036535
8951 0.325247
8952 0.268482
8953 0.712469
8954 0.0404502
8955 0.0552146
8956 0.305754
8957 0.742854
8958 0.0397974
8959 0.130166
8960 0.344102
8961 0.106458
8962 0.10723
8963 0.190258
8964 0.449226
8965 0.118512
8966 0.638896
8967 0.375466
8968 0.395331
8969 0.858759
8970 0.0544362
8971 0.116077
8972 0.171839
8973 0.12284
8974 0.109371
8975 0.511502
8976 0.496082
8977 0.236401
8978 0.160218
8979 0.414284
8980 0.167512
8981 0.584752
8982 0.634889
8983 0.719582
8984 0.643914
8985 0.62032
8986 0.646693
8987 0.405549
8988 0.672143
8989 0.739219
8990 0.117394
8991 0.854623
8992 0.778254
8993 0.925274
8994 0.0452253
8995 0.237305
8996 0.700494
8997 0.359591
8998 0.714521
8999 0.177893
9000 0.553619
9001 0.393181
9002 0.354657
9003 0.40442
9004 0.112692
9005 0.235623
9006 0.105265
9007 0.460275
9008 0.627025
9009 0.340795
9010 0.355856
9011 0.129033
9012 0.274995
9013 0.27537
9014 0.330626
9015 0.798532
9016 0.555094
9017 0.211381
9018 0.163234
9019 0.147887
9020 0.927975
9021 0.0937388
9022 0.670797
9023 0.125229
9024 0.625762
9025 0.637105
9026 0.809236
9027 0.398851
9028 0.395633
9029 0.114288
9030 0.733489
9031 0.452573
9032 0.449109
9033 0.37868
9034 0.128846
9035 0.273317
9036 0.0703354
9037 0.0413661
9038 0.746425
9039 0.832043
9040 0.60042
9041 0.621897
9042 0.243599
9043 0.573978
9044 0.388567
9045 0.3916
9046 0.7864
9047 0.271774
9048 0.118791
9049 0.269552
9050 0.141603
9051 0.936699
9052 0.681971
9053 0.633074
9054 0.571345
9055 0.358204
9056 0.845866
9057 0.673085
9058 0.521014
9059 0.897255
9060 0.341233
9061 0.555253
9062 0.785556
9063 0.707012
9064 0.735495
9065 0.604605
9066 0.818482
9067 0.459395
9068 0.488772
9069 0.255649
9070 0.172211
9071 0.827047
9072 0.574469
9073 0.477007
9074 0.798014
9075 0.824475
9076 0.332584
9077 0.700524
9078 0.103142
9079 0.593923
9080 0.420357
9081 0.29439
9082 0.782756
9083 0.354499
9084 0.653187
9085 0.768073
9086 0.714322
9087 0.391074
9088 0.812657
9089 0.457179
9090 0.881683
9091 0.578563
9092 0.873749
9093 0.893624
9094 0.369224
9095 0.927326
9096 0.755055
9097 0.797749
9098 0.513544
9099 0.92583
9100 0.0542645
9101 0.0650256
9102 0.319541
9103 0.783302
9104 0.46526
9105 0.141877
9106 0.124398
9107 0.661097
9108 0.712184
9109 0.508392
9110 0.296921
9111 0.287401
9112 0.168642
9113 0.613039
9114 0.81704
9115 0.216788
9116 0.302021
9117 0.576519
9118 0.150547
9119 0.358947
9120 0.497951
9121 0.52298
9122 0.12295
9123 0.305271
9124 0.343857
9125 0.0559444
9126 0.202646
9127 0.0366647
9128 0.0783067
9129 0.0210726
9130 0.540052
9131 0.0714767
9132 0.127085
9133 0.268303
9134 0.118083
9135 0.459888
9136 0.862358
9137 0.207845
9138 0.774859
9139 0.384269
9140 0.830448
9141 0.572191
9142 0.654712
9143 0.82849
9144 0.326108
9145 0.445588
9146 0.663443
9147 0.359722
9148 0.319226
9149 0.830129
9150 0.559194
9151 0.357919
9152 0.173608
9153 0.614008
9154 0.358656
9155 0.346437
9156 0.0287263
9157 0.277402
9158 0.087852
9159 0.119332
9160 0.0914255
9161 0.339415
9162 0.516074
9163 0.19056
9164 0.340025
9165 0.425429
9166 0.187981
9167 0.109678
9168 0.242283
9169 0.186739
9170 0.203098
9171 0.758469
9172 0.350961
9173 0.258374
9174 0.19834
9175 0.131474
9176 0.41901
9177 0.48029
9178 0.135055
9179 0.110022
9180 0.134093
9181 0.430002
9182 0.625913
9183 0.785317
9184 0.194774
9185 0.0727929
9186 0.156137
9187 0.309833
9188 0.086411
9189 0.701764
9190 0.683006
9191 0.0646005
9192 0.149563
9193 0.475584
9194 0.161779
9195 0.0698874
9196 0.0219068
9197 0.185674
9198 0.208084
9199 0.321315
9200 0.0481605
9201 0.0587176
9202 0.0779321
9203 0.211187
9204 0.0752566
9205 0.206336
9206 0.11824
9207 0.0504436
9208 0.201165
9209 0.156367
9210 0.445363
9211 0.154475
9212 0.383904
9213 0.847712
9214 0.931767
9215 0.725799
9216 0.175845
9217 0.183309
9218 0.422074
9219 0.195416
9220 0.129648
9221 0.500646
9222 0.177889
9223 0.235454
9224 0.0687709
9225 0.16745
9226 0.0469358
9227 0.0665952
9228 0.268202
9229 0.270062
9230 0.281638
9231 0.306261
9232 0.786591
9233 0.738487
9234 0.772893
9235 0.287779
9236 0.692375
9237 0.477875
9238 0.242266
9239 0.0665675
9240 0.029245
9241 0.109009
9242 0.0332466
9243 0.0952253
9244 0.0948783
9245 0.0447065
9246 0.140069
9247 0.0762331
9248 0.69924
9249 0.408663
9250 0.816137
9251 0.237942
9252 0.11019
9253 0.326704
9254 0.384781
9255 0.122286
9256 0.156293
9257 0.247542
9258 0.715624
9259 0.639716
9260 0.466019
9261 0.628505
9262 0.546465
9263 0.942914
9264 0.440483
9265 0.515005
9266 0.574663
9267 0.753897
9268 0.304028
9269 0.918945
9270 0.418261
9271 0.548096
9272 0.637522
9273 0.725167
9274 0.281508
9275 0.273221
9276 0.612116
9277 0.48096
9278 0.49479
9279 0.193853
9280 0.766729
9281 0.104576
9282 0.432747
9283 0.0453801
9284 0.0743919
9285 0.0900005
9286 0.264776
9287 0.110954
9288 0.0994508
9289 0.0394221
9290 0.375505
9291 0.846411
9292 0.395821
9293 0.307905
9294 0.33636
9295 0.694811
9296 0.603245
9297 0.473127
9298 0.892028
9299 0.559073
9300 0.217478
9301 0.241303
9302 0.576492
9303 0.121618
9304 0.197053
9305 0.310735
9306 0.324464
9307 0.580084
9308 0.202181
9309 0.489765
9310 0.0594455
9311 0.0583976
9312 0.365681
9313 0.01944
9314 0.290627
9315 0.247549
9316 0.018135
9317 0.244611
9318 0.11343
9319 0.0927256
9320 0.661737
9321 0.324476
9322 0.345049
9323 0.28632
9324 0.116056
9325 0.0650171
9326 0.0947305
9327 0.0420209
9328 0.0667778
9329 0.111929
9330 0.174563
9331 0.0633921
9332 0.218334
9333 0.0779902
9334 0.233092
9335 0.317628
9336 0.0394093
9337 0.0773776
9338 0.36457
9339 0.065351
9340 0.152898
9341 0.281826
9342 0.0745659
9343 0.554845
9344 0.710598
9345 0.0586341
9346 0.188513
9347 0.628344
9348 0.0780873
9349 0.193645
9350 0.210287
9351 0.164086
9352 0.301244
9353 0.366992
9354 0.33856
9355 0.0943967
9356 0.28885
9357 0.174886
9358 0.163717
9359 0.536502
9360 0.040094
9361 0.528306
9362 0.162089
9363 0.274549
9364 0.0396528
9365 0.117652
9366 0.0667566
9367 0.284947
9368 0.268686
9369 0.0378681
9370 0.312425
9371 0.0367582
9372 0.220002
9373 0.066474
9374 0.0601281
9375 0.906097
9376 0.176569
9377 0.079747
9378 0.0786797
9379 0.412917
9380 0.513136
9381 0.418225
9382 0.282463
9383 0.445664
9384 0.722882
9385 0.733431
9386 0.960007
9387 0.125402
9388 0.423129
9389 0.0502118
9390 0.562995
9391 0.0978927
9392 0.276109
9393 0.0969585
9394 0.3281
9395 0.399672
9396 0.596858
9397 0.608832
9398 0.517803
9399 0.904646
9400 0.85075
9401 0.652742
9402 0.335147
9403 0.247764
9404 0.155685
9405 0.5895
9406 0.725745
9407 0.238297
9408 0.198859
9409 0.723074
9410 0.428261
9411 0.154826
9412 0.135267
9413 0.423517
9414 0.753204
9415 0.784924
9416 0.790702
9417 0.763451
9418 0.322936
9419 0.580246
9420 0.453947
9421 0.300352
9422 0.383537
9423 0.655081
9424 0.648445
9425 0.672914
9426 0.633536
9427 0.278039
9428 0.877839
9429 0.0507157
9430 0.548202
9431 0.0519242
9432 0.141537
9433 0.0486826
9434 0.247351
9435 0.0579022
9436 0.104172
9437 0.393565
9438 0.433782
9439 0.761909
9440 0.018585
9441 0.134734
9442 0.060159
9443 0.0504401
9444 0.0687033
9445 0.123698
9446 0.450009
9447 0.436517
9448 0.124546
9449 0.777173
9450 0.252476
9451 0.447237
9452 0.101837
9453 0.236035
9454 0.438632
9455 0.187118
9456 0.669724
9457 0.294078
9458 0.0104043
9459 0.388006
9460 0.0676579
9461 0.0554839
9462 0.42703
9463 0.374795
9464 0.657375
9465 0.049916
9466 0.388513
9467 0.459926
9468 0.516688
9469 0.434991
9470 0.510035
9471 0.115073
9472 0.059106
9473 0.0914175
9474 0.133428
9475 0.360476
9476 0.392782
9477 0.0425473
9478 0.0586886
9479 0.0248178
9480 0.240752
9481 0.274141
9482 0.0343855
9483 0.326765
9484 0.690663
9485 0.0725467
9486 0.0406611
9487 0.781909
9488 0.154679
9489 0.682354
9490 0.663303
9491 0.624122
9492 0.31295
9493 0.747378
9494 0.599831
9495 0.877083
9496 0.361016
9497 0.659765
9498 0.500293
9499 0.146574
9500 0.644536
9501 0.510889
9502 0.735743
9503 0.770567
9504 0.474029
9505 0.325156
9506 0.917895
9507 0.649976
9508 0.296022
9509 0.172893
9510 0.573615
9511 0.559599
9512 0.621664
9513 0.223006
9514 0.845646
9515 0.777749
9516 0.395298
9517 0.788189
9518 0.442057
9519 0.470257
9520 0.874178
9521 0.653372
9522 0.779523
9523 0.511765
9524 0.423872
9525 0.589561
9526 0.454548
9527 0.666656
9528 0.282422
9529 0.142346
9530 0.923297
9531 0.34278
9532 0.260561
9533 0.17351
9534 0.394292
9535 0.179779
9536 0.428749
9537 0.624678
9538 0.785431
9539 0.710724
9540 0.398357
9541 0.382069
9542 0.181482
9543 0.369853
9544 0.147582
9545 0.171877
9546 0.769349
9547 0.672081
9548 0.544636
9549 0.19175
9550 0.82835
9551 0.452565
9552 0.715874
9553 0.706668
9554 0.700897
9555 0.502456
9556 0.278993
9557 0.311491
9558 0.253978
9559 0.417584
9560 0.690974
9561 0.506454
9562 0.739541
9563 0.502137
9564 0.0559675
9565 0.0636192
9566 0.0815779
9567 0.0953532
9568 0.105754
9569 0.207329
9570 0.166925
9571 0.467405
9572 0.57662
9573 0.622118
9574 0.518695
9575 0.079164
9576 0.564719
9577 0.75431
9578 0.74855
9579 0.620138
9580 0.654267
9581 0.72066
9582 0.273283
9583 0.933367
9584 0.658975
9585 0.289526
9586 0.756547
9587 0.637263
9588 0.63058
9589 0.398915
9590 0.780265
9591 0.443673
9592 0.563233
9593 0.729964
9594 0.445086
9595 0.307166
9596 0.78098
9597 0.36516
9598 0.252648
9599 0.659939
9600 0.513651
9601 0.841295
9602 0.451462
9603 0.271019
9604 0.434156
9605 0.626107
9606 0.532617
9607 0.550979
9608 0.731415
9609 0.632428
9610 0.612573
9611 0.454225
9612 0.708777
9613 0.921228
9614 0.208703
9615 0.218591
9616 0.655658
9617 0.552064
9618 0.758361
9619 0.771723
9620 0.489091
9621 0.80169
9622 0.429101
9623 0.764104
9624 0.560644
9625 0.590473
9626 0.669905
9627 0.667162
9628 0.278468
9629 0.259419
9630 0.292629
9631 0.616799
9632 0.38004
9633 0.194276
9634 0.614813
9635 0.687994
9636 0.694303
9637 0.260948
9638 0.226388
9639 0.252054
9640 0.420964
9641 0.133186
9642 0.191795
9643 0.663547
9644 0.36608
9645 0.659281
9646 0.657961
9647 0.590684
9648 0.700299
9649 0.749676
9650 0.52954
9651 0.29999
9652 0.695636
9653 0.499105
9654 0.714962
9655 0.356538
9656 0.907386
9657 0.236937
9658 0.899958
9659 0.788277
9660 0.653415
9661 0.883205
9662 0.617317
9663 0.605312
9664 0.61557
9665 0.861754
9666 0.717021
9667 0.564102
9668 0.681476
9669 0.627518
9670 0.612974
9671 0.783456
9672 0.61593
9673 0.420965
9674 0.544847
9675 0.681306
9676 0.792785
9677 0.681606
9678 0.818525
9679 0.731954
9680 0.717307
9681 0.773695
9682 0.731597
9683 0.777725
9684 0.738162
9685 0.743252
9686 0.667363
9687 0.674484
9688 0.735105
9689 0.691226
9690 0.675725
9691 0.725349
9692 0.495098
9693 0.831847
9694 0.459098
9695 0.394756
9696 0.544158
9697 0.479904
9698 0.740143
9699 0.532269
9700 0.530895
9701 0.523185
9702 0.663849
9703 0.642773
9704 0.57312
9705 0.899659
9706 0.664785
9707 0.477181
9708 0.596342
9709 0.658632
9710 0.255147
9711 0.701842
9712 0.741901
9713 0.6659
9714 0.624557
9715 0.80045
9716 0.763845
9717 0.379141
9718 0.674032
9719 0.789481
9720 0.486244
9721 0.978273
9722 0.645633
9723 0.859142
9724 0.644827
9725 0.609963
9726 0.632524
9727 0.809457
9728 0.491738
9729 0.669923
9730 0.535037
9731 0.687993
9732 0.682309
9733 0.850172
9734 0.563937
9735 0.838446
9736 0.550088
9737 0.350544
9738 0.691662
9739 0.735301
9740 0.724516
9741 0.453846
9742 0.49467
9743 0.675718
9744 0.519716
9745 0.736534
9746 0.709974
9747 0.173926
9748 0.62668
9749 0.586821
9750 0.498531
9751 0.114533
9752 0.618453
9753 0.356066
9754 0.796325
9755 0.175844
9756 0.210818
9757 0.16055
9758 0.645472
9759 0.149253
9760 0.239276
9761 0.196879
9762 0.786154
9763 0.821698
9764 0.734751
9765 0.941829
9766 0.345375
9767 0.493199
9768 0.823118
9769 0.556864
9770 0.497442
9771 0.097534
9772 0.537861
9773 0.172797
9774 0.650977
9775 0.478933
9776 0.128342
9777 0.245726
9778 0.0775394
9779 0.544023
9780 0.525476
9781 0.390373
9782 0.440552
9783 0.79036
9784 0.700903
9785 0.365558
9786 0.497656
9787 0.621766
9788 0.579855
9789 0.487947
9790 0.781248
9791 0.848554
9792 0.458173
9793 0.824591
9794 0.553497
9795 0.660623
9796 0.79859
9797 0.63466
9798 0.7743
9799 0.738613
9800 0.901804
9801 0.672472
9802 0.673455
9803 0.705631
9804 0.229858
9805 0.117344
9806 0.216119
9807 0.784152
9808 0.749825
9809 0.479225
9810 0.675312
9811 0.832262
9812 0.490182
9813 0.707423
9814 0.695532
9815 0.940425
9816 0.401434
9817 0.68716
9818 0.84709
9819 0.158067
9820 0.476407
9821 0.383966
9822 0.406346
9823 0.892637
9824 0.673098
9825 0.495952
9826 0.530575
9827 0.669503
9828 0.81049
9829 0.518307
9830 0.586144
9831 0.625182
9832 0.5305
9833 0.751087
9834 0.583963
9835 0.831839
9836 0.603676
9837 0.852773
9838 0.46495
9839 0.969941
9840 0.750255
9841 0.880287
9842 0.729174
9843 0.789364
9844 0.659363
9845 0.774328
9846 0.938085
9847 0.865741
9848 0.54286
9849 0.586743
9850 0.676334
9851 0.721308
9852 0.706005
9853 0.79073
9854 0.682922
9855 0.707441
9856 0.941973
9857 0.803508
9858 0.745767
9859 0.834888
9860 0.926772
9861 0.766908
9862 0.409553
9863 0.767823
9864 0.744611
9865 0.593452
9866 0.529233
9867 0.856351
9868 0.761155
9869 0.598495
9870 0.751995
9871 0.678772
9872 0.211381
9873 0.632944
9874 0.30742
9875 0.742219
9876 0.468701
9877 0.350104
9878 0.584959
9879 0.348213
9880 0.634733
9881 0.501138
9882 0.764774
9883 0.228591
9884 0.279902
9885 0.190873
9886 0.685547
9887 0.679544
9888 0.112801
9889 0.380154
9890 0.794748
9891 0.368423
9892 0.626615
9893 0.663135
9894 0.459819
9895 0.0657904
9896 0.431884
9897 0.601851
9898 0.450224
9899 0.162929
9900 0.182728
9901 0.152721
9902 0.61239
9903 0.662489
9904 0.11666
9905 0.484658
9906 0.48232
9907 0.167623
9908 0.821907
9909 0.110848
9910 0.47483
9911 0.58177
9912 0.578615
9913 0.305238
9914 0.470268
9915 0.871187
9916 0.817896
9917 0.757754
9918 0.095368
9919 0.416645
9920 0.11032
9921 0.0498138
9922 0.0873514
9923 0.202358
9924 0.307906
9925 0.207429
9926 0.357162
9927 0.649275
9928 0.228579
9929 0.529922
9930 0.680278
9931 0.788436
9932 0.757999
9933 0.37657
9934 0.374827
9935 0.597055
9936 0.582101
9937 0.644493
9938 0.583515
9939 0.515734
9940 0.253678
9941 0.298866
9942 0.135815
9943 0.437432
9944 0.198517
9945 0.749957
9946 0.952551
9947 0.839601
9948 0.529957
9949 0.525777
9950 0.625654
9951 0.498479
9952 0.882038
9953 0.608281
9954 0.762176
9955 0.0666679
9956 0.575031
9957 0.516365
9958 0.0185406
9959 0.327378
9960 0.36239
9961 0.841651
9962 0.695221
9963 0.566935
9964 0.581948
9965 0.921082
9966 0.797189
9967 0.300613
9968 0.0226073
9969 0.188192
9970 0.410581
9971 0.677786
9972 0.496227
9973 0.627654
9974 0.761312
9975 0.323384
9976 0.751657
9977 0.455361
9978 0.47404
9979 0.419559
9980 0.707988
9981 0.764102
9982 0.08864
9983 0.405598
9984 0.175994
9985 0.227195
9986 0.461916
9987 0.18423
9988 0.656195
9989 0.579368
9990 0.608782
9991 0.782167
9992 0.317878
9993 0.324177
9994 0.706442
9995 0.36772
9996 0.576142
9997 0.622586
9998 0.351136
9999 0.558689
10000 0.376159
10001 0.562798
10002 0.787624
10003 0.838276
10004 0.416241
10005 0.0720238
10006 0.526407
10007 0.0727335
10008 0.248526
10009 0.0935482
10010 0.221865
10011 0.612483
10012 0.184134
10013 0.815897
10014 0.2049
10015 0.238024
10016 0.223872
10017 0.633736
10018 0.115775
10019 0.560695
10020 0.0565443
10021 0.409855
10022 0.442558
10023 0.082376
10024 0.367997
10025 0.864975
10026 0.68932
10027 0.342277
10028 0.853154
10029 0.33948
10030 0.244292
10031 0.420611
10032 0.285271
10033 0.516622
10034 0.262252
10035 0.273353
10036 0.287469
10037 0.20193
10038 0.608891
10039 0.671257
10040 0.124164
10041 0.39553
10042 0.198
10043 0.56899
10044 0.811232
10045 0.726057
10046 0.123934
10047 0.335809
10048 0.152164
10049 0.156829
10050 0.301646
10051 0.20619
10052 0.704944
10053 0.0268961
10054 0.417741
10055 0.312504
10056 0.25907
10057 0.275062
10058 0.56023
10059 0.668393
10060 0.448394
10061 0.556559
10062 0.533902
10063 0.564975
10064 0.626467
10065 0.182486
10066 0.724507
10067 0.288893
10068 0.456768
10069 0.897236
10070 0.52708
10071 0.686648
10072 0.17589
10073 0.178765
10074 0.409466
10075 0.207534
10076 0.547607
10077 0.396219
10078 0.693275
10079 0.548821
10080 0.479069
10081 0.735038
10082 0.318472
10083 0.483899
10084 0.531613
10085 0.705139
10086 0.855731
10087 0.396705
10088 0.20274
10089 0.510384
10090 0.431874
10091 0.251682
10092 0.476499
10093 0.58826
10094 0.30524
10095 0.462157
10096 0.391562
10097 0.316305
10098 0.364888
10099 0.587929
10100 0.470176
10101 0.0635227
10102 0.61028
10103 0.337292
10104 0.51952
10105 0.39553
10106 0.495213
10107 0.642064
10108 0.605618
10109 0.695271
10110 0.337029
10111 0.679465
10112 0.550686
10113 0.585292
10114 0.109131
10115 0.136982
10116 0.148089
10117 0.136259
10118 0.901344
10119 0.318551
10120 0.663939
10121 0.526221
10122 0.222185
10123 0.558109
10124 0.0587827
10125 0.475375
10126 0.749429
10127 0.436863
10128 0.659059
10129 0.425489
10130 0.447196
10131 0.158492
10132 0.43601
10133 0.340309
10134 0.398696
10135 0.432913
10136 0.891801
10137 0.0853395
10138 0.233981
10139 0.0968259
10140 0.596542
10141 0.3975
10142 0.242418
10143 0.189116
10144 0.711236
10145 0.349582
10146 0.891489
10147 0.297783
10148 0.317834
10149 0.641902
10150 0.863471
10151 0.676623
10152 0.499664
10153 0.792115
10154 0.730734
10155 0.487997
10156 0.0303519
10157 0.512613
10158 0.420907
10159 0.20472
10160 0.445278
10161 0.530449
10162 0.555153
10163 0.488788
10164 0.388674
10165 0.452403
10166 0.192008
10167 0.52917
10168 0.519718
10169 0.247987
10170 0.622259
10171 0.537732
10172 0.637808
10173 0.78659
10174 0.562625
10175 0.574297
10176 0.335884
10177 0.376153
10178 0.526949
10179 0.864276
10180 0.469777
10181 0.518248
10182 0.494587
10183 0.746017
10184 0.512225
10185 0.821166
10186 0.47572
10187 0.4679
10188 0.314256
10189 0.675439
10190 0.388836
10191 0.350231
10192 0.731114
10193 0.727016
10194 0.75971
10195 0.63377
10196 0.561587
10197 0.267428
10198 0.727404
10199 0.585482
10200 0.738303
10201 0.214955
10202 0.428472
10203 0.25708
10204 0.53076
10205 0.283851
10206 0.536007
10207 0.457403
10208 0.28426
10209 0.629529
10210 0.84337
10211 0.792214
10212 0.580584
10213 0.130162
10214 0.644413
10215 0.108559
10216 0.555511
10217 0.799668
10218 0.630956
10219 0.371981
10220 0.502979
10221 0.160966
10222 0.317475
10223 0.84522
10224 0.376299
10225 0.353527
10226 0.386914
10227 0.3495
10228 0.368498
10229 0.202007
10230 0.772409
10231 0.587001
10232 0.372096
10233 0.599184
10234 0.54866
10235 0.719549
10236 0.755572
10237 0.735205
10238 0.49781
10239 0.704785
10240 0.387769
10241 0.295588
10242 0.628338
10243 0.391062
10244 0.784727
10245 0.506224
10246 0.647265
10247 0.610508
10248 0.394742
10249 0.378604
10250 0.577892
10251 0.334107
10252 0.574414
10253 0.401518
10254 0.384862
10255 0.435003
10256 0.686871
10257 0.23188
10258 0.535836
10259 0.56625
10260 0.489619
10261 0.650469
10262 0.763153
10263 0.675009
10264 0.429419
10265 0.629368
10266 0.545826
10267 0.540987
10268 0.815472
10269 0.39636
10270 0.129485
10271 0.447936
10272 0.602064
10273 0.702388
10274 0.567877
10275 0.668299
10276 0.580664
10277 0.559538
10278 0.765883
10279 0.655671
10280 0.440492
10281 0.830673
10282 0.341355
10283 0.748651
10284 0.73532
10285 0.807314
10286 0.651905
10287 0.826117
10288 0.590773
10289 0.556969
10290 0.644165
10291 0.539041
10292 0.72406
10293 0.562163
10294 0.928105
10295 0.371437
10296 0.424003
10297 0.339747
10298 0.391818
10299 0.532906
10300 0.791116
10301 0.651763
10302 0.84457
10303 0.79118
10304 0.873739
10305 0.509311
10306 0.754258
10307 0.754638
10308 0.83807
10309 0.511452
10310 0.347415
10311 0.623352
10312 0.56207
10313 0.38524
10314 0.731075
10315 0.575822
10316 0.555999
10317 0.736205
10318 0.840968
10319 0.333763
10320 0.714915
10321 0.550702
10322 0.190765
10323 0.205159
10324 0.211293
10325 0.268659
10326 0.819041
10327 0.522901
10328 0.540255
10329 0.520163
10330 0.777345
10331 0.45235
10332 0.412537
10333 0.480996
10334 0.351142
10335 0.492356
10336 0.704759
10337 0.439312
10338 0.515249
10339 0.486449
10340 0.62802
10341 0.477563
10342 0.0560076
10343 0.702502
10344 0.618092
10345 0.607744
10346 0.435059
10347 0.769184
10348 0.82778
10349 0.320725
10350 0.354471
10351 0.524538
10352 0.125143
10353 0.59803
10354 0.350607
10355 0.153222
10356 0.108103
10357 0.398601
10358 0.587907
10359 0.205756
10360 0.644653
10361 0.0801347
10362 0.652712
10363 0.547682
10364 0.462107
10365 0.106582
10366 0.0369347
10367 0.394398
10368 0.459459
10369 0.726974
10370 0.446622
10371 0.34222
10372 0.313808
10373 0.316955
10374 0.180309
10375 0.0812235
10376 0.778144
10377 0.154751
10378 0.315511
10379 0.058535
10380 0.509225
10381 0.677471
10382 0.475786
10383 0.332497
10384 0.810751
10385 0.448975
10386 0.705908
10387 0.886641
10388 0.363205
10389 0.624837
10390 0.802266
10391 0.796943
10392 0.663685
10393 0.629391
10394 0.59078
10395 0.402627
10396 0.380422
10397 0.359091
10398 0.835964
10399 0.623302
10400 0.588058
10401 0.281883
10402 0.452276
10403 0.65294
10404 0.113982
10405 0.0133652
10406 0.28816
10407 0.284714
10408 0.277906
10409 0.265018
10410 0.88622
10411 0.481632
10412 0.366919
10413 0.406942
10414 0.0319256
10415 0.623066
10416 0.307638
10417 0.553462
10418 0.511255
10419 0.400265
10420 0.891833
10421 0.729935
10422 0.926492
10423 0.710522
10424 0.759908
10425 0.279892
10426 0.585845
10427 0.747387
10428 0.508471
10429 0.279091
10430 0.348999
10431 0.880372
10432 0.709178
10433 0.52002
10434 0.844169
10435 0.264117
10436 0.150621
10437 0.684376
10438 0.618789
10439 0.62057
10440 0.522241
10441 0.523324
10442 0.681777
10443 0.767744
10444 0.391661
10445 0.322724
10446 0.677726
10447 0.895713
10448 0.0654664
10449 0.850824
10450 0.780715
10451 0.65461
10452 0.727447
10453 0.614638
10454 0.624639
10455 0.828621
10456 0.696904
10457 0.438847
10458 0.729491
10459 0.673812
10460 0.719391
10461 0.368549
10462 0.792824
10463 0.559921
10464 0.678169
10465 0.719804
10466 0.530685
10467 0.673739
10468 0.814974
10469 0.676875
10470 0.786691
10471 0.392238
10472 0.663298
10473 0.838123
10474 0.676663
10475 0.881763
10476 0.539192
10477 0.880693
10478 0.791939
10479 0.699733
10480 0.710185
10481 0.940621
10482 0.928174
10483 0.838918
10484 0.607507
10485 0.562248
10486 0.652662
10487 0.689107
10488 0.862431
10489 0.59545
10490 0.579031
10491 0.591675
10492 0.481798
10493 0.472879
10494 0.59104
10495 0.367719
10496 0.321664
10497 0.507149
10498 0.749221
10499 0.677525
10500 0.751436
10501 0.779147
10502 0.955247
10503 0.759166
10504 0.878307
10505 0.744126
10506 0.669379
10507 0.749465
10508 0.668191
10509 0.468122
10510 0.480114
10511 0.783311
10512 0.941482
10513 0.630016
10514 0.185843
10515 0.693078
10516 0.663311
10517 0.478561
10518 0.705329
10519 0.336201
10520 0.834082
10521 0.913244
10522 0.177512
10523 0.557493
10524 0.11127
10525 0.31979
10526 0.277015
10527 0.19172
10528 0.526935
10529 0.106191
10530 0.508548
10531 0.107385
10532 0.130113
10533 0.027529
10534 0.827927
10535 0.422492
10536 0.887584
10537 0.106011
10538 0.563784
10539 0.761742
10540 0.441933
10541 0.774037
10542 0.44249
10543 0.535016
10544 0.651075
10545 0.925374
10546 0.844054
10547 0.7543
10548 0.805451
10549 0.787623
10550 0.225515
10551 0.60338
10552 0.857627
10553 0.646828
10554 0.743219
10555 0.853962
10556 0.613228
10557 0.4333
10558 0.295623
10559 0.356892
10560 0.756248
10561 0.322087
10562 0.758836
10563 0.516664
10564 0.616971
10565 0.172305
10566 0.873572
10567 0.143425
10568 0.127564
10569 0.627532
10570 0.85015
10571 0.969539
10572 0.702774
10573 0.562456
10574 0.948251
10575 0.530525
10576 0.471951
10577 0.139137
10578 0.0976259
10579 0.392101
10580 0.419772
10581 0.0819798
10582 0.555518
10583 0.739631
10584 0.604227
10585 0.561631
10586 0.321436
10587 0.533787
10588 0.363349
10589 0.634704
10590 0.740275
10591 0.757128
10592 0.563824
10593 0.770699
10594 0.385538
10595 0.53747
10596 0.86484
10597 0.677497
10598 0.701983
10599 0.934122
10600 0.76462
10601 0.620717
10602 0.92424
10603 0.60857
10604 0.631662
10605 0.695933
10606 0.663401
10607 0.446527
10608 0.712847
10609 0.710469
10610 0.25157
10611 0.938247
10612 0.699805
10613 0.413518
10614 0.799935
10615 0.343314
10616 0.466922
10617 0.554564
10618 0.172005
10619 0.395447
10620 0.262985
10621 0.529144
10622 0.483044
10623 0.464193
10624 0.535986
10625 0.394871
10626 0.616648
10627 0.558141
10628 0.845984
10629 0.69494
10630 0.604353
10631 0.60044
10632 0.855424
10633 0.644426
10634 0.659566
10635 0.796302
10636 0.849692
10637 0.838351
10638 0.738493
10639 0.0595663
10640 0.806575
10641 0.734612
10642 0.59414
10643 0.392131
10644 0.039555
10645 0.47452
10646 0.541873
10647 0.124989
10648 0.724024
10649 0.525131
10650 0.73616
10651 0.558126
10652 0.545308
10653 0.798134
10654 0.746238
10655 0.655125
10656 0.754702
10657 0.746643
10658 0.443435
10659 0.314068
10660 0.432719
10661 0.0045258
10662 0.0451999
10663 0.311739
10664 0.396818
10665 0.413084
10666 0.0780303
10667 0.149223
10668 0.092211
10669 0.345037
10670 0.355925
10671 0.299166
10672 0.111865
10673 0.101086
10674 0.275227
10675 0.149543
10676 0.160732
10677 0.213347
10678 0.160891
10679 0.16373
10680 0.159156
10681 0.114607
10682 0.173202
10683 0.16726
10684 0.209852
10685 0.0131544
10686 0.0358204
10687 0.10965
10688 0.160017
10689 0.21464
10690 0.0932434
10691 0.0813818
10692 0.0848741
10693 0.156171
10694 0.165065
10695 0.199926
10696 0.170819
10697 0.143263
10698 0.118346
10699 0.172596
10700 0.0720004
10701 0.0813288
10702 0.101179
10703 0.0913697
10704 0.16246
10705 0.0464409
10706 0.151842
10707 0.0402331
10708 0.166858
10709 0.0645052
10710 0.0915785
10711 0.178109
10712 0.102205
10713 0.0711568
10714 0.0721748
10715 0.0738334
10716 0.0716391
10717 0.178851
10718 0.115874
10719 0.0731843
10720 0.114542
10721 0.204623
10722 0.128723
10723 0.168027
10724 0.173396
10725 0.0220966
10726 0.104993
10727 0.0150166
10728 0.120536
10729 0.110865
10730 0.230128
10731 0.0717334
10732 0.117506
10733 0.0746209
10734 0.193885
10735 0.182483
10736 0.202071
10737 0.0771446
10738 0.0263724
10739 0.0953479
10740 0.146859
10741 0.0511999
10742 0.00724155
10743 0.0378848
10744 0.00440204
10745 0.339188
10746 0.00791876
10747 0.121889
10748 0.114814
10749 0.130586
10750 0.317482
10751 0.150503
10752 0.176817
10753 0.168594
10754 0.0548424
10755 0.296217
10756 0.352422
10757 0.0987172
10758 0.16442
10759 0.282025
10760 0.337859
10761 0.191974
10762 0.411422
10763 0.291475
10764 0.167171
10765 0.142476
10766 0.164905
10767 0.403063
10768 0.0515153
10769 0.0443832
10770 0.0145924
10771 0.129007
10772 0.173175
10773 0.00527038
10774 0.097772
10775 0.28136
10776 0.0590933
10777 0.0263245
10778 0.337939
10779 0.363755
10780 0.0479877
10781 0.0265352
10782 0.30784
10783 0.0759787
10784 0.292509
10785 0.0157072
10786 0.117641
10787 0.0175145
10788 0.283515
10789 0.259861
10790 0.246186
10791 0.0178104
10792 0.038295
10793 0.0181416
10794 0.0252869
10795 0.373766
10796 0.0499677
10797 0.0580696
10798 0.282025
10799 0.00471864
10800 0.252142
10801 0.0882854
10802 0.418869
10803 0.515427
10804 0.313996
10805 0.069176
10806 0.276916
10807 0.301454
10808 0.0672453
10809 0.203058
10810 0.0112565
10811 0.309301
10812 0.30403
10813 0.0161429
10814 0.276945
10815 0.274879
10816 0.196654
10817 0.062084
10818 0.432501
10819 0.0806935
10820 0.023523
10821 0.062522
10822 0.0730213
10823 0.172502
10824 0.126741
10825 0.126882
10826 0.318042
10827 0.0849133
10828 0.367564
10829 0.334906
10830 0.497394
10831 0.310532
10832 0.0291112
10833 0.240718
10834 0.156883
10835 0.0361639
10836 0.0242927
10837 0.228453
10838 0.0140453
10839 0.337958
10840 0.228343
10841 0.107618
10842 0.0234739
10843 0.23569
10844 0.368257
10845 0.0515924
10846 0.123281
10847 0.0155535
10848 0.00499837
10849 0.193158
10850 0.0400284
10851 0.0586586
10852 0.0375489
10853 0.465524
10854 0.0390806
10855 0.0452775
10856 0.150421
10857 0.0606199
10858 0.108447
10859 0.131392
10860 0.0140649
10861 0.0126959
10862 0.0336834
10863 0.0701259
10864 0.0119774
10865 0.498548
10866 0.140577
10867 0.342166
10868 0.0286161
10869 0.0657015
10870 0.323304
10871 0.31049
10872 0.0257573
10873 0.0175385
10874 0.0488067
10875 0.35418
10876 0.218055
10877 0.0444525
10878 0.159223
10879 0.205789
10880 0.0421301
10881 0.221731
10882 0.285248
10883 0.43742
10884 0.298941
10885 0.208196
10886 0.0731354
10887 0.0400728
10888 0.457818
10889 0.25401
10890 0.6054
10891 0.0243738
10892 0.0501041
10893 0.178421
10894 0.0164601
10895 0.397203
10896 0.638878
10897 0.40854
10898 0.351305
10899 0.38004
10900 0.149184
10901 0.404832
10902 0.479734
10903 0.595542
10904 0.76749
10905 0.54033
10906 0.459173
10907 0.498787
10908 0.470103
10909 0.845883
10910 0.230454
10911 0.75094
10912 0.525202
10913 0.541828
10914 0.548373
10915 0.476277
10916 0.121163
10917 0.105896
10918 0.561202
10919 0.585654
10920 0.504427
10921 0.173363
10922 0.28624
10923 0.350668
10924 0.240266
10925 0.61899
10926 0.427991
10927 0.217449
10928 0.482183
10929 0.55703
10930 0.4448
10931 0.346627
10932 0.692611
10933 0.471153
10934 0.607487
10935 0.175446
10936 0.319273
10937 0.719252
10938 0.188686
10939 0.19043
10940 0.784283
10941 0.0723995
10942 0.0222973
10943 0.0553593
10944 0.0269443
10945 0.423368
10946 0.0831611
10947 0.332749
10948 0.042966
10949 0.400244
10950 0.181316
10951 0.0452129
10952 0.157781
10953 0.0771653
10954 0.200358
10955 0.527166
10956 0.638879
10957 0.610216
10958 0.199386
10959 0.14425
10960 0.278756
10961 0.364251
10962 0.781569
10963 0.373998
10964 0.718063
10965 0.698182
10966 0.0992184
10967 0.547509
10968 0.418642
10969 0.546199
10970 0.427744
10971 0.0610835
10972 0.287859
10973 0.4146
10974 0.562422
10975 0.224153
10976 0.347424
10977 0.311206
10978 0.199972
10979 0.112766
10980 0.594009
10981 0.701377
10982 0.343278
10983 0.489309
10984 0.537803
10985 0.407759
10986 0.526664
10987 0.16832
10988 0.515825
10989 0.432434
10990 0.286621
10991 0.372659
10992 0.0248276
10993 0.0543133
10994 0.0256718
10995 0.0638585
10996 0.00624201
10997 0.0454607
10998 0.544505
10999 0.291089
11000 0.180117
11001 0.74406
11002 0.114216
11003 0.0260501
11004 0.355093
11005 0.061477
11006 0.713828
11007 0.731294
11008 0.0568276
11009 0.562829
11010 0.0750211
11011 0.321854
11012 0.0536188
11013 0.530054
11014 0.364967
11015 0.942743
11016 0.0402598
11017 0.27462
11018 0.21631
11019 0.0093763
11020 0.666388
11021 0.263612
11022 0.233771
11023 0.217089
11024 0.116943
11025 0.183785
11026 0.0103432
11027 0.367883
11028 0.345423
11029 0.306376
11030 0.146631
11031 0.0724823
11032 0.264656
11033 0.447506
11034 0.250236
11035 0.0543833
11036 0.0436799
11037 0.649755
11038 0.0172293
11039 0.0559996
11040 0.648875
11041 0.143863
11042 0.0209031
11043 0.0135511
11044 0.125178
11045 0.128227
11046 0.191795
11047 0.0623045
11048 0.0317684
11049 0.0134105
11050 0.108089
11051 0.00885679
11052 0.0109303
11053 0.0106118
11054 0.0328161
11055 0.279124
11056 0.0684702
11057 0.0354159
11058 0.00932047
11059 0.0112143
11060 0.00938602
11061 0.0379413
11062 0.69877
11063 0.0385209
11064 0.00182397
11065 0.00143208
11066 0.0334512
11067 0.0320762
11068 0.0475228
11069 0.347494
11070 0.00600068
11071 0.00874078
11072 0.0157338
11073 0.0115601
11074 0.20177
11075 0.0359483
11076 0.628189
11077 0.305919
11078 0.00951035
11079 0.0651749
11080 0.181008
11081 0.127694
11082 0.305692
11083 0.00792993
11084 0.0596718
11085 0.00209303
11086 0.0314579
11087 0.0899154
11088 0.00950122
11089 0.123332
11090 0.174733
11091 0.183044
11092 0.305651
11093 0.564114
11094 0.357554
11095 0.0207138
11096 0.317236
11097 0.28018
11098 0.472183
11099 0.0132433
11100 0.00107109
11101 0.732811
11102 0.0379723
11103 0.0217378
11104 0.132923
11105 0.418957
11106 0.585675
11107 0.0487803
11108 0.340128
11109 0.202978
11110 0.0204905
11111 0.00365189
11112 0.0108928
11113 0.199345
11114 0.0116278
11115 0.134192
11116 0.0419601
11117 0.0320763
11118 0.0897051
11119 0.0443198
11120 0.0319694
11121 0.201843
11122 0.192395
11123 0.282284
11124 0.0884912
11125 0.57002
11126 0.177185
11127 0.192511
11128 0.10237
11129 0.145311
11130 0.00939575
11131 0.733893
11132 0.00939094
11133 0.703314
11134 0.000881636
11135 0.0301921
11136 0.815452
11137 0.0128902
11138 0.00795237
11139 0.278417
11140 0.247706
11141 0.0247823
11142 0.564389
11143 0.049941
11144 0.103148
11145 0.0110585
11146 0.126277
11147 0.148575
11148 0.0224939
11149 0.220368
11150 0.275939
11151 0.249985
11152 0.224438
11153 0.0605024
11154 0.0735043
11155 0.00968035
11156 0.204353
11157 0.0583437
11158 0.0438576
11159 0.154106
11160 0.0395814
11161 0.181418
11162 0.0109153
11163 0.0696388
11164 0.0397877
11165 0.20733
11166 0.0173079
11167 0.113155
11168 0.108338
11169 0.00439686
11170 0.000512111
11171 0.0753323
11172 0.208824
11173 0.122136
11174 0.0219576
11175 0.0122118
11176 0.0308537
11177 0.249734
11178 0.0448772
11179 0.115216
11180 0.292894
11181 0.295561
11182 0.171968
11183 0.27614
11184 0.209453
11185 0.122291
11186 0.476114
11187 0.0939068
11188 0.0681845
11189 0.0410447
11190 0.286669
11191 0.168572
11192 0.0560072
11193 0.436102
11194 0.292467
11195 0.0601803
11196 0.242848
11197 0.039031
11198 0.481619
11199 0.139835
11200 0.16755
11201 0.0128443
11202 0.378402
11203 0.0121445
11204 0.00901514
11205 0.00484878
11206 0.13352
11207 0.0773515
11208 0.0770891
11209 0.0633362
11210 0.753174
11211 0.0386785
11212 0.0473013
11213 0.0227534
11214 0.0452113
11215 0.0830627
11216 0.0105468
11217 0.277232
11218 0.0387674
11219 0.472797
11220 0.0818541
11221 0.108669
11222 0.385841
11223 0.18192
11224 0.0911928
11225 0.19779
11226 0.0533803
11227 0.0771859
11228 0.0583101
11229 0.64961
11230 0.242296
11231 0.101266
11232 0.26291
11233 0.104999
11234 0.27667
11235 0.0191437
11236 0.352472
11237 0.0670532
11238 0.134407
11239 0.204518
11240 0.000504981
11241 0.0530516
11242 0.0217975
11243 0.0344728
11244 0.0532927
11245 0.163493
11246 0.0236291
11247 0.102197
11248 0.110599
11249 0.616374
11250 0.0153151
11251 0.0369919
11252 0.0150497
11253 0.00681705
11254 0.0797247
11255 0.0253148
11256 0.0612294
11257 0.0523178
11258 0.0961004
11259 0.0555662
11260 0.0383605
11261 0.115151
11262 0.0848567
11263 0.0306519
11264 0.0327671
11265 0.0858311
11266 0.00891939
11267 0.0989725
11268 0.0286946
11269 0.0170368
11270 0.0344447
11271 0.080578
11272 0.372816
11273 0.283168
11274 0.130701
11275 0.00127083
11276 0.0695958
11277 0.0243841
11278 0.126339
11279 0.169704
11280 0.0483981
11281 0.104775
11282 0.019458
11283 0.0509312
11284 0.0468287
11285 0.22242
11286 0.0341363
11287 0.077148
11288 0.0145782
11289 0.0882065
11290 0.243416
11291 0.0672438
11292 0.0112721
11293 0.0614269
11294 0.0603593
11295 0.00569005
11296 0.0447631
11297 0.765154
11298 0.0198335
11299 0.0371891
11300 0.0429241
11301 0.00790378
11302 0.000488065
11303 0.00668679
11304 0.0590034
11305 0.0531361
11306 0.0223934
11307 0.000340929
11308 0.057214
11309 0.00100224
11310 0.0305859
11311 0.0208043
11312 0.000341663
11313 0.000429956
11314 0.0762804
11315 0.227726
11316 0.218239
11317 0.0603153
11318 0.105343
11319 0.0168838
11320 0.0445597
11321 0.0794537
11322 0.121332
11323 0.0588774
11324 0.0721779
11325 0.0109433
11326 0.0103801
11327 0.00633705
11328 0.068408
11329 0.725747
11330 0.0463715
11331 0.0209293
11332 0.0677009
11333 0.0083114
11334 0.00702595
11335 0.0223479
11336 0.0671403
11337 0.117648
11338 0.0760047
11339 0.0604634
11340 0.106093
11341 0.112149
11342 0.495758
11343 0.572716
11344 0.0233459
11345 0.0548236
11346 0.010463
11347 0.0123518
11348 0.00789937
11349 0.0119138
11350 0.0399033
11351 0.0179491
11352 0.00931891
11353 0.0635034
11354 0.0328519
11355 0.222377
11356 0.362509
11357 0.292109
11358 0.282838
11359 0.706888
11360 0.122462
11361 0.418981
11362 0.201259
11363 0.787358
11364 0.56018
11365 0.782367
11366 0.0251932
11367 0.0910273
11368 0.117573
11369 0.517445
11370 0.0450885
11371 0.0722435
11372 0.0122546
11373 0.45659
11374 0.589574
11375 0.387489
11376 0.423895
11377 0.012973
11378 0.0727855
11379 0.827464
11380 0.123231
11381 0.055192
11382 0.107884
11383 0.197687
11384 0.124862
11385 0.106131
11386 0.613631
11387 0.429369
11388 0.0179189
11389 0.358987
11390 0.0605735
11391 0.0122421
11392 0.0705716
11393 0.133482
11394 0.0820365
11395 0.130561
11396 0.739985
11397 0.393058
11398 0.544492
11399 0.0261959
11400 0.00415276
11401 0.198763
11402 0.00191413
11403 0.0958881
11404 0.107099
11405 0.0232856
11406 0.118556
11407 0.0489345
11408 0.279
11409 0.0314072
11410 0.102875
11411 0.0064955
11412 0.0424525
11413 0.0451834
11414 0.0939754
11415 0.0404778
11416 0.00279374
11417 0.411312
11418 0.19253
11419 0.0199528
11420 0.0364233
11421 0.392681
11422 0.0452567
11423 0.000482112
11424 0.0834967
11425 0.127267
11426 0.0177853
11427 0.0267055
11428 0.0390495
11429 0.082983
11430 0.400658
11431 0.153221
11432 0.480888
11433 0.641479
11434 0.432692
11435 0.0474064
11436 0.561391
11437 0.317109
11438 0.33435
11439 0.0770695
11440 0.57002
11441 0.0680862
11442 0.144812
11443 0.00044883
11444 0.0688529
11445 0.0426388
11446 0.178628
11447 0.0208784
11448 0.939982
11449 0.254625
11450 0.305919
11451 0.561391
11452 0.0993225
11453 0.478007
11454 0.0842956
11455 0.535745
11456 0.517607
11457 0.0548876
11458 0.101005
11459 0.0324621
11460 0.202294
11461 0.271181
11462 0.0363684
11463 0.0466308
11464 0.134939
11465 0.00456899
11466 0.16198
11467 0.0340139
11468 0.334658
11469 0.0357959
11470 0.0213077
11471 0.0700103
11472 0.202294
11473 0.678266
11474 0.103327
11475 0.0271613
11476 0.067951
11477 0.271036
11478 0.107505
11479 0.403818
11480 0.217905
11481 0.105554
11482 0.136471
11483 0.00652958
11484 0.049977
11485 0.526452
11486 0.130076
11487 0.375923
11488 0.586839
11489 0.080777
11490 0.331922
11491 0.824074
11492 0.121514
11493 0.30688
11494 0.435477
11495 0.428676
11496 0.446661
11497 0.144653
11498 0.0222814
11499 0.0879131
11500 0.543425
11501 0.402141
11502 0.611236
11503 0.913732
11504 0.584109
11505 0.00476123
11506 0.159764
11507 0.219839
11508 0.184622
11509 0.00883972
11510 0.567596
11511 0.675362
11512 0.0184809
11513 0.962312
11514 0.0633375
11515 0.143869
11516 0.623778
11517 0.178848
11518 0.859991
11519 0.31523
11520 0.174189
11521 0.103257
11522 0.374587
11523 0.25429
11524 0.369235
11525 0.11984
11526 0.239622
11527 0.604539
11528 0.211982
11529 0.664894
11530 0.0208039
11531 0.087934
11532 0.448873
11533 0.129664
11534 0.106242
11535 0.176368
11536 0.916834
11537 0.0750324
11538 0.363232
11539 0.646062
11540 0.0925089
11541 0.0632585
11542 0.190981
11543 0.229125
11544 0.149162
11545 0.017264
11546 0.0642518
11547 0.400769
11548 0.548201
11549 0.856812
11550 0.243579
11551 0.0209422
11552 0.0375858
11553 0.114586
11554 0.07513
11555 0.0840048
11556 0.00849142
11557 0.0238969
11558 0.0565244
11559 0.0151247
11560 0.00271552
11561 0.0213737
11562 0.0494245
11563 0.030486
11564 0.0124483
11565 0.100191
11566 0.15855
11567 0.199473
11568 0.0543138
11569 0.0656185
11570 0.0148744
11571 0.101933
11572 0.0460127
11573 0.877445
11574 0.775187
11575 0.374516
11576 0.900249
11577 0.872637
11578 0.0268722
11579 0.1889
11580 0.00617898
11581 0.00451217
11582 0.360867
11583 0.0941157
11584 0.283912
11585 0.370479
11586 0.233808
11587 0.356029
11588 0.193179
11589 0.104988
11590 0.593554
11591 0.0813188
11592 0.0318215
11593 0.0315584
11594 0.125354
11595 0.0177878
11596 0.59048
11597 0.594535
11598 0.0828913
11599 0.00808999
11600 0.048336
11601 0.00659743
11602 0.0885547
11603 0.00856935
11604 0.182464
11605 0.0682191
11606 0.00663958
11607 0.0939998
11608 0.018085
11609 0.266135
11610 0.632022
11611 0.00715587
11612 0.0938514
11613 0.0752565
11614 0.0597902
11615 0.115107
11616 0.240208
11617 0.267636
11618 0.0605973
11619 0.207019
11620 0.0546101
11621 0.216085
11622 0.0472804
11623 0.0476615
11624 0.0173599
11625 0.0572815
11626 0.0716219
11627 0.156918
11628 0.133176
11629 0.184036
11630 0.809441
11631 0.732862
11632 0.162728
11633 0.0534906
11634 0.191024
11635 0.121893
11636 0.265622
11637 0.261526
11638 0.587826
11639 0.227319
11640 0.219338
11641 0.533392
11642 0.0398314
11643 0.0136025
11644 0.00842497
11645 0.329015
11646 0.0512772
11647 0.206934
11648 0.0543548
11649 0.189986
11650 0.146224
11651 0.0510131
11652 0.102067
11653 0.149546
11654 0.00536428
11655 0.150312
11656 0.111869
11657 0.125015
11658 0.0103572
11659 0.0284636
11660 0.672078
11661 0.136276
11662 0.0406208
11663 0.03975
11664 0.0119371
11665 0.0436949
11666 0.00792526
11667 0.0448646
11668 0.00699193
11669 0.0110163
11670 0.0854924
11671 0.0903279
11672 0.373789
11673 0.319306
11674 0.179988
11675 0.19928
11676 0.617214
11677 0.750214
11678 0.670556
11679 0.665981
11680 0.608398
11681 0.576415
11682 0.133266
11683 0.110502
11684 0.309739
11685 0.0718714
11686 0.605452
11687 0.122511
11688 0.422886
11689 0.384924
11690 0.112348
11691 0.0754282
11692 0.625468
11693 0.638054
11694 0.272181
11695 0.213526
11696 0.667189
11697 0.228161
11698 0.124082
11699 0.00645981
11700 0.0152528
11701 0.0755947
11702 0.727645
11703 0.546419
11704 0.175002
11705 0.0195432
11706 0.0375361
11707 0.0789828
11708 0.0373987
11709 0.0237688
11710 0.213027
11711 0.0893588
11712 0.0378575
11713 0.264108
11714 0.108624
11715 0.0052808
11716 0.0388164
11717 0.0389914
11718 0.199997
11719 0.0422193
11720 0.112285
11721 0.100362
11722 0.175318
11723 0.0764675
11724 0.0444501
11725 0.0230767
11726 0.0974229
11727 0.47568
11728 0.409713
11729 0.013872
11730 0.57513
11731 0.0144862
11732 0.1836
11733 0.594945
11734 0.0749962
11735 0.870621
11736 0.291423
11737 0.701075
11738 0.377929
11739 0.130394
11740 0.0881531
11741 0.318222
11742 0.567746
11743 0.71731
11744 0.0539206
11745 0.689135
11746 0.326068
11747 0.21365
11748 0.339349
11749 0.52344
11750 0.148701
11751 0.00322328
11752 0.00958163
11753 0.0156917
11754 0.0880408
11755 0.0543798
11756 0.00853
11757 0.0902451
11758 0.0174322
11759 0.013473
11760 0.0260111
11761 0.0411539
11762 0.146815
11763 0.179597
11764 0.178928
11765 0.0105266
11766 0.0341113
11767 0.0484491
11768 0.00905435
11769 0.00640648
11770 0.0373329
11771 0.104209
11772 0.116679
11773 0.0374814
11774 0.0120979
11775 0.00285849
11776 0.00983095
11777 0.149643
11778 0.210187
11779 0.218329
11780 0.130667
11781 0.159875
11782 0.0397579
11783 0.0394672
11784 0.0123788
11785 0.00780073
11786 0.0661879
11787 0.00902747
11788 0.0517083
11789 0.00207067
11790 0.000978631
11791 0.00335389
11792 0.0409209
11793 0.0205888
11794 0.194767
11795 0.0750571
11796 0.0277237
11797 0.00264045
11798 0.0426592
11799 0.0227285
11800 0.00185811
11801 0.00532665
11802 0.0245728
11803 0.113444
11804 0.103849
11805 0.0132341
11806 0.00981759
11807 0.0655445
11808 0.0170797
11809 0.00627622
11810 0.157009
11811 0.00488127
11812 0.0194983
11813 0.0331673
11814 0.0315944
11815 0.0125235
11816 0.00888399
11817 0.191455
11818 0.00426092
11819 0.144173
11820 0.0577614
11821 0.450219
11822 0.104562
11823 0.0856222
11824 0.055928
11825 0.27097
11826 0.0589409
11827 0.138686
11828 0.0616486
11829 0.461714
11830 0.0443109
11831 0.553151
11832 0.061626
11833 0.417224
11834 0.661137
11835 0.379329
11836 0.915011
11837 0.811828
11838 0.619733
11839 0.019406
11840 0.00390425
11841 0.536587
11842 0.0958655
11843 0.00634234
11844 0.377773
11845 0.296629
11846 0.155304
11847 0.0612785
11848 0.0249353
11849 0.168857
11850 0.0606807
11851 0.118037
11852 0.00811028
11853 0.0806952
11854 0.350335
11855 0.680965
11856 0.0837349
11857 0.0968633
11858 0.54861
11859 0.110911
11860 0.754396
11861 0.181608
11862 0.799679
11863 0.115977
11864 0.224243
11865 0.284248
11866 0.512927
11867 0.510791
11868 0.307672
11869 0.0425495
11870 0.104704
11871 0.0666349
11872 0.0115613
11873 0.0748643
11874 0.0406958
11875 0.282232
11876 0.446955
11877 0.165826
11878 0.408613
11879 0.711555
11880 0.415807
11881 0.500248
11882 0.112565
11883 0.353259
11884 0.00772885
11885 0.371077
11886 0.127249
11887 0.0112622
11888 0.211526
11889 0.0792335
11890 0.176863
11891 0.0687567
11892 0.0233963
11893 0.48324
11894 0.0214058
11895 0.207689
11896 0.171487
11897 0.100771
11898 0.0342537
11899 0.307024
11900 0.10008
11901 0.584003
11902 0.450432
11903 0.0356633
11904 0.0843758
11905 0.26913
11906 0.0617743
11907 0.348829
11908 0.158846
11909 0.0649624
11910 0.654336
11911 0.420045
11912 0.0470305
11913 0.288359
11914 0.246262
11915 0.112943
11916 0.207518
11917 0.614592
11918 0.420745
11919 0.559586
11920 0.423344
11921 0.39487
11922 0.767015
11923 0.608372
11924 0.835421
11925 0.681528
11926 0.71667
11927 0.525707
11928 0.580742
11929 0.479147
11930 0.744417
11931 0.137761
11932 0.160493
11933 0.562845
11934 0.214538
11935 0.285313
11936 0.312379
11937 0.223857
11938 0.159603
11939 0.0789717
11940 0.812395
11941 0.846348
11942 0.142746
11943 0.578683
11944 0.165777
11945 0.315966
11946 0.733815
11947 0.0982359
11948 0.830446
11949 0.290206
11950 0.593843
11951 0.220431
11952 0.0957686
11953 0.471134
11954 0.445541
11955 0.14283
11956 0.241872
11957 0.306127
11958 0.542733
11959 0.858659
11960 0.54744
11961 0.148951
11962 0.634342
11963 0.625642
11964 0.372825
11965 0.511626
11966 0.037627
11967 0.0529798
11968 0.926425
11969 0.0993507
11970 0.0459004
11971 0.01769
11972 0.331334
11973 0.282107
11974 0.427551
11975 0.431389
11976 0.225121
11977 0.254659
11978 0.0236838
11979 0.272784
11980 0.0301999
11981 0.151351
11982 0.223483
11983 0.475714
11984 0.677653
11985 0.211124
11986 0.235785
11987 0.091744
11988 0.125335
11989 0.371905
11990 0.545552
11991 0.316347
11992 0.94018
11993 0.784876
11994 0.795598
11995 0.623548
11996 0.847007
11997 0.498703
11998 0.588325
11999 0.344802
12000 0.181559
12001 0.4308
12002 0.781329
12003 0.894801
12004 0.620714
12005 0.693709
12006 0.925885
12007 0.644712
12008 0.8723
12009 0.722014
12010 0.743883
12011 0.433496
12012 0.778963
12013 0.782322
12014 0.64492
12015 0.518266
12016 0.574773
12017 0.288482
12018 0.504121
12019 0.213795
12020 0.32503
12021 0.152916
12022 0.134106
12023 0.318392
12024 0.404985
12025 0.407477
12026 0.0464256
12027 0.0338725
12028 0.581892
12029 0.693054
12030 0.321521
12031 0.33801
12032 0.0564504
12033 0.113863
12034 0.0120439
12035 0.0676155
12036 0.00839712
12037 0.0206451
12038 0.0978173
12039 0.380819
12040 0.441995
12041 0.0234404
12042 0.0153088
12043 0.00717033
12044 0.00536794
12045 0.0510681
12046 0.307483
12047 0.0709938
12048 0.0911073
12049 0.0939074
12050 0.283179
12051 0.853805
12052 0.347512
12053 0.0221948
12054 0.137519
12055 0.130742
12056 0.0411796
12057 0.0716383
12058 0.209874
12059 0.0604132
12060 0.0835677
12061 0.0681772
12062 0.245654
12063 0.0678475
12064 0.15494
12065 0.0405646
12066 0.349186
12067 0.400503
12068 0.362355
12069 0.253061
12070 0.070977
12071 0.0666186
12072 0.158088
12073 0.166591
12074 0.0444456
12075 0.0318011
12076 0.0253351
12077 0.0058815
12078 0.00652627
12079 0.0241504
12080 0.180436
12081 0.189693
12082 0.025967
12083 0.0146922
12084 0.199564
12085 0.160798
12086 0.719848
12087 0.497568
12088 0.803423
12089 0.106797
12090 0.294802
12091 0.257347
12092 0.171905
12093 0.0783616
12094 0.0774963
12095 0.0596857
12096 0.0128018
12097 0.0161289
12098 0.335489
12099 0.0605832
12100 0.154497
12101 0.139453
12102 0.0482944
12103 0.146217
12104 0.094624
12105 0.202223
12106 0.375468
12107 0.0815693
12108 0.083078
12109 0.00437084
12110 0.0418716
12111 0.0329062
12112 0.142226
12113 0.13477
12114 0.019941
12115 0.0494381
12116 0.295046
12117 0.48268
12118 0.18156
12119 0.550456
12120 0.268215
12121 0.0710069
12122 0.278459
12123 0.0590343
12124 0.181102
12125 0.574099
12126 0.494441
12127 0.921998
12128 0.709882
12129 0.563871
12130 0.243498
12131 0.10968
12132 0.0809816
12133 0.0108217
12134 0.0859331
12135 0.0876485
12136 0.155418
12137 0.225541
12138 0.0351468
12139 0.0221799
12140 0.0333375
12141 0.163202
12142 0.114736
12143 0.0795852
12144 0.0167603
12145 0.305794
12146 0.18466
12147 0.587581
12148 0.0887716
12149 0.0294798
12150 0.419289
12151 0.114485
12152 0.131451
12153 0.0554248
12154 0.312896
12155 0.138112
12156 0.0432465
12157 0.0671882
12158 0.0410896
12159 0.114107
12160 0.233474
12161 0.145314
12162 0.196222
12163 0.080976
12164 0.0588321
12165 0.0808193
12166 0.0836573
12167 0.309355
12168 0.551714
12169 0.0689527
12170 0.440902
12171 0.18095
12172 0.0899225
12173 0.227001
12174 0.106749
12175 0.157546
12176 0.135007
12177 0.0410268
12178 0.0984113
12179 0.0674013
12180 0.0315278
12181 0.195865
12182 0.025182
12183 0.0327464
12184 0.0856183
12185 0.0851738
12186 0.114113
12187 0.0179894
12188 0.0199728
12189 0.110152
12190 0.141904
12191 0.0259241
12192 0.138342
12193 0.0124995
12194 0.216169
12195 0.17804
12196 0.198842
12197 0.0122304
12198 0.0127091
12199 0.407562
12200 0.301304
12201 0.0705597
12202 0.0538961
12203 0.613325
12204 0.167688
12205 0.164479
12206 0.281076
12207 0.0754452
12208 0.36728
12209 0.179008
12210 0.113538
12211 0.0664854
12212 0.0828287
12213 0.360952
12214 0.192079
12215 0.018793
12216 0.18513
12217 0.476083
12218 0.634864
12219 0.431526
12220 0.404872
12221 0.285143
12222 0.179521
12223 0.575326
12224 0.588099
12225 0.366515
12226 0.762581
12227 0.101594
12228 0.117991
12229 0.299365
12230 0.186403
12231 0.258611
12232 0.301646
12233 0.626146
12234 0.0578036
12235 0.278872
12236 0.121601
12237 0.0323346
12238 0.0355417
12239 0.691082
12240 0.288539
12241 0.136587
12242 0.936871
12243 0.170924
12244 0.27604
12245 0.219754
12246 0.142712
12247 0.0903499
12248 0.0225072
12249 0.0736467
12250 0.270945
12251 0.36814
12252 0.0144193
12253 0.0113827
12254 0.121909
12255 0.399798
12256 0.324511
12257 0.107934
12258 0.291312
12259 0.154598
12260 0.0638848
12261 0.22969
12262 0.151921
12263 0.112102
12264 0.245173
12265 0.121735
12266 0.015881
12267 0.0542594
12268 0.219875
12269 0.031202
12270 0.181341
12271 0.207876
12272 0.224145
12273 0.0549197
12274 0.019399
12275 0.161461
12276 0.0588469
12277 0.0482207
12278 0.048118
12279 0.0513686
12280 0.533756
12281 0.0515072
12282 0.013346
12283 0.0133388
12284 0.0908406
12285 0.0197683
12286 0.0475557
12287 0.00926884
12288 0.0451525
12289 0.260827
12290 0.352894
12291 0.48212
12292 0.181219
12293 0.540139
12294 0.232164
12295 0.410054
12296 0.14142
12297 0.0284187
12298 0.0375349
12299 0.062455
12300 0.268662
12301 0.162558
12302 0.0373068
12303 0.173136
12304 0.0466545
12305 0.411474
12306 0.254433
12307 0.279098
12308 0.0212075
12309 0.316909
12310 0.157792
12311 0.180714
12312 0.153263
12313 0.0310137
12314 0.111868
12315 0.215071
12316 0.427104
12317 0.304543
12318 0.306227
12319 0.55938
12320 0.154344
12321 0.600166
12322 0.147737
12323 0.0649328
12324 0.0257311
12325 0.0149062
12326 0.0166968
12327 0.0339242
12328 0.437589
12329 0.250222
12330 0.0785355
12331 0.540227
12332 0.486277
12333 0.0615859
12334 0.499708
12335 0.128593
12336 0.331057
12337 0.00777032
12338 0.224522
12339 0.0793549
12340 0.0169935
12341 0.136344
12342 0.00891958
12343 0.045655
12344 0.0178673
12345 0.0804102
12346 0.113787
12347 0.484041
12348 0.380731
12349 0.188359
12350 0.610839
12351 0.263597
12352 0.0346572
12353 0.0201095
12354 0.291239
12355 0.175291
12356 0.677667
12357 0.517777
12358 0.327777
12359 0.591921
12360 0.0644856
12361 0.481594
12362 0.0534935
12363 0.0502189
12364 0.262369
12365 0.392495
12366 0.140302
12367 0.0554454
12368 0.165992
12369 0.433075
12370 0.180247
12371 0.122969
12372 0.0464054
12373 0.0297164
12374 0.182462
12375 0.386196
12376 0.426163
12377 0.623597
12378 0.200305
12379 0.401469
12380 0.108376
12381 0.152975
12382 0.231537
12383 0.478165
12384 0.0184424
12385 0.126822
12386 0.111602
12387 0.0178774
12388 0.0459507
12389 0.0686305
12390 0.268614
12391 0.382262
12392 0.155588
12393 0.0460087
12394 0.089502
12395 0.511622
12396 0.173089
12397 0.207222
12398 0.392086
12399 0.411849
12400 0.230883
12401 0.262046
12402 0.283318
12403 0.040071
12404 0.0117322
12405 0.0406752
12406 0.115259
12407 0.170776
12408 0.152454
12409 0.0747919
12410 0.100951
12411 0.13142
12412 0.468148
12413 0.545697
12414 0.482683
12415 0.433953
12416 0.394308
12417 0.337843
12418 0.448218
12419 0.394718
12420 0.0349045
12421 0.0107204
12422 0.0544931
12423 0.0314667
12424 0.319379
12425 0.0424911
12426 0.267711
12427 0.147465
12428 0.217118
12429 0.176849
12430 0.0951758
12431 0.201385
12432 0.342533
12433 0.633798
12434 0.22102
12435 0.170097
12436 0.065282
12437 0.307664
12438 0.190792
12439 0.245698
12440 0.177826
12441 0.296988
12442 0.284256
12443 0.0451521
12444 0.0682142
12445 0.0567371
12446 0.108384
12447 0.429491
12448 0.211237
12449 0.17889
12450 0.217211
12451 0.232426
12452 0.0658338
12453 0.31353
12454 0.194013
12455 0.238618
12456 0.396421
12457 0.271842
12458 0.368255
12459 0.0555809
12460 0.0288921
12461 0.146806
12462 0.0121303
12463 0.0228594
12464 0.125401
12465 0.19413
12466 0.445751
12467 0.0929876
12468 0.0344629
12469 0.709002
12470 0.09887
12471 0.120727
12472 0.0808828
12473 0.063278
12474 0.482667
12475 0.743529
12476 0.664162
12477 0.0965714
12478 0.854155
12479 0.933068
12480 0.748211
12481 0.709839
12482 0.634066
12483 0.311594
12484 0.336997
12485 0.016171
12486 0.0870001
12487 0.118466
12488 0.0360486
12489 0.0785533
12490 0.114127
12491 0.0989445
12492 0.0702932
12493 0.329859
12494 0.306859
12495 0.0737362
12496 0.121484
12497 0.556232
12498 0.835224
12499 0.599333
12500 0.69332
12501 0.536692
12502 0.641275
12503 0.243091
12504 0.251712
12505 0.684449
12506 0.432023
12507 0.115272
12508 0.834203
12509 0.508473
12510 0.590377
12511 0.210618
12512 0.306031
12513 0.423339
12514 0.462715
12515 0.754202
12516 0.635554
12517 0.330925
12518 0.291495
12519 0.855598
12520 0.348361
12521 0.944179
12522 0.205898
12523 0.847702
12524 0.596951
12525 0.638589
12526 0.0992385
12527 0.108878
12528 0.721035
12529 0.148836
12530 0.638094
12531 0.246218
12532 0.223237
12533 0.133398
12534 0.695343
12535 0.372197
12536 0.822768
12537 0.864108
12538 0.236756
12539 0.612758
12540 0.227687
12541 0.723261
12542 0.423755
12543 0.616294
12544 0.759933
12545 0.595378
12546 0.57242
12547 0.723082
12548 0.883465
12549 0.775518
12550 0.395435
12551 0.337325
12552 0.391344
12553 0.25634
12554 0.62543
12555 0.258259
12556 0.479044
12557 0.52723
12558 0.763992
12559 0.520947
12560 0.190007
12561 0.647148
12562 0.49649
12563 0.580185
12564 0.156158
12565 0.480504
12566 0.617368
12567 0.675789
12568 0.882815
12569 0.662233
12570 0.766925
12571 0.833047
12572 0.61431
12573 0.710031
12574 0.460874
12575 0.733945
12576 0.565235
12577 0.599877
12578 0.595062
12579 0.263851
12580 0.844859
12581 0.672565
12582 0.358077
12583 0.553094
12584 0.674669
12585 0.378037
12586 0.513595
12587 0.270292
12588 0.751959
12589 0.752583
12590 0.911002
12591 0.535828
12592 0.741285
12593 0.559464
12594 0.505907
12595 0.692257
12596 0.496748
12597 0.809098
12598 0.82957
12599 0.524006
12600 0.789695
12601 0.400477
12602 0.804937
12603 0.252711
12604 0.611988
12605 0.229246
12606 0.147017
12607 0.386311
12608 0.656565
12609 0.755678
12610 0.200045
12611 0.746001
12612 0.474024
12613 0.699698
12614 0.48401
12615 0.115193
12616 0.708811
12617 0.347351
12618 0.446855
12619 0.0917581
12620 0.386442
12621 0.456434
12622 0.678752
12623 0.551523
12624 0.264455
12625 0.225505
12626 0.776488
12627 0.577898
12628 0.646055
12629 0.495842
12630 0.319075
12631 0.0537376
12632 0.0359215
12633 0.857709
12634 0.857304
12635 0.109307
12636 0.172515
12637 0.632398
12638 0.0966977
12639 0.236045
12640 0.0860322
12641 0.280578
12642 0.216604
12643 0.43821
12644 0.420729
12645 0.188051
12646 0.46843
12647 0.372856
12648 0.679472
12649 0.0562304
12650 0.295176
12651 0.0482043
12652 0.654121
12653 0.2507
12654 0.384245
12655 0.881453
12656 0.467607
12657 0.39368
12658 0.434576
12659 0.0509392
12660 0.670989
12661 0.164197
12662 0.704355
12663 0.61861
12664 0.491612
12665 0.695727
12666 0.171879
12667 0.422486
12668 0.43977
12669 0.36282
12670 0.206655
12671 0.824379
12672 0.733998
12673 0.95042
12674 0.558678
12675 0.325662
12676 0.793086
12677 0.0871983
12678 0.12506
12679 0.13988
12680 0.141408
12681 0.519287
12682 0.649751
12683 0.686424
12684 0.651633
12685 0.197774
12686 0.645573
12687 0.583459
12688 0.589291
12689 0.505523
12690 0.746776
12691 0.256875
12692 0.468065
12693 0.232159
12694 0.0989014
12695 0.215108
12696 0.119932
12697 0.0994213
12698 0.264739
12699 0.435132
12700 0.160533
12701 0.44622
12702 0.126395
12703 0.417877
12704 0.138475
12705 0.132257
12706 0.512995
12707 0.34611
12708 0.199416
12709 0.249598
12710 0.371752
12711 0.32719
12712 0.181418
12713 0.409975
12714 0.479476
12715 0.533169
12716 0.211079
12717 0.0709946
12718 0.0866716
12719 0.82648
12720 0.899155
12721 0.629592
12722 0.363221
12723 0.270563
12724 0.174602
12725 0.691297
12726 0.856648
12727 0.3858
12728 0.396989
12729 0.554348
12730 0.541173
12731 0.685397
12732 0.576609
12733 0.00902827
12734 0.0380141
12735 0.660584
12736 0.181451
12737 0.018017
12738 0.0406956
12739 0.0924093
12740 0.157771
12741 0.64742
12742 0.509807
12743 0.41193
12744 0.43429
12745 0.440486
12746 0.200431
12747 0.517887
12748 0.900071
12749 0.32335
12750 0.359124
12751 0.282173
12752 0.568968
12753 0.336469
12754 0.266835
12755 0.302298
12756 0.252036
12757 0.734276
12758 0.459605
12759 0.639076
12760 0.506815
12761 0.484967
12762 0.52811
12763 0.330722
12764 0.383486
12765 0.300245
12766 0.313443
12767 0.113433
12768 0.712135
12769 0.622185
12770 0.597216
12771 0.193117
12772 0.246275
12773 0.177604
12774 0.550207
12775 0.048551
12776 0.453165
12777 0.316235
12778 0.641601
12779 0.542931
12780 0.0156439
12781 0.247706
12782 0.19622
12783 0.343683
12784 0.0418158
12785 0.786945
12786 0.579476
12787 0.128022
12788 0.411301
12789 0.604975
12790 0.596085
12791 0.722426
12792 0.523158
12793 0.306696
12794 0.662327
12795 0.324639
12796 0.589578
12797 0.851172
12798 0.721178
12799 0.628291
12800 0.66449
12801 0.688556
12802 0.47044
12803 0.780604
12804 0.521238
12805 0.469186
12806 0.334428
12807 0.314363
12808 0.311716
12809 0.477726
12810 0.697803
12811 0.349409
12812 0.436804
12813 0.526208
12814 0.496878
12815 0.431054
12816 0.663677
12817 0.31305
12818 0.580315
12819 0.731985
12820 0.580747
12821 0.64346
12822 0.0365755
12823 0.59013
12824 0.0204623
12825 0.319428
12826 0.110527
12827 0.180107
12828 0.638323
12829 0.601866
12830 0.113086
12831 0.112117
12832 0.389889
12833 0.488517
12834 0.0358506
12835 0.528715
12836 0.348673
12837 0.402234
12838 0.48242
12839 0.502626
12840 0.529722
12841 0.64773
12842 0.293041
12843 0.149733
12844 0.311745
12845 0.359289
12846 0.456037
12847 0.184852
12848 0.561661
12849 0.649369
12850 0.319558
12851 0.54058
12852 0.652086
12853 0.211306
12854 0.246502
12855 0.199941
12856 0.313706
12857 0.520186
12858 0.412762
12859 0.358152
12860 0.233054
12861 0.143111
12862 0.388337
12863 0.220645
12864 0.0474715
12865 0.70733
12866 0.193444
12867 0.281986
12868 0.272117
12869 0.249521
12870 0.0408678
12871 0.143544
12872 0.133954
12873 0.0803426
12874 0.0942568
12875 0.0807684
12876 0.131532
12877 0.566812
12878 0.576363
12879 0.048463
12880 0.0401426
12881 0.0727037
12882 0.325999
12883 0.305035
12884 0.217513
12885 0.223717
12886 0.668204
12887 0.292985
12888 0.633893
12889 0.606931
12890 0.258192
12891 0.339287
12892 0.547194
12893 0.555467
12894 0.681025
12895 0.390311
12896 0.619913
12897 0.323315
12898 0.208321
12899 0.179414
12900 0.639318
12901 0.649819
12902 0.035333
12903 0.121913
12904 0.0776225
12905 0.38602
12906 0.208806
12907 0.35188
12908 0.18909
12909 0.497906
12910 0.300031
12911 0.601157
12912 0.150659
12913 0.318431
12914 0.451952
12915 0.365165
12916 0.112346
12917 0.158247
12918 0.0728899
12919 0.296024
12920 0.253616
12921 0.338218
12922 0.607135
12923 0.527417
12924 0.567881
12925 0.367204
12926 0.073191
12927 0.216817
12928 0.292458
12929 0.362267
12930 0.323291
12931 0.0354508
12932 0.0434502
12933 0.323921
12934 0.498097
12935 0.128799
12936 0.456052
12937 0.347682
12938 0.332696
12939 0.35529
12940 0.394525
12941 0.487454
12942 0.0776571
12943 0.389917
12944 0.449694
12945 0.165579
12946 0.0743304
12947 0.444209
12948 0.555551
12949 0.529141
12950 0.657838
12951 0.238191
12952 0.655438
12953 0.791858
12954 0.868387
12955 0.356575
12956 0.217218
12957 0.40351
12958 0.171146
12959 0.591992
12960 0.141324
12961 0.766369
12962 0.492727
12963 0.100488
12964 0.22639
12965 0.279274
12966 0.330541
12967 0.437531
12968 0.283738
12969 0.47801
12970 0.573087
12971 0.280723
12972 0.286409
12973 0.353825
12974 0.240669
12975 0.712441
12976 0.449317
12977 0.344636
12978 0.225778
12979 0.456829
12980 0.284347
12981 0.492286
12982 0.540937
12983 0.255531
12984 0.516776
12985 0.313021
12986 0.105618
12987 0.386749
12988 0.217825
12989 0.0834629
12990 0.322278
12991 0.378591
12992 0.0928061
12993 0.589639
12994 0.400041
12995 0.582118
12996 0.40583
12997 0.392719
12998 0.686341
12999 0.660209
13000 0.309645
13001 0.612883
13002 0.159909
13003 0.172302
13004 0.594315
13005 0.546188
13006 0.226725
13007 0.198548
13008 0.0645174
13009 0.20102
13010 0.785029
13011 0.0525165
13012 0.551295
13013 0.464744
13014 0.579182
13015 0.671581
13016 0.327298
13017 0.203271
13018 0.339009
13019 0.774692
13020 0.32296
13021 0.548213
13022 0.217287
13023 0.100385
13024 0.637086
13025 0.499369
13026 0.106098
13027 0.415879
13028 0.531326
13029 0.50725
13030 0.52808
13031 0.689813
13032 0.6905
13033 0.750105
13034 0.641881
13035 0.294981
13036 0.0946552
13037 0.196118
13038 0.0825591
13039 0.272788
13040 0.262757
13041 0.231773
13042 0.326373
13043 0.707045
13044 0.329403
13045 0.351024
13046 0.37079
13047 0.36463
13048 0.601767
13049 0.396172
13050 0.536283
13051 0.628553
13052 0.684384
13053 0.554715
13054 0.616072
13055 0.303042
13056 0.134764
13057 0.874854
13058 0.480951
13059 0.580694
13060 0.141867
13061 0.464011
13062 0.490285
13063 0.52226
13064 0.407504
13065 0.369922
13066 0.193099
13067 0.400451
13068 0.624413
13069 0.366924
13070 0.466331
13071 0.703304
13072 0.429975
13073 0.811537
13074 0.42397
13075 0.203128
13076 0.324116
13077 0.421044
13078 0.599102
13079 0.15701
13080 0.342671
13081 0.14116
13082 0.59856
13083 0.340878
13084 0.431493
13085 0.270039
13086 0.0498873
13087 0.13809
13088 0.382026
13089 0.0420578
13090 0.609392
13091 0.020832
13092 0.543753
13093 0.715994
13094 0.444102
13095 0.546689
13096 0.277455
13097 0.653954
13098 0.408561
13099 0.0543828
13100 0.681594
13101 0.708049
13102 0.609017
13103 0.308228
13104 0.530466
13105 0.581409
13106 0.844572
13107 0.57638
13108 0.167946
13109 0.16538
13110 0.260814
13111 0.0230303
13112 0.784635
13113 0.0152347
13114 0.165976
13115 0.832167
13116 0.923279
13117 0.898003
13118 0.797596
13119 0.883237
13120 0.808927
13121 0.897705
13122 0.808697
13123 0.829781
13124 0.922936
13125 0.834144
13126 0.841533
13127 0.859338
13128 0.893241
13129 0.859373
13130 0.75438
13131 0.882544
13132 0.799961
13133 0.845301
13134 0.904387
13135 0.125378
13136 0.860987
13137 0.778253
13138 0.773639
13139 0.841595
13140 0.855671
13141 0.780997
13142 0.810419
13143 0.62981
13144 0.531044
13145 0.943797
13146 0.83336
13147 0.901747
13148 0.751669
13149 0.916306
13150 0.848109
13151 0.867684
13152 0.891162
13153 0.889763
13154 0.946506
13155 0.971629
13156 0.907313
13157 0.868487
13158 0.729245
13159 0.838188
13160 0.917671
13161 0.837585
13162 0.826774
13163 0.869887
13164 0.76317
13165 0.703688
13166 0.826771
13167 0.862301
13168 0.823946
13169 0.845148
13170 0.884561
13171 0.875848
13172 0.699015
13173 0.719899
13174 0.888039
13175 0.891794
13176 0.76447
13177 0.899946
13178 0.838247
13179 0.836832
13180 0.791846
13181 0.793384
13182 0.891477
13183 0.857946
13184 0.782222
13185 0.858885
13186 0.901424
13187 0.853122
13188 0.862095
13189 0.739955
13190 0.925017
13191 0.719936
13192 0.833487
13193 0.781197
13194 0.921075
13195 0.911753
13196 0.912611
13197 0.927548
13198 0.661818
13199 0.701137
13200 0.719462
13201 0.888251
13202 0.889047
13203 0.901039
13204 0.910359
13205 0.855874
13206 0.776336
13207 0.936233
13208 0.922178
13209 0.953515
13210 0.754266
13211 0.91311
13212 0.76945
13213 0.819936
13214 0.924304
13215 0.680341
13216 0.758975
13217 0.860427
13218 0.86798
13219 0.874188
13220 0.691798
13221 0.876976
13222 0.877452
13223 0.920414
13224 0.83911
13225 0.820165
13226 0.817838
13227 0.736718
13228 0.920949
13229 0.909109
13230 0.898188
13231 0.917603
13232 0.909008
13233 0.906707
13234 0.780966
13235 0.764706
13236 0.812986
13237 0.897465
13238 0.795221
13239 0.906673
13240 0.921978
13241 0.826675
13242 0.88147
13243 0.75195
13244 0.621109
13245 0.105133
13246 0.802427
13247 0.853892
13248 0.949071
13249 0.731576
13250 0.739397
13251 0.943217
13252 0.911792
13253 0.913592
13254 0.908397
13255 0.691613
13256 0.758309
13257 0.852189
13258 0.895705
13259 0.912293
13260 0.758484
13261 0.89507
13262 0.804286
13263 0.962745
13264 0.941088
13265 0.733716
13266 0.81881
13267 0.826368
13268 0.931271
13269 0.899243
13270 0.865324
13271 0.866731
13272 0.864829
13273 0.85888
13274 0.788096
13275 0.854059
13276 0.830562
13277 0.837128
13278 0.920673
13279 0.919361
13280 0.844009
13281 0.83489
13282 0.866103
13283 0.87021
13284 0.826611
13285 0.72296
13286 0.740311
13287 0.671618
13288 0.490647
13289 0.73761
13290 0.742933
13291 0.923616
13292 0.881153
13293 0.806084
13294 0.848935
13295 0.84074
13296 0.92609
13297 0.893221
13298 0.811681
13299 0.735958
13300 0.803826
13301 0.868548
13302 0.765873
13303 0.830565
13304 0.795786
13305 0.905913
13306 0.86073
13307 0.858308
13308 0.78174
13309 0.810672
13310 0.863987
13311 0.842323
13312 0.699497
13313 0.885467
13314 0.72836
13315 0.831714
13316 0.86194
13317 0.892704
13318 0.865705
13319 0.844133
13320 0.871882
13321 0.893907
13322 0.809009
13323 0.844167
13324 0.864152
13325 0.838504
13326 0.871382
13327 0.776635
13328 0.860497
13329 0.908613
13330 0.791488
13331 0.902496
13332 0.87342
13333 0.977821
13334 0.826096
13335 0.879538
13336 0.821714
13337 0.911523
13338 0.870234
13339 0.905616
13340 0.921148
13341 0.865296
13342 0.885653
13343 0.908197
13344 0.910589
13345 0.856711
13346 0.856219
13347 0.781438
13348 0.827284
13349 0.828077
13350 0.847997
13351 0.920451
13352 0.862805
13353 0.861274
13354 0.866525
13355 0.771011
13356 0.836285
13357 0.914859
13358 0.88851
13359 0.837413
13360 0.813877
13361 0.922835
13362 0.885934
13363 0.867528
13364 0.895066
13365 0.83095
13366 0.786904
13367 0.822243
13368 0.814013
13369 0.881366
13370 0.831966
13371 0.901749
13372 0.869376
13373 0.867232
13374 0.886925
13375 0.766957
13376 0.888304
13377 0.869244
13378 0.921912
13379 0.870152
13380 0.769387
13381 0.822503
13382 0.887811
13383 0.874999
13384 0.770912
13385 0.846592
13386 0.868296
13387 0.847023
13388 0.764811
13389 0.909874
13390 0.783769
13391 0.85059
13392 0.846616
13393 0.864046
13394 0.894514
13395 0.890634
13396 0.837934
13397 0.819927
13398 0.861695
13399 0.925667
13400 0.884393
13401 0.82132
13402 0.852875
13403 0.810866
13404 0.904563
13405 0.768725
13406 0.900524
13407 0.855081
13408 0.863617
13409 0.913799
13410 0.895561
13411 0.868382
13412 0.963018
13413 0.826056
13414 0.815088
13415 0.809916
13416 0.758849
13417 0.84345
13418 0.850047
13419 0.739836
13420 0.879078
13421 0.920661
13422 0.912126
13423 0.809505
13424 0.857459
13425 0.705598
13426 0.94361
13427 0.716045
13428 0.743666
13429 0.916908
13430 0.879172
13431 0.903133
13432 0.978487
13433 0.94284
13434 0.869571
13435 0.895324
13436 0.857046
13437 0.833431
13438 0.893769
13439 0.829662
13440 0.865849
13441 0.843556
13442 0.922604
13443 0.896648
13444 0.921853
13445 0.932159
13446 0.894184
13447 0.888709
13448 0.860383
13449 0.840389
13450 0.806943
13451 0.75076
13452 0.931198
13453 0.821824
13454 0.804314
13455 0.828251
13456 0.718797
13457 0.790487
13458 0.905623
13459 0.848933
13460 0.825632
13461 0.837981
13462 0.790742
13463 0.698014
13464 0.810281
13465 0.828421
13466 0.898141
13467 0.880792
13468 0.879639
13469 0.890715
13470 0.83622
13471 0.884839
13472 0.771874
13473 0.896571
13474 0.800673
13475 0.89673
13476 0.887696
13477 0.754862
13478 0.773461
13479 0.852959
13480 0.934892
13481 0.861061
13482 0.832095
13483 0.838602
13484 0.84232
13485 0.797007
13486 0.859248
13487 0.868336
13488 0.739525
13489 0.881244
13490 0.7598
13491 0.851386
13492 0.855237
13493 0.78735
13494 0.859867
13495 0.85528
13496 0.753115
13497 0.855807
13498 0.87208
13499 0.854378
13500 0.872508
13501 0.822332
13502 0.834433
13503 0.890375
13504 0.862982
13505 0.859966
13506 0.844825
13507 0.797966
13508 0.70929
13509 0.854143
13510 0.751717
13511 0.608952
13512 0.565636
13513 0.859549
13514 0.868556
13515 0.801514
13516 0.883259
13517 0.758166
13518 0.809788
13519 0.934344
13520 0.938806
13521 0.872372
13522 0.891458
13523 0.854294
13524 0.867114
13525 0.922586
13526 0.855623
13527 0.768687
13528 0.802947
13529 0.871311
13530 0.858355
13531 0.839528
13532 0.896982
13533 0.766418
13534 0.817611
13535 0.893216
13536 0.887449
13537 0.863428
13538 0.856227
13539 0.695475
13540 0.86269
13541 0.86083
13542 0.771663
13543 0.804483
13544 0.827955
13545 0.668169
13546 0.671097
13547 0.869674
13548 0.790803
13549 0.908352
13550 0.861312
13551 0.841425
13552 0.867031
13553 0.862314
13554 0.806693
13555 0.786172
13556 0.897329
13557 0.85233
13558 0.830344
13559 0.889483
13560 0.91117
13561 0.871808
13562 0.836315
13563 0.789336
13564 0.841425
13565 0.856008
13566 0.841347
13567 0.80173
13568 0.922021
13569 0.977818
13570 0.930231
13571 0.595983
13572 0.824629
13573 0.875324
13574 0.873232
13575 0.937708
13576 0.789423
13577 0.769225
13578 0.889881
13579 0.74688
13580 0.744369
13581 0.754509
13582 0.871468
13583 0.759338
13584 0.831652
13585 0.889489
13586 0.78719
13587 0.798182
13588 0.846905
13589 0.915773
13590 0.891336
13591 0.870112
13592 0.905427
13593 0.813388
13594 0.825093
13595 0.734922
13596 0.785403
13597 0.898116
13598 0.812723
13599 0.883236
13600 0.773871
13601 0.821792
13602 0.869527
13603 0.70309
13604 0.869812
13605 0.807022
13606 0.865901
13607 0.855284
13608 0.813631
13609 0.823363
13610 0.900991
13611 0.822076
13612 0.75126
13613 0.791125
13614 0.852939
13615 0.856
13616 0.80491
13617 0.753221
13618 0.803753
13619 0.809492
13620 0.824494
13621 0.834712
13622 0.684375
13623 0.768638
13624 0.655345
13625 0.792733
13626 0.944976
13627 0.802649
13628 0.803132
13629 0.835755
13630 0.919075
13631 0.742154
13632 0.895341
13633 0.801649
13634 0.732966
13635 0.789619
13636 0.915616
13637 0.864272
13638 0.803938
13639 0.898125
13640 0.793153
13641 0.938535
13642 0.872463
13643 0.802399
13644 0.754855
13645 0.476579
13646 0.924797
13647 0.93243
13648 0.899911
13649 0.704726
13650 0.863536
13651 0.798882
13652 0.781791
13653 0.76739
13654 0.912862
13655 0.795907
13656 0.818177
13657 0.773675
13658 0.865489
13659 0.719665
13660 0.794801
13661 0.821328
13662 0.901699
13663 0.832152
13664 0.784116
13665 0.746886
13666 0.915198
13667 0.86742
13668 0.834473
13669 0.710345
13670 0.833261
13671 0.768316
13672 0.881341
13673 0.883953
13674 0.848118
13675 0.781992
13676 0.818016
13677 0.90642
13678 0.771397
13679 0.895284
13680 0.866101
13681 0.918157
13682 0.920887
13683 0.788961
13684 0.950409
13685 0.851648
13686 0.80752
13687 0.824063
13688 0.847197
13689 0.832615
13690 0.813614
13691 0.796368
13692 0.7453
13693 0.758262
13694 0.856963
13695 0.828191
13696 0.91165
13697 0.794193
13698 0.856346
13699 0.878173
13700 0.975051
13701 0.879871
13702 0.811401
13703 0.812157
13704 0.851204
13705 0.826408
13706 0.618044
13707 0.820375
13708 0.821138
13709 0.842392
13710 0.836861
13711 0.847008
13712 0.874041
13713 0.869443
13714 0.793547
13715 0.887593
13716 0.801741
13717 0.848644
13718 0.704028
13719 0.75505
13720 0.803487
13721 0.867093
13722 0.718015
13723 0.888446
13724 0.906671
13725 0.781264
13726 0.820327
13727 0.829983
13728 0.846067
13729 0.831323
13730 0.806075
13731 0.707178
13732 0.879961
13733 0.806613
13734 0.871328
13735 0.877294
13736 0.884365
13737 0.931712
13738 0.890177
13739 0.84048
13740 0.866129
13741 0.844501
13742 0.907209
13743 0.886129
13744 0.837353
13745 0.904348
13746 0.856228
13747 0.863043
13748 0.859762
13749 0.880791
13750 0.896945
13751 0.85219
13752 0.800888
13753 0.815249
13754 0.894781
13755 0.878617
13756 0.856169
13757 0.908765
13758 0.857293
13759 0.900507
13760 0.92052
13761 0.854302
13762 0.85045
13763 0.889882
13764 0.854206
13765 0.906544
13766 0.861639
13767 0.892405
13768 0.749845
13769 0.794295
13770 0.862257
13771 0.902978
13772 0.849123
13773 0.789527
13774 0.971278
13775 0.866365
13776 0.817006
13777 0.851484
13778 0.811021
13779 0.909453
13780 0.853873
13781 0.923991
13782 0.933992
13783 0.828197
13784 0.989823
13785 0.89047
13786 0.776437
13787 0.796218
13788 0.860266
13789 0.814765
13790 0.881154
13791 0.923472
13792 0.949705
13793 0.868925
13794 0.485489
13795 0.735264
13796 0.910227
13797 0.777388
13798 0.94075
13799 0.908028
13800 0.762448
13801 0.854882
13802 0.831447
13803 0.960285
13804 0.908023
13805 0.89586
13806 0.859454
13807 0.812931
13808 0.892693
13809 0.934378
13810 0.873159
13811 0.896384
13812 0.900311
13813 0.838851
13814 0.869279
13815 0.873432
13816 0.905126
13817 0.85074
13818 0.90193
13819 0.723364
13820 0.807538
13821 0.766979
13822 0.874842
13823 0.871506
13824 0.807767
13825 0.894147
13826 0.918122
13827 0.828781
13828 0.927375
13829 0.796227
13830 0.852598
13831 0.836721
13832 0.851676
13833 0.855392
13834 0.888576
13835 0.733661
13836 0.847866
13837 0.894625
13838 0.884049
13839 0.893486
13840 0.916415
13841 0.858596
13842 0.915622
13843 0.887219
13844 0.855221
13845 0.770762
13846 0.891239
13847 0.882691
13848 0.817856
13849 0.830877
13850 0.828285
13851 0.865099
13852 0.880773
13853 0.908534
13854 0.851963
13855 0.73361
13856 0.86979
13857 0.901962
13858 0.689415
13859 0.843964
13860 0.705865
13861 0.823095
13862 0.849556
13863 0.894163
13864 0.895736
13865 0.894827
13866 0.919942
13867 0.838953
13868 0.86302
13869 0.830137
13870 0.915667
13871 0.876905
13872 0.853465
13873 0.855901
13874 0.754533
13875 0.850919
13876 0.831726
13877 0.889496
13878 0.815362
13879 0.839426
13880 0.825692
13881 0.829695
13882 0.839459
13883 0.922049
13884 0.824415
13885 0.889476
13886 0.769574
13887 0.752062
13888 0.886762
13889 0.890581
13890 0.87044
13891 0.856265
13892 0.833697
13893 0.859043
13894 0.845436
13895 0.838465
13896 0.92464
13897 0.852946
13898 0.766424
13899 0.858684
13900 0.859421
13901 0.885533
13902 0.788889
13903 0.749434
13904 0.766463
13905 0.861951
13906 0.81329
13907 0.893793
13908 0.824136
13909 0.857907
13910 0.855938
13911 0.904781
13912 0.833289
13913 0.882727
13914 0.841582
13915 0.928089
13916 0.855002
13917 0.755658
13918 0.921242
13919 0.839535
13920 0.77611
13921 0.831374
13922 0.805392
13923 0.940042
13924 0.800679
13925 0.868524
13926 0.771381
13927 0.759563
13928 0.796054
13929 0.751256
13930 0.893412
13931 0.688661
13932 0.865625
13933 0.740862
13934 0.843097
13935 0.809092
13936 0.821296
13937 0.849455
13938 0.90308
13939 0.661257
13940 0.757011
13941 0.654198
13942 0.892779
13943 0.899354
13944 0.902334
13945 0.780816
13946 0.713675
13947 0.945305
13948 0.838058
13949 0.940654
13950 0.990029
13951 0.820284
13952 0.922185
13953 0.893869
13954 0.885269
13955 0.857413
13956 0.758268
13957 0.894105
13958 0.724804
13959 0.901203
13960 0.824846
13961 0.766747
13962 0.757669
13963 0.63331
13964 0.832796
13965 0.871951
13966 0.744302
13967 0.626344
13968 0.92137
13969 0.796501
13970 0.899228
13971 0.818858
13972 0.908881
13973 0.842569
13974 0.814349
13975 0.856975
13976 0.859273
13977 0.738694
13978 0.881781
13979 0.909072
13980 0.835166
13981 0.871604
13982 0.86781
13983 0.842614
13984 0.707861
13985 0.870957
13986 0.881027
13987 0.874827
13988 0.880801
13989 0.855634
13990 0.840088
13991 0.823603
13992 0.850094
13993 0.884547
13994 0.856813
13995 0.88934
13996 0.849968
13997 0.940704
13998 0.874663
13999 0.866918
14000 0.826707
14001 0.896963
14002 0.904603
14003 0.923102
14004 0.914003
14005 0.869996
14006 0.873213
14007 0.885035
14008 0.826334
14009 0.853119
14010 0.882043
14011 0.842125
14012 0.819264
14013 0.927487
14014 0.936217
14015 0.855338
14016 0.8619
14017 0.848596
14018 0.863148
14019 0.834034
14020 0.799487
14021 0.72459
14022 0.805446
14023 0.873448
14024 0.83871
14025 0.770249
14026 0.814422
14027 0.854601
14028 0.780628
14029 0.766359
14030 0.801247
14031 0.73802
14032 0.714474
14033 0.651366
14034 0.731256
14035 0.779786
14036 0.881675
14037 0.79426
14038 0.751492
14039 0.721489
14040 0.938573
14041 0.890508
14042 0.867263
14043 0.896519
14044 0.928163
14045 0.884734
14046 0.856456
14047 0.880944
14048 0.882854
14049 0.855607
14050 0.748283
14051 0.85442
14052 0.876083
14053 0.856966
14054 0.902605
14055 0.903227
14056 0.886041
14057 0.906944
14058 0.889159
14059 0.894449
14060 0.728083
14061 0.70527
14062 0.818463
14063 0.820161
14064 0.88029
14065 0.811091
14066 0.752759
14067 0.817107
14068 0.838431
14069 0.854169
14070 0.260302
14071 0.596176
14072 0.808008
14073 0.671292
14074 0.739197
14075 0.858957
14076 0.898892
14077 0.820618
14078 0.767904
14079 0.897615
14080 0.789023
14081 0.902718
14082 0.74805
14083 0.836983
14084 0.77837
14085 0.820986
14086 0.843711
14087 0.844998
14088 0.697553
14089 0.889245
14090 0.84512
14091 0.878666
14092 0.834035
14093 0.922842
14094 0.876584
14095 0.429658
14096 0.795759
14097 0.93663
14098 0.910044
14099 0.833532
14100 0.873622
14101 0.938086
14102 0.740348
14103 0.926896
14104 0.808108
14105 0.884847
14106 0.767872
14107 0.928632
14108 0.864592
14109 0.860588
14110 0.868919
14111 0.787062
14112 0.776265
14113 0.820567
14114 0.853736
14115 0.930165
14116 0.94248
14117 0.893983
14118 0.893139
14119 0.873434
14120 0.911221
14121 0.897426
14122 0.885129
14123 0.894226
14124 0.815046
14125 0.839349
14126 0.932811
14127 0.860925
14128 0.866331
14129 0.840188
14130 0.898429
14131 0.848196
14132 0.862424
14133 0.889462
14134 0.916446
14135 0.831851
14136 0.896111
14137 0.852142
14138 0.867139
14139 0.780631
14140 0.949398
14141 0.901443
14142 0.951587
14143 0.937461
14144 0.864589
14145 0.90779
14146 0.902558
14147 0.870142
14148 0.900587
14149 0.776143
14150 0.974163
14151 0.878357
14152 0.751113
14153 0.900162
14154 0.897405
14155 0.891513
14156 0.801201
14157 0.861229
14158 0.814765
14159 0.905555
14160 0.742777
14161 0.833065
14162 0.907871
14163 0.804802
14164 0.9089
14165 0.911704
14166 0.885126
14167 0.853108
14168 0.892424
14169 0.897523
14170 0.755352
14171 0.884571
14172 0.912114
14173 0.918053
14174 0.9219
14175 0.825802
14176 0.925895
14177 0.836685
14178 0.890107
14179 0.830247
14180 0.95453
14181 0.871771
14182 0.892182
14183 0.855975
14184 0.889821
14185 0.929359
14186 0.893624
14187 0.934463
14188 0.903568
14189 0.901159
14190 0.881294
14191 0.938134
14192 0.818839
14193 0.724257
14194 0.949089
14195 0.9464
14196 0.836398
14197 0.903766
14198 0.838385
14199 0.938376
14200 0.866022
14201 0.832825
14202 0.850153
14203 0.862942
14204 0.872614
14205 0.74377
14206 0.86329
14207 0.859343
14208 0.856191
14209 0.77678
14210 0.748671
14211 0.839242
14212 0.916058
14213 0.879719
14214 0.864685
14215 0.864245
14216 0.865822
14217 0.827097
14218 0.906933
14219 0.90267
14220 0.914936
14221 0.900964
14222 0.832789
14223 0.842305
14224 0.824829
14225 0.818145
14226 0.805543
14227 0.768602
14228 0.76714
14229 0.717589
14230 0.838213
14231 0.858115
14232 0.881139
14233 0.781602
14234 0.884924
14235 0.78828
14236 0.83126
14237 0.815792
14238 0.840834
14239 0.877307
14240 0.839689
14241 0.824965
14242 0.743442
14243 0.792681
14244 0.89966
14245 0.863733
14246 0.883061
14247 0.910448
14248 0.898135
14249 0.747022
14250 0.88864
14251 0.760556
14252 0.832598
14253 0.921569
14254 0.768686
14255 0.73491
14256 0.903086
14257 0.865383
14258 0.918601
14259 0.803
14260 0.955862
14261 0.930758
14262 0.884167
14263 0.922568
14264 0.823029
14265 0.926378
14266 0.83854
14267 0.868256
14268 0.81862
14269 0.875473
14270 0.823524
14271 0.702717
14272 0.843422
14273 0.834969
14274 0.929751
14275 0.84241
14276 0.85605
14277 0.821615
14278 0.849352
14279 0.910966
14280 0.841009
14281 0.868106
14282 0.789521
14283 0.811773
14284 0.838747
14285 0.880148
14286 0.917303
14287 0.772351
14288 0.885593
14289 0.864258
14290 0.895757
14291 0.833052
14292 0.838846
14293 0.920444
14294 0.840711
14295 0.881882
14296 0.870854
14297 0.722683
14298 0.824238
14299 0.825928
14300 0.832957
14301 0.905806
14302 0.776095
14303 0.854511
14304 0.921493
14305 0.85432
14306 0.685223
14307 0.73698
14308 0.77528
14309 0.838299
14310 0.796562
14311 0.91439
14312 0.918611
14313 0.825558
14314 0.903636
14315 0.863672
14316 0.87235
14317 0.855626
14318 0.77829
14319 0.835509
14320 0.982546
14321 0.876034
14322 0.82426
14323 0.842731
14324 0.852252
14325 0.817199
14326 0.879975
14327 0.818173
14328 0.791102
14329 0.897992
14330 0.799461
14331 0.809571
14332 0.767221
14333 0.736587
14334 0.884609
14335 0.779625
14336 0.807293
14337 0.779736
14338 0.896211
14339 0.835832
14340 0.763773
14341 0.841901
14342 0.891954
14343 0.858034
14344 0.872054
14345 0.893903
14346 0.862647
14347 0.833524
14348 0.87085
14349 0.66832
14350 0.863778
14351 0.819409
14352 0.925928
14353 0.940521
14354 0.936662
14355 0.87513
14356 0.921749
14357 0.884846
14358 0.87168
14359 0.851529
14360 0.775987
14361 0.986096
14362 0.87928
14363 0.878771
14364 0.779959
14365 0.917687
14366 0.873164
14367 0.902444
14368 0.958961
14369 0.829383
14370 0.748278
14371 0.908411
14372 0.917065
14373 0.923957
14374 0.755625
14375 0.913021
14376 0.813905
14377 0.893937
14378 0.908677
14379 0.83096
14380 0.85845
14381 0.908803
14382 0.843881
14383 0.801136
14384 0.908031
14385 0.85437
14386 0.854157
14387 0.885449
14388 0.876549
14389 0.886649
14390 0.924236
14391 0.902191
14392 0.80596
14393 0.826288
14394 0.91097
14395 0.862563
14396 0.888665
14397 0.775451
14398 0.782973
14399 0.834845
14400 0.880702
14401 0.74172
14402 0.849775
14403 0.815973
14404 0.926096
14405 0.887796
14406 0.845024
14407 0.934262
14408 0.944394
14409 0.917755
14410 0.845022
14411 0.903891
14412 0.921163
14413 0.738951
14414 0.869589
14415 0.916705
14416 0.777452
14417 0.899442
14418 0.907129
14419 0.924821
14420 0.868519
14421 0.884806
14422 0.916343
14423 0.869739
14424 0.894084
14425 0.82359
14426 0.786059
14427 0.910374
14428 0.829948
14429 0.735456
14430 0.904401
14431 0.770515
14432 0.861627
14433 0.915204
14434 0.81413
14435 0.810517
14436 0.811262
14437 0.713701
14438 0.895322
14439 0.925538
14440 0.810013
14441 0.905437
14442 0.952849
14443 0.877046
14444 0.909458
14445 0.904447
14446 0.829205
14447 0.843916
14448 0.824799
14449 0.918247
14450 0.8239
14451 0.884403
14452 0.945058
14453 0.883981
14454 0.889659
14455 0.376654
14456 0.941266
14457 0.862412
14458 0.906223
14459 0.894895
14460 0.85625
14461 0.719654
14462 0.867146
14463 0.839444
14464 0.861429
14465 0.899872
14466 0.905831
14467 0.828802
14468 0.816931
14469 0.752684
14470 0.912597
14471 0.814275
14472 0.832551
14473 0.791089
14474 0.90074
14475 0.775905
14476 0.845322
14477 0.81687
14478 0.818751
14479 0.838156
14480 0.96746
14481 0.799417
14482 0.82482
14483 0.869048
14484 0.802147
14485 0.755147
14486 0.615483
14487 0.902936
14488 0.707981
14489 0.62756
14490 0.797548
14491 0.956627
14492 0.864695
14493 0.82373
14494 0.897111
14495 0.946652
14496 0.902311
14497 0.957744
14498 0.799536
14499 0.881734
14500 0.794529
14501 0.84559
14502 0.887582
14503 0.65887
14504 0.70048
14505 0.913988
14506 0.851534
14507 0.916388
14508 0.770204
14509 0.687875
14510 0.883819
14511 0.963826
14512 0.840565
14513 0.898047
14514 0.830082
14515 0.827444
14516 0.729868
14517 0.702843
14518 0.841935
14519 0.654372
14520 0.845809
14521 0.909443
14522 0.739945
14523 0.894537
14524 0.893418
14525 0.837269
14526 0.848407
14527 0.872961
14528 0.897373
14529 0.833292
14530 0.870364
14531 0.873376
14532 0.859028
14533 0.826873
14534 0.908702
14535 0.923361
14536 0.780838
14537 0.771825
14538 0.760099
14539 0.738815
14540 0.910015
14541 0.827699
14542 0.941329
14543 0.71632
14544 0.901686
14545 0.803669
14546 0.780326
14547 0.768466
14548 0.892054
14549 0.961233
14550 0.837831
14551 0.931521
14552 0.885526
14553 0.85762
14554 0.776581
14555 0.939411
14556 0.944076
14557 0.781066
14558 0.748175
14559 0.808666
14560 0.770031
14561 0.920376
14562 0.85124
14563 0.870289
14564 0.923957
14565 0.865355
14566 0.814059
14567 0.871677
14568 0.737841
14569 0.790589
14570 0.883653
14571 0.855778
14572 0.887613
14573 0.809325
14574 0.859899
14575 0.932571
14576 0.836535
14577 0.803877
14578 0.901409
14579 0.859171
14580 0.894705
14581 0.755215
14582 0.942827
14583 0.823614
14584 0.827851
14585 0.740291
14586 0.72098
14587 0.70034
14588 0.776777
14589 0.923776
14590 0.884718
14591 0.800158
14592 0.893063
14593 0.859193
14594 0.960902
14595 0.861646
14596 0.952431
14597 0.747163
14598 0.743785
14599 0.788558
14600 0.903279
14601 0.841945
14602 0.879006
14603 0.89211
14604 0.869812
14605 0.752829
14606 0.871304
14607 0.925893
14608 0.831354
14609 0.754891
14610 0.868904
14611 0.811676
14612 0.725467
14613 0.889961
14614 0.895325
14615 0.876822
14616 0.813504
14617 0.873582
14618 0.965187
14619 0.78052
14620 0.872252
14621 0.762714
14622 0.771535
14623 0.677686
14624 0.870048
14625 0.914837
14626 0.81486
14627 0.842254
14628 0.711025
14629 0.912579
14630 0.831833
14631 0.80656
14632 0.705459
14633 0.854417
14634 0.941759
14635 0.857346
14636 0.859202
14637 0.82687
14638 0.790326
14639 0.836513
14640 0.796703
14641 0.716315
14642 0.859082
14643 0.738509
14644 0.829496
14645 0.832734
14646 0.838123
14647 0.798263
14648 0.920575
14649 0.744645
14650 0.829677
14651 0.701182
14652 0.725888
14653 0.774277
14654 0.763514
14655 0.763492
14656 0.87548
14657 0.856504
14658 0.834521
14659 0.855574
14660 0.882085
14661 0.99018
14662 0.732677
14663 0.909062
14664 0.805409
14665 0.895733
14666 0.822265
14667 0.734758
14668 0.885959
14669 0.716476
14670 0.819255
14671 0.688038
14672 0.786528
14673 0.850699
14674 0.970308
14675 0.752215
14676 0.821053
14677 0.879868
14678 0.672898
14679 0.649294
14680 0.901788
14681 0.777906
14682 0.860275
14683 0.892977
14684 0.74564
14685 0.688069
14686 0.741808
14687 0.695125
14688 0.86231
14689 0.761791
14690 0.882124
14691 0.818187
14692 0.935224
14693 0.891362
14694 0.832779
14695 0.678449
14696 0.806616
14697 0.834427
14698 0.711555
14699 0.738972
14700 0.859112
14701 0.901827
14702 0.821101
14703 0.769709
14704 0.775301
14705 0.829175
14706 0.768689
14707 0.96
14708 0.690794
14709 0.846062
14710 0.876962
14711 0.803283
14712 0.89829
14713 0.89182
14714 0.826014
14715 0.724072
14716 0.788254
14717 0.888022
14718 0.90328
14719 0.781163
14720 0.902507
14721 0.678607
14722 0.834249
14723 0.859335
14724 0.987575
14725 0.81579
14726 0.912338
14727 0.905269
14728 0.893533
14729 0.848103
14730 0.866716
14731 0.848469
14732 0.950107
14733 0.795562
14734 0.621559
14735 0.876
14736 0.890459
14737 0.915011
14738 0.897076
14739 0.88412
14740 0.690857
14741 0.770753
14742 0.829698
14743 0.719253
14744 0.623332
14745 0.957706
14746 0.815383
14747 0.758856
14748 0.44927
14749 0.933951
14750 0.763827
14751 0.853076
14752 0.748172
14753 0.857022
14754 0.870159
14755 0.887618
14756 0.827638
14757 0.817601
14758 0.742468
14759 0.867776
14760 0.851902
14761 0.895235
14762 0.889493
14763 0.865169
14764 0.848663
14765 0.867918
14766 0.825463
14767 0.869147
14768 0.833971
14769 0.886931
14770 0.864316
14771 0.844598
14772 0.8226
14773 0.51362
14774 0.829702
14775 0.975037
14776 0.928161
14777 0.949887
14778 0.765148
14779 0.89309
14780 0.846699
14781 0.572614
14782 0.518236
14783 0.73741
14784 0.603724
14785 0.511509
14786 0.73625
14787 0.846577
14788 0.826476
14789 0.864064
14790 0.817826
14791 0.74877
14792 0.780649
14793 0.828145
14794 0.469864
14795 0.892847
14796 0.887907
14797 0.88661
14798 0.886469
14799 0.919115
14800 0.880601
14801 0.895107
14802 0.663853
14803 0.906611
14804 0.850012
14805 0.884216
14806 0.833538
14807 0.896053
14808 0.830399
14809 0.918621
14810 0.886268
14811 0.931698
14812 0.872471
14813 0.929541
14814 0.966799
14815 0.894536
14816 0.845286
14817 0.579838
14818 0.827009
14819 0.605866
14820 0.517198
14821 0.262467
14822 0.228213
14823 0.935191
14824 0.583651
14825 0.316049
14826 0.602184
14827 0.728352
14828 0.657109
14829 0.561757
14830 0.37439
14831 0.706181
14832 0.589703
14833 0.594054
14834 0.795602
14835 0.52104
14836 0.375338
14837 0.412698
14838 0.381262
14839 0.21167
14840 0.40565
14841 0.137591
14842 0.791421
14843 0.540287
14844 0.857464
14845 0.715911
14846 0.0870017
14847 0.670319
14848 0.381526
14849 0.755143
14850 0.687772
14851 0.890705
14852 0.604477
14853 0.393101
14854 0.659736
14855 0.569999
14856 0.386187
14857 0.199533
14858 0.483242
14859 0.330491
14860 0.763402
14861 0.748156
14862 0.311086
14863 0.385084
14864 0.489514
14865 0.728141
14866 0.66114
14867 0.62106
14868 0.673591
14869 0.713555
14870 0.687651
14871 0.613098
14872 0.562375
14873 0.834184
14874 0.510227
14875 0.487212
14876 0.519159
14877 0.585426
14878 0.689808
14879 0.739813
14880 0.578722
14881 0.549598
14882 0.494959
14883 0.56416
14884 0.380985
14885 0.732433
14886 0.656573
14887 0.486409
14888 0.492556
14889 0.660241
14890 0.472189
14891 0.714972
14892 0.34954
14893 0.473184
14894 0.585701
14895 0.588227
14896 0.592313
14897 0.556059
14898 0.407183
14899 0.552296
14900 0.815832
14901 0.584598
14902 0.833607
14903 0.535297
14904 0.744228
14905 0.599735
14906 0.34577
14907 0.50115
14908 0.61212
14909 0.401458
14910 0.0569297
14911 0.404245
14912 0.587565
14913 0.620946
14914 0.872034
14915 0.62443
14916 0.725721
14917 0.397681
14918 0.517865
14919 0.895158
14920 0.311251
14921 0.693734
14922 0.664372
14923 0.66644
14924 0.39871
14925 0.525259
14926 0.695529
14927 0.557349
14928 0.690759
14929 0.461241
14930 0.587728
14931 0.689375
14932 0.664908
14933 0.586174
14934 0.580533
14935 0.727319
14936 0.0217852
14937 0.469918
14938 0.164456
14939 0.374384
14940 0.691298
14941 0.553906
14942 0.885418
14943 0.832535
14944 0.779814
14945 0.312362
14946 0.534852
14947 0.476377
14948 0.374041
14949 0.390514
14950 0.487512
14951 0.514811
14952 0.79447
14953 0.70915
14954 0.281475
14955 0.77725
14956 0.597318
14957 0.672749
14958 0.627122
14959 0.776361
14960 0.398914
14961 0.660172
14962 0.545472
14963 0.827067
14964 0.702555
14965 0.543166
14966 0.60258
14967 0.868255
14968 0.698642
14969 0.766433
14970 0.701352
14971 0.911878
14972 0.676216
14973 0.549812
14974 0.817852
14975 0.775821
14976 0.669316
14977 0.731713
14978 0.541506
14979 0.371265
14980 0.780216
14981 0.676642
14982 0.627833
14983 0.795504
14984 0.837879
14985 0.60212
14986 0.494078
14987 0.435006
14988 0.570056
14989 0.784017
14990 0.373144
14991 0.876711
14992 0.512614
14993 0.676364
14994 0.791927
14995 0.458975
14996 0.805818
14997 0.885594
14998 0.562735
14999 0.773044
15000 0.903855
15001 0.776903
15002 0.349586
15003 0.824583
15004 0.612637
15005 0.567305
15006 0.547016
15007 0.727735
15008 0.676552
15009 0.710595
15010 0.562778
15011 0.948763
15012 0.821362
15013 0.423009
15014 0.580634
15015 0.675046
15016 0.445267
15017 0.523629
15018 0.484181
15019 0.777457
15020 0.782861
15021 0.675824
15022 0.702705
15023 0.653553
15024 0.824738
15025 0.709338
15026 0.929203
15027 0.621168
15028 0.50451
15029 0.591398
15030 0.717819
15031 0.716516
15032 0.845793
15033 0.680664
15034 0.238393
15035 0.581801
15036 0.810057
15037 0.643032
15038 0.671011
15039 0.870168
15040 0.68131
15041 0.621803
15042 0.743258
15043 0.796291
15044 0.682702
15045 0.569653
15046 0.599077
15047 0.872549
15048 0.649726
15049 0.726854
15050 0.50182
15051 0.937293
15052 0.849757
15053 0.722718
15054 0.730634
15055 0.487494
15056 0.54652
15057 0.406792
15058 0.381157
15059 0.669621
15060 0.713287
15061 0.529399
15062 0.603122
15063 0.466208
15064 0.517564
15065 0.570826
15066 0.86263
15067 0.536902
15068 0.263812
15069 0.592223
15070 0.682721
15071 0.268705
15072 0.626596
15073 0.822965
15074 0.317678
15075 0.323681
15076 0.744755
15077 0.0972585
15078 0.635508
15079 0.422986
15080 0.63592
15081 0.586967
15082 0.464813
15083 0.485317
15084 0.736111
15085 0.455174
15086 0.709048
15087 0.641456
15088 0.60085
15089 0.706817
15090 0.453014
15091 0.482365
15092 0.574676
15093 0.63861
15094 0.670735
15095 0.782363
15096 0.669687
15097 0.363282
15098 0.519973
15099 0.992346
15100 0.558928
15101 0.425323
15102 0.538952
15103 0.755416
15104 0.396482
15105 0.744897
15106 0.471949
15107 0.464272
15108 0.768113
15109 0.489702
15110 0.453891
15111 0.515725
15112 0.53424
15113 0.62097
15114 0.660745
15115 0.513757
15116 0.403
15117 0.778787
15118 0.612118
15119 0.629479
15120 0.523147
15121 0.548899
15122 0.516376
15123 0.774685
15124 0.623448
15125 0.668745
15126 0.524529
15127 0.793448
15128 0.702108
15129 0.605854
15130 0.917071
15131 0.749794
15132 0.590908
15133 0.602476
15134 0.45987
15135 0.694218
15136 0.555665
15137 0.411459
15138 0.369778
15139 0.468795
15140 0.668171
15141 0.521549
15142 0.412268
15143 0.719235
15144 0.623907
15145 0.53649
15146 0.738469
15147 0.76463
15148 0.631526
15149 0.45939
15150 0.523096
15151 0.766233
15152 0.759393
15153 0.815328
15154 0.414563
15155 0.547188
15156 0.4578
15157 0.438735
15158 0.219291
15159 0.563579
15160 0.507399
15161 0.705647
15162 0.245847
15163 0.521557
15164 0.512262
15165 0.311232
15166 0.426178
15167 0.498712
15168 0.315715
15169 0.48941
15170 0.677784
15171 0.487829
15172 0.741515
15173 0.622239
15174 0.550541
15175 0.62113
15176 0.434974
15177 0.724514
15178 0.840726
15179 0.78035
15180 0.605085
15181 0.731724
15182 0.703373
15183 0.504859
15184 0.488521
15185 0.810668
15186 0.724644
15187 0.743785
15188 0.301895
15189 0.641505
15190 0.761442
15191 0.480635
15192 0.715425
15193 0.729628
15194 0.775276
15195 0.757225
15196 0.594352
15197 0.565563
15198 0.561777
15199 0.554079
15200 0.689395
15201 0.873903
15202 0.49506
15203 0.360992
15204 0.515253
15205 0.424075
15206 0.517005
15207 0.333697
15208 0.634078
15209 0.706975
15210 0.699708
15211 0.396203
15212 0.746453
15213 0.341253
15214 0.396577
15215 0.84425
15216 0.443729
15217 0.524513
15218 0.471742
15219 0.520807
15220 0.761347
15221 0.648068
15222 0.621489
15223 0.569264
15224 0.409552
15225 0.631575
15226 0.948046
15227 0.687197
15228 0.677715
15229 0.628924
15230 0.572123
15231 0.597281
15232 0.809747
15233 0.756253
15234 0.401278
15235 0.475785
15236 0.723874
15237 0.679996
15238 0.593077
15239 0.50926
15240 0.348348
15241 0.466211
15242 0.733787
15243 0.47869
15244 0.752776
15245 0.841712
15246 0.793608
15247 0.57356
15248 0.329186
15249 0.651076
15250 0.576099
15251 0.643585
15252 0.850623
15253 0.530491
15254 0.44253
15255 0.67973
15256 0.481545
15257 0.497262
15258 0.881814
15259 0.407974
15260 0.604089
15261 0.554644
15262 0.596677
15263 0.611302
15264 0.89105
15265 0.721003
15266 0.821374
15267 0.488746
15268 0.425921
15269 0.682956
15270 0.903526
15271 0.931628
15272 0.558633
15273 0.72042
15274 0.62462
15275 0.642944
15276 0.662291
15277 0.488759
15278 0.785851
15279 0.601998
15280 0.638352
15281 0.450262
15282 0.405196
15283 0.0307107
15284 0.663152
15285 0.850868
15286 0.529227
15287 0.544139
15288 0.525963
15289 0.660572
15290 0.521198
15291 0.795567
15292 0.472436
15293 0.824853
15294 0.743634
15295 0.769641
15296 0.716673
15297 0.494464
15298 0.640284
15299 0.617176
15300 0.635527
15301 0.779522
15302 0.663621
15303 0.517162
15304 0.627104
15305 0.615576
15306 0.387903
15307 0.649606
15308 0.813758
15309 0.6922
15310 0.500341
15311 0.90519
15312 0.437346
15313 0.653191
15314 0.808056
15315 0.358052
15316 0.580097
15317 0.513622
15318 0.440892
15319 0.572506
15320 0.941016
15321 0.59576
15322 0.488817
15323 0.399123
15324 0.599571
15325 0.633144
15326 0.654266
15327 0.283445
15328 0.531258
15329 0.527837
15330 0.512269
15331 0.659652
15332 0.376288
15333 0.449787
15334 0.450312
15335 0.535558
15336 0.442059
15337 0.486835
15338 0.76655
15339 0.37563
15340 0.776998
15341 0.521401
15342 0.615532
15343 0.774165
15344 0.918405
15345 0.463696
15346 0.821024
15347 0.552436
15348 0.601501
15349 0.580408
15350 0.427268
15351 0.703662
15352 0.729393
15353 0.562555
15354 0.736903
15355 0.502437
15356 0.641553
15357 0.52766
15358 0.541344
15359 0.919861
15360 0.638291
15361 0.593649
15362 0.704603
15363 0.531902
15364 0.547426
15365 0.494791
15366 0.530814
15367 0.56457
15368 0.708662
15369 0.926785
15370 0.574622
15371 0.768028
15372 0.566206
15373 0.552008
15374 0.573131
15375 0.845219
15376 0.590443
15377 0.667515
15378 0.525516
15379 0.593036
15380 0.536145
15381 0.547124
15382 0.626871
15383 0.633696
15384 0.515437
15385 0.457169
15386 0.283605
15387 0.712866
15388 0.647181
15389 0.575412
15390 0.651063
15391 0.554583
15392 0.457124
15393 0.797945
15394 0.566055
15395 0.805532
15396 0.649854
15397 0.516847
15398 0.636695
15399 0.721166
15400 0.791124
15401 0.632663
15402 0.779867
15403 0.476465
15404 0.407032
15405 0.454136
15406 0.435428
15407 0.382665
15408 0.459857
15409 0.800728
15410 0.639789
15411 0.773434
15412 0.839704
15413 0.512236
15414 0.738324
15415 0.7815
15416 0.685604
15417 0.471266
15418 0.355937
15419 0.627513
15420 0.527874
15421 0.52258
15422 0.664836
15423 0.500417
15424 0.704142
15425 0.616099
15426 0.77827
15427 0.465674
15428 0.869586
15429 0.670148
15430 0.470494
15431 0.469452
15432 0.479017
15433 0.444477
15434 0.71201
15435 0.847141
15436 0.643354
15437 0.799788
15438 0.535456
15439 0.552137
15440 0.817098
15441 0.529548
15442 0.718249
15443 0.476048
15444 0.53001
15445 0.530083
15446 0.772923
15447 0.670084
15448 0.528422
15449 0.521935
15450 0.635011
15451 0.590768
15452 0.87023
15453 0.531176
15454 0.574472
15455 0.548903
15456 0.858947
15457 0.845218
15458 0.501352
15459 0.508856
15460 0.769304
15461 0.54735
15462 0.807593
15463 0.641872
15464 0.509945
15465 0.680471
15466 0.827372
15467 0.765675
15468 0.192658
15469 0.512994
15470 0.877564
15471 0.72382
15472 0.546112
15473 0.816981
15474 0.55577
15475 0.495182
15476 0.454549
15477 0.547543
15478 0.581134
15479 0.67296
15480 0.754255
15481 0.60406
15482 0.846486
15483 0.919211
15484 0.875114
15485 0.483445
15486 0.528412
15487 0.676687
15488 0.722846
15489 0.554828
15490 0.496473
15491 0.774784
15492 0.567574
15493 0.716417
15494 0.75455
15495 0.68954
15496 0.618286
15497 0.686332
15498 0.438324
15499 0.517536
15500 0.442461
15501 0.507298
15502 0.78272
15503 0.593265
15504 0.53049
15505 0.694623
15506 0.867314
15507 0.703569
15508 0.742617
15509 0.492829
15510 0.700392
15511 0.525442
15512 0.579235
15513 0.701672
15514 0.436753
15515 0.603997
15516 0.798432
15517 0.359366
15518 0.762582
15519 0.446456
15520 0.632177
15521 0.807814
15522 0.622456
15523 0.788506
15524 0.557323
15525 0.799369
15526 0.580359
15527 0.895653
15528 0.857492
15529 0.744072
15530 0.6219
15531 0.53506
15532 0.680067
15533 0.542835
15534 0.45998
15535 0.551822
15536 0.510176
15537 0.685199
15538 0.730591
15539 0.539691
15540 0.632072
15541 0.572322
15542 0.510965
15543 0.666824
15544 0.557443
15545 0.683051
15546 0.458419
15547 0.473539
15548 0.512559
15549 0.713284
15550 0.473203
15551 0.473408
15552 0.46683
15553 0.545857
15554 0.537162
15555 0.546675
15556 0.532959
15557 0.603181
15558 0.903217
15559 0.42938
15560 0.374795
15561 0.66046
15562 0.763868
15563 0.484591
15564 0.7205
15565 0.54318
15566 0.588269
15567 0.849084
15568 0.700004
15569 0.660894
15570 0.555207
15571 0.516686
15572 0.68388
15573 0.671615
15574 0.798042
15575 0.631815
15576 0.642895
15577 0.438685
15578 0.502778
15579 0.64257
15580 0.663189
15581 0.774846
15582 0.502976
15583 0.706115
15584 0.823093
15585 0.388407
15586 0.602244
15587 0.705861
15588 0.760853
15589 0.68365
15590 0.641168
15591 0.873229
15592 0.989635
15593 0.605896
15594 0.410683
15595 0.669439
15596 0.642762
15597 0.589915
15598 0.607958
15599 0.495132
15600 0.51754
15601 0.713062
15602 0.418875
15603 0.633498
15604 0.845153
15605 0.667719
15606 0.645434
15607 0.789041
15608 0.812044
15609 0.935547
15610 0.592479
15611 0.523997
15612 0.818895
15613 0.626457
15614 0.694136
15615 0.832337
15616 0.792537
15617 0.571945
15618 0.779178
15619 0.72327
15620 0.657292
15621 0.558877
15622 0.774536
15623 0.849911
15624 0.907952
15625 0.563423
15626 0.918109
15627 0.610293
15628 0.607233
15629 0.745708
15630 0.843957
15631 0.652771
15632 0.761292
15633 0.718949
15634 0.575461
15635 0.669453
15636 0.502575
15637 0.847645
15638 0.718993
15639 0.699311
15640 0.594911
15641 0.78307
15642 0.892244
15643 0.589907
15644 0.733222
15645 0.477321
15646 0.67638
15647 0.807523
15648 0.113066
15649 0.569974
15650 0.780064
15651 0.777572
15652 0.35381
15653 0.916151
15654 0.399817
15655 0.748532
15656 0.426303
15657 0.62357
15658 0.682889
15659 0.376248
15660 0.064171
15661 0.632625
15662 0.205158
15663 0.304635
15664 0.383049
15665 0.403077
15666 0.423387
15667 0.366795
15668 0.332075
15669 0.374653
15670 0.466542
15671 0.787392
15672 0.538263
15673 0.73144
15674 0.753855
15675 0.748649
15676 0.493852
15677 0.833474
15678 0.480863
15679 0.316347
15680 0.371347
15681 0.316556
15682 0.631327
15683 0.333503
15684 0.688038
15685 0.633455
15686 0.510372
15687 0.775681
15688 0.606442
15689 0.528768
15690 0.828098
15691 0.647582
15692 0.969084
15693 0.769087
15694 0.653127
15695 0.926003
15696 0.67701
15697 0.560754
15698 0.686928
15699 0.931743
15700 0.701455
15701 0.387845
15702 0.72991
15703 0.76778
15704 0.900843
15705 0.334904
15706 0.404982
15707 0.403346
15708 0.412723
15709 0.311573
15710 0.31651
15711 0.888563
15712 0.515147
15713 0.92583
15714 0.56733
15715 0.57573
15716 0.506731
15717 0.889513
15718 0.519013
15719 0.356203
15720 0.754837
15721 0.526131
15722 0.520821
15723 0.535805
15724 0.690274
15725 0.545003
15726 0.506517
15727 0.528916
15728 0.565089
15729 0.560431
15730 0.765946
15731 0.497968
15732 0.672765
15733 0.234035
15734 0.615961
15735 0.909823
15736 0.87151
15737 0.445351
15738 0.466749
15739 0.28889
15740 0.556054
15741 0.694419
15742 0.762493
15743 0.323003
15744 0.427258
15745 0.605902
15746 0.791728
15747 0.666969
15748 0.76804
15749 0.628724
15750 0.536647
15751 0.706169
15752 0.39684
15753 0.34474
15754 0.478208
15755 0.746946
15756 0.16052
15757 0.326215
15758 0.578
15759 0.590972
15760 0.446791
15761 0.564662
15762 0.683599
15763 0.837688
15764 0.179771
15765 0.70368
15766 0.70292
15767 0.773331
15768 0.696548
15769 0.559144
15770 0.622129
15771 0.735911
15772 0.400622
15773 0.426234
15774 0.525613
15775 0.76803
15776 0.685651
15777 0.493762
15778 0.377071
15779 0.405775
15780 0.509541
15781 0.781021
15782 0.543762
15783 0.600652
15784 0.534521
15785 0.701237
15786 0.538693
15787 0.522663
15788 0.544188
15789 0.528306
15790 0.496024
15791 0.529532
15792 0.52364
15793 0.880459
15794 0.747646
15795 0.519425
15796 0.561855
15797 0.654092
15798 0.71643
15799 0.848706
15800 0.516569
15801 0.618836
15802 0.84721
15803 0.528689
15804 0.620482
15805 0.852004
15806 0.707816
15807 0.666723
15808 0.939832
15809 0.364861
15810 0.747883
15811 0.332698
15812 0.647787
15813 0.853667
15814 0.41478
15815 0.684689
15816 0.594988
15817 0.399406
15818 0.297549
15819 0.484712
15820 0.30394
15821 0.641437
15822 0.844487
15823 0.654162
15824 0.877431
15825 0.687522
15826 0.429177
15827 0.394435
15828 0.765494
15829 0.239797
15830 0.677965
15831 0.29643
15832 0.528775
15833 0.438664
15834 0.883287
15835 0.448589
15836 0.415214
15837 0.546135
15838 0.78111
15839 0.817098
15840 0.849362
15841 0.513526
15842 0.392865
15843 0.526856
15844 0.486667
15845 0.66087
15846 0.844198
15847 0.53823
15848 0.945103
15849 0.579757
15850 0.647065
15851 0.722939
15852 0.514796
15853 0.698585
15854 0.664788
15855 0.699069
15856 0.662057
15857 0.559246
15858 0.678717
15859 0.956297
15860 0.744943
15861 0.772297
15862 0.578321
15863 0.551331
15864 0.57028
15865 0.791894
15866 0.282008
15867 0.675056
15868 0.524727
15869 0.833839
15870 0.675163
15871 0.787094
15872 0.511849
15873 0.742603
15874 0.516023
15875 0.554744
15876 0.524531
15877 0.886599
15878 0.789016
15879 0.511937
15880 0.480753
15881 0.519969
15882 0.736551
15883 0.645103
15884 0.275432
15885 0.518057
15886 0.824282
15887 0.721907
15888 0.653943
15889 0.455586
15890 0.582987
15891 0.816554
15892 0.788773
15893 0.433405
15894 0.431693
15895 0.723241
15896 0.773498
15897 0.692144
15898 0.633607
15899 0.327292
15900 0.391363
15901 0.50357
15902 0.582273
15903 0.839218
15904 0.717834
15905 0.385285
15906 0.750735
15907 0.541757
15908 0.593747
15909 0.608038
15910 0.537195
15911 0.50122
15912 0.759204
15913 0.840867
15914 0.732
15915 0.880334
15916 0.639625
15917 0.709043
15918 0.67575
15919 0.834953
15920 0.511938
15921 0.747943
15922 0.509233
15923 0.341354
15924 0.555774
15925 0.512685
15926 0.556714
15927 0.696256
15928 0.847414
15929 0.745861
15930 0.356275
15931 0.738166
15932 0.521478
15933 0.467236
15934 0.650078
15935 0.79529
15936 0.686714
15937 0.607032
15938 0.619584
15939 0.616341
15940 0.58891
15941 0.346547
15942 0.690857
15943 0.600601
15944 0.829887
15945 0.537919
15946 0.814881
15947 0.760099
15948 0.622644
15949 0.920367
15950 0.55211
15951 0.588217
15952 0.703191
15953 0.297469
15954 0.471487
15955 0.496911
15956 0.428241
15957 0.548772
15958 0.771044
15959 0.806469
15960 0.713989
15961 0.597602
15962 0.632633
15963 0.758844
15964 0.713868
15965 0.760437
15966 0.589586
15967 0.787251
15968 0.586171
15969 0.874288
15970 0.843093
15971 0.786998
15972 0.83329
15973 0.675352
15974 0.530603
15975 0.80992
15976 0.763541
15977 0.507549
15978 0.695995
15979 0.555313
15980 0.560687
15981 0.772464
15982 0.794396
15983 0.706945
15984 0.782623
15985 0.564786
15986 0.486374
15987 0.864566
15988 0.485002
15989 0.644668
15990 0.705469
15991 0.593689
15992 0.919823
15993 0.506384
15994 0.702825
15995 0.660493
15996 0.574405
15997 0.806434
15998 0.829128
15999 0.449784
16000 0.487945
16001 0.379835
16002 0.401567
16003 0.517575
16004 0.87481
16005 0.637528
16006 0.480653
16007 0.734771
16008 0.592137
16009 0.713739
16010 0.505415
16011 0.536452
16012 0.419101
16013 0.629605
16014 0.741437
16015 0.636635
16016 0.597779
16017 0.651238
16018 0.797364
16019 0.823608
16020 0.781828
16021 0.427154
16022 0.825267
16023 0.533427
16024 0.727136
16025 0.850625
16026 0.428267
16027 0.767682
16028 0.842257
16029 0.788816
16030 0.478577
16031 0.792952
16032 0.289849
16033 0.735957
16034 0.812255
16035 0.5983
16036 0.803432
16037 0.489243
16038 0.620345
16039 0.705231
16040 0.825003
16041 0.474578
16042 0.290082
16043 0.552834
16044 0.735562
16045 0.729347
16046 0.530252
16047 0.606348
16048 0.465673
16049 0.614064
16050 0.842676
16051 0.524099
16052 0.636704
16053 0.573654
16054 0.814722
16055 0.398217
16056 0.368464
16057 0.452289
16058 0.82788
16059 0.585302
16060 0.558111
16061 0.544008
16062 0.65571
16063 0.712123
16064 0.815904
16065 0.70592
16066 0.617881
16067 0.530249
16068 0.663613
16069 0.774313
16070 0.304089
16071 0.431108
16072 0.519748
16073 0.686694
16074 0.753473
16075 0.592326
16076 0.416926
16077 0.697919
16078 0.645171
16079 0.470905
16080 0.593697
16081 0.778401
16082 0.683716
16083 0.480839
16084 0.509806
16085 0.535087
16086 0.439613
16087 0.562828
16088 0.662834
16089 0.80531
16090 0.532096
16091 0.765074
16092 0.441002
16093 0.710092
16094 0.818783
16095 0.709548
16096 0.513701
16097 0.614887
16098 0.513742
16099 0.656632
16100 0.60328
16101 0.804109
16102 0.67549
16103 0.767242
16104 0.589761
16105 0.56398
16106 0.68277
16107 0.710592
16108 0.836141
16109 0.859087
16110 0.859923
16111 0.375259
16112 0.640174
16113 0.664463
16114 0.644558
16115 0.397221
16116 0.644646
16117 0.760168
16118 0.678468
16119 0.583793
16120 0.557891
16121 0.734638
16122 0.448392
16123 0.719992
16124 0.651415
16125 0.43494
16126 0.83881
16127 0.703879
16128 0.608113
16129 0.569196
16130 0.610674
16131 0.571083
16132 0.765037
16133 0.774564
16134 0.654623
16135 0.713581
16136 0.580358
16137 0.776781
16138 0.51776
16139 0.612103
16140 0.620405
16141 0.676533
16142 0.804709
16143 0.802847
16144 0.444045
16145 0.662591
16146 0.386268
16147 0.478597
16148 0.473646
16149 0.632117
16150 0.740045
16151 0.471634
16152 0.76922
16153 0.74073
16154 0.743592
16155 0.283436
16156 0.670045
16157 0.714395
16158 0.680771
16159 0.744357
16160 0.76981
16161 0.834899
16162 0.625086
16163 0.781344
16164 0.649877
16165 0.713383
16166 0.678715
16167 0.574428
16168 0.52557
16169 0.415299
16170 0.472017
16171 0.487715
16172 0.500362
16173 0.714604
16174 0.651683
16175 0.722294
16176 0.470753
16177 0.87233
16178 0.526442
16179 0.321805
16180 0.565887
16181 0.490579
16182 0.580915
16183 0.929848
16184 0.693723
16185 0.278943
16186 0.471265
16187 0.809214
16188 0.603964
16189 0.434362
16190 0.653462
16191 0.465405
16192 0.863188
16193 0.716426
16194 0.638593
16195 0.852794
16196 0.737243
16197 0.567374
16198 0.603849
16199 0.503311
16200 0.484673
16201 0.910647
16202 0.574575
16203 0.534159
16204 0.460667
16205 0.495615
16206 0.659467
16207 0.813099
16208 0.316487
16209 0.437209
16210 0.957154
16211 0.920412
16212 0.439977
16213 0.444772
16214 0.407845
16215 0.643991
16216 0.340096
16217 0.458027
16218 0.537923
16219 0.855686
16220 0.667066
16221 0.424142
16222 0.506444
16223 0.516945
16224 0.488855
16225 0.516569
16226 0.707478
16227 0.685923
16228 0.65628
16229 0.650324
16230 0.609439
16231 0.291735
16232 0.637612
16233 0.568139
16234 0.730583
16235 0.714973
16236 0.604011
16237 0.629922
16238 0.701371
16239 0.712524
16240 0.838061
16241 0.551124
16242 0.622789
16243 0.568469
16244 0.746058
16245 0.694164
16246 0.607703
16247 0.774317
16248 0.555635
16249 0.567997
16250 0.494794
16251 0.639094
16252 0.639684
16253 0.77827
16254 0.583289
16255 0.934684
16256 0.566088
16257 0.520654
16258 0.555053
16259 0.671002
16260 0.654504
16261 0.538567
16262 0.41021
16263 0.507866
16264 0.547623
16265 0.676585
16266 0.665056
16267 0.707153
16268 0.654726
16269 0.79441
16270 0.612642
16271 0.570585
16272 0.64503
16273 0.667979
16274 0.32561
16275 0.780479
16276 0.475348
16277 0.200551
16278 0.892528
16279 0.837551
16280 0.64347
16281 0.466066
16282 0.644833
16283 0.62385
16284 0.842588
16285 0.693437
16286 0.751632
16287 0.482574
16288 0.893307
16289 0.471342
16290 0.598439
16291 0.374211
16292 0.615106
16293 0.561283
16294 0.66351
16295 0.512642
16296 0.418141
16297 0.604343
16298 0.713313
16299 0.480192
16300 0.530789
16301 0.878011
16302 0.693622
16303 0.470428
16304 0.668049
16305 0.623656
16306 0.404108
16307 0.949545
16308 0.577587
16309 0.574173
16310 0.793509
16311 0.647313
16312 0.657389
16313 0.739764
16314 0.613061
16315 0.807572
16316 0.715399
16317 0.584926
16318 0.661407
16319 0.76698
16320 0.711179
16321 0.805848
16322 0.708288
16323 0.921131
16324 0.376547
16325 0.607472
16326 0.315224
16327 0.773763
16328 0.635983
16329 0.734763
16330 0.590313
16331 0.88419
16332 0.597482
16333 0.729247
16334 0.555289
16335 0.56798
16336 0.787534
16337 0.804433
16338 0.919661
16339 0.584923
16340 0.880225
16341 0.666122
16342 0.515669
16343 0.582562
16344 0.686924
16345 0.783451
16346 0.660665
16347 0.545819
16348 0.558296
16349 0.784987
16350 0.713589
16351 0.807508
16352 0.559839
16353 0.409441
16354 0.665091
16355 0.733754
16356 0.465524
16357 0.905989
16358 0.758078
16359 0.368798
16360 0.841118
16361 0.716791
16362 0.588672
16363 0.506986
16364 0.694084
16365 0.485524
16366 0.529598
16367 0.707799
16368 0.674548
16369 0.807058
16370 0.287759
16371 0.427952
16372 0.617718
16373 0.656584
16374 0.872625
16375 0.631473
16376 0.715062
16377 0.375239
16378 0.663755
16379 0.846348
16380 0.666521
16381 0.784474
16382 0.74163
16383 0.630336
16384 0.802784
16385 0.52408
16386 0.391964
16387 0.686193
16388 0.567232
16389 0.834837
16390 0.426291
16391 0.550053
16392 0.70207
16393 0.675269
16394 0.804869
16395 0.479104
16396 0.660723
16397 0.875348
16398 0.750092
16399 0.608218
16400 0.576882
16401 0.599718
16402 0.47619
16403 0.686566
16404 0.561536
16405 0.733971
16406 0.685662
16407 0.927948
16408 0.609683
16409 0.825842
16410 0.655091
16411 0.549144
16412 0.780824
16413 0.656702
16414 0.65118
16415 0.679225
16416 0.76893
16417 0.882122
16418 0.727055
16419 0.661779
16420 0.768901
16421 0.644409
16422 0.91056
16423 0.604429
16424 0.559634
16425 0.29462
16426 0.667093
16427 0.544703
16428 0.811886
16429 0.83745
16430 0.854607
16431 0.862983
16432 0.430139
16433 0.368419
16434 0.699847
16435 0.758146
16436 0.633796
16437 0.846401
16438 0.451789
16439 0.655082
16440 0.831453
16441 0.585392
16442 0.742989
16443 0.714047
16444 0.637596
16445 0.631998
16446 0.561061
16447 0.61079
16448 0.708715
16449 0.387409
16450 0.593764
16451 0.627206
16452 0.783744
16453 0.620443
16454 0.84309
16455 0.839827
16456 0.617764
16457 0.506453
16458 0.766671
16459 0.512113
16460 0.626019
16461 0.607226
16462 0.913408
16463 0.449527
16464 0.514299
16465 0.672521
16466 0.781852
16467 0.606478
16468 0.666651
16469 0.61984
16470 0.483279
16471 0.540724
16472 0.649785
16473 0.743009
16474 0.808048
16475 0.774637
16476 0.55231
16477 0.569266
16478 0.574875
16479 0.594988
16480 0.475712
16481 0.880374
16482 0.449913
16483 0.536405
16484 0.778846
16485 0.706234
16486 0.555348
16487 0.792199
16488 0.747099
16489 0.423652
16490 0.531256
16491 0.634571
16492 0.596277
16493 0.713753
16494 0.563326
16495 0.701129
16496 0.686015
16497 0.518784
16498 0.359886
16499 0.764558
16500 0.646754
16501 0.369674
16502 0.726481
16503 0.73986
16504 0.670244
16505 0.592392
16506 0.732507
16507 0.482463
16508 0.820954
16509 0.537448
16510 0.751827
16511 0.558662
16512 0.382845
16513 0.744069
16514 0.512663
16515 0.604124
16516 0.533279
16517 0.6288
16518 0.867606
16519 0.724597
16520 0.0717094
16521 0.731045
16522 0.799384
16523 0.562894
16524 0.506964
16525 0.67344
16526 0.440779
16527 0.59884
16528 0.16812
16529 0.58577
16530 0.359347
16531 0.537039
16532 0.535551
16533 0.705823
16534 0.758964
16535 0.25231
16536 0.530084
16537 0.499411
16538 0.500247
16539 0.881768
16540 0.606338
16541 0.653513
16542 0.535792
16543 0.464341
16544 0.478521
16545 0.830248
16546 0.668239
16547 0.700691
16548 0.748776
16549 0.518463
16550 0.663787
16551 0.52091
16552 0.784438
16553 0.605228
16554 0.801353
16555 0.618028
16556 0.72232
16557 0.766566
16558 0.761332
16559 0.478855
16560 0.41913
16561 0.625162
16562 0.585945
16563 0.400956
16564 0.679378
16565 0.61857
16566 0.965569
16567 0.621718
16568 0.727056
16569 0.596513
16570 0.501021
16571 0.440691
16572 0.604519
16573 0.568209
16574 0.671468
16575 0.832527
16576 0.480549
16577 0.557525
16578 0.530134
16579 0.298678
16580 0.550623
16581 0.495237
16582 0.80762
16583 0.597845
16584 0.503172
16585 0.776296
16586 0.935884
16587 0.779524
16588 0.609072
16589 0.692036
16590 0.508008
16591 0.475209
16592 0.514145
16593 0.610932
16594 0.830647
16595 0.613924
16596 0.526908
16597 0.48735
16598 0.466474
16599 0.695264
16600 0.579318
16601 0.736491
16602 0.809757
16603 0.693141
16604 0.737614
16605 0.692948
16606 0.400131
16607 0.626731
16608 0.80211
16609 0.709326
16610 0.463114
16611 0.444082
16612 0.804122
16613 0.765993
16614 0.61801
16615 0.431268
16616 0.692081
16617 0.604163
16618 0.643947
16619 0.744243
16620 0.638369
16621 0.408718
16622 0.747305
16623 0.635687
16624 0.721339
16625 0.38602
16626 0.746315
16627 0.785414
16628 0.589764
16629 0.841653
16630 0.728404
16631 0.204855
16632 0.9508
16633 0.740857
16634 0.644289
16635 0.701947
16636 0.714251
16637 0.445889
16638 0.697442
16639 0.541773
16640 0.735214
16641 0.582881
16642 0.774965
16643 0.660345
16644 0.603435
16645 0.847743
16646 0.603112
16647 0.642082
16648 0.301435
16649 0.64193
16650 0.563594
16651 0.4497
16652 0.618447
16653 0.673336
16654 0.573407
16655 0.5311
16656 0.452979
16657 0.650956
16658 0.646044
16659 0.777706
16660 0.510967
16661 0.949923
16662 0.684835
16663 0.602859
16664 0.739068
16665 0.772039
16666 0.784961
16667 0.558275
16668 0.71125
16669 0.617972
16670 0.662967
16671 0.488708
16672 0.740532
16673 0.857256
16674 0.678
16675 0.719067
16676 0.460756
16677 0.671177
16678 0.436397
16679 0.836983
16680 0.494057
16681 0.48303
16682 0.540223
16683 0.673934
16684 0.343377
16685 0.712692
16686 0.416766
16687 0.237133
16688 0.669475
16689 0.796703
16690 0.560828
16691 0.471152
16692 0.446787
16693 0.502082
16694 0.698522
16695 0.806091
16696 0.566494
16697 0.792737
16698 0.687095
16699 0.797686
16700 0.578657
16701 0.420007
16702 0.342276
16703 0.647374
16704 0.26173
16705 0.37906
16706 0.35604
16707 0.557992
16708 0.30049
16709 0.415934
16710 0.344631
16711 0.330383
16712 0.827312
16713 0.612774
16714 0.584118
16715 0.726849
16716 0.567625
16717 0.767038
16718 0.341874
16719 0.480502
16720 0.629186
16721 0.487199
16722 0.481595
16723 0.396022
16724 0.805379
16725 0.589229
16726 0.928698
16727 0.549954
16728 0.584175
16729 0.406756
16730 0.745577
16731 0.561408
16732 0.688546
16733 0.559376
16734 0.783126
16735 0.618448
16736 0.54965
16737 0.565745
16738 0.40311
16739 0.71028
16740 0.902575
16741 0.596612
16742 0.377937
16743 0.44063
16744 0.455491
16745 0.879392
16746 0.506809
16747 0.476614
16748 0.921237
16749 0.707528
16750 0.519815
16751 0.412711
16752 0.528173
16753 0.798445
16754 0.628018
16755 0.435093
16756 0.660831
16757 0.664948
16758 0.752117
16759 0.544246
16760 0.790506
16761 0.617879
16762 0.615849
16763 0.69498
16764 0.477172
16765 0.570736
16766 0.678795
16767 0.649914
16768 0.633814
16769 0.668738
16770 0.76012
16771 0.677942
16772 0.740225
16773 0.366299
16774 0.373987
16775 0.418528
16776 0.410311
16777 0.477351
16778 0.485307
16779 0.651181
16780 0.86886
16781 0.540164
16782 0.406202
16783 0.699098
16784 0.463126
16785 0.54421
16786 0.698298
16787 0.358994
16788 0.386666
16789 0.586589
16790 0.479241
16791 0.775698
16792 0.53779
16793 0.813183
16794 0.483798
16795 0.671949
16796 0.548528
16797 0.738756
16798 0.6821
16799 0.73421
16800 0.652481
16801 0.823785
16802 0.43106
16803 0.431793
16804 0.672385
16805 0.551446
16806 0.57195
16807 0.54482
16808 0.466708
16809 0.434551
16810 0.582306
16811 0.697029
16812 0.652022
16813 0.733723
16814 0.829371
16815 0.563173
16816 0.46345
16817 0.538455
16818 0.714835
16819 0.623304
16820 0.633133
16821 0.396487
16822 0.638607
16823 0.46841
16824 0.736903
16825 0.58228
16826 0.559438
16827 0.610081
16828 0.641504
16829 0.759415
16830 0.374604
16831 0.782445
16832 0.337026
16833 0.733842
16834 0.596468
16835 0.714193
16836 0.75769
16837 0.623929
16838 0.518648
16839 0.571773
16840 0.772904
16841 0.460742
16842 0.5803
16843 0.56488
16844 0.282978
16845 0.700073
16846 0.63628
16847 0.507717
16848 0.494959
16849 0.437284
16850 0.639338
16851 0.495468
16852 0.562079
16853 0.472625
16854 0.550326
16855 0.861663
16856 0.944696
16857 0.116846
16858 0.588421
16859 0.411005
16860 0.494051
16861 0.339639
16862 0.565494
16863 0.720837
16864 0.662667
16865 0.471747
16866 0.286263
16867 0.339047
16868 0.402278
16869 0.428079
16870 0.864082
16871 0.463017
16872 0.656155
16873 0.544708
16874 0.61144
16875 0.352494
16876 0.526979
16877 0.831105
16878 0.385139
16879 0.829619
16880 0.555864
16881 0.707172
16882 0.604501
16883 0.272539
16884 0.573511
16885 0.386962
16886 0.351264
16887 0.426951
16888 0.27883
16889 0.48682
16890 0.349103
16891 0.668221
16892 0.802811
16893 0.40696
16894 0.532822
16895 0.272354
16896 0.32174
16897 0.808803
16898 0.524808
16899 0.547719
16900 0.428728
16901 0.521482
16902 0.510302
16903 0.497196
16904 0.505848
16905 0.543619
16906 0.929532
16907 0.415023
16908 0.337329
16909 0.651984
16910 0.373523
16911 0.472098
16912 0.814771
16913 0.381717
16914 0.692471
16915 0.898634
16916 0.535926
16917 0.49943
16918 0.323365
16919 0.731114
16920 0.517223
16921 0.678943
16922 0.64607
16923 0.633295
16924 0.935458
16925 0.755533
16926 0.473882
16927 0.540085
16928 0.860606
16929 0.656282
16930 0.560994
16931 0.767469
16932 0.413766
16933 0.457548
16934 0.532953
16935 0.414219
16936 0.669678
16937 0.679861
16938 0.609037
16939 0.382581
16940 0.7097
16941 0.61096
16942 0.714575
16943 0.360463
16944 0.61051
16945 0.770233
16946 0.293967
16947 0.588455
16948 0.37865
16949 0.572055
16950 0.4874
16951 0.54117
16952 0.671103
16953 0.510271
16954 0.557784
16955 0.726467
16956 0.610198
16957 0.558525
16958 0.573559
16959 0.405733
16960 0.58
16961 0.462765
16962 0.486772
16963 0.303746
16964 0.435717
16965 0.461199
16966 0.435465
16967 0.509247
16968 0.479625
16969 0.612523
16970 0.707626
16971 0.381503
16972 0.571449
16973 0.475753
16974 0.438196
16975 0.519051
16976 0.486797
16977 0.678284
16978 0.650465
16979 0.504181
16980 0.680697
16981 0.615511
16982 0.441164
16983 0.72997
16984 0.91136
16985 0.300106
16986 0.583398
16987 0.697013
16988 0.415969
16989 0.727775
16990 0.48026
16991 0.198494
16992 0.517485
16993 0.305269
16994 0.458953
16995 0.619886
16996 0.445459
16997 0.762193
16998 0.687708
16999 0.555172
17000 0.411683
17001 0.522
17002 0.71955
17003 0.342812
17004 0.337434
17005 0.540151
17006 0.757612
17007 0.519059
17008 0.587069
17009 0.605711
17010 0.450627
17011 0.480572
17012 0.556935
17013 0.613394
17014 0.286388
17015 0.778451
17016 0.658868
17017 0.586831
17018 0.584052
17019 0.610473
17020 0.626649
17021 0.532256
17022 0.883726
17023 0.566368
17024 0.607692
17025 0.425151
17026 0.670738
17027 0.850948
17028 0.659063
17029 0.638487
17030 0.68839
17031 0.54465
17032 0.439759
17033 0.674629
17034 0.821675
17035 0.563307
17036 0.725203
17037 0.590459
17038 0.634548
17039 0.715805
17040 0.368568
17041 0.751586
17042 0.61201
17043 0.661297
17044 0.721396
17045 0.739037
17046 0.634613
17047 0.558672
17048 0.664922
17049 0.654709
17050 0.585071
17051 0.587237
17052 0.617488
17053 0.671774
17054 0.510535
17055 0.675917
17056 0.481185
17057 0.448641
17058 0.738554
17059 0.664431
17060 0.910177
17061 0.577945
17062 0.511585
17063 0.750692
17064 0.543456
17065 0.662596
17066 0.363177
17067 0.571485
17068 0.664605
17069 0.768161
17070 0.698883
17071 0.613663
17072 0.594614
17073 0.754708
17074 0.634819
17075 0.625175
17076 0.545695
17077 0.532766
17078 0.488785
17079 0.597571
17080 0.683296
17081 0.770094
17082 0.530731
17083 0.514569
17084 0.776764
17085 0.681426
17086 0.565741
17087 0.719094
17088 0.237451
17089 0.730606
17090 0.265762
17091 0.313806
17092 0.450758
17093 0.738643
17094 0.747511
17095 0.516732
17096 0.441808
17097 0.760805
17098 0.616225
17099 0.774385
17100 0.588947
17101 0.664281
17102 0.440588
17103 0.660374
17104 0.405129
17105 0.399265
17106 0.536321
17107 0.658744
17108 0.450116
17109 0.516218
17110 0.565343
17111 0.571638
17112 0.575738
17113 0.571924
17114 0.483674
17115 0.342846
17116 0.587567
17117 0.559294
17118 0.559414
17119 0.34739
17120 0.775738
17121 0.770166
17122 0.59352
17123 0.617267
17124 0.618955
17125 0.491322
17126 0.533169
17127 0.479785
17128 0.619231
17129 0.726693
17130 0.821391
17131 0.729683
17132 0.5889
17133 0.635354
17134 0.466345
17135 0.490156
17136 0.835245
17137 0.467629
17138 0.790197
17139 0.566897
17140 0.785653
17141 0.772826
17142 0.592887
17143 0.574707
17144 0.569907
17145 0.634554
17146 0.821317
17147 0.536373
17148 0.665376
17149 0.943092
17150 0.755049
17151 0.696665
17152 0.423893
17153 0.808574
17154 0.746522
17155 0.883852
17156 0.767221
17157 0.886907
17158 0.74864
17159 0.688092
17160 0.679462
17161 0.663683
17162 0.711149
17163 0.580088
17164 0.620805
17165 0.291105
17166 0.514071
17167 0.40394
17168 0.488555
17169 0.483954
17170 0.215113
17171 0.297366
17172 0.737127
17173 0.48679
17174 0.821992
17175 0.487398
17176 0.5548
17177 0.516249
17178 0.576617
17179 0.597829
17180 0.354573
17181 0.490475
17182 0.484258
17183 0.359738
17184 0.598381
17185 0.55111
17186 0.85546
17187 0.692818
17188 0.623627
17189 0.727516
17190 0.892065
17191 0.708882
17192 0.489206
17193 0.51832
17194 0.817073
17195 0.774212
17196 0.461352
17197 0.67836
17198 0.698554
17199 0.474639
17200 0.765302
17201 0.612135
17202 0.423715
17203 0.741682
17204 0.715905
17205 0.658546
17206 0.720468
17207 0.553556
17208 0.489184
17209 0.482972
17210 0.763815
17211 0.366776
17212 0.51839
17213 0.494702
17214 0.389129
17215 0.573071
17216 0.308748
17217 0.420834
17218 0.704195
17219 0.498426
17220 0.599089
17221 0.719768
17222 0.593956
17223 0.707579
17224 0.712871
17225 0.793735
17226 0.755888
17227 0.753041
17228 0.808255
17229 0.746234
17230 0.540001
17231 0.813714
17232 0.501464
17233 0.763801
17234 0.738008
17235 0.689275
17236 0.389117
17237 0.445754
17238 0.702944
17239 0.606027
17240 0.733557
17241 0.872681
17242 0.383516
17243 0.620047
17244 0.570297
17245 0.429912
17246 0.649444
17247 0.600492
17248 0.725686
17249 0.777454
17250 0.557994
17251 0.726106
17252 0.692165
17253 0.590568
17254 0.717091
17255 0.571138
17256 0.705069
17257 0.568794
17258 0.74951
17259 0.383079
17260 0.553953
17261 0.634243
17262 0.821646
17263 0.734838
17264 0.451596
17265 0.53742
17266 0.378331
17267 0.896958
17268 0.848678
17269 0.415819
17270 0.549327
17271 0.711938
17272 0.719225
17273 0.477771
17274 0.619697
17275 0.816702
17276 0.374482
17277 0.512854
17278 0.426707
17279 0.675243
17280 0.431605
17281 0.734695
17282 0.676561
17283 0.555338
17284 0.618721
17285 0.383994
17286 0.450989
17287 0.668215
17288 0.383699
17289 0.777296
17290 0.59555
17291 0.54959
17292 0.600504
17293 0.690384
17294 0.610929
17295 0.132987
17296 0.26822
17297 0.382464
17298 0.350416
17299 0.493945
17300 0.807529
17301 0.392045
17302 0.510102
17303 0.687085
17304 0.5997
17305 0.438762
17306 0.565731
17307 0.29106
17308 0.63008
17309 0.729418
17310 0.718162
17311 0.782797
17312 0.923986
17313 0.957204
17314 0.790969
17315 0.978971
17316 0.68565
17317 0.843614
17318 0.793066
17319 0.889454
17320 0.943958
17321 0.83021
17322 0.894417
17323 0.738257
17324 0.901298
17325 0.943976
17326 0.596274
17327 0.960682
17328 0.959508
17329 0.701481
17330 0.896727
17331 0.814566
17332 0.903533
17333 0.564971
17334 0.522581
17335 0.716272
17336 0.838354
17337 0.682526
17338 0.83027
17339 0.715294
17340 0.604252
17341 0.853577
17342 0.690118
17343 0.780843
17344 0.270672
17345 0.445615
17346 0.889354
17347 0.743989
17348 0.824721
17349 0.867064
17350 0.840091
17351 0.733785
17352 0.584651
17353 0.603322
17354 0.650468
17355 0.525552
17356 0.540763
17357 0.476555
17358 0.6119
17359 0.51856
17360 0.924586
17361 0.488462
17362 0.516842
17363 0.484338
17364 0.639733
17365 0.587523
17366 0.537734
17367 0.641864
17368 0.387627
17369 0.553384
17370 0.422797
17371 0.426666
17372 0.579895
17373 0.168082
17374 0.887097
17375 0.702983
17376 0.463191
17377 0.74286
17378 0.205762
17379 0.701978
17380 0.434923
17381 0.490184
17382 0.518979
17383 0.706435
17384 0.572867
17385 0.608338
17386 0.567568
17387 0.527245
17388 0.224381
17389 0.617737
17390 0.440639
17391 0.65897
17392 0.233904
17393 0.709488
17394 0.470405
17395 0.503548
17396 0.438764
17397 0.477576
17398 0.518575
17399 0.591775
17400 0.783855
17401 0.191055
17402 0.266225
17403 0.713113
17404 0.592981
17405 0.366945
17406 0.461677
17407 0.309022
17408 0.18473
17409 0.520037
17410 0.526074
17411 0.657645
17412 0.368388
17413 0.145018
17414 0.261445
17415 0.597512
17416 0.382453
17417 0.465854
17418 0.505395
17419 0.656039
17420 0.715838
17421 0.472645
17422 0.586158
17423 0.513981
17424 0.412021
17425 0.692256
17426 0.38707
17427 0.536644
17428 0.639735
17429 0.650364
17430 0.732254
17431 0.728657
17432 0.659179
17433 0.679717
17434 0.711867
17435 0.752528
17436 0.0982238
17437 0.649183
17438 0.130275
17439 0.171762
17440 0.0163205
17441 0.649597
17442 0.24212
17443 0.315523
17444 0.389981
17445 0.444117
17446 0.205812
17447 0.141107
17448 0.324978
17449 0.769207
17450 0.22521
17451 0.581328
17452 0.257337
17453 0.371331
17454 0.502962
17455 0.71003
17456 0.36982
17457 0.639584
17458 0.748136
17459 0.142455
17460 0.00464471
17461 0.224343
17462 0.658517
17463 0.522691
17464 0.793722
17465 0.465296
17466 0.290304
17467 0.737319
17468 0.180194
17469 0.341563
17470 0.446543
17471 0.643174
17472 0.437841
17473 0.242017
17474 0.343898
17475 0.480922
17476 0.457248
17477 0.340073
17478 0.209366
17479 0.454937
17480 0.468529
17481 0.506054
17482 0.0520864
17483 0.2299
17484 0.311032
17485 0.626444
17486 0.507295
17487 0.595798
17488 0.287759
17489 0.520201
17490 0.76459
17491 0.365237
17492 0.443167
17493 0.676225
17494 0.376438
17495 0.455865
17496 0.586492
17497 0.287917
17498 0.197326
17499 0.420337
17500 0.330064
17501 0.394802
17502 0.43451
17503 0.319358
17504 0.307253
17505 0.417694
17506 0.442496
17507 0.73671
17508 0.63823
17509 0.132704
17510 0.616937
17511 0.459917
17512 0.398697
17513 0.395937
17514 0.382878
17515 0.233449
17516 0.744815
17517 0.420874
17518 0.131382
17519 0.104698
17520 0.560088
17521 0.582581
17522 0.629065
17523 0.668336
17524 0.547691
17525 0.658666
17526 0.433653
17527 0.0290663
17528 0.29189
17529 0.48857
17530 0.490268
17531 0.284872
17532 0.546062
17533 0.192821
17534 0.19073
17535 0.523341
17536 0.67895
17537 0.25727
17538 0.158453
17539 0.646579
17540 0.337608
17541 0.370814
17542 0.371862
17543 0.302276
17544 0.408028
17545 0.424599
17546 0.374597
17547 0.352771
17548 0.345302
17549 0.888552
17550 0.353524
17551 0.404167
17552 0.412846
17553 0.590505
17554 0.525946
17555 0.758838
17556 0.436903
17557 0.653084
17558 0.843834
17559 0.729428
17560 0.925499
17561 0.619355
17562 0.47651
17563 0.72536
17564 0.5094
17565 0.441375
17566 0.592693
17567 0.459143
17568 0.696857
17569 0.622473
17570 0.546759
17571 0.119655
17572 0.611803
17573 0.377988
17574 0.59399
17575 0.228285
17576 0.357577
17577 0.277515
17578 0.602852
17579 0.522774
17580 0.58582
17581 0.387051
17582 0.529794
17583 0.311152
17584 0.5923
17585 0.491323
17586 0.412264
17587 0.430981
17588 0.329693
17589 0.329208
17590 0.56862
17591 0.660152
17592 0.444349
17593 0.414534
17594 0.422985
17595 0.187407
17596 0.133408
17597 0.219743
17598 0.234975
17599 0.616251
17600 0.448505
17601 0.254464
17602 0.492178
17603 0.275001
17604 0.621608
17605 0.578635
17606 0.0931254
17607 0.320493
17608 0.463472
17609 0.558986
17610 0.667382
17611 0.592845
17612 0.489559
17613 0.707865
17614 0.477406
17615 0.485728
17616 0.231423
17617 0.303278
17618 0.641214
17619 0.419122
17620 0.365797
17621 0.36994
17622 0.516278
17623 0.394214
17624 0.127244
17625 0.353664
17626 0.34857
17627 0.469887
17628 0.422924
17629 0.282943
17630 0.47522
17631 0.281323
17632 0.256729
17633 0.632922
17634 0.166437
17635 0.0103371
17636 0.215097
17637 0.138064
17638 0.0087216
17639 0.420359
17640 0.0757453
17641 0.159276
17642 0.203139
17643 0.10497
17644 0.0117088
17645 0.145195
17646 0.0171081
17647 0.118845
17648 0.214738
17649 0.338011
17650 0.387863
17651 0.841839
17652 0.167632
17653 0.685473
17654 0.791858
17655 0.424424
17656 0.0446221
17657 0.505948
17658 0.0490889
17659 0.112025
17660 0.421576
17661 0.0283598
17662 0.466454
17663 0.158836
17664 0.320978
17665 0.105311
17666 0.647322
17667 0.464236
17668 0.0939049
17669 0.209702
17670 0.136377
17671 0.0763021
17672 0.632069
17673 0.396536
17674 0.374073
17675 0.294788
17676 0.471851
17677 0.503079
17678 0.432106
17679 0.350484
17680 0.237376
17681 0.282305
17682 0.909377
17683 0.608036
17684 0.85202
17685 0.853916
17686 0.798977
17687 0.906598
17688 0.677505
17689 0.748333
17690 0.739594
17691 0.686759
17692 0.768771
17693 0.868165
17694 0.670475
17695 0.720199
17696 0.697957
17697 0.751149
17698 0.945128
17699 0.947911
17700 0.965249
17701 0.730782
17702 0.78136
17703 0.859458
17704 0.954242
17705 0.752775
17706 0.920355
17707 0.911251
17708 0.779576
17709 0.746141
17710 0.974916
17711 0.865614
17712 0.734896
17713 0.823515
17714 0.947673
17715 0.804133
17716 0.869644
17717 0.92962
17718 0.949346
17719 0.863957
17720 0.912952
17721 0.974621
17722 0.907639
17723 0.738926
17724 0.547081
17725 0.72745
17726 0.815899
17727 0.571533
17728 0.784458
17729 0.883953
17730 0.785725
17731 0.770541
17732 0.913115
17733 0.911337
17734 0.697239
17735 0.767097
17736 0.924372
17737 0.937251
17738 0.876806
17739 0.899216
17740 0.905586
17741 0.88963
17742 0.905955
17743 0.869811
17744 0.887906
17745 0.890275
17746 0.803681
17747 0.713625
17748 0.886752
17749 0.975882
17750 0.825561
17751 0.751475
17752 0.969061
17753 0.971999
17754 0.928967
17755 0.776889
17756 0.801408
17757 0.802176
17758 0.948438
17759 0.70313
17760 0.757426
17761 0.935688
17762 0.90752
17763 0.950715
17764 0.834541
17765 0.905351
17766 0.910604
17767 0.916248
17768 0.953932
17769 0.734658
17770 0.848197
17771 0.749616
17772 0.626356
17773 0.957304
17774 0.767011
17775 0.626832
17776 0.966267
17777 0.902534
17778 0.859134
17779 0.803928
17780 0.990243
17781 0.662722
17782 0.866926
17783 0.598235
17784 0.733704
17785 0.719759
17786 0.661546
17787 0.847015
17788 0.825053
17789 0.811998
17790 0.602475
17791 0.867337
17792 0.79242
17793 0.95261
17794 0.861288
17795 0.715974
17796 0.940533
17797 0.800799
17798 0.858277
17799 0.919684
17800 0.955121
17801 0.91307
17802 0.734725
17803 0.937747
17804 0.657077
17805 0.732116
17806 0.700739
17807 0.750605
17808 0.958534
17809 0.836393
17810 0.834253
17811 0.683695
17812 0.788343
17813 0.895853
17814 0.744166
17815 0.923142
17816 0.758097
17817 0.834847
17818 0.986168
17819 0.767296
17820 0.977043
17821 0.843946
17822 0.937815
17823 0.925602
17824 0.808656
17825 0.72598
17826 0.803576
17827 0.824403
17828 0.77603
17829 0.645421
17830 0.720358
17831 0.743467
17832 0.878459
17833 0.596243
17834 0.863456
17835 0.654363
17836 0.875683
17837 0.913379
17838 0.775345
17839 0.821505
17840 0.722052
17841 0.738606
17842 0.836308
17843 0.86395
17844 0.834863
17845 0.762401
17846 0.805459
17847 0.799227
17848 0.935104
17849 0.819183
17850 0.677395
17851 0.830237
17852 0.86888
17853 0.881932
17854 0.712365
17855 0.817848
17856 0.776825
17857 0.841442
17858 0.786781
17859 0.77253
17860 0.696622
17861 0.675351
17862 0.764627
17863 0.70099
17864 0.807829
17865 0.857666
17866 0.786961
17867 0.709858
17868 0.685822
17869 0.748865
17870 0.811226
17871 0.726267
17872 0.856906
17873 0.811927
17874 0.704916
17875 0.90007
17876 0.747446
17877 0.829989
17878 0.59297
17879 0.773397
17880 0.822012
17881 0.826741
17882 0.698657
17883 0.8983
17884 0.796166
17885 0.722948
17886 0.779431
17887 0.775202
17888 0.816756
17889 0.751804
17890 0.860291
17891 0.829014
17892 0.764234
17893 0.889317
17894 0.90265
17895 0.915355
17896 0.88866
17897 0.903816
17898 0.920876
17899 0.694861
17900 0.684097
17901 0.703196
17902 0.679037
17903 0.790515
17904 0.943151
17905 0.820376
17906 0.714753
17907 0.754002
17908 0.766727
17909 0.924254
17910 0.892792
17911 0.902716
17912 0.902465
17913 0.450619
17914 0.910793
17915 0.714089
17916 0.733972
17917 0.886275
17918 0.706509
17919 0.975356
17920 0.522011
17921 0.904956
17922 0.789995
17923 0.948071
17924 0.816993
17925 0.817515
17926 0.857904
17927 0.790668
17928 0.720619
17929 0.670391
17930 0.847241
17931 0.776301
17932 0.915084
17933 0.710772
17934 0.86856
17935 0.822909
17936 0.842512
17937 0.795325
17938 0.918681
17939 0.707729
17940 0.914931
17941 0.701597
17942 0.722781
17943 0.824347
17944 0.917442
17945 0.79202
17946 0.933475
17947 0.686452
17948 0.839505
17949 0.838204
17950 0.923305
17951 0.917643
17952 0.8874
17953 0.706103
17954 0.969395
17955 0.787006
17956 0.901101
17957 0.93069
17958 0.686242
17959 0.927508
17960 0.819375
17961 0.845934
17962 0.91365
17963 0.924144
17964 0.788638
17965 0.900304
17966 0.948481
17967 0.75322
17968 0.754695
17969 0.790697
17970 0.898044
17971 0.725538
17972 0.657941
17973 0.701471
17974 0.943895
17975 0.896577
17976 0.895315
17977 0.881597
17978 0.721032
17979 0.929905
17980 0.701335
17981 0.689201
17982 0.738437
17983 0.814286
17984 0.927234
17985 0.901625
17986 0.858279
17987 0.880355
17988 0.848559
17989 0.824303
17990 0.927823
17991 0.743328
17992 0.79985
17993 0.935858
17994 0.925349
17995 0.920812
17996 0.839323
17997 0.919257
17998 0.722694
17999 0.657994
18000 0.676951
18001 0.702468
18002 0.693491
18003 0.748256
18004 0.692552
18005 0.70191
18006 0.973814
18007 0.739744
18008 0.703221
18009 0.691856
18010 0.980858
18011 0.971549
18012 0.690036
18013 0.687451
18014 0.741525
18015 0.966894
18016 0.816135
18017 0.741211
18018 0.725408
18019 0.848339
18020 0.708356
18021 0.828429
18022 0.683331
18023 0.727495
18024 0.737026
18025 0.762015
18026 0.900394
18027 0.746763
18028 0.926056
18029 0.781973
18030 0.860561
18031 0.908236
18032 0.825804
18033 0.834155
18034 0.877095
18035 0.836355
18036 0.913036
18037 0.893994
18038 0.830007
18039 0.91674
18040 0.914066
18041 0.783588
18042 0.848825
18043 0.905671
18044 0.759343
18045 0.704288
18046 0.69306
18047 0.672431
18048 0.731889
18049 0.696219
18050 0.803094
18051 0.719668
18052 0.929672
18053 0.781968
18054 0.573387
18055 0.726305
18056 0.8179
18057 0.830975
18058 0.824914
18059 0.728392
18060 0.947966
18061 0.780051
18062 0.886384
18063 0.752505
18064 0.599239
18065 0.429614
18066 0.582998
18067 0.871743
18068 0.767408
18069 0.939539
18070 0.822286
18071 0.655845
18072 0.736412
18073 0.92208
18074 0.776303
18075 0.607511
18076 0.833284
18077 0.793878
18078 0.769793
18079 0.924198
18080 0.850635
18081 0.773912
18082 0.832761
18083 0.957343
18084 0.841803
18085 0.897559
18086 0.885856
18087 0.954935
18088 0.810724
18089 0.838134
18090 0.815075
18091 0.789454
18092 0.696986
18093 0.798222
18094 0.765536
18095 0.827329
18096 0.787644
18097 0.819768
18098 0.716493
18099 0.769745
18100 0.727643
18101 0.799117
18102 0.806862
18103 0.916593
18104 0.705807
18105 0.776543
18106 0.936786
18107 0.836338
18108 0.818057
18109 0.917354
18110 0.775627
18111 0.81776
18112 0.894764
18113 0.838927
18114 0.748906
18115 0.699707
18116 0.658277
18117 0.748768
18118 0.96148
18119 0.830312
18120 0.848978
18121 0.774714
18122 0.882277
18123 0.833308
18124 0.86738
18125 0.798006
18126 0.783511
18127 0.741368
18128 0.851411
18129 0.653829
18130 0.921804
18131 0.684184
18132 0.909202
18133 0.75201
18134 0.93056
18135 0.726429
18136 0.880501
18137 0.889999
18138 0.737516
18139 0.801369
18140 0.572721
18141 0.7883
18142 0.714734
18143 0.909887
18144 0.913477
18145 0.747923
18146 0.88272
18147 0.786126
18148 0.726997
18149 0.45361
18150 0.686567
18151 0.832583
18152 0.682716
18153 0.911116
18154 0.937388
18155 0.779334
18156 0.552031
18157 0.880375
18158 0.923907
18159 0.922142
18160 0.891695
18161 0.641201
18162 0.750401
18163 0.852186
18164 0.571212
18165 0.925682
18166 0.491732
18167 0.625317
18168 0.919142
18169 0.651713
18170 0.959759
18171 0.832962
18172 0.709694
18173 0.780397
18174 0.770675
18175 0.695309
18176 0.850538
18177 0.930848
18178 0.631275
18179 0.881563
18180 0.970054
18181 0.913821
18182 0.571302
18183 0.948644
18184 0.731521
18185 0.828335
18186 0.543392
18187 0.741305
18188 0.614461
18189 0.728673
18190 0.837428
18191 0.947715
18192 0.939664
18193 0.935954
18194 0.945199
18195 0.744498
18196 0.746266
18197 0.736092
18198 0.816279
18199 0.897861
18200 0.865942
18201 0.890076
18202 0.965916
18203 0.757761
18204 0.937325
18205 0.869872
18206 0.910124
18207 0.723017
18208 0.830225
18209 0.851259
18210 0.715987
18211 0.858634
18212 0.922666
18213 0.934593
18214 0.635185
18215 0.708779
18216 0.732663
18217 0.657877
18218 0.709098
18219 0.709256
18220 0.939875
18221 0.848979
18222 0.810953
18223 0.759154
18224 0.671579
18225 0.752179
18226 0.851039
18227 0.852565
18228 0.857231
18229 0.838743
18230 0.600979
18231 0.835383
18232 0.858907
18233 0.820204
18234 0.829142
18235 0.914693
18236 0.804016
18237 0.656539
18238 0.502421
18239 0.596142
18240 0.919393
18241 0.90082
18242 0.705714
18243 0.81965
18244 0.888736
18245 0.707994
18246 0.917401
18247 0.815861
18248 0.671617
18249 0.872601
18250 0.781851
18251 0.853044
18252 0.632638
18253 0.778704
18254 0.795045
18255 0.992791
18256 0.91612
18257 0.467959
18258 0.914321
18259 0.820525
18260 0.741438
18261 0.835679
18262 0.847082
18263 0.716528
18264 0.733209
18265 0.946608
18266 0.667292
18267 0.900895
18268 0.696375
18269 0.624756
18270 0.738657
18271 0.549163
18272 0.886695
18273 0.844284
18274 0.696494
18275 0.58326
18276 0.599505
18277 0.716344
18278 0.673132
18279 0.647337
18280 0.771545
18281 0.781849
18282 0.857501
18283 0.734056
18284 0.775529
18285 0.771694
18286 0.669125
18287 0.722893
18288 0.515302
18289 0.63244
18290 0.720949
18291 0.715439
18292 0.650739
18293 0.744179
18294 0.76922
18295 0.699278
18296 0.804324
18297 0.668861
18298 0.649575
18299 0.699906
18300 0.771958
18301 0.574333
18302 0.829608
18303 0.792155
18304 0.711754
18305 0.67181
18306 0.714024
18307 0.663767
18308 0.608795
18309 0.8327
18310 0.629393
18311 0.900179
18312 0.730226
18313 0.688122
18314 0.726403
18315 0.694092
18316 0.760159
18317 0.686929
18318 0.683657
18319 0.808972
18320 0.958295
18321 0.958551
18322 0.802539
18323 0.9459
18324 0.740905
18325 0.675869
18326 0.961156
18327 0.840535
18328 0.920736
18329 0.777267
18330 0.949519
18331 0.683878
18332 0.969005
18333 0.766901
18334 0.861771
18335 0.965072
18336 0.754084
18337 0.758965
18338 0.687432
18339 0.76734
18340 0.666308
18341 0.692672
18342 0.950697
18343 0.766779
18344 0.57177
18345 0.801529
18346 0.857922
18347 0.788704
18348 0.970398
18349 0.72716
18350 0.950735
18351 0.944026
18352 0.858453
18353 0.709937
18354 0.925889
18355 0.923163
18356 0.728554
18357 0.711599
18358 0.721999
18359 0.59385
18360 0.744539
18361 0.732099
18362 0.604761
18363 0.855473
18364 0.851847
18365 0.593484
18366 0.721599
18367 0.782795
18368 0.696503
18369 0.729613
18370 0.671741
18371 0.695732
18372 0.723332
18373 0.692052
18374 0.727494
18375 0.725569
18376 0.769655
18377 0.730498
18378 0.959896
18379 0.717848
18380 0.766195
18381 0.63346
18382 0.957105
18383 0.728975
18384 0.488699
18385 0.661077
18386 0.797475
18387 0.900179
18388 0.777148
18389 0.840768
18390 0.84755
18391 0.738124
18392 0.673622
18393 0.666848
18394 0.825939
18395 0.713005
18396 0.775364
18397 0.811947
18398 0.825044
18399 0.583139
18400 0.885926
18401 0.718408
18402 0.857778
18403 0.673474
18404 0.63269
18405 0.769226
18406 0.747812
18407 0.54
18408 0.750182
18409 0.626855
18410 0.624487
18411 0.489088
18412 0.726798
18413 0.761544
18414 0.725889
18415 0.923809
18416 0.927579
18417 0.959635
18418 0.66271
18419 0.697721
18420 0.683283
18421 0.757156
18422 0.902555
18423 0.947545
18424 0.889929
18425 0.872029
18426 0.687775
18427 0.723321
18428 0.683307
18429 0.766608
18430 0.71793
18431 0.710725
18432 0.702981
18433 0.545198
18434 0.722547
18435 0.968935
18436 0.964716
18437 0.95107
18438 0.752792
18439 0.945476
18440 0.808217
18441 0.955971
18442 0.696434
18443 0.945615
18444 0.935094
18445 0.621132
18446 0.913981
18447 0.970256
18448 0.814319
18449 0.812593
18450 0.964038
18451 0.816923
18452 0.815426
18453 0.726963
18454 0.754986
18455 0.773562
18456 0.793816
18457 0.880149
18458 0.953245
18459 0.822308
18460 0.924202
18461 0.773779
18462 0.774722
18463 0.947014
18464 0.769433
18465 0.686532
18466 0.719611
18467 0.945464
18468 0.716245
18469 0.711962
18470 0.670653
18471 0.814163
18472 0.942882
18473 0.745906
18474 0.902263
18475 0.93421
18476 0.745117
18477 0.918464
18478 0.686601
18479 0.68822
18480 0.949441
18481 0.796454
18482 0.67002
18483 0.674258
18484 0.694384
18485 0.724049
18486 0.716888
18487 0.723529
18488 0.704808
18489 0.705184
18490 0.702416
18491 0.827514
18492 0.961376
18493 0.682612
18494 0.761591
18495 0.656879
18496 0.923096
18497 0.661904
18498 0.653565
18499 0.747105
18500 0.771855
18501 0.905324
18502 0.9621
18503 0.705802
18504 0.723796
18505 0.915031
18506 0.745794
18507 0.875783
18508 0.689433
18509 0.664684
18510 0.646529
18511 0.908526
18512 0.90894
18513 0.746552
18514 0.917482
18515 0.694993
18516 0.669889
18517 0.922338
18518 0.745453
18519 0.706876
18520 0.928404
18521 0.944457
18522 0.95878
18523 0.706706
18524 0.699883
18525 0.721117
18526 0.90119
18527 0.907657
18528 0.959579
18529 0.919744
18530 0.687416
18531 0.726433
18532 0.687971
18533 0.767945
18534 0.707122
18535 0.707128
18536 0.694573
18537 0.751611
18538 0.717914
18539 0.970359
18540 0.948622
18541 0.759669
18542 0.948307
18543 0.807258
18544 0.671582
18545 0.939499
18546 0.921204
18547 0.932592
18548 0.873012
18549 0.941031
18550 0.952634
18551 0.91026
18552 0.960994
18553 0.816514
18554 0.811189
18555 0.95269
18556 0.818246
18557 0.815387
18558 0.729642
18559 0.799623
18560 0.721469
18561 0.751817
18562 0.627943
18563 0.801488
18564 0.772179
18565 0.904446
18566 0.950174
18567 0.929436
18568 0.651868
18569 0.90401
18570 0.776616
18571 0.818315
18572 0.545679
18573 0.947267
18574 0.942414
18575 0.760451
18576 0.946984
18577 0.948421
18578 0.948698
18579 0.817849
18580 0.681041
18581 0.773931
18582 0.712931
18583 0.669622
18584 0.723106
18585 0.747802
18586 0.671977
18587 0.677367
18588 0.690693
18589 0.721509
18590 0.701533
18591 0.697125
18592 0.714868
18593 0.708137
18594 0.827915
18595 0.715211
18596 0.967935
18597 0.687862
18598 0.758381
18599 0.93823
18600 0.656292
18601 0.66371
18602 0.712475
18603 0.724804
18604 0.903779
18605 0.748985
18606 0.671425
18607 0.75781
18608 0.680861
18609 0.660557
18610 0.918213
18611 0.878282
18612 0.778382
18613 0.687913
18614 0.756274
18615 0.905281
18616 0.758816
18617 0.70424
18618 0.754309
18619 0.683611
18620 0.863539
18621 0.947628
18622 0.730716
18623 0.899651
18624 0.733838
18625 0.687359
18626 0.714003
18627 0.68277
18628 0.772346
18629 0.70905
18630 0.736321
18631 0.591965
18632 0.652896
18633 0.965466
18634 0.95591
18635 0.758386
18636 0.94984
18637 0.797815
18638 0.709848
18639 0.951271
18640 0.931938
18641 0.620116
18642 0.908911
18643 0.952621
18644 0.789857
18645 0.802348
18646 0.971647
18647 0.826071
18648 0.813538
18649 0.730373
18650 0.774501
18651 0.863785
18652 0.825527
18653 0.788754
18654 0.857986
18655 0.951624
18656 0.801596
18657 0.882376
18658 0.751185
18659 0.946251
18660 0.950548
18661 0.713635
18662 0.750285
18663 0.643708
18664 0.956682
18665 0.943322
18666 0.72918
18667 0.745688
18668 0.694978
18669 0.931459
18670 0.821389
18671 0.720004
18672 0.768953
18673 0.651084
18674 0.838636
18675 0.839023
18676 0.933193
18677 0.905485
18678 0.729857
18679 0.952713
18680 0.69804
18681 0.71667
18682 0.657349
18683 0.670483
18684 0.722786
18685 0.720264
18686 0.644075
18687 0.688055
18688 0.693235
18689 0.790602
18690 0.966051
18691 0.685365
18692 0.786217
18693 0.687177
18694 0.934286
18695 0.642253
18696 0.65494
18697 0.734324
18698 0.753022
18699 0.921035
18700 0.975983
18701 0.592051
18702 0.69348
18703 0.63167
18704 0.739085
18705 0.652395
18706 0.95411
18707 0.647006
18708 0.778352
18709 0.736277
18710 0.927979
18711 0.956107
18712 0.732865
18713 0.685271
18714 0.809606
18715 0.69015
18716 0.731867
18717 0.889722
18718 0.604087
18719 0.939971
18720 0.816206
18721 0.817012
18722 0.596977
18723 0.846022
18724 0.642008
18725 0.928957
18726 0.870451
18727 0.621772
18728 0.700351
18729 0.700695
18730 0.690153
18731 0.698481
18732 0.70346
18733 0.702051
18734 0.720427
18735 0.951725
18736 0.948637
18737 0.943327
18738 0.953156
18739 0.954074
18740 0.698926
18741 0.965034
18742 0.946405
18743 0.945353
18744 0.948968
18745 0.946802
18746 0.946478
18747 0.942682
18748 0.876357
18749 0.831043
18750 0.941984
18751 0.952225
18752 0.949799
18753 0.953979
18754 0.878279
18755 0.94133
18756 0.942405
18757 0.941808
18758 0.951413
18759 0.837726
18760 0.8555
18761 0.888969
18762 0.951381
18763 0.947716
18764 0.945708
18765 0.861936
18766 0.961884
18767 0.936012
18768 0.895658
18769 0.94779
18770 0.947258
18771 0.950771
18772 0.933193
18773 0.936643
18774 0.946186
18775 0.930235
18776 0.942846
18777 0.844313
18778 0.94658
18779 0.946447
18780 0.944651
18781 0.957018
18782 0.951047
18783 0.934869
18784 0.943609
18785 0.943637
18786 0.835629
18787 0.87954
18788 0.828972
18789 0.942092
18790 0.943927
18791 0.93354
18792 0.840101
18793 0.944011
18794 0.805147
18795 0.945393
18796 0.929963
18797 0.876604
18798 0.800883
18799 0.943076
18800 0.70091
18801 0.701528
18802 0.70274
18803 0.702715
18804 0.69793
18805 0.700046
18806 0.717415
18807 0.710158
18808 0.682868
18809 0.694993
18810 0.716445
18811 0.718113
18812 0.697363
18813 0.695596
18814 0.694457
18815 0.949062
18816 0.945942
18817 0.794532
18818 0.955169
18819 0.950823
18820 0.699672
18821 0.952002
18822 0.95844
18823 0.944634
18824 0.951794
18825 0.788648
18826 0.942916
18827 0.929911
18828 0.942614
18829 0.954435
18830 0.586726
18831 0.82556
18832 0.960554
18833 0.937719
18834 0.94789
18835 0.951821
18836 0.884519
18837 0.807465
18838 0.593285
18839 0.807575
18840 0.946875
18841 0.819393
18842 0.950914
18843 0.947366
18844 0.618875
18845 0.639895
18846 0.830182
18847 0.943518
18848 0.963625
18849 0.944319
18850 0.944602
18851 0.963115
18852 0.594997
18853 0.945705
18854 0.943659
18855 0.935408
18856 0.896683
18857 0.832819
18858 0.61009
18859 0.723884
18860 0.72335
18861 0.943422
18862 0.967536
18863 0.911154
18864 0.863334
18865 0.957394
18866 0.982602
18867 0.939555
18868 0.947274
18869 0.922706
18870 0.751949
18871 0.945687
18872 0.927725
18873 0.848541
18874 0.959071
18875 0.8615
18876 0.961493
18877 0.915749
18878 0.632839
18879 0.621816
18880 0.70592
18881 0.724011
18882 0.707195
18883 0.708893
18884 0.691244
18885 0.713249
18886 0.678867
18887 0.707534
18888 0.640752
18889 0.602016
18890 0.8073
18891 0.778431
18892 0.614062
18893 0.764232
18894 0.835788
18895 0.611868
18896 0.681258
18897 0.608857
18898 0.789415
18899 0.766047
18900 0.549375
18901 0.761564
18902 0.849175
18903 0.594864
18904 0.699366
18905 0.701603
18906 0.693928
18907 0.686123
18908 0.684914
18909 0.698672
18910 0.732737
18911 0.946465
18912 0.949166
18913 0.84395
18914 0.950425
18915 0.95161
18916 0.710369
18917 0.964472
18918 0.948636
18919 0.943607
18920 0.95622
18921 0.948003
18922 0.958003
18923 0.946113
18924 0.942898
18925 0.8699
18926 0.834128
18927 0.941386
18928 0.964547
18929 0.949595
18930 0.954407
18931 0.88102
18932 0.937743
18933 0.944133
18934 0.974982
18935 0.807608
18936 0.9454
18937 0.959959
18938 0.945192
18939 0.858001
18940 0.906027
18941 0.948542
18942 0.911245
18943 0.96964
18944 0.939375
18945 0.814804
18946 0.949981
18947 0.875378
18948 0.931186
18949 0.936934
18950 0.809084
18951 0.941955
18952 0.941678
18953 0.944523
18954 0.972176
18955 0.852002
18956 0.812062
18957 0.651511
18958 0.629168
18959 0.59574
18960 0.807178
18961 0.828776
18962 0.587843
18963 0.90513
18964 0.953651
18965 0.933553
18966 0.967206
18967 0.939702
18968 0.828746
18969 0.942558
18970 0.872196
18971 0.945435
18972 0.931173
18973 0.925211
18974 0.81414
18975 0.92255
18976 0.701238
18977 0.703125
18978 0.702995
18979 0.719312
18980 0.71344
18981 0.735474
18982 0.698595
18983 0.710018
18984 0.663844
18985 0.802716
18986 0.715376
18987 0.617153
18988 0.588781
18989 0.576472
18990 0.789167
18991 0.730861
18992 0.711049
18993 0.709744
18994 0.702875
18995 0.729091
18996 0.715706
18997 0.719882
18998 0.710097
18999 0.721636
19000 0.691434
19001 0.973486
19002 0.951506
19003 0.770635
19004 0.949562
19005 0.944024
19006 0.706114
19007 0.968278
19008 0.957196
19009 0.930675
19010 0.974535
19011 0.765364
19012 0.710308
19013 0.95076
19014 0.946631
19015 0.906298
19016 0.590138
19017 0.822026
19018 0.938767
19019 0.549413
19020 0.7776
19021 0.666843
19022 0.684302
19023 0.880123
19024 0.73601
19025 0.879991
19026 0.522684
19027 0.844413
19028 0.849775
19029 0.96496
19030 0.93063
19031 0.827888
19032 0.59698
19033 0.950697
19034 0.945221
19035 0.896536
19036 0.693605
19037 0.93579
19038 0.938068
19039 0.883057
19040 0.94761
19041 0.741222
19042 0.940049
19043 0.942847
19044 0.843473
19045 0.787431
19046 0.939914
19047 0.811666
19048 0.967333
19049 0.812173
19050 0.690015
19051 0.934203
19052 0.799674
19053 0.730928
19054 0.925975
19055 0.940418
19056 0.942322
19057 0.943108
19058 0.914683
19059 0.83209
19060 0.760981
19061 0.694845
19062 0.69806
19063 0.719402
19064 0.715132
19065 0.846674
19066 0.679521
19067 0.699699
19068 0.710532
19069 0.704545
19070 0.800981
19071 0.856484
19072 0.7237
19073 0.850581
19074 0.783631
19075 0.648592
19076 0.824178
19077 0.914219
19078 0.656496
19079 0.511812
19080 0.837319
19081 0.751842
19082 0.666819
19083 0.802586
19084 0.774476
19085 0.519509
19086 0.927178
19087 0.726667
19088 0.939586
19089 0.677361
19090 0.738291
19091 0.929328
19092 0.654489
19093 0.894096
19094 0.68444
19095 0.947866
19096 0.754151
19097 0.773193
19098 0.832764
19099 0.820591
19100 0.841123
19101 0.636526
19102 0.908093
19103 0.804599
19104 0.849142
19105 0.866233
19106 0.901713
19107 0.757568
19108 0.829787
19109 0.925306
19110 0.70747
19111 0.705971
19112 0.673976
19113 0.732228
19114 0.693941
19115 0.714224
19116 0.706434
19117 0.852813
19118 0.968291
19119 0.961366
19120 0.954258
19121 0.693654
19122 0.961887
19123 0.953484
19124 0.931567
19125 0.947487
19126 0.955536
19127 0.775679
19128 0.72689
19129 0.950744
19130 0.945167
19131 0.953931
19132 0.630217
19133 0.956634
19134 0.948013
19135 0.952144
19136 0.967205
19137 0.7965
19138 0.635869
19139 0.971474
19140 0.952316
19141 0.949844
19142 0.953196
19143 0.960018
19144 0.949025
19145 0.865618
19146 0.933788
19147 0.959177
19148 0.946893
19149 0.962386
19150 0.658656
19151 0.970308
19152 0.853662
19153 0.949507
19154 0.947673
19155 0.758887
19156 0.900858
19157 0.62844
19158 0.948621
19159 0.946573
19160 0.876452
19161 0.854038
19162 0.939577
19163 0.626943
19164 0.654724
19165 0.882744
19166 0.877223
19167 0.774734
19168 0.767533
19169 0.965669
19170 0.957476
19171 0.896382
19172 0.97315
19173 0.961356
19174 0.969996
19175 0.947401
19176 0.91243
19177 0.858892
19178 0.943775
19179 0.953673
19180 0.961034
19181 0.913552
19182 0.687163
19183 0.708785
19184 0.710347
19185 0.711152
19186 0.716096
19187 0.707846
19188 0.733267
19189 0.715061
19190 0.666705
19191 0.624638
19192 0.787378
19193 0.797255
19194 0.654423
19195 0.791356
19196 0.766459
19197 0.613308
19198 0.767351
19199 0.668265
19200 0.730665
19201 0.646046
19202 0.70702
19203 0.708361
19204 0.721327
19205 0.689136
19206 0.709684
19207 0.68483
19208 0.7199
19209 0.94407
19210 0.857413
19211 0.956867
19212 0.962267
19213 0.953276
19214 0.697148
19215 0.972456
19216 0.975003
19217 0.953848
19218 0.838411
19219 0.969803
19220 0.951224
19221 0.944082
19222 0.968519
19223 0.871261
19224 0.950789
19225 0.960686
19226 0.962384
19227 0.947682
19228 0.951728
19229 0.783225
19230 0.97119
19231 0.799771
19232 0.943313
19233 0.954077
19234 0.945588
19235 0.975542
19236 0.937753
19237 0.889911
19238 0.7913
19239 0.651667
19240 0.796622
19241 0.975154
19242 0.940893
19243 0.906249
19244 0.888702
19245 0.939395
19246 0.945995
19247 0.939922
19248 0.939337
19249 0.944521
19250 0.785739
19251 0.673275
19252 0.653042
19253 0.83017
19254 0.88888
19255 0.625382
19256 0.882872
19257 0.831763
19258 0.951906
19259 0.938111
19260 0.945095
19261 0.964092
19262 0.950267
19263 0.850578
19264 0.895304
19265 0.950711
19266 0.937905
19267 0.798668
19268 0.967998
19269 0.616719
19270 0.949299
19271 0.611669
19272 0.956208
19273 0.964953
19274 0.734827
19275 0.731285
19276 0.711747
19277 0.710397
19278 0.715071
19279 0.723467
19280 0.720816
19281 0.725678
19282 0.615979
19283 0.630838
19284 0.778618
19285 0.748691
19286 0.60642
19287 0.749801
19288 0.732063
19289 0.635259
19290 0.637359
19291 0.620681
19292 0.795911
19293 0.743289
19294 0.70888
19295 0.707212
19296 0.706048
19297 0.733335
19298 0.709368
19299 0.716609
19300 0.726876
19301 0.85946
19302 0.970002
19303 0.962064
19304 0.954211
19305 0.706445
19306 0.964824
19307 0.969403
19308 0.935137
19309 0.948645
19310 0.955622
19311 0.775116
19312 0.732827
19313 0.951327
19314 0.944506
19315 0.968511
19316 0.626166
19317 0.96984
19318 0.96087
19319 0.947868
19320 0.951208
19321 0.78705
19322 0.639262
19323 0.865839
19324 0.952193
19325 0.951856
19326 0.950497
19327 0.639747
19328 0.960623
19329 0.938168
19330 0.969538
19331 0.938692
19332 0.620243
19333 0.973491
19334 0.948456
19335 0.871655
19336 0.965535
19337 0.939588
19338 0.945977
19339 0.813835
19340 0.893224
19341 0.957201
19342 0.940267
19343 0.939375
19344 0.833192
19345 0.825986
19346 0.929447
19347 0.631179
19348 0.628608
19349 0.817743
19350 0.87078
19351 0.775971
19352 0.80951
19353 0.973942
19354 0.940814
19355 0.904217
19356 0.97356
19357 0.956961
19358 0.953747
19359 0.951914
19360 0.903141
19361 0.862135
19362 0.943767
19363 0.953117
19364 0.94547
19365 0.907797
19366 0.687378
19367 0.709544
19368 0.709827
19369 0.710437
19370 0.73175
19371 0.684775
19372 0.736512
19373 0.708383
19374 0.666508
19375 0.624699
19376 0.783415
19377 0.794855
19378 0.67915
19379 0.798559
19380 0.752597
19381 0.614666
19382 0.749122
19383 0.629827
19384 0.729215
19385 0.619072
19386 0.707737
19387 0.707505
19388 0.709378
19389 0.689539
19390 0.705682
19391 0.688123
19392 0.721222
19393 0.851598
19394 0.959235
19395 0.960642
19396 0.953441
19397 0.711427
19398 0.977198
19399 0.956632
19400 0.950826
19401 0.887129
19402 0.951685
19403 0.839472
19404 0.970201
19405 0.951718
19406 0.94317
19407 0.965806
19408 0.874609
19409 0.959714
19410 0.672069
19411 0.961344
19412 0.948524
19413 0.951656
19414 0.787307
19415 0.970596
19416 0.795624
19417 0.944454
19418 0.952758
19419 0.944009
19420 0.972217
19421 0.93674
19422 0.608089
19423 0.891116
19424 0.953524
19425 0.950115
19426 0.951801
19427 0.865993
19428 0.635169
19429 0.777068
19430 0.946384
19431 0.672882
19432 0.890766
19433 0.76016
19434 0.86243
19435 0.940382
19436 0.946028
19437 0.627839
19438 0.950034
19439 0.948591
19440 0.905781
19441 0.956661
19442 0.797187
19443 0.968511
19444 0.794713
19445 0.622285
19446 0.957039
19447 0.96461
19448 0.943126
19449 0.957461
19450 0.953423
19451 0.955135
19452 0.879558
19453 0.949839
19454 0.85428
19455 0.948487
19456 0.8848
19457 0.94264
19458 0.735822
19459 0.731496
19460 0.708774
19461 0.709034
19462 0.711107
19463 0.722844
19464 0.694006
19465 0.704637
19466 0.680949
19467 0.753612
19468 0.725992
19469 0.634344
19470 0.752135
19471 0.612124
19472 0.644044
19473 0.732315
19474 0.642607
19475 0.796647
19476 0.631416
19477 0.752283
19478 0.73157
19479 0.731193
19480 0.730308
19481 0.731725
19482 0.734193
19483 0.731695
19484 0.731279
19485 0.733531
19486 0.732028
19487 0.731957
19488 0.729775
19489 0.733887
19490 0.729598
19491 1
19492 0.999987
19493 0.999997
19494 0.999993
19495 0.999973
19496 0.999992
19497 0.999986
19498 0.999982
19499 0.731752
19500 0.730872
19501 0.731176
19502 0.732531
19503 0.732904
19504 0.729883
19505 0.732376
19506 0.732405
19507 0.730539
19508 0.733783
19509 0.732807
19510 0.732068
19511 0.734316
19512 0.734458
19513 0.730192
19514 0.731412
19515 0.730324
19516 0.733837
19517 0.735028
19518 0.731929
19519 0.732004
19520 0.731567
19521 0.736804
19522 0.7306
19523 0.73195
19524 0.732363
19525 0.731762
19526 0.732106
19527 0.731218
19528 0.730168
19529 0.732165
19530 0.736743
19531 1
19532 0.999936
19533 0.999995
19534 0.999999
19535 0.999941
19536 0.999995
19537 0.999928
19538 0.730962
19539 0.999934
19540 0.732573
19541 0.731616
19542 0.732172
19543 0.732097
19544 0.727179
19545 0.733491
19546 0.732151
19547 0.732533
19548 0.732229
19549 0.731994
19550 0.731729
19551 0.727236
19552 0.733926
19553 0.731788
19554 0.734815
19555 0.735694
19556 0.729589
19557 0.729765
19558 0.731573
19559 0.732056
19560 0.732264
19561 0.731041
19562 0.736479
19563 0.731723
19564 0.73189
19565 0.729476
19566 0.73187
19567 0.731894
19568 0.729681
19569 0.735859
19570 0.999999
19571 0.999948
19572 0.731245
19573 0.999999
19574 0.999999
19575 0.99993
19576 0.999998
19577 0.999929
19578 0.732939
19579 0.999951
19580 0.730572
19581 0.732601
19582 0.732527
19583 0.732042
19584 0.727517
19585 0.733057
19586 0.732378
19587 0.731837
19588 0.734516
19589 0.732232
19590 0.732209
19591 0.732853
19592 0.734297
19593 0.728123
19594 0.732997
19595 0.728027
19596 0.735602
19597 0.731604
19598 0.732348
19599 0.732239
19600 0.732309
19601 0.732458
19602 0.731121
19603 0.731983
19604 0.731331
19605 0.731777
19606 0.732067
19607 0.732957
19608 0.731862
19609 0.731961
19610 0.999999
19611 0.999998
19612 0.732091
19613 1
19614 0.999998
19615 0.999999
19616 0.999999
19617 0.999996
19618 0.999997
19619 0.732299
19620 0.731264
19621 0.732472
19622 0.731752
19623 0.731862
19624 0.732979
19625 0.731643
19626 0.732118
19627 0.732321
19628 0.73179
19629 0.732768
19630 0.732034
19631 0.732237
19632 0.732008
19633 0.732133
19634 0.732622
19635 0.731137
19636 0.73163
19637 0.732011
19638 0.731976
19639 0.732913
19640 0.732131
19641 0.732471
19642 0.732083
19643 0.731927
19644 0.732158
19645 0.731672
19646 0.731687
19647 0.731912
19648 0.731433
19649 0.731811
19650 1
19651 1
19652 0.732962
19653 0.999998
19654 1
19655 0.999998
19656 0.999998
19657 1
19658 0.732543
19659 0.999997
19660 0.731909
19661 0.732651
19662 0.732125
19663 0.731184
19664 0.73163
19665 0.732018
19666 0.732175
19667 0.732428
19668 0.73197
19669 0.731943
19670 0.732411
19671 0.732663
19672 0.731136
19673 0.732289
19674 0.731785
19675 0.731444
19676 0.732195
19677 0.731964
19678 0.731879
19679 0.731974
19680 0.732594
19681 0.730775
19682 0.733889
19683 0.731759
19684 0.731138
19685 0.731703
19686 0.73191
19687 0.732068
19688 0.731076
19689 0.733575
19690 1
19691 0.999993
19692 0.731388
19693 0.999995
19694 1
19695 0.999991
19696 0.999995
19697 0.99999
19698 0.999984
19699 0.73104
19700 0.731811
19701 0.732641
19702 0.732222
19703 0.732126
19704 0.7302
19705 0.733319
19706 0.732342
19707 0.731506
19708 0.732385
19709 0.732191
19710 0.732954
19711 0.732701
19712 0.732995
19713 0.730509
19714 0.733427
19715 0.731454
19716 0.732025
19717 0.73191
19718 0.731554
19719 0.73251
19720 0.734443
19721 0.736631
19722 0.732751
19723 0.731297
19724 0.729967
19725 0.727456
19726 0.732166
19727 0.73187
19728 0.734691
19729 0.726258
19730 0.736303
19731 0.999998
19732 0.999916
19733 0.999989
19734 0.999993
19735 0.999856
19736 0.999989
19737 0.999919
19738 0.731461
19739 0.999896
19740 0.735348
19741 0.732372
19742 0.732546
19743 0.731587
19744 0.727301
19745 0.731333
19746 0.732802
19747 0.729641
19748 0.736464
19749 0.73192
19750 0.734116
19751 0.727559
19752 0.729379
19753 0.737706
19754 0.733051
19755 0.736196
19756 0.73116
19757 0.72466
19758 0.73171
19759 0.731935
19760 0.730935
19761 0.731812
19762 0.732838
19763 0.731769
19764 0.730819
19765 0.731049
19766 0.731429
19767 0.73248
19768 0.731054
19769 0.730708
19770 0.730361
19771 1
19772 0.999997
19773 0.999999
19774 0.999993
19775 0.999989
19776 0.999993
19777 0.999996
19778 0.730418
19779 0.999996
19780 0.731872
19781 0.732265
19782 0.732391
19783 0.732165
19784 0.731258
19785 0.73229
19786 0.732333
19787 0.733047
19788 0.733156
19789 0.733272
19790 0.732671
19791 0.733039
19792 0.733732
19793 0.733389
19794 0.731135
19795 0.732257
19796 0.731183
19797 0.734763
